time,sno,bikes,ebikes,empty,status,age
00:00:00,501201001,0,0,0,2,0
00:00:00,501201002,7,2,32,1,0
00:00:00,501201003,1,0,22,1,0
00:00:00,501201004,4,0,11,1,0
00:00:00,501201005,5,0,14,1,0
00:00:00,501201006,12,1,16,1,0
00:00:00,501201007,5,0,14,1,0
00:00:00,501201008,5,0,20,1,0
00:00:00,501201010,3,1,7,1,0
00:00:00,501201011,5,1,17,1,0
00:00:00,501201012,9,0,29,1,0
00:00:00,501201013,9,0,12,1,0
00:00:00,501201014,9,0,9,1,0
00:00:00,501201015,17,0,8,1,0
00:00:00,501201016,8,0,16,1,0
00:00:00,501201017,11,0,15,1,0
00:00:00,501201018,5,0,18,1,0
00:00:00,501201019,4,0,24,1,0
00:00:00,501201020,2,0,22,1,0
00:00:00,501201021,11,0,3,1,0
00:00:00,501201022,8,0,8,1,0
00:00:00,501201023,4,1,24,1,0
00:00:00,501201024,3,1,21,1,0
00:00:00,501201025,6,1,18,1,0
00:00:00,501201026,3,0,16,1,0
00:00:00,501201028,12,1,8,1,0
00:00:00,501201029,6,0,6,1,0
00:00:00,501201030,3,1,12,1,0
00:00:00,501201031,4,1,13,1,0
00:00:00,501202001,7,0,7,1,0
00:00:00,501202003,7,1,33,1,0
00:00:00,501202013,5,0,12,1,0
00:00:00,501202023,9,1,6,1,0
00:00:00,501202024,2,1,13,1,0
00:00:00,501202034,13,0,3,1,0
00:00:00,501202035,10,0,20,1,0
00:00:00,501202036,18,1,20,1,0
00:00:00,501202040,6,0,39,1,0
00:00:00,501202043,21,0,4,1,0
00:00:00,501202044,0,0,0,2,0
00:00:00,501202047,9,0,13,1,0
00:00:00,501202050,9,2,6,1,0
00:00:00,501202055,13,2,2,1,0
00:00:00,501202058,5,0,10,1,0
00:00:00,501202065,0,0,14,1,0
00:00:00,501202068,3,0,15,1,0
00:00:00,501202070,5,2,11,1,0
00:00:00,501202078,17,1,8,1,0
00:00:00,501202080,14,0,12,1,0
00:00:00,501202081,9,1,14,1,0
00:00:00,501202082,7,0,16,1,0
00:00:00,501202083,24,6,0,1,0
00:00:00,501202084,14,0,10,1,0
00:00:00,501202085,12,1,23,1,0
00:00:00,501202088,6,2,24,1,0
00:00:00,501202089,1,0,28,1,0
00:00:00,501202096,4,1,11,1,0
00:00:00,501203001,2,0,18,1,0
00:00:00,501203002,0,0,21,1,0
00:00:00,501203003,2,1,92,1,0
00:00:00,501203005,7,2,13,1,0
00:00:00,501203006,2,0,13,1,0
00:00:00,501203007,9,0,6,1,0
00:00:00,501203008,14,2,2,1,0
00:00:00,501203010,26,2,7,1,0
00:00:00,501203011,21,7,17,1,0
00:00:00,501203012,6,2,11,1,0
00:00:00,501203013,6,3,18,1,0
00:00:00,501203015,8,2,4,1,0
00:00:00,501203020,0,0,19,1,0
00:00:00,501203022,2,1,17,1,0
00:00:00,501203023,7,1,11,1,0
00:00:00,501203028,13,0,12,1,0
00:00:00,501203040,2,1,22,1,0
00:00:00,501203045,11,2,7,1,0
00:00:00,501203050,35,0,25,1,0
00:00:00,501203051,16,1,7,1,0
00:00:00,501203053,2,0,24,1,0
00:00:00,501203054,4,0,17,1,0
00:00:00,501203064,5,0,11,1,0
00:00:00,501203065,13,4,2,1,0
00:00:00,501203070,9,1,6,1,0
00:00:00,501203073,6,0,18,1,0
00:00:00,501203076,7,0,8,1,0
00:00:00,501203078,7,0,9,1,0
00:00:00,501203080,8,0,6,1,0
00:00:00,501203084,9,0,2,1,0
00:00:00,501203085,5,0,5,1,0
00:00:00,501203088,7,0,7,1,0
00:00:00,501203089,7,3,5,1,0
00:00:00,501203090,2,1,8,1,0
00:00:00,501203091,7,0,6,1,0
00:00:00,501203092,8,0,12,1,0
00:00:00,501203100,5,0,14,1,0
00:00:00,501203101,0,0,0,2,0
00:00:00,501203102,5,0,14,1,0
00:00:00,501203104,12,2,6,1,0
00:00:00,501203105,3,0,7,1,0
00:00:00,501203107,0,0,0,2,0
00:00:00,501203109,13,2,13,1,0
00:00:00,501203110,14,0,26,1,0
00:00:00,501203111,9,0,2,1,0
00:00:00,501203113,5,1,14,1,0
00:00:00,501203114,13,4,37,1,0
00:00:00,501203117,0,0,0,2,0
00:00:00,501203118,12,0,8,1,0
00:00:00,501203121,24,1,0,1,0
00:00:00,501203122,12,0,8,1,0
00:00:00,501203125,16,0,9,1,0
00:00:00,501203131,16,1,4,1,0
00:00:00,501203140,3,0,39,1,0
00:00:00,501203141,13,3,2,1,0
00:00:00,501203142,3,1,33,1,0
00:00:00,501203145,8,1,7,1,0
00:00:00,501203151,16,0,2,1,0
00:00:00,501203155,8,3,11,1,0
00:00:00,501203157,1,1,16,1,0
00:00:00,501203159,5,1,15,1,0
00:00:00,501203161,1,0,18,1,0
00:00:00,501203162,10,0,11,1,0
00:00:00,501203163,7,1,9,1,0
00:00:00,501204001,12,0,13,1,0
00:00:00,501204002,15,0,21,1,0
00:00:00,501204003,0,0,44,1,0
00:00:00,501204004,0,0,14,1,0
00:00:00,501204005,16,5,4,1,0
00:00:00,501204007,2,0,34,1,0
00:00:00,501204008,0,0,15,1,0
00:00:00,501204009,0,0,0,2,0
00:00:00,501204010,0,0,0,2,0
00:00:00,501204011,6,2,9,1,0
00:00:00,501204012,4,0,10,1,0
00:00:00,501204013,11,2,2,1,0
00:00:00,501204014,5,0,11,1,0
00:00:00,501204015,12,0,3,1,0
00:00:00,501204016,3,0,17,1,0
00:00:00,501204017,5,0,10,1,0
00:00:00,501204018,8,0,16,1,0
00:00:00,501204020,1,0,19,1,0
00:00:00,501204021,11,0,9,1,0
00:00:00,501204022,8,0,8,1,0
00:00:00,501204023,14,2,1,1,0
00:00:00,501204024,0,0,0,2,0
00:00:00,501204025,13,0,7,1,0
00:00:00,501205001,7,1,10,1,0
00:00:00,501205003,6,0,13,1,0
00:00:00,501205004,8,3,8,1,0
00:00:00,501205005,9,0,13,1,0
00:00:00,501205006,17,0,3,1,0
00:00:00,501205007,5,0,7,1,0
00:00:00,501205008,7,1,19,1,0
00:00:00,501205009,21,0,24,1,0
00:00:00,501205010,5,1,8,1,0
00:00:00,501205011,4,0,28,1,0
00:00:00,501205012,7,0,13,1,0
00:00:00,501205013,5,1,16,1,0
00:00:00,501205014,19,6,4,1,0
00:00:00,501205015,5,2,13,1,0
00:00:00,501205018,2,0,16,1,0
00:00:00,501205019,1,0,27,1,0
00:00:00,501205020,6,1,24,1,0
00:00:00,501205021,9,0,6,1,0
00:00:00,501205022,7,1,8,1,0
00:00:00,501205023,10,0,5,1,0
00:00:00,501205025,16,0,12,1,0
00:00:00,501205026,2,0,17,1,0
00:00:00,501205027,7,0,3,1,0
00:00:00,501205028,12,2,2,1,0
00:00:00,501205029,4,1,6,1,0
00:00:00,501205030,2,0,8,1,0
00:00:00,501205033,5,0,10,1,0
00:00:00,501205034,9,2,19,1,0
00:00:00,501205035,8,1,8,1,0
00:00:00,501205036,6,1,9,1,0
00:00:00,501205037,9,1,6,1,0
00:00:00,501205038,9,2,11,1,0
00:00:00,501205039,6,0,14,1,0
00:00:00,501205040,20,1,5,1,0
00:00:00,501205041,12,0,5,1,0
00:00:00,501205042,3,0,26,1,0
00:00:00,501208011,15,0,22,1,0
00:00:00,501208013,32,2,21,1,0
00:00:00,501208014,10,0,28,1,0
00:00:00,501208015,8,0,7,1,0
00:00:00,501208018,12,1,3,1,0
00:00:00,501208021,2,0,15,1,0
00:00:00,501208027,2,0,28,1,0
00:00:00,501208029,12,1,9,1,0
00:00:00,501208030,15,0,23,1,0
00:00:00,501208032,21,0,7,1,0
00:00:00,501208040,5,1,14,1,0
00:00:00,501208041,0,0,15,1,0
00:00:00,501208045,5,0,27,1,0
00:00:00,501208051,9,1,27,1,0
00:00:00,501208053,20,0,1,1,0
00:00:00,501208054,1,0,27,1,0
00:00:00,501208059,4,0,25,1,0
00:00:00,501208064,1,0,19,1,0
00:00:00,501208077,10,3,0,1,0
00:00:00,501208079,1,0,21,1,0
00:00:00,501208082,4,0,5,1,0
00:00:00,501208085,13,1,2,1,0
00:00:00,501208087,4,0,27,1,0
00:00:00,501208089,18,0,7,1,0
00:00:00,501208091,2,1,41,1,0
00:00:00,501208111,9,3,6,1,0
00:00:00,501208113,4,0,16,1,0
00:00:00,501208114,8,0,12,1,0
00:00:00,501208129,2,0,20,1,0
00:00:00,501208130,7,0,6,1,0
00:00:00,501209002,12,1,8,1,0
00:00:00,501209003,9,0,4,1,0
00:00:00,501209004,6,2,9,1,0
00:00:00,501209005,1,1,17,1,0
00:00:00,501209006,9,1,7,1,0
00:00:00,501209007,10,2,5,1,0
00:00:00,501209009,0,0,0,2,0
00:00:00,501209010,10,2,3,1,0
00:00:00,501209011,1,1,24,1,0
00:00:00,501209014,5,2,7,1,0
00:00:00,501209015,11,1,4,1,0
00:00:00,501209016,13,0,15,1,0
00:00:00,501209017,9,0,3,1,0
00:00:00,501209018,9,0,8,1,0
00:00:00,501209019,6,0,17,1,0
00:00:00,501209020,3,1,29,1,0
00:00:00,501209021,11,2,2,1,0
00:00:00,501209022,1,0,9,1,0
00:00:00,501209023,3,0,39,1,0
00:00:00,501209024,5,2,37,1,0
00:00:00,501209025,3,1,12,1,0
00:00:00,501209026,11,1,15,1,0
00:00:00,501209027,6,0,12,1,0
00:00:00,501209028,9,2,19,1,0
00:00:00,501209030,9,0,9,1,0
00:00:00,501209031,4,0,26,1,0
00:00:00,501209032,4,2,24,1,0
00:00:00,501209033,4,1,16,1,0
00:00:00,501209034,7,1,8,1,0
00:00:00,501209035,1,0,27,1,0
00:00:00,501209036,5,1,26,1,0
00:00:00,501209037,16,1,19,1,0
00:00:00,501209038,10,0,6,1,0
00:00:00,501209039,4,0,26,1,0
00:00:00,501209040,3,0,28,1,0
00:00:00,501209042,6,1,14,1,0
00:00:00,501209043,14,1,11,1,0
00:00:00,501209044,9,3,6,1,0
00:00:00,501209045,0,0,15,1,0
00:00:00,501209046,7,1,15,1,0
00:00:00,501209047,9,2,5,1,0
00:00:00,501209049,1,0,19,1,0
00:00:00,501209050,10,1,3,1,0
00:00:00,501209051,14,2,10,1,0
00:00:00,501209052,4,3,18,1,0
00:00:00,501209053,5,1,15,1,0
00:00:00,501209054,14,2,13,1,0
00:00:00,501209056,10,0,5,1,0
00:00:00,501209058,9,2,7,1,0
00:00:00,501209059,1,0,14,1,0
00:00:00,501209060,6,0,14,1,0
00:00:00,501209062,6,0,9,1,0
00:00:00,501209064,10,4,5,1,0
00:00:00,501209065,1,0,14,1,0
00:00:00,501209066,14,1,0,1,0
00:00:00,501209067,7,1,8,1,0
00:00:00,501209068,7,1,10,1,0
00:00:00,501209069,3,0,60,1,0
00:00:00,501209070,16,1,1,1,0
00:00:00,501209071,6,0,11,1,0
00:00:00,501209073,8,1,7,1,0
00:00:00,501209074,12,1,11,1,0
00:00:00,501209075,14,2,2,1,0
00:00:00,501209076,0,0,23,1,0
00:00:00,501209077,9,1,6,1,0
00:00:00,501209078,6,3,7,1,0
00:00:00,501209079,0,0,25,1,0
00:00:00,501209080,3,0,23,1,0
00:00:00,501209081,8,0,7,1,0
00:00:00,501209084,13,0,10,1,0
00:00:00,501209085,2,0,26,1,0
00:00:00,501209087,2,0,36,1,0
00:00:00,501209088,6,0,9,1,0
00:00:00,501209089,14,0,5,1,0
00:00:00,501209090,8,0,6,1,0
00:00:00,501209091,2,1,14,1,0
00:00:00,501209092,12,1,3,1,0
00:00:00,501209093,0,0,15,1,0
00:00:00,501209094,3,0,13,1,0
00:00:00,501209095,10,1,4,1,0
00:00:00,501209096,13,2,2,1,0
00:00:00,501209097,1,1,14,1,0
00:00:00,501209098,7,0,8,1,0
00:00:00,501209099,1,0,18,1,0
00:00:00,501209100,13,3,2,1,0
00:00:00,501209101,6,0,9,1,0
00:00:00,501209102,9,1,11,1,0
00:00:00,501209104,5,1,12,1,0
00:00:00,501209105,21,2,5,1,0
00:00:00,501209106,10,0,10,1,0
00:00:00,501211001,18,4,19,1,0
00:00:00,501211002,6,0,9,1,0
00:00:00,501211004,10,2,5,1,0
00:00:00,501211005,5,1,14,1,0
00:00:00,501211006,12,2,4,1,0
00:00:00,501211007,14,0,5,1,0
00:00:00,501211009,5,0,13,1,0
00:00:00,501211011,20,6,10,1,0
00:00:00,501211012,6,2,12,1,0
00:10:00,501201001,0,0,0,2,0
00:10:00,501201002,8,2,31,1,0
00:10:00,501201003,1,0,22,1,0
00:10:00,501201004,5,0,10,1,0
00:10:00,501201005,5,0,14,1,0
00:10:00,501201006,12,1,16,1,0
00:10:00,501201007,5,0,14,1,0
00:10:00,501201008,5,0,20,1,0
00:10:00,501201010,3,1,7,1,0
00:10:00,501201011,5,1,17,1,0
00:10:00,501201012,9,0,29,1,0
00:10:00,501201013,9,0,12,1,0
00:10:00,501201014,9,0,9,1,0
00:10:00,501201015,17,0,8,1,0
00:10:00,501201016,8,0,16,1,0
00:10:00,501201017,12,0,14,1,0
00:10:00,501201018,5,0,18,1,0
00:10:00,501201019,4,0,24,1,0
00:10:00,501201020,2,0,22,1,0
00:10:00,501201021,11,0,3,1,0
00:10:00,501201022,8,0,8,1,0
00:10:00,501201023,4,1,24,1,0
00:10:00,501201024,4,1,20,1,0
00:10:00,501201025,6,1,18,1,0
00:10:00,501201026,3,0,16,1,0
00:10:00,501201028,13,2,7,1,0
00:10:00,501201029,6,0,6,1,0
00:10:00,501201030,3,1,12,1,0
00:10:00,501201031,4,1,13,1,0
00:10:00,501202001,7,0,7,1,0
00:10:00,501202003,7,0,33,1,0
00:10:00,501202013,5,0,12,1,0
00:10:00,501202023,9,1,6,1,0
00:10:00,501202024,2,1,13,1,0
00:10:00,501202034,14,1,2,1,0
00:10:00,501202035,10,0,20,1,0
00:10:00,501202036,17,0,21,1,0
00:10:00,501202040,6,0,39,1,0
00:10:00,501202043,21,0,4,1,0
00:10:00,501202044,0,0,0,2,0
00:10:00,501202047,9,0,13,1,0
00:10:00,501202050,10,2,5,1,0
00:10:00,501202055,11,0,4,1,0
00:10:00,501202058,4,0,11,1,0
00:10:00,501202065,3,0,11,1,0
00:10:00,501202068,4,0,14,1,0
00:10:00,501202070,5,2,11,1,0
00:10:00,501202078,17,1,8,1,0
00:10:00,501202080,14,0,12,1,0
00:10:00,501202081,7,0,16,1,0
00:10:00,501202082,7,0,16,1,0
00:10:00,501202083,24,6,0,1,0
00:10:00,501202084,13,0,11,1,0
00:10:00,501202085,12,1,23,1,0
00:10:00,501202088,6,2,24,1,0
00:10:00,501202089,1,0,28,1,0
00:10:00,501202096,5,1,10,1,0
00:10:00,501203001,2,0,18,1,0
00:10:00,501203002,1,1,20,1,0
00:10:00,501203003,2,1,92,1,0
00:10:00,501203005,7,2,13,1,0
00:10:00,501203006,2,0,13,1,0
00:10:00,501203007,9,0,6,1,0
00:10:00,501203008,14,2,2,1,0
00:10:00,501203010,26,2,7,1,0
00:10:00,501203011,21,7,17,1,0
00:10:00,501203012,6,2,11,1,0
00:10:00,501203013,6,3,18,1,0
00:10:00,501203015,8,2,4,1,0
00:10:00,501203020,0,0,19,1,0
00:10:00,501203022,1,1,18,1,0
00:10:00,501203023,6,0,12,1,0
00:10:00,501203028,12,0,13,1,0
00:10:00,501203040,2,1,22,1,0
00:10:00,501203045,12,2,6,1,0
00:10:00,501203050,34,1,26,1,0
00:10:00,501203051,16,1,7,1,0
00:10:00,501203053,2,0,24,1,0
00:10:00,501203054,4,0,17,1,0
00:10:00,501203064,5,0,11,1,0
00:10:00,501203065,13,4,2,1,0
00:10:00,501203070,9,1,6,1,0
00:10:00,501203073,6,0,18,1,0
00:10:00,501203076,7,0,8,1,0
00:10:00,501203078,7,0,9,1,0
00:10:00,501203080,8,0,6,1,0
00:10:00,501203084,9,0,2,1,0
00:10:00,501203085,5,0,5,1,0
00:10:00,501203088,7,0,7,1,0
00:10:00,501203089,7,3,5,1,0
00:10:00,501203090,2,1,8,1,0
00:10:00,501203091,7,0,6,1,0
00:10:00,501203092,7,0,13,1,0
00:10:00,501203100,6,1,13,1,0
00:10:00,501203101,0,0,0,2,0
00:10:00,501203102,5,0,14,1,0
00:10:00,501203104,12,2,6,1,0
00:10:00,501203105,3,0,7,1,0
00:10:00,501203107,0,0,0,2,0
00:10:00,501203109,12,1,14,1,0
00:10:00,501203110,14,0,26,1,0
00:10:00,501203111,9,0,2,1,0
00:10:00,501203113,5,1,14,1,0
00:10:00,501203114,14,3,36,1,0
00:10:00,501203117,0,0,0,2,0
00:10:00,501203118,11,0,9,1,0
00:10:00,501203121,24,1,0,1,0
00:10:00,501203122,12,0,8,1,0
00:10:00,501203125,16,0,9,1,0
00:10:00,501203131,16,1,4,1,0
00:10:00,501203140,0,0,42,1,0
00:10:00,501203141,5,3,10,1,0
00:10:00,501203142,3,1,33,1,0
00:10:00,501203145,8,1,7,1,0
00:10:00,501203151,16,0,2,1,0
00:10:00,501203155,9,2,10,1,0
00:10:00,501203157,1,1,16,1,0
00:10:00,501203159,5,1,15,1,0
00:10:00,501203161,1,0,18,1,0
00:10:00,501203162,10,0,11,1,0
00:10:00,501203163,7,1,9,1,0
00:10:00,501204001,12,0,13,1,0
00:10:00,501204002,15,0,21,1,0
00:10:00,501204003,0,0,44,1,0
00:10:00,501204004,0,0,14,1,0
00:10:00,501204005,16,5,4,1,0
00:10:00,501204007,3,1,33,1,0
00:10:00,501204008,0,0,15,1,0
00:10:00,501204009,0,0,0,2,0
00:10:00,501204010,0,0,0,2,0
00:10:00,501204011,7,2,8,1,0
00:10:00,501204012,4,0,10,1,0
00:10:00,501204013,9,2,4,1,0
00:10:00,501204014,5,0,11,1,0
00:10:00,501204015,12,0,3,1,0
00:10:00,501204016,4,0,16,1,0
00:10:00,501204017,5,0,10,1,0
00:10:00,501204018,8,0,16,1,0
00:10:00,501204020,1,0,19,1,0
00:10:00,501204021,11,0,9,1,0
00:10:00,501204022,8,0,8,1,0
00:10:00,501204023,14,2,1,1,0
00:10:00,501204024,0,0,0,2,0
00:10:00,501204025,13,0,7,1,0
00:10:00,501205001,7,1,10,1,0
00:10:00,501205003,6,0,13,1,0
00:10:00,501205004,6,1,10,1,0
00:10:00,501205005,9,0,13,1,0
00:10:00,501205006,18,0,2,1,0
00:10:00,501205007,6,0,6,1,0
00:10:00,501205008,6,1,20,1,0
00:10:00,501205009,22,0,23,1,0
00:10:00,501205010,4,1,9,1,0
00:10:00,501205011,4,0,28,1,0
00:10:00,501205012,8,0,12,1,0
00:10:00,501205013,5,1,16,1,0
00:10:00,501205014,19,6,4,1,0
00:10:00,501205015,5,2,13,1,0
00:10:00,501205018,2,0,16,1,0
00:10:00,501205019,1,0,27,1,0
00:10:00,501205020,6,1,24,1,0
00:10:00,501205021,9,0,6,1,0
00:10:00,501205022,8,1,7,1,0
00:10:00,501205023,9,0,6,1,0
00:10:00,501205025,16,0,12,1,0
00:10:00,501205026,2,0,17,1,0
00:10:00,501205027,7,0,3,1,0
00:10:00,501205028,11,2,3,1,0
00:10:00,501205029,4,1,6,1,0
00:10:00,501205030,2,0,8,1,0
00:10:00,501205033,5,0,10,1,0
00:10:00,501205034,9,2,19,1,0
00:10:00,501205035,8,1,8,1,0
00:10:00,501205036,6,1,9,1,0
00:10:00,501205037,8,1,7,1,0
00:10:00,501205038,9,2,11,1,0
00:10:00,501205039,6,0,14,1,0
00:10:00,501205040,20,1,5,1,0
00:10:00,501205041,12,0,5,1,0
00:10:00,501205042,3,0,26,1,0
00:10:00,501208011,15,0,22,1,0
00:10:00,501208013,32,2,21,1,0
00:10:00,501208014,10,0,28,1,0
00:10:00,501208015,7,0,8,1,0
00:10:00,501208018,13,1,2,1,0
00:10:00,501208021,2,0,15,1,0
00:10:00,501208027,2,0,28,1,0
00:10:00,501208029,12,0,9,1,0
00:10:00,501208030,15,0,23,1,0
00:10:00,501208032,21,0,7,1,0
00:10:00,501208040,5,1,14,1,0
00:10:00,501208041,0,0,15,1,0
00:10:00,501208045,5,0,27,1,0
00:10:00,501208051,9,1,27,1,0
00:10:00,501208053,20,0,1,1,0
00:10:00,501208054,1,0,27,1,0
00:10:00,501208059,4,0,25,1,0
00:10:00,501208064,1,0,19,1,0
00:10:00,501208077,10,3,0,1,0
00:10:00,501208079,1,0,21,1,0
00:10:00,501208082,5,0,4,1,0
00:10:00,501208085,13,1,2,1,0
00:10:00,501208087,4,0,27,1,0
00:10:00,501208089,18,0,7,1,0
00:10:00,501208091,2,1,41,1,0
00:10:00,501208111,9,3,6,1,0
00:10:00,501208113,4,0,16,1,0
00:10:00,501208114,8,0,12,1,0
00:10:00,501208129,2,0,20,1,0
00:10:00,501208130,7,0,6,1,0
00:10:00,501209002,12,1,8,1,0
00:10:00,501209003,9,0,4,1,0
00:10:00,501209004,6,2,9,1,0
00:10:00,501209005,1,1,17,1,0
00:10:00,501209006,8,0,8,1,0
00:10:00,501209007,13,3,2,1,0
00:10:00,501209009,0,0,0,2,0
00:10:00,501209010,10,2,3,1,0
00:10:00,501209011,1,1,24,1,0
00:10:00,501209014,5,2,7,1,0
00:10:00,501209015,11,1,4,1,0
00:10:00,501209016,14,0,14,1,0
00:10:00,501209017,10,1,2,1,0
00:10:00,501209018,9,0,8,1,0
00:10:00,501209019,6,0,17,1,0
00:10:00,501209020,3,1,29,1,0
00:10:00,501209021,7,2,6,1,0
00:10:00,501209022,1,0,9,1,0
00:10:00,501209023,3,0,39,1,0
00:10:00,501209024,6,2,36,1,0
00:10:00,501209025,5,1,10,1,0
00:10:00,501209026,12,1,14,1,0
00:10:00,501209027,6,0,12,1,0
00:10:00,501209028,9,2,19,1,0
00:10:00,501209030,9,0,9,1,0
00:10:00,501209031,4,0,26,1,0
00:10:00,501209032,4,2,24,1,0
00:10:00,501209033,4,1,16,1,0
00:10:00,501209034,7,1,8,1,0
00:10:00,501209035,1,0,27,1,0
00:10:00,501209036,7,2,24,1,0
00:10:00,501209037,12,1,23,1,0
00:10:00,501209038,10,0,6,1,0
00:10:00,501209039,4,0,26,1,0
00:10:00,501209040,3,0,28,1,0
00:10:00,501209042,5,1,14,1,0
00:10:00,501209043,14,1,11,1,0
00:10:00,501209044,9,3,6,1,0
00:10:00,501209045,0,0,15,1,0
00:10:00,501209046,7,1,15,1,0
00:10:00,501209047,8,1,6,1,0
00:10:00,501209049,1,0,19,1,0
00:10:00,501209050,10,1,3,1,0
00:10:00,501209051,14,2,10,1,0
00:10:00,501209052,4,3,18,1,0
00:10:00,501209053,5,1,15,1,0
00:10:00,501209054,14,1,13,1,0
00:10:00,501209056,10,0,5,1,0
00:10:00,501209058,9,2,7,1,0
00:10:00,501209059,1,0,14,1,0
00:10:00,501209060,6,0,14,1,0
00:10:00,501209062,7,0,8,1,0
00:10:00,501209064,10,1,5,1,0
00:10:00,501209065,1,0,14,1,0
00:10:00,501209066,14,1,0,1,0
00:10:00,501209067,7,1,8,1,0
00:10:00,501209068,7,1,10,1,0
00:10:00,501209069,1,0,62,1,0
00:10:00,501209070,16,1,1,1,0
00:10:00,501209071,6,0,11,1,0
00:10:00,501209073,8,1,7,1,0
00:10:00,501209074,11,1,12,1,0
00:10:00,501209075,14,2,2,1,0
00:10:00,501209076,0,0,23,1,0
00:10:00,501209077,9,1,6,1,0
00:10:00,501209078,6,3,7,1,0
00:10:00,501209079,0,0,25,1,0
00:10:00,501209080,3,0,23,1,0
00:10:00,501209081,8,0,7,1,0
00:10:00,501209084,13,0,10,1,0
00:10:00,501209085,2,0,26,1,0
00:10:00,501209087,2,0,36,1,0
00:10:00,501209088,6,0,9,1,0
00:10:00,501209089,14,0,5,1,0
00:10:00,501209090,8,0,6,1,0
00:10:00,501209091,2,1,14,1,0
00:10:00,501209092,12,1,3,1,0
00:10:00,501209093,0,0,15,1,0
00:10:00,501209094,3,0,13,1,0
00:10:00,501209095,10,1,4,1,0
00:10:00,501209096,13,2,2,1,0
00:10:00,501209097,1,1,14,1,0
00:10:00,501209098,7,0,8,1,0
00:10:00,501209099,1,0,18,1,0
00:10:00,501209100,13,3,2,1,0
00:10:00,501209101,6,0,9,1,0
00:10:00,501209102,9,1,11,1,0
00:10:00,501209104,5,1,12,1,0
00:10:00,501209105,21,2,5,1,0
00:10:00,501209106,10,0,10,1,0
00:10:00,501211001,18,4,19,1,0
00:10:00,501211002,6,0,9,1,0
00:10:00,501211004,10,2,5,1,0
00:10:00,501211005,5,1,14,1,0
00:10:00,501211006,12,2,4,1,0
00:10:00,501211007,14,0,5,1,0
00:10:00,501211009,5,0,13,1,0
00:10:00,501211011,20,6,10,1,0
00:10:00,501211012,6,2,12,1,0
00:20:00,501201001,0,0,0,2,0
00:20:00,501201002,7,1,32,1,0
00:20:00,501201003,0,0,23,1,0
00:20:00,501201004,5,0,10,1,0
00:20:00,501201005,5,0,14,1,0
00:20:00,501201006,12,1,16,1,0
00:20:00,501201007,4,0,15,1,0
00:20:00,501201008,5,0,20,1,0
00:20:00,501201010,3,1,7,1,0
00:20:00,501201011,5,1,17,1,0
00:20:00,501201012,8,0,30,1,0
00:20:00,501201013,9,0,12,1,0
00:20:00,501201014,10,1,9,1,0
00:20:00,501201015,17,0,8,1,0
00:20:00,501201016,6,0,18,1,0
00:20:00,501201017,11,0,15,1,0
00:20:00,501201018,5,0,18,1,0
00:20:00,501201019,4,0,24,1,0
00:20:00,501201020,2,0,22,1,0
00:20:00,501201021,11,0,3,1,0
00:20:00,501201022,7,0,9,1,0
00:20:00,501201023,4,1,24,1,0
00:20:00,501201024,4,1,20,1,0
00:20:00,501201025,7,2,17,1,0
00:20:00,501201026,2,0,17,1,0
00:20:00,501201028,14,2,6,1,0
00:20:00,501201029,6,0,6,1,0
00:20:00,501201030,3,1,12,1,0
00:20:00,501201031,4,1,13,1,0
00:20:00,501202001,7,0,7,1,0
00:20:00,501202003,8,0,32,1,0
00:20:00,501202013,5,0,12,1,0
00:20:00,501202023,10,2,5,1,0
00:20:00,501202024,2,1,13,1,0
00:20:00,501202034,13,1,3,1,0
00:20:00,501202035,10,0,20,1,0
00:20:00,501202036,17,0,21,1,0
00:20:00,501202040,6,0,39,1,0
00:20:00,501202043,21,0,4,1,0
00:20:00,501202044,0,0,0,2,0
00:20:00,501202047,9,0,13,1,0
00:20:00,501202050,10,2,5,1,0
00:20:00,501202055,11,0,4,1,0
00:20:00,501202058,4,0,11,1,0
00:20:00,501202065,3,0,11,1,0
00:20:00,501202068,3,0,15,1,0
00:20:00,501202070,5,2,11,1,0
00:20:00,501202078,18,2,7,1,0
00:20:00,501202080,15,0,11,1,0
00:20:00,501202081,7,0,16,1,0
00:20:00,501202082,7,0,16,1,0
00:20:00,501202083,23,5,1,1,0
00:20:00,501202084,13,0,11,1,0
00:20:00,501202085,12,1,23,1,0
00:20:00,501202088,6,2,24,1,0
00:20:00,501202089,1,0,28,1,0
00:20:00,501202096,5,1,10,1,0
00:20:00,501203001,2,0,18,1,0
00:20:00,501203002,0,0,21,1,0
00:20:00,501203003,4,2,90,1,0
00:20:00,501203005,7,2,13,1,0
00:20:00,501203006,2,0,13,1,0
00:20:00,501203007,9,0,6,1,0
00:20:00,501203008,14,2,2,1,0
00:20:00,501203010,26,2,7,1,0
00:20:00,501203011,21,7,17,1,0
00:20:00,501203012,6,2,11,1,0
00:20:00,501203013,7,3,17,1,0
00:20:00,501203015,8,2,4,1,0
00:20:00,501203020,1,0,18,1,0
00:20:00,501203022,1,1,18,1,0
00:20:00,501203023,5,0,13,1,0
00:20:00,501203028,12,0,13,1,0
00:20:00,501203040,1,1,23,1,0
00:20:00,501203045,11,1,7,1,0
00:20:00,501203050,32,1,28,1,0
00:20:00,501203051,15,0,8,1,0
00:20:00,501203053,2,0,24,1,0
00:20:00,501203054,4,0,17,1,0
00:20:00,501203064,5,0,11,1,0
00:20:00,501203065,13,3,2,1,0
00:20:00,501203070,9,1,6,1,0
00:20:00,501203073,6,0,18,1,0
00:20:00,501203076,7,0,8,1,0
00:20:00,501203078,7,0,9,1,0
00:20:00,501203080,9,0,5,1,0
00:20:00,501203084,9,0,2,1,0
00:20:00,501203085,5,0,5,1,0
00:20:00,501203088,7,0,7,1,0
00:20:00,501203089,7,3,5,1,0
00:20:00,501203090,2,1,8,1,0
00:20:00,501203091,7,0,6,1,0
00:20:00,501203092,7,0,13,1,0
00:20:00,501203100,6,1,13,1,0
00:20:00,501203101,0,0,0,2,0
00:20:00,501203102,5,0,14,1,0
00:20:00,501203104,12,1,6,1,0
00:20:00,501203105,3,0,7,1,0
00:20:00,501203107,0,0,0,2,0
00:20:00,501203109,12,0,14,1,0
00:20:00,501203110,14,0,26,1,0
00:20:00,501203111,9,0,2,1,0
00:20:00,501203113,5,1,14,1,0
00:20:00,501203114,14,3,36,1,0
00:20:00,501203117,0,0,0,2,0
00:20:00,501203118,11,0,9,1,0
00:20:00,501203121,16,1,8,1,0
00:20:00,501203122,12,0,8,1,0
00:20:00,501203125,17,1,8,1,0
00:20:00,501203131,16,1,4,1,0
00:20:00,501203140,1,1,41,1,0
00:20:00,501203141,5,3,10,1,0
00:20:00,501203142,4,1,32,1,0
00:20:00,501203145,8,1,7,1,0
00:20:00,501203151,16,0,2,1,0
00:20:00,501203155,9,2,10,1,0
00:20:00,501203157,1,1,16,1,0
00:20:00,501203159,5,1,15,1,0
00:20:00,501203161,1,0,18,1,0
00:20:00,501203162,10,0,11,1,0
00:20:00,501203163,7,1,9,1,0
00:20:00,501204001,12,0,13,1,0
00:20:00,501204002,15,0,21,1,0
00:20:00,501204003,0,0,44,1,0
00:20:00,501204004,0,0,14,1,0
00:20:00,501204005,16,5,4,1,0
00:20:00,501204007,5,1,31,1,0
00:20:00,501204008,0,0,15,1,0
00:20:00,501204009,0,0,0,2,0
00:20:00,501204010,0,0,0,2,0
00:20:00,501204011,7,2,8,1,0
00:20:00,501204012,4,0,10,1,0
00:20:00,501204013,8,2,5,1,0
00:20:00,501204014,5,0,11,1,0
00:20:00,501204015,12,0,3,1,0
00:20:00,501204016,4,0,16,1,0
00:20:00,501204017,5,0,10,1,0
00:20:00,501204018,8,0,16,1,0
00:20:00,501204020,1,0,19,1,0
00:20:00,501204021,11,0,9,1,0
00:20:00,501204022,8,0,8,1,0
00:20:00,501204023,14,2,1,1,0
00:20:00,501204024,0,0,0,2,0
00:20:00,501204025,13,0,7,1,0
00:20:00,501205001,7,1,10,1,0
00:20:00,501205003,7,0,12,1,0
00:20:00,501205004,6,1,10,1,0
00:20:00,501205005,10,0,12,1,0
00:20:00,501205006,18,0,2,1,0
00:20:00,501205007,6,0,6,1,0
00:20:00,501205008,5,1,21,1,0
00:20:00,501205009,22,0,23,1,0
00:20:00,501205010,4,1,9,1,0
00:20:00,501205011,4,0,28,1,0
00:20:00,501205012,7,0,13,1,0
00:20:00,501205013,5,1,16,1,0
00:20:00,501205014,19,6,4,1,0
00:20:00,501205015,5,2,13,1,0
00:20:00,501205018,2,0,16,1,0
00:20:00,501205019,1,0,27,1,0
00:20:00,501205020,6,1,24,1,0
00:20:00,501205021,9,0,6,1,0
00:20:00,501205022,8,1,7,1,0
00:20:00,501205023,9,0,6,1,0
00:20:00,501205025,16,0,12,1,0
00:20:00,501205026,2,0,17,1,0
00:20:00,501205027,7,0,3,1,0
00:20:00,501205028,11,2,3,1,0
00:20:00,501205029,4,1,6,1,0
00:20:00,501205030,2,0,8,1,0
00:20:00,501205033,5,0,10,1,0
00:20:00,501205034,9,2,19,1,0
00:20:00,501205035,8,1,8,1,0
00:20:00,501205036,6,1,9,1,0
00:20:00,501205037,8,1,7,1,0
00:20:00,501205038,9,2,11,1,0
00:20:00,501205039,4,0,16,1,0
00:20:00,501205040,19,0,6,1,0
00:20:00,501205041,12,0,5,1,0
00:20:00,501205042,4,1,25,1,0
00:20:00,501208011,15,0,22,1,0
00:20:00,501208013,30,2,23,1,0
00:20:00,501208014,10,0,28,1,0
00:20:00,501208015,7,0,8,1,0
00:20:00,501208018,13,1,2,1,0
00:20:00,501208021,2,0,15,1,0
00:20:00,501208027,2,0,28,1,0
00:20:00,501208029,13,1,8,1,0
00:20:00,501208030,15,0,23,1,0
00:20:00,501208032,21,0,7,1,0
00:20:00,501208040,5,1,14,1,0
00:20:00,501208041,0,0,15,1,0
00:20:00,501208045,5,0,27,1,0
00:20:00,501208051,9,1,27,1,0
00:20:00,501208053,20,0,1,1,0
00:20:00,501208054,2,0,26,1,0
00:20:00,501208059,5,0,24,1,0
00:20:00,501208064,1,0,19,1,0
00:20:00,501208077,10,3,0,1,0
00:20:00,501208079,1,0,21,1,0
00:20:00,501208082,4,0,5,1,0
00:20:00,501208085,14,1,1,1,0
00:20:00,501208087,4,0,27,1,0
00:20:00,501208089,18,0,7,1,0
00:20:00,501208091,2,1,41,1,0
00:20:00,501208111,9,3,6,1,0
00:20:00,501208113,4,0,16,1,0
00:20:00,501208114,8,0,12,1,0
00:20:00,501208129,2,0,20,1,0
00:20:00,501208130,8,0,5,1,0
00:20:00,501209002,12,1,8,1,0
00:20:00,501209003,9,0,4,1,0
00:20:00,501209004,6,2,9,1,0
00:20:00,501209005,0,0,18,1,0
00:20:00,501209006,8,0,8,1,0
00:20:00,501209007,11,0,3,1,0
00:20:00,501209009,0,0,0,2,0
00:20:00,501209010,10,2,3,1,0
00:20:00,501209011,1,1,24,1,0
00:20:00,501209014,5,2,7,1,0
00:20:00,501209015,11,1,4,1,0
00:20:00,501209016,14,0,14,1,0
00:20:00,501209017,10,1,2,1,0
00:20:00,501209018,9,0,8,1,0
00:20:00,501209019,6,0,17,1,0
00:20:00,501209020,3,1,29,1,0
00:20:00,501209021,8,3,6,1,0
00:20:00,501209022,1,0,9,1,0
00:20:00,501209023,3,0,39,1,0
00:20:00,501209024,6,2,36,1,0
00:20:00,501209025,5,1,10,1,0
00:20:00,501209026,12,1,14,1,0
00:20:00,501209027,6,0,12,1,0
00:20:00,501209028,9,2,19,1,0
00:20:00,501209030,9,0,9,1,0
00:20:00,501209031,4,0,26,1,0
00:20:00,501209032,4,2,24,1,0
00:20:00,501209033,4,1,16,1,0
00:20:00,501209034,7,1,8,1,0
00:20:00,501209035,1,0,27,1,0
00:20:00,501209036,10,2,21,1,0
00:20:00,501209037,12,1,23,1,0
00:20:00,501209038,10,0,6,1,0
00:20:00,501209039,4,0,26,1,0
00:20:00,501209040,2,0,29,1,0
00:20:00,501209042,5,1,14,1,0
00:20:00,501209043,14,1,11,1,0
00:20:00,501209044,9,3,6,1,0
00:20:00,501209045,0,0,15,1,0
00:20:00,501209046,7,1,15,1,0
00:20:00,501209047,8,1,6,1,0
00:20:00,501209049,1,0,19,1,0
00:20:00,501209050,10,1,3,1,0
00:20:00,501209051,14,2,10,1,0
00:20:00,501209052,4,3,18,1,0
00:20:00,501209053,5,1,15,1,0
00:20:00,501209054,12,0,15,1,0
00:20:00,501209056,10,0,5,1,0
00:20:00,501209058,9,2,7,1,0
00:20:00,501209059,1,0,14,1,0
00:20:00,501209060,6,0,14,1,0
00:20:00,501209062,7,0,8,1,0
00:20:00,501209064,10,1,5,1,0
00:20:00,501209065,1,0,14,1,0
00:20:00,501209066,14,1,0,1,0
00:20:00,501209067,7,1,8,1,0
00:20:00,501209068,10,3,7,1,0
00:20:00,501209069,1,0,62,1,0
00:20:00,501209070,16,1,1,1,0
00:20:00,501209071,8,1,9,1,0
00:20:00,501209073,9,2,6,1,0
00:20:00,501209074,11,1,12,1,0
00:20:00,501209075,14,2,2,1,0
00:20:00,501209076,0,0,23,1,0
00:20:00,501209077,9,1,6,1,0
00:20:00,501209078,6,3,7,1,0
00:20:00,501209079,0,0,25,1,0
00:20:00,501209080,3,0,23,1,0
00:20:00,501209081,8,0,7,1,0
00:20:00,501209084,13,0,10,1,0
00:20:00,501209085,2,0,26,1,0
00:20:00,501209087,2,0,36,1,0
00:20:00,501209088,6,0,9,1,0
00:20:00,501209089,14,0,5,1,0
00:20:00,501209090,8,0,6,1,0
00:20:00,501209091,2,1,14,1,0
00:20:00,501209092,12,1,3,1,0
00:20:00,501209093,6,0,9,1,0
00:20:00,501209094,3,0,13,1,0
00:20:00,501209095,10,1,4,1,0
00:20:00,501209096,14,3,1,1,0
00:20:00,501209097,1,1,14,1,0
00:20:00,501209098,7,0,8,1,0
00:20:00,501209099,1,0,18,1,0
00:20:00,501209100,13,3,2,1,0
00:20:00,501209101,6,0,9,1,0
00:20:00,501209102,9,1,11,1,0
00:20:00,501209104,5,1,12,1,0
00:20:00,501209105,22,3,4,1,0
00:20:00,501209106,10,0,10,1,0
00:20:00,501211001,18,4,19,1,0
00:20:00,501211002,6,0,9,1,0
00:20:00,501211004,10,2,5,1,0
00:20:00,501211005,5,1,14,1,0
00:20:00,501211006,12,2,4,1,0
00:20:00,501211007,14,0,5,1,0
00:20:00,501211009,5,0,13,1,0
00:20:00,501211011,20,6,10,1,0
00:20:00,501211012,6,2,12,1,0
00:30:00,501201001,0,0,0,2,0
00:30:00,501201002,7,1,32,1,0
00:30:00,501201003,0,0,23,1,0
00:30:00,501201004,5,0,10,1,0
00:30:00,501201005,5,0,14,1,0
00:30:00,501201006,11,1,17,1,0
00:30:00,501201007,1,0,18,1,0
00:30:00,501201008,5,0,20,1,0
00:30:00,501201010,3,1,7,1,0
00:30:00,501201011,5,1,17,1,0
00:30:00,501201012,8,0,30,1,0
00:30:00,501201013,8,0,13,1,0
00:30:00,501201014,10,1,9,1,0
00:30:00,501201015,18,1,7,1,0
00:30:00,501201016,5,0,19,1,0
00:30:00,501201017,10,0,16,1,0
00:30:00,501201018,5,0,18,1,0
00:30:00,501201019,5,1,23,1,0
00:30:00,501201020,2,0,22,1,0
00:30:00,501201021,11,0,3,1,0
00:30:00,501201022,7,0,9,1,0
00:30:00,501201023,4,1,24,1,0
00:30:00,501201024,3,0,21,1,0
00:30:00,501201025,7,2,17,1,0
00:30:00,501201026,2,0,17,1,0
00:30:00,501201028,14,2,6,1,0
00:30:00,501201029,6,0,6,1,0
00:30:00,501201030,3,0,12,1,0
00:30:00,501201031,4,1,13,1,0
00:30:00,501202001,7,0,7,1,0
00:30:00,501202003,8,0,32,1,0
00:30:00,501202013,5,0,12,1,0
00:30:00,501202023,10,1,5,1,0
00:30:00,501202024,2,1,13,1,0
00:30:00,501202034,12,0,4,1,0
00:30:00,501202035,10,0,20,1,0
00:30:00,501202036,17,0,21,1,0
00:30:00,501202040,6,0,39,1,0
00:30:00,501202043,21,0,4,1,0
00:30:00,501202044,0,0,0,2,0
00:30:00,501202047,9,0,13,1,0
00:30:00,501202050,11,3,4,1,0
00:30:00,501202055,11,0,4,1,0
00:30:00,501202058,4,0,11,1,0
00:30:00,501202065,5,0,9,1,0
00:30:00,501202068,3,0,15,1,0
00:30:00,501202070,5,2,11,1,0
00:30:00,501202078,18,2,7,1,0
00:30:00,501202080,15,0,11,1,0
00:30:00,501202081,7,0,16,1,0
00:30:00,501202082,7,0,16,1,0
00:30:00,501202083,23,5,1,1,0
00:30:00,501202084,14,0,10,1,0
00:30:00,501202085,12,1,23,1,0
00:30:00,501202088,6,2,24,1,0
00:30:00,501202089,1,0,28,1,0
00:30:00,501202096,5,1,10,1,0
00:30:00,501203001,2,0,18,1,0
00:30:00,501203002,1,0,20,1,0
00:30:00,501203003,4,2,90,1,0
00:30:00,501203005,7,2,13,1,0
00:30:00,501203006,2,0,13,1,0
00:30:00,501203007,9,0,6,1,0
00:30:00,501203008,14,2,2,1,0
00:30:00,501203010,26,2,7,1,0
00:30:00,501203011,21,7,17,1,0
00:30:00,501203012,6,2,11,1,0
00:30:00,501203013,7,3,17,1,0
00:30:00,501203015,9,2,3,1,0
00:30:00,501203020,1,0,18,1,0
00:30:00,501203022,1,1,18,1,0
00:30:00,501203023,5,0,13,1,0
00:30:00,501203028,12,0,13,1,0
00:30:00,501203040,1,1,23,1,0
00:30:00,501203045,12,2,6,1,0
00:30:00,501203050,33,1,27,1,0
00:30:00,501203051,15,0,8,1,0
00:30:00,501203053,2,0,24,1,0
00:30:00,501203054,4,0,17,1,0
00:30:00,501203064,5,0,11,1,0
00:30:00,501203065,13,3,2,1,0
00:30:00,501203070,9,1,6,1,0
00:30:00,501203073,6,0,18,1,0
00:30:00,501203076,7,0,8,1,0
00:30:00,501203078,7,0,9,1,0
00:30:00,501203080,11,1,3,1,0
00:30:00,501203084,9,0,2,1,0
00:30:00,501203085,5,0,5,1,0
00:30:00,501203088,7,0,7,1,0
00:30:00,501203089,7,3,5,1,0
00:30:00,501203090,2,1,8,1,0
00:30:00,501203091,7,0,6,1,0
00:30:00,501203092,7,0,13,1,0
00:30:00,501203100,6,1,13,1,0
00:30:00,501203101,0,0,0,2,0
00:30:00,501203102,5,0,14,1,0
00:30:00,501203104,12,1,6,1,0
00:30:00,501203105,3,0,7,1,0
00:30:00,501203107,0,0,0,2,0
00:30:00,501203109,11,0,15,1,0
00:30:00,501203110,14,0,26,1,0
00:30:00,501203111,9,0,2,1,0
00:30:00,501203113,5,1,14,1,0
00:30:00,501203114,14,3,36,1,0
00:30:00,501203117,0,0,0,2,0
00:30:00,501203118,11,0,9,1,0
00:30:00,501203121,14,1,10,1,0
00:30:00,501203122,12,0,8,1,0
00:30:00,501203125,17,1,8,1,0
00:30:00,501203131,16,1,4,1,0
00:30:00,501203140,1,1,41,1,0
00:30:00,501203141,5,3,10,1,0
00:30:00,501203142,4,0,32,1,0
00:30:00,501203145,8,1,7,1,0
00:30:00,501203151,16,0,2,1,0
00:30:00,501203155,9,2,10,1,0
00:30:00,501203157,1,1,16,1,0
00:30:00,501203159,5,1,15,1,0
00:30:00,501203161,1,0,18,1,0
00:30:00,501203162,10,0,11,1,0
00:30:00,501203163,7,1,9,1,0
00:30:00,501204001,13,0,12,1,0
00:30:00,501204002,14,0,22,1,0
00:30:00,501204003,16,0,28,1,0
00:30:00,501204004,0,0,14,1,0
00:30:00,501204005,16,5,4,1,0
00:30:00,501204007,5,1,31,1,0
00:30:00,501204008,0,0,15,1,0
00:30:00,501204009,0,0,0,2,0
00:30:00,501204010,0,0,0,2,0
00:30:00,501204011,7,2,8,1,0
00:30:00,501204012,5,1,9,1,0
00:30:00,501204013,6,0,7,1,0
00:30:00,501204014,5,0,11,1,0
00:30:00,501204015,12,0,3,1,0
00:30:00,501204016,4,0,16,1,0
00:30:00,501204017,5,0,10,1,0
00:30:00,501204018,8,0,16,1,0
00:30:00,501204020,1,0,19,1,0
00:30:00,501204021,11,0,9,1,0
00:30:00,501204022,8,0,8,1,0
00:30:00,501204023,13,1,2,1,0
00:30:00,501204024,0,0,0,2,0
00:30:00,501204025,13,0,7,1,0
00:30:00,501205001,7,1,10,1,0
00:30:00,501205003,7,0,12,1,0
00:30:00,501205004,6,1,10,1,0
00:30:00,501205005,9,0,13,1,0
00:30:00,501205006,19,1,1,1,0
00:30:00,501205007,6,0,6,1,0
00:30:00,501205008,5,1,21,1,0
00:30:00,501205009,22,0,23,1,0
00:30:00,501205010,5,2,8,1,0
00:30:00,501205011,4,0,28,1,0
00:30:00,501205012,7,0,13,1,0
00:30:00,501205013,5,1,16,1,0
00:30:00,501205014,20,6,3,1,0
00:30:00,501205015,5,2,13,1,0
00:30:00,501205018,2,0,16,1,0
00:30:00,501205019,1,0,27,1,0
00:30:00,501205020,6,1,24,1,0
00:30:00,501205021,9,0,6,1,0
00:30:00,501205022,8,1,7,1,0
00:30:00,501205023,9,0,6,1,0
00:30:00,501205025,16,0,12,1,0
00:30:00,501205026,1,0,18,1,0
00:30:00,501205027,7,0,3,1,0
00:30:00,501205028,11,2,3,1,0
00:30:00,501205029,4,1,6,1,0
00:30:00,501205030,2,0,8,1,0
00:30:00,501205033,5,0,10,1,0
00:30:00,501205034,9,2,19,1,0
00:30:00,501205035,8,1,8,1,0
00:30:00,501205036,6,1,9,1,0
00:30:00,501205037,8,1,7,1,0
00:30:00,501205038,9,2,11,1,0
00:30:00,501205039,5,0,15,1,0
00:30:00,501205040,19,0,6,1,0
00:30:00,501205041,12,0,5,1,0
00:30:00,501205042,4,1,25,1,0
00:30:00,501208011,16,0,21,1,0
00:30:00,501208013,29,2,24,1,0
00:30:00,501208014,10,0,28,1,0
00:30:00,501208015,7,0,8,1,0
00:30:00,501208018,14,1,1,1,0
00:30:00,501208021,2,0,15,1,0
00:30:00,501208027,2,0,28,1,0
00:30:00,501208029,13,1,8,1,0
00:30:00,501208030,14,0,24,1,0
00:30:00,501208032,21,0,7,1,0
00:30:00,501208040,5,1,14,1,0
00:30:00,501208041,0,0,15,1,0
00:30:00,501208045,5,0,27,1,0
00:30:00,501208051,9,1,27,1,0
00:30:00,501208053,20,0,1,1,0
00:30:00,501208054,2,0,26,1,0
00:30:00,501208059,5,0,24,1,0
00:30:00,501208064,1,0,19,1,0
00:30:00,501208077,10,3,0,1,0
00:30:00,501208079,1,0,21,1,0
00:30:00,501208082,4,0,5,1,0
00:30:00,501208085,14,1,1,1,0
00:30:00,501208087,4,0,27,1,0
00:30:00,501208089,17,0,8,1,0
00:30:00,501208091,2,1,41,1,0
00:30:00,501208111,9,3,6,1,0
00:30:00,501208113,4,0,16,1,0
00:30:00,501208114,8,0,12,1,0
00:30:00,501208129,2,0,20,1,0
00:30:00,501208130,9,0,4,1,0
00:30:00,501209002,12,1,8,1,0
00:30:00,501209003,9,0,4,1,0
00:30:00,501209004,6,2,9,1,0
00:30:00,501209005,0,0,18,1,0
00:30:00,501209006,7,0,9,1,0
00:30:00,501209007,11,0,3,1,0
00:30:00,501209009,0,0,0,2,0
00:30:00,501209010,10,2,3,1,0
00:30:00,501209011,1,1,24,1,0
00:30:00,501209014,5,2,7,1,0
00:30:00,501209015,11,1,4,1,0
00:30:00,501209016,14,0,14,1,0
00:30:00,501209017,10,1,2,1,0
00:30:00,501209018,9,0,8,1,0
00:30:00,501209019,6,0,17,1,0
00:30:00,501209020,3,1,29,1,0
00:30:00,501209021,8,3,6,1,0
00:30:00,501209022,1,0,9,1,0
00:30:00,501209023,2,0,40,1,0
00:30:00,501209024,6,2,36,1,0
00:30:00,501209025,6,1,9,1,0
00:30:00,501209026,12,1,14,1,0
00:30:00,501209027,6,0,12,1,0
00:30:00,501209028,9,2,19,1,0
00:30:00,501209030,9,0,9,1,0
00:30:00,501209031,4,0,26,1,0
00:30:00,501209032,4,2,24,1,0
00:30:00,501209033,4,1,16,1,0
00:30:00,501209034,7,1,8,1,0
00:30:00,501209035,1,0,27,1,0
00:30:00,501209036,10,2,21,1,0
00:30:00,501209037,12,1,23,1,0
00:30:00,501209038,10,0,6,1,0
00:30:00,501209039,4,0,26,1,0
00:30:00,501209040,2,0,29,1,0
00:30:00,501209042,5,1,14,1,0
00:30:00,501209043,15,1,10,1,0
00:30:00,501209044,9,3,6,1,0
00:30:00,501209045,0,0,15,1,0
00:30:00,501209046,7,1,15,1,0
00:30:00,501209047,8,1,6,1,0
00:30:00,501209049,1,0,19,1,0
00:30:00,501209050,10,1,3,1,0
00:30:00,501209051,14,2,10,1,0
00:30:00,501209052,4,3,18,1,0
00:30:00,501209053,5,1,15,1,0
00:30:00,501209054,13,0,14,1,0
00:30:00,501209056,10,0,5,1,0
00:30:00,501209058,9,2,7,1,0
00:30:00,501209059,1,0,14,1,0
00:30:00,501209060,6,0,14,1,0
00:30:00,501209062,7,0,8,1,0
00:30:00,501209064,10,1,5,1,0
00:30:00,501209065,2,1,13,1,0
00:30:00,501209066,14,1,0,1,0
00:30:00,501209067,7,1,8,1,0
00:30:00,501209068,10,3,7,1,0
00:30:00,501209069,1,0,62,1,0
00:30:00,501209070,16,1,1,1,0
00:30:00,501209071,8,1,9,1,0
00:30:00,501209073,10,2,5,1,0
00:30:00,501209074,11,1,12,1,0
00:30:00,501209075,14,2,2,1,0
00:30:00,501209076,4,0,19,1,0
00:30:00,501209077,9,1,6,1,0
00:30:00,501209078,6,3,7,1,0
00:30:00,501209079,0,0,25,1,0
00:30:00,501209080,3,0,23,1,0
00:30:00,501209081,8,0,7,1,0
00:30:00,501209084,13,0,10,1,0
00:30:00,501209085,2,0,26,1,0
00:30:00,501209087,2,0,36,1,0
00:30:00,501209088,6,0,9,1,0
00:30:00,501209089,14,0,5,1,0
00:30:00,501209090,8,0,6,1,0
00:30:00,501209091,2,1,14,1,0
00:30:00,501209092,12,1,3,1,0
00:30:00,501209093,6,0,9,1,0
00:30:00,501209094,3,0,13,1,0
00:30:00,501209095,10,1,4,1,0
00:30:00,501209096,14,3,1,1,0
00:30:00,501209097,1,1,14,1,0
00:30:00,501209098,7,0,8,1,0
00:30:00,501209099,1,0,18,1,0
00:30:00,501209100,13,3,2,1,0
00:30:00,501209101,6,0,9,1,0
00:30:00,501209102,9,1,11,1,0
00:30:00,501209104,5,1,12,1,0
00:30:00,501209105,22,3,4,1,0
00:30:00,501209106,10,0,10,1,0
00:30:00,501211001,18,4,19,1,0
00:30:00,501211002,6,0,9,1,0
00:30:00,501211004,10,2,5,1,0
00:30:00,501211005,5,1,14,1,0
00:30:00,501211006,12,2,4,1,0
00:30:00,501211007,14,0,5,1,0
00:30:00,501211009,5,0,13,1,0
00:30:00,501211011,20,6,10,1,0
00:30:00,501211012,6,2,12,1,0
00:41:10,501201001,0,0,0,2,0
00:41:10,501201002,7,1,32,1,0
00:41:10,501201003,0,0,23,1,0
00:41:10,501201004,6,1,9,1,0
00:41:10,501201005,5,0,14,1,0
00:41:10,501201006,10,1,18,1,0
00:41:10,501201007,1,0,18,1,0
00:41:10,501201008,5,0,20,1,0
00:41:10,501201010,3,1,7,1,0
00:41:10,501201011,5,1,17,1,0
00:41:10,501201012,8,0,30,1,0
00:41:10,501201013,8,0,13,1,0
00:41:10,501201014,10,1,9,1,0
00:41:10,501201015,17,0,8,1,0
00:41:10,501201016,7,0,17,1,0
00:41:10,501201017,12,0,14,1,0
00:41:10,501201018,5,0,18,1,0
00:41:10,501201019,5,1,23,1,0
00:41:10,501201020,2,0,22,1,0
00:41:10,501201021,10,0,4,1,0
00:41:10,501201022,7,0,9,1,0
00:41:10,501201023,4,1,24,1,0
00:41:10,501201024,3,0,21,1,0
00:41:10,501201025,6,2,18,1,0
00:41:10,501201026,2,0,17,1,0
00:41:10,501201028,14,2,6,1,0
00:41:10,501201029,6,0,6,1,0
00:41:10,501201030,3,0,12,1,0
00:41:10,501201031,4,1,13,1,0
00:41:10,501202001,7,0,7,1,0
00:41:10,501202003,8,0,32,1,0
00:41:10,501202013,5,0,12,1,0
00:41:10,501202023,10,1,5,1,0
00:41:10,501202024,2,1,13,1,0
00:41:10,501202034,11,0,5,1,0
00:41:10,501202035,9,0,21,1,0
00:41:10,501202036,17,0,21,1,0
00:41:10,501202040,6,0,39,1,0
00:41:10,501202043,21,0,4,1,0
00:41:10,501202044,0,0,0,2,0
00:41:10,501202047,9,0,13,1,0
00:41:10,501202050,11,3,4,1,0
00:41:10,501202055,11,0,4,1,0
00:41:10,501202058,5,0,10,1,0
00:41:10,501202065,5,0,9,1,0
00:41:10,501202068,3,0,15,1,0
00:41:10,501202070,5,2,11,1,0
00:41:10,501202078,19,2,6,1,0
00:41:10,501202080,15,0,11,1,0
00:41:10,501202081,7,0,16,1,0
00:41:10,501202082,7,0,16,1,0
00:41:10,501202083,23,5,1,1,0
00:41:10,501202084,15,0,9,1,0
00:41:10,501202085,12,1,23,1,0
00:41:10,501202088,6,2,24,1,0
00:41:10,501202089,1,0,28,1,0
00:41:10,501202096,4,0,11,1,0
00:41:10,501203001,2,0,18,1,0
00:41:10,501203002,1,0,20,1,0
00:41:10,501203003,3,1,91,1,0
00:41:10,501203005,7,2,13,1,0
00:41:10,501203006,2,0,13,1,0
00:41:10,501203007,9,0,6,1,0
00:41:10,501203008,14,2,2,1,0
00:41:10,501203010,26,2,7,1,0
00:41:10,501203011,21,7,17,1,0
00:41:10,501203012,5,1,11,1,0
00:41:10,501203013,7,3,17,1,0
00:41:10,501203015,10,3,2,1,0
00:41:10,501203020,1,0,18,1,0
00:41:10,501203022,1,1,18,1,0
00:41:10,501203023,5,0,13,1,0
00:41:10,501203028,13,0,12,1,0
00:41:10,501203040,1,1,23,1,0
00:41:10,501203045,12,2,6,1,0
00:41:10,501203050,33,1,27,1,0
00:41:10,501203051,15,0,8,1,0
00:41:10,501203053,2,0,24,1,0
00:41:10,501203054,4,0,17,1,0
00:41:10,501203064,5,0,11,1,0
00:41:10,501203065,14,4,1,1,0
00:41:10,501203070,9,1,6,1,0
00:41:10,501203073,6,0,18,1,0
00:41:10,501203076,7,0,8,1,0
00:41:10,501203078,7,0,9,1,0
00:41:10,501203080,10,1,4,1,0
00:41:10,501203084,9,0,2,1,0
00:41:10,501203085,5,0,5,1,0
00:41:10,501203088,7,0,7,1,0
00:41:10,501203089,7,3,5,1,0
00:41:10,501203090,2,1,8,1,0
00:41:10,501203091,7,0,6,1,0
00:41:10,501203092,7,0,13,1,0
00:41:10,501203100,6,1,13,1,0
00:41:10,501203101,0,0,0,2,0
00:41:10,501203102,5,0,14,1,0
00:41:10,501203104,12,1,6,1,0
00:41:10,501203105,3,0,7,1,0
00:41:10,501203107,0,0,0,2,0
00:41:10,501203109,11,0,15,1,0
00:41:10,501203110,14,0,26,1,0
00:41:10,501203111,9,0,2,1,0
00:41:10,501203113,5,1,14,1,0
00:41:10,501203114,14,3,36,1,0
00:41:10,501203117,0,0,0,2,0
00:41:10,501203118,12,0,8,1,0
00:41:10,501203121,14,1,10,1,0
00:41:10,501203122,12,0,8,1,0
00:41:10,501203125,17,1,8,1,0
00:41:10,501203131,17,1,3,1,0
00:41:10,501203140,1,1,41,1,0
00:41:10,501203141,5,3,10,1,0
00:41:10,501203142,2,0,34,1,0
00:41:10,501203145,8,1,7,1,0
00:41:10,501203151,16,0,2,1,0
00:41:10,501203155,9,2,10,1,0
00:41:10,501203157,1,1,16,1,0
00:41:10,501203159,5,1,15,1,0
00:41:10,501203161,1,0,18,1,0
00:41:10,501203162,10,0,11,1,0
00:41:10,501203163,7,1,9,1,0
00:41:10,501204001,13,0,12,1,0
00:41:10,501204002,14,0,22,1,0
00:41:10,501204003,16,0,28,1,0
00:41:10,501204004,0,0,14,1,0
00:41:10,501204005,16,5,4,1,0
00:41:10,501204007,5,1,31,1,0
00:41:10,501204008,0,0,15,1,0
00:41:10,501204009,0,0,0,2,0
00:41:10,501204010,0,0,0,2,0
00:41:10,501204011,7,2,8,1,0
00:41:10,501204012,5,1,9,1,0
00:41:10,501204013,3,0,10,1,0
00:41:10,501204014,5,0,11,1,0
00:41:10,501204015,12,0,3,1,0
00:41:10,501204016,4,0,16,1,0
00:41:10,501204017,5,0,10,1,0
00:41:10,501204018,8,0,16,1,0
00:41:10,501204020,1,0,19,1,0
00:41:10,501204021,11,0,9,1,0
00:41:10,501204022,8,0,8,1,0
00:41:10,501204023,13,1,2,1,0
00:41:10,501204024,0,0,0,2,0
00:41:10,501204025,13,0,7,1,0
00:41:10,501205001,7,1,10,1,0
00:41:10,501205003,7,0,12,1,0
00:41:10,501205004,6,1,10,1,0
00:41:10,501205005,9,0,13,1,0
00:41:10,501205006,19,1,1,1,0
00:41:10,501205007,6,0,6,1,0
00:41:10,501205008,4,1,22,1,0
00:41:10,501205009,22,0,23,1,0
00:41:10,501205010,6,2,7,1,0
00:41:10,501205011,4,0,28,1,0
00:41:10,501205012,7,0,13,1,0
00:41:10,501205013,5,1,16,1,0
00:41:10,501205014,21,7,2,1,0
00:41:10,501205015,5,2,13,1,0
00:41:10,501205018,2,0,16,1,0
00:41:10,501205019,1,0,27,1,0
00:41:10,501205020,6,1,24,1,0
00:41:10,501205021,9,0,6,1,0
00:41:10,501205022,8,1,7,1,0
00:41:10,501205023,9,0,6,1,0
00:41:10,501205025,16,0,12,1,0
00:41:10,501205026,1,0,18,1,0
00:41:10,501205027,7,0,3,1,0
00:41:10,501205028,11,2,3,1,0
00:41:10,501205029,4,1,6,1,0
00:41:10,501205030,2,0,8,1,0
00:41:10,501205033,5,0,10,1,0
00:41:10,501205034,9,2,19,1,0
00:41:10,501205035,8,1,8,1,0
00:41:10,501205036,6,1,9,1,0
00:41:10,501205037,8,1,7,1,0
00:41:10,501205038,9,2,11,1,0
00:41:10,501205039,5,0,15,1,0
00:41:10,501205040,18,0,7,1,0
00:41:10,501205041,13,0,4,1,0
00:41:10,501205042,4,1,25,1,0
00:41:10,501208011,18,1,19,1,0
00:41:10,501208013,29,2,24,1,0
00:41:10,501208014,10,0,28,1,0
00:41:10,501208015,7,0,8,1,0
00:41:10,501208018,14,1,1,1,0
00:41:10,501208021,2,0,15,1,0
00:41:10,501208027,2,0,28,1,0
00:41:10,501208029,13,1,8,1,0
00:41:10,501208030,14,0,24,1,0
00:41:10,501208032,21,0,7,1,0
00:41:10,501208040,5,1,14,1,0
00:41:10,501208041,0,0,15,1,0
00:41:10,501208045,5,0,27,1,0
00:41:10,501208051,9,1,27,1,0
00:41:10,501208053,20,0,1,1,0
00:41:10,501208054,2,0,26,1,0
00:41:10,501208059,5,0,24,1,0
00:41:10,501208064,1,0,19,1,0
00:41:10,501208077,10,3,0,1,0
00:41:10,501208079,1,0,21,1,0
00:41:10,501208082,4,0,5,1,0
00:41:10,501208085,13,0,2,1,0
00:41:10,501208087,4,0,27,1,0
00:41:10,501208089,17,0,8,1,0
00:41:10,501208091,2,1,41,1,0
00:41:10,501208111,9,3,6,1,0
00:41:10,501208113,4,0,16,1,0
00:41:10,501208114,8,0,12,1,0
00:41:10,501208129,2,0,20,1,0
00:41:10,501208130,8,0,5,1,0
00:41:10,501209002,12,1,8,1,0
00:41:10,501209003,9,0,4,1,0
00:41:10,501209004,6,2,9,1,0
00:41:10,501209005,0,0,18,1,0
00:41:10,501209006,7,0,9,1,0
00:41:10,501209007,11,0,3,1,0
00:41:10,501209009,0,0,0,2,0
00:41:10,501209010,10,2,3,1,0
00:41:10,501209011,1,1,24,1,0
00:41:10,501209014,6,2,6,1,0
00:41:10,501209015,11,1,4,1,0
00:41:10,501209016,14,0,14,1,0
00:41:10,501209017,10,1,2,1,0
00:41:10,501209018,9,0,8,1,0
00:41:10,501209019,6,0,17,1,0
00:41:10,501209020,3,1,29,1,0
00:41:10,501209021,8,3,6,1,0
00:41:10,501209022,1,0,9,1,0
00:41:10,501209023,2,0,40,1,0
00:41:10,501209024,6,2,36,1,0
00:41:10,501209025,6,1,9,1,0
00:41:10,501209026,11,1,15,1,0
00:41:10,501209027,6,0,12,1,0
00:41:10,501209028,9,2,19,1,0
00:41:10,501209030,9,0,9,1,0
00:41:10,501209031,4,0,26,1,0
00:41:10,501209032,3,1,25,1,0
00:41:10,501209033,4,1,16,1,0
00:41:10,501209034,7,1,8,1,0
00:41:10,501209035,1,0,27,1,0
00:41:10,501209036,8,2,23,1,0
00:41:10,501209037,12,1,23,1,0
00:41:10,501209038,10,0,6,1,0
00:41:10,501209039,4,0,26,1,0
00:41:10,501209040,2,0,29,1,0
00:41:10,501209042,5,1,14,1,0
00:41:10,501209043,15,1,10,1,0
00:41:10,501209044,9,3,6,1,0
00:41:10,501209045,0,0,15,1,0
00:41:10,501209046,7,1,15,1,0
00:41:10,501209047,8,1,6,1,0
00:41:10,501209049,1,0,19,1,0
00:41:10,501209050,10,1,3,1,0
00:41:10,501209051,14,2,10,1,0
00:41:10,501209052,4,3,18,1,0
00:41:10,501209053,5,1,15,1,0
00:41:10,501209054,13,0,14,1,0
00:41:10,501209056,10,0,5,1,0
00:41:10,501209058,9,2,7,1,0
00:41:10,501209059,1,0,14,1,0
00:41:10,501209060,6,0,14,1,0
00:41:10,501209062,7,0,8,1,0
00:41:10,501209064,10,1,5,1,0
00:41:10,501209065,2,1,13,1,0
00:41:10,501209066,14,1,0,1,0
00:41:10,501209067,7,1,8,1,0
00:41:10,501209068,10,3,7,1,0
00:41:10,501209069,1,0,62,1,0
00:41:10,501209070,16,1,1,1,0
00:41:10,501209071,8,1,9,1,0
00:41:10,501209073,10,2,5,1,0
00:41:10,501209074,11,1,12,1,0
00:41:10,501209075,14,2,2,1,0
00:41:10,501209076,3,0,20,1,0
00:41:10,501209077,9,1,6,1,0
00:41:10,501209078,6,3,7,1,0
00:41:10,501209079,0,0,25,1,0
00:41:10,501209080,3,0,23,1,0
00:41:10,501209081,8,0,7,1,0
00:41:10,501209084,13,0,10,1,0
00:41:10,501209085,2,0,26,1,0
00:41:10,501209087,2,0,36,1,0
00:41:10,501209088,6,0,9,1,0
00:41:10,501209089,14,0,5,1,0
00:41:10,501209090,8,0,6,1,0
00:41:10,501209091,2,1,14,1,0
00:41:10,501209092,12,1,3,1,0
00:41:10,501209093,6,0,9,1,0
00:41:10,501209094,3,0,13,1,0
00:41:10,501209095,10,1,4,1,0
00:41:10,501209096,10,3,5,1,0
00:41:10,501209097,1,1,14,1,0
00:41:10,501209098,7,0,8,1,0
00:41:10,501209099,1,0,18,1,0
00:41:10,501209100,13,3,2,1,0
00:41:10,501209101,6,0,9,1,0
00:41:10,501209102,9,1,11,1,0
00:41:10,501209104,5,1,12,1,0
00:41:10,501209105,22,3,4,1,0
00:41:10,501209106,10,0,10,1,0
00:41:10,501211001,19,4,18,1,0
00:41:10,501211002,6,0,9,1,0
00:41:10,501211004,10,2,5,1,0
00:41:10,501211005,5,1,14,1,0
00:41:10,501211006,12,2,4,1,0
00:41:10,501211007,14,0,5,1,0
00:41:10,501211009,5,0,13,1,0
00:41:10,501211011,20,6,10,1,0
00:41:10,501211012,6,2,12,1,0
00:50:00,501201001,0,0,0,2,0
00:50:00,501201002,7,1,32,1,0
00:50:00,501201003,0,0,23,1,0
00:50:00,501201004,6,1,9,1,0
00:50:00,501201005,5,0,14,1,0
00:50:00,501201006,9,1,19,1,0
00:50:00,501201007,1,0,18,1,0
00:50:00,501201008,5,0,20,1,0
00:50:00,501201010,3,1,7,1,0
00:50:00,501201011,5,1,17,1,0
00:50:00,501201012,8,0,30,1,0
00:50:00,501201013,10,1,11,1,0
00:50:00,501201014,10,1,9,1,0
00:50:00,501201015,18,1,7,1,0
00:50:00,501201016,8,0,16,1,0
00:50:00,501201017,13,1,13,1,0
00:50:00,501201018,5,0,18,1,0
00:50:00,501201019,5,1,23,1,0
00:50:00,501201020,1,0,23,1,0
00:50:00,501201021,9,0,5,1,0
00:50:00,501201022,7,0,9,1,0
00:50:00,501201023,4,1,24,1,0
00:50:00,501201024,3,0,21,1,0
00:50:00,501201025,6,2,18,1,0
00:50:00,501201026,3,0,16,1,0
00:50:00,501201028,14,2,6,1,0
00:50:00,501201029,6,0,6,1,0
00:50:00,501201030,3,0,12,1,0
00:50:00,501201031,3,0,14,1,0
00:50:00,501202001,8,0,6,1,0
00:50:00,501202003,9,1,31,1,0
00:50:00,501202013,5,0,12,1,0
00:50:00,501202023,10,1,5,1,0
00:50:00,501202024,2,1,13,1,0
00:50:00,501202034,12,0,4,1,0
00:50:00,501202035,9,0,21,1,0
00:50:00,501202036,17,0,21,1,0
00:50:00,501202040,6,0,39,1,0
00:50:00,501202043,21,0,4,1,0
00:50:00,501202044,0,0,0,2,0
00:50:00,501202047,9,0,13,1,0
00:50:00,501202050,10,2,5,1,0
00:50:00,501202055,12,0,3,1,0
00:50:00,501202058,5,0,10,1,0
00:50:00,501202065,5,0,9,1,0
00:50:00,501202068,3,0,15,1,0
00:50:00,501202070,5,2,11,1,0
00:50:00,501202078,19,2,6,1,0
00:50:00,501202080,15,0,11,1,0
00:50:00,501202081,7,0,16,1,0
00:50:00,501202082,7,0,16,1,0
00:50:00,501202083,23,5,1,1,0
00:50:00,501202084,13,0,11,1,0
00:50:00,501202085,12,1,23,1,0
00:50:00,501202088,6,2,24,1,0
00:50:00,501202089,1,0,28,1,0
00:50:00,501202096,5,0,10,1,0
00:50:00,501203001,2,0,18,1,0
00:50:00,501203002,1,0,20,1,0
00:50:00,501203003,3,1,91,1,0
00:50:00,501203005,7,2,13,1,0
00:50:00,501203006,2,0,13,1,0
00:50:00,501203007,9,0,6,1,0
00:50:00,501203008,14,2,2,1,0
00:50:00,501203010,26,2,7,1,0
00:50:00,501203011,21,7,17,1,0
00:50:00,501203012,5,1,11,1,0
00:50:00,501203013,7,3,17,1,0
00:50:00,501203015,10,3,2,1,0
00:50:00,501203020,1,0,18,1,0
00:50:00,501203022,1,1,18,1,0
00:50:00,501203023,6,0,12,1,0
00:50:00,501203028,13,0,12,1,0
00:50:00,501203040,1,1,23,1,0
00:50:00,501203045,12,2,6,1,0
00:50:00,501203050,33,1,27,1,0
00:50:00,501203051,15,0,8,1,0
00:50:00,501203053,2,0,24,1,0
00:50:00,501203054,4,0,17,1,0
00:50:00,501203064,5,0,11,1,0
00:50:00,501203065,14,4,1,1,0
00:50:00,501203070,9,1,6,1,0
00:50:00,501203073,6,0,18,1,0
00:50:00,501203076,7,0,8,1,0
00:50:00,501203078,7,0,9,1,0
00:50:00,501203080,11,1,3,1,0
00:50:00,501203084,8,0,3,1,0
00:50:00,501203085,5,0,5,1,0
00:50:00,501203088,7,0,7,1,0
00:50:00,501203089,7,3,5,1,0
00:50:00,501203090,2,1,8,1,0
00:50:00,501203091,7,0,6,1,0
00:50:00,501203092,7,0,13,1,0
00:50:00,501203100,5,0,14,1,0
00:50:00,501203101,0,0,0,2,0
00:50:00,501203102,5,0,14,1,0
00:50:00,501203104,12,1,6,1,0
00:50:00,501203105,4,0,6,1,0
00:50:00,501203107,0,0,0,2,0
00:50:00,501203109,10,0,16,1,0
00:50:00,501203110,14,0,26,1,0
00:50:00,501203111,9,0,2,1,0
00:50:00,501203113,6,2,13,1,0
00:50:00,501203114,14,3,36,1,0
00:50:00,501203117,0,0,0,2,0
00:50:00,501203118,12,0,8,1,0
00:50:00,501203121,14,1,10,1,0
00:50:00,501203122,12,0,8,1,0
00:50:00,501203125,17,1,8,1,0
00:50:00,501203131,17,1,3,1,0
00:50:00,501203140,1,1,41,1,0
00:50:00,501203141,5,3,10,1,0
00:50:00,501203142,2,0,34,1,0
00:50:00,501203145,8,1,7,1,0
00:50:00,501203151,16,0,2,1,0
00:50:00,501203155,10,2,9,1,0
00:50:00,501203157,1,1,16,1,0
00:50:00,501203159,5,1,15,1,0
00:50:00,501203161,1,0,18,1,0
00:50:00,501203162,10,0,11,1,0
00:50:00,501203163,7,1,9,1,0
00:50:00,501204001,12,0,13,1,0
00:50:00,501204002,15,0,21,1,0
00:50:00,501204003,16,0,28,1,0
00:50:00,501204004,0,0,14,1,0
00:50:00,501204005,15,5,5,1,0
00:50:00,501204007,5,1,31,1,0
00:50:00,501204008,0,0,15,1,0
00:50:00,501204009,0,0,0,2,0
00:50:00,501204010,0,0,0,2,0
00:50:00,501204011,7,2,8,1,0
00:50:00,501204012,5,1,9,1,0
00:50:00,501204013,3,0,10,1,0
00:50:00,501204014,5,0,11,1,0
00:50:00,501204015,12,0,3,1,0
00:50:00,501204016,5,0,15,1,0
00:50:00,501204017,5,0,10,1,0
00:50:00,501204018,8,0,16,1,0
00:50:00,501204020,1,0,19,1,0
00:50:00,501204021,11,0,9,1,0
00:50:00,501204022,8,0,8,1,0
00:50:00,501204023,13,1,2,1,0
00:50:00,501204024,0,0,0,2,0
00:50:00,501204025,13,0,7,1,0
00:50:00,501205001,7,1,10,1,0
00:50:00,501205003,7,0,12,1,0
00:50:00,501205004,6,1,10,1,0
00:50:00,501205005,8,0,14,1,0
00:50:00,501205006,19,0,1,1,0
00:50:00,501205007,6,0,6,1,0
00:50:00,501205008,4,1,22,1,0
00:50:00,501205009,22,0,23,1,0
00:50:00,501205010,6,2,7,1,0
00:50:00,501205011,4,0,28,1,0
00:50:00,501205012,8,0,12,1,0
00:50:00,501205013,5,1,16,1,0
00:50:00,501205014,21,7,2,1,0
00:50:00,501205015,5,2,13,1,0
00:50:00,501205018,2,0,16,1,0
00:50:00,501205019,1,0,27,1,0
00:50:00,501205020,6,1,24,1,0
00:50:00,501205021,10,0,5,1,0
00:50:00,501205022,8,1,7,1,0
00:50:00,501205023,9,0,6,1,0
00:50:00,501205025,16,0,12,1,0
00:50:00,501205026,0,0,19,1,0
00:50:00,501205027,7,0,3,1,0
00:50:00,501205028,12,2,2,1,0
00:50:00,501205029,4,1,6,1,0
00:50:00,501205030,1,0,9,1,0
00:50:00,501205033,5,0,10,1,0
00:50:00,501205034,9,2,19,1,0
00:50:00,501205035,8,1,8,1,0
00:50:00,501205036,6,1,9,1,0
00:50:00,501205037,8,1,7,1,0
00:50:00,501205038,9,2,11,1,0
00:50:00,501205039,5,0,15,1,0
00:50:00,501205040,18,0,7,1,0
00:50:00,501205041,13,0,4,1,0
00:50:00,501205042,4,1,25,1,0
00:50:00,501208011,17,1,20,1,0
00:50:00,501208013,29,2,24,1,0
00:50:00,501208014,10,0,28,1,0
00:50:00,501208015,7,0,8,1,0
00:50:00,501208018,14,1,1,1,0
00:50:00,501208021,2,0,15,1,0
00:50:00,501208027,2,0,28,1,0
00:50:00,501208029,13,1,8,1,0
00:50:00,501208030,14,0,24,1,0
00:50:00,501208032,21,0,7,1,0
00:50:00,501208040,5,1,14,1,0
00:50:00,501208041,0,0,15,1,0
00:50:00,501208045,5,0,27,1,0
00:50:00,501208051,9,1,27,1,0
00:50:00,501208053,20,0,1,1,0
00:50:00,501208054,2,0,26,1,0
00:50:00,501208059,5,0,24,1,0
00:50:00,501208064,1,0,19,1,0
00:50:00,501208077,10,3,0,1,0
00:50:00,501208079,1,0,21,1,0
00:50:00,501208082,4,0,5,1,0
00:50:00,501208085,13,0,2,1,0
00:50:00,501208087,4,0,27,1,0
00:50:00,501208089,17,0,8,1,0
00:50:00,501208091,2,1,41,1,0
00:50:00,501208111,8,2,7,1,0
00:50:00,501208113,4,0,16,1,0
00:50:00,501208114,8,0,12,1,0
00:50:00,501208129,2,0,20,1,0
00:50:00,501208130,8,0,5,1,0
00:50:00,501209002,12,1,8,1,0
00:50:00,501209003,9,0,4,1,0
00:50:00,501209004,6,2,9,1,0
00:50:00,501209005,0,0,18,1,0
00:50:00,501209006,7,0,9,1,0
00:50:00,501209007,11,0,3,1,0
00:50:00,501209009,0,0,0,2,0
00:50:00,501209010,10,2,3,1,0
00:50:00,501209011,1,1,24,1,0
00:50:00,501209014,6,2,6,1,0
00:50:00,501209015,11,1,4,1,0
00:50:00,501209016,14,0,14,1,0
00:50:00,501209017,10,1,2,1,0
00:50:00,501209018,9,0,8,1,0
00:50:00,501209019,6,0,17,1,0
00:50:00,501209020,3,1,29,1,0
00:50:00,501209021,8,3,6,1,0
00:50:00,501209022,1,0,9,1,0
00:50:00,501209023,2,0,40,1,0
00:50:00,501209024,6,2,36,1,0
00:50:00,501209025,6,1,9,1,0
00:50:00,501209026,11,1,15,1,0
00:50:00,501209027,6,0,12,1,0
00:50:00,501209028,9,2,19,1,0
00:50:00,501209030,9,0,9,1,0
00:50:00,501209031,4,0,26,1,0
00:50:00,501209032,2,0,26,1,0
00:50:00,501209033,4,1,16,1,0
00:50:00,501209034,7,1,8,1,0
00:50:00,501209035,1,0,27,1,0
00:50:00,501209036,9,2,22,1,0
00:50:00,501209037,12,1,23,1,0
00:50:00,501209038,10,0,6,1,0
00:50:00,501209039,4,0,26,1,0
00:50:00,501209040,2,0,29,1,0
00:50:00,501209042,5,1,14,1,0
00:50:00,501209043,15,1,10,1,0
00:50:00,501209044,9,3,6,1,0
00:50:00,501209045,1,0,14,1,0
00:50:00,501209046,7,1,15,1,0
00:50:00,501209047,8,1,6,1,0
00:50:00,501209049,1,0,19,1,0
00:50:00,501209050,10,1,3,1,0
00:50:00,501209051,14,2,10,1,0
00:50:00,501209052,4,3,18,1,0
00:50:00,501209053,5,1,15,1,0
00:50:00,501209054,13,0,14,1,0
00:50:00,501209056,10,0,5,1,0
00:50:00,501209058,9,2,7,1,0
00:50:00,501209059,1,0,14,1,0
00:50:00,501209060,5,0,15,1,0
00:50:00,501209062,7,0,8,1,0
00:50:00,501209064,10,1,5,1,0
00:50:00,501209065,2,1,13,1,0
00:50:00,501209066,14,1,0,1,0
00:50:00,501209067,7,1,8,1,0
00:50:00,501209068,10,3,7,1,0
00:50:00,501209069,1,0,62,1,0
00:50:00,501209070,16,1,1,1,0
00:50:00,501209071,8,1,9,1,0
00:50:00,501209073,10,2,5,1,0
00:50:00,501209074,11,1,12,1,0
00:50:00,501209075,14,2,2,1,0
00:50:00,501209076,3,0,20,1,0
00:50:00,501209077,9,1,6,1,0
00:50:00,501209078,6,3,7,1,0
00:50:00,501209079,0,0,25,1,0
00:50:00,501209080,3,0,23,1,0
00:50:00,501209081,8,0,7,1,0
00:50:00,501209084,13,0,10,1,0
00:50:00,501209085,2,0,26,1,0
00:50:00,501209087,2,0,36,1,0
00:50:00,501209088,6,0,9,1,0
00:50:00,501209089,14,0,5,1,0
00:50:00,501209090,8,0,6,1,0
00:50:00,501209091,2,1,14,1,0
00:50:00,501209092,12,1,3,1,0
00:50:00,501209093,6,0,9,1,0
00:50:00,501209094,3,0,13,1,0
00:50:00,501209095,10,1,4,1,0
00:50:00,501209096,10,3,5,1,0
00:50:00,501209097,1,1,14,1,0
00:50:00,501209098,7,0,8,1,0
00:50:00,501209099,1,0,18,1,0
00:50:00,501209100,13,3,2,1,0
00:50:00,501209101,6,0,9,1,0
00:50:00,501209102,9,1,11,1,0
00:50:00,501209104,5,1,12,1,0
00:50:00,501209105,22,3,4,1,0
00:50:00,501209106,10,0,10,1,0
00:50:00,501211001,19,4,18,1,0
00:50:00,501211002,6,0,9,1,0
00:50:00,501211004,10,2,5,1,0
00:50:00,501211005,5,1,14,1,0
00:50:00,501211006,12,2,4,1,0
00:50:00,501211007,14,0,5,1,0
00:50:00,501211009,5,0,13,1,0
00:50:00,501211011,20,6,10,1,0
00:50:00,501211012,6,2,12,1,0
01:00:00,501201001,0,0,0,2,0
01:00:00,501201002,7,1,32,1,0
01:00:00,501201003,0,0,23,1,0
01:00:00,501201004,6,1,9,1,0
01:00:00,501201005,5,0,14,1,0
01:00:00,501201006,9,1,19,1,0
01:00:00,501201007,0,0,19,1,0
01:00:00,501201008,5,0,20,1,0
01:00:00,501201010,3,1,7,1,0
01:00:00,501201011,5,1,17,1,0
01:00:00,501201012,8,0,30,1,0
01:00:00,501201013,10,1,11,1,0
01:00:00,501201014,10,1,9,1,0
01:00:00,501201015,18,1,7,1,0
01:00:00,501201016,8,0,16,1,0
01:00:00,501201017,12,1,14,1,0
01:00:00,501201018,5,0,18,1,0
01:00:00,501201019,4,0,24,1,0
01:00:00,501201020,1,0,23,1,0
01:00:00,501201021,9,0,5,1,0
01:00:00,501201022,7,0,9,1,0
01:00:00,501201023,4,1,24,1,0
01:00:00,501201024,2,0,22,1,0
01:00:00,501201025,6,2,18,1,0
01:00:00,501201026,3,0,16,1,0
01:00:00,501201028,14,2,6,1,0
01:00:00,501201029,6,0,6,1,0
01:00:00,501201030,3,0,12,1,0
01:00:00,501201031,4,1,13,1,0
01:00:00,501202001,8,0,6,1,0
01:00:00,501202003,9,1,31,1,0
01:00:00,501202013,5,0,12,1,0
01:00:00,501202023,10,1,5,1,0
01:00:00,501202024,2,1,13,1,0
01:00:00,501202034,12,0,4,1,0
01:00:00,501202035,9,0,21,1,0
01:00:00,501202036,17,0,21,1,0
01:00:00,501202040,6,0,39,1,0
01:00:00,501202043,21,0,4,1,0
01:00:00,501202044,0,0,0,2,0
01:00:00,501202047,9,0,13,1,0
01:00:00,501202050,10,2,5,1,0
01:00:00,501202055,12,0,3,1,0
01:00:00,501202058,8,3,7,1,0
01:00:00,501202065,5,0,9,1,0
01:00:00,501202068,3,0,15,1,0
01:00:00,501202070,6,2,10,1,0
01:00:00,501202078,19,2,6,1,0
01:00:00,501202080,15,0,11,1,0
01:00:00,501202081,7,0,16,1,0
01:00:00,501202082,7,0,16,1,0
01:00:00,501202083,22,4,2,1,0
01:00:00,501202084,13,0,11,1,0
01:00:00,501202085,12,1,23,1,0
01:00:00,501202088,6,2,24,1,0
01:00:00,501202089,1,0,28,1,0
01:00:00,501202096,6,1,9,1,0
01:00:00,501203001,2,0,18,1,0
01:00:00,501203002,1,0,20,1,0
01:00:00,501203003,3,1,91,1,0
01:00:00,501203005,7,2,13,1,0
01:00:00,501203006,2,0,13,1,0
01:00:00,501203007,9,0,6,1,0
01:00:00,501203008,14,2,2,1,0
01:00:00,501203010,25,1,8,1,0
01:00:00,501203011,21,7,17,1,0
01:00:00,501203012,5,1,11,1,0
01:00:00,501203013,7,3,17,1,0
01:00:00,501203015,10,3,2,1,0
01:00:00,501203020,1,0,18,1,0
01:00:00,501203022,1,1,18,1,0
01:00:00,501203023,5,0,13,1,0
01:00:00,501203028,14,1,11,1,0
01:00:00,501203040,1,1,23,1,0
01:00:00,501203045,12,2,6,1,0
01:00:00,501203050,33,1,27,1,0
01:00:00,501203051,14,0,9,1,0
01:00:00,501203053,2,0,24,1,0
01:00:00,501203054,4,0,17,1,0
01:00:00,501203064,5,0,11,1,0
01:00:00,501203065,15,4,0,1,0
01:00:00,501203070,10,1,5,1,0
01:00:00,501203073,6,0,18,1,0
01:00:00,501203076,7,0,8,1,0
01:00:00,501203078,7,0,9,1,0
01:00:00,501203080,11,1,3,1,0
01:00:00,501203084,8,0,3,1,0
01:00:00,501203085,5,0,5,1,0
01:00:00,501203088,7,0,7,1,0
01:00:00,501203089,7,3,5,1,0
01:00:00,501203090,2,1,8,1,0
01:00:00,501203091,7,0,6,1,0
01:00:00,501203092,7,0,13,1,0
01:00:00,501203100,6,1,13,1,0
01:00:00,501203101,0,0,0,2,0
01:00:00,501203102,5,0,14,1,0
01:00:00,501203104,12,1,6,1,0
01:00:00,501203105,3,0,7,1,0
01:00:00,501203107,0,0,0,2,0
01:00:00,501203109,10,0,16,1,0
01:00:00,501203110,14,0,26,1,0
01:00:00,501203111,9,0,2,1,0
01:00:00,501203113,6,2,13,1,0
01:00:00,501203114,14,3,36,1,0
01:00:00,501203117,0,0,0,2,0
01:00:00,501203118,12,0,8,1,0
01:00:00,501203121,14,1,10,1,0
01:00:00,501203122,12,0,8,1,0
01:00:00,501203125,17,1,8,1,0
01:00:00,501203131,17,1,3,1,0
01:00:00,501203140,1,1,41,1,0
01:00:00,501203141,5,3,10,1,0
01:00:00,501203142,3,0,33,1,0
01:00:00,501203145,8,1,7,1,0
01:00:00,501203151,16,0,2,1,0
01:00:00,501203155,10,2,9,1,0
01:00:00,501203157,1,1,16,1,0
01:00:00,501203159,5,1,15,1,0
01:00:00,501203161,1,0,18,1,0
01:00:00,501203162,10,0,11,1,0
01:00:00,501203163,7,1,9,1,0
01:00:00,501204001,12,0,13,1,0
01:00:00,501204002,15,0,21,1,0
01:00:00,501204003,16,0,28,1,0
01:00:00,501204004,0,0,14,1,0
01:00:00,501204005,11,5,9,1,0
01:00:00,501204007,5,1,31,1,0
01:00:00,501204008,0,0,15,1,0
01:00:00,501204009,0,0,0,2,0
01:00:00,501204010,0,0,0,2,0
01:00:00,501204011,7,2,8,1,0
01:00:00,501204012,5,1,9,1,0
01:00:00,501204013,3,0,10,1,0
01:00:00,501204014,5,0,11,1,0
01:00:00,501204015,12,0,3,1,0
01:00:00,501204016,5,0,15,1,0
01:00:00,501204017,5,0,10,1,0
01:00:00,501204018,8,0,16,1,0
01:00:00,501204020,1,0,19,1,0
01:00:00,501204021,11,0,9,1,0
01:00:00,501204022,8,0,8,1,0
01:00:00,501204023,13,1,2,1,0
01:00:00,501204024,0,0,0,2,0
01:00:00,501204025,13,0,7,1,0
01:00:00,501205001,8,2,9,1,0
01:00:00,501205003,7,0,12,1,0
01:00:00,501205004,6,1,10,1,0
01:00:00,501205005,8,0,14,1,0
01:00:00,501205006,19,0,1,1,0
01:00:00,501205007,6,0,6,1,0
01:00:00,501205008,4,1,22,1,0
01:00:00,501205009,22,0,23,1,0
01:00:00,501205010,4,1,9,1,0
01:00:00,501205011,4,0,28,1,0
01:00:00,501205012,7,0,13,1,0
01:00:00,501205013,5,1,16,1,0
01:00:00,501205014,21,7,2,1,0
01:00:00,501205015,5,2,13,1,0
01:00:00,501205018,2,0,16,1,0
01:00:00,501205019,1,0,27,1,0
01:00:00,501205020,6,1,24,1,0
01:00:00,501205021,10,0,5,1,0
01:00:00,501205022,8,1,7,1,0
01:00:00,501205023,9,0,6,1,0
01:00:00,501205025,16,0,12,1,0
01:00:00,501205026,0,0,19,1,0
01:00:00,501205027,7,0,3,1,0
01:00:00,501205028,12,2,2,1,0
01:00:00,501205029,4,1,6,1,0
01:00:00,501205030,1,0,9,1,0
01:00:00,501205033,5,0,10,1,0
01:00:00,501205034,9,1,19,1,0
01:00:00,501205035,8,1,8,1,0
01:00:00,501205036,6,1,9,1,0
01:00:00,501205037,10,1,5,1,0
01:00:00,501205038,9,2,11,1,0
01:00:00,501205039,6,0,14,1,0
01:00:00,501205040,18,0,7,1,0
01:00:00,501205041,12,0,5,1,0
01:00:00,501205042,4,1,25,1,0
01:00:00,501208011,16,1,21,1,0
01:00:00,501208013,29,2,24,1,0
01:00:00,501208014,10,0,28,1,0
01:00:00,501208015,7,0,8,1,0
01:00:00,501208018,14,1,1,1,0
01:00:00,501208021,2,0,15,1,0
01:00:00,501208027,2,0,28,1,0
01:00:00,501208029,13,1,8,1,0
01:00:00,501208030,14,0,24,1,0
01:00:00,501208032,21,0,7,1,0
01:00:00,501208040,5,1,14,1,0
01:00:00,501208041,0,0,15,1,0
01:00:00,501208045,5,0,27,1,0
01:00:00,501208051,9,1,27,1,0
01:00:00,501208053,20,0,1,1,0
01:00:00,501208054,2,0,26,1,0
01:00:00,501208059,5,0,24,1,0
01:00:00,501208064,1,0,19,1,0
01:00:00,501208077,10,3,0,1,0
01:00:00,501208079,1,0,21,1,0
01:00:00,501208082,4,0,5,1,0
01:00:00,501208085,13,0,2,1,0
01:00:00,501208087,4,0,27,1,0
01:00:00,501208089,17,0,8,1,0
01:00:00,501208091,2,1,41,1,0
01:00:00,501208111,7,1,7,1,0
01:00:00,501208113,4,0,16,1,0
01:00:00,501208114,8,0,12,1,0
01:00:00,501208129,2,0,20,1,0
01:00:00,501208130,8,0,5,1,0
01:00:00,501209002,12,1,8,1,0
01:00:00,501209003,9,0,4,1,0
01:00:00,501209004,6,2,9,1,0
01:00:00,501209005,0,0,18,1,0
01:00:00,501209006,7,0,9,1,0
01:00:00,501209007,11,0,3,1,0
01:00:00,501209009,0,0,0,2,0
01:00:00,501209010,10,2,3,1,0
01:00:00,501209011,1,1,24,1,0
01:00:00,501209014,6,2,6,1,0
01:00:00,501209015,11,1,4,1,0
01:00:00,501209016,14,0,14,1,0
01:00:00,501209017,10,1,2,1,0
01:00:00,501209018,9,0,8,1,0
01:00:00,501209019,6,0,17,1,0
01:00:00,501209020,3,1,29,1,0
01:00:00,501209021,8,3,6,1,0
01:00:00,501209022,1,0,9,1,0
01:00:00,501209023,2,0,40,1,0
01:00:00,501209024,6,2,36,1,0
01:00:00,501209025,6,1,9,1,0
01:00:00,501209026,12,1,14,1,0
01:00:00,501209027,6,0,12,1,0
01:00:00,501209028,9,2,19,1,0
01:00:00,501209030,9,0,9,1,0
01:00:00,501209031,4,0,26,1,0
01:00:00,501209032,2,0,26,1,0
01:00:00,501209033,4,1,16,1,0
01:00:00,501209034,7,1,8,1,0
01:00:00,501209035,1,0,27,1,0
01:00:00,501209036,9,2,22,1,0
01:00:00,501209037,12,1,23,1,0
01:00:00,501209038,10,0,6,1,0
01:00:00,501209039,4,0,26,1,0
01:00:00,501209040,2,0,29,1,0
01:00:00,501209042,5,1,14,1,0
01:00:00,501209043,15,1,10,1,0
01:00:00,501209044,9,3,6,1,0
01:00:00,501209045,1,0,14,1,0
01:00:00,501209046,7,1,15,1,0
01:00:00,501209047,8,1,6,1,0
01:00:00,501209049,1,0,19,1,0
01:00:00,501209050,10,1,3,1,0
01:00:00,501209051,14,2,10,1,0
01:00:00,501209052,4,3,18,1,0
01:00:00,501209053,5,1,15,1,0
01:00:00,501209054,13,0,14,1,0
01:00:00,501209056,10,0,5,1,0
01:00:00,501209058,9,2,7,1,0
01:00:00,501209059,1,0,14,1,0
01:00:00,501209060,4,0,16,1,0
01:00:00,501209062,7,0,8,1,0
01:00:00,501209064,10,1,5,1,0
01:00:00,501209065,2,1,13,1,0
01:00:00,501209066,10,0,4,1,0
01:00:00,501209067,7,1,8,1,0
01:00:00,501209068,10,3,7,1,0
01:00:00,501209069,1,0,62,1,0
01:00:00,501209070,16,1,1,1,0
01:00:00,501209071,8,1,9,1,0
01:00:00,501209073,10,2,5,1,0
01:00:00,501209074,11,1,12,1,0
01:00:00,501209075,14,2,2,1,0
01:00:00,501209076,3,0,20,1,0
01:00:00,501209077,9,1,6,1,0
01:00:00,501209078,6,3,7,1,0
01:00:00,501209079,4,0,21,1,0
01:00:00,501209080,3,0,23,1,0
01:00:00,501209081,8,0,7,1,0
01:00:00,501209084,13,0,10,1,0
01:00:00,501209085,2,0,26,1,0
01:00:00,501209087,2,0,36,1,0
01:00:00,501209088,6,0,9,1,0
01:00:00,501209089,14,0,5,1,0
01:00:00,501209090,8,0,6,1,0
01:00:00,501209091,2,1,14,1,0
01:00:00,501209092,12,1,3,1,0
01:00:00,501209093,6,0,9,1,0
01:00:00,501209094,3,0,13,1,0
01:00:00,501209095,10,1,4,1,0
01:00:00,501209096,10,3,5,1,0
01:00:00,501209097,1,1,14,1,0
01:00:00,501209098,7,0,8,1,0
01:00:00,501209099,1,0,18,1,0
01:00:00,501209100,13,3,2,1,0
01:00:00,501209101,6,0,9,1,0
01:00:00,501209102,9,1,11,1,0
01:00:00,501209104,5,1,12,1,0
01:00:00,501209105,22,3,4,1,0
01:00:00,501209106,10,0,10,1,0
01:00:00,501211001,19,4,18,1,0
01:00:00,501211002,6,0,9,1,0
01:00:00,501211004,10,2,5,1,0
01:00:00,501211005,5,1,14,1,0
01:00:00,501211006,12,2,4,1,0
01:00:00,501211007,14,0,5,1,0
01:00:00,501211009,5,0,13,1,0
01:00:00,501211011,20,6,10,1,0
01:00:00,501211012,6,2,12,1,0
01:10:00,501201001,0,0,0,2,0
01:10:00,501201002,7,1,32,1,0
01:10:00,501201003,0,0,23,1,0
01:10:00,501201004,6,1,9,1,0
01:10:00,501201005,5,0,14,1,0
01:10:00,501201006,8,1,20,1,0
01:10:00,501201007,0,0,19,1,0
01:10:00,501201008,5,0,20,1,0
01:10:00,501201010,2,0,8,1,0
01:10:00,501201011,5,1,17,1,0
01:10:00,501201012,8,0,30,1,0
01:10:00,501201013,10,1,11,1,0
01:10:00,501201014,10,1,9,1,0
01:10:00,501201015,18,1,7,1,0
01:10:00,501201016,7,0,17,1,0
01:10:00,501201017,12,1,14,1,0
01:10:00,501201018,5,0,18,1,0
01:10:00,501201019,5,0,23,1,0
01:10:00,501201020,1,0,23,1,0
01:10:00,501201021,9,0,5,1,0
01:10:00,501201022,7,0,9,1,0
01:10:00,501201023,4,1,24,1,0
01:10:00,501201024,2,0,22,1,0
01:10:00,501201025,6,2,18,1,0
01:10:00,501201026,3,0,16,1,0
01:10:00,501201028,14,2,6,1,0
01:10:00,501201029,6,0,6,1,0
01:10:00,501201030,4,0,11,1,0
01:10:00,501201031,5,2,12,1,0
01:10:00,501202001,8,0,6,1,0
01:10:00,501202003,9,0,31,1,0
01:10:00,501202013,1,0,15,1,0
01:10:00,501202023,10,1,5,1,0
01:10:00,501202024,2,1,13,1,0
01:10:00,501202034,12,0,4,1,0
01:10:00,501202035,9,0,21,1,0
01:10:00,501202036,17,0,21,1,0
01:10:00,501202040,6,0,39,1,0
01:10:00,501202043,21,0,4,1,0
01:10:00,501202044,0,0,0,2,0
01:10:00,501202047,9,0,13,1,0
01:10:00,501202050,10,2,5,1,0
01:10:00,501202055,12,0,3,1,0
01:10:00,501202058,8,3,7,1,0
01:10:00,501202065,5,0,9,1,0
01:10:00,501202068,3,0,15,1,0
01:10:00,501202070,6,2,10,1,0
01:10:00,501202078,19,2,6,1,0
01:10:00,501202080,15,0,11,1,0
01:10:00,501202081,7,0,16,1,0
01:10:00,501202082,7,0,16,1,0
01:10:00,501202083,21,3,3,1,0
01:10:00,501202084,13,0,11,1,0
01:10:00,501202085,12,1,23,1,0
01:10:00,501202088,6,2,24,1,0
01:10:00,501202089,1,0,28,1,0
01:10:00,501202096,6,1,9,1,0
01:10:00,501203001,3,0,17,1,0
01:10:00,501203002,1,0,20,1,0
01:10:00,501203003,3,1,91,1,0
01:10:00,501203005,7,2,13,1,0
01:10:00,501203006,2,0,13,1,0
01:10:00,501203007,9,0,6,1,0
01:10:00,501203008,14,2,2,1,0
01:10:00,501203010,25,1,8,1,0
01:10:00,501203011,21,7,17,1,0
01:10:00,501203012,5,1,11,1,0
01:10:00,501203013,7,3,17,1,0
01:10:00,501203015,10,3,2,1,0
01:10:00,501203020,1,0,18,1,0
01:10:00,501203022,1,1,18,1,0
01:10:00,501203023,5,0,13,1,0
01:10:00,501203028,14,1,11,1,0
01:10:00,501203040,1,1,23,1,0
01:10:00,501203045,12,2,6,1,0
01:10:00,501203050,33,1,27,1,0
01:10:00,501203051,14,0,9,1,0
01:10:00,501203053,2,0,24,1,0
01:10:00,501203054,4,0,17,1,0
01:10:00,501203064,5,0,11,1,0
01:10:00,501203065,15,4,0,1,0
01:10:00,501203070,10,1,5,1,0
01:10:00,501203073,6,0,18,1,0
01:10:00,501203076,7,0,8,1,0
01:10:00,501203078,7,0,9,1,0
01:10:00,501203080,11,1,3,1,0
01:10:00,501203084,8,0,3,1,0
01:10:00,501203085,5,0,5,1,0
01:10:00,501203088,7,0,7,1,0
01:10:00,501203089,7,3,5,1,0
01:10:00,501203090,2,1,8,1,0
01:10:00,501203091,7,0,6,1,0
01:10:00,501203092,7,0,13,1,0
01:10:00,501203100,6,1,13,1,0
01:10:00,501203101,0,0,0,2,0
01:10:00,501203102,5,0,14,1,0
01:10:00,501203104,12,1,6,1,0
01:10:00,501203105,3,0,7,1,0
01:10:00,501203107,0,0,0,2,0
01:10:00,501203109,10,0,16,1,0
01:10:00,501203110,14,0,26,1,0
01:10:00,501203111,9,0,2,1,0
01:10:00,501203113,6,2,13,1,0
01:10:00,501203114,14,3,36,1,0
01:10:00,501203117,0,0,0,2,0
01:10:00,501203118,12,0,8,1,0
01:10:00,501203121,14,1,10,1,0
01:10:00,501203122,12,0,8,1,0
01:10:00,501203125,17,1,8,1,0
01:10:00,501203131,17,1,3,1,0
01:10:00,501203140,1,1,41,1,0
01:10:00,501203141,5,3,10,1,0
01:10:00,501203142,3,0,33,1,0
01:10:00,501203145,8,1,7,1,0
01:10:00,501203151,16,0,2,1,0
01:10:00,501203155,10,2,9,1,0
01:10:00,501203157,1,1,16,1,0
01:10:00,501203159,5,1,15,1,0
01:10:00,501203161,1,0,18,1,0
01:10:00,501203162,10,0,11,1,0
01:10:00,501203163,7,1,9,1,0
01:10:00,501204001,12,0,13,1,0
01:10:00,501204002,15,0,21,1,0
01:10:00,501204003,16,0,28,1,0
01:10:00,501204004,0,0,14,1,0
01:10:00,501204005,11,5,9,1,0
01:10:00,501204007,5,1,31,1,0
01:10:00,501204008,0,0,15,1,0
01:10:00,501204009,0,0,0,2,0
01:10:00,501204010,0,0,0,2,0
01:10:00,501204011,5,2,10,1,0
01:10:00,501204012,6,1,8,1,0
01:10:00,501204013,3,0,10,1,0
01:10:00,501204014,5,0,11,1,0
01:10:00,501204015,12,0,3,1,0
01:10:00,501204016,5,0,15,1,0
01:10:00,501204017,5,0,10,1,0
01:10:00,501204018,8,0,16,1,0
01:10:00,501204020,1,0,19,1,0
01:10:00,501204021,11,0,9,1,0
01:10:00,501204022,8,0,8,1,0
01:10:00,501204023,13,1,2,1,0
01:10:00,501204024,0,0,0,2,0
01:10:00,501204025,13,0,7,1,0
01:10:00,501205001,8,1,9,1,0
01:10:00,501205003,7,0,12,1,0
01:10:00,501205004,6,1,10,1,0
01:10:00,501205005,8,0,14,1,0
01:10:00,501205006,19,0,1,1,0
01:10:00,501205007,6,0,6,1,0
01:10:00,501205008,4,1,22,1,0
01:10:00,501205009,22,0,23,1,0
01:10:00,501205010,4,1,9,1,0
01:10:00,501205011,4,0,28,1,0
01:10:00,501205012,7,0,13,1,0
01:10:00,501205013,5,1,16,1,0
01:10:00,501205014,21,7,2,1,0
01:10:00,501205015,5,2,13,1,0
01:10:00,501205018,2,0,16,1,0
01:10:00,501205019,1,0,27,1,0
01:10:00,501205020,6,1,24,1,0
01:10:00,501205021,10,0,5,1,0
01:10:00,501205022,8,1,7,1,0
01:10:00,501205023,9,0,6,1,0
01:10:00,501205025,16,0,12,1,0
01:10:00,501205026,0,0,19,1,0
01:10:00,501205027,6,0,4,1,0
01:10:00,501205028,12,2,2,1,0
01:10:00,501205029,4,1,6,1,0
01:10:00,501205030,1,0,9,1,0
01:10:00,501205033,5,0,10,1,0
01:10:00,501205034,9,1,19,1,0
01:10:00,501205035,8,1,8,1,0
01:10:00,501205036,6,1,9,1,0
01:10:00,501205037,10,1,5,1,0
01:10:00,501205038,9,2,11,1,0
01:10:00,501205039,7,0,13,1,0
01:10:00,501205040,17,0,8,1,0
01:10:00,501205041,9,0,8,1,0
01:10:00,501205042,4,1,25,1,0
01:10:00,501208011,16,1,21,1,0
01:10:00,501208013,29,2,24,1,0
01:10:00,501208014,10,0,28,1,0
01:10:00,501208015,7,0,8,1,0
01:10:00,501208018,14,1,1,1,0
01:10:00,501208021,2,0,15,1,0
01:10:00,501208027,2,0,28,1,0
01:10:00,501208029,13,1,8,1,0
01:10:00,501208030,14,0,24,1,0
01:10:00,501208032,20,0,8,1,0
01:10:00,501208040,5,1,14,1,0
01:10:00,501208041,0,0,15,1,0
01:10:00,501208045,5,0,27,1,0
01:10:00,501208051,9,1,27,1,0
01:10:00,501208053,20,0,1,1,0
01:10:00,501208054,2,0,26,1,0
01:10:00,501208059,5,0,24,1,0
01:10:00,501208064,1,0,19,1,0
01:10:00,501208077,10,3,0,1,0
01:10:00,501208079,1,0,21,1,0
01:10:00,501208082,4,0,5,1,0
01:10:00,501208085,13,0,2,1,0
01:10:00,501208087,4,0,27,1,0
01:10:00,501208089,17,0,8,1,0
01:10:00,501208091,2,1,41,1,0
01:10:00,501208111,7,1,7,1,0
01:10:00,501208113,4,0,16,1,0
01:10:00,501208114,8,0,12,1,0
01:10:00,501208129,2,0,20,1,0
01:10:00,501208130,8,0,5,1,0
01:10:00,501209002,12,1,8,1,0
01:10:00,501209003,9,0,4,1,0
01:10:00,501209004,6,2,9,1,0
01:10:00,501209005,0,0,18,1,0
01:10:00,501209006,7,0,9,1,0
01:10:00,501209007,11,0,3,1,0
01:10:00,501209009,0,0,0,2,0
01:10:00,501209010,10,2,3,1,0
01:10:00,501209011,1,1,24,1,0
01:10:00,501209014,6,2,6,1,0
01:10:00,501209015,11,1,4,1,0
01:10:00,501209016,14,0,14,1,0
01:10:00,501209017,6,1,6,1,0
01:10:00,501209018,9,0,8,1,0
01:10:00,501209019,6,0,17,1,0
01:10:00,501209020,3,1,29,1,0
01:10:00,501209021,8,3,6,1,0
01:10:00,501209022,1,0,9,1,0
01:10:00,501209023,18,0,24,1,0
01:10:00,501209024,6,2,36,1,0
01:10:00,501209025,6,1,9,1,0
01:10:00,501209026,12,1,14,1,0
01:10:00,501209027,6,0,12,1,0
01:10:00,501209028,9,2,19,1,0
01:10:00,501209030,10,0,8,1,0
01:10:00,501209031,4,0,26,1,0
01:10:00,501209032,2,0,26,1,0
01:10:00,501209033,4,1,16,1,0
01:10:00,501209034,7,1,8,1,0
01:10:00,501209035,1,0,27,1,0
01:10:00,501209036,9,2,22,1,0
01:10:00,501209037,12,1,23,1,0
01:10:00,501209038,10,0,6,1,0
01:10:00,501209039,4,0,26,1,0
01:10:00,501209040,2,0,29,1,0
01:10:00,501209042,5,1,14,1,0
01:10:00,501209043,15,1,10,1,0
01:10:00,501209044,9,3,6,1,0
01:10:00,501209045,1,0,14,1,0
01:10:00,501209046,7,1,15,1,0
01:10:00,501209047,8,1,6,1,0
01:10:00,501209049,1,0,19,1,0
01:10:00,501209050,10,1,3,1,0
01:10:00,501209051,13,1,10,1,0
01:10:00,501209052,3,2,19,1,0
01:10:00,501209053,4,1,16,1,0
01:10:00,501209054,13,0,14,1,0
01:10:00,501209056,10,0,5,1,0
01:10:00,501209058,9,2,7,1,0
01:10:00,501209059,1,0,14,1,0
01:10:00,501209060,4,0,16,1,0
01:10:00,501209062,7,0,8,1,0
01:10:00,501209064,10,1,5,1,0
01:10:00,501209065,2,1,13,1,0
01:10:00,501209066,10,0,4,1,0
01:10:00,501209067,7,1,8,1,0
01:10:00,501209068,10,3,7,1,0
01:10:00,501209069,3,0,60,1,0
01:10:00,501209070,16,1,1,1,0
01:10:00,501209071,8,1,9,1,0
01:10:00,501209073,10,2,5,1,0
01:10:00,501209074,11,1,12,1,0
01:10:00,501209075,14,2,2,1,0
01:10:00,501209076,4,1,19,1,0
01:10:00,501209077,9,1,6,1,0
01:10:00,501209078,6,3,7,1,0
01:10:00,501209079,4,0,21,1,0
01:10:00,501209080,3,0,23,1,0
01:10:00,501209081,8,0,7,1,0
01:10:00,501209084,13,0,10,1,0
01:10:00,501209085,2,0,26,1,0
01:10:00,501209087,2,0,36,1,0
01:10:00,501209088,6,0,9,1,0
01:10:00,501209089,14,0,5,1,0
01:10:00,501209090,8,0,6,1,0
01:10:00,501209091,2,1,14,1,0
01:10:00,501209092,12,1,3,1,0
01:10:00,501209093,6,0,9,1,0
01:10:00,501209094,3,0,13,1,0
01:10:00,501209095,10,1,4,1,0
01:10:00,501209096,10,3,5,1,0
01:10:00,501209097,1,1,14,1,0
01:10:00,501209098,7,0,8,1,0
01:10:00,501209099,1,0,18,1,0
01:10:00,501209100,13,3,2,1,0
01:10:00,501209101,6,0,9,1,0
01:10:00,501209102,10,1,10,1,0
01:10:00,501209104,5,1,12,1,0
01:10:00,501209105,22,3,4,1,0
01:10:00,501209106,10,0,10,1,0
01:10:00,501211001,19,4,18,1,0
01:10:00,501211002,6,0,9,1,0
01:10:00,501211004,10,2,5,1,0
01:10:00,501211005,5,1,14,1,0
01:10:00,501211006,12,2,4,1,0
01:10:00,501211007,14,0,5,1,0
01:10:00,501211009,5,0,13,1,0
01:10:00,501211011,20,6,10,1,0
01:10:00,501211012,6,2,12,1,0
01:20:00,501201001,0,0,0,2,0
01:20:00,501201002,6,0,33,1,0
01:20:00,501201003,0,0,23,1,0
01:20:00,501201004,6,1,9,1,0
01:20:00,501201005,5,0,14,1,0
01:20:00,501201006,8,1,20,1,0
01:20:00,501201007,0,0,19,1,0
01:20:00,501201008,5,0,20,1,0
01:20:00,501201010,2,0,8,1,0
01:20:00,501201011,5,1,17,1,0
01:20:00,501201012,8,0,30,1,0
01:20:00,501201013,10,1,11,1,0
01:20:00,501201014,10,1,9,1,0
01:20:00,501201015,18,1,7,1,0
01:20:00,501201016,7,0,17,1,0
01:20:00,501201017,12,0,14,1,0
01:20:00,501201018,5,0,18,1,0
01:20:00,501201019,5,0,23,1,0
01:20:00,501201020,1,0,23,1,0
01:20:00,501201021,9,0,5,1,0
01:20:00,501201022,6,0,10,1,0
01:20:00,501201023,4,1,24,1,0
01:20:00,501201024,2,0,22,1,0
01:20:00,501201025,6,2,18,1,0
01:20:00,501201026,3,0,16,1,0
01:20:00,501201028,14,2,6,1,0
01:20:00,501201029,6,0,6,1,0
01:20:00,501201030,4,0,11,1,0
01:20:00,501201031,3,0,14,1,0
01:20:00,501202001,8,0,6,1,0
01:20:00,501202003,9,0,31,1,0
01:20:00,501202013,1,0,15,1,0
01:20:00,501202023,9,1,6,1,0
01:20:00,501202024,2,1,13,1,0
01:20:00,501202034,12,0,4,1,0
01:20:00,501202035,9,0,21,1,0
01:20:00,501202036,17,0,21,1,0
01:20:00,501202040,3,0,42,1,0
01:20:00,501202043,21,0,4,1,0
01:20:00,501202044,0,0,0,2,0
01:20:00,501202047,9,0,13,1,0
01:20:00,501202050,9,2,6,1,0
01:20:00,501202055,11,0,4,1,0
01:20:00,501202058,8,3,7,1,0
01:20:00,501202065,4,0,10,1,0
01:20:00,501202068,3,0,15,1,0
01:20:00,501202070,6,2,10,1,0
01:20:00,501202078,18,1,7,1,0
01:20:00,501202080,16,0,10,1,0
01:20:00,501202081,7,0,16,1,0
01:20:00,501202082,7,0,16,1,0
01:20:00,501202083,21,3,3,1,0
01:20:00,501202084,13,0,11,1,0
01:20:00,501202085,12,1,23,1,0
01:20:00,501202088,6,2,24,1,0
01:20:00,501202089,1,0,28,1,0
01:20:00,501202096,6,1,9,1,0
01:20:00,501203001,3,0,17,1,0
01:20:00,501203002,1,0,20,1,0
01:20:00,501203003,3,1,91,1,0
01:20:00,501203005,7,2,13,1,0
01:20:00,501203006,2,0,13,1,0
01:20:00,501203007,9,0,6,1,0
01:20:00,501203008,14,2,2,1,0
01:20:00,501203010,25,1,8,1,0
01:20:00,501203011,21,7,17,1,0
01:20:00,501203012,5,1,11,1,0
01:20:00,501203013,7,3,17,1,0
01:20:00,501203015,10,3,2,1,0
01:20:00,501203020,1,0,18,1,0
01:20:00,501203022,1,1,18,1,0
01:20:00,501203023,5,0,13,1,0
01:20:00,501203028,14,1,11,1,0
01:20:00,501203040,1,1,23,1,0
01:20:00,501203045,12,2,6,1,0
01:20:00,501203050,33,1,27,1,0
01:20:00,501203051,14,0,9,1,0
01:20:00,501203053,2,0,24,1,0
01:20:00,501203054,4,0,17,1,0
01:20:00,501203064,5,0,11,1,0
01:20:00,501203065,15,4,0,1,0
01:20:00,501203070,10,1,5,1,0
01:20:00,501203073,6,0,18,1,0
01:20:00,501203076,7,0,8,1,0
01:20:00,501203078,7,0,9,1,0
01:20:00,501203080,11,1,3,1,0
01:20:00,501203084,8,0,3,1,0
01:20:00,501203085,5,0,5,1,0
01:20:00,501203088,7,0,7,1,0
01:20:00,501203089,7,3,5,1,0
01:20:00,501203090,2,1,8,1,0
01:20:00,501203091,7,0,6,1,0
01:20:00,501203092,7,0,13,1,0
01:20:00,501203100,6,1,13,1,0
01:20:00,501203101,0,0,0,2,0
01:20:00,501203102,5,0,14,1,0
01:20:00,501203104,12,1,6,1,0
01:20:00,501203105,3,0,7,1,0
01:20:00,501203107,0,0,0,2,0
01:20:00,501203109,10,0,16,1,0
01:20:00,501203110,14,0,26,1,0
01:20:00,501203111,9,0,2,1,0
01:20:00,501203113,6,2,13,1,0
01:20:00,501203114,14,3,36,1,0
01:20:00,501203117,0,0,0,2,0
01:20:00,501203118,12,0,8,1,0
01:20:00,501203121,14,1,10,1,0
01:20:00,501203122,12,0,8,1,0
01:20:00,501203125,17,1,8,1,0
01:20:00,501203131,17,1,3,1,0
01:20:00,501203140,1,1,41,1,0
01:20:00,501203141,5,3,10,1,0
01:20:00,501203142,4,0,32,1,0
01:20:00,501203145,8,1,7,1,0
01:20:00,501203151,15,0,3,1,0
01:20:00,501203155,10,2,9,1,0
01:20:00,501203157,1,1,16,1,0
01:20:00,501203159,5,1,15,1,0
01:20:00,501203161,1,0,18,1,0
01:20:00,501203162,11,0,10,1,0
01:20:00,501203163,7,1,9,1,0
01:20:00,501204001,12,0,13,1,0
01:20:00,501204002,15,0,21,1,0
01:20:00,501204003,16,0,28,1,0
01:20:00,501204004,0,0,14,1,0
01:20:00,501204005,11,5,9,1,0
01:20:00,501204007,5,1,31,1,0
01:20:00,501204008,0,0,15,1,0
01:20:00,501204009,0,0,0,2,0
01:20:00,501204010,0,0,0,2,0
01:20:00,501204011,5,2,10,1,0
01:20:00,501204012,6,1,8,1,0
01:20:00,501204013,3,0,10,1,0
01:20:00,501204014,5,0,11,1,0
01:20:00,501204015,12,0,3,1,0
01:20:00,501204016,5,0,15,1,0
01:20:00,501204017,5,0,10,1,0
01:20:00,501204018,8,0,16,1,0
01:20:00,501204020,1,0,19,1,0
01:20:00,501204021,11,0,9,1,0
01:20:00,501204022,8,0,8,1,0
01:20:00,501204023,13,1,2,1,0
01:20:00,501204024,0,0,0,2,0
01:20:00,501204025,13,0,7,1,0
01:20:00,501205001,7,1,10,1,0
01:20:00,501205003,7,0,12,1,0
01:20:00,501205004,6,1,10,1,0
01:20:00,501205005,8,0,14,1,0
01:20:00,501205006,19,0,1,1,0
01:20:00,501205007,7,1,5,1,0
01:20:00,501205008,5,1,21,1,0
01:20:00,501205009,22,0,23,1,0
01:20:00,501205010,4,1,9,1,0
01:20:00,501205011,4,0,28,1,0
01:20:00,501205012,7,0,13,1,0
01:20:00,501205013,5,1,16,1,0
01:20:00,501205014,21,7,2,1,0
01:20:00,501205015,5,2,13,1,0
01:20:00,501205018,2,0,16,1,0
01:20:00,501205019,1,0,27,1,0
01:20:00,501205020,6,1,24,1,0
01:20:00,501205021,10,0,5,1,0
01:20:00,501205022,8,1,7,1,0
01:20:00,501205023,9,0,6,1,0
01:20:00,501205025,16,0,12,1,0
01:20:00,501205026,0,0,19,1,0
01:20:00,501205027,6,0,4,1,0
01:20:00,501205028,12,2,2,1,0
01:20:00,501205029,4,1,6,1,0
01:20:00,501205030,1,0,9,1,0
01:20:00,501205033,5,0,10,1,0
01:20:00,501205034,9,1,19,1,0
01:20:00,501205035,8,1,8,1,0
01:20:00,501205036,6,1,9,1,0
01:20:00,501205037,10,1,5,1,0
01:20:00,501205038,9,2,11,1,0
01:20:00,501205039,7,0,13,1,0
01:20:00,501205040,16,0,9,1,0
01:20:00,501205041,10,1,7,1,0
01:20:00,501205042,4,1,25,1,0
01:20:00,501208011,16,1,21,1,0
01:20:00,501208013,29,2,24,1,0
01:20:00,501208014,10,0,28,1,0
01:20:00,501208015,7,0,8,1,0
01:20:00,501208018,14,1,1,1,0
01:20:00,501208021,2,0,15,1,0
01:20:00,501208027,2,0,28,1,0
01:20:00,501208029,13,1,8,1,0
01:20:00,501208030,14,0,24,1,0
01:20:00,501208032,20,0,8,1,0
01:20:00,501208040,5,1,14,1,0
01:20:00,501208041,0,0,15,1,0
01:20:00,501208045,5,0,27,1,0
01:20:00,501208051,9,1,27,1,0
01:20:00,501208053,20,0,1,1,0
01:20:00,501208054,2,0,26,1,0
01:20:00,501208059,5,0,24,1,0
01:20:00,501208064,1,0,19,1,0
01:20:00,501208077,9,2,1,1,0
01:20:00,501208079,1,0,21,1,0
01:20:00,501208082,4,0,5,1,0
01:20:00,501208085,13,0,2,1,0
01:20:00,501208087,4,0,27,1,0
01:20:00,501208089,17,0,8,1,0
01:20:00,501208091,2,1,41,1,0
01:20:00,501208111,7,1,7,1,0
01:20:00,501208113,4,0,16,1,0
01:20:00,501208114,8,0,12,1,0
01:20:00,501208129,2,0,20,1,0
01:20:00,501208130,8,0,5,1,0
01:20:00,501209002,12,1,8,1,0
01:20:00,501209003,9,0,4,1,0
01:20:00,501209004,5,1,10,1,0
01:20:00,501209005,0,0,18,1,0
01:20:00,501209006,10,3,9,1,0
01:20:00,501209007,11,0,3,1,0
01:20:00,501209009,0,0,0,2,0
01:20:00,501209010,10,2,3,1,0
01:20:00,501209011,1,1,24,1,0
01:20:00,501209014,6,2,6,1,0
01:20:00,501209015,11,1,4,1,0
01:20:00,501209016,13,0,15,1,0
01:20:00,501209017,6,1,6,1,0
01:20:00,501209018,9,0,8,1,0
01:20:00,501209019,6,0,17,1,0
01:20:00,501209020,3,1,29,1,0
01:20:00,501209021,8,3,6,1,0
01:20:00,501209022,1,0,9,1,0
01:20:00,501209023,19,1,24,1,0
01:20:00,501209024,7,3,35,1,0
01:20:00,501209025,6,1,9,1,0
01:20:00,501209026,12,1,14,1,0
01:20:00,501209027,6,0,12,1,0
01:20:00,501209028,9,2,19,1,0
01:20:00,501209030,10,0,8,1,0
01:20:00,501209031,4,0,26,1,0
01:20:00,501209032,2,0,26,1,0
01:20:00,501209033,4,1,16,1,0
01:20:00,501209034,7,1,8,1,0
01:20:00,501209035,1,0,27,1,0
01:20:00,501209036,9,2,22,1,0
01:20:00,501209037,12,1,23,1,0
01:20:00,501209038,10,0,6,1,0
01:20:00,501209039,4,0,26,1,0
01:20:00,501209040,2,0,29,1,0
01:20:00,501209042,6,1,13,1,0
01:20:00,501209043,15,1,10,1,0
01:20:00,501209044,10,3,5,1,0
01:20:00,501209045,1,0,14,1,0
01:20:00,501209046,7,1,15,1,0
01:20:00,501209047,8,1,6,1,0
01:20:00,501209049,1,0,19,1,0
01:20:00,501209050,10,1,3,1,0
01:20:00,501209051,13,1,10,1,0
01:20:00,501209052,3,2,19,1,0
01:20:00,501209053,4,1,16,1,0
01:20:00,501209054,13,0,14,1,0
01:20:00,501209056,10,0,5,1,0
01:20:00,501209058,9,2,7,1,0
01:20:00,501209059,1,0,14,1,0
01:20:00,501209060,5,0,15,1,0
01:20:00,501209062,7,0,8,1,0
01:20:00,501209064,10,1,5,1,0
01:20:00,501209065,2,1,13,1,0
01:20:00,501209066,10,0,4,1,0
01:20:00,501209067,7,1,8,1,0
01:20:00,501209068,10,3,7,1,0
01:20:00,501209069,3,0,60,1,0
01:20:00,501209070,16,1,1,1,0
01:20:00,501209071,8,1,9,1,0
01:20:00,501209073,10,2,5,1,0
01:20:00,501209074,11,1,12,1,0
01:20:00,501209075,14,2,2,1,0
01:20:00,501209076,4,1,19,1,0
01:20:00,501209077,9,1,6,1,0
01:20:00,501209078,7,3,6,1,0
01:20:00,501209079,4,0,21,1,0
01:20:00,501209080,3,0,23,1,0
01:20:00,501209081,8,0,7,1,0
01:20:00,501209084,13,0,10,1,0
01:20:00,501209085,2,0,26,1,0
01:20:00,501209087,2,0,36,1,0
01:20:00,501209088,6,0,9,1,0
01:20:00,501209089,14,0,5,1,0
01:20:00,501209090,8,0,6,1,0
01:20:00,501209091,2,1,14,1,0
01:20:00,501209092,12,1,3,1,0
01:20:00,501209093,6,0,9,1,0
01:20:00,501209094,3,0,13,1,0
01:20:00,501209095,10,1,4,1,0
01:20:00,501209096,10,3,5,1,0
01:20:00,501209097,1,1,14,1,0
01:20:00,501209098,7,0,8,1,0
01:20:00,501209099,1,0,18,1,0
01:20:00,501209100,13,3,2,1,0
01:20:00,501209101,6,0,9,1,0
01:20:00,501209102,10,1,10,1,0
01:20:00,501209104,5,1,12,1,0
01:20:00,501209105,22,3,4,1,0
01:20:00,501209106,10,0,10,1,0
01:20:00,501211001,19,4,18,1,0
01:20:00,501211002,6,0,9,1,0
01:20:00,501211004,10,2,5,1,0
01:20:00,501211005,5,1,14,1,0
01:20:00,501211006,12,2,4,1,0
01:20:00,501211007,14,0,5,1,0
01:20:00,501211009,5,0,13,1,0
01:20:00,501211011,20,6,10,1,0
01:20:00,501211012,6,2,12,1,0
01:30:00,501201001,0,0,0,2,0
01:30:00,501201002,6,0,33,1,0
01:30:00,501201003,0,0,23,1,0
01:30:00,501201004,6,1,9,1,0
01:30:00,501201005,5,0,14,1,0
01:30:00,501201006,9,1,19,1,0
01:30:00,501201007,1,1,18,1,0
01:30:00,501201008,5,0,20,1,0
01:30:00,501201010,3,1,7,1,0
01:30:00,501201011,4,1,18,1,0
01:30:00,501201012,8,0,30,1,0
01:30:00,501201013,10,1,11,1,0
01:30:00,501201014,10,1,9,1,0
01:30:00,501201015,18,1,7,1,0
01:30:00,501201016,6,0,18,1,0
01:30:00,501201017,9,0,17,1,0
01:30:00,501201018,5,0,18,1,0
01:30:00,501201019,5,0,23,1,0
01:30:00,501201020,1,0,23,1,0
01:30:00,501201021,9,0,5,1,0
01:30:00,501201022,6,0,10,1,0
01:30:00,501201023,4,1,24,1,0
01:30:00,501201024,2,0,22,1,0
01:30:00,501201025,6,2,18,1,0
01:30:00,501201026,3,0,16,1,0
01:30:00,501201028,14,2,6,1,0
01:30:00,501201029,6,0,6,1,0
01:30:00,501201030,4,0,11,1,0
01:30:00,501201031,3,0,14,1,0
01:30:00,501202001,8,0,6,1,0
01:30:00,501202003,9,0,31,1,0
01:30:00,501202013,1,0,15,1,0
01:30:00,501202023,8,1,7,1,0
01:30:00,501202024,2,1,13,1,0
01:30:00,501202034,12,0,4,1,0
01:30:00,501202035,9,0,21,1,0
01:30:00,501202036,17,0,21,1,0
01:30:00,501202040,3,0,42,1,0
01:30:00,501202043,21,0,4,1,0
01:30:00,501202044,0,0,0,2,0
01:30:00,501202047,9,0,13,1,0
01:30:00,501202050,9,2,6,1,0
01:30:00,501202055,11,0,4,1,0
01:30:00,501202058,8,3,7,1,0
01:30:00,501202065,4,0,10,1,0
01:30:00,501202068,3,0,15,1,0
01:30:00,501202070,6,2,10,1,0
01:30:00,501202078,18,1,7,1,0
01:30:00,501202080,12,0,14,1,0
01:30:00,501202081,7,0,16,1,0
01:30:00,501202082,7,0,16,1,0
01:30:00,501202083,8,0,16,1,0
01:30:00,501202084,13,0,11,1,0
01:30:00,501202085,12,1,23,1,0
01:30:00,501202088,6,2,24,1,0
01:30:00,501202089,1,0,28,1,0
01:30:00,501202096,6,1,9,1,0
01:30:00,501203001,3,0,17,1,0
01:30:00,501203002,1,0,20,1,0
01:30:00,501203003,3,1,91,1,0
01:30:00,501203005,7,2,13,1,0
01:30:00,501203006,2,0,13,1,0
01:30:00,501203007,9,0,6,1,0
01:30:00,501203008,14,2,2,1,0
01:30:00,501203010,25,1,8,1,0
01:30:00,501203011,21,7,17,1,0
01:30:00,501203012,5,1,11,1,0
01:30:00,501203013,7,3,17,1,0
01:30:00,501203015,10,3,2,1,0
01:30:00,501203020,1,0,18,1,0
01:30:00,501203022,1,1,18,1,0
01:30:00,501203023,6,1,12,1,0
01:30:00,501203028,15,1,10,1,0
01:30:00,501203040,1,1,23,1,0
01:30:00,501203045,12,2,6,1,0
01:30:00,501203050,32,1,28,1,0
01:30:00,501203051,13,0,10,1,0
01:30:00,501203053,2,0,24,1,0
01:30:00,501203054,4,0,17,1,0
01:30:00,501203064,5,0,11,1,0
01:30:00,501203065,15,4,0,1,0
01:30:00,501203070,10,1,5,1,0
01:30:00,501203073,6,0,18,1,0
01:30:00,501203076,7,0,8,1,0
01:30:00,501203078,7,0,9,1,0
01:30:00,501203080,11,1,3,1,0
01:30:00,501203084,8,0,3,1,0
01:30:00,501203085,5,0,5,1,0
01:30:00,501203088,7,0,7,1,0
01:30:00,501203089,7,3,5,1,0
01:30:00,501203090,2,1,8,1,0
01:30:00,501203091,7,0,6,1,0
01:30:00,501203092,7,0,13,1,0
01:30:00,501203100,6,1,13,1,0
01:30:00,501203101,0,0,0,2,0
01:30:00,501203102,5,0,14,1,0
01:30:00,501203104,12,1,6,1,0
01:30:00,501203105,3,0,7,1,0
01:30:00,501203107,0,0,0,2,0
01:30:00,501203109,10,0,16,1,0
01:30:00,501203110,14,0,26,1,0
01:30:00,501203111,9,0,2,1,0
01:30:00,501203113,6,2,13,1,0
01:30:00,501203114,13,2,37,1,0
01:30:00,501203117,0,0,0,2,0
01:30:00,501203118,12,0,8,1,0
01:30:00,501203121,14,1,10,1,0
01:30:00,501203122,12,0,8,1,0
01:30:00,501203125,17,1,8,1,0
01:30:00,501203131,17,1,3,1,0
01:30:00,501203140,1,1,41,1,0
01:30:00,501203141,5,3,10,1,0
01:30:00,501203142,4,0,32,1,0
01:30:00,501203145,8,1,7,1,0
01:30:00,501203151,15,0,3,1,0
01:30:00,501203155,10,2,9,1,0
01:30:00,501203157,1,1,16,1,0
01:30:00,501203159,5,1,15,1,0
01:30:00,501203161,1,0,18,1,0
01:30:00,501203162,11,0,10,1,0
01:30:00,501203163,7,1,9,1,0
01:30:00,501204001,15,0,10,1,0
01:30:00,501204002,15,0,21,1,0
01:30:00,501204003,16,0,28,1,0
01:30:00,501204004,0,0,14,1,0
01:30:00,501204005,11,5,9,1,0
01:30:00,501204007,5,0,31,1,0
01:30:00,501204008,0,0,15,1,0
01:30:00,501204009,0,0,0,2,0
01:30:00,501204010,0,0,0,2,0
01:30:00,501204011,5,2,10,1,0
01:30:00,501204012,6,1,8,1,0
01:30:00,501204013,3,0,10,1,0
01:30:00,501204014,6,1,10,1,0
01:30:00,501204015,12,0,3,1,0
01:30:00,501204016,5,0,15,1,0
01:30:00,501204017,5,0,10,1,0
01:30:00,501204018,8,0,16,1,0
01:30:00,501204020,1,0,19,1,0
01:30:00,501204021,11,0,9,1,0
01:30:00,501204022,8,0,8,1,0
01:30:00,501204023,14,1,1,1,0
01:30:00,501204024,0,0,0,2,0
01:30:00,501204025,13,0,7,1,0
01:30:00,501205001,7,1,10,1,0
01:30:00,501205003,7,0,12,1,0
01:30:00,501205004,6,1,10,1,0
01:30:00,501205005,8,0,14,1,0
01:30:00,501205006,18,0,2,1,0
01:30:00,501205007,8,1,4,1,0
01:30:00,501205008,5,1,21,1,0
01:30:00,501205009,20,0,25,1,0
01:30:00,501205010,4,1,9,1,0
01:30:00,501205011,4,0,28,1,0
01:30:00,501205012,7,0,13,1,0
01:30:00,501205013,5,1,16,1,0
01:30:00,501205014,21,7,2,1,0
01:30:00,501205015,5,2,13,1,0
01:30:00,501205018,2,0,16,1,0
01:30:00,501205019,1,0,27,1,0
01:30:00,501205020,6,1,24,1,0
01:30:00,501205021,10,0,5,1,0
01:30:00,501205022,9,1,6,1,0
01:30:00,501205023,9,0,6,1,0
01:30:00,501205025,16,0,12,1,0
01:30:00,501205026,0,0,19,1,0
01:30:00,501205027,6,0,4,1,0
01:30:00,501205028,12,2,2,1,0
01:30:00,501205029,4,1,6,1,0
01:30:00,501205030,1,0,9,1,0
01:30:00,501205033,5,0,10,1,0
01:30:00,501205034,9,1,19,1,0
01:30:00,501205035,8,1,8,1,0
01:30:00,501205036,6,1,9,1,0
01:30:00,501205037,10,1,5,1,0
01:30:00,501205038,9,2,11,1,0
01:30:00,501205039,7,0,13,1,0
01:30:00,501205040,16,0,9,1,0
01:30:00,501205041,10,1,7,1,0
01:30:00,501205042,4,1,25,1,0
01:30:00,501208011,16,1,21,1,0
01:30:00,501208013,29,2,24,1,0
01:30:00,501208014,10,0,28,1,0
01:30:00,501208015,7,0,8,1,0
01:30:00,501208018,14,1,1,1,0
01:30:00,501208021,2,0,15,1,0
01:30:00,501208027,2,0,28,1,0
01:30:00,501208029,13,1,8,1,0
01:30:00,501208030,14,0,24,1,0
01:30:00,501208032,20,0,8,1,0
01:30:00,501208040,5,1,14,1,0
01:30:00,501208041,0,0,15,1,0
01:30:00,501208045,5,0,27,1,0
01:30:00,501208051,9,1,27,1,0
01:30:00,501208053,20,0,1,1,0
01:30:00,501208054,2,0,26,1,0
01:30:00,501208059,5,0,24,1,0
01:30:00,501208064,1,0,19,1,0
01:30:00,501208077,9,2,1,1,0
01:30:00,501208079,1,0,21,1,0
01:30:00,501208082,4,0,5,1,0
01:30:00,501208085,13,0,2,1,0
01:30:00,501208087,4,0,27,1,0
01:30:00,501208089,17,0,8,1,0
01:30:00,501208091,2,1,41,1,0
01:30:00,501208111,7,1,7,1,0
01:30:00,501208113,3,0,17,1,0
01:30:00,501208114,8,0,12,1,0
01:30:00,501208129,2,0,20,1,0
01:30:00,501208130,8,0,5,1,0
01:30:00,501209002,12,1,8,1,0
01:30:00,501209003,9,0,4,1,0
01:30:00,501209004,5,1,10,1,0
01:30:00,501209005,0,0,18,1,0
01:30:00,501209006,10,3,9,1,0
01:30:00,501209007,11,0,3,1,0
01:30:00,501209009,0,0,0,2,0
01:30:00,501209010,10,2,3,1,0
01:30:00,501209011,1,1,24,1,0
01:30:00,501209014,6,2,6,1,0
01:30:00,501209015,11,1,4,1,0
01:30:00,501209016,13,0,15,1,0
01:30:00,501209017,6,1,6,1,0
01:30:00,501209018,9,0,8,1,0
01:30:00,501209019,6,0,17,1,0
01:30:00,501209020,3,1,29,1,0
01:30:00,501209021,8,3,6,1,0
01:30:00,501209022,1,0,9,1,0
01:30:00,501209023,19,1,24,1,0
01:30:00,501209024,7,3,35,1,0
01:30:00,501209025,6,1,9,1,0
01:30:00,501209026,10,1,16,1,0
01:30:00,501209027,6,0,12,1,0
01:30:00,501209028,9,2,19,1,0
01:30:00,501209030,10,0,8,1,0
01:30:00,501209031,4,0,26,1,0
01:30:00,501209032,2,0,26,1,0
01:30:00,501209033,4,1,16,1,0
01:30:00,501209034,7,1,8,1,0
01:30:00,501209035,1,0,27,1,0
01:30:00,501209036,9,2,22,1,0
01:30:00,501209037,12,1,23,1,0
01:30:00,501209038,11,1,5,1,0
01:30:00,501209039,4,0,26,1,0
01:30:00,501209040,2,0,29,1,0
01:30:00,501209042,6,1,13,1,0
01:30:00,501209043,15,1,10,1,0
01:30:00,501209044,10,3,5,1,0
01:30:00,501209045,1,0,14,1,0
01:30:00,501209046,7,1,15,1,0
01:30:00,501209047,8,1,6,1,0
01:30:00,501209049,1,0,19,1,0
01:30:00,501209050,10,1,3,1,0
01:30:00,501209051,13,1,10,1,0
01:30:00,501209052,3,2,19,1,0
01:30:00,501209053,4,1,16,1,0
01:30:00,501209054,13,0,14,1,0
01:30:00,501209056,10,0,5,1,0
01:30:00,501209058,8,1,8,1,0
01:30:00,501209059,1,0,14,1,0
01:30:00,501209060,7,0,13,1,0
01:30:00,501209062,7,0,8,1,0
01:30:00,501209064,10,1,5,1,0
01:30:00,501209065,2,1,13,1,0
01:30:00,501209066,10,0,4,1,0
01:30:00,501209067,7,1,8,1,0
01:30:00,501209068,10,3,7,1,0
01:30:00,501209069,3,0,60,1,0
01:30:00,501209070,16,1,1,1,0
01:30:00,501209071,8,1,9,1,0
01:30:00,501209073,10,2,5,1,0
01:30:00,501209074,11,1,12,1,0
01:30:00,501209075,14,2,2,1,0
01:30:00,501209076,4,1,19,1,0
01:30:00,501209077,9,1,6,1,0
01:30:00,501209078,7,3,6,1,0
01:30:00,501209079,4,0,21,1,0
01:30:00,501209080,3,0,23,1,0
01:30:00,501209081,8,0,7,1,0
01:30:00,501209084,13,0,10,1,0
01:30:00,501209085,2,0,26,1,0
01:30:00,501209087,2,0,36,1,0
01:30:00,501209088,6,0,9,1,0
01:30:00,501209089,14,0,5,1,0
01:30:00,501209090,8,0,6,1,0
01:30:00,501209091,2,1,14,1,0
01:30:00,501209092,12,1,3,1,0
01:30:00,501209093,6,0,9,1,0
01:30:00,501209094,3,0,13,1,0
01:30:00,501209095,10,1,4,1,0
01:30:00,501209096,10,3,5,1,0
01:30:00,501209097,1,1,14,1,0
01:30:00,501209098,7,0,8,1,0
01:30:00,501209099,1,0,18,1,0
01:30:00,501209100,13,3,2,1,0
01:30:00,501209101,6,0,9,1,0
01:30:00,501209102,10,1,10,1,0
01:30:00,501209104,6,1,11,1,0
01:30:00,501209105,22,3,4,1,0
01:30:00,501209106,10,0,10,1,0
01:30:00,501211001,19,4,18,1,0
01:30:00,501211002,6,0,9,1,0
01:30:00,501211004,10,2,5,1,0
01:30:00,501211005,5,1,14,1,0
01:30:00,501211006,12,2,4,1,0
01:30:00,501211007,14,0,5,1,0
01:30:00,501211009,5,0,13,1,0
01:30:00,501211011,20,6,10,1,0
01:30:00,501211012,6,2,12,1,0
01:40:00,501201001,0,0,0,2,0
01:40:00,501201002,6,0,33,1,0
01:40:00,501201003,0,0,23,1,0
01:40:00,501201004,7,2,8,1,0
01:40:00,501201005,5,0,14,1,0
01:40:00,501201006,10,1,18,1,0
01:40:00,501201007,1,1,18,1,0
01:40:00,501201008,5,0,20,1,0
01:40:00,501201010,3,1,7,1,0
01:40:00,501201011,4,1,18,1,0
01:40:00,501201012,8,0,30,1,0
01:40:00,501201013,9,0,12,1,0
01:40:00,501201014,10,1,9,1,0
01:40:00,501201015,18,1,7,1,0
01:40:00,501201016,6,0,18,1,0
01:40:00,501201017,6,0,20,1,0
01:40:00,501201018,5,0,18,1,0
01:40:00,501201019,5,0,23,1,0
01:40:00,501201020,1,0,23,1,0
01:40:00,501201021,9,0,5,1,0
01:40:00,501201022,7,0,9,1,0
01:40:00,501201023,4,1,24,1,0
01:40:00,501201024,2,0,22,1,0
01:40:00,501201025,8,2,16,1,0
01:40:00,501201026,3,0,16,1,0
01:40:00,501201028,14,2,6,1,0
01:40:00,501201029,6,0,6,1,0
01:40:00,501201030,4,0,11,1,0
01:40:00,501201031,4,1,13,1,0
01:40:00,501202001,8,0,6,1,0
01:40:00,501202003,9,0,31,1,0
01:40:00,501202013,1,0,15,1,0
01:40:00,501202023,8,1,7,1,0
01:40:00,501202024,2,1,13,1,0
01:40:00,501202034,12,0,4,1,0
01:40:00,501202035,9,0,21,1,0
01:40:00,501202036,16,0,22,1,0
01:40:00,501202040,3,0,42,1,0
01:40:00,501202043,21,0,4,1,0
01:40:00,501202044,0,0,0,2,0
01:40:00,501202047,3,0,19,1,0
01:40:00,501202050,9,2,6,1,0
01:40:00,501202055,11,0,4,1,0
01:40:00,501202058,8,3,7,1,0
01:40:00,501202065,4,0,10,1,0
01:40:00,501202068,3,0,15,1,0
01:40:00,501202070,6,2,10,1,0
01:40:00,501202078,18,1,7,1,0
01:40:00,501202080,6,0,20,1,0
01:40:00,501202081,7,0,16,1,0
01:40:00,501202082,7,0,16,1,0
01:40:00,501202083,7,0,17,1,0
01:40:00,501202084,13,0,11,1,0
01:40:00,501202085,12,1,23,1,0
01:40:00,501202088,6,2,24,1,0
01:40:00,501202089,1,0,28,1,0
01:40:00,501202096,6,1,9,1,0
01:40:00,501203001,2,0,18,1,0
01:40:00,501203002,1,0,20,1,0
01:40:00,501203003,3,1,91,1,0
01:40:00,501203005,7,2,13,1,0
01:40:00,501203006,2,0,13,1,0
01:40:00,501203007,9,0,6,1,0
01:40:00,501203008,15,2,1,1,0
01:40:00,501203010,25,1,8,1,0
01:40:00,501203011,21,7,17,1,0
01:40:00,501203012,5,1,11,1,0
01:40:00,501203013,7,3,17,1,0
01:40:00,501203015,10,3,2,1,0
01:40:00,501203020,1,0,18,1,0
01:40:00,501203022,1,1,18,1,0
01:40:00,501203023,6,1,12,1,0
01:40:00,501203028,14,1,11,1,0
01:40:00,501203040,1,1,23,1,0
01:40:00,501203045,12,2,6,1,0
01:40:00,501203050,32,1,28,1,0
01:40:00,501203051,13,0,10,1,0
01:40:00,501203053,1,0,25,1,0
01:40:00,501203054,4,0,17,1,0
01:40:00,501203064,5,0,11,1,0
01:40:00,501203065,15,4,0,1,0
01:40:00,501203070,10,1,5,1,0
01:40:00,501203073,6,0,18,1,0
01:40:00,501203076,7,0,8,1,0
01:40:00,501203078,7,0,9,1,0
01:40:00,501203080,11,1,3,1,0
01:40:00,501203084,8,0,3,1,0
01:40:00,501203085,5,0,5,1,0
01:40:00,501203088,7,0,7,1,0
01:40:00,501203089,7,3,5,1,0
01:40:00,501203090,2,1,8,1,0
01:40:00,501203091,7,0,6,1,0
01:40:00,501203092,7,0,13,1,0
01:40:00,501203100,6,1,13,1,0
01:40:00,501203101,0,0,0,2,0
01:40:00,501203102,5,0,14,1,0
01:40:00,501203104,12,1,6,1,0
01:40:00,501203105,3,0,7,1,0
01:40:00,501203107,0,0,0,2,0
01:40:00,501203109,10,0,16,1,0
01:40:00,501203110,14,0,26,1,0
01:40:00,501203111,8,0,3,1,0
01:40:00,501203113,6,2,13,1,0
01:40:00,501203114,13,2,37,1,0
01:40:00,501203117,0,0,0,2,0
01:40:00,501203118,12,0,8,1,0
01:40:00,501203121,13,1,11,1,0
01:40:00,501203122,12,0,8,1,0
01:40:00,501203125,17,1,8,1,0
01:40:00,501203131,17,1,3,1,0
01:40:00,501203140,1,1,41,1,0
01:40:00,501203141,5,3,10,1,0
01:40:00,501203142,4,0,32,1,0
01:40:00,501203145,8,1,7,1,0
01:40:00,501203151,13,0,5,1,0
01:40:00,501203155,10,2,9,1,0
01:40:00,501203157,1,1,16,1,0
01:40:00,501203159,5,1,15,1,0
01:40:00,501203161,1,0,18,1,0
01:40:00,501203162,11,0,10,1,0
01:40:00,501203163,7,1,9,1,0
01:40:00,501204001,15,0,10,1,0
01:40:00,501204002,15,0,21,1,0
01:40:00,501204003,17,0,27,1,0
01:40:00,501204004,0,0,14,1,0
01:40:00,501204005,11,5,9,1,0
01:40:00,501204007,5,0,31,1,0
01:40:00,501204008,0,0,15,1,0
01:40:00,501204009,0,0,0,2,0
01:40:00,501204010,0,0,0,2,0
01:40:00,501204011,5,2,10,1,0
01:40:00,501204012,6,1,8,1,0
01:40:00,501204013,3,0,10,1,0
01:40:00,501204014,6,1,10,1,0
01:40:00,501204015,12,0,3,1,0
01:40:00,501204016,5,0,15,1,0
01:40:00,501204017,5,0,10,1,0
01:40:00,501204018,8,0,16,1,0
01:40:00,501204020,1,0,19,1,0
01:40:00,501204021,11,0,9,1,0
01:40:00,501204022,8,0,8,1,0
01:40:00,501204023,14,1,1,1,0
01:40:00,501204024,0,0,0,2,0
01:40:00,501204025,13,0,7,1,0
01:40:00,501205001,7,1,10,1,0
01:40:00,501205003,7,0,12,1,0
01:40:00,501205004,6,1,10,1,0
01:40:00,501205005,8,0,14,1,0
01:40:00,501205006,18,0,2,1,0
01:40:00,501205007,9,1,3,1,0
01:40:00,501205008,5,1,21,1,0
01:40:00,501205009,19,0,26,1,0
01:40:00,501205010,4,1,9,1,0
01:40:00,501205011,4,0,28,1,0
01:40:00,501205012,6,0,14,1,0
01:40:00,501205013,5,1,16,1,0
01:40:00,501205014,21,7,2,1,0
01:40:00,501205015,5,2,13,1,0
01:40:00,501205018,2,0,16,1,0
01:40:00,501205019,1,0,27,1,0
01:40:00,501205020,7,1,23,1,0
01:40:00,501205021,10,0,5,1,0
01:40:00,501205022,9,1,6,1,0
01:40:00,501205023,9,0,6,1,0
01:40:00,501205025,16,0,12,1,0
01:40:00,501205026,0,0,19,1,0
01:40:00,501205027,6,0,4,1,0
01:40:00,501205028,12,2,2,1,0
01:40:00,501205029,5,1,5,1,0
01:40:00,501205030,1,0,9,1,0
01:40:00,501205033,5,0,10,1,0
01:40:00,501205034,9,1,19,1,0
01:40:00,501205035,8,1,8,1,0
01:40:00,501205036,6,1,9,1,0
01:40:00,501205037,10,1,5,1,0
01:40:00,501205038,9,2,11,1,0
01:40:00,501205039,7,0,13,1,0
01:40:00,501205040,16,0,9,1,0
01:40:00,501205041,10,1,7,1,0
01:40:00,501205042,4,1,25,1,0
01:40:00,501208011,16,1,21,1,0
01:40:00,501208013,29,2,24,1,0
01:40:00,501208014,10,0,28,1,0
01:40:00,501208015,7,0,8,1,0
01:40:00,501208018,14,1,1,1,0
01:40:00,501208021,2,0,15,1,0
01:40:00,501208027,2,0,28,1,0
01:40:00,501208029,14,1,7,1,0
01:40:00,501208030,14,0,24,1,0
01:40:00,501208032,20,0,8,1,0
01:40:00,501208040,5,1,14,1,0
01:40:00,501208041,0,0,15,1,0
01:40:00,501208045,5,0,27,1,0
01:40:00,501208051,9,1,27,1,0
01:40:00,501208053,20,0,1,1,0
01:40:00,501208054,2,0,26,1,0
01:40:00,501208059,5,0,24,1,0
01:40:00,501208064,1,0,19,1,0
01:40:00,501208077,9,2,1,1,0
01:40:00,501208079,1,0,21,1,0
01:40:00,501208082,4,0,5,1,0
01:40:00,501208085,13,0,2,1,0
01:40:00,501208087,7,0,24,1,0
01:40:00,501208089,17,0,8,1,0
01:40:00,501208091,2,1,41,1,0
01:40:00,501208111,7,1,7,1,0
01:40:00,501208113,3,0,17,1,0
01:40:00,501208114,8,0,12,1,0
01:40:00,501208129,2,0,20,1,0
01:40:00,501208130,8,0,5,1,0
01:40:00,501209002,12,1,8,1,0
01:40:00,501209003,9,0,4,1,0
01:40:00,501209004,5,1,10,1,0
01:40:00,501209005,4,0,14,1,0
01:40:00,501209006,10,3,9,1,0
01:40:00,501209007,11,0,3,1,0
01:40:00,501209009,0,0,0,2,0
01:40:00,501209010,10,2,3,1,0
01:40:00,501209011,1,1,24,1,0
01:40:00,501209014,6,2,6,1,0
01:40:00,501209015,11,1,4,1,0
01:40:00,501209016,13,0,15,1,0
01:40:00,501209017,7,1,5,1,0
01:40:00,501209018,9,0,8,1,0
01:40:00,501209019,6,0,17,1,0
01:40:00,501209020,3,1,29,1,0
01:40:00,501209021,8,3,6,1,0
01:40:00,501209022,1,0,9,1,0
01:40:00,501209023,19,1,24,1,0
01:40:00,501209024,7,3,35,1,0
01:40:00,501209025,6,1,9,1,0
01:40:00,501209026,10,1,16,1,0
01:40:00,501209027,6,0,12,1,0
01:40:00,501209028,9,2,19,1,0
01:40:00,501209030,10,0,8,1,0
01:40:00,501209031,4,0,26,1,0
01:40:00,501209032,2,0,26,1,0
01:40:00,501209033,4,1,16,1,0
01:40:00,501209034,7,1,8,1,0
01:40:00,501209035,1,0,27,1,0
01:40:00,501209036,9,2,22,1,0
01:40:00,501209037,12,1,23,1,0
01:40:00,501209038,11,1,5,1,0
01:40:00,501209039,4,0,26,1,0
01:40:00,501209040,2,0,29,1,0
01:40:00,501209042,6,1,13,1,0
01:40:00,501209043,15,1,10,1,0
01:40:00,501209044,10,3,5,1,0
01:40:00,501209045,1,0,14,1,0
01:40:00,501209046,7,1,15,1,0
01:40:00,501209047,8,1,6,1,0
01:40:00,501209049,1,0,19,1,0
01:40:00,501209050,10,1,3,1,0
01:40:00,501209051,13,1,10,1,0
01:40:00,501209052,3,2,19,1,0
01:40:00,501209053,4,1,16,1,0
01:40:00,501209054,13,0,14,1,0
01:40:00,501209056,10,0,5,1,0
01:40:00,501209058,8,1,8,1,0
01:40:00,501209059,1,0,14,1,0
01:40:00,501209060,7,0,13,1,0
01:40:00,501209062,7,0,8,1,0
01:40:00,501209064,10,1,5,1,0
01:40:00,501209065,2,1,13,1,0
01:40:00,501209066,10,0,4,1,0
01:40:00,501209067,7,1,8,1,0
01:40:00,501209068,9,2,8,1,0
01:40:00,501209069,3,0,60,1,0
01:40:00,501209070,9,1,8,1,0
01:40:00,501209071,8,1,9,1,0
01:40:00,501209073,11,2,4,1,0
01:40:00,501209074,11,1,12,1,0
01:40:00,501209075,14,2,2,1,0
01:40:00,501209076,4,1,19,1,0
01:40:00,501209077,9,1,6,1,0
01:40:00,501209078,7,3,6,1,0
01:40:00,501209079,4,0,21,1,0
01:40:00,501209080,3,0,23,1,0
01:40:00,501209081,8,0,7,1,0
01:40:00,501209084,13,0,10,1,0
01:40:00,501209085,2,0,26,1,0
01:40:00,501209087,2,0,36,1,0
01:40:00,501209088,6,0,9,1,0
01:40:00,501209089,14,0,5,1,0
01:40:00,501209090,8,0,6,1,0
01:40:00,501209091,2,1,14,1,0
01:40:00,501209092,12,1,3,1,0
01:40:00,501209093,6,0,9,1,0
01:40:00,501209094,3,0,13,1,0
01:40:00,501209095,10,1,4,1,0
01:40:00,501209096,10,3,5,1,0
01:40:00,501209097,1,1,14,1,0
01:40:00,501209098,7,0,8,1,0
01:40:00,501209099,1,0,18,1,0
01:40:00,501209100,13,3,2,1,0
01:40:00,501209101,6,0,9,1,0
01:40:00,501209102,10,1,10,1,0
01:40:00,501209104,6,1,11,1,0
01:40:00,501209105,22,3,4,1,0
01:40:00,501209106,10,0,10,1,0
01:40:00,501211001,19,4,18,1,0
01:40:00,501211002,6,0,9,1,0
01:40:00,501211004,10,2,5,1,0
01:40:00,501211005,5,1,14,1,0
01:40:00,501211006,12,2,4,1,0
01:40:00,501211007,14,0,5,1,0
01:40:00,501211009,5,0,13,1,0
01:40:00,501211011,20,6,10,1,0
01:40:00,501211012,6,2,12,1,0
01:50:00,501201001,0,0,0,2,0
01:50:00,501201002,6,0,33,1,0
01:50:00,501201003,4,0,19,1,0
01:50:00,501201004,7,2,8,1,0
01:50:00,501201005,5,0,14,1,0
01:50:00,501201006,10,1,18,1,0
01:50:00,501201007,0,0,19,1,0
01:50:00,501201008,5,0,20,1,0
01:50:00,501201010,3,1,7,1,0
01:50:00,501201011,4,1,18,1,0
01:50:00,501201012,10,1,28,1,0
01:50:00,501201013,9,0,12,1,0
01:50:00,501201014,10,1,9,1,0
01:50:00,501201015,18,1,7,1,0
01:50:00,501201016,8,0,16,1,0
01:50:00,501201017,8,2,18,1,0
01:50:00,501201018,5,0,18,1,0
01:50:00,501201019,5,0,23,1,0
01:50:00,501201020,1,0,23,1,0
01:50:00,501201021,9,0,5,1,0
01:50:00,501201022,7,0,9,1,0
01:50:00,501201023,4,1,24,1,0
01:50:00,501201024,2,0,22,1,0
01:50:00,501201025,8,2,16,1,0
01:50:00,501201026,3,0,16,1,0
01:50:00,501201028,14,2,6,1,0
01:50:00,501201029,6,0,6,1,0
01:50:00,501201030,4,0,11,1,0
01:50:00,501201031,4,1,13,1,0
01:50:00,501202001,8,0,6,1,0
01:50:00,501202003,8,0,32,1,0
01:50:00,501202013,1,0,15,1,0
01:50:00,501202023,7,1,8,1,0
01:50:00,501202024,2,1,13,1,0
01:50:00,501202034,12,0,4,1,0
01:50:00,501202035,9,0,21,1,0
01:50:00,501202036,16,0,22,1,0
01:50:00,501202040,3,0,42,1,0
01:50:00,501202043,21,0,4,1,0
01:50:00,501202044,0,0,0,2,0
01:50:00,501202047,3,0,19,1,0
01:50:00,501202050,9,2,6,1,0
01:50:00,501202055,11,0,4,1,0
01:50:00,501202058,8,3,7,1,0
01:50:00,501202065,4,0,10,1,0
01:50:00,501202068,3,0,15,1,0
01:50:00,501202070,6,2,10,1,0
01:50:00,501202078,18,1,7,1,0
01:50:00,501202080,6,0,20,1,0
01:50:00,501202081,7,0,16,1,0
01:50:00,501202082,7,0,16,1,0
01:50:00,501202083,7,0,17,1,0
01:50:00,501202084,13,0,11,1,0
01:50:00,501202085,12,1,23,1,0
01:50:00,501202088,6,2,24,1,0
01:50:00,501202089,1,0,28,1,0
01:50:00,501202096,6,1,9,1,0
01:50:00,501203001,0,0,20,1,0
01:50:00,501203002,1,0,20,1,0
01:50:00,501203003,3,1,91,1,0
01:50:00,501203005,7,2,13,1,0
01:50:00,501203006,2,0,13,1,0
01:50:00,501203007,9,0,6,1,0
01:50:00,501203008,15,2,1,1,0
01:50:00,501203010,25,1,8,1,0
01:50:00,501203011,21,7,17,1,0
01:50:00,501203012,5,1,11,1,0
01:50:00,501203013,7,3,17,1,0
01:50:00,501203015,10,3,2,1,0
01:50:00,501203020,1,0,18,1,0
01:50:00,501203022,1,1,18,1,0
01:50:00,501203023,6,1,12,1,0
01:50:00,501203028,15,1,10,1,0
01:50:00,501203040,1,1,23,1,0
01:50:00,501203045,12,2,6,1,0
01:50:00,501203050,32,1,28,1,0
01:50:00,501203051,12,0,11,1,0
01:50:00,501203053,1,0,25,1,0
01:50:00,501203054,4,0,17,1,0
01:50:00,501203064,5,0,11,1,0
01:50:00,501203065,15,4,0,1,0
01:50:00,501203070,10,1,5,1,0
01:50:00,501203073,6,0,18,1,0
01:50:00,501203076,7,0,8,1,0
01:50:00,501203078,7,0,9,1,0
01:50:00,501203080,11,1,3,1,0
01:50:00,501203084,7,0,4,1,0
01:50:00,501203085,5,0,5,1,0
01:50:00,501203088,7,0,7,1,0
01:50:00,501203089,7,3,5,1,0
01:50:00,501203090,2,1,8,1,0
01:50:00,501203091,7,0,6,1,0
01:50:00,501203092,7,0,13,1,0
01:50:00,501203100,6,1,13,1,0
01:50:00,501203101,0,0,0,2,0
01:50:00,501203102,5,0,14,1,0
01:50:00,501203104,12,1,6,1,0
01:50:00,501203105,3,0,7,1,0
01:50:00,501203107,0,0,0,2,0
01:50:00,501203109,11,0,15,1,0
01:50:00,501203110,14,0,26,1,0
01:50:00,501203111,8,0,3,1,0
01:50:00,501203113,6,2,13,1,0
01:50:00,501203114,13,2,37,1,0
01:50:00,501203117,0,0,0,2,0
01:50:00,501203118,12,0,8,1,0
01:50:00,501203121,13,1,11,1,0
01:50:00,501203122,12,0,8,1,0
01:50:00,501203125,17,1,8,1,0
01:50:00,501203131,17,1,3,1,0
01:50:00,501203140,2,1,40,1,0
01:50:00,501203141,5,3,10,1,0
01:50:00,501203142,4,0,32,1,0
01:50:00,501203145,8,1,7,1,0
01:50:00,501203151,13,0,5,1,0
01:50:00,501203155,10,2,9,1,0
01:50:00,501203157,1,1,16,1,0
01:50:00,501203159,5,1,15,1,0
01:50:00,501203161,1,0,18,1,0
01:50:00,501203162,11,0,10,1,0
01:50:00,501203163,7,1,9,1,0
01:50:00,501204001,15,0,10,1,0
01:50:00,501204002,15,0,21,1,0
01:50:00,501204003,17,0,27,1,0
01:50:00,501204004,0,0,14,1,0
01:50:00,501204005,11,5,9,1,0
01:50:00,501204007,5,0,31,1,0
01:50:00,501204008,0,0,15,1,0
01:50:00,501204009,0,0,0,2,0
01:50:00,501204010,0,0,0,2,0
01:50:00,501204011,5,2,10,1,0
01:50:00,501204012,6,1,8,1,0
01:50:00,501204013,4,0,9,1,0
01:50:00,501204014,6,1,10,1,0
01:50:00,501204015,12,0,3,1,0
01:50:00,501204016,5,0,15,1,0
01:50:00,501204017,5,0,10,1,0
01:50:00,501204018,8,0,16,1,0
01:50:00,501204020,1,0,19,1,0
01:50:00,501204021,11,0,9,1,0
01:50:00,501204022,8,0,8,1,0
01:50:00,501204023,14,1,1,1,0
01:50:00,501204024,0,0,0,2,0
01:50:00,501204025,13,0,7,1,0
01:50:00,501205001,7,1,10,1,0
01:50:00,501205003,7,0,12,1,0
01:50:00,501205004,6,1,10,1,0
01:50:00,501205005,8,0,14,1,0
01:50:00,501205006,17,0,3,1,0
01:50:00,501205007,8,0,4,1,0
01:50:00,501205008,5,1,21,1,0
01:50:00,501205009,19,0,26,1,0
01:50:00,501205010,4,1,9,1,0
01:50:00,501205011,4,0,28,1,0
01:50:00,501205012,6,0,14,1,0
01:50:00,501205013,5,1,16,1,0
01:50:00,501205014,21,7,2,1,0
01:50:00,501205015,5,2,13,1,0
01:50:00,501205018,2,0,16,1,0
01:50:00,501205019,1,0,27,1,0
01:50:00,501205020,7,1,23,1,0
01:50:00,501205021,10,0,5,1,0
01:50:00,501205022,9,1,6,1,0
01:50:00,501205023,9,0,6,1,0
01:50:00,501205025,16,0,12,1,0
01:50:00,501205026,0,0,19,1,0
01:50:00,501205027,6,0,4,1,0
01:50:00,501205028,12,2,2,1,0
01:50:00,501205029,5,1,5,1,0
01:50:00,501205030,1,0,9,1,0
01:50:00,501205033,5,0,10,1,0
01:50:00,501205034,9,1,19,1,0
01:50:00,501205035,8,1,8,1,0
01:50:00,501205036,6,1,9,1,0
01:50:00,501205037,10,1,5,1,0
01:50:00,501205038,9,2,11,1,0
01:50:00,501205039,7,0,13,1,0
01:50:00,501205040,16,0,9,1,0
01:50:00,501205041,10,1,7,1,0
01:50:00,501205042,4,1,25,1,0
01:50:00,501208011,16,1,21,1,0
01:50:00,501208013,28,2,25,1,0
01:50:00,501208014,10,0,28,1,0
01:50:00,501208015,7,0,8,1,0
01:50:00,501208018,14,1,1,1,0
01:50:00,501208021,2,0,15,1,0
01:50:00,501208027,2,0,28,1,0
01:50:00,501208029,14,1,7,1,0
01:50:00,501208030,14,0,24,1,0
01:50:00,501208032,20,0,8,1,0
01:50:00,501208040,5,1,14,1,0
01:50:00,501208041,0,0,15,1,0
01:50:00,501208045,6,0,26,1,0
01:50:00,501208051,9,1,27,1,0
01:50:00,501208053,20,0,1,1,0
01:50:00,501208054,2,0,26,1,0
01:50:00,501208059,5,0,24,1,0
01:50:00,501208064,1,0,19,1,0
01:50:00,501208077,9,2,1,1,0
01:50:00,501208079,1,0,21,1,0
01:50:00,501208082,4,0,5,1,0
01:50:00,501208085,13,0,2,1,0
01:50:00,501208087,21,0,10,1,0
01:50:00,501208089,17,0,8,1,0
01:50:00,501208091,2,1,41,1,0
01:50:00,501208111,7,1,7,1,0
01:50:00,501208113,3,0,17,1,0
01:50:00,501208114,8,0,12,1,0
01:50:00,501208129,2,0,20,1,0
01:50:00,501208130,8,0,5,1,0
01:50:00,501209002,12,1,8,1,0
01:50:00,501209003,9,0,4,1,0
01:50:00,501209004,5,1,10,1,0
01:50:00,501209005,4,0,14,1,0
01:50:00,501209006,10,3,9,1,0
01:50:00,501209007,11,0,3,1,0
01:50:00,501209009,0,0,0,2,0
01:50:00,501209010,10,2,3,1,0
01:50:00,501209011,1,1,24,1,0
01:50:00,501209014,6,2,6,1,0
01:50:00,501209015,11,1,4,1,0
01:50:00,501209016,13,0,15,1,0
01:50:00,501209017,6,1,6,1,0
01:50:00,501209018,9,0,8,1,0
01:50:00,501209019,6,0,17,1,0
01:50:00,501209020,3,1,29,1,0
01:50:00,501209021,8,3,6,1,0
01:50:00,501209022,1,0,9,1,0
01:50:00,501209023,19,1,24,1,0
01:50:00,501209024,7,3,35,1,0
01:50:00,501209025,6,1,9,1,0
01:50:00,501209026,10,1,16,1,0
01:50:00,501209027,6,0,12,1,0
01:50:00,501209028,8,1,20,1,0
01:50:00,501209030,10,0,8,1,0
01:50:00,501209031,4,0,26,1,0
01:50:00,501209032,2,0,26,1,0
01:50:00,501209033,4,1,16,1,0
01:50:00,501209034,7,1,8,1,0
01:50:00,501209035,1,0,27,1,0
01:50:00,501209036,9,2,22,1,0
01:50:00,501209037,12,1,23,1,0
01:50:00,501209038,11,1,5,1,0
01:50:00,501209039,4,0,26,1,0
01:50:00,501209040,2,0,29,1,0
01:50:00,501209042,6,1,13,1,0
01:50:00,501209043,16,1,9,1,0
01:50:00,501209044,10,3,5,1,0
01:50:00,501209045,1,0,14,1,0
01:50:00,501209046,7,1,15,1,0
01:50:00,501209047,8,1,6,1,0
01:50:00,501209049,1,0,19,1,0
01:50:00,501209050,10,1,3,1,0
01:50:00,501209051,13,1,10,1,0
01:50:00,501209052,3,2,19,1,0
01:50:00,501209053,4,1,16,1,0
01:50:00,501209054,13,0,14,1,0
01:50:00,501209056,10,0,5,1,0
01:50:00,501209058,8,1,8,1,0
01:50:00,501209059,1,0,14,1,0
01:50:00,501209060,7,0,13,1,0
01:50:00,501209062,7,0,8,1,0
01:50:00,501209064,10,1,5,1,0
01:50:00,501209065,2,1,13,1,0
01:50:00,501209066,10,0,4,1,0
01:50:00,501209067,7,1,8,1,0
01:50:00,501209068,9,2,8,1,0
01:50:00,501209069,3,0,60,1,0
01:50:00,501209070,4,1,13,1,0
01:50:00,501209071,8,1,9,1,0
01:50:00,501209073,11,2,4,1,0
01:50:00,501209074,11,1,12,1,0
01:50:00,501209075,14,2,2,1,0
01:50:00,501209076,4,1,19,1,0
01:50:00,501209077,9,1,6,1,0
01:50:00,501209078,7,3,6,1,0
01:50:00,501209079,4,0,21,1,0
01:50:00,501209080,3,0,23,1,0
01:50:00,501209081,8,0,7,1,0
01:50:00,501209084,13,0,10,1,0
01:50:00,501209085,2,0,26,1,0
01:50:00,501209087,2,0,36,1,0
01:50:00,501209088,6,0,9,1,0
01:50:00,501209089,14,0,5,1,0
01:50:00,501209090,8,0,6,1,0
01:50:00,501209091,2,1,14,1,0
01:50:00,501209092,12,1,3,1,0
01:50:00,501209093,6,0,9,1,0
01:50:00,501209094,3,0,13,1,0
01:50:00,501209095,10,1,4,1,0
01:50:00,501209096,10,3,5,1,0
01:50:00,501209097,1,1,14,1,0
01:50:00,501209098,7,0,8,1,0
01:50:00,501209099,1,0,18,1,0
01:50:00,501209100,13,3,2,1,0
01:50:00,501209101,6,0,9,1,0
01:50:00,501209102,10,1,10,1,0
01:50:00,501209104,6,1,11,1,0
01:50:00,501209105,22,3,4,1,0
01:50:00,501209106,10,0,10,1,0
01:50:00,501211001,19,4,18,1,0
01:50:00,501211002,6,0,9,1,0
01:50:00,501211004,10,2,5,1,0
01:50:00,501211005,5,1,14,1,0
01:50:00,501211006,12,2,4,1,0
01:50:00,501211007,14,0,5,1,0
01:50:00,501211009,5,0,13,1,0
01:50:00,501211011,20,6,10,1,0
01:50:00,501211012,6,2,12,1,0
02:00:00,501201001,0,0,0,2,0
02:00:00,501201002,6,0,33,1,0
02:00:00,501201003,4,0,19,1,0
02:00:00,501201004,8,2,7,1,0
02:00:00,501201005,5,0,14,1,0
02:00:00,501201006,10,1,18,1,0
02:00:00,501201007,0,0,19,1,0
02:00:00,501201008,5,0,20,1,0
02:00:00,501201010,3,1,7,1,0
02:00:00,501201011,4,1,18,1,0
02:00:00,501201012,14,1,24,1,0
02:00:00,501201013,9,0,12,1,0
02:00:00,501201014,10,0,9,1,0
02:00:00,501201015,18,1,7,1,0
02:00:00,501201016,8,0,16,1,0
02:00:00,501201017,8,2,18,1,0
02:00:00,501201018,5,0,18,1,0
02:00:00,501201019,5,0,23,1,0
02:00:00,501201020,1,0,23,1,0
02:00:00,501201021,9,0,5,1,0
02:00:00,501201022,7,0,9,1,0
02:00:00,501201023,4,1,24,1,0
02:00:00,501201024,2,0,22,1,0
02:00:00,501201025,8,2,16,1,0
02:00:00,501201026,2,0,17,1,0
02:00:00,501201028,14,2,6,1,0
02:00:00,501201029,6,0,6,1,0
02:00:00,501201030,4,0,11,1,0
02:00:00,501201031,4,1,13,1,0
02:00:00,501202001,8,0,6,1,0
02:00:00,501202003,8,0,32,1,0
02:00:00,501202013,1,0,15,1,0
02:00:00,501202023,7,1,8,1,0
02:00:00,501202024,2,1,13,1,0
02:00:00,501202034,12,0,4,1,0
02:00:00,501202035,9,0,21,1,0
02:00:00,501202036,16,0,22,1,0
02:00:00,501202040,3,0,42,1,0
02:00:00,501202043,4,0,21,1,0
02:00:00,501202044,0,0,0,2,0
02:00:00,501202047,3,0,19,1,0
02:00:00,501202050,10,2,5,1,0
02:00:00,501202055,11,0,4,1,0
02:00:00,501202058,8,3,7,1,0
02:00:00,501202065,4,0,10,1,0
02:00:00,501202068,3,0,15,1,0
02:00:00,501202070,6,2,10,1,0
02:00:00,501202078,18,1,7,1,0
02:00:00,501202080,6,0,20,1,0
02:00:00,501202081,7,0,16,1,0
02:00:00,501202082,7,0,16,1,0
02:00:00,501202083,7,0,17,1,0
02:00:00,501202084,13,0,11,1,0
02:00:00,501202085,12,1,23,1,0
02:00:00,501202088,6,2,24,1,0
02:00:00,501202089,1,0,28,1,0
02:00:00,501202096,6,1,9,1,0
02:00:00,501203001,0,0,20,1,0
02:00:00,501203002,2,0,19,1,0
02:00:00,501203003,3,1,91,1,0
02:00:00,501203005,7,2,13,1,0
02:00:00,501203006,2,0,13,1,0
02:00:00,501203007,9,0,6,1,0
02:00:00,501203008,15,2,1,1,0
02:00:00,501203010,25,1,8,1,0
02:00:00,501203011,21,7,17,1,0
02:00:00,501203012,5,1,11,1,0
02:00:00,501203013,7,3,17,1,0
02:00:00,501203015,10,3,2,1,0
02:00:00,501203020,1,0,18,1,0
02:00:00,501203022,1,1,18,1,0
02:00:00,501203023,5,0,13,1,0
02:00:00,501203028,15,1,10,1,0
02:00:00,501203040,1,1,23,1,0
02:00:00,501203045,13,2,5,1,0
02:00:00,501203050,32,1,28,1,0
02:00:00,501203051,12,0,11,1,0
02:00:00,501203053,1,0,25,1,0
02:00:00,501203054,4,0,17,1,0
02:00:00,501203064,5,0,11,1,0
02:00:00,501203065,15,4,0,1,0
02:00:00,501203070,10,1,5,1,0
02:00:00,501203073,6,0,18,1,0
02:00:00,501203076,7,0,8,1,0
02:00:00,501203078,7,0,9,1,0
02:00:00,501203080,10,0,4,1,0
02:00:00,501203084,7,0,4,1,0
02:00:00,501203085,5,0,5,1,0
02:00:00,501203088,7,0,7,1,0
02:00:00,501203089,7,3,5,1,0
02:00:00,501203090,2,1,8,1,0
02:00:00,501203091,7,0,6,1,0
02:00:00,501203092,7,0,13,1,0
02:00:00,501203100,6,1,13,1,0
02:00:00,501203101,0,0,0,2,0
02:00:00,501203102,5,0,14,1,0
02:00:00,501203104,12,1,6,1,0
02:00:00,501203105,3,0,7,1,0
02:00:00,501203107,0,0,0,2,0
02:00:00,501203109,10,0,16,1,0
02:00:00,501203110,14,0,26,1,0
02:00:00,501203111,8,0,3,1,0
02:00:00,501203113,6,2,13,1,0
02:00:00,501203114,13,2,37,1,0
02:00:00,501203117,0,0,0,2,0
02:00:00,501203118,12,0,8,1,0
02:00:00,501203121,13,1,11,1,0
02:00:00,501203122,12,0,8,1,0
02:00:00,501203125,17,1,8,1,0
02:00:00,501203131,17,1,3,1,0
02:00:00,501203140,2,1,40,1,0
02:00:00,501203141,5,3,10,1,0
02:00:00,501203142,4,0,32,1,0
02:00:00,501203145,7,1,8,1,0
02:00:00,501203151,13,0,5,1,0
02:00:00,501203155,10,2,9,1,0
02:00:00,501203157,1,1,16,1,0
02:00:00,501203159,5,1,15,1,0
02:00:00,501203161,1,0,18,1,0
02:00:00,501203162,11,0,10,1,0
02:00:00,501203163,7,1,9,1,0
02:00:00,501204001,15,0,10,1,0
02:00:00,501204002,15,0,21,1,0
02:00:00,501204003,17,0,27,1,0
02:00:00,501204004,0,0,14,1,0
02:00:00,501204005,12,5,8,1,0
02:00:00,501204007,5,0,31,1,0
02:00:00,501204008,0,0,15,1,0
02:00:00,501204009,0,0,0,2,0
02:00:00,501204010,0,0,0,2,0
02:00:00,501204011,5,2,10,1,0
02:00:00,501204012,6,1,8,1,0
02:00:00,501204013,4,0,9,1,0
02:00:00,501204014,6,1,10,1,0
02:00:00,501204015,12,0,3,1,0
02:00:00,501204016,5,0,15,1,0
02:00:00,501204017,5,0,10,1,0
02:00:00,501204018,8,0,16,1,0
02:00:00,501204020,1,0,19,1,0
02:00:00,501204021,11,0,9,1,0
02:00:00,501204022,8,0,8,1,0
02:00:00,501204023,14,1,1,1,0
02:00:00,501204024,0,0,0,2,0
02:00:00,501204025,13,0,7,1,0
02:00:00,501205001,7,1,10,1,0
02:00:00,501205003,7,0,12,1,0
02:00:00,501205004,6,1,10,1,0
02:00:00,501205005,8,0,14,1,0
02:00:00,501205006,17,0,3,1,0
02:00:00,501205007,8,0,4,1,0
02:00:00,501205008,5,1,21,1,0
02:00:00,501205009,19,0,26,1,0
02:00:00,501205010,4,1,9,1,0
02:00:00,501205011,4,0,28,1,0
02:00:00,501205012,6,0,14,1,0
02:00:00,501205013,5,1,16,1,0
02:00:00,501205014,21,7,2,1,0
02:00:00,501205015,5,2,13,1,0
02:00:00,501205018,2,0,16,1,0
02:00:00,501205019,1,0,27,1,0
02:00:00,501205020,7,1,23,1,0
02:00:00,501205021,10,0,5,1,0
02:00:00,501205022,9,1,6,1,0
02:00:00,501205023,9,0,6,1,0
02:00:00,501205025,16,0,12,1,0
02:00:00,501205026,0,0,19,1,0
02:00:00,501205027,6,0,4,1,0
02:00:00,501205028,12,2,2,1,0
02:00:00,501205029,5,1,5,1,0
02:00:00,501205030,1,0,9,1,0
02:00:00,501205033,5,0,10,1,0
02:00:00,501205034,10,1,18,1,0
02:00:00,501205035,8,1,8,1,0
02:00:00,501205036,6,1,9,1,0
02:00:00,501205037,10,1,5,1,0
02:00:00,501205038,9,2,11,1,0
02:00:00,501205039,7,0,13,1,0
02:00:00,501205040,16,0,9,1,0
02:00:00,501205041,10,1,7,1,0
02:00:00,501205042,4,1,25,1,0
02:00:00,501208011,16,1,21,1,0
02:00:00,501208013,28,2,25,1,0
02:00:00,501208014,10,0,28,1,0
02:00:00,501208015,7,0,8,1,0
02:00:00,501208018,14,1,1,1,0
02:00:00,501208021,2,0,15,1,0
02:00:00,501208027,2,0,28,1,0
02:00:00,501208029,14,1,7,1,0
02:00:00,501208030,14,0,24,1,0
02:00:00,501208032,20,0,8,1,0
02:00:00,501208040,5,1,14,1,0
02:00:00,501208041,0,0,15,1,0
02:00:00,501208045,6,0,26,1,0
02:00:00,501208051,9,1,27,1,0
02:00:00,501208053,20,0,1,1,0
02:00:00,501208054,2,0,26,1,0
02:00:00,501208059,5,0,24,1,0
02:00:00,501208064,1,0,19,1,0
02:00:00,501208077,9,2,1,1,0
02:00:00,501208079,1,0,21,1,0
02:00:00,501208082,4,0,5,1,0
02:00:00,501208085,13,0,2,1,0
02:00:00,501208087,21,0,10,1,0
02:00:00,501208089,17,0,8,1,0
02:00:00,501208091,2,1,41,1,0
02:00:00,501208111,7,1,7,1,0
02:00:00,501208113,3,0,17,1,0
02:00:00,501208114,8,0,12,1,0
02:00:00,501208129,2,0,20,1,0
02:00:00,501208130,8,0,5,1,0
02:00:00,501209002,12,1,8,1,0
02:00:00,501209003,10,0,3,1,0
02:00:00,501209004,5,1,10,1,0
02:00:00,501209005,4,0,14,1,0
02:00:00,501209006,10,3,9,1,0
02:00:00,501209007,12,1,2,1,0
02:00:00,501209009,0,0,0,2,0
02:00:00,501209010,10,2,3,1,0
02:00:00,501209011,1,1,24,1,0
02:00:00,501209014,6,2,6,1,0
02:00:00,501209015,11,1,4,1,0
02:00:00,501209016,13,0,15,1,0
02:00:00,501209017,6,1,6,1,0
02:00:00,501209018,9,0,8,1,0
02:00:00,501209019,6,0,17,1,0
02:00:00,501209020,3,1,29,1,0
02:00:00,501209021,8,3,6,1,0
02:00:00,501209022,1,0,9,1,0
02:00:00,501209023,19,1,24,1,0
02:00:00,501209024,7,3,35,1,0
02:00:00,501209025,6,1,9,1,0
02:00:00,501209026,10,1,16,1,0
02:00:00,501209027,6,0,12,1,0
02:00:00,501209028,8,1,20,1,0
02:00:00,501209030,10,0,8,1,0
02:00:00,501209031,4,0,26,1,0
02:00:00,501209032,2,0,26,1,0
02:00:00,501209033,4,1,16,1,0
02:00:00,501209034,7,1,8,1,0
02:00:00,501209035,1,0,27,1,0
02:00:00,501209036,10,2,21,1,0
02:00:00,501209037,12,1,23,1,0
02:00:00,501209038,11,1,5,1,0
02:00:00,501209039,4,0,26,1,0
02:00:00,501209040,2,0,29,1,0
02:00:00,501209042,6,1,13,1,0
02:00:00,501209043,16,1,9,1,0
02:00:00,501209044,10,3,5,1,0
02:00:00,501209045,1,0,14,1,0
02:00:00,501209046,7,1,15,1,0
02:00:00,501209047,8,1,6,1,0
02:00:00,501209049,1,0,19,1,0
02:00:00,501209050,10,1,3,1,0
02:00:00,501209051,13,1,10,1,0
02:00:00,501209052,3,2,19,1,0
02:00:00,501209053,4,1,16,1,0
02:00:00,501209054,13,0,14,1,0
02:00:00,501209056,10,0,5,1,0
02:00:00,501209058,8,1,8,1,0
02:00:00,501209059,1,0,14,1,0
02:00:00,501209060,7,0,13,1,0
02:00:00,501209062,7,0,8,1,0
02:00:00,501209064,10,1,5,1,0
02:00:00,501209065,2,1,13,1,0
02:00:00,501209066,10,0,4,1,0
02:00:00,501209067,7,1,8,1,0
02:00:00,501209068,9,2,8,1,0
02:00:00,501209069,3,0,60,1,0
02:00:00,501209070,6,1,11,1,0
02:00:00,501209071,4,1,13,1,0
02:00:00,501209073,11,2,4,1,0
02:00:00,501209074,11,1,12,1,0
02:00:00,501209075,14,2,2,1,0
02:00:00,501209076,4,1,19,1,0
02:00:00,501209077,9,1,6,1,0
02:00:00,501209078,7,3,6,1,0
02:00:00,501209079,4,0,21,1,0
02:00:00,501209080,3,0,23,1,0
02:00:00,501209081,8,0,7,1,0
02:00:00,501209084,13,0,10,1,0
02:00:00,501209085,2,0,26,1,0
02:00:00,501209087,2,0,36,1,0
02:00:00,501209088,6,0,9,1,0
02:00:00,501209089,14,0,5,1,0
02:00:00,501209090,8,0,6,1,0
02:00:00,501209091,2,1,14,1,0
02:00:00,501209092,12,1,3,1,0
02:00:00,501209093,6,0,9,1,0
02:00:00,501209094,3,0,13,1,0
02:00:00,501209095,10,1,4,1,0
02:00:00,501209096,10,3,5,1,0
02:00:00,501209097,1,1,14,1,0
02:00:00,501209098,7,0,8,1,0
02:00:00,501209099,1,0,18,1,0
02:00:00,501209100,13,3,2,1,0
02:00:00,501209101,6,0,9,1,0
02:00:00,501209102,10,1,10,1,0
02:00:00,501209104,6,1,11,1,0
02:00:00,501209105,22,3,4,1,0
02:00:00,501209106,10,0,10,1,0
02:00:00,501211001,19,4,18,1,0
02:00:00,501211002,6,0,9,1,0
02:00:00,501211004,10,2,5,1,0
02:00:00,501211005,5,1,14,1,0
02:00:00,501211006,12,2,4,1,0
02:00:00,501211007,14,0,5,1,0
02:00:00,501211009,5,0,13,1,0
02:00:00,501211011,20,6,10,1,0
02:00:00,501211012,6,2,12,1,0
02:10:00,501201001,0,0,0,2,0
02:10:00,501201002,6,0,33,1,0
02:10:00,501201003,4,0,19,1,0
02:10:00,501201004,8,2,7,1,0
02:10:00,501201005,5,0,14,1,0
02:10:00,501201006,10,1,18,1,0
02:10:00,501201007,0,0,19,1,0
02:10:00,501201008,5,0,20,1,0
02:10:00,501201010,3,1,7,1,0
02:10:00,501201011,4,1,18,1,0
02:10:00,501201012,14,1,24,1,0
02:10:00,501201013,9,0,12,1,0
02:10:00,501201014,10,0,9,1,0
02:10:00,501201015,18,1,7,1,0
02:10:00,501201016,8,0,16,1,0
02:10:00,501201017,15,2,11,1,0
02:10:00,501201018,5,0,18,1,0
02:10:00,501201019,5,0,23,1,0
02:10:00,501201020,1,0,23,1,0
02:10:00,501201021,9,0,5,1,0
02:10:00,501201022,7,0,9,1,0
02:10:00,501201023,4,0,24,1,0
02:10:00,501201024,2,0,22,1,0
02:10:00,501201025,8,2,16,1,0
02:10:00,501201026,2,0,17,1,0
02:10:00,501201028,14,2,6,1,0
02:10:00,501201029,7,1,6,1,0
02:10:00,501201030,4,0,11,1,0
02:10:00,501201031,4,1,13,1,0
02:10:00,501202001,9,0,5,1,0
02:10:00,501202003,8,0,32,1,0
02:10:00,501202013,1,0,15,1,0
02:10:00,501202023,7,1,8,1,0
02:10:00,501202024,2,1,13,1,0
02:10:00,501202034,12,0,4,1,0
02:10:00,501202035,9,0,21,1,0
02:10:00,501202036,16,0,22,1,0
02:10:00,501202040,3,0,42,1,0
02:10:00,501202043,4,0,21,1,0
02:10:00,501202044,0,0,0,2,0
02:10:00,501202047,3,0,19,1,0
02:10:00,501202050,10,2,5,1,0
02:10:00,501202055,11,0,4,1,0
02:10:00,501202058,8,3,7,1,0
02:10:00,501202065,4,0,10,1,0
02:10:00,501202068,3,0,15,1,0
02:10:00,501202070,6,2,10,1,0
02:10:00,501202078,18,1,7,1,0
02:10:00,501202080,6,0,20,1,0
02:10:00,501202081,7,0,16,1,0
02:10:00,501202082,7,0,16,1,0
02:10:00,501202083,7,0,17,1,0
02:10:00,501202084,13,0,11,1,0
02:10:00,501202085,12,1,23,1,0
02:10:00,501202088,6,2,24,1,0
02:10:00,501202089,1,0,28,1,0
02:10:00,501202096,6,1,9,1,0
02:10:00,501203001,0,0,20,1,0
02:10:00,501203002,2,0,19,1,0
02:10:00,501203003,3,1,91,1,0
02:10:00,501203005,7,2,13,1,0
02:10:00,501203006,2,0,13,1,0
02:10:00,501203007,9,0,6,1,0
02:10:00,501203008,14,1,1,1,0
02:10:00,501203010,25,1,8,1,0
02:10:00,501203011,21,7,17,1,0
02:10:00,501203012,5,1,11,1,0
02:10:00,501203013,7,3,17,1,0
02:10:00,501203015,10,3,2,1,0
02:10:00,501203020,1,0,18,1,0
02:10:00,501203022,1,1,18,1,0
02:10:00,501203023,5,0,13,1,0
02:10:00,501203028,15,1,10,1,0
02:10:00,501203040,1,1,23,1,0
02:10:00,501203045,13,2,5,1,0
02:10:00,501203050,32,1,28,1,0
02:10:00,501203051,12,0,11,1,0
02:10:00,501203053,2,0,24,1,0
02:10:00,501203054,4,0,17,1,0
02:10:00,501203064,5,0,11,1,0
02:10:00,501203065,15,4,0,1,0
02:10:00,501203070,10,1,5,1,0
02:10:00,501203073,6,0,18,1,0
02:10:00,501203076,7,0,8,1,0
02:10:00,501203078,7,0,9,1,0
02:10:00,501203080,10,0,4,1,0
02:10:00,501203084,7,0,4,1,0
02:10:00,501203085,5,0,5,1,0
02:10:00,501203088,7,0,7,1,0
02:10:00,501203089,7,3,5,1,0
02:10:00,501203090,2,1,8,1,0
02:10:00,501203091,5,0,8,1,0
02:10:00,501203092,7,0,13,1,0
02:10:00,501203100,6,1,13,1,0
02:10:00,501203101,0,0,0,2,0
02:10:00,501203102,5,0,14,1,0
02:10:00,501203104,12,1,6,1,0
02:10:00,501203105,3,0,7,1,0
02:10:00,501203107,0,0,0,2,0
02:10:00,501203109,10,0,16,1,0
02:10:00,501203110,14,0,26,1,0
02:10:00,501203111,9,0,2,1,0
02:10:00,501203113,6,2,13,1,0
02:10:00,501203114,13,2,37,1,0
02:10:00,501203117,0,0,0,2,0
02:10:00,501203118,12,0,8,1,0
02:10:00,501203121,13,1,11,1,0
02:10:00,501203122,12,0,8,1,0
02:10:00,501203125,17,1,8,1,0
02:10:00,501203131,17,1,3,1,0
02:10:00,501203140,2,1,40,1,0
02:10:00,501203141,5,3,10,1,0
02:10:00,501203142,4,0,32,1,0
02:10:00,501203145,7,1,8,1,0
02:10:00,501203151,13,0,5,1,0
02:10:00,501203155,10,2,9,1,0
02:10:00,501203157,2,1,15,1,0
02:10:00,501203159,5,1,15,1,0
02:10:00,501203161,1,0,18,1,0
02:10:00,501203162,11,0,10,1,0
02:10:00,501203163,7,1,9,1,0
02:10:00,501204001,15,0,10,1,0
02:10:00,501204002,15,0,21,1,0
02:10:00,501204003,16,0,28,1,0
02:10:00,501204004,0,0,14,1,0
02:10:00,501204005,12,5,8,1,0
02:10:00,501204007,5,0,31,1,0
02:10:00,501204008,0,0,15,1,0
02:10:00,501204009,0,0,0,2,0
02:10:00,501204010,0,0,0,2,0
02:10:00,501204011,5,2,10,1,0
02:10:00,501204012,6,1,8,1,0
02:10:00,501204013,4,0,9,1,0
02:10:00,501204014,6,1,10,1,0
02:10:00,501204015,12,0,3,1,0
02:10:00,501204016,5,0,15,1,0
02:10:00,501204017,5,0,10,1,0
02:10:00,501204018,8,0,16,1,0
02:10:00,501204020,1,0,19,1,0
02:10:00,501204021,11,0,9,1,0
02:10:00,501204022,8,0,8,1,0
02:10:00,501204023,14,1,1,1,0
02:10:00,501204024,0,0,0,2,0
02:10:00,501204025,13,0,7,1,0
02:10:00,501205001,7,1,10,1,0
02:10:00,501205003,7,0,12,1,0
02:10:00,501205004,7,2,9,1,0
02:10:00,501205005,8,0,14,1,0
02:10:00,501205006,17,0,3,1,0
02:10:00,501205007,8,0,4,1,0
02:10:00,501205008,5,1,21,1,0
02:10:00,501205009,19,0,26,1,0
02:10:00,501205010,4,1,9,1,0
02:10:00,501205011,4,0,28,1,0
02:10:00,501205012,6,0,14,1,0
02:10:00,501205013,5,1,16,1,0
02:10:00,501205014,21,7,2,1,0
02:10:00,501205015,4,1,14,1,0
02:10:00,501205018,2,0,16,1,0
02:10:00,501205019,1,0,27,1,0
02:10:00,501205020,7,1,23,1,0
02:10:00,501205021,10,0,5,1,0
02:10:00,501205022,9,1,6,1,0
02:10:00,501205023,9,0,6,1,0
02:10:00,501205025,16,0,12,1,0
02:10:00,501205026,0,0,19,1,0
02:10:00,501205027,6,0,4,1,0
02:10:00,501205028,12,2,2,1,0
02:10:00,501205029,5,1,5,1,0
02:10:00,501205030,1,0,9,1,0
02:10:00,501205033,5,0,10,1,0
02:10:00,501205034,10,1,18,1,0
02:10:00,501205035,8,1,8,1,0
02:10:00,501205036,6,1,9,1,0
02:10:00,501205037,10,1,5,1,0
02:10:00,501205038,9,2,11,1,0
02:10:00,501205039,7,0,13,1,0
02:10:00,501205040,16,0,9,1,0
02:10:00,501205041,10,1,7,1,0
02:10:00,501205042,4,1,25,1,0
02:10:00,501208011,19,1,18,1,0
02:10:00,501208013,28,2,25,1,0
02:10:00,501208014,10,0,28,1,0
02:10:00,501208015,7,0,8,1,0
02:10:00,501208018,14,1,1,1,0
02:10:00,501208021,2,0,15,1,0
02:10:00,501208027,2,0,28,1,0
02:10:00,501208029,14,1,7,1,0
02:10:00,501208030,14,0,24,1,0
02:10:00,501208032,20,0,8,1,0
02:10:00,501208040,5,1,14,1,0
02:10:00,501208041,0,0,15,1,0
02:10:00,501208045,6,0,26,1,0
02:10:00,501208051,9,1,27,1,0
02:10:00,501208053,20,0,1,1,0
02:10:00,501208054,2,0,26,1,0
02:10:00,501208059,5,0,24,1,0
02:10:00,501208064,1,0,19,1,0
02:10:00,501208077,9,2,1,1,0
02:10:00,501208079,1,0,21,1,0
02:10:00,501208082,4,0,5,1,0
02:10:00,501208085,13,0,2,1,0
02:10:00,501208087,21,0,10,1,0
02:10:00,501208089,17,0,8,1,0
02:10:00,501208091,2,1,41,1,0
02:10:00,501208111,7,1,7,1,0
02:10:00,501208113,3,0,17,1,0
02:10:00,501208114,8,0,12,1,0
02:10:00,501208129,2,0,20,1,0
02:10:00,501208130,8,0,5,1,0
02:10:00,501209002,12,1,8,1,0
02:10:00,501209003,10,0,3,1,0
02:10:00,501209004,5,1,10,1,0
02:10:00,501209005,4,0,14,1,0
02:10:00,501209006,11,3,8,1,0
02:10:00,501209007,12,1,2,1,0
02:10:00,501209009,0,0,0,2,0
02:10:00,501209010,10,2,3,1,0
02:10:00,501209011,1,1,24,1,0
02:10:00,501209014,6,2,6,1,0
02:10:00,501209015,11,1,4,1,0
02:10:00,501209016,13,0,15,1,0
02:10:00,501209017,6,1,6,1,0
02:10:00,501209018,9,0,8,1,0
02:10:00,501209019,6,0,17,1,0
02:10:00,501209020,3,1,29,1,0
02:10:00,501209021,8,3,6,1,0
02:10:00,501209022,1,0,9,1,0
02:10:00,501209023,19,1,24,1,0
02:10:00,501209024,11,3,31,1,0
02:10:00,501209025,4,1,11,1,0
02:10:00,501209026,10,1,16,1,0
02:10:00,501209027,6,0,12,1,0
02:10:00,501209028,8,1,20,1,0
02:10:00,501209030,10,0,8,1,0
02:10:00,501209031,4,0,26,1,0
02:10:00,501209032,2,0,26,1,0
02:10:00,501209033,4,1,16,1,0
02:10:00,501209034,7,1,8,1,0
02:10:00,501209035,1,0,27,1,0
02:10:00,501209036,10,2,21,1,0
02:10:00,501209037,12,1,23,1,0
02:10:00,501209038,11,1,5,1,0
02:10:00,501209039,4,0,26,1,0
02:10:00,501209040,2,0,29,1,0
02:10:00,501209042,6,1,13,1,0
02:10:00,501209043,16,1,9,1,0
02:10:00,501209044,10,3,5,1,0
02:10:00,501209045,1,0,14,1,0
02:10:00,501209046,7,1,15,1,0
02:10:00,501209047,8,1,6,1,0
02:10:00,501209049,1,0,19,1,0
02:10:00,501209050,10,1,3,1,0
02:10:00,501209051,13,1,10,1,0
02:10:00,501209052,3,2,19,1,0
02:10:00,501209053,4,1,16,1,0
02:10:00,501209054,11,0,16,1,0
02:10:00,501209056,10,0,5,1,0
02:10:00,501209058,8,1,8,1,0
02:10:00,501209059,1,0,14,1,0
02:10:00,501209060,7,0,13,1,0
02:10:00,501209062,7,0,8,1,0
02:10:00,501209064,10,1,5,1,0
02:10:00,501209065,2,1,13,1,0
02:10:00,501209066,10,0,4,1,0
02:10:00,501209067,7,1,8,1,0
02:10:00,501209068,9,2,8,1,0
02:10:00,501209069,3,0,60,1,0
02:10:00,501209070,6,1,11,1,0
02:10:00,501209071,4,1,13,1,0
02:10:00,501209073,11,2,4,1,0
02:10:00,501209074,11,1,12,1,0
02:10:00,501209075,14,2,2,1,0
02:10:00,501209076,4,1,19,1,0
02:10:00,501209077,9,1,6,1,0
02:10:00,501209078,7,3,6,1,0
02:10:00,501209079,4,0,21,1,0
02:10:00,501209080,3,0,23,1,0
02:10:00,501209081,8,0,7,1,0
02:10:00,501209084,13,0,10,1,0
02:10:00,501209085,2,0,26,1,0
02:10:00,501209087,2,0,36,1,0
02:10:00,501209088,6,0,9,1,0
02:10:00,501209089,14,0,5,1,0
02:10:00,501209090,9,0,5,1,0
02:10:00,501209091,2,1,14,1,0
02:10:00,501209092,12,1,3,1,0
02:10:00,501209093,6,0,9,1,0
02:10:00,501209094,3,0,13,1,0
02:10:00,501209095,10,1,4,1,0
02:10:00,501209096,10,3,5,1,0
02:10:00,501209097,1,1,14,1,0
02:10:00,501209098,7,0,8,1,0
02:10:00,501209099,1,0,18,1,0
02:10:00,501209100,13,3,2,1,0
02:10:00,501209101,6,0,9,1,0
02:10:00,501209102,10,1,10,1,0
02:10:00,501209104,6,1,11,1,0
02:10:00,501209105,22,3,4,1,0
02:10:00,501209106,10,0,10,1,0
02:10:00,501211001,19,4,18,1,0
02:10:00,501211002,6,0,9,1,0
02:10:00,501211004,10,2,5,1,0
02:10:00,501211005,5,1,14,1,0
02:10:00,501211006,12,2,4,1,0
02:10:00,501211007,14,0,5,1,0
02:10:00,501211009,5,0,13,1,0
02:10:00,501211011,20,6,10,1,0
02:10:00,501211012,6,2,12,1,0
02:20:00,501201001,0,0,0,2,0
02:20:00,501201002,5,0,34,1,0
02:20:00,501201003,4,0,19,1,0
02:20:00,501201004,8,2,7,1,0
02:20:00,501201005,5,0,14,1,0
02:20:00,501201006,10,1,18,1,0
02:20:00,501201007,0,0,19,1,0
02:20:00,501201008,5,0,20,1,0
02:20:00,501201010,3,1,7,1,0
02:20:00,501201011,4,1,18,1,0
02:20:00,501201012,14,1,24,1,0
02:20:00,501201013,9,0,12,1,0
02:20:00,501201014,10,0,9,1,0
02:20:00,501201015,18,1,7,1,0
02:20:00,501201016,8,0,16,1,0
02:20:00,501201017,15,2,11,1,0
02:20:00,501201018,5,0,18,1,0
02:20:00,501201019,5,0,23,1,0
02:20:00,501201020,1,0,23,1,0
02:20:00,501201021,9,0,5,1,0
02:20:00,501201022,7,0,9,1,0
02:20:00,501201023,4,0,24,1,0
02:20:00,501201024,2,0,22,1,0
02:20:00,501201025,8,2,16,1,0
02:20:00,501201026,2,0,17,1,0
02:20:00,501201028,13,1,6,1,0
02:20:00,501201029,7,1,6,1,0
02:20:00,501201030,4,0,11,1,0
02:20:00,501201031,4,1,13,1,0
02:20:00,501202001,9,0,5,1,0
02:20:00,501202003,8,0,32,1,0
02:20:00,501202013,1,0,15,1,0
02:20:00,501202023,7,1,8,1,0
02:20:00,501202024,2,1,13,1,0
02:20:00,501202034,12,0,4,1,0
02:20:00,501202035,9,0,21,1,0
02:20:00,501202036,16,0,22,1,0
02:20:00,501202040,3,0,42,1,0
02:20:00,501202043,4,0,21,1,0
02:20:00,501202044,0,0,0,2,0
02:20:00,501202047,3,0,19,1,0
02:20:00,501202050,10,2,5,1,0
02:20:00,501202055,11,0,4,1,0
02:20:00,501202058,8,3,7,1,0
02:20:00,501202065,4,0,10,1,0
02:20:00,501202068,1,0,17,1,0
02:20:00,501202070,6,2,10,1,0
02:20:00,501202078,18,1,7,1,0
02:20:00,501202080,6,0,20,1,0
02:20:00,501202081,7,0,16,1,0
02:20:00,501202082,7,0,16,1,0
02:20:00,501202083,7,0,17,1,0
02:20:00,501202084,13,0,11,1,0
02:20:00,501202085,12,1,23,1,0
02:20:00,501202088,6,2,24,1,0
02:20:00,501202089,1,0,28,1,0
02:20:00,501202096,6,1,9,1,0
02:20:00,501203001,0,0,20,1,0
02:20:00,501203002,2,0,19,1,0
02:20:00,501203003,4,2,90,1,0
02:20:00,501203005,7,2,13,1,0
02:20:00,501203006,2,0,13,1,0
02:20:00,501203007,9,0,6,1,0
02:20:00,501203008,14,1,1,1,0
02:20:00,501203010,25,1,8,1,0
02:20:00,501203011,21,7,17,1,0
02:20:00,501203012,5,1,11,1,0
02:20:00,501203013,7,3,17,1,0
02:20:00,501203015,9,2,3,1,0
02:20:00,501203020,1,0,18,1,0
02:20:00,501203022,1,1,18,1,0
02:20:00,501203023,5,0,13,1,0
02:20:00,501203028,15,1,10,1,0
02:20:00,501203040,1,1,23,1,0
02:20:00,501203045,13,2,5,1,0
02:20:00,501203050,32,1,28,1,0
02:20:00,501203051,12,0,11,1,0
02:20:00,501203053,2,0,24,1,0
02:20:00,501203054,4,0,17,1,0
02:20:00,501203064,5,0,11,1,0
02:20:00,501203065,15,4,0,1,0
02:20:00,501203070,10,1,5,1,0
02:20:00,501203073,6,0,18,1,0
02:20:00,501203076,7,0,8,1,0
02:20:00,501203078,7,0,9,1,0
02:20:00,501203080,10,0,4,1,0
02:20:00,501203084,7,0,4,1,0
02:20:00,501203085,5,0,5,1,0
02:20:00,501203088,7,0,7,1,0
02:20:00,501203089,7,3,5,1,0
02:20:00,501203090,2,1,8,1,0
02:20:00,501203091,5,0,8,1,0
02:20:00,501203092,7,0,13,1,0
02:20:00,501203100,6,1,13,1,0
02:20:00,501203101,0,0,0,2,0
02:20:00,501203102,5,0,14,1,0
02:20:00,501203104,12,1,6,1,0
02:20:00,501203105,3,0,7,1,0
02:20:00,501203107,0,0,0,2,0
02:20:00,501203109,10,0,16,1,0
02:20:00,501203110,14,0,26,1,0
02:20:00,501203111,9,0,2,1,0
02:20:00,501203113,6,2,13,1,0
02:20:00,501203114,13,2,37,1,0
02:20:00,501203117,0,0,0,2,0
02:20:00,501203118,12,0,8,1,0
02:20:00,501203121,13,1,11,1,0
02:20:00,501203122,12,0,8,1,0
02:20:00,501203125,17,1,8,1,0
02:20:00,501203131,17,1,3,1,0
02:20:00,501203140,2,1,40,1,0
02:20:00,501203141,5,3,10,1,0
02:20:00,501203142,5,1,31,1,0
02:20:00,501203145,7,1,8,1,0
02:20:00,501203151,13,0,5,1,0
02:20:00,501203155,10,2,9,1,0
02:20:00,501203157,2,1,15,1,0
02:20:00,501203159,5,1,15,1,0
02:20:00,501203161,1,0,18,1,0
02:20:00,501203162,11,0,10,1,0
02:20:00,501203163,7,1,9,1,0
02:20:00,501204001,15,0,10,1,0
02:20:00,501204002,14,0,22,1,0
02:20:00,501204003,16,0,28,1,0
02:20:00,501204004,0,0,14,1,0
02:20:00,501204005,12,5,8,1,0
02:20:00,501204007,5,0,31,1,0
02:20:00,501204008,0,0,15,1,0
02:20:00,501204009,0,0,0,2,0
02:20:00,501204010,0,0,0,2,0
02:20:00,501204011,5,2,10,1,0
02:20:00,501204012,7,1,7,1,0
02:20:00,501204013,5,0,8,1,0
02:20:00,501204014,6,1,10,1,0
02:20:00,501204015,12,0,3,1,0
02:20:00,501204016,5,0,15,1,0
02:20:00,501204017,5,0,10,1,0
02:20:00,501204018,8,0,16,1,0
02:20:00,501204020,1,0,19,1,0
02:20:00,501204021,11,0,9,1,0
02:20:00,501204022,8,0,8,1,0
02:20:00,501204023,14,1,1,1,0
02:20:00,501204024,0,0,0,2,0
02:20:00,501204025,12,0,8,1,0
02:20:00,501205001,7,1,10,1,0
02:20:00,501205003,7,0,12,1,0
02:20:00,501205004,7,2,9,1,0
02:20:00,501205005,8,0,14,1,0
02:20:00,501205006,17,0,3,1,0
02:20:00,501205007,8,0,4,1,0
02:20:00,501205008,5,1,21,1,0
02:20:00,501205009,17,0,28,1,0
02:20:00,501205010,4,1,9,1,0
02:20:00,501205011,4,0,28,1,0
02:20:00,501205012,6,0,14,1,0
02:20:00,501205013,5,1,16,1,0
02:20:00,501205014,21,7,2,1,0
02:20:00,501205015,4,1,14,1,0
02:20:00,501205018,2,0,16,1,0
02:20:00,501205019,1,0,27,1,0
02:20:00,501205020,7,1,23,1,0
02:20:00,501205021,10,0,5,1,0
02:20:00,501205022,9,1,6,1,0
02:20:00,501205023,9,0,6,1,0
02:20:00,501205025,16,0,12,1,0
02:20:00,501205026,0,0,19,1,0
02:20:00,501205027,6,0,4,1,0
02:20:00,501205028,6,2,8,1,0
02:20:00,501205029,5,1,5,1,0
02:20:00,501205030,1,0,9,1,0
02:20:00,501205033,5,0,10,1,0
02:20:00,501205034,10,1,18,1,0
02:20:00,501205035,8,1,8,1,0
02:20:00,501205036,6,1,9,1,0
02:20:00,501205037,9,0,6,1,0
02:20:00,501205038,9,2,11,1,0
02:20:00,501205039,7,0,13,1,0
02:20:00,501205040,16,0,9,1,0
02:20:00,501205041,9,0,8,1,0
02:20:00,501205042,4,1,25,1,0
02:20:00,501208011,19,1,18,1,0
02:20:00,501208013,28,2,25,1,0
02:20:00,501208014,10,0,28,1,0
02:20:00,501208015,7,0,8,1,0
02:20:00,501208018,14,1,1,1,0
02:20:00,501208021,2,0,15,1,0
02:20:00,501208027,2,0,28,1,0
02:20:00,501208029,14,1,7,1,0
02:20:00,501208030,14,0,24,1,0
02:20:00,501208032,20,0,8,1,0
02:20:00,501208040,5,1,14,1,0
02:20:00,501208041,0,0,15,1,0
02:20:00,501208045,6,0,26,1,0
02:20:00,501208051,9,1,27,1,0
02:20:00,501208053,20,0,1,1,0
02:20:00,501208054,2,0,26,1,0
02:20:00,501208059,5,0,24,1,0
02:20:00,501208064,1,0,19,1,0
02:20:00,501208077,9,2,1,1,0
02:20:00,501208079,1,0,21,1,0
02:20:00,501208082,4,0,5,1,0
02:20:00,501208085,13,0,2,1,0
02:20:00,501208087,21,0,10,1,0
02:20:00,501208089,17,0,8,1,0
02:20:00,501208091,2,1,41,1,0
02:20:00,501208111,7,1,7,1,0
02:20:00,501208113,3,0,17,1,0
02:20:00,501208114,8,0,12,1,0
02:20:00,501208129,2,0,20,1,0
02:20:00,501208130,8,0,5,1,0
02:20:00,501209002,12,1,8,1,0
02:20:00,501209003,10,0,3,1,0
02:20:00,501209004,5,1,10,1,0
02:20:00,501209005,4,0,14,1,0
02:20:00,501209006,11,3,8,1,0
02:20:00,501209007,12,1,2,1,0
02:20:00,501209009,0,0,0,2,0
02:20:00,501209010,10,2,3,1,0
02:20:00,501209011,2,2,23,1,0
02:20:00,501209014,6,2,6,1,0
02:20:00,501209015,11,1,4,1,0
02:20:00,501209016,12,0,16,1,0
02:20:00,501209017,6,1,6,1,0
02:20:00,501209018,9,0,8,1,0
02:20:00,501209019,6,0,17,1,0
02:20:00,501209020,3,1,29,1,0
02:20:00,501209021,8,3,6,1,0
02:20:00,501209022,1,0,9,1,0
02:20:00,501209023,19,1,24,1,0
02:20:00,501209024,14,3,28,1,0
02:20:00,501209025,4,1,11,1,0
02:20:00,501209026,14,1,12,1,0
02:20:00,501209027,6,0,12,1,0
02:20:00,501209028,8,1,20,1,0
02:20:00,501209030,10,0,8,1,0
02:20:00,501209031,4,0,26,1,0
02:20:00,501209032,2,0,26,1,0
02:20:00,501209033,4,1,16,1,0
02:20:00,501209034,7,1,8,1,0
02:20:00,501209035,1,0,27,1,0
02:20:00,501209036,10,2,21,1,0
02:20:00,501209037,12,1,23,1,0
02:20:00,501209038,11,1,5,1,0
02:20:00,501209039,4,0,26,1,0
02:20:00,501209040,2,0,29,1,0
02:20:00,501209042,6,1,13,1,0
02:20:00,501209043,16,1,9,1,0
02:20:00,501209044,10,3,5,1,0
02:20:00,501209045,1,0,14,1,0
02:20:00,501209046,7,1,15,1,0
02:20:00,501209047,8,1,6,1,0
02:20:00,501209049,1,0,19,1,0
02:20:00,501209050,10,1,3,1,0
02:20:00,501209051,13,1,10,1,0
02:20:00,501209052,3,2,19,1,0
02:20:00,501209053,4,1,16,1,0
02:20:00,501209054,11,0,16,1,0
02:20:00,501209056,10,0,5,1,0
02:20:00,501209058,8,1,8,1,0
02:20:00,501209059,1,0,14,1,0
02:20:00,501209060,7,0,13,1,0
02:20:00,501209062,7,0,8,1,0
02:20:00,501209064,10,1,5,1,0
02:20:00,501209065,1,0,14,1,0
02:20:00,501209066,10,0,4,1,0
02:20:00,501209067,7,1,8,1,0
02:20:00,501209068,9,2,8,1,0
02:20:00,501209069,3,0,60,1,0
02:20:00,501209070,8,1,9,1,0
02:20:00,501209071,4,1,13,1,0
02:20:00,501209073,11,2,4,1,0
02:20:00,501209074,11,1,12,1,0
02:20:00,501209075,14,2,2,1,0
02:20:00,501209076,4,1,19,1,0
02:20:00,501209077,9,1,6,1,0
02:20:00,501209078,7,3,6,1,0
02:20:00,501209079,4,0,21,1,0
02:20:00,501209080,3,0,23,1,0
02:20:00,501209081,8,0,7,1,0
02:20:00,501209084,13,0,10,1,0
02:20:00,501209085,2,0,26,1,0
02:20:00,501209087,2,0,36,1,0
02:20:00,501209088,6,0,9,1,0
02:20:00,501209089,14,0,5,1,0
02:20:00,501209090,9,0,5,1,0
02:20:00,501209091,2,1,14,1,0
02:20:00,501209092,12,1,3,1,0
02:20:00,501209093,6,0,9,1,0
02:20:00,501209094,3,0,13,1,0
02:20:00,501209095,10,1,4,1,0
02:20:00,501209096,10,3,5,1,0
02:20:00,501209097,1,1,14,1,0
02:20:00,501209098,7,0,8,1,0
02:20:00,501209099,1,0,18,1,0
02:20:00,501209100,13,3,2,1,0
02:20:00,501209101,6,0,9,1,0
02:20:00,501209102,10,1,10,1,0
02:20:00,501209104,6,1,11,1,0
02:20:00,501209105,22,3,4,1,0
02:20:00,501209106,10,0,10,1,0
02:20:00,501211001,19,4,18,1,0
02:20:00,501211002,6,0,9,1,0
02:20:00,501211004,10,2,5,1,0
02:20:00,501211005,5,1,14,1,0
02:20:00,501211006,12,2,4,1,0
02:20:00,501211007,14,0,5,1,0
02:20:00,501211009,5,0,13,1,0
02:20:00,501211011,20,6,10,1,0
02:20:00,501211012,6,2,12,1,0
02:30:00,501201001,0,0,0,2,0
02:30:00,501201002,6,0,33,1,0
02:30:00,501201003,4,0,19,1,0
02:30:00,501201004,8,2,7,1,0
02:30:00,501201005,6,0,13,1,0
02:30:00,501201006,10,1,18,1,0
02:30:00,501201007,1,1,18,1,0
02:30:00,501201008,5,0,20,1,0
02:30:00,501201010,3,1,7,1,0
02:30:00,501201011,4,1,18,1,0
02:30:00,501201012,14,1,24,1,0
02:30:00,501201013,9,0,12,1,0
02:30:00,501201014,10,0,9,1,0
02:30:00,501201015,18,1,7,1,0
02:30:00,501201016,8,0,16,1,0
02:30:00,501201017,15,2,11,1,0
02:30:00,501201018,5,0,18,1,0
02:30:00,501201019,5,0,23,1,0
02:30:00,501201020,2,0,22,1,0
02:30:00,501201021,9,0,5,1,0
02:30:00,501201022,7,0,9,1,0
02:30:00,501201023,4,0,24,1,0
02:30:00,501201024,2,0,22,1,0
02:30:00,501201025,7,1,17,1,0
02:30:00,501201026,2,0,17,1,0
02:30:00,501201028,13,1,6,1,0
02:30:00,501201029,7,1,6,1,0
02:30:00,501201030,4,0,11,1,0
02:30:00,501201031,4,1,13,1,0
02:30:00,501202001,9,0,5,1,0
02:30:00,501202003,8,0,32,1,0
02:30:00,501202013,1,0,15,1,0
02:30:00,501202023,7,1,8,1,0
02:30:00,501202024,2,1,13,1,0
02:30:00,501202034,12,0,4,1,0
02:30:00,501202035,9,0,21,1,0
02:30:00,501202036,16,0,22,1,0
02:30:00,501202040,3,0,42,1,0
02:30:00,501202043,4,0,21,1,0
02:30:00,501202044,0,0,0,2,0
02:30:00,501202047,3,0,19,1,0
02:30:00,501202050,10,2,5,1,0
02:30:00,501202055,11,0,4,1,0
02:30:00,501202058,8,3,7,1,0
02:30:00,501202065,4,0,10,1,0
02:30:00,501202068,1,0,17,1,0
02:30:00,501202070,6,2,10,1,0
02:30:00,501202078,18,1,7,1,0
02:30:00,501202080,6,0,20,1,0
02:30:00,501202081,7,0,16,1,0
02:30:00,501202082,7,0,16,1,0
02:30:00,501202083,6,0,18,1,0
02:30:00,501202084,13,0,11,1,0
02:30:00,501202085,12,1,23,1,0
02:30:00,501202088,6,2,24,1,0
02:30:00,501202089,1,0,28,1,0
02:30:00,501202096,6,1,9,1,0
02:30:00,501203001,1,0,19,1,0
02:30:00,501203002,2,0,19,1,0
02:30:00,501203003,6,2,88,1,0
02:30:00,501203005,7,2,13,1,0
02:30:00,501203006,2,0,13,1,0
02:30:00,501203007,9,0,6,1,0
02:30:00,501203008,14,1,1,1,0
02:30:00,501203010,25,1,8,1,0
02:30:00,501203011,21,7,17,1,0
02:30:00,501203012,5,1,11,1,0
02:30:00,501203013,7,3,17,1,0
02:30:00,501203015,9,2,3,1,0
02:30:00,501203020,1,0,18,1,0
02:30:00,501203022,1,1,18,1,0
02:30:00,501203023,5,0,13,1,0
02:30:00,501203028,14,1,11,1,0
02:30:00,501203040,1,1,23,1,0
02:30:00,501203045,13,2,5,1,0
02:30:00,501203050,32,1,28,1,0
02:30:00,501203051,12,0,11,1,0
02:30:00,501203053,2,0,24,1,0
02:30:00,501203054,4,0,17,1,0
02:30:00,501203064,5,0,11,1,0
02:30:00,501203065,15,4,0,1,0
02:30:00,501203070,10,1,5,1,0
02:30:00,501203073,6,0,18,1,0
02:30:00,501203076,7,0,8,1,0
02:30:00,501203078,7,0,9,1,0
02:30:00,501203080,10,1,4,1,0
02:30:00,501203084,8,0,3,1,0
02:30:00,501203085,5,0,5,1,0
02:30:00,501203088,7,0,7,1,0
02:30:00,501203089,7,3,5,1,0
02:30:00,501203090,2,1,8,1,0
02:30:00,501203091,5,0,8,1,0
02:30:00,501203092,7,0,13,1,0
02:30:00,501203100,6,1,13,1,0
02:30:00,501203101,0,0,0,2,0
02:30:00,501203102,5,0,14,1,0
02:30:00,501203104,12,1,6,1,0
02:30:00,501203105,3,0,7,1,0
02:30:00,501203107,0,0,0,2,0
02:30:00,501203109,10,0,16,1,0
02:30:00,501203110,14,0,26,1,0
02:30:00,501203111,9,0,2,1,0
02:30:00,501203113,6,2,13,1,0
02:30:00,501203114,13,2,37,1,0
02:30:00,501203117,0,0,0,2,0
02:30:00,501203118,12,0,8,1,0
02:30:00,501203121,14,2,10,1,0
02:30:00,501203122,12,0,8,1,0
02:30:00,501203125,17,1,8,1,0
02:30:00,501203131,17,1,3,1,0
02:30:00,501203140,2,1,40,1,0
02:30:00,501203141,5,3,10,1,0
02:30:00,501203142,5,1,31,1,0
02:30:00,501203145,7,1,8,1,0
02:30:00,501203151,13,0,5,1,0
02:30:00,501203155,10,2,9,1,0
02:30:00,501203157,2,1,15,1,0
02:30:00,501203159,5,1,15,1,0
02:30:00,501203161,1,0,18,1,0
02:30:00,501203162,11,0,10,1,0
02:30:00,501203163,7,1,9,1,0
02:30:00,501204001,15,0,10,1,0
02:30:00,501204002,14,0,22,1,0
02:30:00,501204003,16,0,28,1,0
02:30:00,501204004,0,0,14,1,0
02:30:00,501204005,12,5,8,1,0
02:30:00,501204007,5,0,31,1,0
02:30:00,501204008,0,0,15,1,0
02:30:00,501204009,0,0,0,2,0
02:30:00,501204010,0,0,0,2,0
02:30:00,501204011,5,2,10,1,0
02:30:00,501204012,7,1,7,1,0
02:30:00,501204013,5,0,8,1,0
02:30:00,501204014,6,1,10,1,0
02:30:00,501204015,12,0,3,1,0
02:30:00,501204016,5,0,15,1,0
02:30:00,501204017,5,0,10,1,0
02:30:00,501204018,8,0,16,1,0
02:30:00,501204020,1,0,19,1,0
02:30:00,501204021,11,0,9,1,0
02:30:00,501204022,8,0,8,1,0
02:30:00,501204023,14,1,1,1,0
02:30:00,501204024,0,0,0,2,0
02:30:00,501204025,12,0,8,1,0
02:30:00,501205001,7,1,10,1,0
02:30:00,501205003,7,0,12,1,0
02:30:00,501205004,7,2,9,1,0
02:30:00,501205005,8,0,14,1,0
02:30:00,501205006,17,0,3,1,0
02:30:00,501205007,7,0,5,1,0
02:30:00,501205008,5,1,21,1,0
02:30:00,501205009,17,0,28,1,0
02:30:00,501205010,4,1,9,1,0
02:30:00,501205011,4,0,28,1,0
02:30:00,501205012,6,0,14,1,0
02:30:00,501205013,5,1,16,1,0
02:30:00,501205014,21,7,2,1,0
02:30:00,501205015,4,1,14,1,0
02:30:00,501205018,2,0,16,1,0
02:30:00,501205019,1,0,27,1,0
02:30:00,501205020,7,1,23,1,0
02:30:00,501205021,11,0,4,1,0
02:30:00,501205022,9,1,6,1,0
02:30:00,501205023,9,0,6,1,0
02:30:00,501205025,16,0,12,1,0
02:30:00,501205026,6,0,13,1,0
02:30:00,501205027,6,0,4,1,0
02:30:00,501205028,6,2,8,1,0
02:30:00,501205029,5,1,5,1,0
02:30:00,501205030,1,0,9,1,0
02:30:00,501205033,5,0,10,1,0
02:30:00,501205034,10,1,18,1,0
02:30:00,501205035,8,1,8,1,0
02:30:00,501205036,6,1,9,1,0
02:30:00,501205037,9,0,6,1,0
02:30:00,501205038,9,2,11,1,0
02:30:00,501205039,7,0,13,1,0
02:30:00,501205040,16,0,9,1,0
02:30:00,501205041,9,0,8,1,0
02:30:00,501205042,4,1,25,1,0
02:30:00,501208011,19,1,18,1,0
02:30:00,501208013,28,2,25,1,0
02:30:00,501208014,10,0,28,1,0
02:30:00,501208015,7,0,8,1,0
02:30:00,501208018,14,1,1,1,0
02:30:00,501208021,2,0,15,1,0
02:30:00,501208027,2,0,28,1,0
02:30:00,501208029,13,1,8,1,0
02:30:00,501208030,14,0,24,1,0
02:30:00,501208032,20,0,8,1,0
02:30:00,501208040,5,1,14,1,0
02:30:00,501208041,0,0,15,1,0
02:30:00,501208045,6,0,26,1,0
02:30:00,501208051,9,1,27,1,0
02:30:00,501208053,20,0,1,1,0
02:30:00,501208054,2,0,26,1,0
02:30:00,501208059,5,0,24,1,0
02:30:00,501208064,1,0,19,1,0
02:30:00,501208077,8,1,2,1,0
02:30:00,501208079,1,0,21,1,0
02:30:00,501208082,4,0,5,1,0
02:30:00,501208085,13,0,2,1,0
02:30:00,501208087,21,0,10,1,0
02:30:00,501208089,17,0,8,1,0
02:30:00,501208091,2,1,41,1,0
02:30:00,501208111,7,1,7,1,0
02:30:00,501208113,3,0,17,1,0
02:30:00,501208114,8,0,12,1,0
02:30:00,501208129,2,0,20,1,0
02:30:00,501208130,8,0,5,1,0
02:30:00,501209002,12,1,8,1,0
02:30:00,501209003,10,0,3,1,0
02:30:00,501209004,5,1,10,1,0
02:30:00,501209005,4,0,14,1,0
02:30:00,501209006,11,3,8,1,0
02:30:00,501209007,12,1,2,1,0
02:30:00,501209009,0,0,0,2,0
02:30:00,501209010,10,2,3,1,0
02:30:00,501209011,2,2,23,1,0
02:30:00,501209014,6,2,6,1,0
02:30:00,501209015,11,1,4,1,0
02:30:00,501209016,12,0,16,1,0
02:30:00,501209017,6,1,6,1,0
02:30:00,501209018,9,0,8,1,0
02:30:00,501209019,6,0,17,1,0
02:30:00,501209020,3,1,29,1,0
02:30:00,501209021,8,3,6,1,0
02:30:00,501209022,1,0,9,1,0
02:30:00,501209023,19,1,24,1,0
02:30:00,501209024,15,3,27,1,0
02:30:00,501209025,4,1,11,1,0
02:30:00,501209026,18,1,8,1,0
02:30:00,501209027,6,0,12,1,0
02:30:00,501209028,8,1,20,1,0
02:30:00,501209030,10,0,8,1,0
02:30:00,501209031,4,0,26,1,0
02:30:00,501209032,2,0,26,1,0
02:30:00,501209033,4,1,16,1,0
02:30:00,501209034,7,1,8,1,0
02:30:00,501209035,1,0,27,1,0
02:30:00,501209036,10,2,21,1,0
02:30:00,501209037,12,1,23,1,0
02:30:00,501209038,11,1,5,1,0
02:30:00,501209039,4,0,26,1,0
02:30:00,501209040,2,0,29,1,0
02:30:00,501209042,6,1,13,1,0
02:30:00,501209043,16,1,9,1,0
02:30:00,501209044,10,3,5,1,0
02:30:00,501209045,1,0,14,1,0
02:30:00,501209046,7,1,15,1,0
02:30:00,501209047,8,1,6,1,0
02:30:00,501209049,1,0,19,1,0
02:30:00,501209050,10,1,3,1,0
02:30:00,501209051,12,1,11,1,0
02:30:00,501209052,3,2,19,1,0
02:30:00,501209053,4,1,16,1,0
02:30:00,501209054,11,0,16,1,0
02:30:00,501209056,10,0,5,1,0
02:30:00,501209058,8,1,8,1,0
02:30:00,501209059,1,0,14,1,0
02:30:00,501209060,7,0,13,1,0
02:30:00,501209062,7,0,8,1,0
02:30:00,501209064,10,1,5,1,0
02:30:00,501209065,1,0,14,1,0
02:30:00,501209066,10,0,4,1,0
02:30:00,501209067,7,1,8,1,0
02:30:00,501209068,9,2,8,1,0
02:30:00,501209069,3,0,60,1,0
02:30:00,501209070,8,1,9,1,0
02:30:00,501209071,4,1,13,1,0
02:30:00,501209073,11,2,4,1,0
02:30:00,501209074,11,1,12,1,0
02:30:00,501209075,14,2,2,1,0
02:30:00,501209076,4,1,19,1,0
02:30:00,501209077,9,1,6,1,0
02:30:00,501209078,7,3,6,1,0
02:30:00,501209079,4,0,21,1,0
02:30:00,501209080,3,0,23,1,0
02:30:00,501209081,8,0,7,1,0
02:30:00,501209084,13,0,10,1,0
02:30:00,501209085,2,0,26,1,0
02:30:00,501209087,2,0,36,1,0
02:30:00,501209088,6,0,9,1,0
02:30:00,501209089,14,0,5,1,0
02:30:00,501209090,9,0,5,1,0
02:30:00,501209091,2,1,14,1,0
02:30:00,501209092,12,1,3,1,0
02:30:00,501209093,6,0,9,1,0
02:30:00,501209094,3,0,13,1,0
02:30:00,501209095,10,1,4,1,0
02:30:00,501209096,10,3,5,1,0
02:30:00,501209097,1,1,14,1,0
02:30:00,501209098,7,0,8,1,0
02:30:00,501209099,1,0,18,1,0
02:30:00,501209100,13,3,2,1,0
02:30:00,501209101,6,0,9,1,0
02:30:00,501209102,10,1,10,1,0
02:30:00,501209104,6,1,11,1,0
02:30:00,501209105,22,3,4,1,0
02:30:00,501209106,10,0,10,1,0
02:30:00,501211001,19,4,18,1,0
02:30:00,501211002,6,0,9,1,0
02:30:00,501211004,10,2,5,1,0
02:30:00,501211005,5,1,14,1,0
02:30:00,501211006,12,2,4,1,0
02:30:00,501211007,14,0,5,1,0
02:30:00,501211009,5,0,13,1,0
02:30:00,501211011,20,6,10,1,0
02:30:00,501211012,6,2,12,1,0
02:40:00,501201001,0,0,0,2,0
02:40:00,501201002,6,0,33,1,0
02:40:00,501201003,4,0,19,1,0
02:40:00,501201004,8,2,7,1,0
02:40:00,501201005,6,0,13,1,0
02:40:00,501201006,10,1,18,1,0
02:40:00,501201007,1,1,18,1,0
02:40:00,501201008,5,0,20,1,0
02:40:00,501201010,3,1,7,1,0
02:40:00,501201011,4,1,18,1,0
02:40:00,501201012,14,1,24,1,0
02:40:00,501201013,9,0,12,1,0
02:40:00,501201014,10,0,9,1,0
02:40:00,501201015,18,1,7,1,0
02:40:00,501201016,8,0,16,1,0
02:40:00,501201017,15,2,11,1,0
02:40:00,501201018,5,0,18,1,0
02:40:00,501201019,5,0,23,1,0
02:40:00,501201020,2,0,22,1,0
02:40:00,501201021,8,0,6,1,0
02:40:00,501201022,7,0,9,1,0
02:40:00,501201023,4,0,24,1,0
02:40:00,501201024,2,0,22,1,0
02:40:00,501201025,7,1,17,1,0
02:40:00,501201026,2,0,17,1,0
02:40:00,501201028,13,1,6,1,0
02:40:00,501201029,7,1,6,1,0
02:40:00,501201030,3,0,12,1,0
02:40:00,501201031,4,1,13,1,0
02:40:00,501202001,9,0,5,1,0
02:40:00,501202003,8,0,32,1,0
02:40:00,501202013,1,0,15,1,0
02:40:00,501202023,7,1,8,1,0
02:40:00,501202024,2,1,13,1,0
02:40:00,501202034,12,0,4,1,0
02:40:00,501202035,9,0,21,1,0
02:40:00,501202036,16,0,22,1,0
02:40:00,501202040,3,0,42,1,0
02:40:00,501202043,4,0,21,1,0
02:40:00,501202044,0,0,0,2,0
02:40:00,501202047,3,0,19,1,0
02:40:00,501202050,10,2,5,1,0
02:40:00,501202055,11,0,4,1,0
02:40:00,501202058,8,3,7,1,0
02:40:00,501202065,4,0,10,1,0
02:40:00,501202068,1,0,17,1,0
02:40:00,501202070,6,2,10,1,0
02:40:00,501202078,18,1,7,1,0
02:40:00,501202080,6,0,20,1,0
02:40:00,501202081,9,0,14,1,0
02:40:00,501202082,7,0,16,1,0
02:40:00,501202083,6,0,18,1,0
02:40:00,501202084,13,0,11,1,0
02:40:00,501202085,12,1,23,1,0
02:40:00,501202088,6,2,24,1,0
02:40:00,501202089,0,0,28,1,0
02:40:00,501202096,7,1,8,1,0
02:40:00,501203001,1,0,19,1,0
02:40:00,501203002,2,0,19,1,0
02:40:00,501203003,6,2,88,1,0
02:40:00,501203005,7,2,13,1,0
02:40:00,501203006,2,0,13,1,0
02:40:00,501203007,9,0,6,1,0
02:40:00,501203008,14,1,1,1,0
02:40:00,501203010,25,1,8,1,0
02:40:00,501203011,21,7,17,1,0
02:40:00,501203012,5,1,11,1,0
02:40:00,501203013,7,3,17,1,0
02:40:00,501203015,9,2,3,1,0
02:40:00,501203020,1,0,18,1,0
02:40:00,501203022,1,1,18,1,0
02:40:00,501203023,4,0,14,1,0
02:40:00,501203028,14,1,11,1,0
02:40:00,501203040,1,1,23,1,0
02:40:00,501203045,13,2,5,1,0
02:40:00,501203050,32,1,28,1,0
02:40:00,501203051,12,0,11,1,0
02:40:00,501203053,3,0,23,1,0
02:40:00,501203054,4,0,17,1,0
02:40:00,501203064,5,0,11,1,0
02:40:00,501203065,15,4,0,1,0
02:40:00,501203070,10,1,5,1,0
02:40:00,501203073,6,0,18,1,0
02:40:00,501203076,7,0,8,1,0
02:40:00,501203078,7,0,9,1,0
02:40:00,501203080,11,1,3,1,0
02:40:00,501203084,8,0,3,1,0
02:40:00,501203085,5,0,5,1,0
02:40:00,501203088,7,0,7,1,0
02:40:00,501203089,7,3,5,1,0
02:40:00,501203090,2,1,8,1,0
02:40:00,501203091,5,0,8,1,0
02:40:00,501203092,7,0,13,1,0
02:40:00,501203100,6,1,13,1,0
02:40:00,501203101,0,0,0,2,0
02:40:00,501203102,5,0,14,1,0
02:40:00,501203104,12,1,6,1,0
02:40:00,501203105,3,0,7,1,0
02:40:00,501203107,0,0,0,2,0
02:40:00,501203109,10,0,16,1,0
02:40:00,501203110,14,0,26,1,0
02:40:00,501203111,9,0,2,1,0
02:40:00,501203113,6,2,13,1,0
02:40:00,501203114,12,1,38,1,0
02:40:00,501203117,0,0,0,2,0
02:40:00,501203118,12,0,8,1,0
02:40:00,501203121,14,2,10,1,0
02:40:00,501203122,12,0,8,1,0
02:40:00,501203125,17,1,8,1,0
02:40:00,501203131,17,1,3,1,0
02:40:00,501203140,3,1,39,1,0
02:40:00,501203141,5,3,10,1,0
02:40:00,501203142,5,1,31,1,0
02:40:00,501203145,7,1,8,1,0
02:40:00,501203151,13,0,5,1,0
02:40:00,501203155,10,2,9,1,0
02:40:00,501203157,2,1,15,1,0
02:40:00,501203159,5,1,15,1,0
02:40:00,501203161,1,0,18,1,0
02:40:00,501203162,11,0,10,1,0
02:40:00,501203163,7,1,9,1,0
02:40:00,501204001,15,0,10,1,0
02:40:00,501204002,14,0,22,1,0
02:40:00,501204003,16,0,28,1,0
02:40:00,501204004,0,0,14,1,0
02:40:00,501204005,12,5,8,1,0
02:40:00,501204007,5,0,31,1,0
02:40:00,501204008,0,0,15,1,0
02:40:00,501204009,0,0,0,2,0
02:40:00,501204010,0,0,0,2,0
02:40:00,501204011,5,2,10,1,0
02:40:00,501204012,7,1,7,1,0
02:40:00,501204013,5,0,8,1,0
02:40:00,501204014,6,1,10,1,0
02:40:00,501204015,12,0,3,1,0
02:40:00,501204016,5,0,15,1,0
02:40:00,501204017,5,0,10,1,0
02:40:00,501204018,8,0,16,1,0
02:40:00,501204020,1,0,19,1,0
02:40:00,501204021,11,0,9,1,0
02:40:00,501204022,8,0,8,1,0
02:40:00,501204023,14,1,1,1,0
02:40:00,501204024,0,0,0,2,0
02:40:00,501204025,12,0,8,1,0
02:40:00,501205001,7,1,10,1,0
02:40:00,501205003,7,0,12,1,0
02:40:00,501205004,7,2,9,1,0
02:40:00,501205005,8,0,14,1,0
02:40:00,501205006,17,0,3,1,0
02:40:00,501205007,7,0,5,1,0
02:40:00,501205008,5,1,21,1,0
02:40:00,501205009,17,0,28,1,0
02:40:00,501205010,4,1,9,1,0
02:40:00,501205011,4,0,28,1,0
02:40:00,501205012,6,0,14,1,0
02:40:00,501205013,5,1,16,1,0
02:40:00,501205014,21,7,2,1,0
02:40:00,501205015,4,1,14,1,0
02:40:00,501205018,2,0,16,1,0
02:40:00,501205019,1,0,27,1,0
02:40:00,501205020,7,1,23,1,0
02:40:00,501205021,11,0,4,1,0
02:40:00,501205022,9,1,6,1,0
02:40:00,501205023,9,0,6,1,0
02:40:00,501205025,16,0,12,1,0
02:40:00,501205026,6,0,13,1,0
02:40:00,501205027,6,0,4,1,0
02:40:00,501205028,6,2,8,1,0
02:40:00,501205029,5,1,5,1,0
02:40:00,501205030,1,0,9,1,0
02:40:00,501205033,5,0,10,1,0
02:40:00,501205034,4,1,24,1,0
02:40:00,501205035,8,1,8,1,0
02:40:00,501205036,6,1,9,1,0
02:40:00,501205037,8,0,7,1,0
02:40:00,501205038,9,2,11,1,0
02:40:00,501205039,7,0,13,1,0
02:40:00,501205040,16,0,9,1,0
02:40:00,501205041,10,1,7,1,0
02:40:00,501205042,4,1,25,1,0
02:40:00,501208011,19,1,18,1,0
02:40:00,501208013,28,2,25,1,0
02:40:00,501208014,10,0,28,1,0
02:40:00,501208015,6,0,9,1,0
02:40:00,501208018,14,1,1,1,0
02:40:00,501208021,2,0,15,1,0
02:40:00,501208027,2,0,28,1,0
02:40:00,501208029,13,1,8,1,0
02:40:00,501208030,14,0,24,1,0
02:40:00,501208032,20,0,8,1,0
02:40:00,501208040,5,1,14,1,0
02:40:00,501208041,0,0,15,1,0
02:40:00,501208045,6,0,26,1,0
02:40:00,501208051,9,1,27,1,0
02:40:00,501208053,20,0,1,1,0
02:40:00,501208054,2,0,26,1,0
02:40:00,501208059,5,0,24,1,0
02:40:00,501208064,1,0,19,1,0
02:40:00,501208077,8,1,2,1,0
02:40:00,501208079,1,0,21,1,0
02:40:00,501208082,4,0,5,1,0
02:40:00,501208085,13,0,2,1,0
02:40:00,501208087,21,0,10,1,0
02:40:00,501208089,17,0,8,1,0
02:40:00,501208091,2,1,41,1,0
02:40:00,501208111,7,1,7,1,0
02:40:00,501208113,3,0,17,1,0
02:40:00,501208114,8,0,12,1,0
02:40:00,501208129,2,0,20,1,0
02:40:00,501208130,8,0,5,1,0
02:40:00,501209002,12,1,8,1,0
02:40:00,501209003,10,0,3,1,0
02:40:00,501209004,5,1,10,1,0
02:40:00,501209005,4,0,14,1,0
02:40:00,501209006,11,3,8,1,0
02:40:00,501209007,12,1,2,1,0
02:40:00,501209009,0,0,0,2,0
02:40:00,501209010,10,2,3,1,0
02:40:00,501209011,2,2,23,1,0
02:40:00,501209014,6,2,6,1,0
02:40:00,501209015,11,1,4,1,0
02:40:00,501209016,12,0,16,1,0
02:40:00,501209017,6,1,6,1,0
02:40:00,501209018,9,0,8,1,0
02:40:00,501209019,6,0,17,1,0
02:40:00,501209020,3,1,29,1,0
02:40:00,501209021,8,3,6,1,0
02:40:00,501209022,1,0,9,1,0
02:40:00,501209023,19,1,24,1,0
02:40:00,501209024,15,3,27,1,0
02:40:00,501209025,4,1,11,1,0
02:40:00,501209026,19,1,7,1,0
02:40:00,501209027,6,0,12,1,0
02:40:00,501209028,8,1,20,1,0
02:40:00,501209030,11,0,7,1,0
02:40:00,501209031,4,0,26,1,0
02:40:00,501209032,2,0,26,1,0
02:40:00,501209033,4,1,16,1,0
02:40:00,501209034,7,1,8,1,0
02:40:00,501209035,1,0,27,1,0
02:40:00,501209036,10,2,21,1,0
02:40:00,501209037,12,1,23,1,0
02:40:00,501209038,11,1,5,1,0
02:40:00,501209039,6,0,24,1,0
02:40:00,501209040,2,0,29,1,0
02:40:00,501209042,6,1,13,1,0
02:40:00,501209043,16,1,9,1,0
02:40:00,501209044,10,3,5,1,0
02:40:00,501209045,1,0,14,1,0
02:40:00,501209046,7,1,15,1,0
02:40:00,501209047,8,1,6,1,0
02:40:00,501209049,1,0,19,1,0
02:40:00,501209050,10,1,3,1,0
02:40:00,501209051,12,1,11,1,0
02:40:00,501209052,3,2,19,1,0
02:40:00,501209053,4,1,16,1,0
02:40:00,501209054,11,0,16,1,0
02:40:00,501209056,10,0,5,1,0
02:40:00,501209058,8,1,8,1,0
02:40:00,501209059,1,0,14,1,0
02:40:00,501209060,7,0,13,1,0
02:40:00,501209062,7,0,8,1,0
02:40:00,501209064,10,1,5,1,0
02:40:00,501209065,1,0,14,1,0
02:40:00,501209066,10,0,4,1,0
02:40:00,501209067,7,1,8,1,0
02:40:00,501209068,9,2,8,1,0
02:40:00,501209069,3,0,60,1,0
02:40:00,501209070,4,1,13,1,0
02:40:00,501209071,4,1,13,1,0
02:40:00,501209073,11,2,4,1,0
02:40:00,501209074,11,1,12,1,0
02:40:00,501209075,14,2,2,1,0
02:40:00,501209076,4,1,19,1,0
02:40:00,501209077,9,1,6,1,0
02:40:00,501209078,7,3,6,1,0
02:40:00,501209079,4,0,21,1,0
02:40:00,501209080,2,0,24,1,0
02:40:00,501209081,8,0,7,1,0
02:40:00,501209084,13,0,10,1,0
02:40:00,501209085,2,0,26,1,0
02:40:00,501209087,2,0,36,1,0
02:40:00,501209088,6,0,9,1,0
02:40:00,501209089,14,0,5,1,0
02:40:00,501209090,9,0,5,1,0
02:40:00,501209091,2,1,14,1,0
02:40:00,501209092,12,1,3,1,0
02:40:00,501209093,6,0,9,1,0
02:40:00,501209094,3,0,13,1,0
02:40:00,501209095,10,1,4,1,0
02:40:00,501209096,10,3,5,1,0
02:40:00,501209097,1,1,14,1,0
02:40:00,501209098,7,0,8,1,0
02:40:00,501209099,1,0,18,1,0
02:40:00,501209100,13,3,2,1,0
02:40:00,501209101,6,0,9,1,0
02:40:00,501209102,10,1,10,1,0
02:40:00,501209104,6,1,11,1,0
02:40:00,501209105,22,3,4,1,0
02:40:00,501209106,10,0,10,1,0
02:40:00,501211001,19,4,18,1,0
02:40:00,501211002,6,0,9,1,0
02:40:00,501211004,10,2,5,1,0
02:40:00,501211005,5,1,14,1,0
02:40:00,501211006,12,2,4,1,0
02:40:00,501211007,14,0,5,1,0
02:40:00,501211009,5,0,13,1,0
02:40:00,501211011,20,6,10,1,0
02:40:00,501211012,6,2,12,1,0
02:50:00,501201001,0,0,0,2,0
02:50:00,501201002,6,0,33,1,0
02:50:00,501201003,4,0,19,1,0
02:50:00,501201004,7,1,8,1,0
02:50:00,501201005,6,0,13,1,0
02:50:00,501201006,10,1,18,1,0
02:50:00,501201007,1,1,18,1,0
02:50:00,501201008,5,0,20,1,0
02:50:00,501201010,3,1,7,1,0
02:50:00,501201011,4,1,18,1,0
02:50:00,501201012,13,1,25,1,0
02:50:00,501201013,9,0,12,1,0
02:50:00,501201014,10,0,9,1,0
02:50:00,501201015,18,1,7,1,0
02:50:00,501201016,7,0,17,1,0
02:50:00,501201017,15,2,11,1,0
02:50:00,501201018,5,0,18,1,0
02:50:00,501201019,6,1,22,1,0
02:50:00,501201020,2,0,22,1,0
02:50:00,501201021,8,0,6,1,0
02:50:00,501201022,7,0,9,1,0
02:50:00,501201023,4,0,24,1,0
02:50:00,501201024,2,0,22,1,0
02:50:00,501201025,7,1,17,1,0
02:50:00,501201026,3,1,16,1,0
02:50:00,501201028,13,1,6,1,0
02:50:00,501201029,7,1,6,1,0
02:50:00,501201030,3,0,12,1,0
02:50:00,501201031,4,1,13,1,0
02:50:00,501202001,9,0,5,1,0
02:50:00,501202003,8,0,32,1,0
02:50:00,501202013,1,0,15,1,0
02:50:00,501202023,7,1,8,1,0
02:50:00,501202024,2,1,13,1,0
02:50:00,501202034,12,0,4,1,0
02:50:00,501202035,9,0,21,1,0
02:50:00,501202036,16,0,22,1,0
02:50:00,501202040,3,0,42,1,0
02:50:00,501202043,4,0,21,1,0
02:50:00,501202044,0,0,0,2,0
02:50:00,501202047,3,0,19,1,0
02:50:00,501202050,6,2,9,1,0
02:50:00,501202055,11,0,4,1,0
02:50:00,501202058,8,3,7,1,0
02:50:00,501202065,4,0,10,1,0
02:50:00,501202068,1,0,17,1,0
02:50:00,501202070,6,2,10,1,0
02:50:00,501202078,14,1,11,1,0
02:50:00,501202080,6,0,20,1,0
02:50:00,501202081,19,0,4,1,0
02:50:00,501202082,7,0,16,1,0
02:50:00,501202083,6,0,18,1,0
02:50:00,501202084,13,0,11,1,0
02:50:00,501202085,12,1,23,1,0
02:50:00,501202088,6,2,24,1,0
02:50:00,501202089,0,0,28,1,0
02:50:00,501202096,7,1,8,1,0
02:50:00,501203001,1,0,19,1,0
02:50:00,501203002,2,0,19,1,0
02:50:00,501203003,5,1,89,1,0
02:50:00,501203005,7,2,13,1,0
02:50:00,501203006,2,0,13,1,0
02:50:00,501203007,9,0,6,1,0
02:50:00,501203008,14,1,1,1,0
02:50:00,501203010,25,1,8,1,0
02:50:00,501203011,21,7,17,1,0
02:50:00,501203012,5,1,11,1,0
02:50:00,501203013,7,3,17,1,0
02:50:00,501203015,9,2,3,1,0
02:50:00,501203020,1,0,18,1,0
02:50:00,501203022,1,1,18,1,0
02:50:00,501203023,4,0,14,1,0
02:50:00,501203028,13,0,12,1,0
02:50:00,501203040,1,1,23,1,0
02:50:00,501203045,13,2,5,1,0
02:50:00,501203050,32,1,28,1,0
02:50:00,501203051,12,0,11,1,0
02:50:00,501203053,3,0,23,1,0
02:50:00,501203054,4,0,17,1,0
02:50:00,501203064,5,0,11,1,0
02:50:00,501203065,15,4,0,1,0
02:50:00,501203070,10,1,5,1,0
02:50:00,501203073,6,0,18,1,0
02:50:00,501203076,7,0,8,1,0
02:50:00,501203078,7,0,9,1,0
02:50:00,501203080,11,1,3,1,0
02:50:00,501203084,8,0,3,1,0
02:50:00,501203085,5,0,5,1,0
02:50:00,501203088,7,0,7,1,0
02:50:00,501203089,7,3,5,1,0
02:50:00,501203090,2,1,8,1,0
02:50:00,501203091,5,0,8,1,0
02:50:00,501203092,7,0,13,1,0
02:50:00,501203100,6,1,13,1,0
02:50:00,501203101,0,0,0,2,0
02:50:00,501203102,5,0,14,1,0
02:50:00,501203104,12,1,6,1,0
02:50:00,501203105,3,0,7,1,0
02:50:00,501203107,0,0,0,2,0
02:50:00,501203109,10,0,16,1,0
02:50:00,501203110,14,0,26,1,0
02:50:00,501203111,9,0,2,1,0
02:50:00,501203113,6,2,13,1,0
02:50:00,501203114,12,1,38,1,0
02:50:00,501203117,0,0,0,2,0
02:50:00,501203118,12,0,8,1,0
02:50:00,501203121,14,2,10,1,0
02:50:00,501203122,12,0,8,1,0
02:50:00,501203125,17,1,8,1,0
02:50:00,501203131,17,1,3,1,0
02:50:00,501203140,3,1,39,1,0
02:50:00,501203141,5,3,10,1,0
02:50:00,501203142,5,1,31,1,0
02:50:00,501203145,7,1,8,1,0
02:50:00,501203151,13,0,5,1,0
02:50:00,501203155,10,2,9,1,0
02:50:00,501203157,2,1,15,1,0
02:50:00,501203159,5,1,15,1,0
02:50:00,501203161,1,0,18,1,0
02:50:00,501203162,11,0,10,1,0
02:50:00,501203163,7,1,9,1,0
02:50:00,501204001,15,0,10,1,0
02:50:00,501204002,14,0,22,1,0
02:50:00,501204003,16,0,28,1,0
02:50:00,501204004,0,0,14,1,0
02:50:00,501204005,12,5,8,1,0
02:50:00,501204007,6,0,30,1,0
02:50:00,501204008,0,0,15,1,0
02:50:00,501204009,0,0,0,2,0
02:50:00,501204010,0,0,0,2,0
02:50:00,501204011,5,2,10,1,0
02:50:00,501204012,7,1,7,1,0
02:50:00,501204013,5,0,8,1,0
02:50:00,501204014,7,1,9,1,0
02:50:00,501204015,12,0,3,1,0
02:50:00,501204016,5,0,15,1,0
02:50:00,501204017,5,0,10,1,0
02:50:00,501204018,8,0,16,1,0
02:50:00,501204020,1,0,19,1,0
02:50:00,501204021,11,0,9,1,0
02:50:00,501204022,8,0,8,1,0
02:50:00,501204023,14,1,1,1,0
02:50:00,501204024,0,0,0,2,0
02:50:00,501204025,12,0,8,1,0
02:50:00,501205001,7,1,10,1,0
02:50:00,501205003,7,0,12,1,0
02:50:00,501205004,7,2,9,1,0
02:50:00,501205005,8,0,14,1,0
02:50:00,501205006,17,0,3,1,0
02:50:00,501205007,7,0,5,1,0
02:50:00,501205008,3,1,23,1,0
02:50:00,501205009,17,0,28,1,0
02:50:00,501205010,4,1,9,1,0
02:50:00,501205011,4,0,28,1,0
02:50:00,501205012,6,0,14,1,0
02:50:00,501205013,5,1,16,1,0
02:50:00,501205014,21,7,2,1,0
02:50:00,501205015,5,1,13,1,0
02:50:00,501205018,2,0,16,1,0
02:50:00,501205019,1,0,27,1,0
02:50:00,501205020,7,1,23,1,0
02:50:00,501205021,11,0,4,1,0
02:50:00,501205022,9,1,6,1,0
02:50:00,501205023,9,0,6,1,0
02:50:00,501205025,16,0,12,1,0
02:50:00,501205026,7,0,12,1,0
02:50:00,501205027,6,0,4,1,0
02:50:00,501205028,6,2,8,1,0
02:50:00,501205029,5,1,5,1,0
02:50:00,501205030,1,0,9,1,0
02:50:00,501205033,5,0,10,1,0
02:50:00,501205034,4,1,24,1,0
02:50:00,501205035,8,1,8,1,0
02:50:00,501205036,6,1,9,1,0
02:50:00,501205037,8,0,7,1,0
02:50:00,501205038,9,2,11,1,0
02:50:00,501205039,7,0,13,1,0
02:50:00,501205040,16,0,9,1,0
02:50:00,501205041,10,1,7,1,0
02:50:00,501205042,4,1,25,1,0
02:50:00,501208011,19,1,18,1,0
02:50:00,501208013,28,2,25,1,0
02:50:00,501208014,10,0,28,1,0
02:50:00,501208015,6,0,9,1,0
02:50:00,501208018,14,1,1,1,0
02:50:00,501208021,2,0,15,1,0
02:50:00,501208027,2,0,28,1,0
02:50:00,501208029,13,1,8,1,0
02:50:00,501208030,14,0,24,1,0
02:50:00,501208032,20,0,8,1,0
02:50:00,501208040,5,1,14,1,0
02:50:00,501208041,0,0,15,1,0
02:50:00,501208045,6,0,26,1,0
02:50:00,501208051,9,1,27,1,0
02:50:00,501208053,20,0,1,1,0
02:50:00,501208054,2,0,26,1,0
02:50:00,501208059,5,0,24,1,0
02:50:00,501208064,1,0,19,1,0
02:50:00,501208077,8,1,2,1,0
02:50:00,501208079,1,0,21,1,0
02:50:00,501208082,4,0,5,1,0
02:50:00,501208085,13,0,2,1,0
02:50:00,501208087,21,0,10,1,0
02:50:00,501208089,18,0,7,1,0
02:50:00,501208091,2,1,41,1,0
02:50:00,501208111,7,1,7,1,0
02:50:00,501208113,3,0,17,1,0
02:50:00,501208114,8,0,12,1,0
02:50:00,501208129,2,0,20,1,0
02:50:00,501208130,8,0,5,1,0
02:50:00,501209002,12,1,8,1,0
02:50:00,501209003,10,0,3,1,0
02:50:00,501209004,5,1,10,1,0
02:50:00,501209005,4,0,14,1,0
02:50:00,501209006,11,3,8,1,0
02:50:00,501209007,12,1,2,1,0
02:50:00,501209009,0,0,0,2,0
02:50:00,501209010,10,2,3,1,0
02:50:00,501209011,2,2,23,1,0
02:50:00,501209014,6,2,6,1,0
02:50:00,501209015,11,1,4,1,0
02:50:00,501209016,12,0,16,1,0
02:50:00,501209017,6,1,6,1,0
02:50:00,501209018,9,0,8,1,0
02:50:00,501209019,6,0,17,1,0
02:50:00,501209020,3,1,29,1,0
02:50:00,501209021,8,3,6,1,0
02:50:00,501209022,1,0,9,1,0
02:50:00,501209023,19,1,24,1,0
02:50:00,501209024,15,3,27,1,0
02:50:00,501209025,4,1,11,1,0
02:50:00,501209026,19,1,7,1,0
02:50:00,501209027,6,0,12,1,0
02:50:00,501209028,8,1,20,1,0
02:50:00,501209030,10,0,8,1,0
02:50:00,501209031,4,0,26,1,0
02:50:00,501209032,2,0,26,1,0
02:50:00,501209033,4,1,16,1,0
02:50:00,501209034,8,1,7,1,0
02:50:00,501209035,1,0,27,1,0
02:50:00,501209036,10,2,21,1,0
02:50:00,501209037,12,1,23,1,0
02:50:00,501209038,11,1,5,1,0
02:50:00,501209039,6,0,24,1,0
02:50:00,501209040,0,0,31,1,0
02:50:00,501209042,6,1,13,1,0
02:50:00,501209043,16,1,9,1,0
02:50:00,501209044,10,3,5,1,0
02:50:00,501209045,1,0,14,1,0
02:50:00,501209046,6,1,16,1,0
02:50:00,501209047,8,1,6,1,0
02:50:00,501209049,1,0,19,1,0
02:50:00,501209050,10,1,3,1,0
02:50:00,501209051,5,2,19,1,0
02:50:00,501209052,3,2,19,1,0
02:50:00,501209053,4,1,16,1,0
02:50:00,501209054,13,0,14,1,0
02:50:00,501209056,10,0,5,1,0
02:50:00,501209058,8,1,8,1,0
02:50:00,501209059,1,0,14,1,0
02:50:00,501209060,7,0,13,1,0
02:50:00,501209062,7,0,8,1,0
02:50:00,501209064,10,1,5,1,0
02:50:00,501209065,1,0,14,1,0
02:50:00,501209066,10,0,4,1,0
02:50:00,501209067,7,1,8,1,0
02:50:00,501209068,9,2,8,1,0
02:50:00,501209069,3,0,60,1,0
02:50:00,501209070,4,1,13,1,0
02:50:00,501209071,4,1,13,1,0
02:50:00,501209073,11,2,4,1,0
02:50:00,501209074,11,1,12,1,0
02:50:00,501209075,14,2,2,1,0
02:50:00,501209076,4,1,19,1,0
02:50:00,501209077,9,1,6,1,0
02:50:00,501209078,7,3,6,1,0
02:50:00,501209079,3,0,22,1,0
02:50:00,501209080,2,0,24,1,0
02:50:00,501209081,8,0,7,1,0
02:50:00,501209084,13,0,10,1,0
02:50:00,501209085,2,0,26,1,0
02:50:00,501209087,2,0,36,1,0
02:50:00,501209088,6,0,9,1,0
02:50:00,501209089,14,0,5,1,0
02:50:00,501209090,9,0,5,1,0
02:50:00,501209091,2,1,14,1,0
02:50:00,501209092,12,1,3,1,0
02:50:00,501209093,6,0,9,1,0
02:50:00,501209094,3,0,13,1,0
02:50:00,501209095,10,1,4,1,0
02:50:00,501209096,10,3,5,1,0
02:50:00,501209097,1,1,14,1,0
02:50:00,501209098,7,0,8,1,0
02:50:00,501209099,1,0,18,1,0
02:50:00,501209100,13,3,2,1,0
02:50:00,501209101,6,0,9,1,0
02:50:00,501209102,10,1,10,1,0
02:50:00,501209104,6,1,11,1,0
02:50:00,501209105,22,3,4,1,0
02:50:00,501209106,10,0,10,1,0
02:50:00,501211001,19,4,18,1,0
02:50:00,501211002,6,0,9,1,0
02:50:00,501211004,10,2,5,1,0
02:50:00,501211005,5,1,14,1,0
02:50:00,501211006,12,2,4,1,0
02:50:00,501211007,14,0,5,1,0
02:50:00,501211009,5,0,13,1,0
02:50:00,501211011,20,6,10,1,0
02:50:00,501211012,6,2,12,1,0
03:00:00,501201001,0,0,0,2,0
03:00:00,501201002,6,0,33,1,0
03:00:00,501201003,4,0,19,1,0
03:00:00,501201004,7,1,8,1,0
03:00:00,501201005,5,0,14,1,0
03:00:00,501201006,12,2,16,1,0
03:00:00,501201007,1,1,18,1,0
03:00:00,501201008,5,0,20,1,0
03:00:00,501201010,3,1,7,1,0
03:00:00,501201011,4,1,18,1,0
03:00:00,501201012,14,1,24,1,0
03:00:00,501201013,9,0,12,1,0
03:00:00,501201014,10,0,9,1,0
03:00:00,501201015,16,1,9,1,0
03:00:00,501201016,7,0,17,1,0
03:00:00,501201017,14,1,12,1,0
03:00:00,501201018,5,0,18,1,0
03:00:00,501201019,6,1,22,1,0
03:00:00,501201020,2,0,22,1,0
03:00:00,501201021,8,0,6,1,0
03:00:00,501201022,7,0,9,1,0
03:00:00,501201023,4,0,24,1,0
03:00:00,501201024,2,0,22,1,0
03:00:00,501201025,7,1,17,1,0
03:00:00,501201026,3,1,16,1,0
03:00:00,501201028,12,0,7,1,0
03:00:00,501201029,7,1,6,1,0
03:00:00,501201030,3,0,12,1,0
03:00:00,501201031,4,1,13,1,0
03:00:00,501202001,9,0,5,1,0
03:00:00,501202003,8,0,32,1,0
03:00:00,501202013,1,0,15,1,0
03:00:00,501202023,7,1,8,1,0
03:00:00,501202024,2,1,13,1,0
03:00:00,501202034,12,0,4,1,0
03:00:00,501202035,9,0,21,1,0
03:00:00,501202036,16,0,22,1,0
03:00:00,501202040,3,0,42,1,0
03:00:00,501202043,4,0,21,1,0
03:00:00,501202044,0,0,0,2,0
03:00:00,501202047,3,0,19,1,0
03:00:00,501202050,6,2,9,1,0
03:00:00,501202055,11,0,4,1,0
03:00:00,501202058,8,3,7,1,0
03:00:00,501202065,4,0,10,1,0
03:00:00,501202068,1,0,17,1,0
03:00:00,501202070,6,2,10,1,0
03:00:00,501202078,8,1,17,1,0
03:00:00,501202080,6,0,20,1,0
03:00:00,501202081,19,0,4,1,0
03:00:00,501202082,7,0,16,1,0
03:00:00,501202083,6,0,18,1,0
03:00:00,501202084,13,0,11,1,0
03:00:00,501202085,12,1,23,1,0
03:00:00,501202088,6,2,24,1,0
03:00:00,501202089,4,0,24,1,0
03:00:00,501202096,7,1,8,1,0
03:00:00,501203001,1,0,19,1,0
03:00:00,501203002,2,0,19,1,0
03:00:00,501203003,4,1,90,1,0
03:00:00,501203005,6,1,14,1,0
03:00:00,501203006,2,0,13,1,0
03:00:00,501203007,9,0,6,1,0
03:00:00,501203008,14,1,1,1,0
03:00:00,501203010,25,1,8,1,0
03:00:00,501203011,21,7,17,1,0
03:00:00,501203012,5,1,11,1,0
03:00:00,501203013,7,3,17,1,0
03:00:00,501203015,9,2,3,1,0
03:00:00,501203020,13,1,7,1,0
03:00:00,501203022,1,1,18,1,0
03:00:00,501203023,4,0,14,1,0
03:00:00,501203028,13,0,12,1,0
03:00:00,501203040,1,1,23,1,0
03:00:00,501203045,13,2,5,1,0
03:00:00,501203050,32,1,28,1,0
03:00:00,501203051,12,0,11,1,0
03:00:00,501203053,3,0,23,1,0
03:00:00,501203054,4,0,17,1,0
03:00:00,501203064,5,0,11,1,0
03:00:00,501203065,15,4,0,1,0
03:00:00,501203070,10,1,5,1,0
03:00:00,501203073,6,0,18,1,0
03:00:00,501203076,7,0,8,1,0
03:00:00,501203078,7,0,9,1,0
03:00:00,501203080,11,1,3,1,0
03:00:00,501203084,8,0,3,1,0
03:00:00,501203085,5,0,5,1,0
03:00:00,501203088,7,0,7,1,0
03:00:00,501203089,7,3,5,1,0
03:00:00,501203090,2,1,8,1,0
03:00:00,501203091,5,0,8,1,0
03:00:00,501203092,7,0,13,1,0
03:00:00,501203100,6,0,13,1,0
03:00:00,501203101,0,0,0,2,0
03:00:00,501203102,5,0,14,1,0
03:00:00,501203104,12,1,6,1,0
03:00:00,501203105,3,0,7,1,0
03:00:00,501203107,0,0,0,2,0
03:00:00,501203109,10,0,16,1,0
03:00:00,501203110,14,0,26,1,0
03:00:00,501203111,9,0,2,1,0
03:00:00,501203113,6,2,13,1,0
03:00:00,501203114,11,1,39,1,0
03:00:00,501203117,0,0,0,2,0
03:00:00,501203118,11,0,9,1,0
03:00:00,501203121,14,2,10,1,0
03:00:00,501203122,12,0,8,1,0
03:00:00,501203125,17,1,8,1,0
03:00:00,501203131,17,1,3,1,0
03:00:00,501203140,3,1,39,1,0
03:00:00,501203141,5,3,10,1,0
03:00:00,501203142,5,1,31,1,0
03:00:00,501203145,7,1,8,1,0
03:00:00,501203151,13,0,5,1,0
03:00:00,501203155,10,2,9,1,0
03:00:00,501203157,2,1,15,1,0
03:00:00,501203159,5,1,15,1,0
03:00:00,501203161,1,0,18,1,0
03:00:00,501203162,11,0,10,1,0
03:00:00,501203163,6,0,10,1,0
03:00:00,501204001,15,0,10,1,0
03:00:00,501204002,14,0,22,1,0
03:00:00,501204003,16,0,28,1,0
03:00:00,501204004,4,0,10,1,0
03:00:00,501204005,12,5,8,1,0
03:00:00,501204007,6,0,30,1,0
03:00:00,501204008,0,0,15,1,0
03:00:00,501204009,0,0,0,2,0
03:00:00,501204010,0,0,0,2,0
03:00:00,501204011,5,2,10,1,0
03:00:00,501204012,7,1,7,1,0
03:00:00,501204013,5,0,8,1,0
03:00:00,501204014,7,1,9,1,0
03:00:00,501204015,12,0,3,1,0
03:00:00,501204016,5,0,15,1,0
03:00:00,501204017,5,0,10,1,0
03:00:00,501204018,8,0,16,1,0
03:00:00,501204020,1,0,19,1,0
03:00:00,501204021,5,0,15,1,0
03:00:00,501204022,8,0,8,1,0
03:00:00,501204023,14,1,1,1,0
03:00:00,501204024,0,0,0,2,0
03:00:00,501204025,12,0,8,1,0
03:00:00,501205001,5,1,12,1,0
03:00:00,501205003,7,0,12,1,0
03:00:00,501205004,7,2,9,1,0
03:00:00,501205005,8,0,14,1,0
03:00:00,501205006,17,0,3,1,0
03:00:00,501205007,7,0,5,1,0
03:00:00,501205008,3,1,23,1,0
03:00:00,501205009,17,0,28,1,0
03:00:00,501205010,4,1,9,1,0
03:00:00,501205011,4,0,28,1,0
03:00:00,501205012,5,0,15,1,0
03:00:00,501205013,5,1,16,1,0
03:00:00,501205014,21,7,2,1,0
03:00:00,501205015,5,1,13,1,0
03:00:00,501205018,2,0,16,1,0
03:00:00,501205019,1,0,27,1,0
03:00:00,501205020,7,1,23,1,0
03:00:00,501205021,11,0,4,1,0
03:00:00,501205022,9,1,6,1,0
03:00:00,501205023,9,0,6,1,0
03:00:00,501205025,16,0,12,1,0
03:00:00,501205026,7,0,12,1,0
03:00:00,501205027,6,0,4,1,0
03:00:00,501205028,6,2,8,1,0
03:00:00,501205029,5,1,5,1,0
03:00:00,501205030,1,0,9,1,0
03:00:00,501205033,5,0,10,1,0
03:00:00,501205034,4,1,24,1,0
03:00:00,501205035,8,1,8,1,0
03:00:00,501205036,6,1,9,1,0
03:00:00,501205037,8,0,7,1,0
03:00:00,501205038,9,2,11,1,0
03:00:00,501205039,7,0,13,1,0
03:00:00,501205040,16,0,9,1,0
03:00:00,501205041,10,1,7,1,0
03:00:00,501205042,4,1,25,1,0
03:00:00,501208011,19,1,18,1,0
03:00:00,501208013,28,2,25,1,0
03:00:00,501208014,10,0,28,1,0
03:00:00,501208015,6,0,9,1,0
03:00:00,501208018,14,1,1,1,0
03:00:00,501208021,2,0,15,1,0
03:00:00,501208027,2,0,28,1,0
03:00:00,501208029,13,1,8,1,0
03:00:00,501208030,14,0,24,1,0
03:00:00,501208032,20,0,8,1,0
03:00:00,501208040,5,1,14,1,0
03:00:00,501208041,0,0,15,1,0
03:00:00,501208045,6,0,26,1,0
03:00:00,501208051,9,1,27,1,0
03:00:00,501208053,20,0,1,1,0
03:00:00,501208054,2,0,26,1,0
03:00:00,501208059,5,0,24,1,0
03:00:00,501208064,1,0,19,1,0
03:00:00,501208077,8,1,2,1,0
03:00:00,501208079,1,0,21,1,0
03:00:00,501208082,4,0,5,1,0
03:00:00,501208085,13,0,2,1,0
03:00:00,501208087,21,0,10,1,0
03:00:00,501208089,18,0,7,1,0
03:00:00,501208091,2,1,41,1,0
03:00:00,501208111,7,1,7,1,0
03:00:00,501208113,3,0,17,1,0
03:00:00,501208114,8,0,12,1,0
03:00:00,501208129,2,0,20,1,0
03:00:00,501208130,8,0,5,1,0
03:00:00,501209002,12,1,8,1,0
03:00:00,501209003,10,0,3,1,0
03:00:00,501209004,5,1,10,1,0
03:00:00,501209005,4,0,14,1,0
03:00:00,501209006,11,3,8,1,0
03:00:00,501209007,12,1,2,1,0
03:00:00,501209009,0,0,0,2,0
03:00:00,501209010,10,2,3,1,0
03:00:00,501209011,2,2,23,1,0
03:00:00,501209014,6,2,6,1,0
03:00:00,501209015,11,1,4,1,0
03:00:00,501209016,12,0,16,1,0
03:00:00,501209017,6,1,6,1,0
03:00:00,501209018,9,0,8,1,0
03:00:00,501209019,6,0,17,1,0
03:00:00,501209020,3,1,29,1,0
03:00:00,501209021,8,3,6,1,0
03:00:00,501209022,1,0,9,1,0
03:00:00,501209023,19,1,24,1,0
03:00:00,501209024,15,3,27,1,0
03:00:00,501209025,4,1,11,1,0
03:00:00,501209026,19,1,7,1,0
03:00:00,501209027,6,0,12,1,0
03:00:00,501209028,8,1,20,1,0
03:00:00,501209030,10,0,8,1,0
03:00:00,501209031,4,0,26,1,0
03:00:00,501209032,2,0,26,1,0
03:00:00,501209033,4,1,16,1,0
03:00:00,501209034,8,1,7,1,0
03:00:00,501209035,1,0,27,1,0
03:00:00,501209036,10,2,21,1,0
03:00:00,501209037,12,1,23,1,0
03:00:00,501209038,11,1,5,1,0
03:00:00,501209039,6,0,24,1,0
03:00:00,501209040,0,0,31,1,0
03:00:00,501209042,6,1,13,1,0
03:00:00,501209043,16,1,9,1,0
03:00:00,501209044,10,3,5,1,0
03:00:00,501209045,1,0,14,1,0
03:00:00,501209046,7,1,15,1,0
03:00:00,501209047,8,1,6,1,0
03:00:00,501209049,1,0,19,1,0
03:00:00,501209050,10,1,3,1,0
03:00:00,501209051,4,2,20,1,0
03:00:00,501209052,3,2,19,1,0
03:00:00,501209053,4,1,16,1,0
03:00:00,501209054,9,0,18,1,0
03:00:00,501209056,10,0,5,1,0
03:00:00,501209058,8,1,8,1,0
03:00:00,501209059,1,0,14,1,0
03:00:00,501209060,7,0,13,1,0
03:00:00,501209062,7,0,8,1,0
03:00:00,501209064,10,1,5,1,0
03:00:00,501209065,1,0,14,1,0
03:00:00,501209066,10,0,4,1,0
03:00:00,501209067,7,1,8,1,0
03:00:00,501209068,9,2,8,1,0
03:00:00,501209069,3,0,60,1,0
03:00:00,501209070,4,1,13,1,0
03:00:00,501209071,4,1,13,1,0
03:00:00,501209073,11,2,4,1,0
03:00:00,501209074,11,1,12,1,0
03:00:00,501209075,14,2,2,1,0
03:00:00,501209076,4,1,19,1,0
03:00:00,501209077,9,1,6,1,0
03:00:00,501209078,7,3,6,1,0
03:00:00,501209079,3,0,22,1,0
03:00:00,501209080,2,0,24,1,0
03:00:00,501209081,8,0,7,1,0
03:00:00,501209084,13,0,10,1,0
03:00:00,501209085,2,0,26,1,0
03:00:00,501209087,2,0,36,1,0
03:00:00,501209088,6,0,9,1,0
03:00:00,501209089,14,0,5,1,0
03:00:00,501209090,9,0,5,1,0
03:00:00,501209091,3,1,13,1,0
03:00:00,501209092,12,1,3,1,0
03:00:00,501209093,6,0,9,1,0
03:00:00,501209094,3,0,13,1,0
03:00:00,501209095,10,1,4,1,0
03:00:00,501209096,10,3,5,1,0
03:00:00,501209097,1,1,14,1,0
03:00:00,501209098,7,0,8,1,0
03:00:00,501209099,1,0,18,1,0
03:00:00,501209100,13,3,2,1,0
03:00:00,501209101,6,0,9,1,0
03:00:00,501209102,10,1,10,1,0
03:00:00,501209104,6,1,11,1,0
03:00:00,501209105,22,3,4,1,0
03:00:00,501209106,10,0,10,1,0
03:00:00,501211001,19,4,18,1,0
03:00:00,501211002,6,0,9,1,0
03:00:00,501211004,10,2,5,1,0
03:00:00,501211005,5,1,14,1,0
03:00:00,501211006,12,2,4,1,0
03:00:00,501211007,14,0,5,1,0
03:00:00,501211009,5,0,13,1,0
03:00:00,501211011,20,6,10,1,0
03:00:00,501211012,6,2,12,1,0
03:10:00,501201001,0,0,0,2,0
03:10:00,501201002,6,0,33,1,0
03:10:00,501201003,4,0,19,1,0
03:10:00,501201004,7,1,8,1,0
03:10:00,501201005,5,0,14,1,0
03:10:00,501201006,12,2,16,1,0
03:10:00,501201007,1,1,18,1,0
03:10:00,501201008,5,0,20,1,0
03:10:00,501201010,3,1,7,1,0
03:10:00,501201011,4,1,18,1,0
03:10:00,501201012,14,1,24,1,0
03:10:00,501201013,9,0,12,1,0
03:10:00,501201014,10,0,9,1,0
03:10:00,501201015,16,1,9,1,0
03:10:00,501201016,7,0,17,1,0
03:10:00,501201017,14,1,12,1,0
03:10:00,501201018,5,0,18,1,0
03:10:00,501201019,6,1,22,1,0
03:10:00,501201020,2,0,22,1,0
03:10:00,501201021,8,0,6,1,0
03:10:00,501201022,7,0,9,1,0
03:10:00,501201023,4,0,24,1,0
03:10:00,501201024,2,0,22,1,0
03:10:00,501201025,7,1,17,1,0
03:10:00,501201026,3,1,16,1,0
03:10:00,501201028,12,0,7,1,0
03:10:00,501201029,7,1,6,1,0
03:10:00,501201030,3,0,12,1,0
03:10:00,501201031,4,1,13,1,0
03:10:00,501202001,9,0,5,1,0
03:10:00,501202003,8,0,32,1,0
03:10:00,501202013,1,0,15,1,0
03:10:00,501202023,7,1,8,1,0
03:10:00,501202024,2,1,13,1,0
03:10:00,501202034,12,0,4,1,0
03:10:00,501202035,9,0,21,1,0
03:10:00,501202036,16,0,22,1,0
03:10:00,501202040,3,0,42,1,0
03:10:00,501202043,4,0,21,1,0
03:10:00,501202044,0,0,0,2,0
03:10:00,501202047,2,0,20,1,0
03:10:00,501202050,5,1,10,1,0
03:10:00,501202055,11,0,4,1,0
03:10:00,501202058,8,3,7,1,0
03:10:00,501202065,4,0,10,1,0
03:10:00,501202068,1,0,17,1,0
03:10:00,501202070,6,2,10,1,0
03:10:00,501202078,7,0,18,1,0
03:10:00,501202080,6,0,20,1,0
03:10:00,501202081,19,0,4,1,0
03:10:00,501202082,7,0,16,1,0
03:10:00,501202083,6,0,18,1,0
03:10:00,501202084,13,0,11,1,0
03:10:00,501202085,12,1,23,1,0
03:10:00,501202088,6,2,24,1,0
03:10:00,501202089,4,0,24,1,0
03:10:00,501202096,7,1,8,1,0
03:10:00,501203001,0,0,20,1,0
03:10:00,501203002,2,0,19,1,0
03:10:00,501203003,4,1,90,1,0
03:10:00,501203005,6,1,14,1,0
03:10:00,501203006,2,0,13,1,0
03:10:00,501203007,9,0,6,1,0
03:10:00,501203008,14,1,1,1,0
03:10:00,501203010,25,1,8,1,0
03:10:00,501203011,21,7,17,1,0
03:10:00,501203012,5,1,11,1,0
03:10:00,501203013,7,3,17,1,0
03:10:00,501203015,9,2,3,1,0
03:10:00,501203020,15,1,5,1,0
03:10:00,501203022,1,1,18,1,0
03:10:00,501203023,4,0,14,1,0
03:10:00,501203028,13,0,12,1,0
03:10:00,501203040,1,1,23,1,0
03:10:00,501203045,13,2,5,1,0
03:10:00,501203050,32,1,28,1,0
03:10:00,501203051,12,0,11,1,0
03:10:00,501203053,3,0,23,1,0
03:10:00,501203054,4,0,17,1,0
03:10:00,501203064,5,0,11,1,0
03:10:00,501203065,15,4,0,1,0
03:10:00,501203070,10,1,5,1,0
03:10:00,501203073,6,0,18,1,0
03:10:00,501203076,7,0,8,1,0
03:10:00,501203078,7,0,9,1,0
03:10:00,501203080,11,1,3,1,0
03:10:00,501203084,8,0,3,1,0
03:10:00,501203085,5,0,5,1,0
03:10:00,501203088,7,0,7,1,0
03:10:00,501203089,7,3,5,1,0
03:10:00,501203090,2,1,8,1,0
03:10:00,501203091,5,0,8,1,0
03:10:00,501203092,7,0,13,1,0
03:10:00,501203100,6,0,13,1,0
03:10:00,501203101,0,0,0,2,0
03:10:00,501203102,5,0,14,1,0
03:10:00,501203104,12,1,6,1,0
03:10:00,501203105,3,0,7,1,0
03:10:00,501203107,0,0,0,2,0
03:10:00,501203109,10,0,16,1,0
03:10:00,501203110,14,0,26,1,0
03:10:00,501203111,9,0,2,1,0
03:10:00,501203113,6,2,13,1,0
03:10:00,501203114,12,1,38,1,0
03:10:00,501203117,0,0,0,2,0
03:10:00,501203118,11,0,9,1,0
03:10:00,501203121,14,2,10,1,0
03:10:00,501203122,12,0,8,1,0
03:10:00,501203125,17,1,8,1,0
03:10:00,501203131,17,1,3,1,0
03:10:00,501203140,4,1,38,1,0
03:10:00,501203141,5,3,10,1,0
03:10:00,501203142,5,1,31,1,0
03:10:00,501203145,7,1,8,1,0
03:10:00,501203151,13,0,5,1,0
03:10:00,501203155,10,2,9,1,0
03:10:00,501203157,2,1,15,1,0
03:10:00,501203159,5,1,15,1,0
03:10:00,501203161,1,0,18,1,0
03:10:00,501203162,11,0,10,1,0
03:10:00,501203163,6,0,10,1,0
03:10:00,501204001,15,0,10,1,0
03:10:00,501204002,14,0,22,1,0
03:10:00,501204003,16,0,28,1,0
03:10:00,501204004,4,0,10,1,0
03:10:00,501204005,12,5,8,1,0
03:10:00,501204007,6,0,30,1,0
03:10:00,501204008,4,0,11,1,0
03:10:00,501204009,0,0,0,2,0
03:10:00,501204010,0,0,0,2,0
03:10:00,501204011,5,2,10,1,0
03:10:00,501204012,7,1,7,1,0
03:10:00,501204013,5,0,8,1,0
03:10:00,501204014,7,0,9,1,0
03:10:00,501204015,12,0,3,1,0
03:10:00,501204016,5,0,15,1,0
03:10:00,501204017,5,0,10,1,0
03:10:00,501204018,8,0,16,1,0
03:10:00,501204020,9,0,11,1,0
03:10:00,501204021,5,0,15,1,0
03:10:00,501204022,8,0,8,1,0
03:10:00,501204023,14,1,1,1,0
03:10:00,501204024,0,0,0,2,0
03:10:00,501204025,12,0,8,1,0
03:10:00,501205001,5,1,12,1,0
03:10:00,501205003,7,0,12,1,0
03:10:00,501205004,7,2,9,1,0
03:10:00,501205005,8,0,14,1,0
03:10:00,501205006,19,0,1,1,0
03:10:00,501205007,8,0,4,1,0
03:10:00,501205008,3,1,23,1,0
03:10:00,501205009,17,0,28,1,0
03:10:00,501205010,4,1,9,1,0
03:10:00,501205011,4,0,28,1,0
03:10:00,501205012,5,0,15,1,0
03:10:00,501205013,5,1,16,1,0
03:10:00,501205014,21,7,2,1,0
03:10:00,501205015,5,1,13,1,0
03:10:00,501205018,2,0,16,1,0
03:10:00,501205019,1,0,27,1,0
03:10:00,501205020,7,1,23,1,0
03:10:00,501205021,11,0,4,1,0
03:10:00,501205022,9,1,6,1,0
03:10:00,501205023,9,0,6,1,0
03:10:00,501205025,16,0,12,1,0
03:10:00,501205026,7,0,12,1,0
03:10:00,501205027,6,0,4,1,0
03:10:00,501205028,6,2,8,1,0
03:10:00,501205029,5,1,5,1,0
03:10:00,501205030,1,0,9,1,0
03:10:00,501205033,5,0,10,1,0
03:10:00,501205034,4,1,24,1,0
03:10:00,501205035,8,1,8,1,0
03:10:00,501205036,6,1,9,1,0
03:10:00,501205037,8,0,7,1,0
03:10:00,501205038,9,2,11,1,0
03:10:00,501205039,7,0,13,1,0
03:10:00,501205040,16,0,9,1,0
03:10:00,501205041,11,2,6,1,0
03:10:00,501205042,4,1,25,1,0
03:10:00,501208011,19,1,18,1,0
03:10:00,501208013,28,2,25,1,0
03:10:00,501208014,10,0,28,1,0
03:10:00,501208015,6,0,9,1,0
03:10:00,501208018,14,1,1,1,0
03:10:00,501208021,2,0,15,1,0
03:10:00,501208027,3,0,27,1,0
03:10:00,501208029,13,1,8,1,0
03:10:00,501208030,14,0,24,1,0
03:10:00,501208032,9,0,19,1,0
03:10:00,501208040,5,1,14,1,0
03:10:00,501208041,0,0,15,1,0
03:10:00,501208045,6,0,26,1,0
03:10:00,501208051,9,1,27,1,0
03:10:00,501208053,20,0,1,1,0
03:10:00,501208054,2,0,26,1,0
03:10:00,501208059,5,0,24,1,0
03:10:00,501208064,1,0,19,1,0
03:10:00,501208077,8,1,2,1,0
03:10:00,501208079,1,0,21,1,0
03:10:00,501208082,4,0,5,1,0
03:10:00,501208085,13,0,2,1,0
03:10:00,501208087,21,0,10,1,0
03:10:00,501208089,18,0,7,1,0
03:10:00,501208091,2,1,41,1,0
03:10:00,501208111,7,1,7,1,0
03:10:00,501208113,3,0,17,1,0
03:10:00,501208114,8,0,12,1,0
03:10:00,501208129,2,0,20,1,0
03:10:00,501208130,8,0,5,1,0
03:10:00,501209002,12,1,8,1,0
03:10:00,501209003,10,0,3,1,0
03:10:00,501209004,5,1,10,1,0
03:10:00,501209005,3,0,15,1,0
03:10:00,501209006,11,3,8,1,0
03:10:00,501209007,12,1,2,1,0
03:10:00,501209009,0,0,0,2,0
03:10:00,501209010,10,2,3,1,0
03:10:00,501209011,2,2,23,1,0
03:10:00,501209014,6,2,6,1,0
03:10:00,501209015,11,1,4,1,0
03:10:00,501209016,12,0,16,1,0
03:10:00,501209017,6,1,6,1,0
03:10:00,501209018,9,0,8,1,0
03:10:00,501209019,7,0,16,1,0
03:10:00,501209020,3,1,29,1,0
03:10:00,501209021,8,3,6,1,0
03:10:00,501209022,1,0,9,1,0
03:10:00,501209023,19,1,24,1,0
03:10:00,501209024,15,3,27,1,0
03:10:00,501209025,4,1,11,1,0
03:10:00,501209026,19,1,7,1,0
03:10:00,501209027,6,0,12,1,0
03:10:00,501209028,8,1,20,1,0
03:10:00,501209030,10,0,8,1,0
03:10:00,501209031,4,0,26,1,0
03:10:00,501209032,2,0,26,1,0
03:10:00,501209033,4,1,16,1,0
03:10:00,501209034,8,1,7,1,0
03:10:00,501209035,1,0,27,1,0
03:10:00,501209036,10,2,21,1,0
03:10:00,501209037,12,1,23,1,0
03:10:00,501209038,11,1,5,1,0
03:10:00,501209039,6,0,24,1,0
03:10:00,501209040,4,0,27,1,0
03:10:00,501209042,6,1,13,1,0
03:10:00,501209043,16,1,9,1,0
03:10:00,501209044,10,3,5,1,0
03:10:00,501209045,1,0,14,1,0
03:10:00,501209046,7,1,15,1,0
03:10:00,501209047,8,1,6,1,0
03:10:00,501209049,1,0,19,1,0
03:10:00,501209050,10,1,3,1,0
03:10:00,501209051,4,2,20,1,0
03:10:00,501209052,3,2,19,1,0
03:10:00,501209053,4,1,16,1,0
03:10:00,501209054,6,0,21,1,0
03:10:00,501209056,10,0,5,1,0
03:10:00,501209058,8,1,8,1,0
03:10:00,501209059,1,0,14,1,0
03:10:00,501209060,7,0,13,1,0
03:10:00,501209062,7,0,8,1,0
03:10:00,501209064,10,1,5,1,0
03:10:00,501209065,1,0,14,1,0
03:10:00,501209066,10,0,4,1,0
03:10:00,501209067,5,0,10,1,0
03:10:00,501209068,9,2,8,1,0
03:10:00,501209069,3,0,60,1,0
03:10:00,501209070,4,1,13,1,0
03:10:00,501209071,4,1,13,1,0
03:10:00,501209073,11,2,4,1,0
03:10:00,501209074,11,1,12,1,0
03:10:00,501209075,14,2,2,1,0
03:10:00,501209076,4,1,19,1,0
03:10:00,501209077,9,1,6,1,0
03:10:00,501209078,7,3,6,1,0
03:10:00,501209079,3,0,22,1,0
03:10:00,501209080,2,0,24,1,0
03:10:00,501209081,8,0,7,1,0
03:10:00,501209084,13,0,10,1,0
03:10:00,501209085,2,0,26,1,0
03:10:00,501209087,2,0,36,1,0
03:10:00,501209088,6,0,9,1,0
03:10:00,501209089,14,0,5,1,0
03:10:00,501209090,9,0,5,1,0
03:10:00,501209091,2,1,14,1,0
03:10:00,501209092,12,1,3,1,0
03:10:00,501209093,6,0,9,1,0
03:10:00,501209094,3,0,13,1,0
03:10:00,501209095,10,1,4,1,0
03:10:00,501209096,10,3,5,1,0
03:10:00,501209097,1,1,14,1,0
03:10:00,501209098,7,0,8,1,0
03:10:00,501209099,1,0,18,1,0
03:10:00,501209100,13,3,2,1,0
03:10:00,501209101,6,0,9,1,0
03:10:00,501209102,9,1,11,1,0
03:10:00,501209104,6,1,11,1,0
03:10:00,501209105,22,3,4,1,0
03:10:00,501209106,10,0,10,1,0
03:10:00,501211001,19,4,18,1,0
03:10:00,501211002,6,0,9,1,0
03:10:00,501211004,10,2,5,1,0
03:10:00,501211005,5,1,14,1,0
03:10:00,501211006,12,2,4,1,0
03:10:00,501211007,14,0,5,1,0
03:10:00,501211009,5,0,13,1,0
03:10:00,501211011,20,6,10,1,0
03:10:00,501211012,6,2,12,1,0
03:20:00,501201001,0,0,0,2,0
03:20:00,501201002,6,0,33,1,0
03:20:00,501201003,4,0,19,1,0
03:20:00,501201004,7,1,8,1,0
03:20:00,501201005,5,0,14,1,0
03:20:00,501201006,12,2,16,1,0
03:20:00,501201007,2,2,17,1,0
03:20:00,501201008,5,0,20,1,0
03:20:00,501201010,3,1,7,1,0
03:20:00,501201011,4,1,18,1,0
03:20:00,501201012,14,1,24,1,0
03:20:00,501201013,8,0,13,1,0
03:20:00,501201014,10,0,9,1,0
03:20:00,501201015,16,1,9,1,0
03:20:00,501201016,7,0,17,1,0
03:20:00,501201017,14,1,12,1,0
03:20:00,501201018,5,0,18,1,0
03:20:00,501201019,6,1,22,1,0
03:20:00,501201020,2,0,22,1,0
03:20:00,501201021,8,0,6,1,0
03:20:00,501201022,7,0,9,1,0
03:20:00,501201023,4,0,24,1,0
03:20:00,501201024,2,0,22,1,0
03:20:00,501201025,7,1,17,1,0
03:20:00,501201026,4,1,15,1,0
03:20:00,501201028,12,0,7,1,0
03:20:00,501201029,7,1,6,1,0
03:20:00,501201030,3,0,12,1,0
03:20:00,501201031,4,1,13,1,0
03:20:00,501202001,9,0,5,1,0
03:20:00,501202003,8,0,32,1,0
03:20:00,501202013,1,0,15,1,0
03:20:00,501202023,7,1,8,1,0
03:20:00,501202024,2,1,13,1,0
03:20:00,501202034,12,0,4,1,0
03:20:00,501202035,9,0,21,1,0
03:20:00,501202036,16,0,22,1,0
03:20:00,501202040,4,0,41,1,0
03:20:00,501202043,4,0,21,1,0
03:20:00,501202044,0,0,0,2,0
03:20:00,501202047,2,0,20,1,0
03:20:00,501202050,5,1,10,1,0
03:20:00,501202055,11,0,4,1,0
03:20:00,501202058,8,3,7,1,0
03:20:00,501202065,4,0,10,1,0
03:20:00,501202068,1,0,17,1,0
03:20:00,501202070,6,2,10,1,0
03:20:00,501202078,7,0,18,1,0
03:20:00,501202080,6,0,20,1,0
03:20:00,501202081,19,0,4,1,0
03:20:00,501202082,7,0,16,1,0
03:20:00,501202083,6,0,18,1,0
03:20:00,501202084,13,0,11,1,0
03:20:00,501202085,12,1,23,1,0
03:20:00,501202088,6,2,24,1,0
03:20:00,501202089,4,0,24,1,0
03:20:00,501202096,7,1,8,1,0
03:20:00,501203001,0,0,20,1,0
03:20:00,501203002,2,0,19,1,0
03:20:00,501203003,4,1,90,1,0
03:20:00,501203005,6,1,14,1,0
03:20:00,501203006,2,0,13,1,0
03:20:00,501203007,9,0,6,1,0
03:20:00,501203008,14,1,1,1,0
03:20:00,501203010,25,1,8,1,0
03:20:00,501203011,21,7,17,1,0
03:20:00,501203012,5,1,11,1,0
03:20:00,501203013,7,3,17,1,0
03:20:00,501203015,9,2,3,1,0
03:20:00,501203020,15,1,5,1,0
03:20:00,501203022,1,1,18,1,0
03:20:00,501203023,4,0,14,1,0
03:20:00,501203028,13,0,12,1,0
03:20:00,501203040,1,1,23,1,0
03:20:00,501203045,13,2,5,1,0
03:20:00,501203050,32,1,28,1,0
03:20:00,501203051,12,0,11,1,0
03:20:00,501203053,3,0,23,1,0
03:20:00,501203054,4,0,17,1,0
03:20:00,501203064,5,0,11,1,0
03:20:00,501203065,15,4,0,1,0
03:20:00,501203070,10,1,5,1,0
03:20:00,501203073,6,0,18,1,0
03:20:00,501203076,7,0,8,1,0
03:20:00,501203078,7,0,9,1,0
03:20:00,501203080,11,1,3,1,0
03:20:00,501203084,8,0,3,1,0
03:20:00,501203085,5,0,5,1,0
03:20:00,501203088,7,0,7,1,0
03:20:00,501203089,7,3,5,1,0
03:20:00,501203090,2,1,8,1,0
03:20:00,501203091,7,0,6,1,0
03:20:00,501203092,7,0,13,1,0
03:20:00,501203100,6,0,13,1,0
03:20:00,501203101,0,0,0,2,0
03:20:00,501203102,5,0,14,1,0
03:20:00,501203104,12,1,6,1,0
03:20:00,501203105,3,0,7,1,0
03:20:00,501203107,0,0,0,2,0
03:20:00,501203109,11,0,15,1,0
03:20:00,501203110,14,0,26,1,0
03:20:00,501203111,9,0,2,1,0
03:20:00,501203113,6,2,13,1,0
03:20:00,501203114,12,1,38,1,0
03:20:00,501203117,0,0,0,2,0
03:20:00,501203118,11,0,9,1,0
03:20:00,501203121,14,2,10,1,0
03:20:00,501203122,12,0,8,1,0
03:20:00,501203125,17,1,8,1,0
03:20:00,501203131,17,1,3,1,0
03:20:00,501203140,4,1,38,1,0
03:20:00,501203141,5,3,10,1,0
03:20:00,501203142,5,1,31,1,0
03:20:00,501203145,7,1,8,1,0
03:20:00,501203151,13,0,5,1,0
03:20:00,501203155,11,2,8,1,0
03:20:00,501203157,2,1,15,1,0
03:20:00,501203159,5,1,15,1,0
03:20:00,501203161,1,0,18,1,0
03:20:00,501203162,11,0,10,1,0
03:20:00,501203163,6,0,10,1,0
03:20:00,501204001,15,0,10,1,0
03:20:00,501204002,10,0,26,1,0
03:20:00,501204003,16,0,28,1,0
03:20:00,501204004,4,0,10,1,0
03:20:00,501204005,12,5,8,1,0
03:20:00,501204007,6,0,30,1,0
03:20:00,501204008,4,0,11,1,0
03:20:00,501204009,0,0,0,2,0
03:20:00,501204010,0,0,0,2,0
03:20:00,501204011,5,2,10,1,0
03:20:00,501204012,7,1,7,1,0
03:20:00,501204013,5,0,8,1,0
03:20:00,501204014,7,0,9,1,0
03:20:00,501204015,12,0,3,1,0
03:20:00,501204016,5,0,15,1,0
03:20:00,501204017,5,0,10,1,0
03:20:00,501204018,8,0,16,1,0
03:20:00,501204020,9,0,11,1,0
03:20:00,501204021,5,0,15,1,0
03:20:00,501204022,8,0,8,1,0
03:20:00,501204023,14,1,1,1,0
03:20:00,501204024,0,0,0,2,0
03:20:00,501204025,12,0,8,1,0
03:20:00,501205001,5,1,12,1,0
03:20:00,501205003,7,0,12,1,0
03:20:00,501205004,7,2,9,1,0
03:20:00,501205005,8,0,14,1,0
03:20:00,501205006,20,0,0,1,0
03:20:00,501205007,8,0,4,1,0
03:20:00,501205008,3,1,23,1,0
03:20:00,501205009,17,0,28,1,0
03:20:00,501205010,3,0,10,1,0
03:20:00,501205011,4,0,28,1,0
03:20:00,501205012,5,0,15,1,0
03:20:00,501205013,5,1,16,1,0
03:20:00,501205014,20,7,3,1,0
03:20:00,501205015,5,1,13,1,0
03:20:00,501205018,2,0,16,1,0
03:20:00,501205019,1,0,27,1,0
03:20:00,501205020,7,1,23,1,0
03:20:00,501205021,11,0,4,1,0
03:20:00,501205022,9,1,6,1,0
03:20:00,501205023,9,0,6,1,0
03:20:00,501205025,16,0,12,1,0
03:20:00,501205026,7,0,12,1,0
03:20:00,501205027,6,0,4,1,0
03:20:00,501205028,6,2,8,1,0
03:20:00,501205029,5,1,5,1,0
03:20:00,501205030,1,0,9,1,0
03:20:00,501205033,5,0,10,1,0
03:20:00,501205034,4,1,24,1,0
03:20:00,501205035,8,1,8,1,0
03:20:00,501205036,6,1,9,1,0
03:20:00,501205037,8,0,7,1,0
03:20:00,501205038,9,2,11,1,0
03:20:00,501205039,7,0,13,1,0
03:20:00,501205040,16,0,9,1,0
03:20:00,501205041,11,2,6,1,0
03:20:00,501205042,4,1,25,1,0
03:20:00,501208011,19,1,18,1,0
03:20:00,501208013,28,2,25,1,0
03:20:00,501208014,10,0,28,1,0
03:20:00,501208015,6,0,9,1,0
03:20:00,501208018,14,1,1,1,0
03:20:00,501208021,2,0,15,1,0
03:20:00,501208027,3,0,27,1,0
03:20:00,501208029,13,1,8,1,0
03:20:00,501208030,14,0,24,1,0
03:20:00,501208032,9,0,19,1,0
03:20:00,501208040,5,1,14,1,0
03:20:00,501208041,2,0,13,1,0
03:20:00,501208045,6,0,26,1,0
03:20:00,501208051,9,1,27,1,0
03:20:00,501208053,20,0,1,1,0
03:20:00,501208054,2,0,26,1,0
03:20:00,501208059,5,0,24,1,0
03:20:00,501208064,1,0,19,1,0
03:20:00,501208077,8,1,2,1,0
03:20:00,501208079,1,0,21,1,0
03:20:00,501208082,4,0,5,1,0
03:20:00,501208085,13,0,2,1,0
03:20:00,501208087,21,0,10,1,0
03:20:00,501208089,18,0,7,1,0
03:20:00,501208091,2,1,41,1,0
03:20:00,501208111,7,1,7,1,0
03:20:00,501208113,3,0,17,1,0
03:20:00,501208114,8,0,12,1,0
03:20:00,501208129,2,0,20,1,0
03:20:00,501208130,8,0,5,1,0
03:20:00,501209002,12,1,8,1,0
03:20:00,501209003,10,0,3,1,0
03:20:00,501209004,5,1,10,1,0
03:20:00,501209005,2,0,16,1,0
03:20:00,501209006,11,3,8,1,0
03:20:00,501209007,12,1,2,1,0
03:20:00,501209009,0,0,0,2,0
03:20:00,501209010,10,2,3,1,0
03:20:00,501209011,2,2,23,1,0
03:20:00,501209014,6,2,6,1,0
03:20:00,501209015,11,1,4,1,0
03:20:00,501209016,12,0,16,1,0
03:20:00,501209017,6,1,6,1,0
03:20:00,501209018,9,0,8,1,0
03:20:00,501209019,7,0,16,1,0
03:20:00,501209020,3,1,29,1,0
03:20:00,501209021,8,3,6,1,0
03:20:00,501209022,4,0,6,1,0
03:20:00,501209023,19,1,24,1,0
03:20:00,501209024,15,3,27,1,0
03:20:00,501209025,4,1,11,1,0
03:20:00,501209026,19,1,7,1,0
03:20:00,501209027,6,0,12,1,0
03:20:00,501209028,8,1,20,1,0
03:20:00,501209030,10,0,8,1,0
03:20:00,501209031,4,0,26,1,0
03:20:00,501209032,2,0,26,1,0
03:20:00,501209033,4,1,16,1,0
03:20:00,501209034,8,1,7,1,0
03:20:00,501209035,1,0,27,1,0
03:20:00,501209036,10,2,21,1,0
03:20:00,501209037,14,1,21,1,0
03:20:00,501209038,11,1,5,1,0
03:20:00,501209039,6,0,24,1,0
03:20:00,501209040,4,0,27,1,0
03:20:00,501209042,6,1,13,1,0
03:20:00,501209043,16,1,9,1,0
03:20:00,501209044,10,3,5,1,0
03:20:00,501209045,1,0,14,1,0
03:20:00,501209046,8,1,14,1,0
03:20:00,501209047,8,1,6,1,0
03:20:00,501209049,1,0,19,1,0
03:20:00,501209050,10,1,3,1,0
03:20:00,501209051,4,2,20,1,0
03:20:00,501209052,3,2,19,1,0
03:20:00,501209053,4,1,16,1,0
03:20:00,501209054,6,0,21,1,0
03:20:00,501209056,10,0,5,1,0
03:20:00,501209058,8,1,8,1,0
03:20:00,501209059,1,0,14,1,0
03:20:00,501209060,7,0,13,1,0
03:20:00,501209062,8,1,7,1,0
03:20:00,501209064,10,1,5,1,0
03:20:00,501209065,1,0,14,1,0
03:20:00,501209066,10,0,4,1,0
03:20:00,501209067,5,0,10,1,0
03:20:00,501209068,9,2,8,1,0
03:20:00,501209069,3,0,60,1,0
03:20:00,501209070,4,1,13,1,0
03:20:00,501209071,4,1,13,1,0
03:20:00,501209073,11,2,4,1,0
03:20:00,501209074,11,1,12,1,0
03:20:00,501209075,14,2,2,1,0
03:20:00,501209076,4,1,19,1,0
03:20:00,501209077,9,1,6,1,0
03:20:00,501209078,7,3,6,1,0
03:20:00,501209079,3,0,22,1,0
03:20:00,501209080,2,0,24,1,0
03:20:00,501209081,8,0,7,1,0
03:20:00,501209084,13,0,10,1,0
03:20:00,501209085,2,0,26,1,0
03:20:00,501209087,2,0,36,1,0
03:20:00,501209088,6,0,9,1,0
03:20:00,501209089,14,0,5,1,0
03:20:00,501209090,9,0,5,1,0
03:20:00,501209091,2,1,14,1,0
03:20:00,501209092,12,1,3,1,0
03:20:00,501209093,6,0,9,1,0
03:20:00,501209094,3,0,13,1,0
03:20:00,501209095,10,1,4,1,0
03:20:00,501209096,10,3,5,1,0
03:20:00,501209097,1,1,14,1,0
03:20:00,501209098,7,0,8,1,0
03:20:00,501209099,1,0,18,1,0
03:20:00,501209100,13,3,2,1,0
03:20:00,501209101,6,0,9,1,0
03:20:00,501209102,9,1,11,1,0
03:20:00,501209104,6,1,11,1,0
03:20:00,501209105,22,3,4,1,0
03:20:00,501209106,10,0,10,1,0
03:20:00,501211001,19,4,18,1,0
03:20:00,501211002,6,0,9,1,0
03:20:00,501211004,10,2,5,1,0
03:20:00,501211005,5,1,14,1,0
03:20:00,501211006,12,2,4,1,0
03:20:00,501211007,14,0,5,1,0
03:20:00,501211009,5,0,13,1,0
03:20:00,501211011,20,6,10,1,0
03:20:00,501211012,6,2,12,1,0
03:30:00,501201001,0,0,0,2,0
03:30:00,501201002,6,0,33,1,0
03:30:00,501201003,4,0,19,1,0
03:30:00,501201004,7,1,8,1,0
03:30:00,501201005,5,0,14,1,0
03:30:00,501201006,12,2,16,1,0
03:30:00,501201007,2,2,17,1,0
03:30:00,501201008,5,0,20,1,0
03:30:00,501201010,3,1,7,1,0
03:30:00,501201011,4,1,18,1,0
03:30:00,501201012,14,1,24,1,0
03:30:00,501201013,8,0,13,1,0
03:30:00,501201014,10,0,9,1,0
03:30:00,501201015,16,1,9,1,0
03:30:00,501201016,7,0,17,1,0
03:30:00,501201017,14,1,12,1,0
03:30:00,501201018,5,0,18,1,0
03:30:00,501201019,6,1,22,1,0
03:30:00,501201020,2,0,22,1,0
03:30:00,501201021,8,0,6,1,0
03:30:00,501201022,7,0,9,1,0
03:30:00,501201023,4,0,24,1,0
03:30:00,501201024,2,0,22,1,0
03:30:00,501201025,7,1,17,1,0
03:30:00,501201026,4,1,15,1,0
03:30:00,501201028,12,0,7,1,0
03:30:00,501201029,7,1,6,1,0
03:30:00,501201030,3,0,12,1,0
03:30:00,501201031,4,1,13,1,0
03:30:00,501202001,10,0,4,1,0
03:30:00,501202003,9,0,31,1,0
03:30:00,501202013,1,0,15,1,0
03:30:00,501202023,7,1,8,1,0
03:30:00,501202024,2,1,13,1,0
03:30:00,501202034,12,0,4,1,0
03:30:00,501202035,9,0,21,1,0
03:30:00,501202036,16,0,22,1,0
03:30:00,501202040,4,0,41,1,0
03:30:00,501202043,4,0,21,1,0
03:30:00,501202044,0,0,0,2,0
03:30:00,501202047,2,0,20,1,0
03:30:00,501202050,5,1,10,1,0
03:30:00,501202055,11,0,4,1,0
03:30:00,501202058,8,3,7,1,0
03:30:00,501202065,4,0,10,1,0
03:30:00,501202068,1,0,17,1,0
03:30:00,501202070,6,2,10,1,0
03:30:00,501202078,7,0,18,1,0
03:30:00,501202080,6,0,20,1,0
03:30:00,501202081,19,0,4,1,0
03:30:00,501202082,7,0,16,1,0
03:30:00,501202083,6,0,18,1,0
03:30:00,501202084,13,0,11,1,0
03:30:00,501202085,12,1,23,1,0
03:30:00,501202088,6,2,24,1,0
03:30:00,501202089,4,0,24,1,0
03:30:00,501202096,7,1,8,1,0
03:30:00,501203001,0,0,20,1,0
03:30:00,501203002,2,0,19,1,0
03:30:00,501203003,4,1,90,1,0
03:30:00,501203005,6,1,14,1,0
03:30:00,501203006,2,0,13,1,0
03:30:00,501203007,9,0,6,1,0
03:30:00,501203008,14,1,1,1,0
03:30:00,501203010,25,1,8,1,0
03:30:00,501203011,21,7,17,1,0
03:30:00,501203012,5,1,11,1,0
03:30:00,501203013,7,3,17,1,0
03:30:00,501203015,9,2,3,1,0
03:30:00,501203020,15,1,5,1,0
03:30:00,501203022,1,1,18,1,0
03:30:00,501203023,4,0,14,1,0
03:30:00,501203028,13,0,12,1,0
03:30:00,501203040,1,1,23,1,0
03:30:00,501203045,13,2,5,1,0
03:30:00,501203050,32,1,28,1,0
03:30:00,501203051,13,1,10,1,0
03:30:00,501203053,3,0,23,1,0
03:30:00,501203054,4,0,17,1,0
03:30:00,501203064,5,0,11,1,0
03:30:00,501203065,15,4,0,1,0
03:30:00,501203070,10,1,5,1,0
03:30:00,501203073,6,0,18,1,0
03:30:00,501203076,7,0,8,1,0
03:30:00,501203078,7,0,9,1,0
03:30:00,501203080,11,1,3,1,0
03:30:00,501203084,8,0,3,1,0
03:30:00,501203085,5,0,5,1,0
03:30:00,501203088,7,0,7,1,0
03:30:00,501203089,7,3,5,1,0
03:30:00,501203090,2,1,8,1,0
03:30:00,501203091,7,0,6,1,0
03:30:00,501203092,7,0,13,1,0
03:30:00,501203100,6,0,13,1,0
03:30:00,501203101,0,0,0,2,0
03:30:00,501203102,5,0,14,1,0
03:30:00,501203104,12,1,6,1,0
03:30:00,501203105,3,0,7,1,0
03:30:00,501203107,0,0,0,2,0
03:30:00,501203109,11,0,15,1,0
03:30:00,501203110,14,0,26,1,0
03:30:00,501203111,9,0,2,1,0
03:30:00,501203113,6,2,13,1,0
03:30:00,501203114,12,1,38,1,0
03:30:00,501203117,0,0,0,2,0
03:30:00,501203118,11,0,9,1,0
03:30:00,501203121,14,2,10,1,0
03:30:00,501203122,12,0,8,1,0
03:30:00,501203125,17,1,8,1,0
03:30:00,501203131,17,1,3,1,0
03:30:00,501203140,4,1,38,1,0
03:30:00,501203141,5,3,10,1,0
03:30:00,501203142,6,1,30,1,0
03:30:00,501203145,7,1,8,1,0
03:30:00,501203151,13,0,5,1,0
03:30:00,501203155,10,2,9,1,0
03:30:00,501203157,2,1,15,1,0
03:30:00,501203159,5,1,15,1,0
03:30:00,501203161,1,0,18,1,0
03:30:00,501203162,11,0,10,1,0
03:30:00,501203163,6,0,10,1,0
03:30:00,501204001,15,0,10,1,0
03:30:00,501204002,4,0,32,1,0
03:30:00,501204003,16,0,28,1,0
03:30:00,501204004,4,0,10,1,0
03:30:00,501204005,12,5,8,1,0
03:30:00,501204007,6,0,30,1,0
03:30:00,501204008,4,0,11,1,0
03:30:00,501204009,0,0,0,2,0
03:30:00,501204010,0,0,0,2,0
03:30:00,501204011,5,2,10,1,0
03:30:00,501204012,7,1,7,1,0
03:30:00,501204013,5,0,8,1,0
03:30:00,501204014,7,0,9,1,0
03:30:00,501204015,12,0,3,1,0
03:30:00,501204016,5,0,15,1,0
03:30:00,501204017,5,0,10,1,0
03:30:00,501204018,8,0,16,1,0
03:30:00,501204020,9,0,11,1,0
03:30:00,501204021,5,0,15,1,0
03:30:00,501204022,8,0,8,1,0
03:30:00,501204023,14,1,1,1,0
03:30:00,501204024,0,0,0,2,0
03:30:00,501204025,12,0,8,1,0
03:30:00,501205001,5,1,12,1,0
03:30:00,501205003,7,0,12,1,0
03:30:00,501205004,7,2,9,1,0
03:30:00,501205005,8,0,14,1,0
03:30:00,501205006,20,0,0,1,0
03:30:00,501205007,8,0,4,1,0
03:30:00,501205008,3,1,23,1,0
03:30:00,501205009,17,0,28,1,0
03:30:00,501205010,3,0,10,1,0
03:30:00,501205011,4,0,28,1,0
03:30:00,501205012,4,0,16,1,0
03:30:00,501205013,5,1,16,1,0
03:30:00,501205014,20,7,3,1,0
03:30:00,501205015,5,1,13,1,0
03:30:00,501205018,2,0,16,1,0
03:30:00,501205019,1,0,27,1,0
03:30:00,501205020,7,1,23,1,0
03:30:00,501205021,11,0,4,1,0
03:30:00,501205022,9,1,6,1,0
03:30:00,501205023,9,0,6,1,0
03:30:00,501205025,16,0,12,1,0
03:30:00,501205026,7,0,12,1,0
03:30:00,501205027,6,0,4,1,0
03:30:00,501205028,6,2,8,1,0
03:30:00,501205029,5,1,5,1,0
03:30:00,501205030,1,0,9,1,0
03:30:00,501205033,5,0,10,1,0
03:30:00,501205034,4,1,24,1,0
03:30:00,501205035,8,1,8,1,0
03:30:00,501205036,6,1,9,1,0
03:30:00,501205037,8,0,7,1,0
03:30:00,501205038,9,2,11,1,0
03:30:00,501205039,7,0,13,1,0
03:30:00,501205040,16,0,9,1,0
03:30:00,501205041,11,2,6,1,0
03:30:00,501205042,4,1,25,1,0
03:30:00,501208011,19,1,18,1,0
03:30:00,501208013,28,2,25,1,0
03:30:00,501208014,10,0,28,1,0
03:30:00,501208015,6,0,9,1,0
03:30:00,501208018,14,1,1,1,0
03:30:00,501208021,2,0,15,1,0
03:30:00,501208027,3,0,27,1,0
03:30:00,501208029,13,1,8,1,0
03:30:00,501208030,14,0,24,1,0
03:30:00,501208032,9,0,19,1,0
03:30:00,501208040,5,1,14,1,0
03:30:00,501208041,2,0,13,1,0
03:30:00,501208045,6,0,26,1,0
03:30:00,501208051,9,1,27,1,0
03:30:00,501208053,20,0,1,1,0
03:30:00,501208054,2,0,26,1,0
03:30:00,501208059,5,0,24,1,0
03:30:00,501208064,1,0,19,1,0
03:30:00,501208077,8,1,2,1,0
03:30:00,501208079,1,0,21,1,0
03:30:00,501208082,3,0,6,1,0
03:30:00,501208085,13,0,2,1,0
03:30:00,501208087,21,0,10,1,0
03:30:00,501208089,18,0,7,1,0
03:30:00,501208091,2,1,41,1,0
03:30:00,501208111,7,1,7,1,0
03:30:00,501208113,3,0,17,1,0
03:30:00,501208114,8,0,12,1,0
03:30:00,501208129,2,0,20,1,0
03:30:00,501208130,8,0,5,1,0
03:30:00,501209002,12,1,8,1,0
03:30:00,501209003,10,0,3,1,0
03:30:00,501209004,5,1,10,1,0
03:30:00,501209005,2,0,16,1,0
03:30:00,501209006,11,3,8,1,0
03:30:00,501209007,12,1,2,1,0
03:30:00,501209009,0,0,0,2,0
03:30:00,501209010,10,2,3,1,0
03:30:00,501209011,2,2,23,1,0
03:30:00,501209014,6,2,6,1,0
03:30:00,501209015,11,1,4,1,0
03:30:00,501209016,12,0,16,1,0
03:30:00,501209017,6,1,6,1,0
03:30:00,501209018,9,0,8,1,0
03:30:00,501209019,7,0,16,1,0
03:30:00,501209020,3,1,29,1,0
03:30:00,501209021,8,3,6,1,0
03:30:00,501209022,4,0,6,1,0
03:30:00,501209023,31,1,12,1,0
03:30:00,501209024,15,3,27,1,0
03:30:00,501209025,4,1,11,1,0
03:30:00,501209026,19,1,7,1,0
03:30:00,501209027,6,0,12,1,0
03:30:00,501209028,8,1,20,1,0
03:30:00,501209030,10,0,8,1,0
03:30:00,501209031,4,0,26,1,0
03:30:00,501209032,2,0,26,1,0
03:30:00,501209033,4,1,16,1,0
03:30:00,501209034,8,1,7,1,0
03:30:00,501209035,1,0,27,1,0
03:30:00,501209036,10,2,21,1,0
03:30:00,501209037,14,1,21,1,0
03:30:00,501209038,11,1,5,1,0
03:30:00,501209039,6,0,24,1,0
03:30:00,501209040,4,0,27,1,0
03:30:00,501209042,6,1,13,1,0
03:30:00,501209043,16,1,9,1,0
03:30:00,501209044,10,3,5,1,0
03:30:00,501209045,1,0,14,1,0
03:30:00,501209046,8,1,14,1,0
03:30:00,501209047,8,1,6,1,0
03:30:00,501209049,1,0,19,1,0
03:30:00,501209050,10,1,3,1,0
03:30:00,501209051,4,2,20,1,0
03:30:00,501209052,3,2,19,1,0
03:30:00,501209053,4,1,16,1,0
03:30:00,501209054,6,0,21,1,0
03:30:00,501209056,10,0,5,1,0
03:30:00,501209058,8,1,8,1,0
03:30:00,501209059,1,0,14,1,0
03:30:00,501209060,7,0,13,1,0
03:30:00,501209062,8,1,7,1,0
03:30:00,501209064,10,1,5,1,0
03:30:00,501209065,1,0,14,1,0
03:30:00,501209066,10,0,4,1,0
03:30:00,501209067,5,0,10,1,0
03:30:00,501209068,9,2,8,1,0
03:30:00,501209069,3,0,60,1,0
03:30:00,501209070,4,1,13,1,0
03:30:00,501209071,4,1,13,1,0
03:30:00,501209073,11,2,4,1,0
03:30:00,501209074,11,1,12,1,0
03:30:00,501209075,14,2,2,1,0
03:30:00,501209076,3,1,20,1,0
03:30:00,501209077,9,1,6,1,0
03:30:00,501209078,7,3,6,1,0
03:30:00,501209079,3,0,22,1,0
03:30:00,501209080,2,0,24,1,0
03:30:00,501209081,8,0,7,1,0
03:30:00,501209084,13,0,10,1,0
03:30:00,501209085,2,0,26,1,0
03:30:00,501209087,2,0,36,1,0
03:30:00,501209088,6,0,9,1,0
03:30:00,501209089,14,0,5,1,0
03:30:00,501209090,9,0,5,1,0
03:30:00,501209091,2,1,14,1,0
03:30:00,501209092,12,1,3,1,0
03:30:00,501209093,6,0,9,1,0
03:30:00,501209094,3,0,13,1,0
03:30:00,501209095,10,1,4,1,0
03:30:00,501209096,10,3,5,1,0
03:30:00,501209097,1,1,14,1,0
03:30:00,501209098,7,0,8,1,0
03:30:00,501209099,1,0,18,1,0
03:30:00,501209100,13,3,2,1,0
03:30:00,501209101,6,0,9,1,0
03:30:00,501209102,9,1,11,1,0
03:30:00,501209104,6,1,11,1,0
03:30:00,501209105,22,3,4,1,0
03:30:00,501209106,10,0,10,1,0
03:30:00,501211001,19,4,18,1,0
03:30:00,501211002,6,0,9,1,0
03:30:00,501211004,10,2,5,1,0
03:30:00,501211005,5,1,14,1,0
03:30:00,501211006,12,2,4,1,0
03:30:00,501211007,14,0,5,1,0
03:30:00,501211009,5,0,13,1,0
03:30:00,501211011,20,6,10,1,0
03:30:00,501211012,6,2,12,1,0
03:40:00,501201001,0,0,0,2,0
03:40:00,501201002,6,0,33,1,0
03:40:00,501201003,4,0,19,1,0
03:40:00,501201004,6,1,9,1,0
03:40:00,501201005,5,0,14,1,0
03:40:00,501201006,12,2,16,1,0
03:40:00,501201007,2,2,17,1,0
03:40:00,501201008,5,0,20,1,0
03:40:00,501201010,3,1,7,1,0
03:40:00,501201011,4,1,18,1,0
03:40:00,501201012,13,1,25,1,0
03:40:00,501201013,8,0,13,1,0
03:40:00,501201014,10,0,9,1,0
03:40:00,501201015,16,1,9,1,0
03:40:00,501201016,7,0,17,1,0
03:40:00,501201017,13,0,13,1,0
03:40:00,501201018,5,0,18,1,0
03:40:00,501201019,6,1,22,1,0
03:40:00,501201020,2,0,22,1,0
03:40:00,501201021,8,0,6,1,0
03:40:00,501201022,7,0,9,1,0
03:40:00,501201023,4,0,24,1,0
03:40:00,501201024,2,0,22,1,0
03:40:00,501201025,7,1,17,1,0
03:40:00,501201026,4,1,15,1,0
03:40:00,501201028,12,0,7,1,0
03:40:00,501201029,7,1,6,1,0
03:40:00,501201030,3,0,12,1,0
03:40:00,501201031,5,1,12,1,0
03:40:00,501202001,10,0,4,1,0
03:40:00,501202003,9,0,31,1,0
03:40:00,501202013,1,0,15,1,0
03:40:00,501202023,7,1,8,1,0
03:40:00,501202024,2,1,13,1,0
03:40:00,501202034,12,0,4,1,0
03:40:00,501202035,9,0,21,1,0
03:40:00,501202036,16,0,22,1,0
03:40:00,501202040,4,0,41,1,0
03:40:00,501202043,4,0,21,1,0
03:40:00,501202044,0,0,0,2,0
03:40:00,501202047,2,0,20,1,0
03:40:00,501202050,5,1,10,1,0
03:40:00,501202055,11,0,4,1,0
03:40:00,501202058,8,3,7,1,0
03:40:00,501202065,4,0,10,1,0
03:40:00,501202068,1,0,17,1,0
03:40:00,501202070,6,2,10,1,0
03:40:00,501202078,7,0,18,1,0
03:40:00,501202080,6,0,20,1,0
03:40:00,501202081,19,0,4,1,0
03:40:00,501202082,7,0,16,1,0
03:40:00,501202083,6,0,18,1,0
03:40:00,501202084,13,0,11,1,0
03:40:00,501202085,6,1,29,1,0
03:40:00,501202088,6,2,24,1,0
03:40:00,501202089,4,0,24,1,0
03:40:00,501202096,7,1,8,1,0
03:40:00,501203001,0,0,20,1,0
03:40:00,501203002,2,0,19,1,0
03:40:00,501203003,4,1,90,1,0
03:40:00,501203005,6,1,14,1,0
03:40:00,501203006,2,0,13,1,0
03:40:00,501203007,9,0,6,1,0
03:40:00,501203008,14,1,1,1,0
03:40:00,501203010,25,1,8,1,0
03:40:00,501203011,21,7,17,1,0
03:40:00,501203012,5,1,11,1,0
03:40:00,501203013,7,3,17,1,0
03:40:00,501203015,9,2,3,1,0
03:40:00,501203020,15,1,5,1,0
03:40:00,501203022,1,1,18,1,0
03:40:00,501203023,4,0,14,1,0
03:40:00,501203028,13,0,12,1,0
03:40:00,501203040,1,1,23,1,0
03:40:00,501203045,13,2,5,1,0
03:40:00,501203050,32,1,28,1,0
03:40:00,501203051,13,1,10,1,0
03:40:00,501203053,2,0,24,1,0
03:40:00,501203054,5,1,16,1,0
03:40:00,501203064,5,0,11,1,0
03:40:00,501203065,15,4,0,1,0
03:40:00,501203070,10,1,5,1,0
03:40:00,501203073,6,0,18,1,0
03:40:00,501203076,7,0,8,1,0
03:40:00,501203078,7,0,9,1,0
03:40:00,501203080,12,1,2,1,0
03:40:00,501203084,8,0,3,1,0
03:40:00,501203085,5,0,5,1,0
03:40:00,501203088,7,0,7,1,0
03:40:00,501203089,7,3,5,1,0
03:40:00,501203090,2,1,8,1,0
03:40:00,501203091,7,0,6,1,0
03:40:00,501203092,7,0,13,1,0
03:40:00,501203100,6,0,13,1,0
03:40:00,501203101,0,0,0,2,0
03:40:00,501203102,5,0,14,1,0
03:40:00,501203104,12,1,6,1,0
03:40:00,501203105,3,0,7,1,0
03:40:00,501203107,0,0,0,2,0
03:40:00,501203109,11,0,15,1,0
03:40:00,501203110,14,0,26,1,0
03:40:00,501203111,9,0,2,1,0
03:40:00,501203113,6,2,13,1,0
03:40:00,501203114,12,1,38,1,0
03:40:00,501203117,0,0,0,2,0
03:40:00,501203118,11,0,9,1,0
03:40:00,501203121,14,2,10,1,0
03:40:00,501203122,12,0,8,1,0
03:40:00,501203125,17,1,8,1,0
03:40:00,501203131,17,1,3,1,0
03:40:00,501203140,4,1,38,1,0
03:40:00,501203141,5,3,10,1,0
03:40:00,501203142,6,1,30,1,0
03:40:00,501203145,7,1,8,1,0
03:40:00,501203151,13,0,5,1,0
03:40:00,501203155,10,2,9,1,0
03:40:00,501203157,2,1,15,1,0
03:40:00,501203159,5,1,15,1,0
03:40:00,501203161,1,0,18,1,0
03:40:00,501203162,11,0,10,1,0
03:40:00,501203163,6,0,10,1,0
03:40:00,501204001,15,0,10,1,0
03:40:00,501204002,5,0,31,1,0
03:40:00,501204003,16,0,28,1,0
03:40:00,501204004,4,0,10,1,0
03:40:00,501204005,12,5,8,1,0
03:40:00,501204007,6,0,30,1,0
03:40:00,501204008,4,0,11,1,0
03:40:00,501204009,0,0,0,2,0
03:40:00,501204010,0,0,0,2,0
03:40:00,501204011,5,2,10,1,0
03:40:00,501204012,7,1,7,1,0
03:40:00,501204013,5,0,8,1,0
03:40:00,501204014,7,0,9,1,0
03:40:00,501204015,12,0,3,1,0
03:40:00,501204016,5,0,15,1,0
03:40:00,501204017,5,0,10,1,0
03:40:00,501204018,8,0,16,1,0
03:40:00,501204020,9,0,11,1,0
03:40:00,501204021,5,0,15,1,0
03:40:00,501204022,8,0,8,1,0
03:40:00,501204023,14,1,1,1,0
03:40:00,501204024,0,0,0,2,0
03:40:00,501204025,12,0,8,1,0
03:40:00,501205001,5,1,12,1,0
03:40:00,501205003,7,0,12,1,0
03:40:00,501205004,7,2,9,1,0
03:40:00,501205005,8,0,14,1,0
03:40:00,501205006,20,0,0,1,0
03:40:00,501205007,8,0,4,1,0
03:40:00,501205008,3,1,23,1,0
03:40:00,501205009,17,0,28,1,0
03:40:00,501205010,3,0,10,1,0
03:40:00,501205011,4,0,28,1,0
03:40:00,501205012,4,0,16,1,0
03:40:00,501205013,5,1,16,1,0
03:40:00,501205014,20,7,3,1,0
03:40:00,501205015,5,1,13,1,0
03:40:00,501205018,2,0,16,1,0
03:40:00,501205019,1,0,27,1,0
03:40:00,501205020,7,1,23,1,0
03:40:00,501205021,11,0,4,1,0
03:40:00,501205022,9,1,6,1,0
03:40:00,501205023,9,0,6,1,0
03:40:00,501205025,16,0,12,1,0
03:40:00,501205026,7,0,12,1,0
03:40:00,501205027,6,0,4,1,0
03:40:00,501205028,6,2,8,1,0
03:40:00,501205029,5,1,5,1,0
03:40:00,501205030,1,0,9,1,0
03:40:00,501205033,5,0,10,1,0
03:40:00,501205034,4,1,24,1,0
03:40:00,501205035,8,1,8,1,0
03:40:00,501205036,6,1,9,1,0
03:40:00,501205037,8,0,7,1,0
03:40:00,501205038,9,2,11,1,0
03:40:00,501205039,7,0,13,1,0
03:40:00,501205040,16,0,9,1,0
03:40:00,501205041,11,2,6,1,0
03:40:00,501205042,4,1,25,1,0
03:40:00,501208011,19,1,18,1,0
03:40:00,501208013,28,2,25,1,0
03:40:00,501208014,10,0,28,1,0
03:40:00,501208015,6,0,9,1,0
03:40:00,501208018,14,1,1,1,0
03:40:00,501208021,2,0,15,1,0
03:40:00,501208027,3,0,27,1,0
03:40:00,501208029,13,1,8,1,0
03:40:00,501208030,14,0,24,1,0
03:40:00,501208032,9,0,19,1,0
03:40:00,501208040,5,1,14,1,0
03:40:00,501208041,2,0,13,1,0
03:40:00,501208045,6,0,26,1,0
03:40:00,501208051,9,1,27,1,0
03:40:00,501208053,19,0,2,1,0
03:40:00,501208054,2,0,26,1,0
03:40:00,501208059,5,0,24,1,0
03:40:00,501208064,0,0,20,1,0
03:40:00,501208077,10,1,0,1,0
03:40:00,501208079,1,0,21,1,0
03:40:00,501208082,3,0,6,1,0
03:40:00,501208085,13,0,2,1,0
03:40:00,501208087,21,0,10,1,0
03:40:00,501208089,18,0,7,1,0
03:40:00,501208091,2,1,41,1,0
03:40:00,501208111,7,1,7,1,0
03:40:00,501208113,3,0,17,1,0
03:40:00,501208114,8,0,12,1,0
03:40:00,501208129,2,0,20,1,0
03:40:00,501208130,8,0,5,1,0
03:40:00,501209002,12,1,8,1,0
03:40:00,501209003,10,0,3,1,0
03:40:00,501209004,5,1,10,1,0
03:40:00,501209005,3,0,15,1,0
03:40:00,501209006,11,3,8,1,0
03:40:00,501209007,12,1,2,1,0
03:40:00,501209009,0,0,0,2,0
03:40:00,501209010,10,2,3,1,0
03:40:00,501209011,2,2,23,1,0
03:40:00,501209014,6,2,6,1,0
03:40:00,501209015,11,1,4,1,0
03:40:00,501209016,12,0,16,1,0
03:40:00,501209017,6,1,6,1,0
03:40:00,501209018,9,0,8,1,0
03:40:00,501209019,7,0,16,1,0
03:40:00,501209020,3,1,29,1,0
03:40:00,501209021,8,3,6,1,0
03:40:00,501209022,4,0,6,1,0
03:40:00,501209023,31,1,12,1,0
03:40:00,501209024,15,3,27,1,0
03:40:00,501209025,4,1,11,1,0
03:40:00,501209026,19,1,7,1,0
03:40:00,501209027,6,0,12,1,0
03:40:00,501209028,8,1,20,1,0
03:40:00,501209030,10,0,8,1,0
03:40:00,501209031,4,0,26,1,0
03:40:00,501209032,2,0,26,1,0
03:40:00,501209033,4,1,16,1,0
03:40:00,501209034,8,1,7,1,0
03:40:00,501209035,1,0,27,1,0
03:40:00,501209036,10,2,21,1,0
03:40:00,501209037,14,1,21,1,0
03:40:00,501209038,11,1,5,1,0
03:40:00,501209039,6,0,24,1,0
03:40:00,501209040,4,0,27,1,0
03:40:00,501209042,6,1,13,1,0
03:40:00,501209043,16,1,9,1,0
03:40:00,501209044,10,3,5,1,0
03:40:00,501209045,1,0,14,1,0
03:40:00,501209046,8,1,14,1,0
03:40:00,501209047,8,1,6,1,0
03:40:00,501209049,1,0,19,1,0
03:40:00,501209050,10,1,3,1,0
03:40:00,501209051,4,2,20,1,0
03:40:00,501209052,3,2,19,1,0
03:40:00,501209053,4,1,16,1,0
03:40:00,501209054,6,0,21,1,0
03:40:00,501209056,10,0,5,1,0
03:40:00,501209058,8,1,8,1,0
03:40:00,501209059,1,0,14,1,0
03:40:00,501209060,7,0,13,1,0
03:40:00,501209062,8,1,7,1,0
03:40:00,501209064,10,1,5,1,0
03:40:00,501209065,1,0,14,1,0
03:40:00,501209066,10,0,4,1,0
03:40:00,501209067,5,0,10,1,0
03:40:00,501209068,9,2,8,1,0
03:40:00,501209069,3,0,60,1,0
03:40:00,501209070,4,1,13,1,0
03:40:00,501209071,4,1,13,1,0
03:40:00,501209073,11,2,4,1,0
03:40:00,501209074,11,1,12,1,0
03:40:00,501209075,14,2,2,1,0
03:40:00,501209076,3,1,20,1,0
03:40:00,501209077,9,1,6,1,0
03:40:00,501209078,7,3,6,1,0
03:40:00,501209079,3,0,22,1,0
03:40:00,501209080,2,0,24,1,0
03:40:00,501209081,8,0,7,1,0
03:40:00,501209084,13,0,10,1,0
03:40:00,501209085,2,0,26,1,0
03:40:00,501209087,2,0,36,1,0
03:40:00,501209088,6,0,9,1,0
03:40:00,501209089,12,0,7,1,0
03:40:00,501209090,9,0,5,1,0
03:40:00,501209091,2,1,14,1,0
03:40:00,501209092,12,1,3,1,0
03:40:00,501209093,6,0,9,1,0
03:40:00,501209094,3,0,13,1,0
03:40:00,501209095,10,1,4,1,0
03:40:00,501209096,10,3,5,1,0
03:40:00,501209097,1,1,14,1,0
03:40:00,501209098,7,0,8,1,0
03:40:00,501209099,1,0,18,1,0
03:40:00,501209100,13,3,2,1,0
03:40:00,501209101,6,0,9,1,0
03:40:00,501209102,9,1,11,1,0
03:40:00,501209104,6,1,11,1,0
03:40:00,501209105,22,3,4,1,0
03:40:00,501209106,10,0,10,1,0
03:40:00,501211001,19,4,18,1,0
03:40:00,501211002,6,0,9,1,0
03:40:00,501211004,10,2,5,1,0
03:40:00,501211005,5,1,14,1,0
03:40:00,501211006,12,2,4,1,0
03:40:00,501211007,14,0,5,1,0
03:40:00,501211009,5,0,13,1,0
03:40:00,501211011,20,6,10,1,0
03:40:00,501211012,6,2,12,1,0
03:50:01,501201001,0,0,0,2,0
03:50:01,501201002,6,0,33,1,0
03:50:01,501201003,4,0,19,1,0
03:50:01,501201004,6,1,9,1,0
03:50:01,501201005,5,0,14,1,0
03:50:01,501201006,12,2,16,1,0
03:50:01,501201007,2,2,17,1,0
03:50:01,501201008,6,1,19,1,0
03:50:01,501201010,3,1,7,1,0
03:50:01,501201011,4,1,18,1,0
03:50:01,501201012,12,0,26,1,0
03:50:01,501201013,8,0,13,1,0
03:50:01,501201014,10,0,9,1,0
03:50:01,501201015,16,1,9,1,0
03:50:01,501201016,8,0,16,1,0
03:50:01,501201017,13,0,13,1,0
03:50:01,501201018,5,0,18,1,0
03:50:01,501201019,6,1,22,1,0
03:50:01,501201020,2,0,22,1,0
03:50:01,501201021,8,0,6,1,0
03:50:01,501201022,7,0,9,1,0
03:50:01,501201023,4,0,24,1,0
03:50:01,501201024,2,0,22,1,0
03:50:01,501201025,7,1,17,1,0
03:50:01,501201026,4,1,15,1,0
03:50:01,501201028,12,0,7,1,0
03:50:01,501201029,7,1,6,1,0
03:50:01,501201030,3,0,12,1,0
03:50:01,501201031,5,1,12,1,0
03:50:01,501202001,10,0,4,1,0
03:50:01,501202003,9,0,31,1,0
03:50:01,501202013,1,0,15,1,0
03:50:01,501202023,6,1,9,1,0
03:50:01,501202024,2,1,13,1,0
03:50:01,501202034,12,0,4,1,0
03:50:01,501202035,9,0,21,1,0
03:50:01,501202036,16,0,22,1,0
03:50:01,501202040,4,0,41,1,0
03:50:01,501202043,4,0,21,1,0
03:50:01,501202044,0,0,0,2,0
03:50:01,501202047,2,0,20,1,0
03:50:01,501202050,5,1,10,1,0
03:50:01,501202055,11,0,4,1,0
03:50:01,501202058,8,3,7,1,0
03:50:01,501202065,4,0,10,1,0
03:50:01,501202068,1,0,17,1,0
03:50:01,501202070,6,2,10,1,0
03:50:01,501202078,7,0,18,1,0
03:50:01,501202080,6,0,20,1,0
03:50:01,501202081,19,0,4,1,0
03:50:01,501202082,7,0,16,1,0
03:50:01,501202083,6,0,18,1,0
03:50:01,501202084,13,0,11,1,0
03:50:01,501202085,6,1,29,1,0
03:50:01,501202088,6,2,24,1,0
03:50:01,501202089,4,0,24,1,0
03:50:01,501202096,7,1,8,1,0
03:50:01,501203001,0,0,20,1,0
03:50:01,501203002,2,0,19,1,0
03:50:01,501203003,4,1,90,1,0
03:50:01,501203005,6,1,14,1,0
03:50:01,501203006,2,0,13,1,0
03:50:01,501203007,9,0,6,1,0
03:50:01,501203008,14,1,1,1,0
03:50:01,501203010,25,1,8,1,0
03:50:01,501203011,21,7,17,1,0
03:50:01,501203012,5,1,11,1,0
03:50:01,501203013,7,3,17,1,0
03:50:01,501203015,9,2,3,1,0
03:50:01,501203020,15,1,5,1,0
03:50:01,501203022,1,1,18,1,0
03:50:01,501203023,4,0,14,1,0
03:50:01,501203028,13,0,12,1,0
03:50:01,501203040,1,1,23,1,0
03:50:01,501203045,13,2,5,1,0
03:50:01,501203050,32,1,28,1,0
03:50:01,501203051,13,1,10,1,0
03:50:01,501203053,2,0,24,1,0
03:50:01,501203054,5,1,16,1,0
03:50:01,501203064,5,0,11,1,0
03:50:01,501203065,15,4,0,1,0
03:50:01,501203070,10,1,5,1,0
03:50:01,501203073,6,0,18,1,0
03:50:01,501203076,7,0,8,1,0
03:50:01,501203078,7,0,9,1,0
03:50:01,501203080,12,1,2,1,0
03:50:01,501203084,8,0,3,1,0
03:50:01,501203085,5,0,5,1,0
03:50:01,501203088,7,0,7,1,0
03:50:01,501203089,7,3,5,1,0
03:50:01,501203090,2,1,8,1,0
03:50:01,501203091,7,0,6,1,0
03:50:01,501203092,7,0,13,1,0
03:50:01,501203100,6,0,13,1,0
03:50:01,501203101,0,0,0,2,0
03:50:01,501203102,5,0,14,1,0
03:50:01,501203104,12,1,6,1,0
03:50:01,501203105,2,0,8,1,0
03:50:01,501203107,0,0,0,2,0
03:50:01,501203109,10,0,16,1,0
03:50:01,501203110,14,0,26,1,0
03:50:01,501203111,9,0,2,1,0
03:50:01,501203113,6,2,13,1,0
03:50:01,501203114,12,1,38,1,0
03:50:01,501203117,0,0,0,2,0
03:50:01,501203118,12,1,8,1,0
03:50:01,501203121,14,2,10,1,0
03:50:01,501203122,12,0,8,1,0
03:50:01,501203125,17,1,8,1,0
03:50:01,501203131,17,1,3,1,0
03:50:01,501203140,4,1,38,1,0
03:50:01,501203141,5,3,10,1,0
03:50:01,501203142,6,1,30,1,0
03:50:01,501203145,7,1,8,1,0
03:50:01,501203151,13,0,5,1,0
03:50:01,501203155,10,2,9,1,0
03:50:01,501203157,2,1,15,1,0
03:50:01,501203159,5,1,15,1,0
03:50:01,501203161,1,0,18,1,0
03:50:01,501203162,11,0,10,1,0
03:50:01,501203163,6,0,10,1,0
03:50:01,501204001,15,0,10,1,0
03:50:01,501204002,5,0,31,1,0
03:50:01,501204003,16,0,28,1,0
03:50:01,501204004,4,0,10,1,0
03:50:01,501204005,12,5,8,1,0
03:50:01,501204007,6,0,30,1,0
03:50:01,501204008,4,0,11,1,0
03:50:01,501204009,0,0,0,2,0
03:50:01,501204010,0,0,0,2,0
03:50:01,501204011,5,2,10,1,0
03:50:01,501204012,7,1,7,1,0
03:50:01,501204013,5,0,8,1,0
03:50:01,501204014,7,0,9,1,0
03:50:01,501204015,12,0,3,1,0
03:50:01,501204016,5,0,15,1,0
03:50:01,501204017,5,0,10,1,0
03:50:01,501204018,8,0,16,1,0
03:50:01,501204020,9,0,11,1,0
03:50:01,501204021,5,0,15,1,0
03:50:01,501204022,8,0,8,1,0
03:50:01,501204023,14,1,1,1,0
03:50:01,501204024,0,0,0,2,0
03:50:01,501204025,13,0,7,1,0
03:50:01,501205001,5,1,12,1,0
03:50:01,501205003,7,0,12,1,0
03:50:01,501205004,7,2,9,1,0
03:50:01,501205005,8,0,14,1,0
03:50:01,501205006,20,0,0,1,0
03:50:01,501205007,8,0,4,1,0
03:50:01,501205008,3,1,23,1,0
03:50:01,501205009,33,0,12,1,0
03:50:01,501205010,3,0,10,1,0
03:50:01,501205011,4,0,28,1,0
03:50:01,501205012,4,0,16,1,0
03:50:01,501205013,5,1,16,1,0
03:50:01,501205014,19,6,4,1,0
03:50:01,501205015,5,1,13,1,0
03:50:01,501205018,2,0,16,1,0
03:50:01,501205019,1,0,27,1,0
03:50:01,501205020,7,1,23,1,0
03:50:01,501205021,11,0,4,1,0
03:50:01,501205022,9,1,6,1,0
03:50:01,501205023,9,0,6,1,0
03:50:01,501205025,16,0,12,1,0
03:50:01,501205026,7,0,12,1,0
03:50:01,501205027,6,0,4,1,0
03:50:01,501205028,6,2,8,1,0
03:50:01,501205029,5,1,5,1,0
03:50:01,501205030,1,0,9,1,0
03:50:01,501205033,5,0,10,1,0
03:50:01,501205034,4,1,24,1,0
03:50:01,501205035,8,1,8,1,0
03:50:01,501205036,6,1,9,1,0
03:50:01,501205037,8,0,7,1,0
03:50:01,501205038,9,2,11,1,0
03:50:01,501205039,6,0,14,1,0
03:50:01,501205040,16,0,9,1,0
03:50:01,501205041,11,2,6,1,0
03:50:01,501205042,4,1,25,1,0
03:50:01,501208011,20,2,17,1,0
03:50:01,501208013,28,2,25,1,0
03:50:01,501208014,10,0,28,1,0
03:50:01,501208015,6,0,9,1,0
03:50:01,501208018,14,1,1,1,0
03:50:01,501208021,2,0,15,1,0
03:50:01,501208027,3,0,27,1,0
03:50:01,501208029,13,1,8,1,0
03:50:01,501208030,14,0,24,1,0
03:50:01,501208032,9,0,19,1,0
03:50:01,501208040,5,1,14,1,0
03:50:01,501208041,2,0,13,1,0
03:50:01,501208045,6,0,26,1,0
03:50:01,501208051,9,1,27,1,0
03:50:01,501208053,19,0,2,1,0
03:50:01,501208054,2,0,26,1,0
03:50:01,501208059,5,0,24,1,0
03:50:01,501208064,0,0,20,1,0
03:50:01,501208077,10,1,0,1,0
03:50:01,501208079,1,0,21,1,0
03:50:01,501208082,3,0,6,1,0
03:50:01,501208085,13,0,2,1,0
03:50:01,501208087,21,0,10,1,0
03:50:01,501208089,18,0,7,1,0
03:50:01,501208091,2,1,41,1,0
03:50:01,501208111,7,1,7,1,0
03:50:01,501208113,3,0,17,1,0
03:50:01,501208114,8,0,12,1,0
03:50:01,501208129,2,0,20,1,0
03:50:01,501208130,8,0,5,1,0
03:50:01,501209002,12,1,8,1,0
03:50:01,501209003,11,1,3,1,0
03:50:01,501209004,5,1,10,1,0
03:50:01,501209005,3,0,15,1,0
03:50:01,501209006,11,3,8,1,0
03:50:01,501209007,12,1,2,1,0
03:50:01,501209009,0,0,0,2,0
03:50:01,501209010,10,2,3,1,0
03:50:01,501209011,2,2,23,1,0
03:50:01,501209014,6,2,6,1,0
03:50:01,501209015,11,1,4,1,0
03:50:01,501209016,12,0,16,1,0
03:50:01,501209017,6,1,6,1,0
03:50:01,501209018,9,0,8,1,0
03:50:01,501209019,7,0,16,1,0
03:50:01,501209020,3,1,29,1,0
03:50:01,501209021,8,3,6,1,0
03:50:01,501209022,4,0,6,1,0
03:50:01,501209023,31,1,12,1,0
03:50:01,501209024,15,3,27,1,0
03:50:01,501209025,4,1,11,1,0
03:50:01,501209026,19,1,7,1,0
03:50:01,501209027,6,0,12,1,0
03:50:01,501209028,8,1,20,1,0
03:50:01,501209030,10,0,8,1,0
03:50:01,501209031,4,0,26,1,0
03:50:01,501209032,2,0,26,1,0
03:50:01,501209033,4,1,16,1,0
03:50:01,501209034,8,1,7,1,0
03:50:01,501209035,1,0,27,1,0
03:50:01,501209036,10,2,21,1,0
03:50:01,501209037,14,1,21,1,0
03:50:01,501209038,11,1,5,1,0
03:50:01,501209039,6,0,24,1,0
03:50:01,501209040,4,0,27,1,0
03:50:01,501209042,6,1,13,1,0
03:50:01,501209043,16,1,9,1,0
03:50:01,501209044,10,3,5,1,0
03:50:01,501209045,1,0,14,1,0
03:50:01,501209046,8,1,14,1,0
03:50:01,501209047,8,1,6,1,0
03:50:01,501209049,1,0,19,1,0
03:50:01,501209050,10,1,3,1,0
03:50:01,501209051,4,2,20,1,0
03:50:01,501209052,3,2,19,1,0
03:50:01,501209053,4,1,16,1,0
03:50:01,501209054,6,0,21,1,0
03:50:01,501209056,10,0,5,1,0
03:50:01,501209058,8,1,8,1,0
03:50:01,501209059,1,0,14,1,0
03:50:01,501209060,7,0,13,1,0
03:50:01,501209062,8,1,7,1,0
03:50:01,501209064,10,1,5,1,0
03:50:01,501209065,1,0,14,1,0
03:50:01,501209066,10,0,4,1,0
03:50:01,501209067,5,0,10,1,0
03:50:01,501209068,9,2,8,1,0
03:50:01,501209069,3,0,60,1,0
03:50:01,501209070,4,1,13,1,0
03:50:01,501209071,4,1,13,1,0
03:50:01,501209073,11,2,4,1,0
03:50:01,501209074,11,1,12,1,0
03:50:01,501209075,14,2,2,1,0
03:50:01,501209076,3,1,20,1,0
03:50:01,501209077,9,1,6,1,0
03:50:01,501209078,7,3,6,1,0
03:50:01,501209079,3,0,22,1,0
03:50:01,501209080,2,0,24,1,0
03:50:01,501209081,8,0,7,1,0
03:50:01,501209084,13,0,10,1,0
03:50:01,501209085,2,0,26,1,0
03:50:01,501209087,3,1,36,1,0
03:50:01,501209088,6,0,9,1,0
03:50:01,501209089,4,0,15,1,0
03:50:01,501209090,9,0,5,1,0
03:50:01,501209091,2,1,14,1,0
03:50:01,501209092,12,1,3,1,0
03:50:01,501209093,6,0,9,1,0
03:50:01,501209094,3,0,13,1,0
03:50:01,501209095,10,1,4,1,0
03:50:01,501209096,10,3,5,1,0
03:50:01,501209097,1,1,14,1,0
03:50:01,501209098,7,0,8,1,0
03:50:01,501209099,1,0,18,1,0
03:50:01,501209100,13,3,2,1,0
03:50:01,501209101,6,0,9,1,0
03:50:01,501209102,9,1,11,1,0
03:50:01,501209104,6,1,11,1,0
03:50:01,501209105,22,3,4,1,0
03:50:01,501209106,10,0,10,1,0
03:50:01,501211001,19,4,18,1,0
03:50:01,501211002,6,0,9,1,0
03:50:01,501211004,10,2,5,1,0
03:50:01,501211005,5,1,14,1,0
03:50:01,501211006,12,2,4,1,0
03:50:01,501211007,14,0,5,1,0
03:50:01,501211009,5,0,13,1,0
03:50:01,501211011,20,6,10,1,0
03:50:01,501211012,6,2,12,1,0
04:00:00,501201001,0,0,0,2,0
04:00:00,501201002,6,0,33,1,0
04:00:00,501201003,4,0,19,1,0
04:00:00,501201004,6,1,9,1,0
04:00:00,501201005,5,0,14,1,0
04:00:00,501201006,11,2,17,1,0
04:00:00,501201007,2,2,17,1,0
04:00:00,501201008,6,1,19,1,0
04:00:00,501201010,3,1,7,1,0
04:00:00,501201011,4,1,18,1,0
04:00:00,501201012,12,0,26,1,0
04:00:00,501201013,8,0,13,1,0
04:00:00,501201014,10,0,9,1,0
04:00:00,501201015,16,1,9,1,0
04:00:00,501201016,8,0,16,1,0
04:00:00,501201017,13,0,13,1,0
04:00:00,501201018,5,0,18,1,0
04:00:00,501201019,6,1,22,1,0
04:00:00,501201020,2,0,22,1,0
04:00:00,501201021,8,0,6,1,0
04:00:00,501201022,7,0,9,1,0
04:00:00,501201023,4,0,24,1,0
04:00:00,501201024,2,0,22,1,0
04:00:00,501201025,8,1,16,1,0
04:00:00,501201026,4,1,15,1,0
04:00:00,501201028,12,0,7,1,0
04:00:00,501201029,7,1,6,1,0
04:00:00,501201030,3,0,12,1,0
04:00:00,501201031,5,1,12,1,0
04:00:00,501202001,10,0,4,1,0
04:00:00,501202003,9,0,31,1,0
04:00:00,501202013,1,0,15,1,0
04:00:00,501202023,6,1,9,1,0
04:00:00,501202024,2,1,13,1,0
04:00:00,501202034,12,0,4,1,0
04:00:00,501202035,9,0,21,1,0
04:00:00,501202036,16,0,22,1,0
04:00:00,501202040,4,0,41,1,0
04:00:00,501202043,4,0,21,1,0
04:00:00,501202044,0,0,0,2,0
04:00:00,501202047,3,0,19,1,0
04:00:00,501202050,5,1,10,1,0
04:00:00,501202055,11,0,4,1,0
04:00:00,501202058,8,3,7,1,0
04:00:00,501202065,4,0,10,1,0
04:00:00,501202068,1,0,17,1,0
04:00:00,501202070,6,2,10,1,0
04:00:00,501202078,7,0,18,1,0
04:00:00,501202080,6,0,20,1,0
04:00:00,501202081,19,0,4,1,0
04:00:00,501202082,7,0,16,1,0
04:00:00,501202083,6,0,18,1,0
04:00:00,501202084,13,0,11,1,0
04:00:00,501202085,6,1,29,1,0
04:00:00,501202088,6,2,24,1,0
04:00:00,501202089,4,0,24,1,0
04:00:00,501202096,7,1,8,1,0
04:00:00,501203001,0,0,20,1,0
04:00:00,501203002,2,0,19,1,0
04:00:00,501203003,4,1,90,1,0
04:00:00,501203005,6,1,14,1,0
04:00:00,501203006,2,0,13,1,0
04:00:00,501203007,9,0,6,1,0
04:00:00,501203008,14,1,1,1,0
04:00:00,501203010,25,1,8,1,0
04:00:00,501203011,21,7,17,1,0
04:00:00,501203012,5,1,11,1,0
04:00:00,501203013,7,3,17,1,0
04:00:00,501203015,9,2,3,1,0
04:00:00,501203020,15,1,5,1,0
04:00:00,501203022,1,1,18,1,0
04:00:00,501203023,4,0,14,1,0
04:00:00,501203028,13,0,12,1,0
04:00:00,501203040,1,1,23,1,0
04:00:00,501203045,13,2,5,1,0
04:00:00,501203050,32,1,28,1,0
04:00:00,501203051,13,1,10,1,0
04:00:00,501203053,2,0,24,1,0
04:00:00,501203054,5,1,16,1,0
04:00:00,501203064,4,0,12,1,0
04:00:00,501203065,15,4,0,1,0
04:00:00,501203070,10,1,5,1,0
04:00:00,501203073,6,0,18,1,0
04:00:00,501203076,8,0,7,1,0
04:00:00,501203078,7,0,9,1,0
04:00:00,501203080,12,1,2,1,0
04:00:00,501203084,8,0,3,1,0
04:00:00,501203085,5,0,5,1,0
04:00:00,501203088,7,0,7,1,0
04:00:00,501203089,7,3,5,1,0
04:00:00,501203090,2,1,8,1,0
04:00:00,501203091,7,0,6,1,0
04:00:00,501203092,7,0,13,1,0
04:00:00,501203100,6,0,13,1,0
04:00:00,501203101,0,0,0,2,0
04:00:00,501203102,5,0,14,1,0
04:00:00,501203104,12,1,6,1,0
04:00:00,501203105,3,0,7,1,0
04:00:00,501203107,0,0,0,2,0
04:00:00,501203109,10,0,16,1,0
04:00:00,501203110,14,0,26,1,0
04:00:00,501203111,9,0,2,1,0
04:00:00,501203113,6,2,13,1,0
04:00:00,501203114,12,1,38,1,0
04:00:00,501203117,0,0,0,2,0
04:00:00,501203118,12,1,8,1,0
04:00:00,501203121,14,2,10,1,0
04:00:00,501203122,12,0,8,1,0
04:00:00,501203125,17,1,8,1,0
04:00:00,501203131,17,1,3,1,0
04:00:00,501203140,4,1,38,1,0
04:00:00,501203141,5,3,10,1,0
04:00:00,501203142,6,1,30,1,0
04:00:00,501203145,7,1,8,1,0
04:00:00,501203151,13,0,5,1,0
04:00:00,501203155,10,2,9,1,0
04:00:00,501203157,2,1,15,1,0
04:00:00,501203159,5,1,15,1,0
04:00:00,501203161,1,0,18,1,0
04:00:00,501203162,11,0,10,1,0
04:00:00,501203163,6,0,10,1,0
04:00:00,501204001,15,0,10,1,0
04:00:00,501204002,5,0,31,1,0
04:00:00,501204003,16,0,28,1,0
04:00:00,501204004,4,0,10,1,0
04:00:00,501204005,12,5,8,1,0
04:00:00,501204007,6,0,30,1,0
04:00:00,501204008,4,0,11,1,0
04:00:00,501204009,0,0,0,2,0
04:00:00,501204010,0,0,0,2,0
04:00:00,501204011,5,2,10,1,0
04:00:00,501204012,7,1,7,1,0
04:00:00,501204013,5,0,8,1,0
04:00:00,501204014,7,0,9,1,0
04:00:00,501204015,12,0,3,1,0
04:00:00,501204016,5,0,15,1,0
04:00:00,501204017,5,0,10,1,0
04:00:00,501204018,8,0,16,1,0
04:00:00,501204020,9,0,11,1,0
04:00:00,501204021,5,0,15,1,0
04:00:00,501204022,8,0,8,1,0
04:00:00,501204023,14,1,1,1,0
04:00:00,501204024,0,0,0,2,0
04:00:00,501204025,13,0,7,1,0
04:00:00,501205001,5,1,12,1,0
04:00:00,501205003,7,0,12,1,0
04:00:00,501205004,7,2,9,1,0
04:00:00,501205005,8,0,14,1,0
04:00:00,501205006,16,0,4,1,0
04:00:00,501205007,8,0,4,1,0
04:00:00,501205008,3,1,23,1,0
04:00:00,501205009,33,0,12,1,0
04:00:00,501205010,3,0,10,1,0
04:00:00,501205011,4,0,28,1,0
04:00:00,501205012,4,0,16,1,0
04:00:00,501205013,5,1,16,1,0
04:00:00,501205014,19,6,4,1,0
04:00:00,501205015,5,1,13,1,0
04:00:00,501205018,2,0,16,1,0
04:00:00,501205019,1,0,27,1,0
04:00:00,501205020,7,1,23,1,0
04:00:00,501205021,11,0,4,1,0
04:00:00,501205022,9,1,6,1,0
04:00:00,501205023,9,0,6,1,0
04:00:00,501205025,16,0,12,1,0
04:00:00,501205026,7,0,12,1,0
04:00:00,501205027,6,0,4,1,0
04:00:00,501205028,6,2,8,1,0
04:00:00,501205029,5,1,5,1,0
04:00:00,501205030,1,0,9,1,0
04:00:00,501205033,5,0,10,1,0
04:00:00,501205034,4,1,24,1,0
04:00:00,501205035,8,1,8,1,0
04:00:00,501205036,6,1,9,1,0
04:00:00,501205037,8,0,7,1,0
04:00:00,501205038,9,2,11,1,0
04:00:00,501205039,6,0,14,1,0
04:00:00,501205040,16,0,9,1,0
04:00:00,501205041,11,2,6,1,0
04:00:00,501205042,4,1,25,1,0
04:00:00,501208011,19,1,18,1,0
04:00:00,501208013,28,2,25,1,0
04:00:00,501208014,10,0,28,1,0
04:00:00,501208015,6,0,9,1,0
04:00:00,501208018,14,1,1,1,0
04:00:00,501208021,2,0,15,1,0
04:00:00,501208027,3,0,27,1,0
04:00:00,501208029,13,1,8,1,0
04:00:00,501208030,14,0,24,1,0
04:00:00,501208032,9,0,19,1,0
04:00:00,501208040,5,1,14,1,0
04:00:00,501208041,2,0,13,1,0
04:00:00,501208045,6,0,26,1,0
04:00:00,501208051,9,1,27,1,0
04:00:00,501208053,19,0,2,1,0
04:00:00,501208054,2,0,26,1,0
04:00:00,501208059,5,0,24,1,0
04:00:00,501208064,0,0,20,1,0
04:00:00,501208077,10,1,0,1,0
04:00:00,501208079,1,0,21,1,0
04:00:00,501208082,3,0,6,1,0
04:00:00,501208085,13,0,2,1,0
04:00:00,501208087,21,0,10,1,0
04:00:00,501208089,18,0,7,1,0
04:00:00,501208091,2,1,41,1,0
04:00:00,501208111,7,1,7,1,0
04:00:00,501208113,3,0,17,1,0
04:00:00,501208114,8,0,12,1,0
04:00:00,501208129,2,0,20,1,0
04:00:00,501208130,8,0,5,1,0
04:00:00,501209002,12,1,8,1,0
04:00:00,501209003,11,1,3,1,0
04:00:00,501209004,5,1,10,1,0
04:00:00,501209005,3,0,15,1,0
04:00:00,501209006,11,3,8,1,0
04:00:00,501209007,12,1,2,1,0
04:00:00,501209009,0,0,0,2,0
04:00:00,501209010,10,2,3,1,0
04:00:00,501209011,2,2,23,1,0
04:00:00,501209014,6,2,6,1,0
04:00:00,501209015,11,1,4,1,0
04:00:00,501209016,12,0,16,1,0
04:00:00,501209017,6,1,6,1,0
04:00:00,501209018,9,0,8,1,0
04:00:00,501209019,7,0,16,1,0
04:00:00,501209020,3,1,29,1,0
04:00:00,501209021,8,3,6,1,0
04:00:00,501209022,4,0,6,1,0
04:00:00,501209023,31,1,12,1,0
04:00:00,501209024,15,3,27,1,0
04:00:00,501209025,4,1,11,1,0
04:00:00,501209026,19,1,7,1,0
04:00:00,501209027,6,0,12,1,0
04:00:00,501209028,8,1,20,1,0
04:00:00,501209030,10,0,8,1,0
04:00:00,501209031,4,0,26,1,0
04:00:00,501209032,2,0,26,1,0
04:00:00,501209033,4,1,16,1,0
04:00:00,501209034,8,1,7,1,0
04:00:00,501209035,11,0,17,1,0
04:00:00,501209036,10,2,21,1,0
04:00:00,501209037,14,1,21,1,0
04:00:00,501209038,11,1,5,1,0
04:00:00,501209039,6,0,24,1,0
04:00:00,501209040,5,1,26,1,0
04:00:00,501209042,6,1,13,1,0
04:00:00,501209043,16,1,9,1,0
04:00:00,501209044,10,3,5,1,0
04:00:00,501209045,1,0,14,1,0
04:00:00,501209046,8,1,14,1,0
04:00:00,501209047,8,1,6,1,0
04:00:00,501209049,1,0,19,1,0
04:00:00,501209050,10,1,3,1,0
04:00:00,501209051,4,2,20,1,0
04:00:00,501209052,3,2,19,1,0
04:00:00,501209053,4,1,16,1,0
04:00:00,501209054,6,0,21,1,0
04:00:00,501209056,10,0,5,1,0
04:00:00,501209058,8,1,8,1,0
04:00:00,501209059,1,0,14,1,0
04:00:00,501209060,7,0,13,1,0
04:00:00,501209062,8,1,7,1,0
04:00:00,501209064,10,1,5,1,0
04:00:00,501209065,1,0,14,1,0
04:00:00,501209066,10,0,4,1,0
04:00:00,501209067,5,0,10,1,0
04:00:00,501209068,9,2,8,1,0
04:00:00,501209069,3,0,60,1,0
04:00:00,501209070,4,1,13,1,0
04:00:00,501209071,4,1,13,1,0
04:00:00,501209073,11,2,4,1,0
04:00:00,501209074,11,1,12,1,0
04:00:00,501209075,14,2,2,1,0
04:00:00,501209076,3,1,20,1,0
04:00:00,501209077,9,1,6,1,0
04:00:00,501209078,7,3,6,1,0
04:00:00,501209079,3,0,22,1,0
04:00:00,501209080,2,0,24,1,0
04:00:00,501209081,8,0,7,1,0
04:00:00,501209084,13,0,10,1,0
04:00:00,501209085,2,0,26,1,0
04:00:00,501209087,3,1,36,1,0
04:00:00,501209088,6,0,9,1,0
04:00:00,501209089,4,0,15,1,0
04:00:00,501209090,9,0,5,1,0
04:00:00,501209091,2,1,14,1,0
04:00:00,501209092,12,1,3,1,0
04:00:00,501209093,6,0,9,1,0
04:00:00,501209094,3,0,13,1,0
04:00:00,501209095,10,1,4,1,0
04:00:00,501209096,10,3,5,1,0
04:00:00,501209097,1,1,14,1,0
04:00:00,501209098,7,0,8,1,0
04:00:00,501209099,1,0,18,1,0
04:00:00,501209100,13,3,2,1,0
04:00:00,501209101,6,0,9,1,0
04:00:00,501209102,9,1,11,1,0
04:00:00,501209104,6,1,11,1,0
04:00:00,501209105,22,3,4,1,0
04:00:00,501209106,10,0,10,1,0
04:00:00,501211001,19,4,18,1,0
04:00:00,501211002,6,0,9,1,0
04:00:00,501211004,10,2,5,1,0
04:00:00,501211005,5,1,14,1,0
04:00:00,501211006,12,2,4,1,0
04:00:00,501211007,14,0,5,1,0
04:00:00,501211009,5,0,13,1,0
04:00:00,501211011,20,6,10,1,0
04:00:00,501211012,6,2,12,1,0
04:10:00,501201001,0,0,0,2,0
04:10:00,501201002,6,0,33,1,0
04:10:00,501201003,4,0,19,1,0
04:10:00,501201004,6,1,9,1,0
04:10:00,501201005,5,0,14,1,0
04:10:00,501201006,11,2,17,1,0
04:10:00,501201007,2,2,17,1,0
04:10:00,501201008,6,1,19,1,0
04:10:00,501201010,3,1,7,1,0
04:10:00,501201011,4,1,18,1,0
04:10:00,501201012,12,0,26,1,0
04:10:00,501201013,8,0,13,1,0
04:10:00,501201014,10,0,9,1,0
04:10:00,501201015,14,0,11,1,0
04:10:00,501201016,8,0,16,1,0
04:10:00,501201017,13,0,13,1,0
04:10:00,501201018,5,0,18,1,0
04:10:00,501201019,6,1,22,1,0
04:10:00,501201020,2,0,22,1,0
04:10:00,501201021,8,0,6,1,0
04:10:00,501201022,7,0,9,1,0
04:10:00,501201023,4,0,24,1,0
04:10:00,501201024,2,0,22,1,0
04:10:00,501201025,8,1,16,1,0
04:10:00,501201026,4,1,15,1,0
04:10:00,501201028,12,0,7,1,0
04:10:00,501201029,6,0,7,1,0
04:10:00,501201030,2,0,13,1,0
04:10:00,501201031,5,1,12,1,0
04:10:00,501202001,10,0,4,1,0
04:10:00,501202003,9,0,31,1,0
04:10:00,501202013,1,0,15,1,0
04:10:00,501202023,6,1,9,1,0
04:10:00,501202024,2,1,13,1,0
04:10:00,501202034,12,0,4,1,0
04:10:00,501202035,9,0,21,1,0
04:10:00,501202036,16,0,22,1,0
04:10:00,501202040,4,0,41,1,0
04:10:00,501202043,4,0,21,1,0
04:10:00,501202044,0,0,0,2,0
04:10:00,501202047,3,0,19,1,0
04:10:00,501202050,5,1,10,1,0
04:10:00,501202055,11,0,4,1,0
04:10:00,501202058,8,3,7,1,0
04:10:00,501202065,4,0,10,1,0
04:10:00,501202068,1,0,17,1,0
04:10:00,501202070,6,2,10,1,0
04:10:00,501202078,7,0,18,1,0
04:10:00,501202080,6,0,20,1,0
04:10:00,501202081,19,0,4,1,0
04:10:00,501202082,7,0,16,1,0
04:10:00,501202083,6,0,18,1,0
04:10:00,501202084,13,0,11,1,0
04:10:00,501202085,6,1,29,1,0
04:10:00,501202088,6,2,24,1,0
04:10:00,501202089,4,0,24,1,0
04:10:00,501202096,7,1,8,1,0
04:10:00,501203001,0,0,20,1,0
04:10:00,501203002,1,0,20,1,0
04:10:00,501203003,4,1,90,1,0
04:10:00,501203005,6,1,14,1,0
04:10:00,501203006,2,0,13,1,0
04:10:00,501203007,9,0,6,1,0
04:10:00,501203008,14,1,1,1,0
04:10:00,501203010,25,1,8,1,0
04:10:00,501203011,21,7,17,1,0
04:10:00,501203012,5,1,11,1,0
04:10:00,501203013,7,3,17,1,0
04:10:00,501203015,9,2,3,1,0
04:10:00,501203020,15,1,5,1,0
04:10:00,501203022,1,1,18,1,0
04:10:00,501203023,4,0,14,1,0
04:10:00,501203028,13,0,12,1,0
04:10:00,501203040,1,1,23,1,0
04:10:00,501203045,13,2,5,1,0
04:10:00,501203050,32,1,28,1,0
04:10:00,501203051,13,1,10,1,0
04:10:00,501203053,2,0,24,1,0
04:10:00,501203054,5,1,16,1,0
04:10:00,501203064,4,0,12,1,0
04:10:00,501203065,15,4,0,1,0
04:10:00,501203070,10,1,5,1,0
04:10:00,501203073,6,0,18,1,0
04:10:00,501203076,8,0,7,1,0
04:10:00,501203078,7,0,9,1,0
04:10:00,501203080,12,1,2,1,0
04:10:00,501203084,8,0,3,1,0
04:10:00,501203085,5,0,5,1,0
04:10:00,501203088,7,0,7,1,0
04:10:00,501203089,7,3,5,1,0
04:10:00,501203090,2,1,8,1,0
04:10:00,501203091,7,0,6,1,0
04:10:00,501203092,7,0,13,1,0
04:10:00,501203100,7,1,12,1,0
04:10:00,501203101,0,0,0,2,0
04:10:00,501203102,5,0,14,1,0
04:10:00,501203104,12,1,6,1,0
04:10:00,501203105,3,0,7,1,0
04:10:00,501203107,0,0,0,2,0
04:10:00,501203109,10,0,16,1,0
04:10:00,501203110,14,0,26,1,0
04:10:00,501203111,9,0,2,1,0
04:10:00,501203113,6,2,13,1,0
04:10:00,501203114,12,1,38,1,0
04:10:00,501203117,0,0,0,2,0
04:10:00,501203118,11,0,9,1,0
04:10:00,501203121,14,2,10,1,0
04:10:00,501203122,12,0,8,1,0
04:10:00,501203125,17,1,8,1,0
04:10:00,501203131,17,1,3,1,0
04:10:00,501203140,4,1,38,1,0
04:10:00,501203141,5,3,10,1,0
04:10:00,501203142,6,1,30,1,0
04:10:00,501203145,7,1,8,1,0
04:10:00,501203151,15,0,3,1,0
04:10:00,501203155,10,2,9,1,0
04:10:00,501203157,2,1,15,1,0
04:10:00,501203159,5,1,15,1,0
04:10:00,501203161,1,0,18,1,0
04:10:00,501203162,11,0,10,1,0
04:10:00,501203163,6,0,10,1,0
04:10:00,501204001,15,0,10,1,0
04:10:00,501204002,5,0,31,1,0
04:10:00,501204003,16,0,28,1,0
04:10:00,501204004,4,0,10,1,0
04:10:00,501204005,12,5,8,1,0
04:10:00,501204007,6,0,30,1,0
04:10:00,501204008,4,0,11,1,0
04:10:00,501204009,0,0,0,2,0
04:10:00,501204010,0,0,0,2,0
04:10:00,501204011,5,2,10,1,0
04:10:00,501204012,7,1,7,1,0
04:10:00,501204013,5,0,8,1,0
04:10:00,501204014,7,0,9,1,0
04:10:00,501204015,12,0,3,1,0
04:10:00,501204016,5,0,15,1,0
04:10:00,501204017,5,0,10,1,0
04:10:00,501204018,8,0,16,1,0
04:10:00,501204020,9,0,11,1,0
04:10:00,501204021,5,0,15,1,0
04:10:00,501204022,8,0,8,1,0
04:10:00,501204023,10,1,5,1,0
04:10:00,501204024,0,0,0,2,0
04:10:00,501204025,13,0,7,1,0
04:10:00,501205001,5,1,12,1,0
04:10:00,501205003,7,0,12,1,0
04:10:00,501205004,7,2,9,1,0
04:10:00,501205005,8,0,14,1,0
04:10:00,501205006,16,0,4,1,0
04:10:00,501205007,8,0,4,1,0
04:10:00,501205008,3,1,23,1,0
04:10:00,501205009,33,0,12,1,0
04:10:00,501205010,3,0,10,1,0
04:10:00,501205011,4,0,28,1,0
04:10:00,501205012,4,0,16,1,0
04:10:00,501205013,5,1,16,1,0
04:10:00,501205014,19,6,4,1,0
04:10:00,501205015,5,1,13,1,0
04:10:00,501205018,2,0,16,1,0
04:10:00,501205019,1,0,27,1,0
04:10:00,501205020,7,1,23,1,0
04:10:00,501205021,11,0,4,1,0
04:10:00,501205022,9,1,6,1,0
04:10:00,501205023,9,0,6,1,0
04:10:00,501205025,16,0,12,1,0
04:10:00,501205026,7,0,12,1,0
04:10:00,501205027,6,0,4,1,0
04:10:00,501205028,6,2,8,1,0
04:10:00,501205029,5,1,5,1,0
04:10:00,501205030,1,0,9,1,0
04:10:00,501205033,5,0,10,1,0
04:10:00,501205034,4,1,24,1,0
04:10:00,501205035,8,1,8,1,0
04:10:00,501205036,6,1,9,1,0
04:10:00,501205037,8,0,7,1,0
04:10:00,501205038,5,2,15,1,0
04:10:00,501205039,6,0,14,1,0
04:10:00,501205040,16,0,9,1,0
04:10:00,501205041,12,3,5,1,0
04:10:00,501205042,4,1,25,1,0
04:10:00,501208011,19,1,18,1,0
04:10:00,501208013,28,2,25,1,0
04:10:00,501208014,10,0,28,1,0
04:10:00,501208015,6,0,9,1,0
04:10:00,501208018,14,1,1,1,0
04:10:00,501208021,2,0,15,1,0
04:10:00,501208027,3,0,27,1,0
04:10:00,501208029,13,1,8,1,0
04:10:00,501208030,14,0,24,1,0
04:10:00,501208032,9,0,19,1,0
04:10:00,501208040,5,1,14,1,0
04:10:00,501208041,2,0,13,1,0
04:10:00,501208045,6,0,26,1,0
04:10:00,501208051,9,1,27,1,0
04:10:00,501208053,19,0,2,1,0
04:10:00,501208054,2,0,26,1,0
04:10:00,501208059,5,0,24,1,0
04:10:00,501208064,0,0,20,1,0
04:10:00,501208077,10,1,0,1,0
04:10:00,501208079,1,0,21,1,0
04:10:00,501208082,3,0,6,1,0
04:10:00,501208085,13,0,2,1,0
04:10:00,501208087,21,0,10,1,0
04:10:00,501208089,18,0,7,1,0
04:10:00,501208091,2,1,41,1,0
04:10:00,501208111,7,1,7,1,0
04:10:00,501208113,3,0,17,1,0
04:10:00,501208114,8,0,12,1,0
04:10:00,501208129,2,0,20,1,0
04:10:00,501208130,8,0,5,1,0
04:10:00,501209002,12,1,8,1,0
04:10:00,501209003,11,1,3,1,0
04:10:00,501209004,5,1,10,1,0
04:10:00,501209005,3,0,15,1,0
04:10:00,501209006,11,3,8,1,0
04:10:00,501209007,12,1,2,1,0
04:10:00,501209009,0,0,0,2,0
04:10:00,501209010,10,2,3,1,0
04:10:00,501209011,2,2,23,1,0
04:10:00,501209014,6,2,6,1,0
04:10:00,501209015,11,1,4,1,0
04:10:00,501209016,12,0,16,1,0
04:10:00,501209017,6,1,6,1,0
04:10:00,501209018,9,0,8,1,0
04:10:00,501209019,7,0,16,1,0
04:10:00,501209020,3,1,29,1,0
04:10:00,501209021,8,3,6,1,0
04:10:00,501209022,4,0,6,1,0
04:10:00,501209023,31,1,12,1,0
04:10:00,501209024,15,3,27,1,0
04:10:00,501209025,4,1,11,1,0
04:10:00,501209026,19,1,7,1,0
04:10:00,501209027,6,0,12,1,0
04:10:00,501209028,8,1,20,1,0
04:10:00,501209030,10,0,8,1,0
04:10:00,501209031,4,0,26,1,0
04:10:00,501209032,2,0,26,1,0
04:10:00,501209033,4,1,16,1,0
04:10:00,501209034,8,1,7,1,0
04:10:00,501209035,11,0,17,1,0
04:10:00,501209036,10,2,21,1,0
04:10:00,501209037,14,1,21,1,0
04:10:00,501209038,11,1,5,1,0
04:10:00,501209039,6,0,24,1,0
04:10:00,501209040,5,1,26,1,0
04:10:00,501209042,6,1,13,1,0
04:10:00,501209043,16,1,9,1,0
04:10:00,501209044,10,3,5,1,0
04:10:00,501209045,1,0,14,1,0
04:10:00,501209046,8,1,14,1,0
04:10:00,501209047,8,1,6,1,0
04:10:00,501209049,1,0,19,1,0
04:10:00,501209050,10,1,3,1,0
04:10:00,501209051,4,2,20,1,0
04:10:00,501209052,3,2,19,1,0
04:10:00,501209053,4,1,16,1,0
04:10:00,501209054,8,0,19,1,0
04:10:00,501209056,10,0,5,1,0
04:10:00,501209058,8,1,8,1,0
04:10:00,501209059,1,0,14,1,0
04:10:00,501209060,7,0,13,1,0
04:10:00,501209062,8,1,7,1,0
04:10:00,501209064,10,1,5,1,0
04:10:00,501209065,1,0,14,1,0
04:10:00,501209066,10,0,4,1,0
04:10:00,501209067,5,0,10,1,0
04:10:00,501209068,9,2,8,1,0
04:10:00,501209069,3,0,60,1,0
04:10:00,501209070,4,1,13,1,0
04:10:00,501209071,4,1,13,1,0
04:10:00,501209073,11,2,4,1,0
04:10:00,501209074,11,1,12,1,0
04:10:00,501209075,14,2,2,1,0
04:10:00,501209076,3,1,20,1,0
04:10:00,501209077,9,1,6,1,0
04:10:00,501209078,7,3,6,1,0
04:10:00,501209079,3,0,22,1,0
04:10:00,501209080,2,0,24,1,0
04:10:00,501209081,8,0,7,1,0
04:10:00,501209084,13,0,10,1,0
04:10:00,501209085,2,0,26,1,0
04:10:00,501209087,3,1,36,1,0
04:10:00,501209088,6,0,9,1,0
04:10:00,501209089,4,0,15,1,0
04:10:00,501209090,9,0,5,1,0
04:10:00,501209091,2,1,14,1,0
04:10:00,501209092,12,1,3,1,0
04:10:00,501209093,6,0,9,1,0
04:10:00,501209094,3,0,13,1,0
04:10:00,501209095,10,1,4,1,0
04:10:00,501209096,10,3,5,1,0
04:10:00,501209097,1,1,14,1,0
04:10:00,501209098,7,0,8,1,0
04:10:00,501209099,1,0,18,1,0
04:10:00,501209100,13,3,2,1,0
04:10:00,501209101,6,0,9,1,0
04:10:00,501209102,9,1,11,1,0
04:10:00,501209104,6,1,11,1,0
04:10:00,501209105,22,3,4,1,0
04:10:00,501209106,10,0,10,1,0
04:10:00,501211001,19,4,18,1,0
04:10:00,501211002,6,0,9,1,0
04:10:00,501211004,10,2,5,1,0
04:10:00,501211005,5,1,14,1,0
04:10:00,501211006,12,2,4,1,0
04:10:00,501211007,14,0,5,1,0
04:10:00,501211009,5,0,13,1,0
04:10:00,501211011,20,6,10,1,0
04:10:00,501211012,6,2,12,1,0
04:20:00,501201001,0,0,0,2,0
04:20:00,501201002,6,0,33,1,0
04:20:00,501201003,4,0,19,1,0
04:20:00,501201004,7,2,8,1,0
04:20:00,501201005,5,0,14,1,0
04:20:00,501201006,11,2,17,1,0
04:20:00,501201007,2,2,17,1,0
04:20:00,501201008,6,1,19,1,0
04:20:00,501201010,3,1,7,1,0
04:20:00,501201011,4,1,18,1,0
04:20:00,501201012,12,0,26,1,0
04:20:00,501201013,8,0,13,1,0
04:20:00,501201014,10,0,9,1,0
04:20:00,501201015,14,0,11,1,0
04:20:00,501201016,8,0,16,1,0
04:20:00,501201017,13,0,13,1,0
04:20:00,501201018,5,0,18,1,0
04:20:00,501201019,6,1,22,1,0
04:20:00,501201020,2,0,22,1,0
04:20:00,501201021,8,0,6,1,0
04:20:00,501201022,7,0,9,1,0
04:20:00,501201023,4,0,24,1,0
04:20:00,501201024,2,0,22,1,0
04:20:00,501201025,8,1,16,1,0
04:20:00,501201026,4,1,15,1,0
04:20:00,501201028,12,0,7,1,0
04:20:00,501201029,6,0,7,1,0
04:20:00,501201030,2,0,13,1,0
04:20:00,501201031,4,0,13,1,0
04:20:00,501202001,10,0,4,1,0
04:20:00,501202003,9,0,31,1,0
04:20:00,501202013,1,0,15,1,0
04:20:00,501202023,6,1,9,1,0
04:20:00,501202024,2,1,13,1,0
04:20:00,501202034,12,0,4,1,0
04:20:00,501202035,9,0,21,1,0
04:20:00,501202036,17,0,21,1,0
04:20:00,501202040,4,0,41,1,0
04:20:00,501202043,4,0,21,1,0
04:20:00,501202044,0,0,0,2,0
04:20:00,501202047,3,0,19,1,0
04:20:00,501202050,5,1,10,1,0
04:20:00,501202055,11,0,4,1,0
04:20:00,501202058,8,3,7,1,0
04:20:00,501202065,4,0,10,1,0
04:20:00,501202068,1,0,17,1,0
04:20:00,501202070,6,2,10,1,0
04:20:00,501202078,7,0,18,1,0
04:20:00,501202080,6,0,20,1,0
04:20:00,501202081,19,0,4,1,0
04:20:00,501202082,7,0,16,1,0
04:20:00,501202083,6,0,18,1,0
04:20:00,501202084,13,0,11,1,0
04:20:00,501202085,6,1,29,1,0
04:20:00,501202088,6,2,24,1,0
04:20:00,501202089,4,0,24,1,0
04:20:00,501202096,7,1,8,1,0
04:20:00,501203001,0,0,20,1,0
04:20:00,501203002,1,0,20,1,0
04:20:00,501203003,4,1,90,1,0
04:20:00,501203005,6,1,14,1,0
04:20:00,501203006,2,0,13,1,0
04:20:00,501203007,9,0,6,1,0
04:20:00,501203008,14,1,1,1,0
04:20:00,501203010,25,1,8,1,0
04:20:00,501203011,21,7,17,1,0
04:20:00,501203012,6,2,11,1,0
04:20:00,501203013,7,3,17,1,0
04:20:00,501203015,9,2,3,1,0
04:20:00,501203020,15,1,5,1,0
04:20:00,501203022,1,1,18,1,0
04:20:00,501203023,4,0,14,1,0
04:20:00,501203028,13,0,12,1,0
04:20:00,501203040,1,1,23,1,0
04:20:00,501203045,13,2,5,1,0
04:20:00,501203050,32,1,28,1,0
04:20:00,501203051,13,1,10,1,0
04:20:00,501203053,1,0,25,1,0
04:20:00,501203054,5,1,16,1,0
04:20:00,501203064,4,0,12,1,0
04:20:00,501203065,13,4,2,1,0
04:20:00,501203070,10,1,5,1,0
04:20:00,501203073,6,0,18,1,0
04:20:00,501203076,8,0,7,1,0
04:20:00,501203078,7,0,9,1,0
04:20:00,501203080,12,1,2,1,0
04:20:00,501203084,8,0,3,1,0
04:20:00,501203085,5,0,5,1,0
04:20:00,501203088,7,0,7,1,0
04:20:00,501203089,7,3,5,1,0
04:20:00,501203090,2,1,8,1,0
04:20:00,501203091,7,0,6,1,0
04:20:00,501203092,7,0,13,1,0
04:20:00,501203100,7,1,12,1,0
04:20:00,501203101,0,0,0,2,0
04:20:00,501203102,5,0,14,1,0
04:20:00,501203104,12,1,6,1,0
04:20:00,501203105,3,0,7,1,0
04:20:00,501203107,0,0,0,2,0
04:20:00,501203109,10,0,16,1,0
04:20:00,501203110,14,0,26,1,0
04:20:00,501203111,9,0,2,1,0
04:20:00,501203113,6,2,13,1,0
04:20:00,501203114,12,1,38,1,0
04:20:00,501203117,0,0,0,2,0
04:20:00,501203118,11,0,9,1,0
04:20:00,501203121,14,2,10,1,0
04:20:00,501203122,12,0,8,1,0
04:20:00,501203125,17,1,8,1,0
04:20:00,501203131,17,1,3,1,0
04:20:00,501203140,4,1,38,1,0
04:20:00,501203141,5,3,10,1,0
04:20:00,501203142,6,1,30,1,0
04:20:00,501203145,7,1,8,1,0
04:20:00,501203151,15,0,3,1,0
04:20:00,501203155,10,2,9,1,0
04:20:00,501203157,2,1,15,1,0
04:20:00,501203159,5,1,15,1,0
04:20:00,501203161,1,0,18,1,0
04:20:00,501203162,11,0,10,1,0
04:20:00,501203163,6,0,10,1,0
04:20:00,501204001,15,0,10,1,0
04:20:00,501204002,5,0,31,1,0
04:20:00,501204003,16,0,28,1,0
04:20:00,501204004,4,0,10,1,0
04:20:00,501204005,12,5,8,1,0
04:20:00,501204007,6,0,30,1,0
04:20:00,501204008,4,0,11,1,0
04:20:00,501204009,0,0,0,2,0
04:20:00,501204010,0,0,0,2,0
04:20:00,501204011,5,2,10,1,0
04:20:00,501204012,7,1,7,1,0
04:20:00,501204013,5,0,8,1,0
04:20:00,501204014,7,0,9,1,0
04:20:00,501204015,12,0,3,1,0
04:20:00,501204016,5,0,15,1,0
04:20:00,501204017,5,0,10,1,0
04:20:00,501204018,8,0,16,1,0
04:20:00,501204020,9,0,11,1,0
04:20:00,501204021,5,0,15,1,0
04:20:00,501204022,8,0,8,1,0
04:20:00,501204023,10,1,5,1,0
04:20:00,501204024,0,0,0,2,0
04:20:00,501204025,13,0,7,1,0
04:20:00,501205001,5,1,12,1,0
04:20:00,501205003,7,0,12,1,0
04:20:00,501205004,7,2,9,1,0
04:20:00,501205005,8,0,14,1,0
04:20:00,501205006,17,0,3,1,0
04:20:00,501205007,8,0,4,1,0
04:20:00,501205008,3,1,23,1,0
04:20:00,501205009,33,0,12,1,0
04:20:00,501205010,3,0,10,1,0
04:20:00,501205011,4,0,28,1,0
04:20:00,501205012,4,0,16,1,0
04:20:00,501205013,5,1,16,1,0
04:20:00,501205014,19,6,4,1,0
04:20:00,501205015,5,1,13,1,0
04:20:00,501205018,2,0,16,1,0
04:20:00,501205019,1,0,27,1,0
04:20:00,501205020,7,1,23,1,0
04:20:00,501205021,11,0,4,1,0
04:20:00,501205022,9,1,6,1,0
04:20:00,501205023,9,0,6,1,0
04:20:00,501205025,16,0,12,1,0
04:20:00,501205026,7,0,12,1,0
04:20:00,501205027,6,0,4,1,0
04:20:00,501205028,6,2,8,1,0
04:20:00,501205029,5,1,5,1,0
04:20:00,501205030,1,0,9,1,0
04:20:00,501205033,5,0,10,1,0
04:20:00,501205034,4,1,24,1,0
04:20:00,501205035,8,1,8,1,0
04:20:00,501205036,6,1,9,1,0
04:20:00,501205037,8,0,7,1,0
04:20:00,501205038,5,2,15,1,0
04:20:00,501205039,6,0,14,1,0
04:20:00,501205040,16,0,9,1,0
04:20:00,501205041,12,3,5,1,0
04:20:00,501205042,4,1,25,1,0
04:20:00,501208011,19,1,18,1,0
04:20:00,501208013,28,2,25,1,0
04:20:00,501208014,10,0,28,1,0
04:20:00,501208015,6,0,9,1,0
04:20:00,501208018,14,1,1,1,0
04:20:00,501208021,2,0,15,1,0
04:20:00,501208027,3,0,27,1,0
04:20:00,501208029,13,1,8,1,0
04:20:00,501208030,14,0,24,1,0
04:20:00,501208032,9,0,19,1,0
04:20:00,501208040,5,1,14,1,0
04:20:00,501208041,2,0,13,1,0
04:20:00,501208045,6,0,26,1,0
04:20:00,501208051,9,1,27,1,0
04:20:00,501208053,19,0,2,1,0
04:20:00,501208054,2,0,26,1,0
04:20:00,501208059,5,0,24,1,0
04:20:00,501208064,0,0,20,1,0
04:20:00,501208077,10,1,0,1,0
04:20:00,501208079,1,0,21,1,0
04:20:00,501208082,3,0,6,1,0
04:20:00,501208085,13,0,2,1,0
04:20:00,501208087,21,0,10,1,0
04:20:00,501208089,18,0,7,1,0
04:20:00,501208091,2,1,41,1,0
04:20:00,501208111,7,1,7,1,0
04:20:00,501208113,3,0,17,1,0
04:20:00,501208114,8,0,12,1,0
04:20:00,501208129,2,0,20,1,0
04:20:00,501208130,8,0,5,1,0
04:20:00,501209002,12,1,8,1,0
04:20:00,501209003,11,1,3,1,0
04:20:00,501209004,5,1,10,1,0
04:20:00,501209005,3,0,15,1,0
04:20:00,501209006,11,3,8,1,0
04:20:00,501209007,12,1,2,1,0
04:20:00,501209009,0,0,0,2,0
04:20:00,501209010,10,2,3,1,0
04:20:00,501209011,2,2,23,1,0
04:20:00,501209014,6,2,6,1,0
04:20:00,501209015,11,1,4,1,0
04:20:00,501209016,12,0,16,1,0
04:20:00,501209017,6,1,6,1,0
04:20:00,501209018,9,0,8,1,0
04:20:00,501209019,7,0,16,1,0
04:20:00,501209020,3,1,29,1,0
04:20:00,501209021,8,3,6,1,0
04:20:00,501209022,4,0,6,1,0
04:20:00,501209023,31,1,12,1,0
04:20:00,501209024,15,3,27,1,0
04:20:00,501209025,4,1,11,1,0
04:20:00,501209026,19,1,7,1,0
04:20:00,501209027,6,0,12,1,0
04:20:00,501209028,8,1,20,1,0
04:20:00,501209030,10,0,8,1,0
04:20:00,501209031,4,0,26,1,0
04:20:00,501209032,2,0,26,1,0
04:20:00,501209033,4,1,16,1,0
04:20:00,501209034,8,1,7,1,0
04:20:00,501209035,11,0,17,1,0
04:20:00,501209036,10,2,21,1,0
04:20:00,501209037,14,1,21,1,0
04:20:00,501209038,11,1,5,1,0
04:20:00,501209039,6,0,24,1,0
04:20:00,501209040,5,1,26,1,0
04:20:00,501209042,6,1,13,1,0
04:20:00,501209043,16,1,9,1,0
04:20:00,501209044,10,3,5,1,0
04:20:00,501209045,7,0,8,1,0
04:20:00,501209046,8,1,14,1,0
04:20:00,501209047,8,1,6,1,0
04:20:00,501209049,1,0,19,1,0
04:20:00,501209050,10,1,3,1,0
04:20:00,501209051,4,2,20,1,0
04:20:00,501209052,3,2,19,1,0
04:20:00,501209053,4,1,16,1,0
04:20:00,501209054,8,0,19,1,0
04:20:00,501209056,10,0,5,1,0
04:20:00,501209058,8,1,8,1,0
04:20:00,501209059,1,0,14,1,0
04:20:00,501209060,7,0,13,1,0
04:20:00,501209062,8,1,7,1,0
04:20:00,501209064,10,1,5,1,0
04:20:00,501209065,1,0,14,1,0
04:20:00,501209066,10,0,4,1,0
04:20:00,501209067,5,0,10,1,0
04:20:00,501209068,9,2,8,1,0
04:20:00,501209069,3,0,60,1,0
04:20:00,501209070,4,1,13,1,0
04:20:00,501209071,4,1,13,1,0
04:20:00,501209073,11,2,4,1,0
04:20:00,501209074,11,1,12,1,0
04:20:00,501209075,14,2,2,1,0
04:20:00,501209076,3,1,20,1,0
04:20:00,501209077,9,1,6,1,0
04:20:00,501209078,7,3,6,1,0
04:20:00,501209079,3,0,22,1,0
04:20:00,501209080,2,0,24,1,0
04:20:00,501209081,8,0,7,1,0
04:20:00,501209084,13,0,10,1,0
04:20:00,501209085,2,0,26,1,0
04:20:00,501209087,3,1,36,1,0
04:20:00,501209088,6,0,9,1,0
04:20:00,501209089,4,0,15,1,0
04:20:00,501209090,9,0,5,1,0
04:20:00,501209091,2,1,14,1,0
04:20:00,501209092,13,2,3,1,0
04:20:00,501209093,6,0,9,1,0
04:20:00,501209094,3,0,13,1,0
04:20:00,501209095,10,1,4,1,0
04:20:00,501209096,10,3,5,1,0
04:20:00,501209097,1,1,14,1,0
04:20:00,501209098,7,0,8,1,0
04:20:00,501209099,1,0,18,1,0
04:20:00,501209100,13,3,2,1,0
04:20:00,501209101,6,0,9,1,0
04:20:00,501209102,9,1,11,1,0
04:20:00,501209104,6,1,11,1,0
04:20:00,501209105,22,3,4,1,0
04:20:00,501209106,10,0,10,1,0
04:20:00,501211001,19,4,18,1,0
04:20:00,501211002,6,0,9,1,0
04:20:00,501211004,10,2,5,1,0
04:20:00,501211005,5,1,14,1,0
04:20:00,501211006,12,2,4,1,0
04:20:00,501211007,14,0,5,1,0
04:20:00,501211009,5,0,13,1,0
04:20:00,501211011,20,6,10,1,0
04:20:00,501211012,6,2,12,1,0
04:30:00,501201001,0,0,0,2,0
04:30:00,501201002,5,0,34,1,0
04:30:00,501201003,4,0,19,1,0
04:30:00,501201004,7,2,8,1,0
04:30:00,501201005,5,0,14,1,0
04:30:00,501201006,11,2,17,1,0
04:30:00,501201007,1,1,18,1,0
04:30:00,501201008,6,1,19,1,0
04:30:00,501201010,3,1,7,1,0
04:30:00,501201011,4,1,18,1,0
04:30:00,501201012,12,0,26,1,0
04:30:00,501201013,8,0,13,1,0
04:30:00,501201014,10,0,9,1,0
04:30:00,501201015,14,0,11,1,0
04:30:00,501201016,8,0,16,1,0
04:30:00,501201017,13,0,13,1,0
04:30:00,501201018,5,0,18,1,0
04:30:00,501201019,6,1,22,1,0
04:30:00,501201020,2,0,22,1,0
04:30:00,501201021,8,0,6,1,0
04:30:00,501201022,7,0,9,1,0
04:30:00,501201023,4,0,24,1,0
04:30:00,501201024,2,0,22,1,0
04:30:00,501201025,9,1,15,1,0
04:30:00,501201026,4,1,15,1,0
04:30:00,501201028,12,0,7,1,0
04:30:00,501201029,6,0,7,1,0
04:30:00,501201030,2,0,13,1,0
04:30:00,501201031,5,0,12,1,0
04:30:00,501202001,10,0,4,1,0
04:30:00,501202003,9,0,31,1,0
04:30:00,501202013,1,0,15,1,0
04:30:00,501202023,6,1,9,1,0
04:30:00,501202024,2,1,13,1,0
04:30:00,501202034,12,0,4,1,0
04:30:00,501202035,9,0,21,1,0
04:30:00,501202036,17,0,21,1,0
04:30:00,501202040,4,0,41,1,0
04:30:00,501202043,4,0,21,1,0
04:30:00,501202044,0,0,0,2,0
04:30:00,501202047,3,0,19,1,0
04:30:00,501202050,5,1,10,1,0
04:30:00,501202055,11,0,4,1,0
04:30:00,501202058,8,3,7,1,0
04:30:00,501202065,4,0,10,1,0
04:30:00,501202068,0,0,18,1,0
04:30:00,501202070,6,2,10,1,0
04:30:00,501202078,7,0,18,1,0
04:30:00,501202080,6,0,20,1,0
04:30:00,501202081,19,0,4,1,0
04:30:00,501202082,7,0,16,1,0
04:30:00,501202083,6,0,18,1,0
04:30:00,501202084,13,0,11,1,0
04:30:00,501202085,6,1,29,1,0
04:30:00,501202088,6,2,24,1,0
04:30:00,501202089,4,0,24,1,0
04:30:00,501202096,7,1,8,1,0
04:30:00,501203001,0,0,20,1,0
04:30:00,501203002,1,0,20,1,0
04:30:00,501203003,4,1,90,1,0
04:30:00,501203005,6,1,14,1,0
04:30:00,501203006,2,0,13,1,0
04:30:00,501203007,9,0,6,1,0
04:30:00,501203008,14,1,1,1,0
04:30:00,501203010,25,1,8,1,0
04:30:00,501203011,21,7,17,1,0
04:30:00,501203012,6,2,11,1,0
04:30:00,501203013,8,3,16,1,0
04:30:00,501203015,9,2,3,1,0
04:30:00,501203020,15,1,5,1,0
04:30:00,501203022,1,1,18,1,0
04:30:00,501203023,5,0,13,1,0
04:30:00,501203028,13,0,12,1,0
04:30:00,501203040,1,1,23,1,0
04:30:00,501203045,13,2,5,1,0
04:30:00,501203050,32,1,28,1,0
04:30:00,501203051,13,1,10,1,0
04:30:00,501203053,1,0,25,1,0
04:30:00,501203054,5,1,16,1,0
04:30:00,501203064,4,0,12,1,0
04:30:00,501203065,16,5,0,1,0
04:30:00,501203070,10,1,5,1,0
04:30:00,501203073,6,0,18,1,0
04:30:00,501203076,8,0,7,1,0
04:30:00,501203078,7,0,9,1,0
04:30:00,501203080,12,1,2,1,0
04:30:00,501203084,8,0,3,1,0
04:30:00,501203085,5,0,5,1,0
04:30:00,501203088,7,0,7,1,0
04:30:00,501203089,7,3,5,1,0
04:30:00,501203090,2,1,8,1,0
04:30:00,501203091,7,0,6,1,0
04:30:00,501203092,7,0,13,1,0
04:30:00,501203100,7,1,12,1,0
04:30:00,501203101,0,0,0,2,0
04:30:00,501203102,5,0,14,1,0
04:30:00,501203104,12,1,6,1,0
04:30:00,501203105,3,0,7,1,0
04:30:00,501203107,0,0,0,2,0
04:30:00,501203109,10,0,16,1,0
04:30:00,501203110,14,0,26,1,0
04:30:00,501203111,9,0,2,1,0
04:30:00,501203113,6,2,13,1,0
04:30:00,501203114,12,1,38,1,0
04:30:00,501203117,0,0,0,2,0
04:30:00,501203118,11,0,9,1,0
04:30:00,501203121,14,2,10,1,0
04:30:00,501203122,12,0,8,1,0
04:30:00,501203125,17,1,8,1,0
04:30:00,501203131,17,1,3,1,0
04:30:00,501203140,4,1,38,1,0
04:30:00,501203141,5,3,10,1,0
04:30:00,501203142,7,2,29,1,0
04:30:00,501203145,7,1,8,1,0
04:30:00,501203151,17,0,1,1,0
04:30:00,501203155,10,2,9,1,0
04:30:00,501203157,2,1,15,1,0
04:30:00,501203159,5,1,15,1,0
04:30:00,501203161,1,0,18,1,0
04:30:00,501203162,11,0,10,1,0
04:30:00,501203163,6,0,10,1,0
04:30:00,501204001,5,0,20,1,0
04:30:00,501204002,5,0,31,1,0
04:30:00,501204003,16,0,28,1,0
04:30:00,501204004,4,0,10,1,0
04:30:00,501204005,12,5,8,1,0
04:30:00,501204007,6,0,30,1,0
04:30:00,501204008,4,0,11,1,0
04:30:00,501204009,0,0,0,2,0
04:30:00,501204010,0,0,0,2,0
04:30:00,501204011,5,2,10,1,0
04:30:00,501204012,7,1,7,1,0
04:30:00,501204013,5,0,8,1,0
04:30:00,501204014,7,0,9,1,0
04:30:00,501204015,12,0,3,1,0
04:30:00,501204016,5,0,15,1,0
04:30:00,501204017,5,0,10,1,0
04:30:00,501204018,8,0,16,1,0
04:30:00,501204020,9,0,11,1,0
04:30:00,501204021,5,0,15,1,0
04:30:00,501204022,8,0,8,1,0
04:30:00,501204023,10,1,5,1,0
04:30:00,501204024,0,0,0,2,0
04:30:00,501204025,13,0,7,1,0
04:30:00,501205001,5,1,12,1,0
04:30:00,501205003,7,0,12,1,0
04:30:00,501205004,7,2,9,1,0
04:30:00,501205005,8,0,14,1,0
04:30:00,501205006,17,0,3,1,0
04:30:00,501205007,8,0,4,1,0
04:30:00,501205008,3,1,23,1,0
04:30:00,501205009,33,0,12,1,0
04:30:00,501205010,3,0,10,1,0
04:30:00,501205011,4,0,28,1,0
04:30:00,501205012,4,0,16,1,0
04:30:00,501205013,5,1,16,1,0
04:30:00,501205014,18,5,5,1,0
04:30:00,501205015,5,1,13,1,0
04:30:00,501205018,2,0,16,1,0
04:30:00,501205019,1,0,27,1,0
04:30:00,501205020,7,1,23,1,0
04:30:00,501205021,11,0,4,1,0
04:30:00,501205022,9,1,6,1,0
04:30:00,501205023,9,0,6,1,0
04:30:00,501205025,16,0,12,1,0
04:30:00,501205026,7,0,12,1,0
04:30:00,501205027,6,0,4,1,0
04:30:00,501205028,6,2,8,1,0
04:30:00,501205029,5,1,5,1,0
04:30:00,501205030,1,0,9,1,0
04:30:00,501205033,5,0,10,1,0
04:30:00,501205034,4,1,24,1,0
04:30:00,501205035,8,1,8,1,0
04:30:00,501205036,6,1,9,1,0
04:30:00,501205037,8,0,7,1,0
04:30:00,501205038,5,2,15,1,0
04:30:00,501205039,6,0,14,1,0
04:30:00,501205040,16,0,9,1,0
04:30:00,501205041,12,3,5,1,0
04:30:00,501205042,4,1,25,1,0
04:30:00,501208011,19,1,18,1,0
04:30:00,501208013,28,2,25,1,0
04:30:00,501208014,10,0,28,1,0
04:30:00,501208015,6,0,9,1,0
04:30:00,501208018,14,1,1,1,0
04:30:00,501208021,2,0,15,1,0
04:30:00,501208027,3,0,27,1,0
04:30:00,501208029,13,1,8,1,0
04:30:00,501208030,14,0,24,1,0
04:30:00,501208032,9,0,19,1,0
04:30:00,501208040,5,1,14,1,0
04:30:00,501208041,2,0,13,1,0
04:30:00,501208045,6,0,26,1,0
04:30:00,501208051,9,1,27,1,0
04:30:00,501208053,19,0,2,1,0
04:30:00,501208054,2,0,26,1,0
04:30:00,501208059,5,0,24,1,0
04:30:00,501208064,0,0,20,1,0
04:30:00,501208077,10,1,0,1,0
04:30:00,501208079,1,0,21,1,0
04:30:00,501208082,3,0,6,1,0
04:30:00,501208085,13,0,2,1,0
04:30:00,501208087,21,0,10,1,0
04:30:00,501208089,18,0,7,1,0
04:30:00,501208091,2,1,41,1,0
04:30:00,501208111,7,1,7,1,0
04:30:00,501208113,3,0,17,1,0
04:30:00,501208114,8,0,12,1,0
04:30:00,501208129,2,0,20,1,0
04:30:00,501208130,8,0,5,1,0
04:30:00,501209002,12,1,8,1,0
04:30:00,501209003,11,1,3,1,0
04:30:00,501209004,5,1,10,1,0
04:30:00,501209005,3,0,15,1,0
04:30:00,501209006,11,3,8,1,0
04:30:00,501209007,12,1,2,1,0
04:30:00,501209009,0,0,0,2,0
04:30:00,501209010,9,1,4,1,0
04:30:00,501209011,2,2,23,1,0
04:30:00,501209014,6,2,6,1,0
04:30:00,501209015,11,1,4,1,0
04:30:00,501209016,12,0,16,1,0
04:30:00,501209017,6,1,6,1,0
04:30:00,501209018,9,0,8,1,0
04:30:00,501209019,7,0,16,1,0
04:30:00,501209020,3,1,29,1,0
04:30:00,501209021,8,3,6,1,0
04:30:00,501209022,4,0,6,1,0
04:30:00,501209023,31,1,12,1,0
04:30:00,501209024,15,3,27,1,0
04:30:00,501209025,4,1,11,1,0
04:30:00,501209026,19,1,7,1,0
04:30:00,501209027,6,0,12,1,0
04:30:00,501209028,8,1,20,1,0
04:30:00,501209030,10,0,8,1,0
04:30:00,501209031,4,0,26,1,0
04:30:00,501209032,2,0,26,1,0
04:30:00,501209033,4,1,16,1,0
04:30:00,501209034,8,1,7,1,0
04:30:00,501209035,11,0,17,1,0
04:30:00,501209036,10,2,21,1,0
04:30:00,501209037,14,1,21,1,0
04:30:00,501209038,11,1,5,1,0
04:30:00,501209039,6,0,24,1,0
04:30:00,501209040,5,1,26,1,0
04:30:00,501209042,6,1,13,1,0
04:30:00,501209043,16,1,9,1,0
04:30:00,501209044,10,3,5,1,0
04:30:00,501209045,7,0,8,1,0
04:30:00,501209046,8,1,14,1,0
04:30:00,501209047,8,1,6,1,0
04:30:00,501209049,1,0,19,1,0
04:30:00,501209050,10,1,3,1,0
04:30:00,501209051,4,2,20,1,0
04:30:00,501209052,3,2,19,1,0
04:30:00,501209053,4,1,16,1,0
04:30:00,501209054,8,0,19,1,0
04:30:00,501209056,10,0,5,1,0
04:30:00,501209058,8,1,8,1,0
04:30:00,501209059,1,0,14,1,0
04:30:00,501209060,7,0,13,1,0
04:30:00,501209062,8,1,7,1,0
04:30:00,501209064,10,1,5,1,0
04:30:00,501209065,1,0,14,1,0
04:30:00,501209066,10,0,4,1,0
04:30:00,501209067,5,0,10,1,0
04:30:00,501209068,9,2,8,1,0
04:30:00,501209069,3,0,60,1,0
04:30:00,501209070,4,1,13,1,0
04:30:00,501209071,4,1,13,1,0
04:30:00,501209073,11,2,4,1,0
04:30:00,501209074,11,1,12,1,0
04:30:00,501209075,14,2,2,1,0
04:30:00,501209076,3,1,20,1,0
04:30:00,501209077,9,1,6,1,0
04:30:00,501209078,7,3,6,1,0
04:30:00,501209079,3,0,22,1,0
04:30:00,501209080,2,0,24,1,0
04:30:00,501209081,8,0,7,1,0
04:30:00,501209084,13,0,10,1,0
04:30:00,501209085,2,0,26,1,0
04:30:00,501209087,3,1,36,1,0
04:30:00,501209088,6,0,9,1,0
04:30:00,501209089,4,0,15,1,0
04:30:00,501209090,9,0,5,1,0
04:30:00,501209091,2,1,14,1,0
04:30:00,501209092,13,2,3,1,0
04:30:00,501209093,6,0,9,1,0
04:30:00,501209094,3,0,13,1,0
04:30:00,501209095,10,1,4,1,0
04:30:00,501209096,10,3,5,1,0
04:30:00,501209097,1,1,14,1,0
04:30:00,501209098,7,0,8,1,0
04:30:00,501209099,1,0,18,1,0
04:30:00,501209100,13,3,2,1,0
04:30:00,501209101,6,0,9,1,0
04:30:00,501209102,9,1,11,1,0
04:30:00,501209104,6,1,11,1,0
04:30:00,501209105,22,3,4,1,0
04:30:00,501209106,10,0,10,1,0
04:30:00,501211001,19,4,18,1,0
04:30:00,501211002,6,0,9,1,0
04:30:00,501211004,10,2,5,1,0
04:30:00,501211005,5,1,14,1,0
04:30:00,501211006,12,2,4,1,0
04:30:00,501211007,14,0,5,1,0
04:30:00,501211009,5,0,13,1,0
04:30:00,501211011,20,6,10,1,0
04:30:00,501211012,6,2,12,1,0
04:40:00,501201001,0,0,0,2,0
04:40:00,501201002,5,0,34,1,0
04:40:00,501201003,4,0,19,1,0
04:40:00,501201004,6,2,9,1,0
04:40:00,501201005,5,0,14,1,0
04:40:00,501201006,12,2,16,1,0
04:40:00,501201007,1,0,18,1,0
04:40:00,501201008,6,1,19,1,0
04:40:00,501201010,3,1,7,1,0
04:40:00,501201011,4,1,18,1,0
04:40:00,501201012,12,0,26,1,0
04:40:00,501201013,8,0,13,1,0
04:40:00,501201014,10,0,9,1,0
04:40:00,501201015,14,0,11,1,0
04:40:00,501201016,8,0,16,1,0
04:40:00,501201017,13,0,13,1,0
04:40:00,501201018,5,0,18,1,0
04:40:00,501201019,6,1,22,1,0
04:40:00,501201020,2,0,22,1,0
04:40:00,501201021,8,0,6,1,0
04:40:00,501201022,7,0,9,1,0
04:40:00,501201023,4,0,24,1,0
04:40:00,501201024,1,0,23,1,0
04:40:00,501201025,9,1,15,1,0
04:40:00,501201026,4,1,15,1,0
04:40:00,501201028,12,0,7,1,0
04:40:00,501201029,6,0,7,1,0
04:40:00,501201030,2,0,13,1,0
04:40:00,501201031,5,0,12,1,0
04:40:00,501202001,10,0,4,1,0
04:40:00,501202003,9,0,31,1,0
04:40:00,501202013,1,0,15,1,0
04:40:00,501202023,6,1,9,1,0
04:40:00,501202024,2,1,13,1,0
04:40:00,501202034,12,0,4,1,0
04:40:00,501202035,9,0,21,1,0
04:40:00,501202036,17,0,21,1,0
04:40:00,501202040,5,1,40,1,0
04:40:00,501202043,4,0,21,1,0
04:40:00,501202044,0,0,0,2,0
04:40:00,501202047,3,0,19,1,0
04:40:00,501202050,5,1,10,1,0
04:40:00,501202055,11,0,4,1,0
04:40:00,501202058,8,3,7,1,0
04:40:00,501202065,4,0,10,1,0
04:40:00,501202068,0,0,18,1,0
04:40:00,501202070,6,2,10,1,0
04:40:00,501202078,7,0,18,1,0
04:40:00,501202080,6,0,20,1,0
04:40:00,501202081,19,0,4,1,0
04:40:00,501202082,7,0,16,1,0
04:40:00,501202083,6,0,18,1,0
04:40:00,501202084,13,0,11,1,0
04:40:00,501202085,6,1,29,1,0
04:40:00,501202088,6,2,24,1,0
04:40:00,501202089,4,0,24,1,0
04:40:00,501202096,7,1,8,1,0
04:40:00,501203001,0,0,20,1,0
04:40:00,501203002,1,0,20,1,0
04:40:00,501203003,4,1,90,1,0
04:40:00,501203005,6,1,14,1,0
04:40:00,501203006,2,0,13,1,0
04:40:00,501203007,9,0,6,1,0
04:40:00,501203008,15,2,1,1,0
04:40:00,501203010,25,1,8,1,0
04:40:00,501203011,21,7,17,1,0
04:40:00,501203012,6,2,11,1,0
04:40:00,501203013,8,3,16,1,0
04:40:00,501203015,9,2,3,1,0
04:40:00,501203020,15,1,5,1,0
04:40:00,501203022,1,1,18,1,0
04:40:00,501203023,5,0,13,1,0
04:40:00,501203028,13,0,12,1,0
04:40:00,501203040,1,1,23,1,0
04:40:00,501203045,13,2,5,1,0
04:40:00,501203050,32,1,28,1,0
04:40:00,501203051,13,1,10,1,0
04:40:00,501203053,1,0,25,1,0
04:40:00,501203054,5,1,16,1,0
04:40:00,501203064,4,0,12,1,0
04:40:00,501203065,16,5,0,1,0
04:40:00,501203070,10,1,5,1,0
04:40:00,501203073,6,0,18,1,0
04:40:00,501203076,8,0,7,1,0
04:40:00,501203078,7,0,9,1,0
04:40:00,501203080,12,1,2,1,0
04:40:00,501203084,8,0,3,1,0
04:40:00,501203085,5,0,5,1,0
04:40:00,501203088,7,0,7,1,0
04:40:00,501203089,7,3,5,1,0
04:40:00,501203090,2,1,8,1,0
04:40:00,501203091,7,0,6,1,0
04:40:00,501203092,7,0,13,1,0
04:40:00,501203100,7,1,12,1,0
04:40:00,501203101,0,0,0,2,0
04:40:00,501203102,5,0,14,1,0
04:40:00,501203104,11,0,7,1,0
04:40:00,501203105,4,1,7,1,0
04:40:00,501203107,0,0,0,2,0
04:40:00,501203109,10,0,16,1,0
04:40:00,501203110,14,0,26,1,0
04:40:00,501203111,9,0,2,1,0
04:40:00,501203113,6,2,13,1,0
04:40:00,501203114,12,1,38,1,0
04:40:00,501203117,0,0,0,2,0
04:40:00,501203118,11,0,9,1,0
04:40:00,501203121,14,2,10,1,0
04:40:00,501203122,12,0,8,1,0
04:40:00,501203125,17,1,8,1,0
04:40:00,501203131,17,1,3,1,0
04:40:00,501203140,3,0,39,1,0
04:40:00,501203141,5,3,10,1,0
04:40:00,501203142,7,3,29,1,0
04:40:00,501203145,7,1,8,1,0
04:40:00,501203151,17,0,1,1,0
04:40:00,501203155,10,2,9,1,0
04:40:00,501203157,2,1,15,1,0
04:40:00,501203159,5,1,15,1,0
04:40:00,501203161,1,0,18,1,0
04:40:00,501203162,11,0,10,1,0
04:40:00,501203163,6,0,10,1,0
04:40:00,501204001,5,0,20,1,0
04:40:00,501204002,5,0,31,1,0
04:40:00,501204003,16,0,28,1,0
04:40:00,501204004,4,0,10,1,0
04:40:00,501204005,12,5,8,1,0
04:40:00,501204007,6,0,30,1,0
04:40:00,501204008,4,0,11,1,0
04:40:00,501204009,0,0,0,2,0
04:40:00,501204010,0,0,0,2,0
04:40:00,501204011,5,2,10,1,0
04:40:00,501204012,7,1,7,1,0
04:40:00,501204013,5,0,8,1,0
04:40:00,501204014,7,0,9,1,0
04:40:00,501204015,12,0,3,1,0
04:40:00,501204016,5,0,15,1,0
04:40:00,501204017,5,0,10,1,0
04:40:00,501204018,8,0,16,1,0
04:40:00,501204020,9,0,11,1,0
04:40:00,501204021,5,0,15,1,0
04:40:00,501204022,8,0,8,1,0
04:40:00,501204023,10,1,5,1,0
04:40:00,501204024,0,0,0,2,0
04:40:00,501204025,13,0,7,1,0
04:40:00,501205001,5,1,12,1,0
04:40:00,501205003,7,0,12,1,0
04:40:00,501205004,7,2,9,1,0
04:40:00,501205005,8,0,14,1,0
04:40:00,501205006,17,0,3,1,0
04:40:00,501205007,8,0,4,1,0
04:40:00,501205008,3,1,23,1,0
04:40:00,501205009,33,0,12,1,0
04:40:00,501205010,3,0,10,1,0
04:40:00,501205011,4,0,28,1,0
04:40:00,501205012,4,0,16,1,0
04:40:00,501205013,5,1,16,1,0
04:40:00,501205014,18,5,5,1,0
04:40:00,501205015,5,1,13,1,0
04:40:00,501205018,2,0,16,1,0
04:40:00,501205019,1,0,27,1,0
04:40:00,501205020,7,1,23,1,0
04:40:00,501205021,11,0,4,1,0
04:40:00,501205022,9,1,6,1,0
04:40:00,501205023,9,0,6,1,0
04:40:00,501205025,16,0,12,1,0
04:40:00,501205026,7,0,12,1,0
04:40:00,501205027,6,0,4,1,0
04:40:00,501205028,6,2,8,1,0
04:40:00,501205029,5,1,5,1,0
04:40:00,501205030,1,0,9,1,0
04:40:00,501205033,5,0,10,1,0
04:40:00,501205034,4,1,24,1,0
04:40:00,501205035,8,1,8,1,0
04:40:00,501205036,6,1,9,1,0
04:40:00,501205037,8,0,7,1,0
04:40:00,501205038,5,2,15,1,0
04:40:00,501205039,6,0,14,1,0
04:40:00,501205040,16,0,9,1,0
04:40:00,501205041,12,3,5,1,0
04:40:00,501205042,4,1,25,1,0
04:40:00,501208011,19,1,18,1,0
04:40:00,501208013,28,2,25,1,0
04:40:00,501208014,10,0,28,1,0
04:40:00,501208015,6,0,9,1,0
04:40:00,501208018,14,1,1,1,0
04:40:00,501208021,2,0,15,1,0
04:40:00,501208027,3,0,27,1,0
04:40:00,501208029,13,1,8,1,0
04:40:00,501208030,14,0,24,1,0
04:40:00,501208032,9,0,19,1,0
04:40:00,501208040,4,1,15,1,0
04:40:00,501208041,2,0,13,1,0
04:40:00,501208045,6,0,26,1,0
04:40:00,501208051,9,1,27,1,0
04:40:00,501208053,19,0,2,1,0
04:40:00,501208054,2,0,26,1,0
04:40:00,501208059,5,0,24,1,0
04:40:00,501208064,0,0,20,1,0
04:40:00,501208077,10,1,0,1,0
04:40:00,501208079,1,0,21,1,0
04:40:00,501208082,4,1,6,1,0
04:40:00,501208085,13,0,2,1,0
04:40:00,501208087,21,0,10,1,0
04:40:00,501208089,18,0,7,1,0
04:40:00,501208091,2,1,41,1,0
04:40:00,501208111,7,1,7,1,0
04:40:00,501208113,3,0,17,1,0
04:40:00,501208114,8,0,12,1,0
04:40:00,501208129,2,0,20,1,0
04:40:00,501208130,8,0,5,1,0
04:40:00,501209002,12,1,8,1,0
04:40:00,501209003,11,1,3,1,0
04:40:00,501209004,5,1,10,1,0
04:40:00,501209005,3,0,15,1,0
04:40:00,501209006,11,3,8,1,0
04:40:00,501209007,12,1,2,1,0
04:40:00,501209009,0,0,0,2,0
04:40:00,501209010,9,1,4,1,0
04:40:00,501209011,2,2,23,1,0
04:40:00,501209014,6,2,6,1,0
04:40:00,501209015,11,1,4,1,0
04:40:00,501209016,13,1,16,1,0
04:40:00,501209017,6,1,6,1,0
04:40:00,501209018,9,0,8,1,0
04:40:00,501209019,7,0,16,1,0
04:40:00,501209020,3,1,29,1,0
04:40:00,501209021,8,3,6,1,0
04:40:00,501209022,4,0,6,1,0
04:40:00,501209023,31,1,12,1,0
04:40:00,501209024,15,3,27,1,0
04:40:00,501209025,4,1,11,1,0
04:40:00,501209026,19,1,7,1,0
04:40:00,501209027,6,0,12,1,0
04:40:00,501209028,8,1,20,1,0
04:40:00,501209030,10,0,8,1,0
04:40:00,501209031,4,0,26,1,0
04:40:00,501209032,2,0,26,1,0
04:40:00,501209033,4,1,16,1,0
04:40:00,501209034,8,1,7,1,0
04:40:00,501209035,11,0,17,1,0
04:40:00,501209036,11,2,20,1,0
04:40:00,501209037,14,1,21,1,0
04:40:00,501209038,11,1,5,1,0
04:40:00,501209039,6,0,24,1,0
04:40:00,501209040,5,1,26,1,0
04:40:00,501209042,6,1,13,1,0
04:40:00,501209043,16,1,9,1,0
04:40:00,501209044,10,3,5,1,0
04:40:00,501209045,7,0,8,1,0
04:40:00,501209046,8,1,14,1,0
04:40:00,501209047,8,1,6,1,0
04:40:00,501209049,1,0,19,1,0
04:40:00,501209050,10,1,3,1,0
04:40:00,501209051,4,2,20,1,0
04:40:00,501209052,3,2,19,1,0
04:40:00,501209053,4,1,16,1,0
04:40:00,501209054,8,0,19,1,0
04:40:00,501209056,10,0,5,1,0
04:40:00,501209058,8,1,8,1,0
04:40:00,501209059,1,0,14,1,0
04:40:00,501209060,7,0,13,1,0
04:40:00,501209062,8,1,7,1,0
04:40:00,501209064,10,1,5,1,0
04:40:00,501209065,7,0,8,1,0
04:40:00,501209066,10,0,4,1,0
04:40:00,501209067,5,0,10,1,0
04:40:00,501209068,9,2,8,1,0
04:40:00,501209069,3,0,60,1,0
04:40:00,501209070,4,1,13,1,0
04:40:00,501209071,4,1,13,1,0
04:40:00,501209073,11,2,4,1,0
04:40:00,501209074,11,1,12,1,0
04:40:00,501209075,14,2,2,1,0
04:40:00,501209076,3,1,20,1,0
04:40:00,501209077,9,1,6,1,0
04:40:00,501209078,7,3,6,1,0
04:40:00,501209079,3,0,22,1,0
04:40:00,501209080,2,0,24,1,0
04:40:00,501209081,8,0,7,1,0
04:40:00,501209084,13,0,10,1,0
04:40:00,501209085,2,0,26,1,0
04:40:00,501209087,3,1,36,1,0
04:40:00,501209088,6,0,9,1,0
04:40:00,501209089,4,0,15,1,0
04:40:00,501209090,9,0,5,1,0
04:40:00,501209091,2,1,14,1,0
04:40:00,501209092,13,2,3,1,0
04:40:00,501209093,6,0,9,1,0
04:40:00,501209094,3,0,13,1,0
04:40:00,501209095,10,1,4,1,0
04:40:00,501209096,10,3,5,1,0
04:40:00,501209097,1,1,14,1,0
04:40:00,501209098,7,0,8,1,0
04:40:00,501209099,1,0,18,1,0
04:40:00,501209100,13,3,2,1,0
04:40:00,501209101,6,0,9,1,0
04:40:00,501209102,9,1,11,1,0
04:40:00,501209104,6,1,11,1,0
04:40:00,501209105,22,3,4,1,0
04:40:00,501209106,10,0,10,1,0
04:40:00,501211001,19,4,18,1,0
04:40:00,501211002,6,0,9,1,0
04:40:00,501211004,10,2,5,1,0
04:40:00,501211005,5,1,14,1,0
04:40:00,501211006,12,2,4,1,0
04:40:00,501211007,14,0,5,1,0
04:40:00,501211009,5,0,13,1,0
04:40:00,501211011,20,6,10,1,0
04:40:00,501211012,6,2,12,1,0
04:50:00,501201001,0,0,0,2,0
04:50:00,501201002,5,0,34,1,0
04:50:00,501201003,4,0,19,1,0
04:50:00,501201004,6,2,9,1,0
04:50:00,501201005,5,0,14,1,0
04:50:00,501201006,12,2,16,1,0
04:50:00,501201007,1,0,18,1,0
04:50:00,501201008,6,1,19,1,0
04:50:00,501201010,3,1,7,1,0
04:50:00,501201011,4,1,18,1,0
04:50:00,501201012,12,0,26,1,0
04:50:00,501201013,8,0,13,1,0
04:50:00,501201014,10,0,9,1,0
04:50:00,501201015,14,0,11,1,0
04:50:00,501201016,8,0,16,1,0
04:50:00,501201017,13,0,13,1,0
04:50:00,501201018,5,0,18,1,0
04:50:00,501201019,6,1,22,1,0
04:50:00,501201020,2,0,22,1,0
04:50:00,501201021,8,0,6,1,0
04:50:00,501201022,7,0,9,1,0
04:50:00,501201023,4,0,24,1,0
04:50:00,501201024,1,0,23,1,0
04:50:00,501201025,9,1,15,1,0
04:50:00,501201026,4,1,15,1,0
04:50:00,501201028,13,1,7,1,0
04:50:00,501201029,6,0,7,1,0
04:50:00,501201030,2,0,13,1,0
04:50:00,501201031,5,0,12,1,0
04:50:00,501202001,10,0,4,1,0
04:50:00,501202003,9,0,31,1,0
04:50:00,501202013,1,0,15,1,0
04:50:00,501202023,6,1,9,1,0
04:50:00,501202024,2,1,13,1,0
04:50:00,501202034,12,0,4,1,0
04:50:00,501202035,9,0,21,1,0
04:50:00,501202036,17,0,21,1,0
04:50:00,501202040,5,1,40,1,0
04:50:00,501202043,4,0,21,1,0
04:50:00,501202044,0,0,0,2,0
04:50:00,501202047,3,0,19,1,0
04:50:00,501202050,5,1,10,1,0
04:50:00,501202055,11,0,4,1,0
04:50:00,501202058,8,3,7,1,0
04:50:00,501202065,4,0,10,1,0
04:50:00,501202068,0,0,18,1,0
04:50:00,501202070,6,2,10,1,0
04:50:00,501202078,7,0,18,1,0
04:50:00,501202080,6,0,20,1,0
04:50:00,501202081,19,0,4,1,0
04:50:00,501202082,7,0,16,1,0
04:50:00,501202083,6,0,18,1,0
04:50:00,501202084,13,0,11,1,0
04:50:00,501202085,6,1,29,1,0
04:50:00,501202088,6,2,24,1,0
04:50:00,501202089,4,0,24,1,0
04:50:00,501202096,7,1,8,1,0
04:50:00,501203001,0,0,20,1,0
04:50:00,501203002,1,0,20,1,0
04:50:00,501203003,4,1,90,1,0
04:50:00,501203005,6,1,14,1,0
04:50:00,501203006,2,0,13,1,0
04:50:00,501203007,9,0,6,1,0
04:50:00,501203008,14,2,2,1,0
04:50:00,501203010,25,1,8,1,0
04:50:00,501203011,21,7,17,1,0
04:50:00,501203012,6,2,11,1,0
04:50:00,501203013,8,3,16,1,0
04:50:00,501203015,9,2,3,1,0
04:50:00,501203020,15,1,5,1,0
04:50:00,501203022,1,1,18,1,0
04:50:00,501203023,5,0,13,1,0
04:50:00,501203028,12,0,13,1,0
04:50:00,501203040,1,1,23,1,0
04:50:00,501203045,13,2,5,1,0
04:50:00,501203050,32,1,28,1,0
04:50:00,501203051,13,1,10,1,0
04:50:00,501203053,1,0,25,1,0
04:50:00,501203054,6,2,16,1,0
04:50:00,501203064,4,0,12,1,0
04:50:00,501203065,13,2,3,1,0
04:50:00,501203070,10,1,5,1,0
04:50:00,501203073,6,0,18,1,0
04:50:00,501203076,8,0,7,1,0
04:50:00,501203078,7,0,9,1,0
04:50:00,501203080,12,1,2,1,0
04:50:00,501203084,8,0,3,1,0
04:50:00,501203085,5,0,5,1,0
04:50:00,501203088,7,0,7,1,0
04:50:00,501203089,7,3,5,1,0
04:50:00,501203090,2,1,8,1,0
04:50:00,501203091,7,0,6,1,0
04:50:00,501203092,7,0,13,1,0
04:50:00,501203100,8,1,11,1,0
04:50:00,501203101,0,0,0,2,0
04:50:00,501203102,5,0,14,1,0
04:50:00,501203104,11,0,7,1,0
04:50:00,501203105,4,1,7,1,0
04:50:00,501203107,0,0,0,2,0
04:50:00,501203109,10,0,16,1,0
04:50:00,501203110,14,0,26,1,0
04:50:00,501203111,8,0,3,1,0
04:50:00,501203113,6,2,13,1,0
04:50:00,501203114,4,1,46,1,0
04:50:00,501203117,0,0,0,2,0
04:50:00,501203118,11,0,9,1,0
04:50:00,501203121,14,2,10,1,0
04:50:00,501203122,12,0,8,1,0
04:50:00,501203125,17,1,8,1,0
04:50:00,501203131,17,1,3,1,0
04:50:00,501203140,3,0,39,1,0
04:50:00,501203141,5,3,10,1,0
04:50:00,501203142,9,4,27,1,0
04:50:00,501203145,7,1,8,1,0
04:50:00,501203151,16,0,2,1,0
04:50:00,501203155,10,2,9,1,0
04:50:00,501203157,2,1,15,1,0
04:50:00,501203159,5,1,15,1,0
04:50:00,501203161,1,0,18,1,0
04:50:00,501203162,11,0,10,1,0
04:50:00,501203163,6,0,10,1,0
04:50:00,501204001,5,0,20,1,0
04:50:00,501204002,5,0,31,1,0
04:50:00,501204003,16,0,28,1,0
04:50:00,501204004,4,0,10,1,0
04:50:00,501204005,12,5,8,1,0
04:50:00,501204007,6,0,30,1,0
04:50:00,501204008,4,0,11,1,0
04:50:00,501204009,0,0,0,2,0
04:50:00,501204010,0,0,0,2,0
04:50:00,501204011,5,2,10,1,0
04:50:00,501204012,7,1,7,1,0
04:50:00,501204013,5,0,8,1,0
04:50:00,501204014,7,0,9,1,0
04:50:00,501204015,12,0,3,1,0
04:50:00,501204016,5,0,15,1,0
04:50:00,501204017,5,0,10,1,0
04:50:00,501204018,8,0,16,1,0
04:50:00,501204020,9,0,11,1,0
04:50:00,501204021,5,0,15,1,0
04:50:00,501204022,8,0,8,1,0
04:50:00,501204023,10,1,5,1,0
04:50:00,501204024,0,0,0,2,0
04:50:00,501204025,13,0,7,1,0
04:50:00,501205001,5,1,12,1,0
04:50:00,501205003,7,0,12,1,0
04:50:00,501205004,7,2,9,1,0
04:50:00,501205005,8,0,14,1,0
04:50:00,501205006,17,0,3,1,0
04:50:00,501205007,8,0,4,1,0
04:50:00,501205008,3,1,23,1,0
04:50:00,501205009,33,0,12,1,0
04:50:00,501205010,2,0,11,1,0
04:50:00,501205011,4,0,28,1,0
04:50:00,501205012,4,0,16,1,0
04:50:00,501205013,5,1,16,1,0
04:50:00,501205014,20,7,3,1,0
04:50:00,501205015,4,0,14,1,0
04:50:00,501205018,2,0,16,1,0
04:50:00,501205019,1,0,27,1,0
04:50:00,501205020,7,1,23,1,0
04:50:00,501205021,11,0,4,1,0
04:50:00,501205022,8,1,7,1,0
04:50:00,501205023,9,0,6,1,0
04:50:00,501205025,16,0,12,1,0
04:50:00,501205026,7,0,12,1,0
04:50:00,501205027,6,0,4,1,0
04:50:00,501205028,6,2,8,1,0
04:50:00,501205029,5,1,5,1,0
04:50:00,501205030,1,0,9,1,0
04:50:00,501205033,5,0,10,1,0
04:50:00,501205034,4,1,24,1,0
04:50:00,501205035,8,1,8,1,0
04:50:00,501205036,6,1,9,1,0
04:50:00,501205037,8,0,7,1,0
04:50:00,501205038,5,2,15,1,0
04:50:00,501205039,6,0,14,1,0
04:50:00,501205040,16,0,9,1,0
04:50:00,501205041,12,3,5,1,0
04:50:00,501205042,4,1,25,1,0
04:50:00,501208011,19,1,18,1,0
04:50:00,501208013,28,2,25,1,0
04:50:00,501208014,10,0,28,1,0
04:50:00,501208015,6,0,9,1,0
04:50:00,501208018,13,1,2,1,0
04:50:00,501208021,2,0,15,1,0
04:50:00,501208027,3,0,27,1,0
04:50:00,501208029,13,1,8,1,0
04:50:00,501208030,14,0,24,1,0
04:50:00,501208032,9,0,19,1,0
04:50:00,501208040,4,1,15,1,0
04:50:00,501208041,2,0,13,1,0
04:50:00,501208045,6,0,26,1,0
04:50:00,501208051,9,1,27,1,0
04:50:00,501208053,19,0,2,1,0
04:50:00,501208054,2,0,26,1,0
04:50:00,501208059,5,0,24,1,0
04:50:00,501208064,1,0,19,1,0
04:50:00,501208077,10,1,0,1,0
04:50:00,501208079,1,0,21,1,0
04:50:00,501208082,5,1,5,1,0
04:50:00,501208085,13,0,2,1,0
04:50:00,501208087,21,0,10,1,0
04:50:00,501208089,18,0,7,1,0
04:50:00,501208091,2,1,41,1,0
04:50:00,501208111,7,1,7,1,0
04:50:00,501208113,3,0,17,1,0
04:50:00,501208114,8,0,12,1,0
04:50:00,501208129,2,0,20,1,0
04:50:00,501208130,8,0,5,1,0
04:50:00,501209002,12,1,8,1,0
04:50:00,501209003,11,1,3,1,0
04:50:00,501209004,5,1,10,1,0
04:50:00,501209005,3,0,15,1,0
04:50:00,501209006,11,3,8,1,0
04:50:00,501209007,12,1,2,1,0
04:50:00,501209009,0,0,0,2,0
04:50:00,501209010,10,1,3,1,0
04:50:00,501209011,2,2,23,1,0
04:50:00,501209014,6,2,6,1,0
04:50:00,501209015,11,1,4,1,0
04:50:00,501209016,13,1,16,1,0
04:50:00,501209017,6,1,6,1,0
04:50:00,501209018,9,0,8,1,0
04:50:00,501209019,7,0,16,1,0
04:50:00,501209020,3,1,29,1,0
04:50:00,501209021,8,3,6,1,0
04:50:00,501209022,4,0,6,1,0
04:50:00,501209023,31,1,12,1,0
04:50:00,501209024,15,3,27,1,0
04:50:00,501209025,4,1,11,1,0
04:50:00,501209026,19,1,7,1,0
04:50:00,501209027,6,0,12,1,0
04:50:00,501209028,8,1,20,1,0
04:50:00,501209030,10,0,8,1,0
04:50:00,501209031,4,0,26,1,0
04:50:00,501209032,2,0,26,1,0
04:50:00,501209033,4,1,16,1,0
04:50:00,501209034,8,1,7,1,0
04:50:00,501209035,11,0,17,1,0
04:50:00,501209036,11,2,20,1,0
04:50:00,501209037,14,1,21,1,0
04:50:00,501209038,11,1,5,1,0
04:50:00,501209039,6,0,24,1,0
04:50:00,501209040,5,1,26,1,0
04:50:00,501209042,6,1,13,1,0
04:50:00,501209043,16,1,9,1,0
04:50:00,501209044,10,3,5,1,0
04:50:00,501209045,7,0,8,1,0
04:50:00,501209046,8,1,14,1,0
04:50:00,501209047,8,1,6,1,0
04:50:00,501209049,1,0,19,1,0
04:50:00,501209050,10,1,3,1,0
04:50:00,501209051,4,2,20,1,0
04:50:00,501209052,3,2,19,1,0
04:50:00,501209053,4,1,16,1,0
04:50:00,501209054,8,0,19,1,0
04:50:00,501209056,10,0,5,1,0
04:50:00,501209058,8,1,8,1,0
04:50:00,501209059,1,0,14,1,0
04:50:00,501209060,7,0,13,1,0
04:50:00,501209062,8,1,7,1,0
04:50:00,501209064,10,1,5,1,0
04:50:00,501209065,7,0,8,1,0
04:50:00,501209066,10,0,4,1,0
04:50:00,501209067,5,0,10,1,0
04:50:00,501209068,9,2,8,1,0
04:50:00,501209069,3,0,60,1,0
04:50:00,501209070,4,1,13,1,0
04:50:00,501209071,4,1,13,1,0
04:50:00,501209073,11,2,4,1,0
04:50:00,501209074,11,1,12,1,0
04:50:00,501209075,14,2,2,1,0
04:50:00,501209076,3,1,20,1,0
04:50:00,501209077,9,1,6,1,0
04:50:00,501209078,7,3,6,1,0
04:50:00,501209079,3,0,22,1,0
04:50:00,501209080,2,0,24,1,0
04:50:00,501209081,8,0,7,1,0
04:50:00,501209084,13,0,10,1,0
04:50:00,501209085,2,0,26,1,0
04:50:00,501209087,3,1,36,1,0
04:50:00,501209088,6,0,9,1,0
04:50:00,501209089,4,0,15,1,0
04:50:00,501209090,9,0,5,1,0
04:50:00,501209091,2,1,14,1,0
04:50:00,501209092,13,2,3,1,0
04:50:00,501209093,6,0,9,1,0
04:50:00,501209094,3,0,13,1,0
04:50:00,501209095,10,1,4,1,0
04:50:00,501209096,10,3,5,1,0
04:50:00,501209097,1,1,14,1,0
04:50:00,501209098,7,0,8,1,0
04:50:00,501209099,1,0,18,1,0
04:50:00,501209100,13,3,2,1,0
04:50:00,501209101,6,0,9,1,0
04:50:00,501209102,9,1,11,1,0
04:50:00,501209104,6,1,11,1,0
04:50:00,501209105,22,3,4,1,0
04:50:00,501209106,10,0,10,1,0
04:50:00,501211001,19,4,18,1,0
04:50:00,501211002,6,0,9,1,0
04:50:00,501211004,10,2,5,1,0
04:50:00,501211005,5,1,14,1,0
04:50:00,501211006,12,2,4,1,0
04:50:00,501211007,14,0,5,1,0
04:50:00,501211009,5,0,13,1,0
04:50:00,501211011,20,6,10,1,0
04:50:00,501211012,6,2,12,1,0
05:00:00,501201001,0,0,0,2,0
05:00:00,501201002,5,0,34,1,0
05:00:00,501201003,4,0,19,1,0
05:00:00,501201004,6,2,9,1,0
05:00:00,501201005,5,0,14,1,0
05:00:00,501201006,12,2,16,1,0
05:00:00,501201007,1,0,18,1,0
05:00:00,501201008,6,1,19,1,0
05:00:00,501201010,3,1,7,1,0
05:00:00,501201011,4,1,18,1,0
05:00:00,501201012,12,0,26,1,0
05:00:00,501201013,8,0,13,1,0
05:00:00,501201014,10,0,9,1,0
05:00:00,501201015,14,0,11,1,0
05:00:00,501201016,8,0,16,1,0
05:00:00,501201017,14,1,12,1,0
05:00:00,501201018,5,0,18,1,0
05:00:00,501201019,6,1,22,1,0
05:00:00,501201020,2,0,22,1,0
05:00:00,501201021,8,0,6,1,0
05:00:00,501201022,7,0,9,1,0
05:00:00,501201023,4,0,24,1,0
05:00:00,501201024,1,0,23,1,0
05:00:00,501201025,9,1,15,1,0
05:00:00,501201026,4,1,15,1,0
05:00:00,501201028,13,1,7,1,0
05:00:00,501201029,6,0,7,1,0
05:00:00,501201030,2,0,13,1,0
05:00:00,501201031,5,0,12,1,0
05:00:00,501202001,10,0,4,1,0
05:00:00,501202003,9,0,31,1,0
05:00:00,501202013,1,0,15,1,0
05:00:00,501202023,6,1,9,1,0
05:00:00,501202024,2,1,13,1,0
05:00:00,501202034,12,0,4,1,0
05:00:00,501202035,9,0,21,1,0
05:00:00,501202036,17,0,21,1,0
05:00:00,501202040,5,1,40,1,0
05:00:00,501202043,4,0,21,1,0
05:00:00,501202044,0,0,0,2,0
05:00:00,501202047,3,0,19,1,0
05:00:00,501202050,5,1,10,1,0
05:00:00,501202055,11,0,4,1,0
05:00:00,501202058,8,3,7,1,0
05:00:00,501202065,4,0,10,1,0
05:00:00,501202068,0,0,18,1,0
05:00:00,501202070,6,2,10,1,0
05:00:00,501202078,7,0,18,1,0
05:00:00,501202080,6,0,20,1,0
05:00:00,501202081,19,0,4,1,0
05:00:00,501202082,7,0,16,1,0
05:00:00,501202083,6,0,18,1,0
05:00:00,501202084,13,0,11,1,0
05:00:00,501202085,6,1,29,1,0
05:00:00,501202088,6,2,24,1,0
05:00:00,501202089,4,0,24,1,0
05:00:00,501202096,7,1,8,1,0
05:00:00,501203001,0,0,20,1,0
05:00:00,501203002,1,0,20,1,0
05:00:00,501203003,4,1,90,1,0
05:00:00,501203005,6,1,14,1,0
05:00:00,501203006,2,0,13,1,0
05:00:00,501203007,9,0,6,1,0
05:00:00,501203008,14,2,2,1,0
05:00:00,501203010,25,1,8,1,0
05:00:00,501203011,21,7,17,1,0
05:00:00,501203012,6,2,11,1,0
05:00:00,501203013,8,3,16,1,0
05:00:00,501203015,9,2,3,1,0
05:00:00,501203020,15,1,5,1,0
05:00:00,501203022,1,1,18,1,0
05:00:00,501203023,5,0,13,1,0
05:00:00,501203028,12,0,13,1,0
05:00:00,501203040,2,2,22,1,0
05:00:00,501203045,13,2,5,1,0
05:00:00,501203050,32,1,28,1,0
05:00:00,501203051,13,1,10,1,0
05:00:00,501203053,1,0,25,1,0
05:00:00,501203054,6,2,16,1,0
05:00:00,501203064,4,0,12,1,0
05:00:00,501203065,13,2,3,1,0
05:00:00,501203070,10,1,5,1,0
05:00:00,501203073,6,0,18,1,0
05:00:00,501203076,8,0,7,1,0
05:00:00,501203078,7,0,9,1,0
05:00:00,501203080,12,1,2,1,0
05:00:00,501203084,8,0,3,1,0
05:00:00,501203085,5,0,5,1,0
05:00:00,501203088,7,0,7,1,0
05:00:00,501203089,7,3,5,1,0
05:00:00,501203090,2,1,8,1,0
05:00:00,501203091,7,0,6,1,0
05:00:00,501203092,7,0,13,1,0
05:00:00,501203100,8,1,11,1,0
05:00:00,501203101,0,0,0,2,0
05:00:00,501203102,5,0,14,1,0
05:00:00,501203104,11,0,7,1,0
05:00:00,501203105,4,1,7,1,0
05:00:00,501203107,0,0,0,2,0
05:00:00,501203109,10,0,16,1,0
05:00:00,501203110,14,0,26,1,0
05:00:00,501203111,8,0,3,1,0
05:00:00,501203113,7,3,12,1,0
05:00:00,501203114,4,1,46,1,0
05:00:00,501203117,0,0,0,2,0
05:00:00,501203118,11,0,9,1,0
05:00:00,501203121,14,2,10,1,0
05:00:00,501203122,12,0,8,1,0
05:00:00,501203125,17,1,8,1,0
05:00:00,501203131,17,1,3,1,0
05:00:00,501203140,3,0,39,1,0
05:00:00,501203141,5,3,10,1,0
05:00:00,501203142,10,4,26,1,0
05:00:00,501203145,7,1,8,1,0
05:00:00,501203151,16,0,2,1,0
05:00:00,501203155,10,2,9,1,0
05:00:00,501203157,2,1,15,1,0
05:00:00,501203159,5,1,15,1,0
05:00:00,501203161,1,0,18,1,0
05:00:00,501203162,11,0,10,1,0
05:00:00,501203163,6,0,10,1,0
05:00:00,501204001,5,0,20,1,0
05:00:00,501204002,5,0,31,1,0
05:00:00,501204003,16,0,28,1,0
05:00:00,501204004,4,0,10,1,0
05:00:00,501204005,12,5,8,1,0
05:00:00,501204007,6,0,30,1,0
05:00:00,501204008,4,0,11,1,0
05:00:00,501204009,0,0,0,2,0
05:00:00,501204010,0,0,0,2,0
05:00:00,501204011,6,2,9,1,0
05:00:00,501204012,7,1,7,1,0
05:00:00,501204013,5,0,8,1,0
05:00:00,501204014,7,0,9,1,0
05:00:00,501204015,12,0,3,1,0
05:00:00,501204016,5,0,15,1,0
05:00:00,501204017,5,0,10,1,0
05:00:00,501204018,8,0,16,1,0
05:00:00,501204020,9,0,11,1,0
05:00:00,501204021,5,0,15,1,0
05:00:00,501204022,8,0,8,1,0
05:00:00,501204023,10,1,5,1,0
05:00:00,501204024,0,0,0,2,0
05:00:00,501204025,13,0,7,1,0
05:00:00,501205001,5,1,12,1,0
05:00:00,501205003,7,0,12,1,0
05:00:00,501205004,7,2,9,1,0
05:00:00,501205005,8,0,14,1,0
05:00:00,501205006,17,0,3,1,0
05:00:00,501205007,8,0,4,1,0
05:00:00,501205008,3,1,23,1,0
05:00:00,501205009,33,0,12,1,0
05:00:00,501205010,2,0,11,1,0
05:00:00,501205011,4,0,28,1,0
05:00:00,501205012,4,0,16,1,0
05:00:00,501205013,5,1,16,1,0
05:00:00,501205014,20,7,3,1,0
05:00:00,501205015,4,0,14,1,0
05:00:00,501205018,2,0,16,1,0
05:00:00,501205019,1,0,27,1,0
05:00:00,501205020,7,1,23,1,0
05:00:00,501205021,11,0,4,1,0
05:00:00,501205022,7,1,8,1,0
05:00:00,501205023,9,0,6,1,0
05:00:00,501205025,16,0,12,1,0
05:00:00,501205026,7,0,12,1,0
05:00:00,501205027,6,0,4,1,0
05:00:00,501205028,6,2,8,1,0
05:00:00,501205029,5,1,5,1,0
05:00:00,501205030,1,0,9,1,0
05:00:00,501205033,5,0,10,1,0
05:00:00,501205034,4,1,24,1,0
05:00:00,501205035,8,1,8,1,0
05:00:00,501205036,6,1,9,1,0
05:00:00,501205037,7,0,8,1,0
05:00:00,501205038,3,2,17,1,0
05:00:00,501205039,6,0,14,1,0
05:00:00,501205040,16,0,9,1,0
05:00:00,501205041,12,3,5,1,0
05:00:00,501205042,4,1,25,1,0
05:00:00,501208011,19,1,18,1,0
05:00:00,501208013,28,2,25,1,0
05:00:00,501208014,10,0,28,1,0
05:00:00,501208015,6,0,9,1,0
05:00:00,501208018,13,1,2,1,0
05:00:00,501208021,2,0,15,1,0
05:00:00,501208027,3,0,27,1,0
05:00:00,501208029,13,1,8,1,0
05:00:00,501208030,14,0,24,1,0
05:00:00,501208032,9,0,19,1,0
05:00:00,501208040,4,1,15,1,0
05:00:00,501208041,2,0,13,1,0
05:00:00,501208045,6,0,26,1,0
05:00:00,501208051,9,1,27,1,0
05:00:00,501208053,19,0,2,1,0
05:00:00,501208054,2,0,26,1,0
05:00:00,501208059,5,0,24,1,0
05:00:00,501208064,1,0,19,1,0
05:00:00,501208077,10,1,0,1,0
05:00:00,501208079,1,0,21,1,0
05:00:00,501208082,5,1,5,1,0
05:00:00,501208085,13,0,2,1,0
05:00:00,501208087,21,0,10,1,0
05:00:00,501208089,18,0,7,1,0
05:00:00,501208091,2,1,41,1,0
05:00:00,501208111,7,1,7,1,0
05:00:00,501208113,3,0,17,1,0
05:00:00,501208114,3,0,17,1,0
05:00:00,501208129,2,0,20,1,0
05:00:00,501208130,8,0,5,1,0
05:00:00,501209002,12,1,8,1,0
05:00:00,501209003,11,1,3,1,0
05:00:00,501209004,5,1,10,1,0
05:00:00,501209005,3,0,15,1,0
05:00:00,501209006,11,3,8,1,0
05:00:00,501209007,12,1,2,1,0
05:00:00,501209009,0,0,0,2,0
05:00:00,501209010,11,2,2,1,0
05:00:00,501209011,2,2,23,1,0
05:00:00,501209014,6,2,6,1,0
05:00:00,501209015,11,1,4,1,0
05:00:00,501209016,13,1,16,1,0
05:00:00,501209017,5,0,7,1,0
05:00:00,501209018,9,0,8,1,0
05:00:00,501209019,7,0,16,1,0
05:00:00,501209020,3,1,29,1,0
05:00:00,501209021,8,3,6,1,0
05:00:00,501209022,4,0,6,1,0
05:00:00,501209023,31,1,12,1,0
05:00:00,501209024,15,3,27,1,0
05:00:00,501209025,4,1,11,1,0
05:00:00,501209026,19,1,7,1,0
05:00:00,501209027,6,0,12,1,0
05:00:00,501209028,8,1,20,1,0
05:00:00,501209030,10,0,8,1,0
05:00:00,501209031,4,0,26,1,0
05:00:00,501209032,2,0,26,1,0
05:00:00,501209033,4,1,16,1,0
05:00:00,501209034,8,1,7,1,0
05:00:00,501209035,11,0,17,1,0
05:00:00,501209036,11,2,20,1,0
05:00:00,501209037,14,1,21,1,0
05:00:00,501209038,11,1,5,1,0
05:00:00,501209039,6,0,24,1,0
05:00:00,501209040,5,1,26,1,0
05:00:00,501209042,6,1,13,1,0
05:00:00,501209043,16,1,9,1,0
05:00:00,501209044,10,3,5,1,0
05:00:00,501209045,7,0,8,1,0
05:00:00,501209046,9,2,13,1,0
05:00:00,501209047,8,1,6,1,0
05:00:00,501209049,1,0,19,1,0
05:00:00,501209050,10,1,3,1,0
05:00:00,501209051,4,2,20,1,0
05:00:00,501209052,3,2,19,1,0
05:00:00,501209053,4,1,16,1,0
05:00:00,501209054,8,0,19,1,0
05:00:00,501209056,10,0,5,1,0
05:00:00,501209058,8,1,8,1,0
05:00:00,501209059,1,0,14,1,0
05:00:00,501209060,7,0,13,1,0
05:00:00,501209062,8,1,7,1,0
05:00:00,501209064,10,1,5,1,0
05:00:00,501209065,7,0,8,1,0
05:00:00,501209066,10,0,4,1,0
05:00:00,501209067,5,0,10,1,0
05:00:00,501209068,9,2,8,1,0
05:00:00,501209069,3,0,60,1,0
05:00:00,501209070,5,2,12,1,0
05:00:00,501209071,4,1,13,1,0
05:00:00,501209073,11,2,4,1,0
05:00:00,501209074,11,1,12,1,0
05:00:00,501209075,14,2,2,1,0
05:00:00,501209076,3,1,20,1,0
05:00:00,501209077,9,1,6,1,0
05:00:00,501209078,7,3,6,1,0
05:00:00,501209079,3,0,22,1,0
05:00:00,501209080,2,0,24,1,0
05:00:00,501209081,8,0,7,1,0
05:00:00,501209084,13,0,10,1,0
05:00:00,501209085,2,0,26,1,0
05:00:00,501209087,3,1,36,1,0
05:00:00,501209088,6,0,9,1,0
05:00:00,501209089,4,0,15,1,0
05:00:00,501209090,9,0,5,1,0
05:00:00,501209091,2,1,14,1,0
05:00:00,501209092,13,2,3,1,0
05:00:00,501209093,6,0,9,1,0
05:00:00,501209094,3,0,13,1,0
05:00:00,501209095,10,1,4,1,0
05:00:00,501209096,10,3,5,1,0
05:00:00,501209097,1,1,14,1,0
05:00:00,501209098,7,0,8,1,0
05:00:00,501209099,1,0,18,1,0
05:00:00,501209100,13,3,2,1,0
05:00:00,501209101,6,0,9,1,0
05:00:00,501209102,9,1,11,1,0
05:00:00,501209104,6,1,11,1,0
05:00:00,501209105,22,3,4,1,0
05:00:00,501209106,10,0,10,1,0
05:00:00,501211001,19,4,18,1,0
05:00:00,501211002,6,0,9,1,0
05:00:00,501211004,10,2,5,1,0
05:00:00,501211005,5,1,14,1,0
05:00:00,501211006,12,2,4,1,0
05:00:00,501211007,14,0,5,1,0
05:00:00,501211009,5,0,13,1,0
05:00:00,501211011,20,6,10,1,0
05:00:00,501211012,6,2,12,1,0
05:10:00,501201001,0,0,0,2,0
05:10:00,501201002,5,0,34,1,0
05:10:00,501201003,4,0,19,1,0
05:10:00,501201004,6,2,9,1,0
05:10:00,501201005,5,0,14,1,0
05:10:00,501201006,12,2,16,1,0
05:10:00,501201007,1,0,18,1,0
05:10:00,501201008,6,1,19,1,0
05:10:00,501201010,3,1,7,1,0
05:10:00,501201011,3,1,19,1,0
05:10:00,501201012,12,0,26,1,0
05:10:00,501201013,8,0,13,1,0
05:10:00,501201014,10,0,9,1,0
05:10:00,501201015,14,0,11,1,0
05:10:00,501201016,8,0,16,1,0
05:10:00,501201017,14,1,12,1,0
05:10:00,501201018,5,0,18,1,0
05:10:00,501201019,6,1,22,1,0
05:10:00,501201020,2,0,22,1,0
05:10:00,501201021,8,0,6,1,0
05:10:00,501201022,7,0,9,1,0
05:10:00,501201023,4,0,24,1,0
05:10:00,501201024,1,0,23,1,0
05:10:00,501201025,9,1,15,1,0
05:10:00,501201026,4,1,15,1,0
05:10:00,501201028,13,1,7,1,0
05:10:00,501201029,6,0,7,1,0
05:10:00,501201030,2,0,13,1,0
05:10:00,501201031,5,0,12,1,0
05:10:00,501202001,10,0,4,1,0
05:10:00,501202003,9,0,31,1,0
05:10:00,501202013,1,0,15,1,0
05:10:00,501202023,6,1,9,1,0
05:10:00,501202024,2,1,13,1,0
05:10:00,501202034,12,0,4,1,0
05:10:00,501202035,9,0,21,1,0
05:10:00,501202036,17,0,21,1,0
05:10:00,501202040,5,1,40,1,0
05:10:00,501202043,4,0,21,1,0
05:10:00,501202044,0,0,0,2,0
05:10:00,501202047,3,0,19,1,0
05:10:00,501202050,5,1,10,1,0
05:10:00,501202055,11,0,4,1,0
05:10:00,501202058,8,3,7,1,0
05:10:00,501202065,4,0,10,1,0
05:10:00,501202068,0,0,18,1,0
05:10:00,501202070,6,2,10,1,0
05:10:00,501202078,7,0,18,1,0
05:10:00,501202080,6,0,20,1,0
05:10:00,501202081,19,0,4,1,0
05:10:00,501202082,7,0,16,1,0
05:10:00,501202083,6,0,18,1,0
05:10:00,501202084,13,0,11,1,0
05:10:00,501202085,6,1,29,1,0
05:10:00,501202088,6,2,24,1,0
05:10:00,501202089,4,0,24,1,0
05:10:00,501202096,6,0,9,1,0
05:10:00,501203001,7,0,13,1,0
05:10:00,501203002,1,0,20,1,0
05:10:00,501203003,4,1,90,1,0
05:10:00,501203005,6,1,14,1,0
05:10:00,501203006,2,0,13,1,0
05:10:00,501203007,9,0,6,1,0
05:10:00,501203008,14,2,2,1,0
05:10:00,501203010,25,1,8,1,0
05:10:00,501203011,21,7,17,1,0
05:10:00,501203012,6,2,11,1,0
05:10:00,501203013,8,3,16,1,0
05:10:00,501203015,9,2,3,1,0
05:10:00,501203020,15,1,5,1,0
05:10:00,501203022,1,1,18,1,0
05:10:00,501203023,5,0,13,1,0
05:10:00,501203028,12,0,13,1,0
05:10:00,501203040,2,2,22,1,0
05:10:00,501203045,13,2,5,1,0
05:10:00,501203050,32,1,28,1,0
05:10:00,501203051,13,1,10,1,0
05:10:00,501203053,6,0,20,1,0
05:10:00,501203054,6,2,16,1,0
05:10:00,501203064,4,0,12,1,0
05:10:00,501203065,13,2,3,1,0
05:10:00,501203070,10,1,5,1,0
05:10:00,501203073,6,0,18,1,0
05:10:00,501203076,8,0,7,1,0
05:10:00,501203078,7,0,9,1,0
05:10:00,501203080,12,1,2,1,0
05:10:00,501203084,8,0,3,1,0
05:10:00,501203085,5,0,5,1,0
05:10:00,501203088,7,0,7,1,0
05:10:00,501203089,7,3,5,1,0
05:10:00,501203090,2,1,8,1,0
05:10:00,501203091,7,0,6,1,0
05:10:00,501203092,7,0,13,1,0
05:10:00,501203100,8,1,11,1,0
05:10:00,501203101,0,0,0,2,0
05:10:00,501203102,5,0,14,1,0
05:10:00,501203104,11,0,7,1,0
05:10:00,501203105,4,1,7,1,0
05:10:00,501203107,0,0,0,2,0
05:10:00,501203109,10,0,16,1,0
05:10:00,501203110,14,0,26,1,0
05:10:00,501203111,8,0,3,1,0
05:10:00,501203113,7,3,12,1,0
05:10:00,501203114,4,1,46,1,0
05:10:00,501203117,0,0,0,2,0
05:10:00,501203118,11,0,9,1,0
05:10:00,501203121,14,2,10,1,0
05:10:00,501203122,12,0,8,1,0
05:10:00,501203125,17,1,8,1,0
05:10:00,501203131,17,1,3,1,0
05:10:00,501203140,3,0,39,1,0
05:10:00,501203141,5,3,10,1,0
05:10:00,501203142,10,4,26,1,0
05:10:00,501203145,7,1,8,1,0
05:10:00,501203151,15,0,3,1,0
05:10:00,501203155,10,2,9,1,0
05:10:00,501203157,3,2,14,1,0
05:10:00,501203159,5,1,15,1,0
05:10:00,501203161,1,0,18,1,0
05:10:00,501203162,11,0,10,1,0
05:10:00,501203163,6,0,10,1,0
05:10:00,501204001,5,0,20,1,0
05:10:00,501204002,5,0,31,1,0
05:10:00,501204003,16,0,28,1,0
05:10:00,501204004,4,0,10,1,0
05:10:00,501204005,12,5,8,1,0
05:10:00,501204007,6,0,30,1,0
05:10:00,501204008,4,0,11,1,0
05:10:00,501204009,0,0,0,2,0
05:10:00,501204010,0,0,0,2,0
05:10:00,501204011,6,2,9,1,0
05:10:00,501204012,7,1,7,1,0
05:10:00,501204013,5,0,8,1,0
05:10:00,501204014,7,0,9,1,0
05:10:00,501204015,12,0,3,1,0
05:10:00,501204016,5,0,15,1,0
05:10:00,501204017,5,0,10,1,0
05:10:00,501204018,8,0,16,1,0
05:10:00,501204020,9,0,11,1,0
05:10:00,501204021,5,0,15,1,0
05:10:00,501204022,8,0,8,1,0
05:10:00,501204023,10,1,5,1,0
05:10:00,501204024,0,0,0,2,0
05:10:00,501204025,13,0,7,1,0
05:10:00,501205001,6,1,11,1,0
05:10:00,501205003,7,0,12,1,0
05:10:00,501205004,7,2,9,1,0
05:10:00,501205005,8,0,14,1,0
05:10:00,501205006,17,0,3,1,0
05:10:00,501205007,8,0,4,1,0
05:10:00,501205008,3,1,23,1,0
05:10:00,501205009,31,0,14,1,0
05:10:00,501205010,2,0,11,1,0
05:10:00,501205011,4,0,28,1,0
05:10:00,501205012,4,0,16,1,0
05:10:00,501205013,5,1,16,1,0
05:10:00,501205014,20,7,3,1,0
05:10:00,501205015,4,0,14,1,0
05:10:00,501205018,2,0,16,1,0
05:10:00,501205019,1,0,27,1,0
05:10:00,501205020,7,1,23,1,0
05:10:00,501205021,11,0,4,1,0
05:10:00,501205022,7,1,8,1,0
05:10:00,501205023,9,0,6,1,0
05:10:00,501205025,16,0,12,1,0
05:10:00,501205026,7,0,12,1,0
05:10:00,501205027,6,0,4,1,0
05:10:00,501205028,6,2,8,1,0
05:10:00,501205029,5,1,5,1,0
05:10:00,501205030,1,0,9,1,0
05:10:00,501205033,5,0,10,1,0
05:10:00,501205034,5,1,23,1,0
05:10:00,501205035,8,1,8,1,0
05:10:00,501205036,6,1,9,1,0
05:10:00,501205037,7,0,8,1,0
05:10:00,501205038,3,2,17,1,0
05:10:00,501205039,6,0,14,1,0
05:10:00,501205040,16,0,9,1,0
05:10:00,501205041,12,3,5,1,0
05:10:00,501205042,4,1,25,1,0
05:10:00,501208011,19,1,18,1,0
05:10:00,501208013,28,2,25,1,0
05:10:00,501208014,10,0,28,1,0
05:10:00,501208015,6,0,9,1,0
05:10:00,501208018,13,1,2,1,0
05:10:00,501208021,2,0,15,1,0
05:10:00,501208027,3,0,27,1,0
05:10:00,501208029,13,1,8,1,0
05:10:00,501208030,14,0,24,1,0
05:10:00,501208032,9,0,19,1,0
05:10:00,501208040,4,1,15,1,0
05:10:00,501208041,2,0,13,1,0
05:10:00,501208045,6,0,26,1,0
05:10:00,501208051,9,1,27,1,0
05:10:00,501208053,19,0,2,1,0
05:10:00,501208054,2,0,26,1,0
05:10:00,501208059,5,0,24,1,0
05:10:00,501208064,1,0,19,1,0
05:10:00,501208077,10,1,0,1,0
05:10:00,501208079,1,0,21,1,0
05:10:00,501208082,5,1,5,1,0
05:10:00,501208085,13,0,2,1,0
05:10:00,501208087,21,0,10,1,0
05:10:00,501208089,18,0,7,1,0
05:10:00,501208091,2,1,41,1,0
05:10:00,501208111,7,1,7,1,0
05:10:00,501208113,3,0,17,1,0
05:10:00,501208114,3,0,17,1,0
05:10:00,501208129,2,0,20,1,0
05:10:00,501208130,8,0,5,1,0
05:10:00,501209002,12,1,8,1,0
05:10:00,501209003,11,1,3,1,0
05:10:00,501209004,5,1,10,1,0
05:10:00,501209005,3,0,15,1,0
05:10:00,501209006,11,3,8,1,0
05:10:00,501209007,12,1,2,1,0
05:10:00,501209009,0,0,0,2,0
05:10:00,501209010,11,2,2,1,0
05:10:00,501209011,2,2,23,1,0
05:10:00,501209014,6,2,6,1,0
05:10:00,501209015,11,1,4,1,0
05:10:00,501209016,13,1,16,1,0
05:10:00,501209017,5,0,7,1,0
05:10:00,501209018,9,0,8,1,0
05:10:00,501209019,7,0,16,1,0
05:10:00,501209020,3,1,29,1,0
05:10:00,501209021,8,3,6,1,0
05:10:00,501209022,4,0,6,1,0
05:10:00,501209023,31,1,12,1,0
05:10:00,501209024,15,3,27,1,0
05:10:00,501209025,4,1,11,1,0
05:10:00,501209026,19,1,7,1,0
05:10:00,501209027,6,0,12,1,0
05:10:00,501209028,8,1,20,1,0
05:10:00,501209030,10,0,8,1,0
05:10:00,501209031,4,0,26,1,0
05:10:00,501209032,2,0,26,1,0
05:10:00,501209033,4,1,16,1,0
05:10:00,501209034,8,1,7,1,0
05:10:00,501209035,11,0,17,1,0
05:10:00,501209036,11,2,20,1,0
05:10:00,501209037,14,1,21,1,0
05:10:00,501209038,11,1,5,1,0
05:10:00,501209039,6,0,24,1,0
05:10:00,501209040,5,1,26,1,0
05:10:00,501209042,6,1,13,1,0
05:10:00,501209043,16,1,9,1,0
05:10:00,501209044,10,3,5,1,0
05:10:00,501209045,7,0,8,1,0
05:10:00,501209046,9,2,13,1,0
05:10:00,501209047,8,1,6,1,0
05:10:00,501209049,1,0,19,1,0
05:10:00,501209050,10,1,3,1,0
05:10:00,501209051,4,2,20,1,0
05:10:00,501209052,3,2,19,1,0
05:10:00,501209053,4,1,16,1,0
05:10:00,501209054,8,0,19,1,0
05:10:00,501209056,10,0,5,1,0
05:10:00,501209058,8,1,8,1,0
05:10:00,501209059,0,0,15,1,0
05:10:00,501209060,7,0,13,1,0
05:10:00,501209062,8,1,7,1,0
05:10:00,501209064,10,1,5,1,0
05:10:00,501209065,7,0,8,1,0
05:10:00,501209066,10,0,4,1,0
05:10:00,501209067,5,0,10,1,0
05:10:00,501209068,9,2,8,1,0
05:10:00,501209069,3,0,60,1,0
05:10:00,501209070,5,2,12,1,0
05:10:00,501209071,4,1,13,1,0
05:10:00,501209073,11,2,4,1,0
05:10:00,501209074,11,1,12,1,0
05:10:00,501209075,14,2,2,1,0
05:10:00,501209076,3,1,20,1,0
05:10:00,501209077,9,1,6,1,0
05:10:00,501209078,7,3,6,1,0
05:10:00,501209079,3,0,22,1,0
05:10:00,501209080,2,0,24,1,0
05:10:00,501209081,8,0,7,1,0
05:10:00,501209084,13,0,10,1,0
05:10:00,501209085,2,0,26,1,0
05:10:00,501209087,3,1,36,1,0
05:10:00,501209088,6,0,9,1,0
05:10:00,501209089,4,0,15,1,0
05:10:00,501209090,9,0,5,1,0
05:10:00,501209091,2,1,14,1,0
05:10:00,501209092,13,2,3,1,0
05:10:00,501209093,6,0,9,1,0
05:10:00,501209094,3,0,13,1,0
05:10:00,501209095,10,1,4,1,0
05:10:00,501209096,10,3,5,1,0
05:10:00,501209097,1,1,14,1,0
05:10:00,501209098,7,0,8,1,0
05:10:00,501209099,1,0,18,1,0
05:10:00,501209100,13,3,2,1,0
05:10:00,501209101,6,0,9,1,0
05:10:00,501209102,9,1,11,1,0
05:10:00,501209104,6,1,11,1,0
05:10:00,501209105,22,3,4,1,0
05:10:00,501209106,10,0,10,1,0
05:10:00,501211001,19,4,18,1,0
05:10:00,501211002,6,0,9,1,0
05:10:00,501211004,10,2,5,1,0
05:10:00,501211005,5,1,14,1,0
05:10:00,501211006,12,2,4,1,0
05:10:00,501211007,14,0,5,1,0
05:10:00,501211009,5,0,13,1,0
05:10:00,501211011,20,6,10,1,0
05:10:00,501211012,6,2,12,1,0
05:20:00,501201001,0,0,0,2,0
05:20:00,501201002,5,0,34,1,0
05:20:00,501201003,4,0,19,1,0
05:20:00,501201004,6,2,9,1,0
05:20:00,501201005,5,0,14,1,0
05:20:00,501201006,12,1,16,1,0
05:20:00,501201007,1,0,18,1,0
05:20:00,501201008,6,1,19,1,0
05:20:00,501201010,3,1,7,1,0
05:20:00,501201011,3,1,19,1,0
05:20:00,501201012,12,0,26,1,0
05:20:00,501201013,8,0,13,1,0
05:20:00,501201014,10,0,9,1,0
05:20:00,501201015,14,0,11,1,0
05:20:00,501201016,8,0,16,1,0
05:20:00,501201017,14,1,12,1,0
05:20:00,501201018,5,0,18,1,0
05:20:00,501201019,6,1,22,1,0
05:20:00,501201020,2,0,22,1,0
05:20:00,501201021,8,0,6,1,0
05:20:00,501201022,7,0,9,1,0
05:20:00,501201023,4,0,24,1,0
05:20:00,501201024,1,0,23,1,0
05:20:00,501201025,9,1,15,1,0
05:20:00,501201026,4,1,15,1,0
05:20:00,501201028,13,1,7,1,0
05:20:00,501201029,6,0,7,1,0
05:20:00,501201030,2,0,13,1,0
05:20:00,501201031,5,0,12,1,0
05:20:00,501202001,10,0,4,1,0
05:20:00,501202003,9,0,31,1,0
05:20:00,501202013,1,0,15,1,0
05:20:00,501202023,6,1,9,1,0
05:20:00,501202024,2,1,13,1,0
05:20:00,501202034,13,0,3,1,0
05:20:00,501202035,9,0,21,1,0
05:20:00,501202036,17,0,21,1,0
05:20:00,501202040,4,0,41,1,0
05:20:00,501202043,4,0,21,1,0
05:20:00,501202044,0,0,0,2,0
05:20:00,501202047,3,0,19,1,0
05:20:00,501202050,5,1,10,1,0
05:20:00,501202055,10,0,5,1,0
05:20:00,501202058,8,3,7,1,0
05:20:00,501202065,4,0,10,1,0
05:20:00,501202068,0,0,18,1,0
05:20:00,501202070,6,2,10,1,0
05:20:00,501202078,7,0,18,1,0
05:20:00,501202080,6,0,20,1,0
05:20:00,501202081,19,0,4,1,0
05:20:00,501202082,7,0,16,1,0
05:20:00,501202083,6,0,18,1,0
05:20:00,501202084,14,1,10,1,0
05:20:00,501202085,6,1,29,1,0
05:20:00,501202088,6,2,24,1,0
05:20:00,501202089,4,0,24,1,0
05:20:00,501202096,6,0,9,1,0
05:20:00,501203001,7,0,13,1,0
05:20:00,501203002,1,0,20,1,0
05:20:00,501203003,6,1,88,1,0
05:20:00,501203005,6,1,14,1,0
05:20:00,501203006,2,0,13,1,0
05:20:00,501203007,9,0,6,1,0
05:20:00,501203008,14,2,2,1,0
05:20:00,501203010,25,1,8,1,0
05:20:00,501203011,21,7,17,1,0
05:20:00,501203012,6,2,11,1,0
05:20:00,501203013,8,3,16,1,0
05:20:00,501203015,9,2,3,1,0
05:20:00,501203020,13,0,7,1,0
05:20:00,501203022,1,1,18,1,0
05:20:00,501203023,4,0,14,1,0
05:20:00,501203028,12,0,13,1,0
05:20:00,501203040,2,1,22,1,0
05:20:00,501203045,12,2,6,1,0
05:20:00,501203050,32,1,28,1,0
05:20:00,501203051,13,1,10,1,0
05:20:00,501203053,6,0,20,1,0
05:20:00,501203054,6,2,16,1,0
05:20:00,501203064,4,0,12,1,0
05:20:00,501203065,12,1,4,1,0
05:20:00,501203070,10,1,5,1,0
05:20:00,501203073,6,0,18,1,0
05:20:00,501203076,8,0,7,1,0
05:20:00,501203078,7,0,9,1,0
05:20:00,501203080,12,1,2,1,0
05:20:00,501203084,7,0,4,1,0
05:20:00,501203085,5,0,5,1,0
05:20:00,501203088,7,0,7,1,0
05:20:00,501203089,7,3,5,1,0
05:20:00,501203090,2,1,8,1,0
05:20:00,501203091,7,0,6,1,0
05:20:00,501203092,7,0,13,1,0
05:20:00,501203100,8,1,11,1,0
05:20:00,501203101,0,0,0,2,0
05:20:00,501203102,5,0,14,1,0
05:20:00,501203104,11,0,7,1,0
05:20:00,501203105,4,1,7,1,0
05:20:00,501203107,0,0,0,2,0
05:20:00,501203109,10,0,16,1,0
05:20:00,501203110,14,0,26,1,0
05:20:00,501203111,8,0,3,1,0
05:20:00,501203113,7,3,12,1,0
05:20:00,501203114,5,2,45,1,0
05:20:00,501203117,0,0,0,2,0
05:20:00,501203118,11,0,9,1,0
05:20:00,501203121,14,2,10,1,0
05:20:00,501203122,12,0,8,1,0
05:20:00,501203125,17,1,8,1,0
05:20:00,501203131,17,1,3,1,0
05:20:00,501203140,4,1,38,1,0
05:20:00,501203141,5,3,10,1,0
05:20:00,501203142,10,3,26,1,0
05:20:00,501203145,7,1,8,1,0
05:20:00,501203151,14,0,4,1,0
05:20:00,501203155,10,2,9,1,0
05:20:00,501203157,3,2,14,1,0
05:20:00,501203159,5,1,15,1,0
05:20:00,501203161,1,0,18,1,0
05:20:00,501203162,11,0,10,1,0
05:20:00,501203163,6,0,10,1,0
05:20:00,501204001,5,0,20,1,0
05:20:00,501204002,5,0,31,1,0
05:20:00,501204003,16,0,28,1,0
05:20:00,501204004,4,0,10,1,0
05:20:00,501204005,13,5,7,1,0
05:20:00,501204007,6,0,30,1,0
05:20:00,501204008,4,0,11,1,0
05:20:00,501204009,0,0,0,2,0
05:20:00,501204010,0,0,0,2,0
05:20:00,501204011,6,2,9,1,0
05:20:00,501204012,7,1,7,1,0
05:20:00,501204013,5,0,8,1,0
05:20:00,501204014,7,0,9,1,0
05:20:00,501204015,12,0,3,1,0
05:20:00,501204016,5,0,15,1,0
05:20:00,501204017,5,0,10,1,0
05:20:00,501204018,8,0,16,1,0
05:20:00,501204020,9,0,11,1,0
05:20:00,501204021,5,0,15,1,0
05:20:00,501204022,8,0,8,1,0
05:20:00,501204023,10,1,5,1,0
05:20:00,501204024,0,0,0,2,0
05:20:00,501204025,13,0,7,1,0
05:20:00,501205001,6,1,11,1,0
05:20:00,501205003,7,0,12,1,0
05:20:00,501205004,6,1,10,1,0
05:20:00,501205005,8,0,14,1,0
05:20:00,501205006,17,0,3,1,0
05:20:00,501205007,8,0,4,1,0
05:20:00,501205008,5,1,21,1,0
05:20:00,501205009,31,0,14,1,0
05:20:00,501205010,2,0,11,1,0
05:20:00,501205011,4,0,28,1,0
05:20:00,501205012,4,0,16,1,0
05:20:00,501205013,5,1,16,1,0
05:20:00,501205014,20,7,3,1,0
05:20:00,501205015,4,0,14,1,0
05:20:00,501205018,2,0,16,1,0
05:20:00,501205019,1,0,27,1,0
05:20:00,501205020,7,1,23,1,0
05:20:00,501205021,11,0,4,1,0
05:20:00,501205022,7,1,8,1,0
05:20:00,501205023,9,0,6,1,0
05:20:00,501205025,16,0,12,1,0
05:20:00,501205026,7,0,12,1,0
05:20:00,501205027,6,0,4,1,0
05:20:00,501205028,6,2,8,1,0
05:20:00,501205029,5,1,5,1,0
05:20:00,501205030,1,0,9,1,0
05:20:00,501205033,5,0,10,1,0
05:20:00,501205034,5,1,23,1,0
05:20:00,501205035,7,1,9,1,0
05:20:00,501205036,6,1,9,1,0
05:20:00,501205037,7,0,8,1,0
05:20:00,501205038,3,2,17,1,0
05:20:00,501205039,6,0,14,1,0
05:20:00,501205040,16,0,9,1,0
05:20:00,501205041,12,3,5,1,0
05:20:00,501205042,4,1,25,1,0
05:20:00,501208011,19,1,18,1,0
05:20:00,501208013,28,2,25,1,0
05:20:00,501208014,10,0,28,1,0
05:20:00,501208015,6,0,9,1,0
05:20:00,501208018,13,1,2,1,0
05:20:00,501208021,2,0,15,1,0
05:20:00,501208027,3,0,27,1,0
05:20:00,501208029,13,0,8,1,0
05:20:00,501208030,14,0,24,1,0
05:20:00,501208032,9,0,19,1,0
05:20:00,501208040,4,1,15,1,0
05:20:00,501208041,2,0,13,1,0
05:20:00,501208045,6,0,26,1,0
05:20:00,501208051,9,1,27,1,0
05:20:00,501208053,19,0,2,1,0
05:20:00,501208054,2,0,26,1,0
05:20:00,501208059,5,0,24,1,0
05:20:00,501208064,1,0,19,1,0
05:20:00,501208077,10,1,0,1,0
05:20:00,501208079,1,0,21,1,0
05:20:00,501208082,5,1,5,1,0
05:20:00,501208085,13,0,2,1,0
05:20:00,501208087,21,0,10,1,0
05:20:00,501208089,18,0,7,1,0
05:20:00,501208091,2,1,41,1,0
05:20:00,501208111,6,0,8,1,0
05:20:00,501208113,3,0,17,1,0
05:20:00,501208114,3,0,17,1,0
05:20:00,501208129,2,0,20,1,0
05:20:00,501208130,8,0,5,1,0
05:20:00,501209002,11,0,9,1,0
05:20:00,501209003,11,1,3,1,0
05:20:00,501209004,5,1,10,1,0
05:20:00,501209005,3,0,15,1,0
05:20:00,501209006,11,3,8,1,0
05:20:00,501209007,12,1,2,1,0
05:20:00,501209009,0,0,0,2,0
05:20:00,501209010,11,2,2,1,0
05:20:00,501209011,2,2,23,1,0
05:20:00,501209014,6,2,6,1,0
05:20:00,501209015,11,1,4,1,0
05:20:00,501209016,13,1,16,1,0
05:20:00,501209017,5,0,7,1,0
05:20:00,501209018,9,0,8,1,0
05:20:00,501209019,7,0,16,1,0
05:20:00,501209020,3,1,29,1,0
05:20:00,501209021,8,3,6,1,0
05:20:00,501209022,4,0,6,1,0
05:20:00,501209023,31,1,12,1,0
05:20:00,501209024,15,3,27,1,0
05:20:00,501209025,4,1,11,1,0
05:20:00,501209026,19,1,7,1,0
05:20:00,501209027,6,0,12,1,0
05:20:00,501209028,8,1,20,1,0
05:20:00,501209030,10,0,8,1,0
05:20:00,501209031,4,0,26,1,0
05:20:00,501209032,2,0,26,1,0
05:20:00,501209033,4,1,16,1,0
05:20:00,501209034,8,1,7,1,0
05:20:00,501209035,11,0,17,1,0
05:20:00,501209036,11,2,20,1,0
05:20:00,501209037,14,1,21,1,0
05:20:00,501209038,11,1,5,1,0
05:20:00,501209039,6,0,24,1,0
05:20:00,501209040,5,1,26,1,0
05:20:00,501209042,6,1,13,1,0
05:20:00,501209043,16,1,9,1,0
05:20:00,501209044,10,3,5,1,0
05:20:00,501209045,7,0,8,1,0
05:20:00,501209046,9,2,13,1,0
05:20:00,501209047,8,1,6,1,0
05:20:00,501209049,1,0,19,1,0
05:20:00,501209050,10,1,3,1,0
05:20:00,501209051,4,2,20,1,0
05:20:00,501209052,3,2,19,1,0
05:20:00,501209053,4,1,16,1,0
05:20:00,501209054,8,0,19,1,0
05:20:00,501209056,10,0,5,1,0
05:20:00,501209058,8,1,8,1,0
05:20:00,501209059,0,0,15,1,0
05:20:00,501209060,7,0,13,1,0
05:20:00,501209062,8,1,7,1,0
05:20:00,501209064,10,1,5,1,0
05:20:00,501209065,7,0,8,1,0
05:20:00,501209066,10,0,4,1,0
05:20:00,501209067,5,0,10,1,0
05:20:00,501209068,9,2,8,1,0
05:20:00,501209069,3,0,60,1,0
05:20:00,501209070,5,2,12,1,0
05:20:00,501209071,4,1,13,1,0
05:20:00,501209073,11,2,4,1,0
05:20:00,501209074,11,1,12,1,0
05:20:00,501209075,14,2,2,1,0
05:20:00,501209076,3,1,20,1,0
05:20:00,501209077,9,1,6,1,0
05:20:00,501209078,7,3,6,1,0
05:20:00,501209079,4,0,21,1,0
05:20:00,501209080,2,0,24,1,0
05:20:00,501209081,8,0,7,1,0
05:20:00,501209084,13,0,10,1,0
05:20:00,501209085,2,0,25,1,0
05:20:00,501209087,3,1,36,1,0
05:20:00,501209088,6,0,9,1,0
05:20:00,501209089,4,0,15,1,0
05:20:00,501209090,9,0,5,1,0
05:20:00,501209091,2,1,14,1,0
05:20:00,501209092,13,2,3,1,0
05:20:00,501209093,6,0,9,1,0
05:20:00,501209094,3,0,13,1,0
05:20:00,501209095,10,1,4,1,0
05:20:00,501209096,10,3,5,1,0
05:20:00,501209097,1,1,14,1,0
05:20:00,501209098,7,0,8,1,0
05:20:00,501209099,1,0,18,1,0
05:20:00,501209100,13,3,2,1,0
05:20:00,501209101,6,0,9,1,0
05:20:00,501209102,9,1,11,1,0
05:20:00,501209104,6,1,11,1,0
05:20:00,501209105,22,3,4,1,0
05:20:00,501209106,10,0,10,1,0
05:20:00,501211001,19,4,18,1,0
05:20:00,501211002,6,0,9,1,0
05:20:00,501211004,10,2,5,1,0
05:20:00,501211005,5,1,14,1,0
05:20:00,501211006,12,2,4,1,0
05:20:00,501211007,14,0,5,1,0
05:20:00,501211009,5,0,13,1,0
05:20:00,501211011,20,6,10,1,0
05:20:00,501211012,6,2,12,1,0
05:30:00,501201001,0,0,0,2,0
05:30:00,501201002,5,0,34,1,0
05:30:00,501201003,4,0,19,1,0
05:30:00,501201004,6,2,9,1,0
05:30:00,501201005,5,0,14,1,0
05:30:00,501201006,12,1,16,1,0
05:30:00,501201007,1,0,18,1,0
05:30:00,501201008,6,1,19,1,0
05:30:00,501201010,3,1,7,1,0
05:30:00,501201011,3,1,19,1,0
05:30:00,501201012,12,0,26,1,0
05:30:00,501201013,8,0,13,1,0
05:30:00,501201014,10,0,9,1,0
05:30:00,501201015,14,0,11,1,0
05:30:00,501201016,8,0,16,1,0
05:30:00,501201017,13,0,13,1,0
05:30:00,501201018,5,0,18,1,0
05:30:00,501201019,6,1,22,1,0
05:30:00,501201020,2,0,22,1,0
05:30:00,501201021,8,0,6,1,0
05:30:00,501201022,7,0,9,1,0
05:30:00,501201023,4,0,24,1,0
05:30:00,501201024,1,0,23,1,0
05:30:00,501201025,9,1,15,1,0
05:30:00,501201026,4,1,15,1,0
05:30:00,501201028,13,1,7,1,0
05:30:00,501201029,6,0,7,1,0
05:30:00,501201030,2,0,13,1,0
05:30:00,501201031,5,0,12,1,0
05:30:00,501202001,10,0,4,1,0
05:30:00,501202003,9,0,31,1,0
05:30:00,501202013,1,0,15,1,0
05:30:00,501202023,6,1,9,1,0
05:30:00,501202024,2,1,13,1,0
05:30:00,501202034,13,0,3,1,0
05:30:00,501202035,9,0,21,1,0
05:30:00,501202036,17,0,21,1,0
05:30:00,501202040,4,0,41,1,0
05:30:00,501202043,4,0,21,1,0
05:30:00,501202044,0,0,0,2,0
05:30:00,501202047,3,0,19,1,0
05:30:00,501202050,5,1,10,1,0
05:30:00,501202055,10,0,5,1,0
05:30:00,501202058,8,3,7,1,0
05:30:00,501202065,4,0,10,1,0
05:30:00,501202068,0,0,18,1,0
05:30:00,501202070,6,2,10,1,0
05:30:00,501202078,7,0,18,1,0
05:30:00,501202080,6,0,20,1,0
05:30:00,501202081,19,0,4,1,0
05:30:00,501202082,7,0,16,1,0
05:30:00,501202083,6,0,18,1,0
05:30:00,501202084,14,1,10,1,0
05:30:00,501202085,6,1,29,1,0
05:30:00,501202088,6,2,24,1,0
05:30:00,501202089,4,0,24,1,0
05:30:00,501202096,6,0,9,1,0
05:30:00,501203001,7,0,13,1,0
05:30:00,501203002,1,0,20,1,0
05:30:00,501203003,6,1,88,1,0
05:30:00,501203005,6,1,14,1,0
05:30:00,501203006,2,0,13,1,0
05:30:00,501203007,9,0,6,1,0
05:30:00,501203008,14,2,2,1,0
05:30:00,501203010,25,1,8,1,0
05:30:00,501203011,21,7,17,1,0
05:30:00,501203012,6,2,11,1,0
05:30:00,501203013,11,4,13,1,0
05:30:00,501203015,9,2,3,1,0
05:30:00,501203020,13,0,7,1,0
05:30:00,501203022,1,1,18,1,0
05:30:00,501203023,3,0,15,1,0
05:30:00,501203028,13,0,12,1,0
05:30:00,501203040,2,1,22,1,0
05:30:00,501203045,12,1,6,1,0
05:30:00,501203050,32,1,28,1,0
05:30:00,501203051,13,1,10,1,0
05:30:00,501203053,6,0,20,1,0
05:30:00,501203054,6,2,16,1,0
05:30:00,501203064,4,0,12,1,0
05:30:00,501203065,10,0,6,1,0
05:30:00,501203070,10,1,5,1,0
05:30:00,501203073,6,0,18,1,0
05:30:00,501203076,8,0,7,1,0
05:30:00,501203078,6,0,10,1,0
05:30:00,501203080,12,1,2,1,0
05:30:00,501203084,7,0,4,1,0
05:30:00,501203085,5,0,5,1,0
05:30:00,501203088,7,0,7,1,0
05:30:00,501203089,7,3,5,1,0
05:30:00,501203090,2,1,8,1,0
05:30:00,501203091,7,0,6,1,0
05:30:00,501203092,7,0,13,1,0
05:30:00,501203100,8,1,11,1,0
05:30:00,501203101,0,0,0,2,0
05:30:00,501203102,5,0,14,1,0
05:30:00,501203104,11,0,7,1,0
05:30:00,501203105,4,1,7,1,0
05:30:00,501203107,0,0,0,2,0
05:30:00,501203109,10,0,16,1,0
05:30:00,501203110,14,0,26,1,0
05:30:00,501203111,7,0,4,1,0
05:30:00,501203113,7,3,12,1,0
05:30:00,501203114,5,2,45,1,0
05:30:00,501203117,0,0,0,2,0
05:30:00,501203118,11,0,9,1,0
05:30:00,501203121,14,2,10,1,0
05:30:00,501203122,12,0,8,1,0
05:30:00,501203125,17,1,8,1,0
05:30:00,501203131,17,1,3,1,0
05:30:00,501203140,4,1,38,1,0
05:30:00,501203141,5,3,10,1,0
05:30:00,501203142,11,4,25,1,0
05:30:00,501203145,7,1,8,1,0
05:30:00,501203151,12,0,6,1,0
05:30:00,501203155,10,2,9,1,0
05:30:00,501203157,2,2,15,1,0
05:30:00,501203159,5,1,15,1,0
05:30:00,501203161,1,0,18,1,0
05:30:00,501203162,11,0,10,1,0
05:30:00,501203163,6,0,10,1,0
05:30:00,501204001,5,0,20,1,0
05:30:00,501204002,4,0,32,1,0
05:30:00,501204003,16,0,28,1,0
05:30:00,501204004,4,0,10,1,0
05:30:00,501204005,13,5,7,1,0
05:30:00,501204007,6,0,30,1,0
05:30:00,501204008,4,0,11,1,0
05:30:00,501204009,0,0,0,2,0
05:30:00,501204010,0,0,0,2,0
05:30:00,501204011,6,2,9,1,0
05:30:00,501204012,7,1,7,1,0
05:30:00,501204013,5,0,8,1,0
05:30:00,501204014,7,0,9,1,0
05:30:00,501204015,12,0,3,1,0
05:30:00,501204016,5,0,15,1,0
05:30:00,501204017,5,0,10,1,0
05:30:00,501204018,7,0,17,1,0
05:30:00,501204020,9,0,11,1,0
05:30:00,501204021,5,0,15,1,0
05:30:00,501204022,8,0,8,1,0
05:30:00,501204023,10,0,5,1,0
05:30:00,501204024,0,0,0,2,0
05:30:00,501204025,13,0,7,1,0
05:30:00,501205001,6,1,11,1,0
05:30:00,501205003,7,0,12,1,0
05:30:00,501205004,6,1,10,1,0
05:30:00,501205005,8,0,14,1,0
05:30:00,501205006,17,0,3,1,0
05:30:00,501205007,8,0,4,1,0
05:30:00,501205008,5,1,21,1,0
05:30:00,501205009,31,0,14,1,0
05:30:00,501205010,2,0,11,1,0
05:30:00,501205011,4,0,28,1,0
05:30:00,501205012,4,0,16,1,0
05:30:00,501205013,5,1,16,1,0
05:30:00,501205014,20,7,3,1,0
05:30:00,501205015,4,0,14,1,0
05:30:00,501205018,2,0,16,1,0
05:30:00,501205019,1,0,27,1,0
05:30:00,501205020,7,1,23,1,0
05:30:00,501205021,11,0,4,1,0
05:30:00,501205022,7,1,8,1,0
05:30:00,501205023,9,0,6,1,0
05:30:00,501205025,16,0,12,1,0
05:30:00,501205026,7,0,12,1,0
05:30:00,501205027,6,0,4,1,0
05:30:00,501205028,6,2,8,1,0
05:30:00,501205029,5,1,5,1,0
05:30:00,501205030,1,0,9,1,0
05:30:00,501205033,5,0,10,1,0
05:30:00,501205034,5,1,23,1,0
05:30:00,501205035,7,1,9,1,0
05:30:00,501205036,6,1,9,1,0
05:30:00,501205037,7,0,8,1,0
05:30:00,501205038,3,2,17,1,0
05:30:00,501205039,6,0,14,1,0
05:30:00,501205040,16,0,9,1,0
05:30:00,501205041,12,3,5,1,0
05:30:00,501205042,4,1,25,1,0
05:30:00,501208011,19,1,18,1,0
05:30:00,501208013,28,2,25,1,0
05:30:00,501208014,10,0,28,1,0
05:30:00,501208015,6,0,9,1,0
05:30:00,501208018,13,1,2,1,0
05:30:00,501208021,2,0,15,1,0
05:30:00,501208027,3,0,27,1,0
05:30:00,501208029,13,0,8,1,0
05:30:00,501208030,14,0,24,1,0
05:30:00,501208032,9,0,19,1,0
05:30:00,501208040,4,1,15,1,0
05:30:00,501208041,2,0,13,1,0
05:30:00,501208045,6,0,26,1,0
05:30:00,501208051,9,1,27,1,0
05:30:00,501208053,19,0,2,1,0
05:30:00,501208054,2,0,26,1,0
05:30:00,501208059,5,0,24,1,0
05:30:00,501208064,1,0,19,1,0
05:30:00,501208077,10,1,0,1,0
05:30:00,501208079,1,0,21,1,0
05:30:00,501208082,5,1,5,1,0
05:30:00,501208085,13,0,2,1,0
05:30:00,501208087,21,0,10,1,0
05:30:00,501208089,16,0,9,1,0
05:30:00,501208091,2,1,41,1,0
05:30:00,501208111,6,0,8,1,0
05:30:00,501208113,3,0,17,1,0
05:30:00,501208114,3,0,17,1,0
05:30:00,501208129,2,0,20,1,0
05:30:00,501208130,8,0,5,1,0
05:30:00,501209002,11,0,9,1,0
05:30:00,501209003,11,1,3,1,0
05:30:00,501209004,5,1,10,1,0
05:30:00,501209005,3,0,15,1,0
05:30:00,501209006,11,3,8,1,0
05:30:00,501209007,12,1,2,1,0
05:30:00,501209009,0,0,0,2,0
05:30:00,501209010,11,2,2,1,0
05:30:00,501209011,2,2,23,1,0
05:30:00,501209014,6,2,6,1,0
05:30:00,501209015,11,1,4,1,0
05:30:00,501209016,13,1,16,1,0
05:30:00,501209017,5,0,7,1,0
05:30:00,501209018,9,0,8,1,0
05:30:00,501209019,7,0,16,1,0
05:30:00,501209020,3,1,29,1,0
05:30:00,501209021,8,3,6,1,0
05:30:00,501209022,4,0,6,1,0
05:30:00,501209023,30,1,13,1,0
05:30:00,501209024,15,3,27,1,0
05:30:00,501209025,4,1,11,1,0
05:30:00,501209026,19,1,7,1,0
05:30:00,501209027,6,0,12,1,0
05:30:00,501209028,8,1,20,1,0
05:30:00,501209030,10,0,8,1,0
05:30:00,501209031,4,0,26,1,0
05:30:00,501209032,2,0,26,1,0
05:30:00,501209033,4,1,16,1,0
05:30:00,501209034,8,1,7,1,0
05:30:00,501209035,11,0,17,1,0
05:30:00,501209036,11,2,20,1,0
05:30:00,501209037,14,1,21,1,0
05:30:00,501209038,11,1,5,1,0
05:30:00,501209039,6,0,24,1,0
05:30:00,501209040,5,1,26,1,0
05:30:00,501209042,6,1,13,1,0
05:30:00,501209043,16,1,9,1,0
05:30:00,501209044,10,3,5,1,0
05:30:00,501209045,7,0,8,1,0
05:30:00,501209046,9,2,13,1,0
05:30:00,501209047,8,1,6,1,0
05:30:00,501209049,1,0,19,1,0
05:30:00,501209050,10,1,3,1,0
05:30:00,501209051,4,2,20,1,0
05:30:00,501209052,3,2,19,1,0
05:30:00,501209053,4,1,16,1,0
05:30:00,501209054,8,0,19,1,0
05:30:00,501209056,10,0,5,1,0
05:30:00,501209058,7,1,9,1,0
05:30:00,501209059,0,0,15,1,0
05:30:00,501209060,7,0,13,1,0
05:30:00,501209062,8,1,7,1,0
05:30:00,501209064,8,0,7,1,0
05:30:00,501209065,7,0,8,1,0
05:30:00,501209066,10,0,4,1,0
05:30:00,501209067,5,0,10,1,0
05:30:00,501209068,9,2,8,1,0
05:30:00,501209069,3,0,60,1,0
05:30:00,501209070,5,2,12,1,0
05:30:00,501209071,4,1,13,1,0
05:30:00,501209073,12,2,3,1,0
05:30:00,501209074,11,1,12,1,0
05:30:00,501209075,14,2,2,1,0
05:30:00,501209076,3,1,20,1,0
05:30:00,501209077,9,1,6,1,0
05:30:00,501209078,6,2,7,1,0
05:30:00,501209079,3,0,22,1,0
05:30:00,501209080,3,1,23,1,0
05:30:00,501209081,8,0,7,1,0
05:30:00,501209084,13,0,10,1,0
05:30:00,501209085,2,0,24,1,0
05:30:00,501209087,3,1,36,1,0
05:30:00,501209088,6,0,9,1,0
05:30:00,501209089,4,0,15,1,0
05:30:00,501209090,9,0,5,1,0
05:30:00,501209091,2,1,14,1,0
05:30:00,501209092,13,2,3,1,0
05:30:00,501209093,6,0,9,1,0
05:30:00,501209094,3,0,13,1,0
05:30:00,501209095,10,1,4,1,0
05:30:00,501209096,10,3,5,1,0
05:30:00,501209097,1,1,14,1,0
05:30:00,501209098,7,0,8,1,0
05:30:00,501209099,1,0,18,1,0
05:30:00,501209100,13,3,2,1,0
05:30:00,501209101,6,0,9,1,0
05:30:00,501209102,9,1,11,1,0
05:30:00,501209104,6,1,11,1,0
05:30:00,501209105,22,3,4,1,0
05:30:00,501209106,10,0,10,1,0
05:30:00,501211001,19,4,18,1,0
05:30:00,501211002,6,0,9,1,0
05:30:00,501211004,10,2,5,1,0
05:30:00,501211005,5,1,14,1,0
05:30:00,501211006,12,2,4,1,0
05:30:00,501211007,14,0,5,1,0
05:30:00,501211009,5,0,13,1,0
05:30:00,501211011,20,6,10,1,0
05:30:00,501211012,6,2,12,1,0
05:40:00,501201001,0,0,0,2,0
05:40:00,501201002,5,0,34,1,0
05:40:00,501201003,4,0,19,1,0
05:40:00,501201004,6,2,9,1,0
05:40:00,501201005,5,0,14,1,0
05:40:00,501201006,12,1,16,1,0
05:40:00,501201007,1,0,18,1,0
05:40:00,501201008,6,1,19,1,0
05:40:00,501201010,3,1,7,1,0
05:40:00,501201011,3,1,19,1,0
05:40:00,501201012,12,0,26,1,0
05:40:00,501201013,8,0,13,1,0
05:40:00,501201014,10,0,9,1,0
05:40:00,501201015,14,0,11,1,0
05:40:00,501201016,7,0,17,1,0
05:40:00,501201017,13,0,13,1,0
05:40:00,501201018,5,0,18,1,0
05:40:00,501201019,6,1,22,1,0
05:40:00,501201020,1,0,23,1,0
05:40:00,501201021,8,0,6,1,0
05:40:00,501201022,7,0,9,1,0
05:40:00,501201023,4,0,24,1,0
05:40:00,501201024,1,0,23,1,0
05:40:00,501201025,8,1,16,1,0
05:40:00,501201026,4,0,15,1,0
05:40:00,501201028,13,1,7,1,0
05:40:00,501201029,6,0,7,1,0
05:40:00,501201030,2,0,13,1,0
05:40:00,501201031,5,0,12,1,0
05:40:00,501202001,10,0,4,1,0
05:40:00,501202003,9,0,31,1,0
05:40:00,501202013,1,0,15,1,0
05:40:00,501202023,6,1,9,1,0
05:40:00,501202024,2,1,13,1,0
05:40:00,501202034,13,0,3,1,0
05:40:00,501202035,9,0,21,1,0
05:40:00,501202036,18,1,20,1,0
05:40:00,501202040,4,0,41,1,0
05:40:00,501202043,4,0,21,1,0
05:40:00,501202044,0,0,0,2,0
05:40:00,501202047,3,0,19,1,0
05:40:00,501202050,5,1,10,1,0
05:40:00,501202055,9,0,6,1,0
05:40:00,501202058,8,3,7,1,0
05:40:00,501202065,4,0,10,1,0
05:40:00,501202068,0,0,18,1,0
05:40:00,501202070,6,2,10,1,0
05:40:00,501202078,7,0,18,1,0
05:40:00,501202080,6,0,20,1,0
05:40:00,501202081,19,0,4,1,0
05:40:00,501202082,6,0,17,1,0
05:40:00,501202083,6,0,18,1,0
05:40:00,501202084,14,1,10,1,0
05:40:00,501202085,5,1,30,1,0
05:40:00,501202088,6,2,24,1,0
05:40:00,501202089,4,0,24,1,0
05:40:00,501202096,6,0,9,1,0
05:40:00,501203001,7,0,13,1,0
05:40:00,501203002,1,0,20,1,0
05:40:00,501203003,9,2,85,1,0
05:40:00,501203005,6,1,14,1,0
05:40:00,501203006,2,0,13,1,0
05:40:00,501203007,9,0,6,1,0
05:40:00,501203008,14,2,2,1,0
05:40:00,501203010,25,1,8,1,0
05:40:00,501203011,21,7,17,1,0
05:40:00,501203012,6,2,11,1,0
05:40:00,501203013,11,4,13,1,0
05:40:00,501203015,9,2,3,1,0
05:40:00,501203020,13,0,7,1,0
05:40:00,501203022,1,1,18,1,0
05:40:00,501203023,3,0,15,1,0
05:40:00,501203028,13,0,12,1,0
05:40:00,501203040,2,1,22,1,0
05:40:00,501203045,12,0,6,1,0
05:40:00,501203050,32,1,28,1,0
05:40:00,501203051,13,1,10,1,0
05:40:00,501203053,6,0,20,1,0
05:40:00,501203054,6,2,16,1,0
05:40:00,501203064,3,0,13,1,0
05:40:00,501203065,7,0,9,1,0
05:40:00,501203070,10,1,5,1,0
05:40:00,501203073,6,0,18,1,0
05:40:00,501203076,8,0,7,1,0
05:40:00,501203078,6,0,10,1,0
05:40:00,501203080,12,1,2,1,0
05:40:00,501203084,7,0,4,1,0
05:40:00,501203085,5,0,5,1,0
05:40:00,501203088,7,0,7,1,0
05:40:00,501203089,7,3,5,1,0
05:40:00,501203090,2,1,8,1,0
05:40:00,501203091,7,0,6,1,0
05:40:00,501203092,7,0,13,1,0
05:40:00,501203100,8,1,11,1,0
05:40:00,501203101,0,0,0,2,0
05:40:00,501203102,5,0,14,1,0
05:40:00,501203104,11,0,7,1,0
05:40:00,501203105,4,1,7,1,0
05:40:00,501203107,0,0,0,2,0
05:40:00,501203109,10,0,16,1,0
05:40:00,501203110,14,0,26,1,0
05:40:00,501203111,7,0,4,1,0
05:40:00,501203113,7,3,12,1,0
05:40:00,501203114,6,3,44,1,0
05:40:00,501203117,0,0,0,2,0
05:40:00,501203118,11,0,9,1,0
05:40:00,501203121,14,2,10,1,0
05:40:00,501203122,12,0,8,1,0
05:40:00,501203125,17,1,8,1,0
05:40:00,501203131,17,1,3,1,0
05:40:00,501203140,5,0,37,1,0
05:40:00,501203141,5,3,10,1,0
05:40:00,501203142,11,4,25,1,0
05:40:00,501203145,7,1,8,1,0
05:40:00,501203151,7,0,11,1,0
05:40:00,501203155,9,1,10,1,0
05:40:00,501203157,2,2,15,1,0
05:40:00,501203159,5,1,15,1,0
05:40:00,501203161,1,0,18,1,0
05:40:00,501203162,11,0,10,1,0
05:40:00,501203163,6,0,10,1,0
05:40:00,501204001,5,0,20,1,0
05:40:00,501204002,4,0,32,1,0
05:40:00,501204003,16,0,28,1,0
05:40:00,501204004,4,0,10,1,0
05:40:00,501204005,13,5,7,1,0
05:40:00,501204007,6,0,30,1,0
05:40:00,501204008,4,0,11,1,0
05:40:00,501204009,0,0,0,2,0
05:40:00,501204010,0,0,0,2,0
05:40:00,501204011,6,2,9,1,0
05:40:00,501204012,7,1,7,1,0
05:40:00,501204013,5,0,8,1,0
05:40:00,501204014,7,0,9,1,0
05:40:00,501204015,12,0,3,1,0
05:40:00,501204016,5,0,15,1,0
05:40:00,501204017,5,0,10,1,0
05:40:00,501204018,7,0,17,1,0
05:40:00,501204020,8,0,12,1,0
05:40:00,501204021,5,0,15,1,0
05:40:00,501204022,7,0,9,1,0
05:40:00,501204023,10,0,5,1,0
05:40:00,501204024,0,0,0,2,0
05:40:00,501204025,13,0,7,1,0
05:40:00,501205001,6,1,11,1,0
05:40:00,501205003,7,0,12,1,0
05:40:00,501205004,6,1,10,1,0
05:40:00,501205005,8,0,14,1,0
05:40:00,501205006,17,0,3,1,0
05:40:00,501205007,8,0,4,1,0
05:40:00,501205008,5,1,21,1,0
05:40:00,501205009,31,0,14,1,0
05:40:00,501205010,2,0,11,1,0
05:40:00,501205011,4,0,28,1,0
05:40:00,501205012,4,0,16,1,0
05:40:00,501205013,5,1,16,1,0
05:40:00,501205014,20,7,3,1,0
05:40:00,501205015,4,0,14,1,0
05:40:00,501205018,2,0,16,1,0
05:40:00,501205019,1,0,27,1,0
05:40:00,501205020,7,1,23,1,0
05:40:00,501205021,11,0,4,1,0
05:40:00,501205022,7,1,8,1,0
05:40:00,501205023,9,0,6,1,0
05:40:00,501205025,16,0,12,1,0
05:40:00,501205026,7,0,12,1,0
05:40:00,501205027,6,0,4,1,0
05:40:00,501205028,6,2,8,1,0
05:40:00,501205029,5,1,5,1,0
05:40:00,501205030,1,0,9,1,0
05:40:00,501205033,5,0,10,1,0
05:40:00,501205034,5,1,23,1,0
05:40:00,501205035,7,1,9,1,0
05:40:00,501205036,6,1,9,1,0
05:40:00,501205037,7,0,8,1,0
05:40:00,501205038,3,2,17,1,0
05:40:00,501205039,6,0,14,1,0
05:40:00,501205040,16,0,9,1,0
05:40:00,501205041,12,3,5,1,0
05:40:00,501205042,4,1,25,1,0
05:40:00,501208011,19,1,18,1,0
05:40:00,501208013,28,2,25,1,0
05:40:00,501208014,10,0,28,1,0
05:40:00,501208015,6,0,9,1,0
05:40:00,501208018,13,1,2,1,0
05:40:00,501208021,2,0,15,1,0
05:40:00,501208027,3,0,27,1,0
05:40:00,501208029,13,0,8,1,0
05:40:00,501208030,14,0,24,1,0
05:40:00,501208032,9,0,19,1,0
05:40:00,501208040,4,1,15,1,0
05:40:00,501208041,2,0,13,1,0
05:40:00,501208045,6,0,26,1,0
05:40:00,501208051,9,1,27,1,0
05:40:00,501208053,19,0,2,1,0
05:40:00,501208054,2,0,26,1,0
05:40:00,501208059,5,0,24,1,0
05:40:00,501208064,1,0,19,1,0
05:40:00,501208077,10,1,0,1,0
05:40:00,501208079,1,0,21,1,0
05:40:00,501208082,5,1,5,1,0
05:40:00,501208085,13,0,2,1,0
05:40:00,501208087,21,0,10,1,0
05:40:00,501208089,16,0,9,1,0
05:40:00,501208091,2,1,41,1,0
05:40:00,501208111,6,0,8,1,0
05:40:00,501208113,3,0,17,1,0
05:40:00,501208114,3,0,17,1,0
05:40:00,501208129,2,0,20,1,0
05:40:00,501208130,8,0,5,1,0
05:40:00,501209002,11,0,9,1,0
05:40:00,501209003,11,1,3,1,0
05:40:00,501209004,5,1,10,1,0
05:40:00,501209005,3,0,15,1,0
05:40:00,501209006,11,3,8,1,0
05:40:00,501209007,11,1,3,1,0
05:40:00,501209009,0,0,0,2,0
05:40:00,501209010,11,2,2,1,0
05:40:00,501209011,2,2,23,1,0
05:40:00,501209014,6,2,6,1,0
05:40:00,501209015,11,1,4,1,0
05:40:00,501209016,13,1,16,1,0
05:40:00,501209017,5,0,7,1,0
05:40:00,501209018,8,0,9,1,0
05:40:00,501209019,7,0,16,1,0
05:40:00,501209020,3,1,29,1,0
05:40:00,501209021,8,3,6,1,0
05:40:00,501209022,4,0,6,1,0
05:40:00,501209023,30,1,13,1,0
05:40:00,501209024,15,3,27,1,0
05:40:00,501209025,4,1,11,1,0
05:40:00,501209026,19,1,7,1,0
05:40:00,501209027,6,0,12,1,0
05:40:00,501209028,8,1,20,1,0
05:40:00,501209030,10,0,8,1,0
05:40:00,501209031,4,0,26,1,0
05:40:00,501209032,2,0,26,1,0
05:40:00,501209033,4,1,16,1,0
05:40:00,501209034,7,0,8,1,0
05:40:00,501209035,11,0,17,1,0
05:40:00,501209036,11,2,20,1,0
05:40:00,501209037,14,1,21,1,0
05:40:00,501209038,11,1,5,1,0
05:40:00,501209039,6,0,24,1,0
05:40:00,501209040,5,1,26,1,0
05:40:00,501209042,6,1,13,1,0
05:40:00,501209043,16,1,9,1,0
05:40:00,501209044,10,3,5,1,0
05:40:00,501209045,8,0,7,1,0
05:40:00,501209046,11,3,11,1,0
05:40:00,501209047,8,1,6,1,0
05:40:00,501209049,1,0,19,1,0
05:40:00,501209050,9,0,4,1,0
05:40:00,501209051,4,2,20,1,0
05:40:00,501209052,3,2,19,1,0
05:40:00,501209053,4,1,16,1,0
05:40:00,501209054,8,0,19,1,0
05:40:00,501209056,10,0,5,1,0
05:40:00,501209058,7,1,9,1,0
05:40:00,501209059,0,0,15,1,0
05:40:00,501209060,7,0,13,1,0
05:40:00,501209062,8,1,7,1,0
05:40:00,501209064,8,0,7,1,0
05:40:00,501209065,7,0,8,1,0
05:40:00,501209066,10,0,4,1,0
05:40:00,501209067,5,0,10,1,0
05:40:00,501209068,9,2,8,1,0
05:40:00,501209069,3,0,60,1,0
05:40:00,501209070,5,2,12,1,0
05:40:00,501209071,4,1,13,1,0
05:40:00,501209073,11,2,4,1,0
05:40:00,501209074,11,1,12,1,0
05:40:00,501209075,14,2,2,1,0
05:40:00,501209076,3,1,20,1,0
05:40:00,501209077,9,1,6,1,0
05:40:00,501209078,6,2,7,1,0
05:40:00,501209079,4,0,21,1,0
05:40:00,501209080,3,1,23,1,0
05:40:00,501209081,8,0,7,1,0
05:40:00,501209084,13,0,10,1,0
05:40:00,501209085,2,0,24,1,0
05:40:00,501209087,3,1,36,1,0
05:40:00,501209088,6,0,9,1,0
05:40:00,501209089,4,0,15,1,0
05:40:00,501209090,9,0,5,1,0
05:40:00,501209091,2,1,14,1,0
05:40:00,501209092,12,2,4,1,0
05:40:00,501209093,6,0,9,1,0
05:40:00,501209094,3,0,13,1,0
05:40:00,501209095,10,1,4,1,0
05:40:00,501209096,10,3,5,1,0
05:40:00,501209097,1,1,14,1,0
05:40:00,501209098,7,0,8,1,0
05:40:00,501209099,1,0,18,1,0
05:40:00,501209100,13,3,2,1,0
05:40:00,501209101,6,0,9,1,0
05:40:00,501209102,9,1,11,1,0
05:40:00,501209104,6,1,11,1,0
05:40:00,501209105,22,3,4,1,0
05:40:00,501209106,10,0,10,1,0
05:40:00,501211001,19,4,18,1,0
05:40:00,501211002,6,0,9,1,0
05:40:00,501211004,10,2,5,1,0
05:40:00,501211005,5,1,14,1,0
05:40:00,501211006,12,2,4,1,0
05:40:00,501211007,14,0,5,1,0
05:40:00,501211009,5,0,13,1,0
05:40:00,501211011,20,6,10,1,0
05:40:00,501211012,6,2,12,1,0
05:50:00,501201001,0,0,0,2,0
05:50:00,501201002,5,0,34,1,0
05:50:00,501201003,4,0,19,1,0
05:50:00,501201004,6,2,9,1,0
05:50:00,501201005,5,0,14,1,0
05:50:00,501201006,12,1,16,1,0
05:50:00,501201007,1,0,18,1,0
05:50:00,501201008,6,1,19,1,0
05:50:00,501201010,3,1,7,1,0
05:50:00,501201011,4,1,18,1,0
05:50:00,501201012,12,0,26,1,0
05:50:00,501201013,8,0,13,1,0
05:50:00,501201014,10,0,9,1,0
05:50:00,501201015,14,0,11,1,0
05:50:00,501201016,7,0,17,1,0
05:50:00,501201017,14,0,12,1,0
05:50:00,501201018,5,0,18,1,0
05:50:00,501201019,6,1,22,1,0
05:50:00,501201020,0,0,24,1,0
05:50:00,501201021,8,0,6,1,0
05:50:00,501201022,7,0,9,1,0
05:50:00,501201023,4,0,24,1,0
05:50:00,501201024,0,0,24,1,0
05:50:00,501201025,8,1,16,1,0
05:50:00,501201026,4,0,15,1,0
05:50:00,501201028,13,1,7,1,0
05:50:00,501201029,6,0,7,1,0
05:50:00,501201030,2,0,13,1,0
05:50:00,501201031,3,0,14,1,0
05:50:00,501202001,10,0,4,1,0
05:50:00,501202003,9,0,31,1,0
05:50:00,501202013,1,0,15,1,0
05:50:00,501202023,6,1,9,1,0
05:50:00,501202024,2,1,13,1,0
05:50:00,501202034,13,0,3,1,0
05:50:00,501202035,9,0,21,1,0
05:50:00,501202036,19,1,19,1,0
05:50:00,501202040,4,0,41,1,0
05:50:00,501202043,4,0,21,1,0
05:50:00,501202044,0,0,0,2,0
05:50:00,501202047,3,0,19,1,0
05:50:00,501202050,4,0,11,1,0
05:50:00,501202055,9,0,6,1,0
05:50:00,501202058,8,3,7,1,0
05:50:00,501202065,4,0,10,1,0
05:50:00,501202068,5,0,13,1,0
05:50:00,501202070,6,2,10,1,0
05:50:00,501202078,7,0,18,1,0
05:50:00,501202080,6,0,20,1,0
05:50:00,501202081,19,0,4,1,0
05:50:00,501202082,6,0,17,1,0
05:50:00,501202083,6,0,18,1,0
05:50:00,501202084,14,1,10,1,0
05:50:00,501202085,6,1,29,1,0
05:50:00,501202088,6,2,24,1,0
05:50:00,501202089,4,0,24,1,0
05:50:00,501202096,6,0,9,1,0
05:50:00,501203001,7,0,13,1,0
05:50:00,501203002,1,0,20,1,0
05:50:00,501203003,8,2,86,1,0
05:50:00,501203005,6,1,14,1,0
05:50:00,501203006,2,0,13,1,0
05:50:00,501203007,9,0,6,1,0
05:50:00,501203008,14,2,2,1,0
05:50:00,501203010,25,1,8,1,0
05:50:00,501203011,21,7,17,1,0
05:50:00,501203012,6,2,11,1,0
05:50:00,501203013,11,4,13,1,0
05:50:00,501203015,8,1,4,1,0
05:50:00,501203020,13,0,7,1,0
05:50:00,501203022,1,1,18,1,0
05:50:00,501203023,3,0,15,1,0
05:50:00,501203028,13,0,12,1,0
05:50:00,501203040,2,1,22,1,0
05:50:00,501203045,9,0,9,1,0
05:50:00,501203050,31,0,29,1,0
05:50:00,501203051,13,0,10,1,0
05:50:00,501203053,6,0,20,1,0
05:50:00,501203054,6,2,16,1,0
05:50:00,501203064,3,0,13,1,0
05:50:00,501203065,0,0,16,1,0
05:50:00,501203070,10,1,5,1,0
05:50:00,501203073,6,0,18,1,0
05:50:00,501203076,8,0,7,1,0
05:50:00,501203078,6,0,10,1,0
05:50:00,501203080,12,1,2,1,0
05:50:00,501203084,7,0,4,1,0
05:50:00,501203085,5,0,5,1,0
05:50:00,501203088,7,0,7,1,0
05:50:00,501203089,7,3,5,1,0
05:50:00,501203090,2,1,8,1,0
05:50:00,501203091,7,0,6,1,0
05:50:00,501203092,7,0,13,1,0
05:50:00,501203100,8,1,11,1,0
05:50:00,501203101,0,0,0,2,0
05:50:00,501203102,5,0,14,1,0
05:50:00,501203104,11,0,7,1,0
05:50:00,501203105,4,1,7,1,0
05:50:00,501203107,0,0,0,2,0
05:50:00,501203109,11,0,15,1,0
05:50:00,501203110,14,0,26,1,0
05:50:00,501203111,7,0,4,1,0
05:50:00,501203113,7,3,12,1,0
05:50:00,501203114,6,3,44,1,0
05:50:00,501203117,0,0,0,2,0
05:50:00,501203118,8,0,12,1,0
05:50:00,501203121,14,2,10,1,0
05:50:00,501203122,12,0,8,1,0
05:50:00,501203125,15,0,10,1,0
05:50:00,501203131,17,1,3,1,0
05:50:00,501203140,5,0,37,1,0
05:50:00,501203141,5,3,10,1,0
05:50:00,501203142,13,5,23,1,0
05:50:00,501203145,7,0,8,1,0
05:50:00,501203151,4,0,14,1,0
05:50:00,501203155,8,0,11,1,0
05:50:00,501203157,2,2,15,1,0
05:50:00,501203159,5,1,15,1,0
05:50:00,501203161,1,0,18,1,0
05:50:00,501203162,11,0,10,1,0
05:50:00,501203163,6,0,10,1,0
05:50:00,501204001,5,0,20,1,0
05:50:00,501204002,3,0,33,1,0
05:50:00,501204003,16,0,28,1,0
05:50:00,501204004,4,0,10,1,0
05:50:00,501204005,12,4,8,1,0
05:50:00,501204007,5,0,31,1,0
05:50:00,501204008,4,0,11,1,0
05:50:00,501204009,0,0,0,2,0
05:50:00,501204010,0,0,0,2,0
05:50:00,501204011,6,2,9,1,0
05:50:00,501204012,7,1,7,1,0
05:50:00,501204013,5,0,8,1,0
05:50:00,501204014,7,0,9,1,0
05:50:00,501204015,12,0,3,1,0
05:50:00,501204016,5,0,15,1,0
05:50:00,501204017,5,0,10,1,0
05:50:00,501204018,7,0,17,1,0
05:50:00,501204020,8,0,12,1,0
05:50:00,501204021,6,0,14,1,0
05:50:00,501204022,7,0,9,1,0
05:50:00,501204023,10,0,5,1,0
05:50:00,501204024,0,0,0,2,0
05:50:00,501204025,13,0,7,1,0
05:50:00,501205001,6,1,11,1,0
05:50:00,501205003,7,0,12,1,0
05:50:00,501205004,6,1,10,1,0
05:50:00,501205005,8,0,14,1,0
05:50:00,501205006,16,0,4,1,0
05:50:00,501205007,8,0,4,1,0
05:50:00,501205008,5,1,21,1,0
05:50:00,501205009,31,0,14,1,0
05:50:00,501205010,2,0,11,1,0
05:50:00,501205011,4,0,28,1,0
05:50:00,501205012,4,0,16,1,0
05:50:00,501205013,5,1,16,1,0
05:50:00,501205014,19,7,4,1,0
05:50:00,501205015,5,1,13,1,0
05:50:00,501205018,2,0,16,1,0
05:50:00,501205019,1,0,27,1,0
05:50:00,501205020,7,1,23,1,0
05:50:00,501205021,12,0,3,1,0
05:50:00,501205022,7,1,8,1,0
05:50:00,501205023,9,0,6,1,0
05:50:00,501205025,19,0,9,1,0
05:50:00,501205026,7,0,12,1,0
05:50:00,501205027,6,0,4,1,0
05:50:00,501205028,7,3,7,1,0
05:50:00,501205029,5,1,5,1,0
05:50:00,501205030,1,0,9,1,0
05:50:00,501205033,5,0,10,1,0
05:50:00,501205034,5,1,23,1,0
05:50:00,501205035,7,1,9,1,0
05:50:00,501205036,6,1,9,1,0
05:50:00,501205037,7,0,8,1,0
05:50:00,501205038,3,2,17,1,0
05:50:00,501205039,6,0,14,1,0
05:50:00,501205040,16,0,9,1,0
05:50:00,501205041,11,2,6,1,0
05:50:00,501205042,3,1,26,1,0
05:50:00,501208011,19,1,18,1,0
05:50:00,501208013,28,2,25,1,0
05:50:00,501208014,10,0,28,1,0
05:50:00,501208015,7,0,8,1,0
05:50:00,501208018,12,0,3,1,0
05:50:00,501208021,2,0,15,1,0
05:50:00,501208027,3,0,27,1,0
05:50:00,501208029,13,0,8,1,0
05:50:00,501208030,14,0,24,1,0
05:50:00,501208032,9,0,19,1,0
05:50:00,501208040,4,1,15,1,0
05:50:00,501208041,2,0,13,1,0
05:50:00,501208045,6,0,26,1,0
05:50:00,501208051,9,1,27,1,0
05:50:00,501208053,19,0,2,1,0
05:50:00,501208054,2,0,26,1,0
05:50:00,501208059,5,0,24,1,0
05:50:00,501208064,1,0,19,1,0
05:50:00,501208077,10,1,0,1,0
05:50:00,501208079,1,0,21,1,0
05:50:00,501208082,5,1,5,1,0
05:50:00,501208085,13,0,2,1,0
05:50:00,501208087,21,0,10,1,0
05:50:00,501208089,16,0,9,1,0
05:50:00,501208091,2,1,41,1,0
05:50:00,501208111,6,0,8,1,0
05:50:00,501208113,3,0,17,1,0
05:50:00,501208114,3,0,17,1,0
05:50:00,501208129,2,0,20,1,0
05:50:00,501208130,8,0,5,1,0
05:50:00,501209002,11,0,9,1,0
05:50:00,501209003,11,1,3,1,0
05:50:00,501209004,4,1,11,1,0
05:50:00,501209005,7,2,11,1,0
05:50:00,501209006,11,3,8,1,0
05:50:00,501209007,11,1,3,1,0
05:50:00,501209009,0,0,0,2,0
05:50:00,501209010,11,2,2,1,0
05:50:00,501209011,2,2,23,1,0
05:50:00,501209014,6,2,6,1,0
05:50:00,501209015,11,1,4,1,0
05:50:00,501209016,13,1,16,1,0
05:50:00,501209017,4,0,8,1,0
05:50:00,501209018,8,0,9,1,0
05:50:00,501209019,7,0,16,1,0
05:50:00,501209020,3,1,29,1,0
05:50:00,501209021,8,3,6,1,0
05:50:00,501209022,4,0,6,1,0
05:50:00,501209023,30,1,13,1,0
05:50:00,501209024,15,3,27,1,0
05:50:00,501209025,3,0,12,1,0
05:50:00,501209026,19,1,7,1,0
05:50:00,501209027,6,0,12,1,0
05:50:00,501209028,8,1,20,1,0
05:50:00,501209030,10,0,8,1,0
05:50:00,501209031,4,0,26,1,0
05:50:00,501209032,2,0,26,1,0
05:50:00,501209033,4,1,16,1,0
05:50:00,501209034,7,0,8,1,0
05:50:00,501209035,11,0,17,1,0
05:50:00,501209036,11,2,20,1,0
05:50:00,501209037,14,1,21,1,0
05:50:00,501209038,11,1,5,1,0
05:50:00,501209039,6,0,24,1,0
05:50:00,501209040,5,1,26,1,0
05:50:00,501209042,6,1,13,1,0
05:50:00,501209043,16,1,9,1,0
05:50:00,501209044,10,3,5,1,0
05:50:00,501209045,8,0,7,1,0
05:50:00,501209046,11,3,11,1,0
05:50:00,501209047,8,1,6,1,0
05:50:00,501209049,1,0,19,1,0
05:50:00,501209050,9,0,4,1,0
05:50:00,501209051,4,2,20,1,0
05:50:00,501209052,3,2,19,1,0
05:50:00,501209053,4,1,16,1,0
05:50:00,501209054,8,0,19,1,0
05:50:00,501209056,10,0,5,1,0
05:50:00,501209058,7,1,9,1,0
05:50:00,501209059,1,0,14,1,0
05:50:00,501209060,7,0,13,1,0
05:50:00,501209062,8,1,7,1,0
05:50:00,501209064,9,0,6,1,0
05:50:00,501209065,7,0,8,1,0
05:50:00,501209066,10,0,4,1,0
05:50:00,501209067,5,0,10,1,0
05:50:00,501209068,9,2,8,1,0
05:50:00,501209069,3,0,60,1,0
05:50:00,501209070,5,2,12,1,0
05:50:00,501209071,4,1,13,1,0
05:50:00,501209073,11,2,4,1,0
05:50:00,501209074,11,1,12,1,0
05:50:00,501209075,14,2,2,1,0
05:50:00,501209076,3,1,20,1,0
05:50:00,501209077,9,1,6,1,0
05:50:00,501209078,6,2,7,1,0
05:50:00,501209079,4,0,21,1,0
05:50:00,501209080,3,1,23,1,0
05:50:00,501209081,8,0,7,1,0
05:50:00,501209084,13,0,10,1,0
05:50:00,501209085,2,0,24,1,0
05:50:00,501209087,2,0,37,1,0
05:50:00,501209088,6,0,9,1,0
05:50:00,501209089,4,0,15,1,0
05:50:00,501209090,9,0,5,1,0
05:50:00,501209091,2,1,14,1,0
05:50:00,501209092,12,2,4,1,0
05:50:00,501209093,6,0,9,1,0
05:50:00,501209094,3,0,13,1,0
05:50:00,501209095,10,1,4,1,0
05:50:00,501209096,10,3,5,1,0
05:50:00,501209097,1,1,14,1,0
05:50:00,501209098,7,0,8,1,0
05:50:00,501209099,1,0,18,1,0
05:50:00,501209100,13,3,2,1,0
05:50:00,501209101,6,0,9,1,0
05:50:00,501209102,9,1,11,1,0
05:50:00,501209104,6,1,11,1,0
05:50:00,501209105,22,3,4,1,0
05:50:00,501209106,10,0,10,1,0
05:50:00,501211001,18,4,19,1,0
05:50:00,501211002,6,0,9,1,0
05:50:00,501211004,10,2,5,1,0
05:50:00,501211005,5,1,14,1,0
05:50:00,501211006,12,2,4,1,0
05:50:00,501211007,14,0,5,1,0
05:50:00,501211009,5,0,13,1,0
05:50:00,501211011,20,6,10,1,0
05:50:00,501211012,6,2,12,1,0
06:00:01,501201001,0,0,0,2,0
06:00:01,501201002,5,0,34,1,0
06:00:01,501201003,4,0,19,1,0
06:00:01,501201004,5,1,10,1,0
06:00:01,501201005,4,0,15,1,0
06:00:01,501201006,13,1,15,1,0
06:00:01,501201007,1,0,18,1,0
06:00:01,501201008,6,1,19,1,0
06:00:01,501201010,3,1,7,1,0
06:00:01,501201011,4,1,18,1,0
06:00:01,501201012,12,0,26,1,0
06:00:01,501201013,8,0,13,1,0
06:00:01,501201014,10,0,9,1,0
06:00:01,501201015,13,0,12,1,0
06:00:01,501201016,9,0,15,1,0
06:00:01,501201017,16,1,10,1,0
06:00:01,501201018,6,0,17,1,0
06:00:01,501201019,6,1,22,1,0
06:00:01,501201020,0,0,24,1,0
06:00:01,501201021,8,0,6,1,0
06:00:01,501201022,7,0,9,1,0
06:00:01,501201023,4,0,24,1,0
06:00:01,501201024,0,0,24,1,0
06:00:01,501201025,8,1,16,1,0
06:00:01,501201026,4,0,15,1,0
06:00:01,501201028,12,0,8,1,0
06:00:01,501201029,5,0,8,1,0
06:00:01,501201030,2,0,13,1,0
06:00:01,501201031,3,0,14,1,0
06:00:01,501202001,11,1,3,1,0
06:00:01,501202003,9,0,31,1,0
06:00:01,501202013,1,0,15,1,0
06:00:01,501202023,5,1,10,1,0
06:00:01,501202024,2,1,13,1,0
06:00:01,501202034,13,0,3,1,0
06:00:01,501202035,10,0,20,1,0
06:00:01,501202036,20,2,18,1,0
06:00:01,501202040,4,0,41,1,0
06:00:01,501202043,4,0,21,1,0
06:00:01,501202044,0,0,0,2,0
06:00:01,501202047,3,0,19,1,0
06:00:01,501202050,4,0,11,1,0
06:00:01,501202055,9,0,6,1,0
06:00:01,501202058,8,3,7,1,0
06:00:01,501202065,4,0,10,1,0
06:00:01,501202068,5,0,13,1,0
06:00:01,501202070,6,2,10,1,0
06:00:01,501202078,7,0,18,1,0
06:00:01,501202080,6,0,20,1,0
06:00:01,501202081,19,0,4,1,0
06:00:01,501202082,6,0,17,1,0
06:00:01,501202083,6,0,18,1,0
06:00:01,501202084,14,1,10,1,0
06:00:01,501202085,5,0,30,1,0
06:00:01,501202088,5,2,25,1,0
06:00:01,501202089,4,0,24,1,0
06:00:01,501202096,6,0,9,1,0
06:00:01,501203001,7,0,13,1,0
06:00:01,501203002,1,0,20,1,0
06:00:01,501203003,7,1,87,1,0
06:00:01,501203005,6,1,14,1,0
06:00:01,501203006,2,0,13,1,0
06:00:01,501203007,8,0,7,1,0
06:00:01,501203008,14,2,2,1,0
06:00:01,501203010,25,1,8,1,0
06:00:01,501203011,21,7,17,1,0
06:00:01,501203012,6,2,11,1,0
06:00:01,501203013,11,4,13,1,0
06:00:01,501203015,8,1,4,1,0
06:00:01,501203020,13,0,7,1,0
06:00:01,501203022,1,1,18,1,0
06:00:01,501203023,3,0,15,1,0
06:00:01,501203028,13,0,12,1,0
06:00:01,501203040,5,1,19,1,0
06:00:01,501203045,2,0,16,1,0
06:00:01,501203050,35,1,25,1,0
06:00:01,501203051,13,0,10,1,0
06:00:01,501203053,6,0,20,1,0
06:00:01,501203054,6,2,16,1,0
06:00:01,501203064,2,0,14,1,0
06:00:01,501203065,0,0,16,1,0
06:00:01,501203070,10,1,5,1,0
06:00:01,501203073,6,0,18,1,0
06:00:01,501203076,8,0,7,1,0
06:00:01,501203078,6,0,10,1,0
06:00:01,501203080,12,1,2,1,0
06:00:01,501203084,7,0,4,1,0
06:00:01,501203085,5,0,5,1,0
06:00:01,501203088,7,0,7,1,0
06:00:01,501203089,7,3,5,1,0
06:00:01,501203090,2,1,8,1,0
06:00:01,501203091,7,0,6,1,0
06:00:01,501203092,7,0,13,1,0
06:00:01,501203100,8,1,11,1,0
06:00:01,501203101,0,0,0,2,0
06:00:01,501203102,5,0,14,1,0
06:00:01,501203104,11,0,7,1,0
06:00:01,501203105,4,1,7,1,0
06:00:01,501203107,0,0,0,2,0
06:00:01,501203109,10,0,16,1,0
06:00:01,501203110,14,0,26,1,0
06:00:01,501203111,7,0,4,1,0
06:00:01,501203113,7,3,12,1,0
06:00:01,501203114,5,2,45,1,0
06:00:01,501203117,0,0,0,2,0
06:00:01,501203118,6,0,14,1,0
06:00:01,501203121,13,2,11,1,0
06:00:01,501203122,12,0,8,1,0
06:00:01,501203125,14,0,11,1,0
06:00:01,501203131,17,1,3,1,0
06:00:01,501203140,6,0,36,1,0
06:00:01,501203141,5,3,10,1,0
06:00:01,501203142,13,4,23,1,0
06:00:01,501203145,8,0,7,1,0
06:00:01,501203151,0,0,18,1,0
06:00:01,501203155,8,0,11,1,0
06:00:01,501203157,2,2,15,1,0
06:00:01,501203159,5,1,15,1,0
06:00:01,501203161,1,0,18,1,0
06:00:01,501203162,11,0,10,1,0
06:00:01,501203163,6,0,10,1,0
06:00:01,501204001,5,0,20,1,0
06:00:01,501204002,3,0,33,1,0
06:00:01,501204003,18,0,26,1,0
06:00:01,501204004,4,0,10,1,0
06:00:01,501204005,11,3,9,1,0
06:00:01,501204007,4,0,32,1,0
06:00:01,501204008,4,0,11,1,0
06:00:01,501204009,0,0,0,2,0
06:00:01,501204010,0,0,0,2,0
06:00:01,501204011,6,2,9,1,0
06:00:01,501204012,7,1,7,1,0
06:00:01,501204013,5,0,8,1,0
06:00:01,501204014,7,0,9,1,0
06:00:01,501204015,12,0,3,1,0
06:00:01,501204016,3,0,17,1,0
06:00:01,501204017,5,0,10,1,0
06:00:01,501204018,7,0,17,1,0
06:00:01,501204020,9,0,11,1,0
06:00:01,501204021,5,0,15,1,0
06:00:01,501204022,7,0,9,1,0
06:00:01,501204023,10,0,5,1,0
06:00:01,501204024,0,0,0,2,0
06:00:01,501204025,13,0,7,1,0
06:00:01,501205001,6,1,11,1,0
06:00:01,501205003,7,0,12,1,0
06:00:01,501205004,6,1,10,1,0
06:00:01,501205005,8,0,14,1,0
06:00:01,501205006,15,0,5,1,0
06:00:01,501205007,8,0,4,1,0
06:00:01,501205008,4,1,22,1,0
06:00:01,501205009,31,0,14,1,0
06:00:01,501205010,2,0,11,1,0
06:00:01,501205011,4,0,28,1,0
06:00:01,501205012,4,0,16,1,0
06:00:01,501205013,5,1,16,1,0
06:00:01,501205014,19,7,4,1,0
06:00:01,501205015,5,1,13,1,0
06:00:01,501205018,2,0,16,1,0
06:00:01,501205019,1,0,27,1,0
06:00:01,501205020,7,1,23,1,0
06:00:01,501205021,11,0,4,1,0
06:00:01,501205022,7,1,8,1,0
06:00:01,501205023,8,0,7,1,0
06:00:01,501205025,20,0,8,1,0
06:00:01,501205026,7,0,12,1,0
06:00:01,501205027,6,0,4,1,0
06:00:01,501205028,7,3,7,1,0
06:00:01,501205029,5,1,5,1,0
06:00:01,501205030,1,0,9,1,0
06:00:01,501205033,5,0,10,1,0
06:00:01,501205034,5,1,23,1,0
06:00:01,501205035,7,1,9,1,0
06:00:01,501205036,6,1,9,1,0
06:00:01,501205037,8,0,7,1,0
06:00:01,501205038,3,2,17,1,0
06:00:01,501205039,6,0,14,1,0
06:00:01,501205040,16,0,9,1,0
06:00:01,501205041,11,2,6,1,0
06:00:01,501205042,3,1,26,1,0
06:00:01,501208011,19,1,18,1,0
06:00:01,501208013,28,2,25,1,0
06:00:01,501208014,11,0,27,1,0
06:00:01,501208015,7,0,8,1,0
06:00:01,501208018,12,0,3,1,0
06:00:01,501208021,2,0,15,1,0
06:00:01,501208027,3,0,27,1,0
06:00:01,501208029,13,0,8,1,0
06:00:01,501208030,14,0,24,1,0
06:00:01,501208032,9,0,19,1,0
06:00:01,501208040,4,1,15,1,0
06:00:01,501208041,2,0,13,1,0
06:00:01,501208045,6,0,26,1,0
06:00:01,501208051,9,1,27,1,0
06:00:01,501208053,19,0,2,1,0
06:00:01,501208054,2,0,26,1,0
06:00:01,501208059,5,0,24,1,0
06:00:01,501208064,1,0,19,1,0
06:00:01,501208077,10,1,0,1,0
06:00:01,501208079,1,0,21,1,0
06:00:01,501208082,5,1,5,1,0
06:00:01,501208085,13,0,2,1,0
06:00:01,501208087,21,0,10,1,0
06:00:01,501208089,16,0,9,1,0
06:00:01,501208091,2,1,41,1,0
06:00:01,501208111,6,0,8,1,0
06:00:01,501208113,3,0,17,1,0
06:00:01,501208114,3,0,17,1,0
06:00:01,501208129,2,0,20,1,0
06:00:01,501208130,8,0,5,1,0
06:00:01,501209002,11,0,9,1,0
06:00:01,501209003,11,1,3,1,0
06:00:01,501209004,4,1,11,1,0
06:00:01,501209005,9,2,9,1,0
06:00:01,501209006,11,3,8,1,0
06:00:01,501209007,10,0,4,1,0
06:00:01,501209009,0,0,0,2,0
06:00:01,501209010,11,2,2,1,0
06:00:01,501209011,3,2,22,1,0
06:00:01,501209014,6,2,6,1,0
06:00:01,501209015,11,1,4,1,0
06:00:01,501209016,13,1,16,1,0
06:00:01,501209017,4,0,8,1,0
06:00:01,501209018,8,0,9,1,0
06:00:01,501209019,7,0,16,1,0
06:00:01,501209020,2,0,30,1,0
06:00:01,501209021,8,3,6,1,0
06:00:01,501209022,4,0,6,1,0
06:00:01,501209023,30,1,13,1,0
06:00:01,501209024,15,3,27,1,0
06:00:01,501209025,3,0,12,1,0
06:00:01,501209026,19,1,7,1,0
06:00:01,501209027,6,0,12,1,0
06:00:01,501209028,8,1,20,1,0
06:00:01,501209030,10,0,8,1,0
06:00:01,501209031,4,0,26,1,0
06:00:01,501209032,2,0,26,1,0
06:00:01,501209033,3,1,17,1,0
06:00:01,501209034,7,0,8,1,0
06:00:01,501209035,11,0,17,1,0
06:00:01,501209036,11,2,20,1,0
06:00:01,501209037,14,1,21,1,0
06:00:01,501209038,11,1,5,1,0
06:00:01,501209039,6,0,24,1,0
06:00:01,501209040,5,1,26,1,0
06:00:01,501209042,6,1,13,1,0
06:00:01,501209043,15,0,10,1,0
06:00:01,501209044,10,3,5,1,0
06:00:01,501209045,8,0,7,1,0
06:00:01,501209046,11,3,11,1,0
06:00:01,501209047,7,0,7,1,0
06:00:01,501209049,1,0,19,1,0
06:00:01,501209050,9,0,4,1,0
06:00:01,501209051,4,2,20,1,0
06:00:01,501209052,3,2,19,1,0
06:00:01,501209053,4,1,16,1,0
06:00:01,501209054,8,0,19,1,0
06:00:01,501209056,10,0,5,1,0
06:00:01,501209058,6,1,10,1,0
06:00:01,501209059,2,0,13,1,0
06:00:01,501209060,7,0,13,1,0
06:00:01,501209062,8,1,7,1,0
06:00:01,501209064,9,0,6,1,0
06:00:01,501209065,7,0,8,1,0
06:00:01,501209066,10,0,4,1,0
06:00:01,501209067,5,0,10,1,0
06:00:01,501209068,9,2,8,1,0
06:00:01,501209069,4,1,59,1,0
06:00:01,501209070,5,2,12,1,0
06:00:01,501209071,4,1,13,1,0
06:00:01,501209073,11,2,4,1,0
06:00:01,501209074,11,1,12,1,0
06:00:01,501209075,14,2,2,1,0
06:00:01,501209076,3,1,20,1,0
06:00:01,501209077,9,1,6,1,0
06:00:01,501209078,6,2,7,1,0
06:00:01,501209079,5,1,20,1,0
06:00:01,501209080,4,2,22,1,0
06:00:01,501209081,8,0,7,1,0
06:00:01,501209084,13,0,10,1,0
06:00:01,501209085,2,0,24,1,0
06:00:01,501209087,2,0,37,1,0
06:00:01,501209088,6,0,9,1,0
06:00:01,501209089,4,0,15,1,0
06:00:01,501209090,9,0,5,1,0
06:00:01,501209091,2,1,14,1,0
06:00:01,501209092,12,2,4,1,0
06:00:01,501209093,6,0,9,1,0
06:00:01,501209094,3,0,13,1,0
06:00:01,501209095,10,1,4,1,0
06:00:01,501209096,10,3,5,1,0
06:00:01,501209097,1,1,14,1,0
06:00:01,501209098,7,0,8,1,0
06:00:01,501209099,1,0,18,1,0
06:00:01,501209100,13,3,2,1,0
06:00:01,501209101,6,0,9,1,0
06:00:01,501209102,9,1,11,1,0
06:00:01,501209104,6,1,11,1,0
06:00:01,501209105,22,3,4,1,0
06:00:01,501209106,10,0,10,1,0
06:00:01,501211001,18,4,19,1,0
06:00:01,501211002,6,0,9,1,0
06:00:01,501211004,10,2,5,1,0
06:00:01,501211005,5,1,14,1,0
06:00:01,501211006,12,2,4,1,0
06:00:01,501211007,14,0,5,1,0
06:00:01,501211009,5,0,13,1,0
06:00:01,501211011,21,6,9,1,0
06:00:01,501211012,6,2,12,1,0
06:10:01,501201001,0,0,0,2,0
06:10:01,501201002,5,0,34,1,0
06:10:01,501201003,5,0,18,1,0
06:10:01,501201004,5,1,10,1,0
06:10:01,501201005,5,0,14,1,0
06:10:01,501201006,13,1,15,1,0
06:10:01,501201007,0,0,19,1,0
06:10:01,501201008,6,1,19,1,0
06:10:01,501201010,2,1,8,1,0
06:10:01,501201011,5,2,17,1,0
06:10:01,501201012,12,0,26,1,0
06:10:01,501201013,8,0,13,1,0
06:10:01,501201014,10,0,9,1,0
06:10:01,501201015,13,0,12,1,0
06:10:01,501201016,9,0,15,1,0
06:10:01,501201017,16,1,10,1,0
06:10:01,501201018,6,0,17,1,0
06:10:01,501201019,6,1,22,1,0
06:10:01,501201020,0,0,24,1,0
06:10:01,501201021,8,0,6,1,0
06:10:01,501201022,7,0,9,1,0
06:10:01,501201023,4,0,24,1,0
06:10:01,501201024,0,0,24,1,0
06:10:01,501201025,8,1,16,1,0
06:10:01,501201026,4,0,15,1,0
06:10:01,501201028,12,0,8,1,0
06:10:01,501201029,5,0,8,1,0
06:10:01,501201030,2,0,13,1,0
06:10:01,501201031,2,0,15,1,0
06:10:01,501202001,10,0,4,1,0
06:10:01,501202003,9,0,31,1,0
06:10:01,501202013,1,0,15,1,0
06:10:01,501202023,5,1,10,1,0
06:10:01,501202024,2,1,13,1,0
06:10:01,501202034,13,0,3,1,0
06:10:01,501202035,10,0,20,1,0
06:10:01,501202036,20,2,18,1,0
06:10:01,501202040,4,0,41,1,0
06:10:01,501202043,4,0,21,1,0
06:10:01,501202044,0,0,0,2,0
06:10:01,501202047,3,0,19,1,0
06:10:01,501202050,4,0,11,1,0
06:10:01,501202055,8,0,7,1,0
06:10:01,501202058,8,3,7,1,0
06:10:01,501202065,4,0,10,1,0
06:10:01,501202068,5,0,13,1,0
06:10:01,501202070,6,2,10,1,0
06:10:01,501202078,7,0,18,1,0
06:10:01,501202080,6,0,20,1,0
06:10:01,501202081,19,0,4,1,0
06:10:01,501202082,6,0,17,1,0
06:10:01,501202083,6,0,18,1,0
06:10:01,501202084,14,1,10,1,0
06:10:01,501202085,5,0,30,1,0
06:10:01,501202088,5,2,25,1,0
06:10:01,501202089,4,0,24,1,0
06:10:01,501202096,6,0,9,1,0
06:10:01,501203001,8,1,12,1,0
06:10:01,501203002,1,0,20,1,0
06:10:01,501203003,8,2,86,1,0
06:10:01,501203005,6,1,14,1,0
06:10:01,501203006,2,0,13,1,0
06:10:01,501203007,8,0,7,1,0
06:10:01,501203008,14,2,2,1,0
06:10:01,501203010,25,1,8,1,0
06:10:01,501203011,21,7,17,1,0
06:10:01,501203012,6,2,11,1,0
06:10:01,501203013,12,3,12,1,0
06:10:01,501203015,7,0,5,1,0
06:10:01,501203020,13,0,7,1,0
06:10:01,501203022,1,1,18,1,0
06:10:01,501203023,4,1,14,1,0
06:10:01,501203028,14,0,11,1,0
06:10:01,501203040,5,1,19,1,0
06:10:01,501203045,0,0,18,1,0
06:10:01,501203050,44,1,16,1,0
06:10:01,501203051,13,0,10,1,0
06:10:01,501203053,5,0,21,1,0
06:10:01,501203054,6,2,16,1,0
06:10:01,501203064,2,0,14,1,0
06:10:01,501203065,0,0,16,1,0
06:10:01,501203070,10,1,5,1,0
06:10:01,501203073,6,0,18,1,0
06:10:01,501203076,8,0,7,1,0
06:10:01,501203078,6,0,10,1,0
06:10:01,501203080,11,0,3,1,0
06:10:01,501203084,7,0,4,1,0
06:10:01,501203085,5,0,5,1,0
06:10:01,501203088,7,0,7,1,0
06:10:01,501203089,7,3,5,1,0
06:10:01,501203090,2,1,8,1,0
06:10:01,501203091,8,1,5,1,0
06:10:01,501203092,7,0,13,1,0
06:10:01,501203100,8,1,11,1,0
06:10:01,501203101,0,0,0,2,0
06:10:01,501203102,4,0,15,1,0
06:10:01,501203104,11,0,7,1,0
06:10:01,501203105,4,1,7,1,0
06:10:01,501203107,0,0,0,2,0
06:10:01,501203109,10,0,16,1,0
06:10:01,501203110,14,0,26,1,0
06:10:01,501203111,7,0,4,1,0
06:10:01,501203113,7,3,12,1,0
06:10:01,501203114,5,1,45,1,0
06:10:01,501203117,0,0,0,2,0
06:10:01,501203118,2,0,18,1,0
06:10:01,501203121,11,1,13,1,0
06:10:01,501203122,12,0,8,1,0
06:10:01,501203125,14,0,11,1,0
06:10:01,501203131,17,1,3,1,0
06:10:01,501203140,6,0,36,1,0
06:10:01,501203141,5,3,10,1,0
06:10:01,501203142,18,6,18,1,0
06:10:01,501203145,8,0,7,1,0
06:10:01,501203151,0,0,18,1,0
06:10:01,501203155,8,0,11,1,0
06:10:01,501203157,2,2,15,1,0
06:10:01,501203159,5,1,15,1,0
06:10:01,501203161,1,0,18,1,0
06:10:01,501203162,11,0,10,1,0
06:10:01,501203163,6,0,10,1,0
06:10:01,501204001,5,0,20,1,0
06:10:01,501204002,3,0,33,1,0
06:10:01,501204003,18,0,26,1,0
06:10:01,501204004,4,0,10,1,0
06:10:01,501204005,11,3,9,1,0
06:10:01,501204007,4,0,32,1,0
06:10:01,501204008,4,0,11,1,0
06:10:01,501204009,0,0,0,2,0
06:10:01,501204010,0,0,0,2,0
06:10:01,501204011,6,2,9,1,0
06:10:01,501204012,7,1,7,1,0
06:10:01,501204013,5,0,8,1,0
06:10:01,501204014,7,0,9,1,0
06:10:01,501204015,12,0,3,1,0
06:10:01,501204016,3,0,17,1,0
06:10:01,501204017,5,0,10,1,0
06:10:01,501204018,8,0,16,1,0
06:10:01,501204020,9,0,11,1,0
06:10:01,501204021,5,0,15,1,0
06:10:01,501204022,7,0,9,1,0
06:10:01,501204023,10,0,5,1,0
06:10:01,501204024,0,0,0,2,0
06:10:01,501204025,13,0,7,1,0
06:10:01,501205001,6,1,11,1,0
06:10:01,501205003,7,0,12,1,0
06:10:01,501205004,6,1,10,1,0
06:10:01,501205005,8,0,14,1,0
06:10:01,501205006,15,0,5,1,0
06:10:01,501205007,8,0,4,1,0
06:10:01,501205008,4,1,22,1,0
06:10:01,501205009,31,0,14,1,0
06:10:01,501205010,2,0,11,1,0
06:10:01,501205011,4,0,28,1,0
06:10:01,501205012,4,0,16,1,0
06:10:01,501205013,5,1,16,1,0
06:10:01,501205014,19,7,4,1,0
06:10:01,501205015,5,1,13,1,0
06:10:01,501205018,2,0,16,1,0
06:10:01,501205019,1,0,27,1,0
06:10:01,501205020,7,1,23,1,0
06:10:01,501205021,11,0,4,1,0
06:10:01,501205022,7,1,8,1,0
06:10:01,501205023,8,0,7,1,0
06:10:01,501205025,20,0,8,1,0
06:10:01,501205026,7,0,12,1,0
06:10:01,501205027,6,0,4,1,0
06:10:01,501205028,7,3,7,1,0
06:10:01,501205029,5,1,5,1,0
06:10:01,501205030,1,0,9,1,0
06:10:01,501205033,5,0,10,1,0
06:10:01,501205034,5,1,23,1,0
06:10:01,501205035,7,1,9,1,0
06:10:01,501205036,6,1,9,1,0
06:10:01,501205037,7,0,8,1,0
06:10:01,501205038,3,2,17,1,0
06:10:01,501205039,6,0,14,1,0
06:10:01,501205040,16,0,9,1,0
06:10:01,501205041,11,2,6,1,0
06:10:01,501205042,3,1,26,1,0
06:10:01,501208011,18,0,19,1,0
06:10:01,501208013,28,3,25,1,0
06:10:01,501208014,12,0,26,1,0
06:10:01,501208015,7,0,8,1,0
06:10:01,501208018,11,0,4,1,0
06:10:01,501208021,2,0,15,1,0
06:10:01,501208027,3,0,27,1,0
06:10:01,501208029,13,0,8,1,0
06:10:01,501208030,14,0,24,1,0
06:10:01,501208032,9,0,19,1,0
06:10:01,501208040,4,1,15,1,0
06:10:01,501208041,2,0,13,1,0
06:10:01,501208045,6,0,26,1,0
06:10:01,501208051,9,1,27,1,0
06:10:01,501208053,19,0,2,1,0
06:10:01,501208054,2,0,26,1,0
06:10:01,501208059,5,0,24,1,0
06:10:01,501208064,1,0,19,1,0
06:10:01,501208077,10,1,0,1,0
06:10:01,501208079,1,0,21,1,0
06:10:01,501208082,4,1,6,1,0
06:10:01,501208085,13,0,2,1,0
06:10:01,501208087,21,0,10,1,0
06:10:01,501208089,16,0,9,1,0
06:10:01,501208091,2,1,41,1,0
06:10:01,501208111,6,0,8,1,0
06:10:01,501208113,3,0,17,1,0
06:10:01,501208114,3,0,17,1,0
06:10:01,501208129,2,0,20,1,0
06:10:01,501208130,8,0,5,1,0
06:10:01,501209002,11,0,9,1,0
06:10:01,501209003,11,1,3,1,0
06:10:01,501209004,3,0,12,1,0
06:10:01,501209005,14,2,4,1,0
06:10:01,501209006,10,2,9,1,0
06:10:01,501209007,9,0,5,1,0
06:10:01,501209009,0,0,0,2,0
06:10:01,501209010,11,2,2,1,0
06:10:01,501209011,3,2,22,1,0
06:10:01,501209014,6,2,6,1,0
06:10:01,501209015,11,1,4,1,0
06:10:01,501209016,13,1,16,1,0
06:10:01,501209017,4,0,8,1,0
06:10:01,501209018,7,0,10,1,0
06:10:01,501209019,7,0,16,1,0
06:10:01,501209020,2,0,30,1,0
06:10:01,501209021,8,3,6,1,0
06:10:01,501209022,4,0,6,1,0
06:10:01,501209023,30,1,13,1,0
06:10:01,501209024,15,3,27,1,0
06:10:01,501209025,3,0,12,1,0
06:10:01,501209026,18,0,8,1,0
06:10:01,501209027,6,0,12,1,0
06:10:01,501209028,8,1,20,1,0
06:10:01,501209030,10,0,8,1,0
06:10:01,501209031,4,0,26,1,0
06:10:01,501209032,2,0,26,1,0
06:10:01,501209033,3,1,17,1,0
06:10:01,501209034,7,0,8,1,0
06:10:01,501209035,11,0,17,1,0
06:10:01,501209036,11,2,20,1,0
06:10:01,501209037,14,1,21,1,0
06:10:01,501209038,10,0,6,1,0
06:10:01,501209039,6,0,24,1,0
06:10:01,501209040,5,1,26,1,0
06:10:01,501209042,6,1,13,1,0
06:10:01,501209043,13,0,12,1,0
06:10:01,501209044,10,3,5,1,0
06:10:01,501209045,8,0,7,1,0
06:10:01,501209046,11,2,11,1,0
06:10:01,501209047,7,0,7,1,0
06:10:01,501209049,1,0,19,1,0
06:10:01,501209050,10,0,3,1,0
06:10:01,501209051,4,2,20,1,0
06:10:01,501209052,3,2,19,1,0
06:10:01,501209053,4,1,16,1,0
06:10:01,501209054,7,0,20,1,0
06:10:01,501209056,10,0,5,1,0
06:10:01,501209058,6,1,10,1,0
06:10:01,501209059,2,0,13,1,0
06:10:01,501209060,7,0,13,1,0
06:10:01,501209062,8,1,7,1,0
06:10:01,501209064,9,0,6,1,0
06:10:01,501209065,8,0,7,1,0
06:10:01,501209066,10,0,4,1,0
06:10:01,501209067,5,0,10,1,0
06:10:01,501209068,9,2,8,1,0
06:10:01,501209069,4,1,59,1,0
06:10:01,501209070,5,2,12,1,0
06:10:01,501209071,4,1,13,1,0
06:10:01,501209073,11,2,4,1,0
06:10:01,501209074,11,1,12,1,0
06:10:01,501209075,14,2,2,1,0
06:10:01,501209076,2,1,21,1,0
06:10:01,501209077,9,1,6,1,0
06:10:01,501209078,6,2,7,1,0
06:10:01,501209079,5,1,20,1,0
06:10:01,501209080,4,2,22,1,0
06:10:01,501209081,8,0,7,1,0
06:10:01,501209084,13,0,10,1,0
06:10:01,501209085,2,0,24,1,0
06:10:01,501209087,3,0,36,1,0
06:10:01,501209088,6,0,9,1,0
06:10:01,501209089,4,0,15,1,0
06:10:01,501209090,9,0,5,1,0
06:10:01,501209091,2,1,14,1,0
06:10:01,501209092,12,2,4,1,0
06:10:01,501209093,6,0,9,1,0
06:10:01,501209094,3,0,13,1,0
06:10:01,501209095,10,1,4,1,0
06:10:01,501209096,10,3,5,1,0
06:10:01,501209097,1,1,14,1,0
06:10:01,501209098,7,0,8,1,0
06:10:01,501209099,1,0,18,1,0
06:10:01,501209100,13,3,2,1,0
06:10:01,501209101,6,0,9,1,0
06:10:01,501209102,9,1,11,1,0
06:10:01,501209104,6,1,11,1,0
06:10:01,501209105,22,3,4,1,0
06:10:01,501209106,10,0,10,1,0
06:10:01,501211001,18,4,19,1,0
06:10:01,501211002,6,0,9,1,0
06:10:01,501211004,10,2,5,1,0
06:10:01,501211005,5,1,14,1,0
06:10:01,501211006,12,2,4,1,0
06:10:01,501211007,14,0,5,1,0
06:10:01,501211009,5,0,13,1,0
06:10:01,501211011,21,6,9,1,0
06:10:01,501211012,6,2,12,1,0
06:20:00,501201001,0,0,0,2,0
06:20:00,501201002,5,0,34,1,0
06:20:00,501201003,5,0,18,1,0
06:20:00,501201004,4,0,11,1,0
06:20:00,501201005,5,0,14,1,0
06:20:00,501201006,13,1,15,1,0
06:20:00,501201007,0,0,19,1,0
06:20:00,501201008,6,1,19,1,0
06:20:00,501201010,2,1,8,1,0
06:20:00,501201011,5,2,17,1,0
06:20:00,501201012,11,0,27,1,0
06:20:00,501201013,7,0,14,1,0
06:20:00,501201014,9,0,10,1,0
06:20:00,501201015,13,0,12,1,0
06:20:00,501201016,10,0,14,1,0
06:20:00,501201017,16,1,10,1,0
06:20:00,501201018,6,0,17,1,0
06:20:00,501201019,4,0,24,1,0
06:20:00,501201020,0,0,24,1,0
06:20:00,501201021,8,0,6,1,0
06:20:00,501201022,7,0,9,1,0
06:20:00,501201023,4,0,24,1,0
06:20:00,501201024,0,0,24,1,0
06:20:00,501201025,8,1,16,1,0
06:20:00,501201026,4,0,15,1,0
06:20:00,501201028,12,0,8,1,0
06:20:00,501201029,5,0,8,1,0
06:20:00,501201030,3,0,12,1,0
06:20:00,501201031,3,1,14,1,0
06:20:00,501202001,10,0,4,1,0
06:20:00,501202003,8,0,32,1,0
06:20:00,501202013,1,0,15,1,0
06:20:00,501202023,5,1,10,1,0
06:20:00,501202024,2,1,13,1,0
06:20:00,501202034,13,0,3,1,0
06:20:00,501202035,12,0,18,1,0
06:20:00,501202036,25,4,13,1,0
06:20:00,501202040,4,0,41,1,0
06:20:00,501202043,5,0,20,1,0
06:20:00,501202044,0,0,0,2,0
06:20:00,501202047,3,0,19,1,0
06:20:00,501202050,4,0,11,1,0
06:20:00,501202055,7,0,8,1,0
06:20:00,501202058,8,3,7,1,0
06:20:00,501202065,4,0,10,1,0
06:20:00,501202068,5,0,13,1,0
06:20:00,501202070,7,2,9,1,0
06:20:00,501202078,7,0,18,1,0
06:20:00,501202080,6,0,20,1,0
06:20:00,501202081,20,0,3,1,0
06:20:00,501202082,6,0,17,1,0
06:20:00,501202083,5,0,19,1,0
06:20:00,501202084,13,1,11,1,0
06:20:00,501202085,6,1,29,1,0
06:20:00,501202088,5,2,25,1,0
06:20:00,501202089,4,0,24,1,0
06:20:00,501202096,5,0,10,1,0
06:20:00,501203001,7,0,13,1,0
06:20:00,501203002,1,0,20,1,0
06:20:00,501203003,7,1,87,1,0
06:20:00,501203005,6,1,14,1,0
06:20:00,501203006,2,0,13,1,0
06:20:00,501203007,7,0,8,1,0
06:20:00,501203008,14,2,2,1,0
06:20:00,501203010,24,0,9,1,0
06:20:00,501203011,21,7,17,1,0
06:20:00,501203012,6,2,11,1,0
06:20:00,501203013,13,3,11,1,0
06:20:00,501203015,5,0,7,1,0
06:20:00,501203020,13,0,7,1,0
06:20:00,501203022,1,1,18,1,0
06:20:00,501203023,4,1,14,1,0
06:20:00,501203028,14,0,11,1,0
06:20:00,501203040,6,1,18,1,0
06:20:00,501203045,1,0,17,1,0
06:20:00,501203050,45,1,15,1,0
06:20:00,501203051,13,0,10,1,0
06:20:00,501203053,5,0,21,1,0
06:20:00,501203054,6,2,16,1,0
06:20:00,501203064,1,0,15,1,0
06:20:00,501203065,14,0,2,1,0
06:20:00,501203070,9,0,6,1,0
06:20:00,501203073,6,0,18,1,0
06:20:00,501203076,7,0,8,1,0
06:20:00,501203078,6,0,10,1,0
06:20:00,501203080,11,0,3,1,0
06:20:00,501203084,7,0,4,1,0
06:20:00,501203085,5,0,5,1,0
06:20:00,501203088,8,0,6,1,0
06:20:00,501203089,7,3,5,1,0
06:20:00,501203090,2,1,8,1,0
06:20:00,501203091,8,1,5,1,0
06:20:00,501203092,7,0,13,1,0
06:20:00,501203100,8,1,11,1,0
06:20:00,501203101,0,0,0,2,0
06:20:00,501203102,4,0,15,1,0
06:20:00,501203104,11,0,7,1,0
06:20:00,501203105,4,1,7,1,0
06:20:00,501203107,0,0,0,2,0
06:20:00,501203109,8,0,18,1,0
06:20:00,501203110,14,0,26,1,0
06:20:00,501203111,7,0,4,1,0
06:20:00,501203113,7,3,12,1,0
06:20:00,501203114,4,0,46,1,0
06:20:00,501203117,0,0,0,2,0
06:20:00,501203118,1,0,19,1,0
06:20:00,501203121,10,1,14,1,0
06:20:00,501203122,12,0,8,1,0
06:20:00,501203125,13,0,12,1,0
06:20:00,501203131,17,1,3,1,0
06:20:00,501203140,7,0,35,1,0
06:20:00,501203141,5,3,10,1,0
06:20:00,501203142,20,6,16,1,0
06:20:00,501203145,8,0,7,1,0
06:20:00,501203151,12,0,6,1,0
06:20:00,501203155,8,0,11,1,0
06:20:00,501203157,2,2,15,1,0
06:20:00,501203159,5,1,15,1,0
06:20:00,501203161,1,0,18,1,0
06:20:00,501203162,12,1,9,1,0
06:20:00,501203163,6,0,10,1,0
06:20:00,501204001,5,0,20,1,0
06:20:00,501204002,4,0,32,1,0
06:20:00,501204003,19,0,25,1,0
06:20:00,501204004,4,0,10,1,0
06:20:00,501204005,11,3,9,1,0
06:20:00,501204007,5,0,31,1,0
06:20:00,501204008,4,0,11,1,0
06:20:00,501204009,0,0,0,2,0
06:20:00,501204010,0,0,0,2,0
06:20:00,501204011,5,2,10,1,0
06:20:00,501204012,6,1,8,1,0
06:20:00,501204013,4,0,9,1,0
06:20:00,501204014,7,0,9,1,0
06:20:00,501204015,12,0,3,1,0
06:20:00,501204016,3,0,17,1,0
06:20:00,501204017,5,0,10,1,0
06:20:00,501204018,8,0,16,1,0
06:20:00,501204020,9,0,11,1,0
06:20:00,501204021,4,0,16,1,0
06:20:00,501204022,7,0,9,1,0
06:20:00,501204023,10,0,5,1,0
06:20:00,501204024,0,0,0,2,0
06:20:00,501204025,13,0,7,1,0
06:20:00,501205001,6,1,11,1,0
06:20:00,501205003,6,0,13,1,0
06:20:00,501205004,6,1,10,1,0
06:20:00,501205005,8,0,14,1,0
06:20:00,501205006,14,0,6,1,0
06:20:00,501205007,8,0,4,1,0
06:20:00,501205008,4,1,22,1,0
06:20:00,501205009,31,0,14,1,0
06:20:00,501205010,2,0,11,1,0
06:20:00,501205011,4,0,28,1,0
06:20:00,501205012,4,0,16,1,0
06:20:00,501205013,5,1,16,1,0
06:20:00,501205014,19,7,4,1,0
06:20:00,501205015,5,1,13,1,0
06:20:00,501205018,2,0,16,1,0
06:20:00,501205019,1,0,27,1,0
06:20:00,501205020,7,1,23,1,0
06:20:00,501205021,11,0,4,1,0
06:20:00,501205022,7,1,8,1,0
06:20:00,501205023,9,0,6,1,0
06:20:00,501205025,19,0,9,1,0
06:20:00,501205026,8,0,11,1,0
06:20:00,501205027,6,0,4,1,0
06:20:00,501205028,6,3,8,1,0
06:20:00,501205029,5,1,5,1,0
06:20:00,501205030,1,0,9,1,0
06:20:00,501205033,5,0,10,1,0
06:20:00,501205034,4,1,24,1,0
06:20:00,501205035,7,1,9,1,0
06:20:00,501205036,6,1,9,1,0
06:20:00,501205037,7,0,8,1,0
06:20:00,501205038,3,2,17,1,0
06:20:00,501205039,6,0,14,1,0
06:20:00,501205040,15,0,10,1,0
06:20:00,501205041,11,2,6,1,0
06:20:00,501205042,3,1,26,1,0
06:20:00,501208011,17,0,20,1,0
06:20:00,501208013,28,3,25,1,0
06:20:00,501208014,12,0,26,1,0
06:20:00,501208015,7,0,8,1,0
06:20:00,501208018,11,0,4,1,0
06:20:00,501208021,2,0,15,1,0
06:20:00,501208027,3,0,27,1,0
06:20:00,501208029,11,0,10,1,0
06:20:00,501208030,13,0,25,1,0
06:20:00,501208032,10,0,18,1,0
06:20:00,501208040,4,1,15,1,0
06:20:00,501208041,2,0,13,1,0
06:20:00,501208045,6,0,26,1,0
06:20:00,501208051,9,1,27,1,0
06:20:00,501208053,19,0,2,1,0
06:20:00,501208054,2,0,26,1,0
06:20:00,501208059,5,0,24,1,0
06:20:00,501208064,2,1,18,1,0
06:20:00,501208077,10,1,0,1,0
06:20:00,501208079,2,0,20,1,0
06:20:00,501208082,4,1,6,1,0
06:20:00,501208085,12,0,3,1,0
06:20:00,501208087,21,0,10,1,0
06:20:00,501208089,16,0,9,1,0
06:20:00,501208091,2,1,41,1,0
06:20:00,501208111,6,0,8,1,0
06:20:00,501208113,3,0,17,1,0
06:20:00,501208114,3,0,17,1,0
06:20:00,501208129,2,0,20,1,0
06:20:00,501208130,8,0,5,1,0
06:20:00,501209002,11,0,9,1,0
06:20:00,501209003,11,1,3,1,0
06:20:00,501209004,3,0,12,1,0
06:20:00,501209005,16,3,2,1,0
06:20:00,501209006,10,2,9,1,0
06:20:00,501209007,8,0,6,1,0
06:20:00,501209009,0,0,0,2,0
06:20:00,501209010,11,2,2,1,0
06:20:00,501209011,2,1,23,1,0
06:20:00,501209014,6,2,6,1,0
06:20:00,501209015,11,1,4,1,0
06:20:00,501209016,13,1,16,1,0
06:20:00,501209017,2,0,10,1,0
06:20:00,501209018,7,0,10,1,0
06:20:00,501209019,7,0,16,1,0
06:20:00,501209020,2,0,30,1,0
06:20:00,501209021,7,3,7,1,0
06:20:00,501209022,4,0,6,1,0
06:20:00,501209023,28,0,15,1,0
06:20:00,501209024,15,3,27,1,0
06:20:00,501209025,2,0,13,1,0
06:20:00,501209026,17,0,9,1,0
06:20:00,501209027,6,0,12,1,0
06:20:00,501209028,8,1,20,1,0
06:20:00,501209030,10,0,8,1,0
06:20:00,501209031,4,0,26,1,0
06:20:00,501209032,2,0,26,1,0
06:20:00,501209033,2,0,18,1,0
06:20:00,501209034,7,0,8,1,0
06:20:00,501209035,11,0,17,1,0
06:20:00,501209036,12,2,19,1,0
06:20:00,501209037,13,0,22,1,0
06:20:00,501209038,10,0,6,1,0
06:20:00,501209039,6,0,24,1,0
06:20:00,501209040,5,1,26,1,0
06:20:00,501209042,5,1,14,1,0
06:20:00,501209043,13,0,12,1,0
06:20:00,501209044,10,3,5,1,0
06:20:00,501209045,8,0,7,1,0
06:20:00,501209046,12,3,10,1,0
06:20:00,501209047,7,0,7,1,0
06:20:00,501209049,1,0,19,1,0
06:20:00,501209050,10,0,3,1,0
06:20:00,501209051,5,3,19,1,0
06:20:00,501209052,3,2,19,1,0
06:20:00,501209053,4,1,16,1,0
06:20:00,501209054,7,0,20,1,0
06:20:00,501209056,10,0,5,1,0
06:20:00,501209058,6,1,10,1,0
06:20:00,501209059,2,0,13,1,0
06:20:00,501209060,7,0,13,1,0
06:20:00,501209062,8,1,7,1,0
06:20:00,501209064,9,0,6,1,0
06:20:00,501209065,8,0,7,1,0
06:20:00,501209066,9,0,5,1,0
06:20:00,501209067,5,0,10,1,0
06:20:00,501209068,9,2,8,1,0
06:20:00,501209069,4,0,59,1,0
06:20:00,501209070,6,2,11,1,0
06:20:00,501209071,4,1,13,1,0
06:20:00,501209073,11,2,4,1,0
06:20:00,501209074,10,0,13,1,0
06:20:00,501209075,13,1,3,1,0
06:20:00,501209076,2,1,21,1,0
06:20:00,501209077,9,1,6,1,0
06:20:00,501209078,6,2,7,1,0
06:20:00,501209079,4,1,21,1,0
06:20:00,501209080,5,3,21,1,0
06:20:00,501209081,8,0,7,1,0
06:20:00,501209084,13,0,10,1,0
06:20:00,501209085,2,0,24,1,0
06:20:00,501209087,3,0,36,1,0
06:20:00,501209088,5,0,10,1,0
06:20:00,501209089,4,0,15,1,0
06:20:00,501209090,8,0,6,1,0
06:20:00,501209091,2,1,14,1,0
06:20:00,501209092,10,0,6,1,0
06:20:00,501209093,6,0,9,1,0
06:20:00,501209094,3,0,13,1,0
06:20:00,501209095,10,1,4,1,0
06:20:00,501209096,10,3,5,1,0
06:20:00,501209097,1,1,14,1,0
06:20:00,501209098,7,0,8,1,0
06:20:00,501209099,1,0,18,1,0
06:20:00,501209100,13,3,2,1,0
06:20:00,501209101,6,0,9,1,0
06:20:00,501209102,9,1,11,1,0
06:20:00,501209104,6,1,11,1,0
06:20:00,501209105,22,3,4,1,0
06:20:00,501209106,10,0,10,1,0
06:20:00,501211001,18,4,19,1,0
06:20:00,501211002,6,0,9,1,0
06:20:00,501211004,10,2,5,1,0
06:20:00,501211005,5,1,14,1,0
06:20:00,501211006,12,2,4,1,0
06:20:00,501211007,14,0,5,1,0
06:20:00,501211009,5,0,13,1,0
06:20:00,501211011,21,6,9,1,0
06:20:00,501211012,6,2,12,1,0
06:31:07,501201001,0,0,0,2,0
06:31:07,501201002,5,0,34,1,0
06:31:07,501201003,5,0,18,1,0
06:31:07,501201004,5,0,10,1,0
06:31:07,501201005,5,0,14,1,0
06:31:07,501201006,13,1,15,1,0
06:31:07,501201007,0,0,19,1,0
06:31:07,501201008,6,1,19,1,0
06:31:07,501201010,2,1,8,1,0
06:31:07,501201011,5,2,17,1,0
06:31:07,501201012,11,0,27,1,0
06:31:07,501201013,7,0,14,1,0
06:31:07,501201014,9,0,10,1,0
06:31:07,501201015,13,0,12,1,0
06:31:07,501201016,10,0,14,1,0
06:31:07,501201017,15,1,11,1,0
06:31:07,501201018,6,0,17,1,0
06:31:07,501201019,3,0,25,1,0
06:31:07,501201020,0,0,24,1,0
06:31:07,501201021,9,0,5,1,0
06:31:07,501201022,7,0,9,1,0
06:31:07,501201023,4,0,24,1,0
06:31:07,501201024,0,0,24,1,0
06:31:07,501201025,9,1,15,1,0
06:31:07,501201026,4,0,15,1,0
06:31:07,501201028,12,0,8,1,0
06:31:07,501201029,4,0,9,1,0
06:31:07,501201030,4,1,11,1,0
06:31:07,501201031,3,1,14,1,0
06:31:07,501202001,11,1,3,1,0
06:31:07,501202003,9,0,31,1,0
06:31:07,501202013,1,0,15,1,0
06:31:07,501202023,5,1,10,1,0
06:31:07,501202024,2,1,13,1,0
06:31:07,501202034,13,0,3,1,0
06:31:07,501202035,11,0,19,1,0
06:31:07,501202036,26,4,12,1,0
06:31:07,501202040,4,0,41,1,0
06:31:07,501202043,6,0,19,1,0
06:31:07,501202044,0,0,0,2,0
06:31:07,501202047,4,0,18,1,0
06:31:07,501202050,4,0,11,1,0
06:31:07,501202055,6,0,9,1,0
06:31:07,501202058,8,3,7,1,0
06:31:07,501202065,5,0,9,1,0
06:31:07,501202068,5,0,13,1,0
06:31:07,501202070,7,2,9,1,0
06:31:07,501202078,7,0,18,1,0
06:31:07,501202080,5,0,21,1,0
06:31:07,501202081,19,0,4,1,0
06:31:07,501202082,6,0,17,1,0
06:31:07,501202083,5,0,19,1,0
06:31:07,501202084,13,1,11,1,0
06:31:07,501202085,6,1,29,1,0
06:31:07,501202088,3,1,27,1,0
06:31:07,501202089,4,0,24,1,0
06:31:07,501202096,5,0,10,1,0
06:31:07,501203001,7,0,13,1,0
06:31:07,501203002,1,0,20,1,0
06:31:07,501203003,7,1,87,1,0
06:31:07,501203005,6,1,14,1,0
06:31:07,501203006,2,0,13,1,0
06:31:07,501203007,7,0,8,1,0
06:31:07,501203008,14,2,2,1,0
06:31:07,501203010,24,0,9,1,0
06:31:07,501203011,21,7,17,1,0
06:31:07,501203012,7,2,10,1,0
06:31:07,501203013,12,2,12,1,0
06:31:07,501203015,9,0,3,1,0
06:31:07,501203020,14,0,6,1,0
06:31:07,501203022,1,1,18,1,0
06:31:07,501203023,5,0,13,1,0
06:31:07,501203028,14,0,11,1,0
06:31:07,501203040,8,1,16,1,0
06:31:07,501203045,2,1,16,1,0
06:31:07,501203050,40,0,20,1,0
06:31:07,501203051,13,0,10,1,0
06:31:07,501203053,5,0,21,1,0
06:31:07,501203054,6,2,16,1,0
06:31:07,501203064,1,0,15,1,0
06:31:07,501203065,15,0,1,1,0
06:31:07,501203070,9,0,6,1,0
06:31:07,501203073,6,0,18,1,0
06:31:07,501203076,7,0,8,1,0
06:31:07,501203078,6,0,10,1,0
06:31:07,501203080,11,0,3,1,0
06:31:07,501203084,8,1,3,1,0
06:31:07,501203085,5,0,5,1,0
06:31:07,501203088,7,0,7,1,0
06:31:07,501203089,7,3,5,1,0
06:31:07,501203090,2,1,8,1,0
06:31:07,501203091,8,1,5,1,0
06:31:07,501203092,7,0,13,1,0
06:31:07,501203100,7,0,12,1,0
06:31:07,501203101,0,0,0,2,0
06:31:07,501203102,4,0,15,1,0
06:31:07,501203104,11,0,7,1,0
06:31:07,501203105,4,1,7,1,0
06:31:07,501203107,0,0,0,2,0
06:31:07,501203109,8,0,18,1,0
06:31:07,501203110,14,0,26,1,0
06:31:07,501203111,5,0,6,1,0
06:31:07,501203113,6,2,13,1,0
06:31:07,501203114,4,0,46,1,0
06:31:07,501203117,0,0,0,2,0
06:31:07,501203118,0,0,20,1,0
06:31:07,501203121,8,0,16,1,0
06:31:07,501203122,10,0,10,1,0
06:31:07,501203125,13,0,12,1,0
06:31:07,501203131,17,1,3,1,0
06:31:07,501203140,7,0,35,1,0
06:31:07,501203141,5,3,10,1,0
06:31:07,501203142,20,5,16,1,0
06:31:07,501203145,9,1,6,1,0
06:31:07,501203151,11,0,7,1,0
06:31:07,501203155,8,0,11,1,0
06:31:07,501203157,2,2,15,1,0
06:31:07,501203159,5,1,15,1,0
06:31:07,501203161,1,0,18,1,0
06:31:07,501203162,12,1,9,1,0
06:31:07,501203163,6,0,10,1,0
06:31:07,501204001,4,0,21,1,0
06:31:07,501204002,3,0,33,1,0
06:31:07,501204003,21,0,23,1,0
06:31:07,501204004,4,0,10,1,0
06:31:07,501204005,9,3,11,1,0
06:31:07,501204007,5,0,31,1,0
06:31:07,501204008,4,0,11,1,0
06:31:07,501204009,0,0,0,2,0
06:31:07,501204010,0,0,0,2,0
06:31:07,501204011,3,0,12,1,0
06:31:07,501204012,5,0,9,1,0
06:31:07,501204013,4,0,9,1,0
06:31:07,501204014,7,0,9,1,0
06:31:07,501204015,12,0,3,1,0
06:31:07,501204016,3,0,17,1,0
06:31:07,501204017,5,0,10,1,0
06:31:07,501204018,8,0,16,1,0
06:31:07,501204020,9,0,11,1,0
06:31:07,501204021,4,0,16,1,0
06:31:07,501204022,7,0,9,1,0
06:31:07,501204023,10,0,5,1,0
06:31:07,501204024,0,0,0,2,0
06:31:07,501204025,13,0,7,1,0
06:31:07,501205001,6,1,11,1,0
06:31:07,501205003,6,0,13,1,0
06:31:07,501205004,5,0,11,1,0
06:31:07,501205005,6,0,16,1,0
06:31:07,501205006,14,0,6,1,0
06:31:07,501205007,8,0,4,1,0
06:31:07,501205008,4,1,22,1,0
06:31:07,501205009,32,0,13,1,0
06:31:07,501205010,1,0,12,1,0
06:31:07,501205011,4,0,28,1,0
06:31:07,501205012,4,0,16,1,0
06:31:07,501205013,5,1,16,1,0
06:31:07,501205014,18,6,5,1,0
06:31:07,501205015,5,1,13,1,0
06:31:07,501205018,3,0,15,1,0
06:31:07,501205019,2,0,26,1,0
06:31:07,501205020,7,1,23,1,0
06:31:07,501205021,11,0,4,1,0
06:31:07,501205022,7,1,8,1,0
06:31:07,501205023,9,0,6,1,0
06:31:07,501205025,19,0,9,1,0
06:31:07,501205026,8,0,11,1,0
06:31:07,501205027,6,0,4,1,0
06:31:07,501205028,7,4,7,1,0
06:31:07,501205029,5,1,5,1,0
06:31:07,501205030,1,0,9,1,0
06:31:07,501205033,5,0,10,1,0
06:31:07,501205034,5,1,23,1,0
06:31:07,501205035,7,1,9,1,0
06:31:07,501205036,6,1,9,1,0
06:31:07,501205037,7,0,8,1,0
06:31:07,501205038,3,2,17,1,0
06:31:07,501205039,6,0,14,1,0
06:31:07,501205040,15,0,10,1,0
06:31:07,501205041,10,2,7,1,0
06:31:07,501205042,3,1,26,1,0
06:31:07,501208011,17,0,20,1,0
06:31:07,501208013,29,3,24,1,0
06:31:07,501208014,12,0,26,1,0
06:31:07,501208015,8,0,7,1,0
06:31:07,501208018,11,0,4,1,0
06:31:07,501208021,2,0,15,1,0
06:31:07,501208027,3,0,27,1,0
06:31:07,501208029,10,0,11,1,0
06:31:07,501208030,14,0,24,1,0
06:31:07,501208032,10,0,18,1,0
06:31:07,501208040,4,1,15,1,0
06:31:07,501208041,2,0,13,1,0
06:31:07,501208045,6,0,26,1,0
06:31:07,501208051,9,1,27,1,0
06:31:07,501208053,19,0,2,1,0
06:31:07,501208054,2,0,26,1,0
06:31:07,501208059,5,0,24,1,0
06:31:07,501208064,3,1,17,1,0
06:31:07,501208077,10,1,0,1,0
06:31:07,501208079,2,0,20,1,0
06:31:07,501208082,3,1,7,1,0
06:31:07,501208085,12,0,3,1,0
06:31:07,501208087,21,0,10,1,0
06:31:07,501208089,16,0,9,1,0
06:31:07,501208091,2,1,41,1,0
06:31:07,501208111,6,0,8,1,0
06:31:07,501208113,3,0,17,1,0
06:31:07,501208114,3,0,17,1,0
06:31:07,501208129,2,0,20,1,0
06:31:07,501208130,8,0,5,1,0
06:31:07,501209002,11,0,9,1,0
06:31:07,501209003,11,1,3,1,0
06:31:07,501209004,3,0,12,1,0
06:31:07,501209005,18,3,0,1,0
06:31:07,501209006,10,2,9,1,0
06:31:07,501209007,8,0,6,1,0
06:31:07,501209009,0,0,0,2,0
06:31:07,501209010,10,1,3,1,0
06:31:07,501209011,2,0,23,1,0
06:31:07,501209014,6,2,6,1,0
06:31:07,501209015,11,1,4,1,0
06:31:07,501209016,13,1,16,1,0
06:31:07,501209017,2,0,10,1,0
06:31:07,501209018,7,0,10,1,0
06:31:07,501209019,8,0,15,1,0
06:31:07,501209020,2,0,30,1,0
06:31:07,501209021,7,3,7,1,0
06:31:07,501209022,4,0,6,1,0
06:31:07,501209023,30,2,13,1,0
06:31:07,501209024,16,3,26,1,0
06:31:07,501209025,2,0,13,1,0
06:31:07,501209026,18,0,8,1,0
06:31:07,501209027,6,0,12,1,0
06:31:07,501209028,8,1,20,1,0
06:31:07,501209030,9,0,9,1,0
06:31:07,501209031,5,0,25,1,0
06:31:07,501209032,1,0,27,1,0
06:31:07,501209033,3,1,17,1,0
06:31:07,501209034,6,0,9,1,0
06:31:07,501209035,11,0,17,1,0
06:31:07,501209036,13,2,18,1,0
06:31:07,501209037,12,0,23,1,0
06:31:07,501209038,10,0,6,1,0
06:31:07,501209039,6,0,24,1,0
06:31:07,501209040,5,1,26,1,0
06:31:07,501209042,5,1,14,1,0
06:31:07,501209043,12,0,13,1,0
06:31:07,501209044,10,3,5,1,0
06:31:07,501209045,9,0,6,1,0
06:31:07,501209046,16,4,6,1,0
06:31:07,501209047,7,0,7,1,0
06:31:07,501209049,2,1,18,1,0
06:31:07,501209050,10,0,3,1,0
06:31:07,501209051,5,3,19,1,0
06:31:07,501209052,3,2,19,1,0
06:31:07,501209053,4,1,16,1,0
06:31:07,501209054,8,1,19,1,0
06:31:07,501209056,11,0,4,1,0
06:31:07,501209058,6,1,10,1,0
06:31:07,501209059,0,0,15,1,0
06:31:07,501209060,7,0,13,1,0
06:31:07,501209062,8,1,7,1,0
06:31:07,501209064,7,0,8,1,0
06:31:07,501209065,8,0,7,1,0
06:31:07,501209066,9,0,5,1,0
06:31:07,501209067,5,1,10,1,0
06:31:07,501209068,9,2,8,1,0
06:31:07,501209069,4,0,59,1,0
06:31:07,501209070,5,1,12,1,0
06:31:07,501209071,6,2,11,1,0
06:31:07,501209073,11,2,4,1,0
06:31:07,501209074,11,1,12,1,0
06:31:07,501209075,11,1,5,1,0
06:31:07,501209076,2,1,21,1,0
06:31:07,501209077,9,1,6,1,0
06:31:07,501209078,6,2,7,1,0
06:31:07,501209079,6,2,19,1,0
06:31:07,501209080,5,3,21,1,0
06:31:07,501209081,8,0,7,1,0
06:31:07,501209084,13,0,10,1,0
06:31:07,501209085,2,0,24,1,0
06:31:07,501209087,4,0,35,1,0
06:31:07,501209088,5,0,10,1,0
06:31:07,501209089,4,0,15,1,0
06:31:07,501209090,8,0,6,1,0
06:31:07,501209091,2,1,14,1,0
06:31:07,501209092,10,0,6,1,0
06:31:07,501209093,6,0,9,1,0
06:31:07,501209094,3,0,13,1,0
06:31:07,501209095,10,1,4,1,0
06:31:07,501209096,11,4,4,1,0
06:31:07,501209097,1,1,14,1,0
06:31:07,501209098,7,0,8,1,0
06:31:07,501209099,1,0,18,1,0
06:31:07,501209100,13,3,2,1,0
06:31:07,501209101,5,0,10,1,0
06:31:07,501209102,9,1,11,1,0
06:31:07,501209104,6,1,11,1,0
06:31:07,501209105,20,3,6,1,0
06:31:07,501209106,10,0,10,1,0
06:31:07,501211001,18,4,19,1,0
06:31:07,501211002,6,0,9,1,0
06:31:07,501211004,10,2,5,1,0
06:31:07,501211005,5,1,14,1,0
06:31:07,501211006,12,2,4,1,0
06:31:07,501211007,14,0,5,1,0
06:31:07,501211009,5,0,13,1,0
06:31:07,501211011,21,6,9,1,0
06:31:07,501211012,6,2,12,1,0
06:40:00,501201001,0,0,0,2,0
06:40:00,501201002,4,0,35,1,0
06:40:00,501201003,5,0,18,1,0
06:40:00,501201004,4,0,11,1,0
06:40:00,501201005,5,0,14,1,0
06:40:00,501201006,13,1,15,1,0
06:40:00,501201007,0,0,19,1,0
06:40:00,501201008,6,1,19,1,0
06:40:00,501201010,2,1,8,1,0
06:40:00,501201011,6,2,16,1,0
06:40:00,501201012,10,0,28,1,0
06:40:00,501201013,7,0,14,1,0
06:40:00,501201014,9,0,10,1,0
06:40:00,501201015,13,0,12,1,0
06:40:00,501201016,9,0,15,1,0
06:40:00,501201017,16,2,10,1,0
06:40:00,501201018,7,0,16,1,0
06:40:00,501201019,3,0,25,1,0
06:40:00,501201020,0,0,24,1,0
06:40:00,501201021,10,0,4,1,0
06:40:00,501201022,7,0,9,1,0
06:40:00,501201023,4,0,24,1,0
06:40:00,501201024,0,0,24,1,0
06:40:00,501201025,9,1,15,1,0
06:40:00,501201026,4,0,15,1,0
06:40:00,501201028,11,0,9,1,0
06:40:00,501201029,3,0,10,1,0
06:40:00,501201030,3,0,12,1,0
06:40:00,501201031,3,1,14,1,0
06:40:00,501202001,10,0,4,1,0
06:40:00,501202003,9,0,31,1,0
06:40:00,501202013,1,0,15,1,0
06:40:00,501202023,3,1,12,1,0
06:40:00,501202024,2,1,13,1,0
06:40:00,501202034,10,0,6,1,0
06:40:00,501202035,11,0,19,1,0
06:40:00,501202036,28,6,10,1,0
06:40:00,501202040,4,0,41,1,0
06:40:00,501202043,7,0,18,1,0
06:40:00,501202044,0,0,0,2,0
06:40:00,501202047,4,0,18,1,0
06:40:00,501202050,4,0,11,1,0
06:40:00,501202055,5,0,10,1,0
06:40:00,501202058,8,3,7,1,0
06:40:00,501202065,4,0,10,1,0
06:40:00,501202068,5,0,13,1,0
06:40:00,501202070,7,2,9,1,0
06:40:00,501202078,7,0,18,1,0
06:40:00,501202080,5,0,21,1,0
06:40:00,501202081,18,0,5,1,0
06:40:00,501202082,6,0,17,1,0
06:40:00,501202083,5,0,19,1,0
06:40:00,501202084,13,1,11,1,0
06:40:00,501202085,6,1,29,1,0
06:40:00,501202088,3,1,27,1,0
06:40:00,501202089,4,0,24,1,0
06:40:00,501202096,5,0,10,1,0
06:40:00,501203001,4,0,16,1,0
06:40:00,501203002,2,0,19,1,0
06:40:00,501203003,6,1,88,1,0
06:40:00,501203005,6,1,14,1,0
06:40:00,501203006,2,0,13,1,0
06:40:00,501203007,7,0,8,1,0
06:40:00,501203008,14,2,2,1,0
06:40:00,501203010,23,0,10,1,0
06:40:00,501203011,20,6,18,1,0
06:40:00,501203012,7,2,10,1,0
06:40:00,501203013,15,4,9,1,0
06:40:00,501203015,9,0,3,1,0
06:40:00,501203020,15,0,5,1,0
06:40:00,501203022,1,1,18,1,0
06:40:00,501203023,4,0,14,1,0
06:40:00,501203028,15,1,10,1,0
06:40:00,501203040,8,1,16,1,0
06:40:00,501203045,3,0,15,1,0
06:40:00,501203050,37,0,23,1,0
06:40:00,501203051,13,0,10,1,0
06:40:00,501203053,5,0,21,1,0
06:40:00,501203054,6,2,16,1,0
06:40:00,501203064,1,0,15,1,0
06:40:00,501203065,12,0,4,1,0
06:40:00,501203070,9,0,6,1,0
06:40:00,501203073,6,0,18,1,0
06:40:00,501203076,7,0,8,1,0
06:40:00,501203078,6,0,10,1,0
06:40:00,501203080,11,0,3,1,0
06:40:00,501203084,7,0,4,1,0
06:40:00,501203085,4,0,6,1,0
06:40:00,501203088,7,0,7,1,0
06:40:00,501203089,7,3,5,1,0
06:40:00,501203090,2,1,8,1,0
06:40:00,501203091,8,1,5,1,0
06:40:00,501203092,7,0,13,1,0
06:40:00,501203100,7,0,12,1,0
06:40:00,501203101,0,0,0,2,0
06:40:00,501203102,3,0,16,1,0
06:40:00,501203104,11,0,7,1,0
06:40:00,501203105,4,1,7,1,0
06:40:00,501203107,0,0,0,2,0
06:40:00,501203109,5,0,21,1,0
06:40:00,501203110,14,0,26,1,0
06:40:00,501203111,4,0,7,1,0
06:40:00,501203113,7,3,12,1,0
06:40:00,501203114,6,0,44,1,0
06:40:00,501203117,0,0,0,2,0
06:40:00,501203118,0,0,20,1,0
06:40:00,501203121,6,0,18,1,0
06:40:00,501203122,11,0,9,1,0
06:40:00,501203125,10,0,15,1,0
06:40:00,501203131,17,1,3,1,0
06:40:00,501203140,8,0,34,1,0
06:40:00,501203141,6,3,9,1,0
06:40:00,501203142,21,6,15,1,0
06:40:00,501203145,9,1,6,1,0
06:40:00,501203151,7,0,11,1,0
06:40:00,501203155,8,0,11,1,0
06:40:00,501203157,2,2,15,1,0
06:40:00,501203159,5,1,15,1,0
06:40:00,501203161,1,0,18,1,0
06:40:00,501203162,12,1,9,1,0
06:40:00,501203163,6,0,10,1,0
06:40:00,501204001,4,0,21,1,0
06:40:00,501204002,3,0,33,1,0
06:40:00,501204003,20,0,24,1,0
06:40:00,501204004,3,0,11,1,0
06:40:00,501204005,7,1,13,1,0
06:40:00,501204007,6,0,30,1,0
06:40:00,501204008,5,0,10,1,0
06:40:00,501204009,0,0,0,2,0
06:40:00,501204010,0,0,0,2,0
06:40:00,501204011,4,1,11,1,0
06:40:00,501204012,7,0,7,1,0
06:40:00,501204013,3,0,10,1,0
06:40:00,501204014,7,0,9,1,0
06:40:00,501204015,12,0,3,1,0
06:40:00,501204016,2,0,18,1,0
06:40:00,501204017,5,0,10,1,0
06:40:00,501204018,8,0,16,1,0
06:40:00,501204020,8,0,12,1,0
06:40:00,501204021,4,0,16,1,0
06:40:00,501204022,7,0,9,1,0
06:40:00,501204023,10,0,5,1,0
06:40:00,501204024,0,0,0,2,0
06:40:00,501204025,13,0,7,1,0
06:40:00,501205001,6,1,11,1,0
06:40:00,501205003,6,0,13,1,0
06:40:00,501205004,4,0,12,1,0
06:40:00,501205005,6,0,16,1,0
06:40:00,501205006,14,0,6,1,0
06:40:00,501205007,8,0,4,1,0
06:40:00,501205008,3,1,23,1,0
06:40:00,501205009,31,0,14,1,0
06:40:00,501205010,3,0,10,1,0
06:40:00,501205011,4,0,28,1,0
06:40:00,501205012,4,0,16,1,0
06:40:00,501205013,5,1,16,1,0
06:40:00,501205014,15,5,8,1,0
06:40:00,501205015,5,1,13,1,0
06:40:00,501205018,3,0,15,1,0
06:40:00,501205019,4,0,24,1,0
06:40:00,501205020,7,1,23,1,0
06:40:00,501205021,11,0,4,1,0
06:40:00,501205022,7,1,8,1,0
06:40:00,501205023,9,0,6,1,0
06:40:00,501205025,21,0,7,1,0
06:40:00,501205026,9,1,10,1,0
06:40:00,501205027,6,0,4,1,0
06:40:00,501205028,6,2,8,1,0
06:40:00,501205029,5,1,5,1,0
06:40:00,501205030,1,0,9,1,0
06:40:00,501205033,7,1,8,1,0
06:40:00,501205034,6,2,22,1,0
06:40:00,501205035,7,1,9,1,0
06:40:00,501205036,6,1,9,1,0
06:40:00,501205037,6,0,9,1,0
06:40:00,501205038,3,2,17,1,0
06:40:00,501205039,5,0,15,1,0
06:40:00,501205040,15,0,10,1,0
06:40:00,501205041,9,1,8,1,0
06:40:00,501205042,3,1,26,1,0
06:40:00,501208011,19,0,18,1,0
06:40:00,501208013,30,3,23,1,0
06:40:00,501208014,11,0,27,1,0
06:40:00,501208015,8,0,7,1,0
06:40:00,501208018,11,0,4,1,0
06:40:00,501208021,2,0,15,1,0
06:40:00,501208027,2,0,28,1,0
06:40:00,501208029,10,0,11,1,0
06:40:00,501208030,14,0,24,1,0
06:40:00,501208032,10,0,18,1,0
06:40:00,501208040,4,1,15,1,0
06:40:00,501208041,2,0,13,1,0
06:40:00,501208045,6,0,26,1,0
06:40:00,501208051,10,2,26,1,0
06:40:00,501208053,18,0,3,1,0
06:40:00,501208054,2,0,26,1,0
06:40:00,501208059,5,0,24,1,0
06:40:00,501208064,3,1,17,1,0
06:40:00,501208077,10,1,0,1,0
06:40:00,501208079,3,0,19,1,0
06:40:00,501208082,3,1,7,1,0
06:40:00,501208085,12,0,3,1,0
06:40:00,501208087,22,0,9,1,0
06:40:00,501208089,16,0,9,1,0
06:40:00,501208091,2,1,41,1,0
06:40:00,501208111,6,0,8,1,0
06:40:00,501208113,3,0,17,1,0
06:40:00,501208114,3,0,17,1,0
06:40:00,501208129,2,0,20,1,0
06:40:00,501208130,8,0,5,1,0
06:40:00,501209002,11,0,9,1,0
06:40:00,501209003,10,0,4,1,0
06:40:00,501209004,3,0,12,1,0
06:40:00,501209005,18,3,0,1,0
06:40:00,501209006,10,2,9,1,0
06:40:00,501209007,7,0,7,1,0
06:40:00,501209009,0,0,0,2,0
06:40:00,501209010,10,1,3,1,0
06:40:00,501209011,2,0,23,1,0
06:40:00,501209014,6,2,6,1,0
06:40:00,501209015,10,1,5,1,0
06:40:00,501209016,13,1,16,1,0
06:40:00,501209017,0,0,12,1,0
06:40:00,501209018,7,0,10,1,0
06:40:00,501209019,8,0,15,1,0
06:40:00,501209020,1,0,31,1,0
06:40:00,501209021,8,3,6,1,0
06:40:00,501209022,4,0,6,1,0
06:40:00,501209023,31,3,12,1,0
06:40:00,501209024,15,2,27,1,0
06:40:00,501209025,2,0,13,1,0
06:40:00,501209026,18,0,8,1,0
06:40:00,501209027,6,0,12,1,0
06:40:00,501209028,8,1,20,1,0
06:40:00,501209030,9,0,9,1,0
06:40:00,501209031,4,0,26,1,0
06:40:00,501209032,1,0,27,1,0
06:40:00,501209033,3,1,17,1,0
06:40:00,501209034,6,0,9,1,0
06:40:00,501209035,11,0,17,1,0
06:40:00,501209036,13,2,18,1,0
06:40:00,501209037,12,0,23,1,0
06:40:00,501209038,10,0,6,1,0
06:40:00,501209039,6,0,24,1,0
06:40:00,501209040,5,1,26,1,0
06:40:00,501209042,5,1,14,1,0
06:40:00,501209043,12,0,13,1,0
06:40:00,501209044,10,3,5,1,0
06:40:00,501209045,9,0,6,1,0
06:40:00,501209046,19,5,3,1,0
06:40:00,501209047,6,0,8,1,0
06:40:00,501209049,3,2,17,1,0
06:40:00,501209050,10,0,3,1,0
06:40:00,501209051,5,3,19,1,0
06:40:00,501209052,3,2,19,1,0
06:40:00,501209053,4,1,16,1,0
06:40:00,501209054,8,1,19,1,0
06:40:00,501209056,11,0,4,1,0
06:40:00,501209058,6,1,10,1,0
06:40:00,501209059,1,1,14,1,0
06:40:00,501209060,8,1,12,1,0
06:40:00,501209062,8,1,7,1,0
06:40:00,501209064,5,0,10,1,0
06:40:00,501209065,8,0,7,1,0
06:40:00,501209066,7,0,7,1,0
06:40:00,501209067,3,0,12,1,0
06:40:00,501209068,8,2,9,1,0
06:40:00,501209069,4,0,59,1,0
06:40:00,501209070,5,1,12,1,0
06:40:00,501209071,6,2,11,1,0
06:40:00,501209073,12,2,3,1,0
06:40:00,501209074,10,0,13,1,0
06:40:00,501209075,10,0,6,1,0
06:40:00,501209076,2,1,21,1,0
06:40:00,501209077,9,1,6,1,0
06:40:00,501209078,6,2,7,1,0
06:40:00,501209079,10,3,15,1,0
06:40:00,501209080,5,3,21,1,0
06:40:00,501209081,7,0,8,1,0
06:40:00,501209084,13,0,10,1,0
06:40:00,501209085,5,2,21,1,0
06:40:00,501209087,4,0,35,1,0
06:40:00,501209088,5,0,10,1,0
06:40:00,501209089,4,0,15,1,0
06:40:00,501209090,9,1,5,1,0
06:40:00,501209091,5,1,11,1,0
06:40:00,501209092,10,0,6,1,0
06:40:00,501209093,6,0,9,1,0
06:40:00,501209094,1,0,15,1,0
06:40:00,501209095,10,0,4,1,0
06:40:00,501209096,11,4,4,1,0
06:40:00,501209097,1,1,14,1,0
06:40:00,501209098,7,0,8,1,0
06:40:00,501209099,1,0,18,1,0
06:40:00,501209100,13,3,2,1,0
06:40:00,501209101,5,0,10,1,0
06:40:00,501209102,9,1,11,1,0
06:40:00,501209104,6,1,11,1,0
06:40:00,501209105,20,3,6,1,0
06:40:00,501209106,10,0,10,1,0
06:40:00,501211001,18,4,19,1,0
06:40:00,501211002,6,0,9,1,0
06:40:00,501211004,10,2,5,1,0
06:40:00,501211005,5,1,14,1,0
06:40:00,501211006,12,2,4,1,0
06:40:00,501211007,13,0,6,1,0
06:40:00,501211009,5,0,13,1,0
06:40:00,501211011,20,6,10,1,0
06:40:00,501211012,6,2,12,1,0
06:50:00,501201001,0,0,0,2,0
06:50:00,501201002,3,0,36,1,0
06:50:00,501201003,5,0,18,1,0
06:50:00,501201004,4,0,11,1,0
06:50:00,501201005,5,0,14,1,0
06:50:00,501201006,14,1,14,1,0
06:50:00,501201007,0,0,19,1,0
06:50:00,501201008,6,1,19,1,0
06:50:00,501201010,2,1,8,1,0
06:50:00,501201011,6,2,16,1,0
06:50:00,501201012,7,0,31,1,0
06:50:00,501201013,7,0,14,1,0
06:50:00,501201014,8,0,11,1,0
06:50:00,501201015,13,0,12,1,0
06:50:00,501201016,10,1,14,1,0
06:50:00,501201017,17,1,9,1,0
06:50:00,501201018,7,0,16,1,0
06:50:00,501201019,5,1,23,1,0
06:50:00,501201020,1,1,23,1,0
06:50:00,501201021,10,0,4,1,0
06:50:00,501201022,7,1,9,1,0
06:50:00,501201023,4,0,24,1,0
06:50:00,501201024,0,0,24,1,0
06:50:00,501201025,8,0,16,1,0
06:50:00,501201026,3,0,16,1,0
06:50:00,501201028,11,0,9,1,0
06:50:00,501201029,3,0,10,1,0
06:50:00,501201030,3,0,12,1,0
06:50:00,501201031,3,1,14,1,0
06:50:00,501202001,10,0,4,1,0
06:50:00,501202003,9,0,31,1,0
06:50:00,501202013,1,0,15,1,0
06:50:00,501202023,2,1,13,1,0
06:50:00,501202024,2,1,13,1,0
06:50:00,501202034,12,0,4,1,0
06:50:00,501202035,11,0,19,1,0
06:50:00,501202036,28,5,10,1,0
06:50:00,501202040,4,0,41,1,0
06:50:00,501202043,5,0,20,1,0
06:50:00,501202044,0,0,0,2,0
06:50:00,501202047,4,0,18,1,0
06:50:00,501202050,5,0,10,1,0
06:50:00,501202055,4,0,11,1,0
06:50:00,501202058,8,3,7,1,0
06:50:00,501202065,4,0,10,1,0
06:50:00,501202068,5,0,13,1,0
06:50:00,501202070,8,2,8,1,0
06:50:00,501202078,7,0,18,1,0
06:50:00,501202080,4,0,22,1,0
06:50:00,501202081,18,0,5,1,0
06:50:00,501202082,4,0,19,1,0
06:50:00,501202083,5,0,19,1,0
06:50:00,501202084,11,0,13,1,0
06:50:00,501202085,6,1,29,1,0
06:50:00,501202088,3,1,27,1,0
06:50:00,501202089,6,0,22,1,0
06:50:00,501202096,5,0,10,1,0
06:50:00,501203001,3,0,17,1,0
06:50:00,501203002,2,0,19,1,0
06:50:00,501203003,6,1,88,1,0
06:50:00,501203005,5,1,15,1,0
06:50:00,501203006,2,0,13,1,0
06:50:00,501203007,7,0,8,1,0
06:50:00,501203008,13,1,3,1,0
06:50:00,501203010,23,0,10,1,0
06:50:00,501203011,20,6,18,1,0
06:50:00,501203012,6,1,11,1,0
06:50:00,501203013,15,4,9,1,0
06:50:00,501203015,9,0,3,1,0
06:50:00,501203020,17,2,3,1,0
06:50:00,501203022,1,1,18,1,0
06:50:00,501203023,5,1,13,1,0
06:50:00,501203028,15,0,10,1,0
06:50:00,501203040,7,1,17,1,0
06:50:00,501203045,3,0,15,1,0
06:50:00,501203050,34,0,26,1,0
06:50:00,501203051,13,0,10,1,0
06:50:00,501203053,4,0,22,1,0
06:50:00,501203054,6,2,16,1,0
06:50:00,501203064,1,0,15,1,0
06:50:00,501203065,10,0,6,1,0
06:50:00,501203070,9,0,6,1,0
06:50:00,501203073,6,0,18,1,0
06:50:00,501203076,7,0,8,1,0
06:50:00,501203078,6,0,10,1,0
06:50:00,501203080,11,0,3,1,0
06:50:00,501203084,7,0,4,1,0
06:50:00,501203085,4,0,6,1,0
06:50:00,501203088,7,0,7,1,0
06:50:00,501203089,7,3,5,1,0
06:50:00,501203090,1,0,9,1,0
06:50:00,501203091,8,1,5,1,0
06:50:00,501203092,8,0,12,1,0
06:50:00,501203100,6,0,13,1,0
06:50:00,501203101,0,0,0,2,0
06:50:00,501203102,3,0,16,1,0
06:50:00,501203104,11,0,7,1,0
06:50:00,501203105,3,1,8,1,0
06:50:00,501203107,0,0,0,2,0
06:50:00,501203109,4,0,22,1,0
06:50:00,501203110,15,0,25,1,0
06:50:00,501203111,3,0,8,1,0
06:50:00,501203113,6,2,13,1,0
06:50:00,501203114,8,0,42,1,0
06:50:00,501203117,0,0,0,2,0
06:50:00,501203118,0,0,20,1,0
06:50:00,501203121,5,0,19,1,0
06:50:00,501203122,10,0,10,1,0
06:50:00,501203125,9,0,16,1,0
06:50:00,501203131,17,1,3,1,0
06:50:00,501203140,9,0,33,1,0
06:50:00,501203141,6,3,9,1,0
06:50:00,501203142,25,7,11,1,0
06:50:00,501203145,9,1,6,1,0
06:50:00,501203151,3,0,15,1,0
06:50:00,501203155,8,0,11,1,0
06:50:00,501203157,2,2,15,1,0
06:50:00,501203159,5,1,15,1,0
06:50:00,501203161,1,0,18,1,0
06:50:00,501203162,12,1,9,1,0
06:50:00,501203163,6,0,10,1,0
06:50:00,501204001,4,0,21,1,0
06:50:00,501204002,3,0,33,1,0
06:50:00,501204003,22,0,22,1,0
06:50:00,501204004,2,0,12,1,0
06:50:00,501204005,6,0,14,1,0
06:50:00,501204007,6,0,30,1,0
06:50:00,501204008,5,0,10,1,0
06:50:00,501204009,0,0,0,2,0
06:50:00,501204010,0,0,0,2,0
06:50:00,501204011,5,1,10,1,0
06:50:00,501204012,7,0,7,1,0
06:50:00,501204013,3,0,10,1,0
06:50:00,501204014,7,0,9,1,0
06:50:00,501204015,12,0,3,1,0
06:50:00,501204016,2,0,18,1,0
06:50:00,501204017,5,0,10,1,0
06:50:00,501204018,8,0,16,1,0
06:50:00,501204020,8,1,12,1,0
06:50:00,501204021,4,0,16,1,0
06:50:00,501204022,7,0,9,1,0
06:50:00,501204023,8,0,7,1,0
06:50:00,501204024,0,0,0,2,0
06:50:00,501204025,13,0,7,1,0
06:50:00,501205001,6,1,11,1,0
06:50:00,501205003,6,0,13,1,0
06:50:00,501205004,5,1,11,1,0
06:50:00,501205005,6,0,16,1,0
06:50:00,501205006,14,0,6,1,0
06:50:00,501205007,7,0,5,1,0
06:50:00,501205008,3,1,23,1,0
06:50:00,501205009,31,0,14,1,0
06:50:00,501205010,2,0,11,1,0
06:50:00,501205011,3,0,29,1,0
06:50:00,501205012,4,0,16,1,0
06:50:00,501205013,5,1,16,1,0
06:50:00,501205014,13,3,10,1,0
06:50:00,501205015,5,1,13,1,0
06:50:00,501205018,2,0,16,1,0
06:50:00,501205019,4,0,24,1,0
06:50:00,501205020,7,1,23,1,0
06:50:00,501205021,12,0,3,1,0
06:50:00,501205022,7,1,8,1,0
06:50:00,501205023,10,0,5,1,0
06:50:00,501205025,24,1,4,1,0
06:50:00,501205026,10,1,9,1,0
06:50:00,501205027,6,0,4,1,0
06:50:00,501205028,9,3,5,1,0
06:50:00,501205029,4,0,6,1,0
06:50:00,501205030,1,0,9,1,0
06:50:00,501205033,7,1,8,1,0
06:50:00,501205034,7,1,21,1,0
06:50:00,501205035,6,1,10,1,0
06:50:00,501205036,5,1,10,1,0
06:50:00,501205037,5,1,10,1,0
06:50:00,501205038,3,2,17,1,0
06:50:00,501205039,5,1,15,1,0
06:50:00,501205040,15,0,10,1,0
06:50:00,501205041,9,1,8,1,0
06:50:00,501205042,3,1,26,1,0
06:50:00,501208011,19,0,18,1,0
06:50:00,501208013,26,2,27,1,0
06:50:00,501208014,11,0,27,1,0
06:50:00,501208015,8,0,7,1,0
06:50:00,501208018,10,0,5,1,0
06:50:00,501208021,2,0,15,1,0
06:50:00,501208027,2,0,28,1,0
06:50:00,501208029,10,0,11,1,0
06:50:00,501208030,13,0,25,1,0
06:50:00,501208032,10,0,18,1,0
06:50:00,501208040,3,0,16,1,0
06:50:00,501208041,2,0,13,1,0
06:50:00,501208045,6,0,26,1,0
06:50:00,501208051,10,2,26,1,0
06:50:00,501208053,18,0,3,1,0
06:50:00,501208054,2,0,26,1,0
06:50:00,501208059,5,0,24,1,0
06:50:00,501208064,4,1,16,1,0
06:50:00,501208077,10,1,0,1,0
06:50:00,501208079,3,0,19,1,0
06:50:00,501208082,3,1,7,1,0
06:50:00,501208085,12,0,3,1,0
06:50:00,501208087,22,0,9,1,0
06:50:00,501208089,13,0,12,1,0
06:50:00,501208091,2,1,41,1,0
06:50:00,501208111,6,0,8,1,0
06:50:00,501208113,3,0,17,1,0
06:50:00,501208114,3,0,17,1,0
06:50:00,501208129,1,0,21,1,0
06:50:00,501208130,8,0,5,1,0
06:50:00,501209002,11,0,9,1,0
06:50:00,501209003,9,0,5,1,0
06:50:00,501209004,3,0,12,1,0
06:50:00,501209005,18,3,0,1,0
06:50:00,501209006,10,2,9,1,0
06:50:00,501209007,7,0,7,1,0
06:50:00,501209009,0,0,0,2,0
06:50:00,501209010,10,1,3,1,0
06:50:00,501209011,2,0,23,1,0
06:50:00,501209014,6,1,6,1,0
06:50:00,501209015,10,1,5,1,0
06:50:00,501209016,14,2,15,1,0
06:50:00,501209017,0,0,12,1,0
06:50:00,501209018,10,0,7,1,0
06:50:00,501209019,9,0,14,1,0
06:50:00,501209020,1,0,31,1,0
06:50:00,501209021,8,3,6,1,0
06:50:00,501209022,4,0,6,1,0
06:50:00,501209023,33,5,10,1,0
06:50:00,501209024,14,2,28,1,0
06:50:00,501209025,3,0,12,1,0
06:50:00,501209026,18,1,8,1,0
06:50:00,501209027,6,0,12,1,0
06:50:00,501209028,8,1,20,1,0
06:50:00,501209030,8,0,10,1,0
06:50:00,501209031,4,0,26,1,0
06:50:00,501209032,1,0,27,1,0
06:50:00,501209033,2,0,18,1,0
06:50:00,501209034,6,0,9,1,0
06:50:00,501209035,11,0,17,1,0
06:50:00,501209036,12,1,19,1,0
06:50:00,501209037,12,0,23,1,0
06:50:00,501209038,10,0,6,1,0
06:50:00,501209039,6,0,24,1,0
06:50:00,501209040,5,1,26,1,0
06:50:00,501209042,5,1,14,1,0
06:50:00,501209043,10,0,15,1,0
06:50:00,501209044,10,2,5,1,0
06:50:00,501209045,9,0,6,1,0
06:50:00,501209046,13,1,9,1,0
06:50:00,501209047,5,0,9,1,0
06:50:00,501209049,10,5,10,1,0
06:50:00,501209050,10,0,3,1,0
06:50:00,501209051,5,3,19,1,0
06:50:00,501209052,3,2,19,1,0
06:50:00,501209053,4,1,16,1,0
06:50:00,501209054,7,0,20,1,0
06:50:00,501209056,12,0,3,1,0
06:50:00,501209058,6,1,10,1,0
06:50:00,501209059,1,1,14,1,0
06:50:00,501209060,9,2,11,1,0
06:50:00,501209062,7,1,8,1,0
06:50:00,501209064,5,0,10,1,0
06:50:00,501209065,8,0,7,1,0
06:50:00,501209066,7,0,7,1,0
06:50:00,501209067,3,0,12,1,0
06:50:00,501209068,7,1,10,1,0
06:50:00,501209069,4,0,59,1,0
06:50:00,501209070,6,1,11,1,0
06:50:00,501209071,6,2,11,1,0
06:50:00,501209073,11,1,4,1,0
06:50:00,501209074,9,0,14,1,0
06:50:00,501209075,10,0,6,1,0
06:50:00,501209076,2,1,21,1,0
06:50:00,501209077,8,1,7,1,0
06:50:00,501209078,6,2,7,1,0
06:50:00,501209079,10,1,15,1,0
06:50:00,501209080,5,3,21,1,0
06:50:00,501209081,7,0,8,1,0
06:50:00,501209084,13,0,10,1,0
06:50:00,501209085,5,2,21,1,0
06:50:00,501209087,5,1,34,1,0
06:50:00,501209088,5,0,10,1,0
06:50:00,501209089,4,0,15,1,0
06:50:00,501209090,6,0,8,1,0
06:50:00,501209091,6,2,10,1,0
06:50:00,501209092,10,0,6,1,0
06:50:00,501209093,6,0,9,1,0
06:50:00,501209094,1,0,15,1,0
06:50:00,501209095,10,0,4,1,0
06:50:00,501209096,10,4,5,1,0
06:50:00,501209097,1,1,14,1,0
06:50:00,501209098,7,0,8,1,0
06:50:00,501209099,1,0,18,1,0
06:50:00,501209100,13,3,2,1,0
06:50:00,501209101,5,0,10,1,0
06:50:00,501209102,9,1,11,1,0
06:50:00,501209104,6,1,11,1,0
06:50:00,501209105,19,2,7,1,0
06:50:00,501209106,10,0,10,1,0
06:50:00,501211001,19,4,18,1,0
06:50:00,501211002,6,0,9,1,0
06:50:00,501211004,10,2,5,1,0
06:50:00,501211005,5,1,14,1,0
06:50:00,501211006,12,2,4,1,0
06:50:00,501211007,13,0,6,1,0
06:50:00,501211009,5,0,13,1,0
06:50:00,501211011,20,6,10,1,0
06:50:00,501211012,6,2,12,1,0
07:00:00,501201001,0,0,0,2,0
07:00:00,501201002,5,0,34,1,0
07:00:00,501201003,5,0,18,1,0
07:00:00,501201004,6,1,9,1,0
07:00:00,501201005,5,0,14,1,0
07:00:00,501201006,13,1,15,1,0
07:00:00,501201007,3,0,16,1,0
07:00:00,501201008,7,1,18,1,0
07:00:00,501201010,2,1,8,1,0
07:00:00,501201011,5,1,17,1,0
07:00:00,501201012,7,0,31,1,0
07:00:00,501201013,7,0,14,1,0
07:00:00,501201014,9,0,10,1,0
07:00:00,501201015,13,0,12,1,0
07:00:00,501201016,10,1,14,1,0
07:00:00,501201017,16,0,10,1,0
07:00:00,501201018,7,0,16,1,0
07:00:00,501201019,5,0,23,1,0
07:00:00,501201020,1,1,23,1,0
07:00:00,501201021,9,0,5,1,0
07:00:00,501201022,8,1,8,1,0
07:00:00,501201023,4,0,24,1,0
07:00:00,501201024,1,0,23,1,0
07:00:00,501201025,8,0,16,1,0
07:00:00,501201026,3,0,16,1,0
07:00:00,501201028,3,0,17,1,0
07:00:00,501201029,3,0,10,1,0
07:00:00,501201030,3,0,12,1,0
07:00:00,501201031,2,0,15,1,0
07:00:00,501202001,3,0,11,1,0
07:00:00,501202003,9,0,31,1,0
07:00:00,501202013,1,0,15,1,0
07:00:00,501202023,2,1,13,1,0
07:00:00,501202024,2,1,13,1,0
07:00:00,501202034,12,0,4,1,0
07:00:00,501202035,14,0,16,1,0
07:00:00,501202036,26,3,12,1,0
07:00:00,501202040,5,0,40,1,0
07:00:00,501202043,6,0,19,1,0
07:00:00,501202044,0,0,0,2,0
07:00:00,501202047,4,0,18,1,0
07:00:00,501202050,5,0,10,1,0
07:00:00,501202055,3,0,12,1,0
07:00:00,501202058,8,3,7,1,0
07:00:00,501202065,3,0,11,1,0
07:00:00,501202068,4,0,14,1,0
07:00:00,501202070,8,2,8,1,0
07:00:00,501202078,7,0,18,1,0
07:00:00,501202080,3,0,23,1,0
07:00:00,501202081,17,0,6,1,0
07:00:00,501202082,4,0,19,1,0
07:00:00,501202083,5,0,19,1,0
07:00:00,501202084,11,0,13,1,0
07:00:00,501202085,6,1,29,1,0
07:00:00,501202088,4,1,26,1,0
07:00:00,501202089,5,0,23,1,0
07:00:00,501202096,5,0,10,1,0
07:00:00,501203001,6,2,14,1,0
07:00:00,501203002,1,0,20,1,0
07:00:00,501203003,10,1,84,1,0
07:00:00,501203005,5,1,15,1,0
07:00:00,501203006,2,0,13,1,0
07:00:00,501203007,7,0,8,1,0
07:00:00,501203008,13,1,3,1,0
07:00:00,501203010,23,0,10,1,0
07:00:00,501203011,19,5,19,1,0
07:00:00,501203012,6,1,11,1,0
07:00:00,501203013,13,3,11,1,0
07:00:00,501203015,9,0,3,1,0
07:00:00,501203020,15,1,5,1,0
07:00:00,501203022,3,1,16,1,0
07:00:00,501203023,5,1,13,1,0
07:00:00,501203028,15,0,10,1,0
07:00:00,501203040,8,1,16,1,0
07:00:00,501203045,2,0,16,1,0
07:00:00,501203050,37,0,23,1,0
07:00:00,501203051,12,0,11,1,0
07:00:00,501203053,2,0,24,1,0
07:00:00,501203054,6,2,16,1,0
07:00:00,501203064,1,0,15,1,0
07:00:00,501203065,8,0,8,1,0
07:00:00,501203070,9,0,6,1,0
07:00:00,501203073,6,0,18,1,0
07:00:00,501203076,7,0,8,1,0
07:00:00,501203078,6,0,10,1,0
07:00:00,501203080,11,0,3,1,0
07:00:00,501203084,7,0,4,1,0
07:00:00,501203085,4,0,6,1,0
07:00:00,501203088,7,0,7,1,0
07:00:00,501203089,7,3,5,1,0
07:00:00,501203090,1,0,9,1,0
07:00:00,501203091,8,1,5,1,0
07:00:00,501203092,9,1,11,1,0
07:00:00,501203100,5,0,14,1,0
07:00:00,501203101,0,0,0,2,0
07:00:00,501203102,2,0,17,1,0
07:00:00,501203104,11,0,7,1,0
07:00:00,501203105,3,1,8,1,0
07:00:00,501203107,0,0,0,2,0
07:00:00,501203109,4,1,22,1,0
07:00:00,501203110,15,0,25,1,0
07:00:00,501203111,3,0,8,1,0
07:00:00,501203113,6,2,13,1,0
07:00:00,501203114,9,0,41,1,0
07:00:00,501203117,0,0,0,2,0
07:00:00,501203118,0,0,20,1,0
07:00:00,501203121,4,0,20,1,0
07:00:00,501203122,10,0,10,1,0
07:00:00,501203125,7,0,18,1,0
07:00:00,501203131,16,1,4,1,0
07:00:00,501203140,9,0,33,1,0
07:00:00,501203141,6,3,9,1,0
07:00:00,501203142,25,4,11,1,0
07:00:00,501203145,9,1,6,1,0
07:00:00,501203151,0,0,18,1,0
07:00:00,501203155,7,0,12,1,0
07:00:00,501203157,2,2,15,1,0
07:00:00,501203159,5,1,15,1,0
07:00:00,501203161,1,0,18,1,0
07:00:00,501203162,13,1,8,1,0
07:00:00,501203163,5,0,11,1,0
07:00:00,501204001,3,0,22,1,0
07:00:00,501204002,4,1,32,1,0
07:00:00,501204003,24,0,20,1,0
07:00:00,501204004,2,0,12,1,0
07:00:00,501204005,4,0,16,1,0
07:00:00,501204007,6,0,30,1,0
07:00:00,501204008,7,1,8,1,0
07:00:00,501204009,0,0,0,2,0
07:00:00,501204010,0,0,0,2,0
07:00:00,501204011,2,0,13,1,0
07:00:00,501204012,6,0,8,1,0
07:00:00,501204013,3,0,10,1,0
07:00:00,501204014,7,0,9,1,0
07:00:00,501204015,12,0,3,1,0
07:00:00,501204016,2,0,18,1,0
07:00:00,501204017,5,0,10,1,0
07:00:00,501204018,9,0,15,1,0
07:00:00,501204020,8,1,12,1,0
07:00:00,501204021,3,0,17,1,0
07:00:00,501204022,7,0,9,1,0
07:00:00,501204023,7,0,8,1,0
07:00:00,501204024,0,0,0,2,0
07:00:00,501204025,13,0,7,1,0
07:00:00,501205001,6,1,11,1,0
07:00:00,501205003,6,0,13,1,0
07:00:00,501205004,4,0,12,1,0
07:00:00,501205005,7,1,15,1,0
07:00:00,501205006,14,0,6,1,0
07:00:00,501205007,7,0,5,1,0
07:00:00,501205008,3,1,23,1,0
07:00:00,501205009,32,0,13,1,0
07:00:00,501205010,0,0,13,1,0
07:00:00,501205011,3,0,29,1,0
07:00:00,501205012,3,0,17,1,0
07:00:00,501205013,4,0,17,1,0
07:00:00,501205014,11,1,12,1,0
07:00:00,501205015,5,1,13,1,0
07:00:00,501205018,2,0,16,1,0
07:00:00,501205019,4,0,24,1,0
07:00:00,501205020,7,1,23,1,0
07:00:00,501205021,13,0,2,1,0
07:00:00,501205022,7,1,8,1,0
07:00:00,501205023,10,0,5,1,0
07:00:00,501205025,25,0,3,1,0
07:00:00,501205026,11,2,8,1,0
07:00:00,501205027,6,0,4,1,0
07:00:00,501205028,7,3,7,1,0
07:00:00,501205029,4,0,6,1,0
07:00:00,501205030,2,0,8,1,0
07:00:00,501205033,10,3,5,1,0
07:00:00,501205034,7,1,21,1,0
07:00:00,501205035,6,1,10,1,0
07:00:00,501205036,6,1,9,1,0
07:00:00,501205037,5,1,10,1,0
07:00:00,501205038,3,2,17,1,0
07:00:00,501205039,4,0,16,1,0
07:00:00,501205040,15,0,10,1,0
07:00:00,501205041,9,1,8,1,0
07:00:00,501205042,3,1,26,1,0
07:00:00,501208011,19,0,18,1,0
07:00:00,501208013,25,2,28,1,0
07:00:00,501208014,30,1,8,1,0
07:00:00,501208015,8,0,7,1,0
07:00:00,501208018,12,0,3,1,0
07:00:00,501208021,2,0,15,1,0
07:00:00,501208027,2,0,28,1,0
07:00:00,501208029,12,0,9,1,0
07:00:00,501208030,14,0,24,1,0
07:00:00,501208032,10,0,18,1,0
07:00:00,501208040,4,0,15,1,0
07:00:00,501208041,3,1,12,1,0
07:00:00,501208045,7,0,25,1,0
07:00:00,501208051,12,3,24,1,0
07:00:00,501208053,18,0,3,1,0
07:00:00,501208054,2,0,26,1,0
07:00:00,501208059,6,1,23,1,0
07:00:00,501208064,5,1,15,1,0
07:00:00,501208077,9,1,1,1,0
07:00:00,501208079,3,0,19,1,0
07:00:00,501208082,3,1,7,1,0
07:00:00,501208085,11,0,4,1,0
07:00:00,501208087,24,1,7,1,0
07:00:00,501208089,12,0,13,1,0
07:00:00,501208091,2,1,41,1,0
07:00:00,501208111,5,0,9,1,0
07:00:00,501208113,3,0,17,1,0
07:00:00,501208114,3,0,17,1,0
07:00:00,501208129,1,0,21,1,0
07:00:00,501208130,8,0,5,1,0
07:00:00,501209002,9,0,11,1,0
07:00:00,501209003,8,0,6,1,0
07:00:00,501209004,3,0,12,1,0
07:00:00,501209005,18,3,0,1,0
07:00:00,501209006,10,2,9,1,0
07:00:00,501209007,6,1,9,1,0
07:00:00,501209009,0,0,0,2,0
07:00:00,501209010,8,0,5,1,0
07:00:00,501209011,1,0,24,1,0
07:00:00,501209014,6,1,6,1,0
07:00:00,501209015,10,1,5,1,0
07:00:00,501209016,12,2,17,1,0
07:00:00,501209017,0,0,12,1,0
07:00:00,501209018,10,0,7,1,0
07:00:00,501209019,9,0,14,1,0
07:00:00,501209020,3,1,29,1,0
07:00:00,501209021,8,3,6,1,0
07:00:00,501209022,4,0,6,1,0
07:00:00,501209023,33,5,10,1,0
07:00:00,501209024,14,2,28,1,0
07:00:00,501209025,3,0,12,1,0
07:00:00,501209026,21,3,5,1,0
07:00:00,501209027,8,0,10,1,0
07:00:00,501209028,9,1,19,1,0
07:00:00,501209030,7,0,11,1,0
07:00:00,501209031,5,0,25,1,0
07:00:00,501209032,1,0,27,1,0
07:00:00,501209033,2,0,18,1,0
07:00:00,501209034,9,1,6,1,0
07:00:00,501209035,11,0,17,1,0
07:00:00,501209036,10,0,21,1,0
07:00:00,501209037,12,0,23,1,0
07:00:00,501209038,9,0,7,1,0
07:00:00,501209039,6,0,24,1,0
07:00:00,501209040,5,1,26,1,0
07:00:00,501209042,5,2,14,1,0
07:00:00,501209043,9,0,16,1,0
07:00:00,501209044,10,2,5,1,0
07:00:00,501209045,10,0,5,1,0
07:00:00,501209046,9,2,13,1,0
07:00:00,501209047,5,0,9,1,0
07:00:00,501209049,13,6,7,1,0
07:00:00,501209050,10,0,3,1,0
07:00:00,501209051,5,3,19,1,0
07:00:00,501209052,3,2,19,1,0
07:00:00,501209053,3,1,17,1,0
07:00:00,501209054,7,0,20,1,0
07:00:00,501209056,11,0,4,1,0
07:00:00,501209058,5,1,11,1,0
07:00:00,501209059,3,1,12,1,0
07:00:00,501209060,10,2,10,1,0
07:00:00,501209062,7,1,8,1,0
07:00:00,501209064,4,0,11,1,0
07:00:00,501209065,8,0,7,1,0
07:00:00,501209066,7,0,7,1,0
07:00:00,501209067,2,0,13,1,0
07:00:00,501209068,5,1,12,1,0
07:00:00,501209069,5,0,58,1,0
07:00:00,501209070,7,1,10,1,0
07:00:00,501209071,6,2,11,1,0
07:00:00,501209073,11,1,4,1,0
07:00:00,501209074,9,0,14,1,0
07:00:00,501209075,10,0,6,1,0
07:00:00,501209076,1,0,22,1,0
07:00:00,501209077,8,1,7,1,0
07:00:00,501209078,6,2,7,1,0
07:00:00,501209079,5,0,20,1,0
07:00:00,501209080,3,1,23,1,0
07:00:00,501209081,7,0,8,1,0
07:00:00,501209084,13,0,10,1,0
07:00:00,501209085,6,2,20,1,0
07:00:00,501209087,5,1,34,1,0
07:00:00,501209088,5,0,10,1,0
07:00:00,501209089,4,0,15,1,0
07:00:00,501209090,5,0,9,1,0
07:00:00,501209091,7,2,9,1,0
07:00:00,501209092,8,0,8,1,0
07:00:00,501209093,6,0,9,1,0
07:00:00,501209094,0,0,16,1,0
07:00:00,501209095,10,0,4,1,0
07:00:00,501209096,10,4,5,1,0
07:00:00,501209097,1,1,14,1,0
07:00:00,501209098,7,0,8,1,0
07:00:00,501209099,1,0,18,1,0
07:00:00,501209100,13,3,2,1,0
07:00:00,501209101,6,0,9,1,0
07:00:00,501209102,8,0,12,1,0
07:00:00,501209104,6,1,11,1,0
07:00:00,501209105,16,0,10,1,0
07:00:00,501209106,10,0,10,1,0
07:00:00,501211001,18,3,19,1,0
07:00:00,501211002,6,0,9,1,0
07:00:00,501211004,10,2,5,1,0
07:00:00,501211005,5,1,14,1,0
07:00:00,501211006,12,2,4,1,0
07:00:00,501211007,14,1,5,1,0
07:00:00,501211009,5,0,13,1,0
07:00:00,501211011,20,6,10,1,0
07:00:00,501211012,6,2,12,1,0
07:10:00,501201001,0,0,0,2,0
07:10:00,501201002,6,0,33,1,0
07:10:00,501201003,7,1,16,1,0
07:10:00,501201004,4,0,11,1,0
07:10:00,501201005,4,0,15,1,0
07:10:00,501201006,14,2,14,1,0
07:10:00,501201007,7,2,12,1,0
07:10:00,501201008,7,1,18,1,0
07:10:00,501201010,1,0,9,1,0
07:10:00,501201011,5,1,17,1,0
07:10:00,501201012,4,0,34,1,0
07:10:00,501201013,7,0,14,1,0
07:10:00,501201014,8,0,11,1,0
07:10:00,501201015,14,0,11,1,0
07:10:00,501201016,11,1,13,1,0
07:10:00,501201017,18,1,8,1,0
07:10:00,501201018,9,1,14,1,0
07:10:00,501201019,5,0,23,1,0
07:10:00,501201020,1,1,23,1,0
07:10:00,501201021,10,1,4,1,0
07:10:00,501201022,7,1,9,1,0
07:10:00,501201023,4,0,24,1,0
07:10:00,501201024,0,0,24,1,0
07:10:00,501201025,8,0,16,1,0
07:10:00,501201026,3,0,16,1,0
07:10:00,501201028,0,0,20,1,0
07:10:00,501201029,3,0,10,1,0
07:10:00,501201030,3,0,12,1,0
07:10:00,501201031,1,0,16,1,0
07:10:00,501202001,3,0,11,1,0
07:10:00,501202003,9,0,31,1,0
07:10:00,501202013,4,0,12,1,0
07:10:00,501202023,2,1,13,1,0
07:10:00,501202024,3,1,12,1,0
07:10:00,501202034,13,0,3,1,0
07:10:00,501202035,11,0,19,1,0
07:10:00,501202036,26,2,12,1,0
07:10:00,501202040,7,0,38,1,0
07:10:00,501202043,4,0,21,1,0
07:10:00,501202044,0,0,0,2,0
07:10:00,501202047,7,0,15,1,0
07:10:00,501202050,5,0,10,1,0
07:10:00,501202055,1,0,14,1,0
07:10:00,501202058,8,3,7,1,0
07:10:00,501202065,3,0,11,1,0
07:10:00,501202068,3,0,15,1,0
07:10:00,501202070,7,1,9,1,0
07:10:00,501202078,7,0,18,1,0
07:10:00,501202080,4,0,22,1,0
07:10:00,501202081,13,0,10,1,0
07:10:00,501202082,2,0,21,1,0
07:10:00,501202083,4,0,20,1,0
07:10:00,501202084,10,0,14,1,0
07:10:00,501202085,6,1,29,1,0
07:10:00,501202088,6,3,24,1,0
07:10:00,501202089,5,0,23,1,0
07:10:00,501202096,5,0,10,1,0
07:10:00,501203001,6,2,14,1,0
07:10:00,501203002,1,0,20,1,0
07:10:00,501203003,10,1,84,1,0
07:10:00,501203005,5,1,15,1,0
07:10:00,501203006,2,0,13,1,0
07:10:00,501203007,6,0,9,1,0
07:10:00,501203008,13,1,3,1,0
07:10:00,501203010,22,0,11,1,0
07:10:00,501203011,18,4,20,1,0
07:10:00,501203012,6,1,11,1,0
07:10:00,501203013,14,3,10,1,0
07:10:00,501203015,8,0,4,1,0
07:10:00,501203020,12,0,8,1,0
07:10:00,501203022,1,1,18,1,0
07:10:00,501203023,3,0,15,1,0
07:10:00,501203028,14,0,11,1,0
07:10:00,501203040,8,1,16,1,0
07:10:00,501203045,0,0,18,1,0
07:10:00,501203050,39,1,21,1,0
07:10:00,501203051,12,0,11,1,0
07:10:00,501203053,2,0,24,1,0
07:10:00,501203054,5,1,17,1,0
07:10:00,501203064,0,0,16,1,0
07:10:00,501203065,5,0,11,1,0
07:10:00,501203070,9,0,6,1,0
07:10:00,501203073,6,0,18,1,0
07:10:00,501203076,7,0,8,1,0
07:10:00,501203078,5,0,11,1,0
07:10:00,501203080,10,0,4,1,0
07:10:00,501203084,6,0,5,1,0
07:10:00,501203085,3,0,7,1,0
07:10:00,501203088,7,0,7,1,0
07:10:00,501203089,4,0,8,1,0
07:10:00,501203090,1,0,9,1,0
07:10:00,501203091,8,1,5,1,0
07:10:00,501203092,10,0,10,1,0
07:10:00,501203100,5,0,14,1,0
07:10:00,501203101,0,0,0,2,0
07:10:00,501203102,2,0,17,1,0
07:10:00,501203104,10,0,8,1,0
07:10:00,501203105,3,1,8,1,0
07:10:00,501203107,0,0,0,2,0
07:10:00,501203109,5,0,21,1,0
07:10:00,501203110,16,1,24,1,0
07:10:00,501203111,1,0,10,1,0
07:10:00,501203113,9,3,10,1,0
07:10:00,501203114,8,0,42,1,0
07:10:00,501203117,0,0,0,2,0
07:10:00,501203118,3,0,17,1,0
07:10:00,501203121,2,0,22,1,0
07:10:00,501203122,9,0,11,1,0
07:10:00,501203125,4,0,21,1,0
07:10:00,501203131,15,0,5,1,0
07:10:00,501203140,6,0,36,1,0
07:10:00,501203141,5,2,10,1,0
07:10:00,501203142,27,4,9,1,0
07:10:00,501203145,8,0,7,1,0
07:10:00,501203151,0,0,18,1,0
07:10:00,501203155,7,0,12,1,0
07:10:00,501203157,1,1,16,1,0
07:10:00,501203159,5,1,15,1,0
07:10:00,501203161,2,0,17,1,0
07:10:00,501203162,16,1,5,1,0
07:10:00,501203163,5,0,11,1,0
07:10:00,501204001,3,0,22,1,0
07:10:00,501204002,6,2,30,1,0
07:10:00,501204003,24,1,20,1,0
07:10:00,501204004,2,0,12,1,0
07:10:00,501204005,3,0,17,1,0
07:10:00,501204007,5,0,31,1,0
07:10:00,501204008,6,0,9,1,0
07:10:00,501204009,0,0,0,2,0
07:10:00,501204010,0,0,0,2,0
07:10:00,501204011,4,0,11,1,0
07:10:00,501204012,6,0,8,1,0
07:10:00,501204013,3,0,10,1,0
07:10:00,501204014,7,0,9,1,0
07:10:00,501204015,11,0,4,1,0
07:10:00,501204016,2,0,18,1,0
07:10:00,501204017,5,0,10,1,0
07:10:00,501204018,8,0,16,1,0
07:10:00,501204020,6,1,14,1,0
07:10:00,501204021,1,0,19,1,0
07:10:00,501204022,7,0,9,1,0
07:10:00,501204023,5,0,10,1,0
07:10:00,501204024,0,0,0,2,0
07:10:00,501204025,13,0,7,1,0
07:10:00,501205001,6,1,11,1,0
07:10:00,501205003,5,0,14,1,0
07:10:00,501205004,0,0,16,1,0
07:10:00,501205005,7,1,15,1,0
07:10:00,501205006,12,0,8,1,0
07:10:00,501205007,5,0,7,1,0
07:10:00,501205008,3,1,23,1,0
07:10:00,501205009,33,0,12,1,0
07:10:00,501205010,0,0,13,1,0
07:10:00,501205011,1,0,31,1,0
07:10:00,501205012,3,0,17,1,0
07:10:00,501205013,4,0,17,1,0
07:10:00,501205014,9,1,14,1,0
07:10:00,501205015,5,1,13,1,0
07:10:00,501205018,2,0,16,1,0
07:10:00,501205019,7,1,21,1,0
07:10:00,501205020,7,1,23,1,0
07:10:00,501205021,12,0,3,1,0
07:10:00,501205022,7,1,8,1,0
07:10:00,501205023,10,0,5,1,0
07:10:00,501205025,26,0,2,1,0
07:10:00,501205026,12,1,7,1,0
07:10:00,501205027,6,0,4,1,0
07:10:00,501205028,5,0,9,1,0
07:10:00,501205029,1,0,9,1,0
07:10:00,501205030,2,0,8,1,0
07:10:00,501205033,12,5,3,1,0
07:10:00,501205034,5,1,23,1,0
07:10:00,501205035,5,1,11,1,0
07:10:00,501205036,6,1,9,1,0
07:10:00,501205037,3,1,12,1,0
07:10:00,501205038,3,2,17,1,0
07:10:00,501205039,3,0,17,1,0
07:10:00,501205040,14,0,11,1,0
07:10:00,501205041,6,0,11,1,0
07:10:00,501205042,3,0,26,1,0
07:10:00,501208011,15,0,22,1,0
07:10:00,501208013,24,1,29,1,0
07:10:00,501208014,26,0,12,1,0
07:10:00,501208015,8,0,7,1,0
07:10:00,501208018,12,0,3,1,0
07:10:00,501208021,2,0,15,1,0
07:10:00,501208027,2,0,28,1,0
07:10:00,501208029,13,0,8,1,0
07:10:00,501208030,35,0,3,1,0
07:10:00,501208032,10,0,18,1,0
07:10:00,501208040,4,0,15,1,0
07:10:00,501208041,3,1,12,1,0
07:10:00,501208045,7,0,25,1,0
07:10:00,501208051,12,3,24,1,0
07:10:00,501208053,18,0,3,1,0
07:10:00,501208054,2,0,26,1,0
07:10:00,501208059,6,1,23,1,0
07:10:00,501208064,5,1,15,1,0
07:10:00,501208077,8,0,2,1,0
07:10:00,501208079,3,0,19,1,0
07:10:00,501208082,3,1,7,1,0
07:10:00,501208085,11,0,4,1,0
07:10:00,501208087,24,2,7,1,0
07:10:00,501208089,10,1,15,1,0
07:10:00,501208091,2,1,41,1,0
07:10:00,501208111,13,0,1,1,0
07:10:00,501208113,5,1,15,1,0
07:10:00,501208114,3,0,17,1,0
07:10:00,501208129,1,0,21,1,0
07:10:00,501208130,8,0,5,1,0
07:10:00,501209002,5,0,15,1,0
07:10:00,501209003,7,0,7,1,0
07:10:00,501209004,2,0,13,1,0
07:10:00,501209005,16,4,2,1,0
07:10:00,501209006,10,1,9,1,0
07:10:00,501209007,4,0,11,1,0
07:10:00,501209009,0,0,0,2,0
07:10:00,501209010,7,0,6,1,0
07:10:00,501209011,2,0,23,1,0
07:10:00,501209014,6,1,6,1,0
07:10:00,501209015,11,2,4,1,0
07:10:00,501209016,13,3,16,1,0
07:10:00,501209017,0,0,12,1,0
07:10:00,501209018,13,0,4,1,0
07:10:00,501209019,7,0,16,1,0
07:10:00,501209020,5,1,27,1,0
07:10:00,501209021,7,2,7,1,0
07:10:00,501209022,4,0,6,1,0
07:10:00,501209023,31,3,12,1,0
07:10:00,501209024,13,2,29,1,0
07:10:00,501209025,3,0,12,1,0
07:10:00,501209026,22,2,4,1,0
07:10:00,501209027,5,0,13,1,0
07:10:00,501209028,10,2,18,1,0
07:10:00,501209030,2,0,16,1,0
07:10:00,501209031,3,0,27,1,0
07:10:00,501209032,1,0,27,1,0
07:10:00,501209033,4,2,16,1,0
07:10:00,501209034,7,0,8,1,0
07:10:00,501209035,11,0,17,1,0
07:10:00,501209036,8,0,23,1,0
07:10:00,501209037,11,0,24,1,0
07:10:00,501209038,5,0,11,1,0
07:10:00,501209039,7,0,23,1,0
07:10:00,501209040,5,1,26,1,0
07:10:00,501209042,5,2,14,1,0
07:10:00,501209043,1,0,24,1,0
07:10:00,501209044,9,1,6,1,0
07:10:00,501209045,8,0,7,1,0
07:10:00,501209046,1,1,21,1,0
07:10:00,501209047,1,0,13,1,0
07:10:00,501209049,11,4,9,1,0
07:10:00,501209050,10,0,3,1,0
07:10:00,501209051,5,3,19,1,0
07:10:00,501209052,3,2,19,1,0
07:10:00,501209053,3,1,17,1,0
07:10:00,501209054,7,0,20,1,0
07:10:00,501209056,9,1,6,1,0
07:10:00,501209058,2,0,14,1,0
07:10:00,501209059,3,1,12,1,0
07:10:00,501209060,12,2,8,1,0
07:10:00,501209062,7,1,8,1,0
07:10:00,501209064,3,0,12,1,0
07:10:00,501209065,8,0,7,1,0
07:10:00,501209066,3,1,11,1,0
07:10:00,501209067,1,0,14,1,0
07:10:00,501209068,5,1,12,1,0
07:10:00,501209069,5,0,58,1,0
07:10:00,501209070,7,1,10,1,0
07:10:00,501209071,5,2,12,1,0
07:10:00,501209073,10,1,5,1,0
07:10:00,501209074,9,0,14,1,0
07:10:00,501209075,11,0,5,1,0
07:10:00,501209076,3,0,20,1,0
07:10:00,501209077,7,1,8,1,0
07:10:00,501209078,6,2,7,1,0
07:10:00,501209079,10,1,15,1,0
07:10:00,501209080,1,0,25,1,0
07:10:00,501209081,7,0,8,1,0
07:10:00,501209084,13,0,10,1,0
07:10:00,501209085,7,2,19,1,0
07:10:00,501209087,9,1,30,1,0
07:10:00,501209088,5,0,10,1,0
07:10:00,501209089,4,0,15,1,0
07:10:00,501209090,1,0,13,1,0
07:10:00,501209091,7,1,9,1,0
07:10:00,501209092,7,0,9,1,0
07:10:00,501209093,6,0,9,1,0
07:10:00,501209094,0,0,16,1,0
07:10:00,501209095,10,0,4,1,0
07:10:00,501209096,10,4,5,1,0
07:10:00,501209097,0,0,15,1,0
07:10:00,501209098,7,0,8,1,0
07:10:00,501209099,1,0,18,1,0
07:10:00,501209100,13,3,2,1,0
07:10:00,501209101,6,0,9,1,0
07:10:00,501209102,8,0,12,1,0
07:10:00,501209104,6,1,11,1,0
07:10:00,501209105,15,0,11,1,0
07:10:00,501209106,10,0,10,1,0
07:10:00,501211001,19,3,18,1,0
07:10:00,501211002,6,0,9,1,0
07:10:00,501211004,10,2,5,1,0
07:10:00,501211005,5,1,14,1,0
07:10:00,501211006,12,2,4,1,0
07:10:00,501211007,14,1,5,1,0
07:10:00,501211009,5,0,13,1,0
07:10:00,501211011,20,6,10,1,0
07:10:00,501211012,5,1,13,1,0
07:20:00,501201001,0,0,0,2,0
07:20:00,501201002,9,0,30,1,0
07:20:00,501201003,5,0,18,1,0
07:20:00,501201004,5,0,10,1,0
07:20:00,501201005,4,0,15,1,0
07:20:00,501201006,14,1,14,1,0
07:20:00,501201007,11,2,8,1,0
07:20:00,501201008,7,1,18,1,0
07:20:00,501201010,1,0,9,1,0
07:20:00,501201011,5,1,17,1,0
07:20:00,501201012,4,0,34,1,0
07:20:00,501201013,6,0,15,1,0
07:20:00,501201014,7,0,12,1,0
07:20:00,501201015,11,0,14,1,0
07:20:00,501201016,11,1,13,1,0
07:20:00,501201017,20,0,6,1,0
07:20:00,501201018,8,1,15,1,0
07:20:00,501201019,6,0,22,1,0
07:20:00,501201020,0,0,24,1,0
07:20:00,501201021,14,1,0,1,0
07:20:00,501201022,7,0,9,1,0
07:20:00,501201023,4,0,24,1,0
07:20:00,501201024,1,0,23,1,0
07:20:00,501201025,5,0,19,1,0
07:20:00,501201026,3,0,16,1,0
07:20:00,501201028,1,0,19,1,0
07:20:00,501201029,3,0,10,1,0
07:20:00,501201030,2,0,13,1,0
07:20:00,501201031,1,0,16,1,0
07:20:00,501202001,3,0,11,1,0
07:20:00,501202003,8,0,32,1,0
07:20:00,501202013,3,0,13,1,0
07:20:00,501202023,2,2,13,1,0
07:20:00,501202024,2,0,13,1,0
07:20:00,501202034,13,0,3,1,0
07:20:00,501202035,11,0,19,1,0
07:20:00,501202036,23,0,15,1,0
07:20:00,501202040,8,1,37,1,0
07:20:00,501202043,5,0,20,1,0
07:20:00,501202044,0,0,0,2,0
07:20:00,501202047,14,0,8,1,0
07:20:00,501202050,4,1,11,1,0
07:20:00,501202055,0,0,15,1,0
07:20:00,501202058,9,3,6,1,0
07:20:00,501202065,3,0,11,1,0
07:20:00,501202068,3,0,15,1,0
07:20:00,501202070,6,0,10,1,0
07:20:00,501202078,7,0,18,1,0
07:20:00,501202080,2,0,24,1,0
07:20:00,501202081,11,0,12,1,0
07:20:00,501202082,2,0,21,1,0
07:20:00,501202083,4,0,20,1,0
07:20:00,501202084,11,0,13,1,0
07:20:00,501202085,6,1,29,1,0
07:20:00,501202088,3,1,27,1,0
07:20:00,501202089,6,0,22,1,0
07:20:00,501202096,4,0,11,1,0
07:20:00,501203001,7,1,13,1,0
07:20:00,501203002,1,0,20,1,0
07:20:00,501203003,11,2,83,1,0
07:20:00,501203005,5,1,15,1,0
07:20:00,501203006,2,0,13,1,0
07:20:00,501203007,5,0,10,1,0
07:20:00,501203008,12,0,4,1,0
07:20:00,501203010,21,0,12,1,0
07:20:00,501203011,18,4,20,1,0
07:20:00,501203012,6,0,11,1,0
07:20:00,501203013,16,4,8,1,0
07:20:00,501203015,7,0,5,1,0
07:20:00,501203020,10,0,10,1,0
07:20:00,501203022,3,2,16,1,0
07:20:00,501203023,1,0,17,1,0
07:20:00,501203028,16,2,9,1,0
07:20:00,501203040,7,1,17,1,0
07:20:00,501203045,3,2,15,1,0
07:20:00,501203050,43,3,17,1,0
07:20:00,501203051,12,0,11,1,0
07:20:00,501203053,2,0,24,1,0
07:20:00,501203054,5,1,17,1,0
07:20:00,501203064,0,0,16,1,0
07:20:00,501203065,4,0,12,1,0
07:20:00,501203070,8,0,7,1,0
07:20:00,501203073,6,0,18,1,0
07:20:00,501203076,7,0,8,1,0
07:20:00,501203078,4,0,12,1,0
07:20:00,501203080,9,0,5,1,0
07:20:00,501203084,7,0,4,1,0
07:20:00,501203085,3,0,7,1,0
07:20:00,501203088,7,0,7,1,0
07:20:00,501203089,4,0,8,1,0
07:20:00,501203090,1,0,9,1,0
07:20:00,501203091,8,1,5,1,0
07:20:00,501203092,9,0,11,1,0
07:20:00,501203100,4,0,15,1,0
07:20:00,501203101,0,0,0,2,0
07:20:00,501203102,2,0,17,1,0
07:20:00,501203104,10,0,8,1,0
07:20:00,501203105,3,1,8,1,0
07:20:00,501203107,0,0,0,2,0
07:20:00,501203109,8,1,18,1,0
07:20:00,501203110,16,1,24,1,0
07:20:00,501203111,1,0,10,1,0
07:20:00,501203113,11,2,8,1,0
07:20:00,501203114,6,0,44,1,0
07:20:00,501203117,0,0,0,2,0
07:20:00,501203118,3,0,17,1,0
07:20:00,501203121,0,0,24,1,0
07:20:00,501203122,10,1,10,1,0
07:20:00,501203125,2,0,23,1,0
07:20:00,501203131,12,0,8,1,0
07:20:00,501203140,7,1,35,1,0
07:20:00,501203141,4,1,11,1,0
07:20:00,501203142,27,4,9,1,0
07:20:00,501203145,7,0,8,1,0
07:20:00,501203151,5,0,13,1,0
07:20:00,501203155,6,0,13,1,0
07:20:00,501203157,1,1,16,1,0
07:20:00,501203159,5,1,15,1,0
07:20:00,501203161,2,0,17,1,0
07:20:00,501203162,16,1,5,1,0
07:20:00,501203163,6,1,10,1,0
07:20:00,501204001,3,0,22,1,0
07:20:00,501204002,18,3,18,1,0
07:20:00,501204003,20,0,24,1,0
07:20:00,501204004,2,0,12,1,0
07:20:00,501204005,2,0,18,1,0
07:20:00,501204007,4,0,32,1,0
07:20:00,501204008,6,0,9,1,0
07:20:00,501204009,0,0,0,2,0
07:20:00,501204010,0,0,0,2,0
07:20:00,501204011,6,0,9,1,0
07:20:00,501204012,5,0,9,1,0
07:20:00,501204013,2,0,11,1,0
07:20:00,501204014,8,0,8,1,0
07:20:00,501204015,11,0,4,1,0
07:20:00,501204016,5,0,15,1,0
07:20:00,501204017,6,0,9,1,0
07:20:00,501204018,7,0,17,1,0
07:20:00,501204020,6,1,14,1,0
07:20:00,501204021,1,0,19,1,0
07:20:00,501204022,7,0,9,1,0
07:20:00,501204023,4,0,11,1,0
07:20:00,501204024,0,0,0,2,0
07:20:00,501204025,13,0,7,1,0
07:20:00,501205001,7,1,10,1,0
07:20:00,501205003,5,0,14,1,0
07:20:00,501205004,0,0,16,1,0
07:20:00,501205005,8,1,14,1,0
07:20:00,501205006,7,0,13,1,0
07:20:00,501205007,5,0,7,1,0
07:20:00,501205008,1,1,25,1,0
07:20:00,501205009,35,0,10,1,0
07:20:00,501205010,0,0,13,1,0
07:20:00,501205011,1,0,31,1,0
07:20:00,501205012,3,0,17,1,0
07:20:00,501205013,3,0,18,1,0
07:20:00,501205014,3,1,20,1,0
07:20:00,501205015,3,0,15,1,0
07:20:00,501205018,2,0,16,1,0
07:20:00,501205019,10,1,18,1,0
07:20:00,501205020,8,1,22,1,0
07:20:00,501205021,12,1,3,1,0
07:20:00,501205022,4,0,11,1,0
07:20:00,501205023,9,0,6,1,0
07:20:00,501205025,27,0,1,1,0
07:20:00,501205026,11,1,8,1,0
07:20:00,501205027,6,0,4,1,0
07:20:00,501205028,3,0,11,1,0
07:20:00,501205029,1,0,9,1,0
07:20:00,501205030,3,0,7,1,0
07:20:00,501205033,14,5,1,1,0
07:20:00,501205034,5,1,23,1,0
07:20:00,501205035,5,1,11,1,0
07:20:00,501205036,5,0,10,1,0
07:20:00,501205037,3,1,12,1,0
07:20:00,501205038,3,2,17,1,0
07:20:00,501205039,1,0,19,1,0
07:20:00,501205040,13,0,12,1,0
07:20:00,501205041,5,0,12,1,0
07:20:00,501205042,2,0,27,1,0
07:20:00,501208011,12,0,25,1,0
07:20:00,501208013,23,1,30,1,0
07:20:00,501208014,27,0,11,1,0
07:20:00,501208015,8,0,7,1,0
07:20:00,501208018,14,0,1,1,0
07:20:00,501208021,2,0,15,1,0
07:20:00,501208027,2,0,28,1,0
07:20:00,501208029,11,0,10,1,0
07:20:00,501208030,35,1,3,1,0
07:20:00,501208032,10,0,18,1,0
07:20:00,501208040,4,0,15,1,0
07:20:00,501208041,5,1,10,1,0
07:20:00,501208045,7,0,25,1,0
07:20:00,501208051,13,3,23,1,0
07:20:00,501208053,19,1,2,1,0
07:20:00,501208054,2,0,26,1,0
07:20:00,501208059,6,1,23,1,0
07:20:00,501208064,5,1,15,1,0
07:20:00,501208077,7,0,3,1,0
07:20:00,501208079,6,1,16,1,0
07:20:00,501208082,3,1,7,1,0
07:20:00,501208085,9,0,6,1,0
07:20:00,501208087,21,0,10,1,0
07:20:00,501208089,8,0,17,1,0
07:20:00,501208091,3,1,40,1,0
07:20:00,501208111,11,0,3,1,0
07:20:00,501208113,4,1,16,1,0
07:20:00,501208114,5,2,15,1,0
07:20:00,501208129,1,0,21,1,0
07:20:00,501208130,8,0,5,1,0
07:20:00,501209002,12,0,8,1,0
07:20:00,501209003,8,0,6,1,0
07:20:00,501209004,1,0,14,1,0
07:20:00,501209005,18,4,0,1,0
07:20:00,501209006,11,1,8,1,0
07:20:00,501209007,0,0,15,1,0
07:20:00,501209009,0,0,0,2,0
07:20:00,501209010,4,0,9,1,0
07:20:00,501209011,2,0,23,1,0
07:20:00,501209014,7,1,5,1,0
07:20:00,501209015,14,2,1,1,0
07:20:00,501209016,14,3,15,1,0
07:20:00,501209017,0,0,12,1,0
07:20:00,501209018,16,0,0,1,0
07:20:00,501209019,9,0,14,1,0
07:20:00,501209020,9,4,23,1,0
07:20:00,501209021,5,0,9,1,0
07:20:00,501209022,4,0,6,1,0
07:20:00,501209023,35,2,8,1,0
07:20:00,501209024,12,2,30,1,0
07:20:00,501209025,3,0,12,1,0
07:20:00,501209026,23,2,3,1,0
07:20:00,501209027,7,0,11,1,0
07:20:00,501209028,10,2,18,1,0
07:20:00,501209030,0,0,18,1,0
07:20:00,501209031,2,0,28,1,0
07:20:00,501209032,1,0,27,1,0
07:20:00,501209033,3,1,17,1,0
07:20:00,501209034,12,0,3,1,0
07:20:00,501209035,12,0,16,1,0
07:20:00,501209036,4,0,27,1,0
07:20:00,501209037,10,0,25,1,0
07:20:00,501209038,5,0,11,1,0
07:20:00,501209039,7,0,23,1,0
07:20:00,501209040,5,1,26,1,0
07:20:00,501209042,5,2,14,1,0
07:20:00,501209043,1,0,24,1,0
07:20:00,501209044,9,1,6,1,0
07:20:00,501209045,7,0,8,1,0
07:20:00,501209046,3,1,19,1,0
07:20:00,501209047,0,0,14,1,0
07:20:00,501209049,8,2,12,1,0
07:20:00,501209050,10,0,3,1,0
07:20:00,501209051,5,3,19,1,0
07:20:00,501209052,3,2,19,1,0
07:20:00,501209053,3,1,17,1,0
07:20:00,501209054,7,1,20,1,0
07:20:00,501209056,5,1,10,1,0
07:20:00,501209058,0,0,16,1,0
07:20:00,501209059,0,0,15,1,0
07:20:00,501209060,13,2,7,1,0
07:20:00,501209062,7,1,8,1,0
07:20:00,501209064,3,0,12,1,0
07:20:00,501209065,8,0,7,1,0
07:20:00,501209066,1,0,13,1,0
07:20:00,501209067,1,0,14,1,0
07:20:00,501209068,5,0,12,1,0
07:20:00,501209069,5,0,58,1,0
07:20:00,501209070,8,2,9,1,0
07:20:00,501209071,5,2,12,1,0
07:20:00,501209073,7,1,8,1,0
07:20:00,501209074,9,0,14,1,0
07:20:00,501209075,10,0,6,1,0
07:20:00,501209076,5,0,18,1,0
07:20:00,501209077,6,1,9,1,0
07:20:00,501209078,6,2,7,1,0
07:20:00,501209079,7,0,18,1,0
07:20:00,501209080,0,0,26,1,0
07:20:00,501209081,7,0,8,1,0
07:20:00,501209084,8,0,15,1,0
07:20:00,501209085,7,2,19,1,0
07:20:00,501209087,12,2,27,1,0
07:20:00,501209088,5,0,10,1,0
07:20:00,501209089,4,0,15,1,0
07:20:00,501209090,3,0,11,1,0
07:20:00,501209091,5,1,11,1,0
07:20:00,501209092,5,0,11,1,0
07:20:00,501209093,4,0,11,1,0
07:20:00,501209094,0,0,16,1,0
07:20:00,501209095,10,0,4,1,0
07:20:00,501209096,10,4,5,1,0
07:20:00,501209097,0,0,15,1,0
07:20:00,501209098,7,0,8,1,0
07:20:00,501209099,1,0,18,1,0
07:20:00,501209100,13,3,2,1,0
07:20:00,501209101,6,0,9,1,0
07:20:00,501209102,5,0,15,1,0
07:20:00,501209104,6,1,11,1,0
07:20:00,501209105,7,0,19,1,0
07:20:00,501209106,11,0,9,1,0
07:20:00,501211001,19,3,18,1,0
07:20:00,501211002,7,1,8,1,0
07:20:00,501211004,10,2,5,1,0
07:20:00,501211005,5,1,14,1,0
07:20:00,501211006,12,2,4,1,0
07:20:00,501211007,14,1,5,1,0
07:20:00,501211009,5,0,13,1,0
07:20:00,501211011,20,6,10,1,0
07:20:00,501211012,5,1,13,1,0
07:30:00,501201001,0,0,0,2,0
07:30:00,501201002,9,0,30,1,0
07:30:00,501201003,5,0,18,1,0
07:30:00,501201004,6,1,9,1,0
07:30:00,501201005,3,0,16,1,0
07:30:00,501201006,14,1,14,1,0
07:30:00,501201007,18,2,1,1,0
07:30:00,501201008,6,1,19,1,0
07:30:00,501201010,1,0,9,1,0
07:30:00,501201011,5,1,17,1,0
07:30:00,501201012,7,0,31,1,0
07:30:00,501201013,6,0,15,1,0
07:30:00,501201014,6,0,13,1,0
07:30:00,501201015,7,0,18,1,0
07:30:00,501201016,10,0,14,1,0
07:30:00,501201017,22,0,4,1,0
07:30:00,501201018,7,0,16,1,0
07:30:00,501201019,10,3,18,1,0
07:30:00,501201020,4,0,20,1,0
07:30:00,501201021,13,0,1,1,0
07:30:00,501201022,8,0,8,1,0
07:30:00,501201023,3,0,25,1,0
07:30:00,501201024,1,0,23,1,0
07:30:00,501201025,6,0,18,1,0
07:30:00,501201026,3,0,16,1,0
07:30:00,501201028,1,0,19,1,0
07:30:00,501201029,3,0,10,1,0
07:30:00,501201030,0,0,15,1,0
07:30:00,501201031,1,0,16,1,0
07:30:00,501202001,2,0,12,1,0
07:30:00,501202003,12,1,28,1,0
07:30:00,501202013,3,0,13,1,0
07:30:00,501202023,2,2,13,1,0
07:30:00,501202024,5,3,10,1,0
07:30:00,501202034,11,0,5,1,0
07:30:00,501202035,13,0,17,1,0
07:30:00,501202036,30,0,8,1,0
07:30:00,501202040,17,2,28,1,0
07:30:00,501202043,6,0,19,1,0
07:30:00,501202044,0,0,0,2,0
07:30:00,501202047,21,0,1,1,0
07:30:00,501202050,3,1,12,1,0
07:30:00,501202055,1,1,14,1,0
07:30:00,501202058,9,3,6,1,0
07:30:00,501202065,1,0,13,1,0
07:30:00,501202068,3,0,15,1,0
07:30:00,501202070,6,0,10,1,0
07:30:00,501202078,7,0,18,1,0
07:30:00,501202080,2,0,24,1,0
07:30:00,501202081,15,0,8,1,0
07:30:00,501202082,1,0,22,1,0
07:30:00,501202083,3,0,21,1,0
07:30:00,501202084,10,1,14,1,0
07:30:00,501202085,7,0,28,1,0
07:30:00,501202088,3,1,27,1,0
07:30:00,501202089,5,0,23,1,0
07:30:00,501202096,4,0,11,1,0
07:30:00,501203001,7,1,13,1,0
07:30:00,501203002,2,0,19,1,0
07:30:00,501203003,6,2,88,1,0
07:30:00,501203005,6,1,14,1,0
07:30:00,501203006,2,0,13,1,0
07:30:00,501203007,7,1,8,1,0
07:30:00,501203008,12,0,4,1,0
07:30:00,501203010,22,0,11,1,0
07:30:00,501203011,17,3,21,1,0
07:30:00,501203012,4,0,13,1,0
07:30:00,501203013,15,3,9,1,0
07:30:00,501203015,6,0,6,1,0
07:30:00,501203020,12,0,8,1,0
07:30:00,501203022,7,3,12,1,0
07:30:00,501203023,1,0,17,1,0
07:30:00,501203028,17,2,8,1,0
07:30:00,501203040,5,1,19,1,0
07:30:00,501203045,2,1,16,1,0
07:30:00,501203050,38,1,22,1,0
07:30:00,501203051,10,0,13,1,0
07:30:00,501203053,2,0,24,1,0
07:30:00,501203054,5,1,17,1,0
07:30:00,501203064,0,0,16,1,0
07:30:00,501203065,4,0,12,1,0
07:30:00,501203070,8,0,7,1,0
07:30:00,501203073,6,0,18,1,0
07:30:00,501203076,6,0,9,1,0
07:30:00,501203078,4,0,12,1,0
07:30:00,501203080,9,0,5,1,0
07:30:00,501203084,6,0,5,1,0
07:30:00,501203085,2,0,8,1,0
07:30:00,501203088,9,0,5,1,0
07:30:00,501203089,4,0,8,1,0
07:30:00,501203090,1,0,9,1,0
07:30:00,501203091,7,0,6,1,0
07:30:00,501203092,11,0,9,1,0
07:30:00,501203100,4,0,15,1,0
07:30:00,501203101,0,0,0,2,0
07:30:00,501203102,2,1,17,1,0
07:30:00,501203104,8,0,10,1,0
07:30:00,501203105,2,0,9,1,0
07:30:00,501203107,0,0,0,2,0
07:30:00,501203109,8,1,18,1,0
07:30:00,501203110,16,1,24,1,0
07:30:00,501203111,4,0,7,1,0
07:30:00,501203113,13,1,6,1,0
07:30:00,501203114,12,1,38,1,0
07:30:00,501203117,0,0,0,2,0
07:30:00,501203118,2,0,18,1,0
07:30:00,501203121,0,0,24,1,0
07:30:00,501203122,10,1,10,1,0
07:30:00,501203125,2,0,23,1,0
07:30:00,501203131,12,0,8,1,0
07:30:00,501203140,8,1,34,1,0
07:30:00,501203141,4,1,11,1,0
07:30:00,501203142,23,0,13,1,0
07:30:00,501203145,8,0,7,1,0
07:30:00,501203151,5,0,13,1,0
07:30:00,501203155,7,1,12,1,0
07:30:00,501203157,1,1,16,1,0
07:30:00,501203159,5,1,15,1,0
07:30:00,501203161,5,2,14,1,0
07:30:00,501203162,14,0,7,1,0
07:30:00,501203163,7,1,9,1,0
07:30:00,501204001,4,1,21,1,0
07:30:00,501204002,20,2,16,1,0
07:30:00,501204003,21,1,23,1,0
07:30:00,501204004,2,0,12,1,0
07:30:00,501204005,2,0,18,1,0
07:30:00,501204007,5,0,31,1,0
07:30:00,501204008,7,1,8,1,0
07:30:00,501204009,0,0,0,2,0
07:30:00,501204010,0,0,0,2,0
07:30:00,501204011,6,0,9,1,0
07:30:00,501204012,5,0,9,1,0
07:30:00,501204013,2,0,11,1,0
07:30:00,501204014,8,0,8,1,0
07:30:00,501204015,11,0,4,1,0
07:30:00,501204016,6,0,14,1,0
07:30:00,501204017,5,0,10,1,0
07:30:00,501204018,7,0,17,1,0
07:30:00,501204020,6,0,14,1,0
07:30:00,501204021,2,0,18,1,0
07:30:00,501204022,7,0,9,1,0
07:30:00,501204023,3,0,12,1,0
07:30:00,501204024,0,0,0,2,0
07:30:00,501204025,13,0,7,1,0
07:30:00,501205001,7,1,10,1,0
07:30:00,501205003,5,0,14,1,0
07:30:00,501205004,0,0,16,1,0
07:30:00,501205005,7,0,15,1,0
07:30:00,501205006,7,0,13,1,0
07:30:00,501205007,5,0,7,1,0
07:30:00,501205008,1,1,25,1,0
07:30:00,501205009,35,0,10,1,0
07:30:00,501205010,1,0,12,1,0
07:30:00,501205011,1,0,31,1,0
07:30:00,501205012,3,0,17,1,0
07:30:00,501205013,5,1,16,1,0
07:30:00,501205014,1,1,22,1,0
07:30:00,501205015,1,0,17,1,0
07:30:00,501205018,2,0,16,1,0
07:30:00,501205019,11,1,17,1,0
07:30:00,501205020,22,1,8,1,0
07:30:00,501205021,11,1,4,1,0
07:30:00,501205022,4,0,11,1,0
07:30:00,501205023,9,0,6,1,0
07:30:00,501205025,27,0,1,1,0
07:30:00,501205026,9,1,10,1,0
07:30:00,501205027,6,0,4,1,0
07:30:00,501205028,5,0,9,1,0
07:30:00,501205029,1,0,9,1,0
07:30:00,501205030,3,0,7,1,0
07:30:00,501205033,15,5,0,1,0
07:30:00,501205034,3,1,25,1,0
07:30:00,501205035,4,1,12,1,0
07:30:00,501205036,4,0,11,1,0
07:30:00,501205037,1,1,14,1,0
07:30:00,501205038,3,0,17,1,0
07:30:00,501205039,1,0,19,1,0
07:30:00,501205040,11,0,14,1,0
07:30:00,501205041,6,0,11,1,0
07:30:00,501205042,2,0,27,1,0
07:30:00,501208011,11,0,26,1,0
07:30:00,501208013,30,1,23,1,0
07:30:00,501208014,2,0,36,1,0
07:30:00,501208015,8,0,7,1,0
07:30:00,501208018,10,0,5,1,0
07:30:00,501208021,2,0,15,1,0
07:30:00,501208027,2,0,28,1,0
07:30:00,501208029,6,0,15,1,0
07:30:00,501208030,19,0,19,1,0
07:30:00,501208032,11,1,17,1,0
07:30:00,501208040,4,0,15,1,0
07:30:00,501208041,6,1,9,1,0
07:30:00,501208045,7,0,25,1,0
07:30:00,501208051,7,2,29,1,0
07:30:00,501208053,14,0,7,1,0
07:30:00,501208054,2,0,26,1,0
07:30:00,501208059,6,1,23,1,0
07:30:00,501208064,5,1,15,1,0
07:30:00,501208077,4,0,6,1,0
07:30:00,501208079,7,1,15,1,0
07:30:00,501208082,4,1,6,1,0
07:30:00,501208085,8,0,7,1,0
07:30:00,501208087,19,0,12,1,0
07:30:00,501208089,6,0,19,1,0
07:30:00,501208091,3,1,40,1,0
07:30:00,501208111,9,0,5,1,0
07:30:00,501208113,4,1,16,1,0
07:30:00,501208114,5,2,15,1,0
07:30:00,501208129,1,0,21,1,0
07:30:00,501208130,8,0,5,1,0
07:30:00,501209002,10,0,10,1,0
07:30:00,501209003,8,0,6,1,0
07:30:00,501209004,1,0,14,1,0
07:30:00,501209005,18,4,0,1,0
07:30:00,501209006,13,0,6,1,0
07:30:00,501209007,1,1,14,1,0
07:30:00,501209009,0,0,0,2,0
07:30:00,501209010,3,0,10,1,0
07:30:00,501209011,0,0,25,1,0
07:30:00,501209014,5,0,7,1,0
07:30:00,501209015,13,1,2,1,0
07:30:00,501209016,13,1,16,1,0
07:30:00,501209017,0,0,12,1,0
07:30:00,501209018,13,1,3,1,0
07:30:00,501209019,12,1,11,1,0
07:30:00,501209020,18,7,14,1,0
07:30:00,501209021,1,0,13,1,0
07:30:00,501209022,4,0,6,1,0
07:30:00,501209023,37,2,6,1,0
07:30:00,501209024,13,2,29,1,0
07:30:00,501209025,3,0,12,1,0
07:30:00,501209026,18,0,8,1,0
07:30:00,501209027,7,0,11,1,0
07:30:00,501209028,10,2,18,1,0
07:30:00,501209030,5,0,13,1,0
07:30:00,501209031,1,0,29,1,0
07:30:00,501209032,1,0,27,1,0
07:30:00,501209033,3,1,17,1,0
07:30:00,501209034,12,0,3,1,0
07:30:00,501209035,12,0,16,1,0
07:30:00,501209036,5,2,26,1,0
07:30:00,501209037,10,0,25,1,0
07:30:00,501209038,4,0,12,1,0
07:30:00,501209039,7,0,23,1,0
07:30:00,501209040,5,1,26,1,0
07:30:00,501209042,5,2,14,1,0
07:30:00,501209043,2,1,23,1,0
07:30:00,501209044,9,1,6,1,0
07:30:00,501209045,5,0,10,1,0
07:30:00,501209046,4,1,18,1,0
07:30:00,501209047,0,0,14,1,0
07:30:00,501209049,15,3,5,1,0
07:30:00,501209050,8,0,5,1,0
07:30:00,501209051,5,3,19,1,0
07:30:00,501209052,3,2,19,1,0
07:30:00,501209053,2,1,18,1,0
07:30:00,501209054,7,1,20,1,0
07:30:00,501209056,5,1,10,1,0
07:30:00,501209058,0,0,16,1,0
07:30:00,501209059,1,0,14,1,0
07:30:00,501209060,16,1,4,1,0
07:30:00,501209062,7,1,8,1,0
07:30:00,501209064,3,0,12,1,0
07:30:00,501209065,8,0,7,1,0
07:30:00,501209066,1,0,13,1,0
07:30:00,501209067,1,0,14,1,0
07:30:00,501209068,4,0,13,1,0
07:30:00,501209069,5,0,58,1,0
07:30:00,501209070,8,2,9,1,0
07:30:00,501209071,5,1,12,1,0
07:30:00,501209073,8,1,7,1,0
07:30:00,501209074,7,0,16,1,0
07:30:00,501209075,10,0,6,1,0
07:30:00,501209076,8,0,15,1,0
07:30:00,501209077,6,1,9,1,0
07:30:00,501209078,6,2,7,1,0
07:30:00,501209079,3,0,22,1,0
07:30:00,501209080,4,4,22,1,0
07:30:00,501209081,7,0,8,1,0
07:30:00,501209084,8,0,15,1,0
07:30:00,501209085,7,2,19,1,0
07:30:00,501209087,37,4,2,1,0
07:30:00,501209088,5,0,10,1,0
07:30:00,501209089,4,0,15,1,0
07:30:00,501209090,11,0,3,1,0
07:30:00,501209091,1,1,15,1,0
07:30:00,501209092,4,0,12,1,0
07:30:00,501209093,3,0,12,1,0
07:30:00,501209094,0,0,16,1,0
07:30:00,501209095,10,0,4,1,0
07:30:00,501209096,9,3,6,1,0
07:30:00,501209097,0,0,15,1,0
07:30:00,501209098,7,0,8,1,0
07:30:00,501209099,1,0,18,1,0
07:30:00,501209100,13,3,2,1,0
07:30:00,501209101,6,0,9,1,0
07:30:00,501209102,5,0,15,1,0
07:30:00,501209104,7,2,10,1,0
07:30:00,501209105,2,0,24,1,0
07:30:00,501209106,11,0,9,1,0
07:30:00,501211001,19,3,18,1,0
07:30:00,501211002,7,1,8,1,0
07:30:00,501211004,10,2,5,1,0
07:30:00,501211005,5,1,14,1,0
07:30:00,501211006,12,2,4,1,0
07:30:00,501211007,14,1,5,1,0
07:30:00,501211009,5,0,13,1,0
07:30:00,501211011,20,6,10,1,0
07:30:00,501211012,5,1,13,1,0
07:40:00,501201001,0,0,0,2,0
07:40:00,501201002,10,0,29,1,0
07:40:00,501201003,6,1,17,1,0
07:40:00,501201004,3,0,12,1,0
07:40:00,501201005,3,0,16,1,0
07:40:00,501201006,14,1,14,1,0
07:40:00,501201007,18,1,1,1,0
07:40:00,501201008,5,1,20,1,0
07:40:00,501201010,0,0,10,1,0
07:40:00,501201011,5,0,17,1,0
07:40:00,501201012,4,1,34,1,0
07:40:00,501201013,5,0,16,1,0
07:40:00,501201014,5,0,14,1,0
07:40:00,501201015,11,0,14,1,0
07:40:00,501201016,10,0,14,1,0
07:40:00,501201017,20,0,6,1,0
07:40:00,501201018,8,0,15,1,0
07:40:00,501201019,10,2,18,1,0
07:40:00,501201020,3,0,21,1,0
07:40:00,501201021,12,0,2,1,0
07:40:00,501201022,9,0,7,1,0
07:40:00,501201023,3,0,25,1,0
07:40:00,501201024,3,1,21,1,0
07:40:00,501201025,6,0,18,1,0
07:40:00,501201026,3,0,16,1,0
07:40:00,501201028,0,0,20,1,0
07:40:00,501201029,2,0,11,1,0
07:40:00,501201030,0,0,15,1,0
07:40:00,501201031,1,0,16,1,0
07:40:00,501202001,1,0,13,1,0
07:40:00,501202003,11,1,29,1,0
07:40:00,501202013,8,1,8,1,0
07:40:00,501202023,4,1,11,1,0
07:40:00,501202024,7,3,8,1,0
07:40:00,501202034,11,1,5,1,0
07:40:00,501202035,6,0,24,1,0
07:40:00,501202036,38,0,0,1,0
07:40:00,501202040,28,2,17,1,0
07:40:00,501202043,8,0,17,1,0
07:40:00,501202044,0,0,0,2,0
07:40:00,501202047,22,0,0,1,0
07:40:00,501202050,1,1,14,1,0
07:40:00,501202055,2,1,13,1,0
07:40:00,501202058,8,2,7,1,0
07:40:00,501202065,1,0,13,1,0
07:40:00,501202068,3,0,15,1,0
07:40:00,501202070,6,0,10,1,0
07:40:00,501202078,7,0,18,1,0
07:40:00,501202080,3,1,23,1,0
07:40:00,501202081,18,0,5,1,0
07:40:00,501202082,1,0,22,1,0
07:40:00,501202083,3,0,21,1,0
07:40:00,501202084,9,0,15,1,0
07:40:00,501202085,9,0,26,1,0
07:40:00,501202088,5,2,25,1,0
07:40:00,501202089,5,0,23,1,0
07:40:00,501202096,5,0,10,1,0
07:40:00,501203001,9,1,11,1,0
07:40:00,501203002,3,0,18,1,0
07:40:00,501203003,5,2,89,1,0
07:40:00,501203005,6,1,14,1,0
07:40:00,501203006,3,0,12,1,0
07:40:00,501203007,7,1,8,1,0
07:40:00,501203008,11,0,5,1,0
07:40:00,501203010,21,0,12,1,0
07:40:00,501203011,17,2,21,1,0
07:40:00,501203012,4,0,13,1,0
07:40:00,501203013,16,3,8,1,0
07:40:00,501203015,6,0,6,1,0
07:40:00,501203020,11,0,9,1,0
07:40:00,501203022,5,2,14,1,0
07:40:00,501203023,1,0,17,1,0
07:40:00,501203028,16,0,9,1,0
07:40:00,501203040,3,1,21,1,0
07:40:00,501203045,4,1,14,1,0
07:40:00,501203050,36,2,24,1,0
07:40:00,501203051,10,0,13,1,0
07:40:00,501203053,6,0,20,1,0
07:40:00,501203054,5,1,17,1,0
07:40:00,501203064,0,0,16,1,0
07:40:00,501203065,2,0,14,1,0
07:40:00,501203070,8,0,7,1,0
07:40:00,501203073,6,0,18,1,0
07:40:00,501203076,5,0,10,1,0
07:40:00,501203078,0,0,16,1,0
07:40:00,501203080,8,0,6,1,0
07:40:00,501203084,4,0,7,1,0
07:40:00,501203085,3,0,7,1,0
07:40:00,501203088,9,0,5,1,0
07:40:00,501203089,4,0,8,1,0
07:40:00,501203090,1,0,9,1,0
07:40:00,501203091,6,0,7,1,0
07:40:00,501203092,15,0,5,1,0
07:40:00,501203100,4,1,15,1,0
07:40:00,501203101,0,0,0,2,0
07:40:00,501203102,6,2,13,1,0
07:40:00,501203104,8,0,10,1,0
07:40:00,501203105,1,0,10,1,0
07:40:00,501203107,0,0,0,2,0
07:40:00,501203109,12,1,14,1,0
07:40:00,501203110,16,1,24,1,0
07:40:00,501203111,5,0,6,1,0
07:40:00,501203113,12,1,7,1,0
07:40:00,501203114,24,1,26,1,0
07:40:00,501203117,0,0,0,2,0
07:40:00,501203118,2,0,18,1,0
07:40:00,501203121,0,0,24,1,0
07:40:00,501203122,9,1,11,1,0
07:40:00,501203125,2,0,23,1,0
07:40:00,501203131,12,0,8,1,0
07:40:00,501203140,9,1,33,1,0
07:40:00,501203141,3,0,12,1,0
07:40:00,501203142,23,0,13,1,0
07:40:00,501203145,8,0,7,1,0
07:40:00,501203151,5,0,13,1,0
07:40:00,501203155,6,1,13,1,0
07:40:00,501203157,3,1,14,1,0
07:40:00,501203159,5,1,15,1,0
07:40:00,501203161,7,3,12,1,0
07:40:00,501203162,14,0,7,1,0
07:40:00,501203163,7,1,9,1,0
07:40:00,501204001,5,1,20,1,0
07:40:00,501204002,22,4,14,1,0
07:40:00,501204003,23,0,21,1,0
07:40:00,501204004,2,0,12,1,0
07:40:00,501204005,1,0,19,1,0
07:40:00,501204007,4,0,32,1,0
07:40:00,501204008,7,1,8,1,0
07:40:00,501204009,0,0,0,2,0
07:40:00,501204010,0,0,0,2,0
07:40:00,501204011,6,0,9,1,0
07:40:00,501204012,5,0,9,1,0
07:40:00,501204013,0,0,13,1,0
07:40:00,501204014,7,0,9,1,0
07:40:00,501204015,10,0,5,1,0
07:40:00,501204016,7,0,13,1,0
07:40:00,501204017,5,0,10,1,0
07:40:00,501204018,5,0,19,1,0
07:40:00,501204020,5,1,15,1,0
07:40:00,501204021,3,0,17,1,0
07:40:00,501204022,7,0,9,1,0
07:40:00,501204023,3,0,12,1,0
07:40:00,501204024,0,0,0,2,0
07:40:00,501204025,13,0,7,1,0
07:40:00,501205001,6,1,11,1,0
07:40:00,501205003,4,0,15,1,0
07:40:00,501205004,1,1,15,1,0
07:40:00,501205005,6,0,16,1,0
07:40:00,501205006,7,0,13,1,0
07:40:00,501205007,2,0,10,1,0
07:40:00,501205008,1,1,25,1,0
07:40:00,501205009,36,0,9,1,0
07:40:00,501205010,1,0,12,1,0
07:40:00,501205011,3,0,29,1,0
07:40:00,501205012,3,0,17,1,0
07:40:00,501205013,6,1,15,1,0
07:40:00,501205014,1,1,22,1,0
07:40:00,501205015,1,0,17,1,0
07:40:00,501205018,3,0,15,1,0
07:40:00,501205019,7,2,21,1,0
07:40:00,501205020,23,1,7,1,0
07:40:00,501205021,11,1,4,1,0
07:40:00,501205022,7,0,8,1,0
07:40:00,501205023,10,0,5,1,0
07:40:00,501205025,13,0,15,1,0
07:40:00,501205026,9,1,10,1,0
07:40:00,501205027,5,0,5,1,0
07:40:00,501205028,2,0,12,1,0
07:40:00,501205029,1,0,9,1,0
07:40:00,501205030,3,0,7,1,0
07:40:00,501205033,14,4,1,1,0
07:40:00,501205034,5,1,23,1,0
07:40:00,501205035,4,1,12,1,0
07:40:00,501205036,1,0,14,1,0
07:40:00,501205037,1,1,14,1,0
07:40:00,501205038,3,0,17,1,0
07:40:00,501205039,2,1,17,1,0
07:40:00,501205040,11,0,14,1,0
07:40:00,501205041,6,0,11,1,0
07:40:00,501205042,3,0,26,1,0
07:40:00,501208011,13,0,24,1,0
07:40:00,501208013,25,1,27,1,0
07:40:00,501208014,2,0,35,1,0
07:40:00,501208015,2,0,13,1,0
07:40:00,501208018,9,0,6,1,0
07:40:00,501208021,3,1,14,1,0
07:40:00,501208027,5,1,25,1,0
07:40:00,501208029,3,0,18,1,0
07:40:00,501208030,2,0,36,1,0
07:40:00,501208032,11,1,17,1,0
07:40:00,501208040,4,0,15,1,0
07:40:00,501208041,5,0,10,1,0
07:40:00,501208045,7,0,25,1,0
07:40:00,501208051,5,0,31,1,0
07:40:00,501208053,13,0,8,1,0
07:40:00,501208054,2,0,26,1,0
07:40:00,501208059,6,1,23,1,0
07:40:00,501208064,5,1,15,1,0
07:40:00,501208077,5,0,5,1,0
07:40:00,501208079,10,1,12,1,0
07:40:00,501208082,5,0,5,1,0
07:40:00,501208085,7,0,8,1,0
07:40:00,501208087,18,0,13,1,0
07:40:00,501208089,5,0,20,1,0
07:40:00,501208091,6,1,37,1,0
07:40:00,501208111,8,0,6,1,0
07:40:00,501208113,4,1,16,1,0
07:40:00,501208114,6,3,14,1,0
07:40:00,501208129,1,0,21,1,0
07:40:00,501208130,7,0,5,1,0
07:40:00,501209002,8,0,12,1,0
07:40:00,501209003,8,0,6,1,0
07:40:00,501209004,2,1,13,1,0
07:40:00,501209005,15,1,3,1,0
07:40:00,501209006,11,0,7,1,0
07:40:00,501209007,1,1,14,1,0
07:40:00,501209009,0,0,0,2,0
07:40:00,501209010,3,0,10,1,0
07:40:00,501209011,4,1,21,1,0
07:40:00,501209014,4,0,8,1,0
07:40:00,501209015,13,1,2,1,0
07:40:00,501209016,13,1,16,1,0
07:40:00,501209017,0,0,12,1,0
07:40:00,501209018,14,2,2,1,0
07:40:00,501209019,13,1,10,1,0
07:40:00,501209020,20,8,12,1,0
07:40:00,501209021,1,0,13,1,0
07:40:00,501209022,3,0,7,1,0
07:40:00,501209023,39,2,4,1,0
07:40:00,501209024,13,2,29,1,0
07:40:00,501209025,3,0,12,1,0
07:40:00,501209026,10,1,16,1,0
07:40:00,501209027,10,1,8,1,0
07:40:00,501209028,10,2,18,1,0
07:40:00,501209030,2,0,16,1,0
07:40:00,501209031,1,0,29,1,0
07:40:00,501209032,1,0,27,1,0
07:40:00,501209033,3,0,17,1,0
07:40:00,501209034,13,1,2,1,0
07:40:00,501209035,12,0,16,1,0
07:40:00,501209036,5,0,26,1,0
07:40:00,501209037,9,0,26,1,0
07:40:00,501209038,4,0,12,1,0
07:40:00,501209039,8,0,22,1,0
07:40:00,501209040,5,1,26,1,0
07:40:00,501209042,4,1,15,1,0
07:40:00,501209043,1,1,24,1,0
07:40:00,501209044,8,1,7,1,0
07:40:00,501209045,5,0,10,1,0
07:40:00,501209046,1,1,21,1,0
07:40:00,501209047,4,0,10,1,0
07:40:00,501209049,14,3,6,1,0
07:40:00,501209050,7,0,6,1,0
07:40:00,501209051,5,3,19,1,0
07:40:00,501209052,3,2,19,1,0
07:40:00,501209053,2,1,18,1,0
07:40:00,501209054,6,1,21,1,0
07:40:00,501209056,4,0,11,1,0
07:40:00,501209058,11,0,5,1,0
07:40:00,501209059,1,0,14,1,0
07:40:00,501209060,17,1,3,1,0
07:40:00,501209062,7,1,8,1,0
07:40:00,501209064,3,0,12,1,0
07:40:00,501209065,7,0,8,1,0
07:40:00,501209066,1,0,13,1,0
07:40:00,501209067,0,0,15,1,0
07:40:00,501209068,4,0,13,1,0
07:40:00,501209069,6,0,57,1,0
07:40:00,501209070,8,2,9,1,0
07:40:00,501209071,5,1,12,1,0
07:40:00,501209073,8,1,7,1,0
07:40:00,501209074,7,0,16,1,0
07:40:00,501209075,9,0,7,1,0
07:40:00,501209076,9,0,14,1,0
07:40:00,501209077,6,1,9,1,0
07:40:00,501209078,7,3,6,1,0
07:40:00,501209079,1,0,23,1,0
07:40:00,501209080,0,0,26,1,0
07:40:00,501209081,6,0,9,1,0
07:40:00,501209084,6,0,17,1,0
07:40:00,501209085,7,2,19,1,0
07:40:00,501209087,38,6,1,1,0
07:40:00,501209088,5,0,10,1,0
07:40:00,501209089,4,0,15,1,0
07:40:00,501209090,10,1,4,1,0
07:40:00,501209091,3,1,13,1,0
07:40:00,501209092,4,0,12,1,0
07:40:00,501209093,4,1,11,1,0
07:40:00,501209094,0,0,16,1,0
07:40:00,501209095,10,0,4,1,0
07:40:00,501209096,8,2,7,1,0
07:40:00,501209097,0,0,15,1,0
07:40:00,501209098,7,0,8,1,0
07:40:00,501209099,1,0,18,1,0
07:40:00,501209100,12,3,3,1,0
07:40:00,501209101,6,0,9,1,0
07:40:00,501209102,5,0,15,1,0
07:40:00,501209104,8,2,9,1,0
07:40:00,501209105,2,0,24,1,0
07:40:00,501209106,12,0,8,1,0
07:40:00,501211001,19,3,18,1,0
07:40:00,501211002,7,1,8,1,0
07:40:00,501211004,10,2,5,1,0
07:40:00,501211005,5,1,14,1,0
07:40:00,501211006,12,2,4,1,0
07:40:00,501211007,14,1,5,1,0
07:40:00,501211009,5,0,13,1,0
07:40:00,501211011,19,5,11,1,0
07:40:00,501211012,5,1,13,1,0
07:50:00,501201001,0,0,0,2,0
07:50:00,501201002,7,0,32,1,0
07:50:00,501201003,7,1,16,1,0
07:50:00,501201004,1,0,14,1,0
07:50:00,501201005,2,0,17,1,0
07:50:00,501201006,14,1,14,1,0
07:50:00,501201007,18,1,1,1,0
07:50:00,501201008,5,1,20,1,0
07:50:00,501201010,0,0,10,1,0
07:50:00,501201011,4,0,18,1,0
07:50:00,501201012,1,0,37,1,0
07:50:00,501201013,6,0,15,1,0
07:50:00,501201014,7,0,12,1,0
07:50:00,501201015,11,0,14,1,0
07:50:00,501201016,9,0,15,1,0
07:50:00,501201017,22,0,4,1,0
07:50:00,501201018,7,0,16,1,0
07:50:00,501201019,7,0,21,1,0
07:50:00,501201020,3,0,21,1,0
07:50:00,501201021,14,0,0,1,0
07:50:00,501201022,8,0,8,1,0
07:50:00,501201023,3,0,25,1,0
07:50:00,501201024,10,1,14,1,0
07:50:00,501201025,6,0,18,1,0
07:50:00,501201026,3,0,16,1,0
07:50:00,501201028,0,0,20,1,0
07:50:00,501201029,2,0,11,1,0
07:50:00,501201030,0,0,15,1,0
07:50:00,501201031,1,0,16,1,0
07:50:00,501202001,1,0,13,1,0
07:50:00,501202003,10,0,30,1,0
07:50:00,501202013,11,1,5,1,0
07:50:00,501202023,4,1,11,1,0
07:50:00,501202024,6,3,9,1,0
07:50:00,501202034,9,1,7,1,0
07:50:00,501202035,0,0,30,1,0
07:50:00,501202036,38,0,0,1,0
07:50:00,501202040,36,1,9,1,0
07:50:00,501202043,7,0,18,1,0
07:50:00,501202044,0,0,0,2,0
07:50:00,501202047,21,0,1,1,0
07:50:00,501202050,1,1,14,1,0
07:50:00,501202055,3,0,12,1,0
07:50:00,501202058,8,2,7,1,0
07:50:00,501202065,0,0,14,1,0
07:50:00,501202068,1,0,17,1,0
07:50:00,501202070,6,0,10,1,0
07:50:00,501202078,7,0,18,1,0
07:50:00,501202080,1,0,25,1,0
07:50:00,501202081,20,0,3,1,0
07:50:00,501202082,1,0,22,1,0
07:50:00,501202083,3,0,21,1,0
07:50:00,501202084,8,0,16,1,0
07:50:00,501202085,7,0,28,1,0
07:50:00,501202088,5,2,25,1,0
07:50:00,501202089,6,0,22,1,0
07:50:00,501202096,6,1,9,1,0
07:50:00,501203001,9,0,11,1,0
07:50:00,501203002,5,0,16,1,0
07:50:00,501203003,5,1,89,1,0
07:50:00,501203005,6,1,14,1,0
07:50:00,501203006,2,0,13,1,0
07:50:00,501203007,6,1,9,1,0
07:50:00,501203008,8,0,8,1,0
07:50:00,501203010,20,0,13,1,0
07:50:00,501203011,15,0,23,1,0
07:50:00,501203012,3,0,14,1,0
07:50:00,501203013,10,0,14,1,0
07:50:00,501203015,6,0,6,1,0
07:50:00,501203020,12,1,8,1,0
07:50:00,501203022,7,1,12,1,0
07:50:00,501203023,3,0,15,1,0
07:50:00,501203028,16,0,9,1,0
07:50:00,501203040,4,1,20,1,0
07:50:00,501203045,3,0,15,1,0
07:50:00,501203050,43,0,17,1,0
07:50:00,501203051,10,0,13,1,0
07:50:00,501203053,11,1,15,1,0
07:50:00,501203054,5,1,17,1,0
07:50:00,501203064,1,0,15,1,0
07:50:00,501203065,0,0,16,1,0
07:50:00,501203070,8,0,7,1,0
07:50:00,501203073,6,0,18,1,0
07:50:00,501203076,5,0,10,1,0
07:50:00,501203078,0,0,16,1,0
07:50:00,501203080,7,0,7,1,0
07:50:00,501203084,3,0,8,1,0
07:50:00,501203085,2,0,8,1,0
07:50:00,501203088,9,0,5,1,0
07:50:00,501203089,3,0,9,1,0
07:50:00,501203090,2,0,8,1,0
07:50:00,501203091,5,0,8,1,0
07:50:00,501203092,19,0,1,1,0
07:50:00,501203100,3,1,16,1,0
07:50:00,501203101,0,0,0,2,0
07:50:00,501203102,7,3,12,1,0
07:50:00,501203104,4,0,14,1,0
07:50:00,501203105,1,0,10,1,0
07:50:00,501203107,0,0,0,2,0
07:50:00,501203109,7,0,19,1,0
07:50:00,501203110,16,2,24,1,0
07:50:00,501203111,7,0,4,1,0
07:50:00,501203113,17,2,2,1,0
07:50:00,501203114,19,4,31,1,0
07:50:00,501203117,0,0,0,2,0
07:50:00,501203118,2,0,18,1,0
07:50:00,501203121,0,0,24,1,0
07:50:00,501203122,9,1,11,1,0
07:50:00,501203125,3,0,22,1,0
07:50:00,501203131,13,1,7,1,0
07:50:00,501203140,9,1,33,1,0
07:50:00,501203141,3,0,12,1,0
07:50:00,501203142,22,0,14,1,0
07:50:00,501203145,8,0,7,1,0
07:50:00,501203151,1,0,17,1,0
07:50:00,501203155,7,2,12,1,0
07:50:00,501203157,3,1,14,1,0
07:50:00,501203159,5,1,15,1,0
07:50:00,501203161,6,1,13,1,0
07:50:00,501203162,15,1,6,1,0
07:50:00,501203163,6,0,10,1,0
07:50:00,501204001,5,2,20,1,0
07:50:00,501204002,22,2,14,1,0
07:50:00,501204003,21,0,23,1,0
07:50:00,501204004,2,0,12,1,0
07:50:00,501204005,1,0,19,1,0
07:50:00,501204007,4,0,32,1,0
07:50:00,501204008,7,1,8,1,0
07:50:00,501204009,0,0,0,2,0
07:50:00,501204010,0,0,0,2,0
07:50:00,501204011,7,0,8,1,0
07:50:00,501204012,6,0,8,1,0
07:50:00,501204013,0,0,13,1,0
07:50:00,501204014,8,0,8,1,0
07:50:00,501204015,10,0,5,1,0
07:50:00,501204016,7,0,13,1,0
07:50:00,501204017,4,0,11,1,0
07:50:00,501204018,4,0,20,1,0
07:50:00,501204020,4,1,16,1,0
07:50:00,501204021,3,0,17,1,0
07:50:00,501204022,7,0,9,1,0
07:50:00,501204023,3,0,12,1,0
07:50:00,501204024,0,0,0,2,0
07:50:00,501204025,13,0,7,1,0
07:50:00,501205001,7,1,10,1,0
07:50:00,501205003,4,0,15,1,0
07:50:00,501205004,0,0,16,1,0
07:50:00,501205005,5,0,17,1,0
07:50:00,501205006,7,0,13,1,0
07:50:00,501205007,3,0,9,1,0
07:50:00,501205008,1,1,25,1,0
07:50:00,501205009,34,0,11,1,0
07:50:00,501205010,1,0,12,1,0
07:50:00,501205011,3,0,29,1,0
07:50:00,501205012,5,0,15,1,0
07:50:00,501205013,7,1,14,1,0
07:50:00,501205014,2,2,21,1,0
07:50:00,501205015,1,0,17,1,0
07:50:00,501205018,3,0,15,1,0
07:50:00,501205019,13,4,15,1,0
07:50:00,501205020,26,1,4,1,0
07:50:00,501205021,12,1,3,1,0
07:50:00,501205022,8,1,7,1,0
07:50:00,501205023,10,0,5,1,0
07:50:00,501205025,18,0,10,1,0
07:50:00,501205026,4,0,15,1,0
07:50:00,501205027,5,0,5,1,0
07:50:00,501205028,1,0,13,1,0
07:50:00,501205029,2,0,8,1,0
07:50:00,501205030,3,0,7,1,0
07:50:00,501205033,15,3,0,1,0
07:50:00,501205034,15,1,13,1,0
07:50:00,501205035,4,1,12,1,0
07:50:00,501205036,0,0,15,1,0
07:50:00,501205037,4,2,11,1,0
07:50:00,501205038,5,1,15,1,0
07:50:00,501205039,2,1,17,1,0
07:50:00,501205040,12,0,13,1,0
07:50:00,501205041,6,0,11,1,0
07:50:00,501205042,4,0,25,1,0
07:50:00,501208011,15,0,22,1,0
07:50:00,501208013,20,1,32,1,0
07:50:00,501208014,1,0,36,1,0
07:50:00,501208015,3,0,12,1,0
07:50:00,501208018,9,0,6,1,0
07:50:00,501208021,3,1,14,1,0
07:50:00,501208027,7,1,23,1,0
07:50:00,501208029,4,0,17,1,0
07:50:00,501208030,0,0,38,1,0
07:50:00,501208032,11,1,17,1,0
07:50:00,501208040,4,0,15,1,0
07:50:00,501208041,6,0,9,1,0
07:50:00,501208045,7,0,25,1,0
07:50:00,501208051,8,0,28,1,0
07:50:00,501208053,12,0,9,1,0
07:50:00,501208054,2,0,26,1,0
07:50:00,501208059,6,1,23,1,0
07:50:00,501208064,5,1,15,1,0
07:50:00,501208077,7,0,3,1,0
07:50:00,501208079,14,0,8,1,0
07:50:00,501208082,5,0,5,1,0
07:50:00,501208085,5,0,10,1,0
07:50:00,501208087,14,0,17,1,0
07:50:00,501208089,5,0,20,1,0
07:50:00,501208091,12,1,31,1,0
07:50:00,501208111,5,0,9,1,0
07:50:00,501208113,4,1,16,1,0
07:50:00,501208114,6,3,14,1,0
07:50:00,501208129,1,0,21,1,0
07:50:00,501208130,6,0,6,1,0
07:50:00,501209002,5,0,15,1,0
07:50:00,501209003,7,0,7,1,0
07:50:00,501209004,1,0,14,1,0
07:50:00,501209005,16,1,2,1,0
07:50:00,501209006,11,0,7,1,0
07:50:00,501209007,1,1,14,1,0
07:50:00,501209009,0,0,0,2,0
07:50:00,501209010,5,1,8,1,0
07:50:00,501209011,3,0,22,1,0
07:50:00,501209014,4,0,8,1,0
07:50:00,501209015,13,1,2,1,0
07:50:00,501209016,12,1,17,1,0
07:50:00,501209017,1,0,11,1,0
07:50:00,501209018,13,2,3,1,0
07:50:00,501209019,18,2,5,1,0
07:50:00,501209020,20,7,12,1,0
07:50:00,501209021,2,0,12,1,0
07:50:00,501209022,3,0,7,1,0
07:50:00,501209023,37,0,6,1,0
07:50:00,501209024,12,1,30,1,0
07:50:00,501209025,3,0,12,1,0
07:50:00,501209026,11,1,15,1,0
07:50:00,501209027,13,3,5,1,0
07:50:00,501209028,9,1,19,1,0
07:50:00,501209030,1,0,17,1,0
07:50:00,501209031,1,0,29,1,0
07:50:00,501209032,1,0,27,1,0
07:50:00,501209033,3,0,17,1,0
07:50:00,501209034,15,1,0,1,0
07:50:00,501209035,12,0,16,1,0
07:50:00,501209036,6,1,25,1,0
07:50:00,501209037,9,0,26,1,0
07:50:00,501209038,1,0,15,1,0
07:50:00,501209039,9,0,21,1,0
07:50:00,501209040,5,1,26,1,0
07:50:00,501209042,5,1,14,1,0
07:50:00,501209043,0,0,25,1,0
07:50:00,501209044,7,1,8,1,0
07:50:00,501209045,6,1,9,1,0
07:50:00,501209046,3,2,19,1,0
07:50:00,501209047,4,0,10,1,0
07:50:00,501209049,11,0,9,1,0
07:50:00,501209050,7,0,6,1,0
07:50:00,501209051,6,3,18,1,0
07:50:00,501209052,3,2,19,1,0
07:50:00,501209053,1,1,19,1,0
07:50:00,501209054,4,0,23,1,0
07:50:00,501209056,5,0,10,1,0
07:50:00,501209058,11,0,5,1,0
07:50:00,501209059,0,0,15,1,0
07:50:00,501209060,20,1,0,1,0
07:50:00,501209062,6,1,9,1,0
07:50:00,501209064,4,0,11,1,0
07:50:00,501209065,7,0,8,1,0
07:50:00,501209066,1,0,13,1,0
07:50:00,501209067,0,0,15,1,0
07:50:00,501209068,4,0,13,1,0
07:50:00,501209069,7,0,56,1,0
07:50:00,501209070,8,0,9,1,0
07:50:00,501209071,6,2,11,1,0
07:50:00,501209073,7,1,8,1,0
07:50:00,501209074,7,0,16,1,0
07:50:00,501209075,9,0,7,1,0
07:50:00,501209076,12,0,11,1,0
07:50:00,501209077,6,1,9,1,0
07:50:00,501209078,7,3,6,1,0
07:50:00,501209079,0,0,24,1,0
07:50:00,501209080,2,0,24,1,0
07:50:00,501209081,6,0,9,1,0
07:50:00,501209084,5,0,18,1,0
07:50:00,501209085,8,2,18,1,0
07:50:00,501209087,37,5,2,1,0
07:50:00,501209088,5,0,10,1,0
07:50:00,501209089,4,0,15,1,0
07:50:00,501209090,8,0,6,1,0
07:50:00,501209091,4,1,12,1,0
07:50:00,501209092,4,0,12,1,0
07:50:00,501209093,2,0,13,1,0
07:50:00,501209094,0,0,16,1,0
07:50:00,501209095,11,0,3,1,0
07:50:00,501209096,8,2,7,1,0
07:50:00,501209097,0,0,15,1,0
07:50:00,501209098,7,0,8,1,0
07:50:00,501209099,0,0,19,1,0
07:50:00,501209100,12,3,3,1,0
07:50:00,501209101,6,0,9,1,0
07:50:00,501209102,5,0,15,1,0
07:50:00,501209104,10,2,7,1,0
07:50:00,501209105,3,1,23,1,0
07:50:00,501209106,12,0,8,1,0
07:50:00,501211001,20,4,17,1,0
07:50:00,501211002,7,1,8,1,0
07:50:00,501211004,10,2,5,1,0
07:50:00,501211005,5,1,14,1,0
07:50:00,501211006,12,2,4,1,0
07:50:00,501211007,14,1,5,1,0
07:50:00,501211009,5,0,13,1,0
07:50:00,501211011,19,5,11,1,0
07:50:00,501211012,5,1,13,1,0
08:00:00,501201001,0,0,0,2,0
08:00:00,501201002,7,0,32,1,0
08:00:00,501201003,7,1,16,1,0
08:00:00,501201004,1,1,14,1,0
08:00:00,501201005,3,0,16,1,0
08:00:00,501201006,15,2,13,1,0
08:00:00,501201007,19,2,0,1,0
08:00:00,501201008,6,2,19,1,0
08:00:00,501201010,0,0,10,1,0
08:00:00,501201011,3,0,19,1,0
08:00:00,501201012,1,0,37,1,0
08:00:00,501201013,7,0,14,1,0
08:00:00,501201014,7,0,12,1,0
08:00:00,501201015,12,1,13,1,0
08:00:00,501201016,7,0,17,1,0
08:00:00,501201017,20,0,6,1,0
08:00:00,501201018,5,0,18,1,0
08:00:00,501201019,9,0,19,1,0
08:00:00,501201020,2,0,22,1,0
08:00:00,501201021,12,0,2,1,0
08:00:00,501201022,7,1,9,1,0
08:00:00,501201023,2,0,26,1,0
08:00:00,501201024,13,1,11,1,0
08:00:00,501201025,7,0,17,1,0
08:00:00,501201026,4,0,15,1,0
08:00:00,501201028,1,0,19,1,0
08:00:00,501201029,2,0,11,1,0
08:00:00,501201030,0,0,15,1,0
08:00:00,501201031,1,0,16,1,0
08:00:00,501202001,4,1,10,1,0
08:00:00,501202003,10,0,30,1,0
08:00:00,501202013,11,1,5,1,0
08:00:00,501202023,5,1,10,1,0
08:00:00,501202024,7,3,8,1,0
08:00:00,501202034,8,1,8,1,0
08:00:00,501202035,0,0,30,1,0
08:00:00,501202036,38,0,0,1,0
08:00:00,501202040,35,0,10,1,0
08:00:00,501202043,7,0,18,1,0
08:00:00,501202044,0,0,0,2,0
08:00:00,501202047,21,0,1,1,0
08:00:00,501202050,2,2,13,1,0
08:00:00,501202055,4,0,11,1,0
08:00:00,501202058,7,2,8,1,0
08:00:00,501202065,3,0,11,1,0
08:00:00,501202068,0,0,18,1,0
08:00:00,501202070,5,0,11,1,0
08:00:00,501202078,7,0,18,1,0
08:00:00,501202080,1,0,25,1,0
08:00:00,501202081,14,0,9,1,0
08:00:00,501202082,0,0,23,1,0
08:00:00,501202083,1,0,23,1,0
08:00:00,501202084,5,0,19,1,0
08:00:00,501202085,7,0,28,1,0
08:00:00,501202088,5,2,25,1,0
08:00:00,501202089,7,0,21,1,0
08:00:00,501202096,9,1,6,1,0
08:00:00,501203001,11,0,9,1,0
08:00:00,501203002,7,0,14,1,0
08:00:00,501203003,10,2,84,1,0
08:00:00,501203005,6,0,14,1,0
08:00:00,501203006,2,0,13,1,0
08:00:00,501203007,7,0,8,1,0
08:00:00,501203008,11,0,5,1,0
08:00:00,501203010,20,0,13,1,0
08:00:00,501203011,14,0,24,1,0
08:00:00,501203012,3,0,14,1,0
08:00:00,501203013,7,0,17,1,0
08:00:00,501203015,6,0,6,1,0
08:00:00,501203020,11,0,9,1,0
08:00:00,501203022,7,1,12,1,0
08:00:00,501203023,5,0,13,1,0
08:00:00,501203028,14,0,11,1,0
08:00:00,501203040,5,1,19,1,0
08:00:00,501203045,1,0,17,1,0
08:00:00,501203050,43,0,17,1,0
08:00:00,501203051,10,0,13,1,0
08:00:00,501203053,16,1,10,1,0
08:00:00,501203054,5,1,17,1,0
08:00:00,501203064,2,0,14,1,0
08:00:00,501203065,1,0,15,1,0
08:00:00,501203070,8,0,7,1,0
08:00:00,501203073,6,0,18,1,0
08:00:00,501203076,5,0,10,1,0
08:00:00,501203078,0,0,16,1,0
08:00:00,501203080,6,0,8,1,0
08:00:00,501203084,3,0,8,1,0
08:00:00,501203085,2,0,8,1,0
08:00:00,501203088,9,0,5,1,0
08:00:00,501203089,3,0,9,1,0
08:00:00,501203090,2,0,8,1,0
08:00:00,501203091,5,0,8,1,0
08:00:00,501203092,20,0,0,1,0
08:00:00,501203100,3,1,16,1,0
08:00:00,501203101,0,0,0,2,0
08:00:00,501203102,7,3,12,1,0
08:00:00,501203104,3,0,15,1,0
08:00:00,501203105,2,0,9,1,0
08:00:00,501203107,0,0,0,2,0
08:00:00,501203109,9,0,17,1,0
08:00:00,501203110,16,2,24,1,0
08:00:00,501203111,6,0,5,1,0
08:00:00,501203113,17,2,2,1,0
08:00:00,501203114,28,7,22,1,0
08:00:00,501203117,0,0,0,2,0
08:00:00,501203118,2,0,18,1,0
08:00:00,501203121,0,0,24,1,0
08:00:00,501203122,6,0,14,1,0
08:00:00,501203125,3,0,22,1,0
08:00:00,501203131,12,1,8,1,0
08:00:00,501203140,7,0,35,1,0
08:00:00,501203141,2,0,13,1,0
08:00:00,501203142,21,0,15,1,0
08:00:00,501203145,9,0,6,1,0
08:00:00,501203151,1,0,17,1,0
08:00:00,501203155,8,2,11,1,0
08:00:00,501203157,3,1,14,1,0
08:00:00,501203159,6,1,14,1,0
08:00:00,501203161,6,1,13,1,0
08:00:00,501203162,15,1,6,1,0
08:00:00,501203163,6,0,10,1,0
08:00:00,501204001,5,2,20,1,0
08:00:00,501204002,22,2,14,1,0
08:00:00,501204003,18,0,26,1,0
08:00:00,501204004,2,0,12,1,0
08:00:00,501204005,2,0,18,1,0
08:00:00,501204007,5,0,31,1,0
08:00:00,501204008,7,1,8,1,0
08:00:00,501204009,0,0,0,2,0
08:00:00,501204010,0,0,0,2,0
08:00:00,501204011,8,0,7,1,0
08:00:00,501204012,6,0,8,1,0
08:00:00,501204013,0,0,13,1,0
08:00:00,501204014,8,0,8,1,0
08:00:00,501204015,9,0,6,1,0
08:00:00,501204016,7,0,13,1,0
08:00:00,501204017,5,0,10,1,0
08:00:00,501204018,5,1,19,1,0
08:00:00,501204020,6,1,14,1,0
08:00:00,501204021,3,0,17,1,0
08:00:00,501204022,7,0,9,1,0
08:00:00,501204023,4,0,11,1,0
08:00:00,501204024,0,0,0,2,0
08:00:00,501204025,13,0,7,1,0
08:00:00,501205001,6,0,11,1,0
08:00:00,501205003,1,0,18,1,0
08:00:00,501205004,0,0,16,1,0
08:00:00,501205005,4,0,18,1,0
08:00:00,501205006,6,0,14,1,0
08:00:00,501205007,3,0,9,1,0
08:00:00,501205008,1,1,25,1,0
08:00:00,501205009,26,0,19,1,0
08:00:00,501205010,1,0,12,1,0
08:00:00,501205011,4,0,28,1,0
08:00:00,501205012,5,0,15,1,0
08:00:00,501205013,6,0,15,1,0
08:00:00,501205014,2,2,21,1,0
08:00:00,501205015,1,0,17,1,0
08:00:00,501205018,4,0,14,1,0
08:00:00,501205019,17,4,11,1,0
08:00:00,501205020,26,2,4,1,0
08:00:00,501205021,13,2,2,1,0
08:00:00,501205022,6,0,9,1,0
08:00:00,501205023,10,0,5,1,0
08:00:00,501205025,2,0,26,1,0
08:00:00,501205026,3,0,16,1,0
08:00:00,501205027,6,0,4,1,0
08:00:00,501205028,0,0,14,1,0
08:00:00,501205029,3,1,7,1,0
08:00:00,501205030,3,0,7,1,0
08:00:00,501205033,9,3,6,1,0
08:00:00,501205034,27,2,1,1,0
08:00:00,501205035,3,1,13,1,0
08:00:00,501205036,1,0,14,1,0
08:00:00,501205037,2,1,13,1,0
08:00:00,501205038,5,1,15,1,0
08:00:00,501205039,4,4,15,1,0
08:00:00,501205040,12,0,13,1,0
08:00:00,501205041,6,0,11,1,0
08:00:00,501205042,7,0,22,1,0
08:00:00,501208011,19,1,18,1,0
08:00:00,501208013,1,1,51,1,0
08:00:00,501208014,0,0,37,1,0
08:00:00,501208015,1,0,14,1,0
08:00:00,501208018,7,0,8,1,0
08:00:00,501208021,2,0,15,1,0
08:00:00,501208027,6,1,24,1,0
08:00:00,501208029,5,0,16,1,0
08:00:00,501208030,1,0,37,1,0
08:00:00,501208032,11,1,17,1,0
08:00:00,501208040,5,0,14,1,0
08:00:00,501208041,8,1,7,1,0
08:00:00,501208045,7,0,25,1,0
08:00:00,501208051,17,0,19,1,0
08:00:00,501208053,9,0,12,1,0
08:00:00,501208054,2,0,26,1,0
08:00:00,501208059,5,1,24,1,0
08:00:00,501208064,5,1,15,1,0
08:00:00,501208077,5,0,5,1,0
08:00:00,501208079,16,0,6,1,0
08:00:00,501208082,5,0,5,1,0
08:00:00,501208085,4,0,11,1,0
08:00:00,501208087,10,0,21,1,0
08:00:00,501208089,4,0,21,1,0
08:00:00,501208091,16,1,27,1,0
08:00:00,501208111,4,0,10,1,0
08:00:00,501208113,4,1,16,1,0
08:00:00,501208114,6,3,14,1,0
08:00:00,501208129,1,0,21,1,0
08:00:00,501208130,4,0,8,1,0
08:00:00,501209002,3,0,17,1,0
08:00:00,501209003,5,0,9,1,0
08:00:00,501209004,2,0,13,1,0
08:00:00,501209005,18,1,0,1,0
08:00:00,501209006,11,0,7,1,0
08:00:00,501209007,0,0,15,1,0
08:00:00,501209009,0,0,0,2,0
08:00:00,501209010,5,1,8,1,0
08:00:00,501209011,3,0,22,1,0
08:00:00,501209014,4,0,8,1,0
08:00:00,501209015,13,1,2,1,0
08:00:00,501209016,11,0,18,1,0
08:00:00,501209017,1,0,11,1,0
08:00:00,501209018,14,3,1,1,0
08:00:00,501209019,19,3,4,1,0
08:00:00,501209020,27,11,5,1,0
08:00:00,501209021,2,0,12,1,0
08:00:00,501209022,3,0,7,1,0
08:00:00,501209023,29,0,14,1,0
08:00:00,501209024,10,1,32,1,0
08:00:00,501209025,3,0,12,1,0
08:00:00,501209026,24,1,2,1,0
08:00:00,501209027,13,3,5,1,0
08:00:00,501209028,9,1,19,1,0
08:00:00,501209030,1,0,17,1,0
08:00:00,501209031,1,0,29,1,0
08:00:00,501209032,1,0,27,1,0
08:00:00,501209033,2,0,18,1,0
08:00:00,501209034,15,1,0,1,0
08:00:00,501209035,12,0,16,1,0
08:00:00,501209036,7,1,24,1,0
08:00:00,501209037,9,0,26,1,0
08:00:00,501209038,1,0,15,1,0
08:00:00,501209039,9,0,21,1,0
08:00:00,501209040,5,1,26,1,0
08:00:00,501209042,5,1,14,1,0
08:00:00,501209043,0,0,25,1,0
08:00:00,501209044,6,0,9,1,0
08:00:00,501209045,6,1,9,1,0
08:00:00,501209046,1,1,21,1,0
08:00:00,501209047,3,0,11,1,0
08:00:00,501209049,12,1,8,1,0
08:00:00,501209050,7,0,6,1,0
08:00:00,501209051,7,3,17,1,0
08:00:00,501209052,5,3,17,1,0
08:00:00,501209053,1,1,19,1,0
08:00:00,501209054,4,0,23,1,0
08:00:00,501209056,6,0,9,1,0
08:00:00,501209058,11,0,5,1,0
08:00:00,501209059,0,0,15,1,0
08:00:00,501209060,20,1,0,1,0
08:00:00,501209062,6,1,9,1,0
08:00:00,501209064,4,0,11,1,0
08:00:00,501209065,7,0,8,1,0
08:00:00,501209066,1,0,13,1,0
08:00:00,501209067,0,0,15,1,0
08:00:00,501209068,4,0,13,1,0
08:00:00,501209069,9,1,54,1,0
08:00:00,501209070,9,0,8,1,0
08:00:00,501209071,8,4,9,1,0
08:00:00,501209073,7,1,8,1,0
08:00:00,501209074,7,0,16,1,0
08:00:00,501209075,11,2,5,1,0
08:00:00,501209076,15,1,8,1,0
08:00:00,501209077,5,1,10,1,0
08:00:00,501209078,7,3,6,1,0
08:00:00,501209079,2,1,22,1,0
08:00:00,501209080,2,1,24,1,0
08:00:00,501209081,6,0,9,1,0
08:00:00,501209084,5,0,18,1,0
08:00:00,501209085,7,1,19,1,0
08:00:00,501209087,35,3,4,1,0
08:00:00,501209088,5,0,10,1,0
08:00:00,501209089,4,0,15,1,0
08:00:00,501209090,7,0,7,1,0
08:00:00,501209091,6,1,10,1,0
08:00:00,501209092,4,0,12,1,0
08:00:00,501209093,2,0,13,1,0
08:00:00,501209094,0,0,16,1,0
08:00:00,501209095,10,0,4,1,0
08:00:00,501209096,7,1,8,1,0
08:00:00,501209097,0,0,15,1,0
08:00:00,501209098,7,0,8,1,0
08:00:00,501209099,0,0,19,1,0
08:00:00,501209100,12,3,3,1,0
08:00:00,501209101,6,0,9,1,0
08:00:00,501209102,5,0,15,1,0
08:00:00,501209104,12,2,5,1,0
08:00:00,501209105,3,1,23,1,0
08:00:00,501209106,12,0,8,1,0
08:00:00,501211001,19,3,18,1,0
08:00:00,501211002,7,1,8,1,0
08:00:00,501211004,10,2,5,1,0
08:00:00,501211005,5,1,14,1,0
08:00:00,501211006,12,2,4,1,0
08:00:00,501211007,14,1,5,1,0
08:00:00,501211009,5,0,13,1,0
08:00:00,501211011,19,5,11,1,0
08:00:00,501211012,5,1,13,1,0
08:10:00,501201001,0,0,0,2,0
08:10:00,501201002,6,0,33,1,0
08:10:00,501201003,7,1,16,1,0
08:10:00,501201004,4,1,11,1,0
08:10:00,501201005,3,0,16,1,0
08:10:00,501201006,16,2,12,1,0
08:10:00,501201007,17,1,2,1,0
08:10:00,501201008,6,2,19,1,0
08:10:00,501201010,0,0,10,1,0
08:10:00,501201011,5,0,17,1,0
08:10:00,501201012,1,0,37,1,0
08:10:00,501201013,11,1,10,1,0
08:10:00,501201014,9,0,10,1,0
08:10:00,501201015,12,0,13,1,0
08:10:00,501201016,6,0,18,1,0
08:10:00,501201017,20,0,6,1,0
08:10:00,501201018,5,0,18,1,0
08:10:00,501201019,9,0,19,1,0
08:10:00,501201020,2,0,22,1,0
08:10:00,501201021,12,0,2,1,0
08:10:00,501201022,6,1,10,1,0
08:10:00,501201023,3,0,25,1,0
08:10:00,501201024,24,3,0,1,0
08:10:00,501201025,8,1,16,1,0
08:10:00,501201026,4,0,15,1,0
08:10:00,501201028,3,0,17,1,0
08:10:00,501201029,2,0,11,1,0
08:10:00,501201030,0,0,15,1,0
08:10:00,501201031,1,0,16,1,0
08:10:00,501202001,4,0,10,1,0
08:10:00,501202003,11,1,29,1,0
08:10:00,501202013,11,1,5,1,0
08:10:00,501202023,3,1,12,1,0
08:10:00,501202024,9,3,6,1,0
08:10:00,501202034,7,1,9,1,0
08:10:00,501202035,0,0,30,1,0
08:10:00,501202036,37,0,1,1,0
08:10:00,501202040,28,0,17,1,0
08:10:00,501202043,11,2,14,1,0
08:10:00,501202044,0,0,0,2,0
08:10:00,501202047,21,0,1,1,0
08:10:00,501202050,3,2,12,1,0
08:10:00,501202055,4,0,11,1,0
08:10:00,501202058,6,2,9,1,0
08:10:00,501202065,5,1,10,1,0
08:10:00,501202068,0,0,18,1,0
08:10:00,501202070,6,0,10,1,0
08:10:00,501202078,6,0,19,1,0
08:10:00,501202080,1,0,25,1,0
08:10:00,501202081,9,1,14,1,0
08:10:00,501202082,1,0,22,1,0
08:10:00,501202083,1,0,23,1,0
08:10:00,501202084,5,0,19,1,0
08:10:00,501202085,6,0,29,1,0
08:10:00,501202088,4,2,26,1,0
08:10:00,501202089,8,0,20,1,0
08:10:00,501202096,10,1,5,1,0
08:10:00,501203001,12,0,8,1,0
08:10:00,501203002,13,0,8,1,0
08:10:00,501203003,11,2,83,1,0
08:10:00,501203005,7,0,13,1,0
08:10:00,501203006,2,0,13,1,0
08:10:00,501203007,7,0,8,1,0
08:10:00,501203008,11,0,5,1,0
08:10:00,501203010,19,0,14,1,0
08:10:00,501203011,14,0,24,1,0
08:10:00,501203012,3,0,14,1,0
08:10:00,501203013,8,1,16,1,0
08:10:00,501203015,6,0,6,1,0
08:10:00,501203020,12,1,8,1,0
08:10:00,501203022,6,1,13,1,0
08:10:00,501203023,4,0,14,1,0
08:10:00,501203028,13,0,12,1,0
08:10:00,501203040,6,1,18,1,0
08:10:00,501203045,2,1,16,1,0
08:10:00,501203050,39,0,21,1,0
08:10:00,501203051,11,0,12,1,0
08:10:00,501203053,21,3,5,1,0
08:10:00,501203054,5,1,17,1,0
08:10:00,501203064,1,0,15,1,0
08:10:00,501203065,1,0,15,1,0
08:10:00,501203070,8,0,7,1,0
08:10:00,501203073,6,0,18,1,0
08:10:00,501203076,4,0,11,1,0
08:10:00,501203078,0,0,16,1,0
08:10:00,501203080,6,0,8,1,0
08:10:00,501203084,2,0,9,1,0
08:10:00,501203085,2,0,8,1,0
08:10:00,501203088,9,0,5,1,0
08:10:00,501203089,3,0,9,1,0
08:10:00,501203090,2,0,8,1,0
08:10:00,501203091,5,0,8,1,0
08:10:00,501203092,20,0,0,1,0
08:10:00,501203100,2,0,17,1,0
08:10:00,501203101,0,0,0,2,0
08:10:00,501203102,8,4,11,1,0
08:10:00,501203104,2,0,16,1,0
08:10:00,501203105,2,0,9,1,0
08:10:00,501203107,0,0,0,2,0
08:10:00,501203109,10,0,16,1,0
08:10:00,501203110,15,1,25,1,0
08:10:00,501203111,6,0,5,1,0
08:10:00,501203113,15,0,4,1,0
08:10:00,501203114,27,7,23,1,0
08:10:00,501203117,0,0,0,2,0
08:10:00,501203118,2,1,18,1,0
08:10:00,501203121,0,0,24,1,0
08:10:00,501203122,6,0,14,1,0
08:10:00,501203125,3,0,22,1,0
08:10:00,501203131,13,1,7,1,0
08:10:00,501203140,7,1,35,1,0
08:10:00,501203141,2,0,13,1,0
08:10:00,501203142,22,0,14,1,0
08:10:00,501203145,9,0,6,1,0
08:10:00,501203151,1,0,17,1,0
08:10:00,501203155,9,3,10,1,0
08:10:00,501203157,2,0,15,1,0
08:10:00,501203159,6,1,14,1,0
08:10:00,501203161,6,1,13,1,0
08:10:00,501203162,12,0,9,1,0
08:10:00,501203163,7,0,9,1,0
08:10:00,501204001,5,2,20,1,0
08:10:00,501204002,21,2,15,1,0
08:10:00,501204003,14,0,30,1,0
08:10:00,501204004,2,0,12,1,0
08:10:00,501204005,2,0,18,1,0
08:10:00,501204007,5,0,31,1,0
08:10:00,501204008,7,1,8,1,0
08:10:00,501204009,0,0,0,2,0
08:10:00,501204010,0,0,0,2,0
08:10:00,501204011,8,0,7,1,0
08:10:00,501204012,6,0,8,1,0
08:10:00,501204013,0,0,13,1,0
08:10:00,501204014,8,0,8,1,0
08:10:00,501204015,9,0,6,1,0
08:10:00,501204016,7,0,13,1,0
08:10:00,501204017,5,0,10,1,0
08:10:00,501204018,5,1,19,1,0
08:10:00,501204020,7,1,13,1,0
08:10:00,501204021,2,0,18,1,0
08:10:00,501204022,7,0,9,1,0
08:10:00,501204023,2,0,13,1,0
08:10:00,501204024,0,0,0,2,0
08:10:00,501204025,13,0,7,1,0
08:10:00,501205001,6,0,11,1,0
08:10:00,501205003,0,0,19,1,0
08:10:00,501205004,0,0,16,1,0
08:10:00,501205005,2,0,20,1,0
08:10:00,501205006,5,0,15,1,0
08:10:00,501205007,4,0,8,1,0
08:10:00,501205008,2,1,24,1,0
08:10:00,501205009,10,0,35,1,0
08:10:00,501205010,0,0,13,1,0
08:10:00,501205011,7,0,25,1,0
08:10:00,501205012,4,0,16,1,0
08:10:00,501205013,7,0,14,1,0
08:10:00,501205014,1,1,22,1,0
08:10:00,501205015,2,1,16,1,0
08:10:00,501205018,1,0,17,1,0
08:10:00,501205019,22,5,6,1,0
08:10:00,501205020,28,3,2,1,0
08:10:00,501205021,12,1,3,1,0
08:10:00,501205022,5,0,10,1,0
08:10:00,501205023,9,0,6,1,0
08:10:00,501205025,0,0,28,1,0
08:10:00,501205026,2,0,17,1,0
08:10:00,501205027,6,0,4,1,0
08:10:00,501205028,4,0,10,1,0
08:10:00,501205029,3,1,7,1,0
08:10:00,501205030,3,0,7,1,0
08:10:00,501205033,11,3,4,1,0
08:10:00,501205034,28,2,0,1,0
08:10:00,501205035,3,1,13,1,0
08:10:00,501205036,1,0,14,1,0
08:10:00,501205037,2,1,13,1,0
08:10:00,501205038,5,1,15,1,0
08:10:00,501205039,3,3,16,1,0
08:10:00,501205040,12,0,13,1,0
08:10:00,501205041,5,0,12,1,0
08:10:00,501205042,6,0,23,1,0
08:10:00,501208011,19,1,18,1,0
08:10:00,501208013,1,1,51,1,0
08:10:00,501208014,0,0,37,1,0
08:10:00,501208015,0,0,15,1,0
08:10:00,501208018,6,0,9,1,0
08:10:00,501208021,2,0,15,1,0
08:10:00,501208027,0,0,30,1,0
08:10:00,501208029,6,0,15,1,0
08:10:00,501208030,12,0,26,1,0
08:10:00,501208032,11,1,17,1,0
08:10:00,501208040,4,0,15,1,0
08:10:00,501208041,8,1,7,1,0
08:10:00,501208045,9,0,23,1,0
08:10:00,501208051,22,0,14,1,0
08:10:00,501208053,9,0,12,1,0
08:10:00,501208054,2,0,26,1,0
08:10:00,501208059,6,1,23,1,0
08:10:00,501208064,6,1,14,1,0
08:10:00,501208077,8,0,2,1,0
08:10:00,501208079,16,0,6,1,0
08:10:00,501208082,5,0,5,1,0
08:10:00,501208085,3,0,12,1,0
08:10:00,501208087,7,0,24,1,0
08:10:00,501208089,5,0,20,1,0
08:10:00,501208091,21,3,22,1,0
08:10:00,501208111,5,0,9,1,0
08:10:00,501208113,4,1,16,1,0
08:10:00,501208114,5,3,15,1,0
08:10:00,501208129,1,0,21,1,0
08:10:00,501208130,4,0,8,1,0
08:10:00,501209002,2,0,18,1,0
08:10:00,501209003,5,0,9,1,0
08:10:00,501209004,3,1,12,1,0
08:10:00,501209005,15,0,3,1,0
08:10:00,501209006,12,1,6,1,0
08:10:00,501209007,1,0,14,1,0
08:10:00,501209009,0,0,0,2,0
08:10:00,501209010,6,1,7,1,0
08:10:00,501209011,1,0,24,1,0
08:10:00,501209014,4,0,8,1,0
08:10:00,501209015,13,1,2,1,0
08:10:00,501209016,14,1,15,1,0
08:10:00,501209017,1,1,11,1,0
08:10:00,501209018,15,2,0,1,0
08:10:00,501209019,20,4,3,1,0
08:10:00,501209020,30,13,2,1,0
08:10:00,501209021,2,0,12,1,0
08:10:00,501209022,3,0,7,1,0
08:10:00,501209023,28,0,15,1,0
08:10:00,501209024,11,2,31,1,0
08:10:00,501209025,3,0,12,1,0
08:10:00,501209026,23,0,3,1,0
08:10:00,501209027,13,3,5,1,0
08:10:00,501209028,8,0,20,1,0
08:10:00,501209030,1,0,17,1,0
08:10:00,501209031,1,0,29,1,0
08:10:00,501209032,1,0,27,1,0
08:10:00,501209033,2,0,18,1,0
08:10:00,501209034,10,1,5,1,0
08:10:00,501209035,13,0,15,1,0
08:10:00,501209036,5,0,26,1,0
08:10:00,501209037,9,0,26,1,0
08:10:00,501209038,1,0,15,1,0
08:10:00,501209039,8,0,22,1,0
08:10:00,501209040,5,1,26,1,0
08:10:00,501209042,3,1,16,1,0
08:10:00,501209043,1,0,24,1,0
08:10:00,501209044,6,0,9,1,0
08:10:00,501209045,6,1,9,1,0
08:10:00,501209046,1,1,21,1,0
08:10:00,501209047,3,0,11,1,0
08:10:00,501209049,9,0,11,1,0
08:10:00,501209050,5,0,8,1,0
08:10:00,501209051,8,3,16,1,0
08:10:00,501209052,8,4,14,1,0
08:10:00,501209053,1,1,19,1,0
08:10:00,501209054,4,0,23,1,0
08:10:00,501209056,5,0,10,1,0
08:10:00,501209058,11,0,5,1,0
08:10:00,501209059,0,0,15,1,0
08:10:00,501209060,20,1,0,1,0
08:10:00,501209062,6,1,9,1,0
08:10:00,501209064,3,0,12,1,0
08:10:00,501209065,7,0,8,1,0
08:10:00,501209066,1,0,13,1,0
08:10:00,501209067,0,0,15,1,0
08:10:00,501209068,4,0,13,1,0
08:10:00,501209069,16,1,47,1,0
08:10:00,501209070,12,0,5,1,0
08:10:00,501209071,8,4,9,1,0
08:10:00,501209073,7,1,8,1,0
08:10:00,501209074,7,0,16,1,0
08:10:00,501209075,11,2,5,1,0
08:10:00,501209076,22,4,1,1,0
08:10:00,501209077,5,1,10,1,0
08:10:00,501209078,7,3,6,1,0
08:10:00,501209079,3,0,21,1,0
08:10:00,501209080,0,0,26,1,0
08:10:00,501209081,6,0,9,1,0
08:10:00,501209084,5,0,18,1,0
08:10:00,501209085,6,0,20,1,0
08:10:00,501209087,36,4,3,1,0
08:10:00,501209088,5,0,10,1,0
08:10:00,501209089,4,0,15,1,0
08:10:00,501209090,4,0,10,1,0
08:10:00,501209091,4,0,12,1,0
08:10:00,501209092,4,0,12,1,0
08:10:00,501209093,2,0,13,1,0
08:10:00,501209094,0,0,16,1,0
08:10:00,501209095,11,0,3,1,0
08:10:00,501209096,7,1,8,1,0
08:10:00,501209097,0,0,15,1,0
08:10:00,501209098,7,0,8,1,0
08:10:00,501209099,0,0,19,1,0
08:10:00,501209100,12,3,3,1,0
08:10:00,501209101,6,0,9,1,0
08:10:00,501209102,5,0,15,1,0
08:10:00,501209104,14,2,3,1,0
08:10:00,501209105,3,1,23,1,0
08:10:00,501209106,12,0,8,1,0
08:10:00,501211001,21,3,16,1,0
08:10:00,501211002,7,1,8,1,0
08:10:00,501211004,10,2,5,1,0
08:10:00,501211005,5,1,14,1,0
08:10:00,501211006,13,2,3,1,0
08:10:00,501211007,14,1,5,1,0
08:10:00,501211009,5,0,13,1,0
08:10:00,501211011,19,5,11,1,0
08:10:00,501211012,6,1,12,1,0
08:20:00,501201001,0,0,0,2,0
08:20:00,501201002,6,0,33,1,0
08:20:00,501201003,7,1,16,1,0
08:20:00,501201004,8,2,7,1,0
08:20:00,501201005,1,0,18,1,0
08:20:00,501201006,17,2,11,1,0
08:20:00,501201007,19,3,0,1,0
08:20:00,501201008,6,1,19,1,0
08:20:00,501201010,0,0,10,1,0
08:20:00,501201011,4,0,18,1,0
08:20:00,501201012,3,1,35,1,0
08:20:00,501201013,13,3,8,1,0
08:20:00,501201014,9,0,10,1,0
08:20:00,501201015,9,0,16,1,0
08:20:00,501201016,1,0,23,1,0
08:20:00,501201017,15,0,11,1,0
08:20:00,501201018,4,0,19,1,0
08:20:00,501201019,13,0,15,1,0
08:20:00,501201020,2,0,22,1,0
08:20:00,501201021,11,0,3,1,0
08:20:00,501201022,4,0,12,1,0
08:20:00,501201023,3,0,25,1,0
08:20:00,501201024,23,2,1,1,0
08:20:00,501201025,8,0,16,1,0
08:20:00,501201026,3,0,16,1,0
08:20:00,501201028,2,0,18,1,0
08:20:00,501201029,3,0,10,1,0
08:20:00,501201030,2,0,13,1,0
08:20:00,501201031,2,0,15,1,0
08:20:00,501202001,6,0,8,1,0
08:20:00,501202003,10,0,30,1,0
08:20:00,501202013,11,1,5,1,0
08:20:00,501202023,3,1,12,1,0
08:20:00,501202024,10,3,5,1,0
08:20:00,501202034,6,1,10,1,0
08:20:00,501202035,1,0,29,1,0
08:20:00,501202036,26,0,12,1,0
08:20:00,501202040,34,1,11,1,0
08:20:00,501202043,11,1,14,1,0
08:20:00,501202044,0,0,0,2,0
08:20:00,501202047,21,0,1,1,0
08:20:00,501202050,7,2,8,1,0
08:20:00,501202055,5,0,10,1,0
08:20:00,501202058,6,2,9,1,0
08:20:00,501202065,4,0,11,1,0
08:20:00,501202068,0,0,18,1,0
08:20:00,501202070,5,0,11,1,0
08:20:00,501202078,5,0,20,1,0
08:20:00,501202080,1,0,25,1,0
08:20:00,501202081,5,0,18,1,0
08:20:00,501202082,3,1,20,1,0
08:20:00,501202083,2,0,22,1,0
08:20:00,501202084,6,0,18,1,0
08:20:00,501202085,7,1,28,1,0
08:20:00,501202088,5,2,25,1,0
08:20:00,501202089,10,0,18,1,0
08:20:00,501202096,10,1,5,1,0
08:20:00,501203001,10,0,10,1,0
08:20:00,501203002,16,1,5,1,0
08:20:00,501203003,5,1,89,1,0
08:20:00,501203005,8,0,12,1,0
08:20:00,501203006,2,0,13,1,0
08:20:00,501203007,7,0,8,1,0
08:20:00,501203008,11,0,5,1,0
08:20:00,501203010,19,0,14,1,0
08:20:00,501203011,14,0,24,1,0
08:20:00,501203012,2,0,15,1,0
08:20:00,501203013,7,1,17,1,0
08:20:00,501203015,6,0,6,1,0
08:20:00,501203020,15,2,5,1,0
08:20:00,501203022,4,1,15,1,0
08:20:00,501203023,5,1,13,1,0
08:20:00,501203028,12,0,13,1,0
08:20:00,501203040,5,1,19,1,0
08:20:00,501203045,1,0,17,1,0
08:20:00,501203050,31,0,29,1,0
08:20:00,501203051,11,0,12,1,0
08:20:00,501203053,23,4,3,1,0
08:20:00,501203054,3,1,19,1,0
08:20:00,501203064,1,0,15,1,0
08:20:00,501203065,1,0,15,1,0
08:20:00,501203070,8,0,7,1,0
08:20:00,501203073,6,0,18,1,0
08:20:00,501203076,4,0,11,1,0
08:20:00,501203078,0,0,16,1,0
08:20:00,501203080,5,0,9,1,0
08:20:00,501203084,2,0,9,1,0
08:20:00,501203085,2,0,8,1,0
08:20:00,501203088,10,0,4,1,0
08:20:00,501203089,3,0,9,1,0
08:20:00,501203090,2,0,8,1,0
08:20:00,501203091,5,0,8,1,0
08:20:00,501203092,20,0,0,1,0
08:20:00,501203100,3,0,16,1,0
08:20:00,501203101,0,0,0,2,0
08:20:00,501203102,10,4,9,1,0
08:20:00,501203104,2,0,16,1,0
08:20:00,501203105,2,0,9,1,0
08:20:00,501203107,0,0,0,2,0
08:20:00,501203109,12,0,14,1,0
08:20:00,501203110,15,1,25,1,0
08:20:00,501203111,7,0,4,1,0
08:20:00,501203113,14,0,5,1,0
08:20:00,501203114,25,7,25,1,0
08:20:00,501203117,0,0,0,2,0
08:20:00,501203118,2,1,18,1,0
08:20:00,501203121,4,0,20,1,0
08:20:00,501203122,6,0,14,1,0
08:20:00,501203125,3,0,22,1,0
08:20:00,501203131,13,1,7,1,0
08:20:00,501203140,5,0,37,1,0
08:20:00,501203141,2,0,13,1,0
08:20:00,501203142,13,0,23,1,0
08:20:00,501203145,10,0,5,1,0
08:20:00,501203151,2,0,16,1,0
08:20:00,501203155,8,2,11,1,0
08:20:00,501203157,2,0,15,1,0
08:20:00,501203159,6,1,14,1,0
08:20:00,501203161,7,1,12,1,0
08:20:00,501203162,13,1,8,1,0
08:20:00,501203163,7,0,9,1,0
08:20:00,501204001,4,2,21,1,0
08:20:00,501204002,16,0,20,1,0
08:20:00,501204003,13,0,31,1,0
08:20:00,501204004,2,0,12,1,0
08:20:00,501204005,2,0,18,1,0
08:20:00,501204007,5,0,31,1,0
08:20:00,501204008,8,2,7,1,0
08:20:00,501204009,0,0,0,2,0
08:20:00,501204010,0,0,0,2,0
08:20:00,501204011,7,0,8,1,0
08:20:00,501204012,4,0,10,1,0
08:20:00,501204013,0,0,13,1,0
08:20:00,501204014,8,0,8,1,0
08:20:00,501204015,9,0,6,1,0
08:20:00,501204016,8,0,12,1,0
08:20:00,501204017,5,0,10,1,0
08:20:00,501204018,5,1,19,1,0
08:20:00,501204020,9,1,11,1,0
08:20:00,501204021,2,0,18,1,0
08:20:00,501204022,7,0,9,1,0
08:20:00,501204023,3,0,12,1,0
08:20:00,501204024,0,0,0,2,0
08:20:00,501204025,13,0,7,1,0
08:20:00,501205001,7,0,10,1,0
08:20:00,501205003,0,0,19,1,0
08:20:00,501205004,3,2,13,1,0
08:20:00,501205005,1,0,21,1,0
08:20:00,501205006,7,0,13,1,0
08:20:00,501205007,4,0,8,1,0
08:20:00,501205008,2,1,24,1,0
08:20:00,501205009,4,0,41,1,0
08:20:00,501205010,2,0,11,1,0
08:20:00,501205011,11,0,21,1,0
08:20:00,501205012,5,0,15,1,0
08:20:00,501205013,7,0,14,1,0
08:20:00,501205014,1,1,22,1,0
08:20:00,501205015,2,1,16,1,0
08:20:00,501205018,2,0,16,1,0
08:20:00,501205019,24,5,4,1,0
08:20:00,501205020,25,3,5,1,0
08:20:00,501205021,12,1,3,1,0
08:20:00,501205022,4,0,11,1,0
08:20:00,501205023,8,0,7,1,0
08:20:00,501205025,1,0,27,1,0
08:20:00,501205026,4,0,15,1,0
08:20:00,501205027,6,0,4,1,0
08:20:00,501205028,4,0,10,1,0
08:20:00,501205029,4,1,6,1,0
08:20:00,501205030,3,0,7,1,0
08:20:00,501205033,11,3,4,1,0
08:20:00,501205034,26,2,2,1,0
08:20:00,501205035,4,1,12,1,0
08:20:00,501205036,1,0,14,1,0
08:20:00,501205037,3,1,12,1,0
08:20:00,501205038,4,0,16,1,0
08:20:00,501205039,3,3,16,1,0
08:20:00,501205040,11,0,14,1,0
08:20:00,501205041,6,0,11,1,0
08:20:00,501205042,5,0,24,1,0
08:20:00,501208011,18,2,19,1,0
08:20:00,501208013,1,1,51,1,0
08:20:00,501208014,1,0,36,1,0
08:20:00,501208015,0,0,15,1,0
08:20:00,501208018,4,0,11,1,0
08:20:00,501208021,1,0,16,1,0
08:20:00,501208027,0,0,30,1,0
08:20:00,501208029,5,0,16,1,0
08:20:00,501208030,0,0,38,1,0
08:20:00,501208032,11,1,17,1,0
08:20:00,501208040,4,0,15,1,0
08:20:00,501208041,8,1,7,1,0
08:20:00,501208045,9,0,23,1,0
08:20:00,501208051,10,1,26,1,0
08:20:00,501208053,9,0,12,1,0
08:20:00,501208054,2,0,26,1,0
08:20:00,501208059,6,1,23,1,0
08:20:00,501208064,5,0,15,1,0
08:20:00,501208077,8,0,2,1,0
08:20:00,501208079,14,0,8,1,0
08:20:00,501208082,1,0,9,1,0
08:20:00,501208085,3,0,12,1,0
08:20:00,501208087,6,0,25,1,0
08:20:00,501208089,5,0,20,1,0
08:20:00,501208091,22,3,21,1,0
08:20:00,501208111,5,0,9,1,0
08:20:00,501208113,4,1,16,1,0
08:20:00,501208114,5,3,15,1,0
08:20:00,501208129,2,0,20,1,0
08:20:00,501208130,4,0,8,1,0
08:20:00,501209002,1,0,19,1,0
08:20:00,501209003,4,0,10,1,0
08:20:00,501209004,3,1,12,1,0
08:20:00,501209005,13,0,5,1,0
08:20:00,501209006,12,1,6,1,0
08:20:00,501209007,0,0,15,1,0
08:20:00,501209009,0,0,0,2,0
08:20:00,501209010,6,1,7,1,0
08:20:00,501209011,0,0,25,1,0
08:20:00,501209014,3,0,9,1,0
08:20:00,501209015,13,1,2,1,0
08:20:00,501209016,12,0,17,1,0
08:20:00,501209017,2,1,10,1,0
08:20:00,501209018,7,1,8,1,0
08:20:00,501209019,21,3,2,1,0
08:20:00,501209020,32,13,0,1,0
08:20:00,501209021,1,0,13,1,0
08:20:00,501209022,2,0,8,1,0
08:20:00,501209023,29,1,14,1,0
08:20:00,501209024,10,1,32,1,0
08:20:00,501209025,3,0,12,1,0
08:20:00,501209026,22,0,4,1,0
08:20:00,501209027,13,3,5,1,0
08:20:00,501209028,8,0,20,1,0
08:20:00,501209030,2,1,16,1,0
08:20:00,501209031,1,0,29,1,0
08:20:00,501209032,1,0,27,1,0
08:20:00,501209033,2,0,18,1,0
08:20:00,501209034,10,1,5,1,0
08:20:00,501209035,15,0,13,1,0
08:20:00,501209036,7,1,24,1,0
08:20:00,501209037,9,0,26,1,0
08:20:00,501209038,1,0,15,1,0
08:20:00,501209039,9,1,21,1,0
08:20:00,501209040,5,1,26,1,0
08:20:00,501209042,2,1,17,1,0
08:20:00,501209043,2,0,23,1,0
08:20:00,501209044,5,0,10,1,0
08:20:00,501209045,5,0,10,1,0
08:20:00,501209046,1,1,21,1,0
08:20:00,501209047,2,0,12,1,0
08:20:00,501209049,8,0,12,1,0
08:20:00,501209050,5,0,8,1,0
08:20:00,501209051,10,3,14,1,0
08:20:00,501209052,9,4,13,1,0
08:20:00,501209053,1,1,19,1,0
08:20:00,501209054,2,0,25,1,0
08:20:00,501209056,4,0,11,1,0
08:20:00,501209058,12,0,4,1,0
08:20:00,501209059,0,0,15,1,0
08:20:00,501209060,19,1,1,1,0
08:20:00,501209062,5,1,10,1,0
08:20:00,501209064,2,0,13,1,0
08:20:00,501209065,7,0,8,1,0
08:20:00,501209066,1,0,13,1,0
08:20:00,501209067,1,1,14,1,0
08:20:00,501209068,5,0,12,1,0
08:20:00,501209069,22,3,41,1,0
08:20:00,501209070,13,0,4,1,0
08:20:00,501209071,8,4,9,1,0
08:20:00,501209073,7,1,8,1,0
08:20:00,501209074,7,0,16,1,0
08:20:00,501209075,11,2,5,1,0
08:20:00,501209076,18,4,5,1,0
08:20:00,501209077,5,1,10,1,0
08:20:00,501209078,7,3,6,1,0
08:20:00,501209079,0,0,24,1,0
08:20:00,501209080,0,0,26,1,0
08:20:00,501209081,6,0,9,1,0
08:20:00,501209084,5,0,18,1,0
08:20:00,501209085,5,0,21,1,0
08:20:00,501209087,36,4,3,1,0
08:20:00,501209088,5,0,10,1,0
08:20:00,501209089,5,1,14,1,0
08:20:00,501209090,4,0,10,1,0
08:20:00,501209091,4,0,12,1,0
08:20:00,501209092,4,0,12,1,0
08:20:00,501209093,2,0,13,1,0
08:20:00,501209094,0,0,16,1,0
08:20:00,501209095,10,0,4,1,0
08:20:00,501209096,7,1,8,1,0
08:20:00,501209097,0,0,15,1,0
08:20:00,501209098,7,0,8,1,0
08:20:00,501209099,0,0,19,1,0
08:20:00,501209100,12,3,3,1,0
08:20:00,501209101,6,0,9,1,0
08:20:00,501209102,5,0,15,1,0
08:20:00,501209104,14,2,3,1,0
08:20:00,501209105,3,1,23,1,0
08:20:00,501209106,14,0,6,1,0
08:20:00,501211001,22,3,15,1,0
08:20:00,501211002,7,1,8,1,0
08:20:00,501211004,10,2,5,1,0
08:20:00,501211005,5,1,14,1,0
08:20:00,501211006,13,2,3,1,0
08:20:00,501211007,14,1,5,1,0
08:20:00,501211009,5,0,13,1,0
08:20:00,501211011,19,5,11,1,0
08:20:00,501211012,6,1,12,1,0
08:30:00,501201001,0,0,0,2,0
08:30:00,501201002,4,0,35,1,0
08:30:00,501201003,5,0,18,1,0
08:30:00,501201004,13,1,2,1,0
08:30:00,501201005,1,0,18,1,0
08:30:00,501201006,19,1,9,1,0
08:30:00,501201007,18,3,1,1,0
08:30:00,501201008,6,1,19,1,0
08:30:00,501201010,0,0,10,1,0
08:30:00,501201011,3,0,19,1,0
08:30:00,501201012,2,0,36,1,0
08:30:00,501201013,13,2,8,1,0
08:30:00,501201014,9,0,10,1,0
08:30:00,501201015,6,0,19,1,0
08:30:00,501201016,0,0,24,1,0
08:30:00,501201017,12,0,14,1,0
08:30:00,501201018,7,1,16,1,0
08:30:00,501201019,15,1,13,1,0
08:30:00,501201020,2,0,22,1,0
08:30:00,501201021,9,0,5,1,0
08:30:00,501201022,4,0,12,1,0
08:30:00,501201023,3,0,25,1,0
08:30:00,501201024,23,3,1,1,0
08:30:00,501201025,10,1,14,1,0
08:30:00,501201026,3,0,16,1,0
08:30:00,501201028,4,1,16,1,0
08:30:00,501201029,4,0,9,1,0
08:30:00,501201030,6,1,9,1,0
08:30:00,501201031,5,0,12,1,0
08:30:00,501202001,9,0,5,1,0
08:30:00,501202003,9,0,31,1,0
08:30:00,501202013,11,1,5,1,0
08:30:00,501202023,4,1,11,1,0
08:30:00,501202024,12,3,3,1,0
08:30:00,501202034,6,2,10,1,0
08:30:00,501202035,0,0,30,1,0
08:30:00,501202036,22,0,16,1,0
08:30:00,501202040,30,1,15,1,0
08:30:00,501202043,11,1,14,1,0
08:30:00,501202044,0,0,0,2,0
08:30:00,501202047,21,0,1,1,0
08:30:00,501202050,6,2,9,1,0
08:30:00,501202055,4,0,11,1,0
08:30:00,501202058,6,2,9,1,0
08:30:00,501202065,5,0,10,1,0
08:30:00,501202068,1,1,17,1,0
08:30:00,501202070,6,0,10,1,0
08:30:00,501202078,6,0,19,1,0
08:30:00,501202080,2,0,24,1,0
08:30:00,501202081,4,0,19,1,0
08:30:00,501202082,2,1,21,1,0
08:30:00,501202083,1,0,23,1,0
08:30:00,501202084,5,0,19,1,0
08:30:00,501202085,6,1,29,1,0
08:30:00,501202088,6,2,24,1,0
08:30:00,501202089,10,0,18,1,0
08:30:00,501202096,11,1,4,1,0
08:30:00,501203001,10,0,10,1,0
08:30:00,501203002,20,1,1,1,0
08:30:00,501203003,5,1,89,1,0
08:30:00,501203005,8,0,12,1,0
08:30:00,501203006,2,0,13,1,0
08:30:00,501203007,7,0,8,1,0
08:30:00,501203008,11,0,5,1,0
08:30:00,501203010,19,0,14,1,0
08:30:00,501203011,15,0,23,1,0
08:30:00,501203012,2,0,15,1,0
08:30:00,501203013,7,0,17,1,0
08:30:00,501203015,4,0,8,1,0
08:30:00,501203020,11,0,9,1,0
08:30:00,501203022,5,1,14,1,0
08:30:00,501203023,7,1,11,1,0
08:30:00,501203028,12,0,13,1,0
08:30:00,501203040,4,1,20,1,0
08:30:00,501203045,2,0,16,1,0
08:30:00,501203050,23,0,37,1,0
08:30:00,501203051,9,0,14,1,0
08:30:00,501203053,23,4,3,1,0
08:30:00,501203054,3,1,19,1,0
08:30:00,501203064,2,0,14,1,0
08:30:00,501203065,1,0,15,1,0
08:30:00,501203070,8,0,7,1,0
08:30:00,501203073,6,0,18,1,0
08:30:00,501203076,4,0,11,1,0
08:30:00,501203078,0,0,16,1,0
08:30:00,501203080,6,0,8,1,0
08:30:00,501203084,2,0,9,1,0
08:30:00,501203085,1,0,9,1,0
08:30:00,501203088,10,0,4,1,0
08:30:00,501203089,3,0,9,1,0
08:30:00,501203090,2,0,8,1,0
08:30:00,501203091,5,0,8,1,0
08:30:00,501203092,14,0,6,1,0
08:30:00,501203100,1,0,18,1,0
08:30:00,501203101,0,0,0,2,0
08:30:00,501203102,10,4,9,1,0
08:30:00,501203104,1,0,17,1,0
08:30:00,501203105,2,0,9,1,0
08:30:00,501203107,0,0,0,2,0
08:30:00,501203109,17,2,9,1,0
08:30:00,501203110,16,2,24,1,0
08:30:00,501203111,7,0,4,1,0
08:30:00,501203113,14,0,5,1,0
08:30:00,501203114,14,6,36,1,0
08:30:00,501203117,0,0,0,2,0
08:30:00,501203118,2,1,18,1,0
08:30:00,501203121,4,0,20,1,0
08:30:00,501203122,6,0,14,1,0
08:30:00,501203125,2,0,23,1,0
08:30:00,501203131,12,0,8,1,0
08:30:00,501203140,2,0,40,1,0
08:30:00,501203141,2,0,13,1,0
08:30:00,501203142,13,0,23,1,0
08:30:00,501203145,12,1,3,1,0
08:30:00,501203151,2,0,16,1,0
08:30:00,501203155,8,2,11,1,0
08:30:00,501203157,3,0,14,1,0
08:30:00,501203159,6,1,14,1,0
08:30:00,501203161,7,1,12,1,0
08:30:00,501203162,12,0,9,1,0
08:30:00,501203163,7,0,9,1,0
08:30:00,501204001,3,1,22,1,0
08:30:00,501204002,16,1,20,1,0
08:30:00,501204003,12,0,32,1,0
08:30:00,501204004,2,0,12,1,0
08:30:00,501204005,2,0,18,1,0
08:30:00,501204007,5,0,31,1,0
08:30:00,501204008,7,1,8,1,0
08:30:00,501204009,0,0,0,2,0
08:30:00,501204010,0,0,0,2,0
08:30:00,501204011,7,0,8,1,0
08:30:00,501204012,4,0,10,1,0
08:30:00,501204013,0,0,13,1,0
08:30:00,501204014,8,0,8,1,0
08:30:00,501204015,9,0,6,1,0
08:30:00,501204016,8,0,12,1,0
08:30:00,501204017,5,0,10,1,0
08:30:00,501204018,5,1,19,1,0
08:30:00,501204020,11,3,9,1,0
08:30:00,501204021,2,0,18,1,0
08:30:00,501204022,8,0,8,1,0
08:30:00,501204023,3,0,12,1,0
08:30:00,501204024,0,0,0,2,0
08:30:00,501204025,13,0,7,1,0
08:30:00,501205001,6,0,11,1,0
08:30:00,501205003,0,0,19,1,0
08:30:00,501205004,3,1,13,1,0
08:30:00,501205005,0,0,22,1,0
08:30:00,501205006,7,0,13,1,0
08:30:00,501205007,1,0,11,1,0
08:30:00,501205008,2,1,24,1,0
08:30:00,501205009,1,0,44,1,0
08:30:00,501205010,1,0,12,1,0
08:30:00,501205011,12,0,20,1,0
08:30:00,501205012,10,0,10,1,0
08:30:00,501205013,8,0,13,1,0
08:30:00,501205014,2,2,21,1,0
08:30:00,501205015,1,1,17,1,0
08:30:00,501205018,2,0,16,1,0
08:30:00,501205019,28,7,0,1,0
08:30:00,501205020,20,2,10,1,0
08:30:00,501205021,12,1,3,1,0
08:30:00,501205022,4,0,11,1,0
08:30:00,501205023,6,0,9,1,0
08:30:00,501205025,0,0,28,1,0
08:30:00,501205026,2,0,17,1,0
08:30:00,501205027,6,0,4,1,0
08:30:00,501205028,6,2,8,1,0
08:30:00,501205029,4,1,6,1,0
08:30:00,501205030,3,0,7,1,0
08:30:00,501205033,11,3,4,1,0
08:30:00,501205034,24,2,4,1,0
08:30:00,501205035,4,1,12,1,0
08:30:00,501205036,3,0,12,1,0
08:30:00,501205037,6,1,9,1,0
08:30:00,501205038,3,0,17,1,0
08:30:00,501205039,5,3,14,1,0
08:30:00,501205040,11,0,14,1,0
08:30:00,501205041,5,0,12,1,0
08:30:00,501205042,4,0,25,1,0
08:30:00,501208011,14,0,23,1,0
08:30:00,501208013,2,1,50,1,0
08:30:00,501208014,0,0,37,1,0
08:30:00,501208015,0,0,15,1,0
08:30:00,501208018,2,0,13,1,0
08:30:00,501208021,1,0,16,1,0
08:30:00,501208027,0,0,30,1,0
08:30:00,501208029,5,0,16,1,0
08:30:00,501208030,0,0,38,1,0
08:30:00,501208032,10,0,18,1,0
08:30:00,501208040,5,1,14,1,0
08:30:00,501208041,11,1,4,1,0
08:30:00,501208045,9,0,23,1,0
08:30:00,501208051,5,2,31,1,0
08:30:00,501208053,11,1,10,1,0
08:30:00,501208054,2,0,26,1,0
08:30:00,501208059,6,1,23,1,0
08:30:00,501208064,5,0,15,1,0
08:30:00,501208077,7,0,3,1,0
08:30:00,501208079,12,0,10,1,0
08:30:00,501208082,1,0,9,1,0
08:30:00,501208085,2,0,13,1,0
08:30:00,501208087,3,0,28,1,0
08:30:00,501208089,1,0,24,1,0
08:30:00,501208091,29,4,14,1,0
08:30:00,501208111,5,0,9,1,0
08:30:00,501208113,4,1,16,1,0
08:30:00,501208114,5,3,15,1,0
08:30:00,501208129,2,0,20,1,0
08:30:00,501208130,3,0,9,1,0
08:30:00,501209002,1,0,19,1,0
08:30:00,501209003,4,0,10,1,0
08:30:00,501209004,3,0,12,1,0
08:30:00,501209005,13,0,5,1,0
08:30:00,501209006,14,2,4,1,0
08:30:00,501209007,0,0,15,1,0
08:30:00,501209009,0,0,0,2,0
08:30:00,501209010,6,1,7,1,0
08:30:00,501209011,0,0,25,1,0
08:30:00,501209014,3,0,9,1,0
08:30:00,501209015,13,1,2,1,0
08:30:00,501209016,12,0,17,1,0
08:30:00,501209017,3,2,9,1,0
08:30:00,501209018,7,2,8,1,0
08:30:00,501209019,19,3,4,1,0
08:30:00,501209020,26,13,6,1,0
08:30:00,501209021,0,0,14,1,0
08:30:00,501209022,2,0,8,1,0
08:30:00,501209023,22,0,21,1,0
08:30:00,501209024,7,1,35,1,0
08:30:00,501209025,3,0,12,1,0
08:30:00,501209026,18,0,8,1,0
08:30:00,501209027,12,2,6,1,0
08:30:00,501209028,8,0,20,1,0
08:30:00,501209030,2,1,16,1,0
08:30:00,501209031,2,0,28,1,0
08:30:00,501209032,1,0,27,1,0
08:30:00,501209033,3,0,17,1,0
08:30:00,501209034,10,0,5,1,0
08:30:00,501209035,15,0,13,1,0
08:30:00,501209036,12,1,19,1,0
08:30:00,501209037,8,0,27,1,0
08:30:00,501209038,2,0,14,1,0
08:30:00,501209039,9,1,21,1,0
08:30:00,501209040,5,1,26,1,0
08:30:00,501209042,4,2,15,1,0
08:30:00,501209043,2,0,23,1,0
08:30:00,501209044,4,0,11,1,0
08:30:00,501209045,5,0,10,1,0
08:30:00,501209046,1,1,21,1,0
08:30:00,501209047,2,0,12,1,0
08:30:00,501209049,8,0,12,1,0
08:30:00,501209050,5,0,8,1,0
08:30:00,501209051,13,3,11,1,0
08:30:00,501209052,12,4,10,1,0
08:30:00,501209053,1,1,19,1,0
08:30:00,501209054,2,0,25,1,0
08:30:00,501209056,4,0,11,1,0
08:30:00,501209058,11,0,5,1,0
08:30:00,501209059,0,0,15,1,0
08:30:00,501209060,17,1,3,1,0
08:30:00,501209062,5,1,10,1,0
08:30:00,501209064,2,0,13,1,0
08:30:00,501209065,6,0,9,1,0
08:30:00,501209066,4,0,10,1,0
08:30:00,501209067,1,1,14,1,0
08:30:00,501209068,6,0,11,1,0
08:30:00,501209069,27,4,36,1,0
08:30:00,501209070,13,0,4,1,0
08:30:00,501209071,8,4,9,1,0
08:30:00,501209073,6,1,9,1,0
08:30:00,501209074,7,0,16,1,0
08:30:00,501209075,10,1,6,1,0
08:30:00,501209076,19,5,4,1,0
08:30:00,501209077,7,2,8,1,0
08:30:00,501209078,7,3,6,1,0
08:30:00,501209079,0,0,24,1,0
08:30:00,501209080,0,0,26,1,0
08:30:00,501209081,6,0,9,1,0
08:30:00,501209084,4,0,19,1,0
08:30:00,501209085,7,0,19,1,0
08:30:00,501209087,35,3,4,1,0
08:30:00,501209088,5,0,10,1,0
08:30:00,501209089,5,1,14,1,0
08:30:00,501209090,4,0,10,1,0
08:30:00,501209091,4,0,12,1,0
08:30:00,501209092,4,0,12,1,0
08:30:00,501209093,2,0,13,1,0
08:30:00,501209094,0,0,16,1,0
08:30:00,501209095,11,1,3,1,0
08:30:00,501209096,7,1,8,1,0
08:30:00,501209097,0,0,15,1,0
08:30:00,501209098,7,0,8,1,0
08:30:00,501209099,0,0,19,1,0
08:30:00,501209100,12,3,3,1,0
08:30:00,501209101,6,0,9,1,0
08:30:00,501209102,5,0,15,1,0
08:30:00,501209104,15,2,2,1,0
08:30:00,501209105,3,1,23,1,0
08:30:00,501209106,14,0,6,1,0
08:30:00,501211001,24,5,13,1,0
08:30:00,501211002,7,1,8,1,0
08:30:00,501211004,10,2,5,1,0
08:30:00,501211005,5,1,14,1,0
08:30:00,501211006,11,1,5,1,0
08:30:00,501211007,14,1,5,1,0
08:30:00,501211009,5,0,13,1,0
08:30:00,501211011,21,5,9,1,0
08:30:00,501211012,4,0,14,1,0
08:40:00,501201001,0,0,0,2,0
08:40:00,501201002,4,0,35,1,0
08:40:00,501201003,5,0,18,1,0
08:40:00,501201004,14,2,1,1,0
08:40:00,501201005,1,0,18,1,0
08:40:00,501201006,21,1,7,1,0
08:40:00,501201007,17,3,2,1,0
08:40:00,501201008,6,1,19,1,0
08:40:00,501201010,0,0,10,1,0
08:40:00,501201011,2,0,20,1,0
08:40:00,501201012,3,0,35,1,0
08:40:00,501201013,12,0,9,1,0
08:40:00,501201014,9,0,10,1,0
08:40:00,501201015,1,0,24,1,0
08:40:00,501201016,0,0,24,1,0
08:40:00,501201017,12,0,14,1,0
08:40:00,501201018,5,0,18,1,0
08:40:00,501201019,17,3,11,1,0
08:40:00,501201020,2,0,22,1,0
08:40:00,501201021,11,0,3,1,0
08:40:00,501201022,0,0,16,1,0
08:40:00,501201023,2,0,26,1,0
08:40:00,501201024,22,3,2,1,0
08:40:00,501201025,11,0,13,1,0
08:40:00,501201026,3,0,16,1,0
08:40:00,501201028,4,0,16,1,0
08:40:00,501201029,4,0,9,1,0
08:40:00,501201030,10,1,5,1,0
08:40:00,501201031,8,1,9,1,0
08:40:00,501202001,11,0,3,1,0
08:40:00,501202003,9,0,31,1,0
08:40:00,501202013,11,1,5,1,0
08:40:00,501202023,3,1,12,1,0
08:40:00,501202024,7,4,8,1,0
08:40:00,501202034,6,1,10,1,0
08:40:00,501202035,2,0,28,1,0
08:40:00,501202036,16,0,22,1,0
08:40:00,501202040,23,0,22,1,0
08:40:00,501202043,12,1,13,1,0
08:40:00,501202044,0,0,0,2,0
08:40:00,501202047,21,0,1,1,0
08:40:00,501202050,7,2,8,1,0
08:40:00,501202055,3,0,12,1,0
08:40:00,501202058,7,2,8,1,0
08:40:00,501202065,6,0,9,1,0
08:40:00,501202068,0,0,18,1,0
08:40:00,501202070,6,0,10,1,0
08:40:00,501202078,5,0,20,1,0
08:40:00,501202080,2,0,24,1,0
08:40:00,501202081,3,0,20,1,0
08:40:00,501202082,2,0,21,1,0
08:40:00,501202083,2,0,22,1,0
08:40:00,501202084,4,0,20,1,0
08:40:00,501202085,5,1,30,1,0
08:40:00,501202088,8,2,22,1,0
08:40:00,501202089,10,0,18,1,0
08:40:00,501202096,13,1,2,1,0
08:40:00,501203001,10,0,10,1,0
08:40:00,501203002,20,1,1,1,0
08:40:00,501203003,3,1,91,1,0
08:40:00,501203005,8,0,12,1,0
08:40:00,501203006,1,0,14,1,0
08:40:00,501203007,7,0,8,1,0
08:40:00,501203008,11,0,5,1,0
08:40:00,501203010,18,0,15,1,0
08:40:00,501203011,15,0,23,1,0
08:40:00,501203012,1,0,16,1,0
08:40:00,501203013,4,0,20,1,0
08:40:00,501203015,3,0,9,1,0
08:40:00,501203020,11,0,9,1,0
08:40:00,501203022,5,1,14,1,0
08:40:00,501203023,4,0,14,1,0
08:40:00,501203028,12,0,13,1,0
08:40:00,501203040,4,1,20,1,0
08:40:00,501203045,2,0,16,1,0
08:40:00,501203050,19,2,41,1,0
08:40:00,501203051,11,1,12,1,0
08:40:00,501203053,20,2,6,1,0
08:40:00,501203054,2,0,20,1,0
08:40:00,501203064,2,0,14,1,0
08:40:00,501203065,2,0,14,1,0
08:40:00,501203070,9,0,6,1,0
08:40:00,501203073,6,0,18,1,0
08:40:00,501203076,3,0,12,1,0
08:40:00,501203078,0,0,16,1,0
08:40:00,501203080,5,0,9,1,0
08:40:00,501203084,1,0,10,1,0
08:40:00,501203085,1,0,9,1,0
08:40:00,501203088,9,0,5,1,0
08:40:00,501203089,3,0,9,1,0
08:40:00,501203090,2,0,8,1,0
08:40:00,501203091,5,0,8,1,0
08:40:00,501203092,14,0,6,1,0
08:40:00,501203100,1,0,18,1,0
08:40:00,501203101,0,0,0,2,0
08:40:00,501203102,12,4,7,1,0
08:40:00,501203104,3,0,15,1,0
08:40:00,501203105,3,0,8,1,0
08:40:00,501203107,0,0,0,2,0
08:40:00,501203109,16,1,10,1,0
08:40:00,501203110,7,1,33,1,0
08:40:00,501203111,7,0,4,1,0
08:40:00,501203113,14,0,5,1,0
08:40:00,501203114,16,5,34,1,0
08:40:00,501203117,0,0,0,2,0
08:40:00,501203118,2,1,18,1,0
08:40:00,501203121,2,1,22,1,0
08:40:00,501203122,6,0,14,1,0
08:40:00,501203125,0,0,25,1,0
08:40:00,501203131,12,0,8,1,0
08:40:00,501203140,2,0,40,1,0
08:40:00,501203141,2,0,13,1,0
08:40:00,501203142,7,0,29,1,0
08:40:00,501203145,12,1,3,1,0
08:40:00,501203151,2,0,16,1,0
08:40:00,501203155,10,1,9,1,0
08:40:00,501203157,4,0,13,1,0
08:40:00,501203159,6,1,14,1,0
08:40:00,501203161,7,1,12,1,0
08:40:00,501203162,10,0,11,1,0
08:40:00,501203163,6,0,10,1,0
08:40:00,501204001,3,0,22,1,0
08:40:00,501204002,15,0,21,1,0
08:40:00,501204003,9,0,35,1,0
08:40:00,501204004,2,0,12,1,0
08:40:00,501204005,1,0,19,1,0
08:40:00,501204007,6,1,30,1,0
08:40:00,501204008,7,1,8,1,0
08:40:00,501204009,0,0,0,2,0
08:40:00,501204010,0,0,0,2,0
08:40:00,501204011,6,0,9,1,0
08:40:00,501204012,2,0,12,1,0
08:40:00,501204013,0,0,13,1,0
08:40:00,501204014,8,0,8,1,0
08:40:00,501204015,7,0,8,1,0
08:40:00,501204016,7,0,13,1,0
08:40:00,501204017,4,0,11,1,0
08:40:00,501204018,3,1,21,1,0
08:40:00,501204020,12,3,8,1,0
08:40:00,501204021,2,0,18,1,0
08:40:00,501204022,8,0,8,1,0
08:40:00,501204023,0,0,15,1,0
08:40:00,501204024,0,0,0,2,0
08:40:00,501204025,13,0,7,1,0
08:40:00,501205001,6,0,11,1,0
08:40:00,501205003,1,0,18,1,0
08:40:00,501205004,3,1,13,1,0
08:40:00,501205005,1,1,21,1,0
08:40:00,501205006,5,0,15,1,0
08:40:00,501205007,1,0,11,1,0
08:40:00,501205008,2,1,24,1,0
08:40:00,501205009,1,0,44,1,0
08:40:00,501205010,4,1,9,1,0
08:40:00,501205011,12,0,20,1,0
08:40:00,501205012,11,0,9,1,0
08:40:00,501205013,7,0,14,1,0
08:40:00,501205014,2,2,21,1,0
08:40:00,501205015,2,1,16,1,0
08:40:00,501205018,4,0,14,1,0
08:40:00,501205019,28,7,0,1,0
08:40:00,501205020,22,4,8,1,0
08:40:00,501205021,12,1,3,1,0
08:40:00,501205022,3,0,12,1,0
08:40:00,501205023,6,0,9,1,0
08:40:00,501205025,0,0,28,1,0
08:40:00,501205026,2,0,17,1,0
08:40:00,501205027,6,0,4,1,0
08:40:00,501205028,5,0,9,1,0
08:40:00,501205029,6,1,4,1,0
08:40:00,501205030,3,0,7,1,0
08:40:00,501205033,12,3,3,1,0
08:40:00,501205034,25,3,3,1,0
08:40:00,501205035,3,1,13,1,0
08:40:00,501205036,5,0,10,1,0
08:40:00,501205037,6,1,9,1,0
08:40:00,501205038,2,0,18,1,0
08:40:00,501205039,6,3,13,1,0
08:40:00,501205040,10,0,15,1,0
08:40:00,501205041,4,0,13,1,0
08:40:00,501205042,4,0,25,1,0
08:40:00,501208011,13,0,24,1,0
08:40:00,501208013,10,1,42,1,0
08:40:00,501208014,2,0,35,1,0
08:40:00,501208015,1,0,14,1,0
08:40:00,501208018,5,0,10,1,0
08:40:00,501208021,2,0,15,1,0
08:40:00,501208027,1,0,29,1,0
08:40:00,501208029,9,0,12,1,0
08:40:00,501208030,1,1,37,1,0
08:40:00,501208032,11,0,17,1,0
08:40:00,501208040,6,2,13,1,0
08:40:00,501208041,11,1,4,1,0
08:40:00,501208045,9,0,23,1,0
08:40:00,501208051,6,2,30,1,0
08:40:00,501208053,11,1,10,1,0
08:40:00,501208054,2,0,26,1,0
08:40:00,501208059,6,1,23,1,0
08:40:00,501208064,6,0,14,1,0
08:40:00,501208077,7,0,3,1,0
08:40:00,501208079,9,0,13,1,0
08:40:00,501208082,1,0,9,1,0
08:40:00,501208085,3,1,12,1,0
08:40:00,501208087,2,0,29,1,0
08:40:00,501208089,1,0,24,1,0
08:40:00,501208091,22,4,21,1,0
08:40:00,501208111,3,0,11,1,0
08:40:00,501208113,4,1,16,1,0
08:40:00,501208114,5,3,15,1,0
08:40:00,501208129,3,0,19,1,0
08:40:00,501208130,4,0,8,1,0
08:40:00,501209002,1,0,19,1,0
08:40:00,501209003,5,0,9,1,0
08:40:00,501209004,4,1,10,1,0
08:40:00,501209005,12,0,6,1,0
08:40:00,501209006,15,2,3,1,0
08:40:00,501209007,1,0,14,1,0
08:40:00,501209009,0,0,0,2,0
08:40:00,501209010,6,1,7,1,0
08:40:00,501209011,0,0,25,1,0
08:40:00,501209014,3,0,9,1,0
08:40:00,501209015,13,1,2,1,0
08:40:00,501209016,12,0,17,1,0
08:40:00,501209017,3,2,9,1,0
08:40:00,501209018,7,2,8,1,0
08:40:00,501209019,20,3,3,1,0
08:40:00,501209020,26,13,6,1,0
08:40:00,501209021,0,0,14,1,0
08:40:00,501209022,2,0,8,1,0
08:40:00,501209023,16,0,27,1,0
08:40:00,501209024,3,1,39,1,0
08:40:00,501209025,3,0,12,1,0
08:40:00,501209026,8,1,18,1,0
08:40:00,501209027,12,2,6,1,0
08:40:00,501209028,7,0,21,1,0
08:40:00,501209030,2,1,16,1,0
08:40:00,501209031,3,1,27,1,0
08:40:00,501209032,1,0,27,1,0
08:40:00,501209033,2,0,18,1,0
08:40:00,501209034,9,0,6,1,0
08:40:00,501209035,15,0,13,1,0
08:40:00,501209036,15,1,16,1,0
08:40:00,501209037,8,0,27,1,0
08:40:00,501209038,2,0,14,1,0
08:40:00,501209039,11,1,19,1,0
08:40:00,501209040,6,1,25,1,0
08:40:00,501209042,1,1,18,1,0
08:40:00,501209043,1,0,24,1,0
08:40:00,501209044,4,0,11,1,0
08:40:00,501209045,5,0,10,1,0
08:40:00,501209046,1,1,21,1,0
08:40:00,501209047,3,0,11,1,0
08:40:00,501209049,8,0,12,1,0
08:40:00,501209050,5,0,8,1,0
08:40:00,501209051,16,4,8,1,0
08:40:00,501209052,14,4,8,1,0
08:40:00,501209053,1,1,19,1,0
08:40:00,501209054,3,0,24,1,0
08:40:00,501209056,4,0,11,1,0
08:40:00,501209058,11,0,5,1,0
08:40:00,501209059,0,0,15,1,0
08:40:00,501209060,17,1,3,1,0
08:40:00,501209062,5,1,10,1,0
08:40:00,501209064,2,0,13,1,0
08:40:00,501209065,6,0,9,1,0
08:40:00,501209066,4,0,10,1,0
08:40:00,501209067,1,1,14,1,0
08:40:00,501209068,6,0,11,1,0
08:40:00,501209069,39,2,24,1,0
08:40:00,501209070,15,1,2,1,0
08:40:00,501209071,10,4,7,1,0
08:40:00,501209073,6,1,9,1,0
08:40:00,501209074,7,0,16,1,0
08:40:00,501209075,10,1,6,1,0
08:40:00,501209076,19,5,4,1,0
08:40:00,501209077,6,1,9,1,0
08:40:00,501209078,6,2,7,1,0
08:40:00,501209079,0,0,24,1,0
08:40:00,501209080,0,0,26,1,0
08:40:00,501209081,6,0,9,1,0
08:40:00,501209084,3,0,20,1,0
08:40:00,501209085,7,0,19,1,0
08:40:00,501209087,35,3,4,1,0
08:40:00,501209088,5,0,10,1,0
08:40:00,501209089,5,1,14,1,0
08:40:00,501209090,4,0,10,1,0
08:40:00,501209091,5,0,11,1,0
08:40:00,501209092,4,0,12,1,0
08:40:00,501209093,2,0,13,1,0
08:40:00,501209094,0,0,16,1,0
08:40:00,501209095,11,1,3,1,0
08:40:00,501209096,7,1,8,1,0
08:40:00,501209097,0,0,15,1,0
08:40:00,501209098,7,0,8,1,0
08:40:00,501209099,0,0,19,1,0
08:40:00,501209100,12,3,3,1,0
08:40:00,501209101,6,0,9,1,0
08:40:00,501209102,5,0,15,1,0
08:40:00,501209104,15,2,2,1,0
08:40:00,501209105,3,1,23,1,0
08:40:00,501209106,14,0,6,1,0
08:40:00,501211001,24,5,13,1,0
08:40:00,501211002,7,1,8,1,0
08:40:00,501211004,10,2,5,1,0
08:40:00,501211005,5,1,14,1,0
08:40:00,501211006,11,1,5,1,0
08:40:00,501211007,14,1,5,1,0
08:40:00,501211009,5,0,13,1,0
08:40:00,501211011,21,5,9,1,0
08:40:00,501211012,4,0,14,1,0
08:50:00,501201001,0,0,0,2,0
08:50:00,501201002,5,0,34,1,0
08:50:00,501201003,6,0,17,1,0
08:50:00,501201004,15,2,0,1,0
08:50:00,501201005,1,0,18,1,0
08:50:00,501201006,22,1,6,1,0
08:50:00,501201007,17,3,2,1,0
08:50:00,501201008,6,1,19,1,0
08:50:00,501201010,0,0,10,1,0
08:50:00,501201011,4,0,18,1,0
08:50:00,501201012,3,0,35,1,0
08:50:00,501201013,12,0,9,1,0
08:50:00,501201014,9,0,10,1,0
08:50:00,501201015,1,0,24,1,0
08:50:00,501201016,0,0,24,1,0
08:50:00,501201017,12,0,14,1,0
08:50:00,501201018,4,0,19,1,0
08:50:00,501201019,18,3,10,1,0
08:50:00,501201020,1,0,23,1,0
08:50:00,501201021,9,0,5,1,0
08:50:00,501201022,1,1,15,1,0
08:50:00,501201023,2,0,26,1,0
08:50:00,501201024,23,4,1,1,0
08:50:00,501201025,11,0,13,1,0
08:50:00,501201026,2,0,17,1,0
08:50:00,501201028,2,0,18,1,0
08:50:00,501201029,5,0,8,1,0
08:50:00,501201030,11,1,4,1,0
08:50:00,501201031,8,1,9,1,0
08:50:00,501202001,12,0,2,1,0
08:50:00,501202003,8,0,32,1,0
08:50:00,501202013,11,1,5,1,0
08:50:00,501202023,3,1,12,1,0
08:50:00,501202024,8,4,7,1,0
08:50:00,501202034,4,1,12,1,0
08:50:00,501202035,0,0,30,1,0
08:50:00,501202036,9,0,29,1,0
08:50:00,501202040,29,3,16,1,0
08:50:00,501202043,10,0,15,1,0
08:50:00,501202044,0,0,0,2,0
08:50:00,501202047,21,0,1,1,0
08:50:00,501202050,9,3,6,1,0
08:50:00,501202055,4,1,11,1,0
08:50:00,501202058,8,2,7,1,0
08:50:00,501202065,6,0,9,1,0
08:50:00,501202068,3,0,15,1,0
08:50:00,501202070,7,0,9,1,0
08:50:00,501202078,5,0,20,1,0
08:50:00,501202080,2,0,24,1,0
08:50:00,501202081,2,0,21,1,0
08:50:00,501202082,3,0,20,1,0
08:50:00,501202083,4,0,20,1,0
08:50:00,501202084,4,0,20,1,0
08:50:00,501202085,3,0,32,1,0
08:50:00,501202088,10,1,20,1,0
08:50:00,501202089,10,0,18,1,0
08:50:00,501202096,14,0,1,1,0
08:50:00,501203001,9,0,11,1,0
08:50:00,501203002,21,1,0,1,0
08:50:00,501203003,3,1,91,1,0
08:50:00,501203005,9,0,11,1,0
08:50:00,501203006,1,0,14,1,0
08:50:00,501203007,7,0,8,1,0
08:50:00,501203008,11,0,5,1,0
08:50:00,501203010,16,0,17,1,0
08:50:00,501203011,15,0,23,1,0
08:50:00,501203012,1,0,16,1,0
08:50:00,501203013,4,1,20,1,0
08:50:00,501203015,5,0,7,1,0
08:50:00,501203020,10,0,10,1,0
08:50:00,501203022,3,1,16,1,0
08:50:00,501203023,4,0,14,1,0
08:50:00,501203028,11,0,14,1,0
08:50:00,501203040,3,1,21,1,0
08:50:00,501203045,1,0,17,1,0
08:50:00,501203050,11,0,49,1,0
08:50:00,501203051,10,0,13,1,0
08:50:00,501203053,20,1,6,1,0
08:50:00,501203054,2,0,20,1,0
08:50:00,501203064,2,0,14,1,0
08:50:00,501203065,1,0,15,1,0
08:50:00,501203070,9,0,6,1,0
08:50:00,501203073,6,0,18,1,0
08:50:00,501203076,4,0,11,1,0
08:50:00,501203078,1,0,15,1,0
08:50:00,501203080,5,0,9,1,0
08:50:00,501203084,2,0,9,1,0
08:50:00,501203085,1,0,9,1,0
08:50:00,501203088,4,0,10,1,0
08:50:00,501203089,2,0,10,1,0
08:50:00,501203090,2,0,8,1,0
08:50:00,501203091,5,0,8,1,0
08:50:00,501203092,14,0,6,1,0
08:50:00,501203100,2,0,17,1,0
08:50:00,501203101,0,0,0,2,0
08:50:00,501203102,12,4,7,1,0
08:50:00,501203104,3,0,15,1,0
08:50:00,501203105,3,0,8,1,0
08:50:00,501203107,0,0,0,2,0
08:50:00,501203109,21,2,5,1,0
08:50:00,501203110,6,1,35,1,0
08:50:00,501203111,7,0,4,1,0
08:50:00,501203113,15,0,4,1,0
08:50:00,501203114,26,6,24,1,0
08:50:00,501203117,0,0,0,2,0
08:50:00,501203118,2,1,18,1,0
08:50:00,501203121,1,0,23,1,0
08:50:00,501203122,6,0,14,1,0
08:50:00,501203125,0,0,25,1,0
08:50:00,501203131,11,0,9,1,0
08:50:00,501203140,4,0,38,1,0
08:50:00,501203141,3,1,12,1,0
08:50:00,501203142,8,0,28,1,0
08:50:00,501203145,12,1,3,1,0
08:50:00,501203151,3,0,15,1,0
08:50:00,501203155,10,1,9,1,0
08:50:00,501203157,4,0,13,1,0
08:50:00,501203159,6,1,14,1,0
08:50:00,501203161,7,1,12,1,0
08:50:00,501203162,10,0,11,1,0
08:50:00,501203163,6,0,10,1,0
08:50:00,501204001,3,0,22,1,0
08:50:00,501204002,15,0,21,1,0
08:50:00,501204003,7,0,37,1,0
08:50:00,501204004,1,0,13,1,0
08:50:00,501204005,1,0,19,1,0
08:50:00,501204007,7,1,29,1,0
08:50:00,501204008,7,1,8,1,0
08:50:00,501204009,0,0,0,2,0
08:50:00,501204010,0,0,0,2,0
08:50:00,501204011,5,0,10,1,0
08:50:00,501204012,1,0,13,1,0
08:50:00,501204013,1,1,12,1,0
08:50:00,501204014,8,0,8,1,0
08:50:00,501204015,6,0,9,1,0
08:50:00,501204016,8,0,12,1,0
08:50:00,501204017,5,1,10,1,0
08:50:00,501204018,4,1,20,1,0
08:50:00,501204020,10,0,10,1,0
08:50:00,501204021,2,0,18,1,0
08:50:00,501204022,8,0,8,1,0
08:50:00,501204023,0,0,15,1,0
08:50:00,501204024,0,0,0,2,0
08:50:00,501204025,11,0,9,1,0
08:50:00,501205001,6,0,11,1,0
08:50:00,501205003,1,0,18,1,0
08:50:00,501205004,1,1,15,1,0
08:50:00,501205005,1,0,21,1,0
08:50:00,501205006,4,0,16,1,0
08:50:00,501205007,2,0,10,1,0
08:50:00,501205008,2,1,24,1,0
08:50:00,501205009,0,0,45,1,0
08:50:00,501205010,4,1,9,1,0
08:50:00,501205011,12,0,20,1,0
08:50:00,501205012,12,0,8,1,0
08:50:00,501205013,7,0,14,1,0
08:50:00,501205014,2,2,21,1,0
08:50:00,501205015,3,2,15,1,0
08:50:00,501205018,6,1,12,1,0
08:50:00,501205019,27,7,1,1,0
08:50:00,501205020,22,4,8,1,0
08:50:00,501205021,11,1,4,1,0
08:50:00,501205022,4,0,11,1,0
08:50:00,501205023,4,0,11,1,0
08:50:00,501205025,0,0,28,1,0
08:50:00,501205026,2,0,17,1,0
08:50:00,501205027,6,0,4,1,0
08:50:00,501205028,6,0,8,1,0
08:50:00,501205029,7,0,3,1,0
08:50:00,501205030,3,0,7,1,0
08:50:00,501205033,13,3,2,1,0
08:50:00,501205034,25,3,3,1,0
08:50:00,501205035,3,1,13,1,0
08:50:00,501205036,9,2,6,1,0
08:50:00,501205037,7,1,8,1,0
08:50:00,501205038,2,0,18,1,0
08:50:00,501205039,10,4,9,1,0
08:50:00,501205040,4,0,21,1,0
08:50:00,501205041,2,0,15,1,0
08:50:00,501205042,4,0,25,1,0
08:50:00,501208011,12,0,25,1,0
08:50:00,501208013,1,1,51,1,0
08:50:00,501208014,1,0,36,1,0
08:50:00,501208015,1,0,14,1,0
08:50:00,501208018,5,0,10,1,0
08:50:00,501208021,3,0,14,1,0
08:50:00,501208027,1,0,29,1,0
08:50:00,501208029,9,0,12,1,0
08:50:00,501208030,1,1,37,1,0
08:50:00,501208032,9,0,19,1,0
08:50:00,501208040,6,2,13,1,0
08:50:00,501208041,9,1,6,1,0
08:50:00,501208045,12,0,20,1,0
08:50:00,501208051,17,3,19,1,0
08:50:00,501208053,9,0,12,1,0
08:50:00,501208054,3,0,25,1,0
08:50:00,501208059,5,0,24,1,0
08:50:00,501208064,6,0,14,1,0
08:50:00,501208077,7,0,3,1,0
08:50:00,501208079,9,0,13,1,0
08:50:00,501208082,4,0,6,1,0
08:50:00,501208085,3,1,12,1,0
08:50:00,501208087,3,0,28,1,0
08:50:00,501208089,0,0,25,1,0
08:50:00,501208091,19,4,24,1,0
08:50:00,501208111,10,0,4,1,0
08:50:00,501208113,4,1,16,1,0
08:50:00,501208114,5,3,15,1,0
08:50:00,501208129,5,1,17,1,0
08:50:00,501208130,4,0,8,1,0
08:50:00,501209002,1,0,19,1,0
08:50:00,501209003,5,0,9,1,0
08:50:00,501209004,5,1,9,1,0
08:50:00,501209005,14,1,4,1,0
08:50:00,501209006,14,1,4,1,0
08:50:00,501209007,4,0,11,1,0
08:50:00,501209009,0,0,0,2,0
08:50:00,501209010,6,1,7,1,0
08:50:00,501209011,0,0,25,1,0
08:50:00,501209014,3,0,9,1,0
08:50:00,501209015,13,1,2,1,0
08:50:00,501209016,11,0,18,1,0
08:50:00,501209017,3,2,9,1,0
08:50:00,501209018,7,1,8,1,0
08:50:00,501209019,18,3,5,1,0
08:50:00,501209020,26,12,6,1,0
08:50:00,501209021,0,0,14,1,0
08:50:00,501209022,2,0,8,1,0
08:50:00,501209023,12,0,31,1,0
08:50:00,501209024,0,0,42,1,0
08:50:00,501209025,2,0,13,1,0
08:50:00,501209026,0,0,26,1,0
08:50:00,501209027,12,2,6,1,0
08:50:00,501209028,7,0,21,1,0
08:50:00,501209030,2,1,16,1,0
08:50:00,501209031,3,1,27,1,0
08:50:00,501209032,1,0,27,1,0
08:50:00,501209033,2,0,18,1,0
08:50:00,501209034,10,0,5,1,0
08:50:00,501209035,14,0,14,1,0
08:50:00,501209036,13,0,18,1,0
08:50:00,501209037,8,0,27,1,0
08:50:00,501209038,2,0,14,1,0
08:50:00,501209039,13,1,17,1,0
08:50:00,501209040,5,1,26,1,0
08:50:00,501209042,1,1,18,1,0
08:50:00,501209043,2,0,23,1,0
08:50:00,501209044,4,0,11,1,0
08:50:00,501209045,5,0,10,1,0
08:50:00,501209046,2,2,20,1,0
08:50:00,501209047,3,0,11,1,0
08:50:00,501209049,5,0,15,1,0
08:50:00,501209050,5,0,8,1,0
08:50:00,501209051,23,4,1,1,0
08:50:00,501209052,18,4,4,1,0
08:50:00,501209053,1,1,19,1,0
08:50:00,501209054,5,1,22,1,0
08:50:00,501209056,4,0,11,1,0
08:50:00,501209058,11,0,5,1,0
08:50:00,501209059,1,1,14,1,0
08:50:00,501209060,16,1,4,1,0
08:50:00,501209062,3,0,12,1,0
08:50:00,501209064,2,0,13,1,0
08:50:00,501209065,6,0,9,1,0
08:50:00,501209066,3,0,11,1,0
08:50:00,501209067,1,1,14,1,0
08:50:00,501209068,6,0,11,1,0
08:50:00,501209069,43,5,20,1,0
08:50:00,501209070,12,0,5,1,0
08:50:00,501209071,10,4,7,1,0
08:50:00,501209073,6,1,9,1,0
08:50:00,501209074,7,0,16,1,0
08:50:00,501209075,10,1,6,1,0
08:50:00,501209076,19,5,4,1,0
08:50:00,501209077,6,1,9,1,0
08:50:00,501209078,6,2,7,1,0
08:50:00,501209079,0,0,24,1,0
08:50:00,501209080,0,0,26,1,0
08:50:00,501209081,6,0,9,1,0
08:50:00,501209084,3,0,20,1,0
08:50:00,501209085,6,0,20,1,0
08:50:00,501209087,35,3,4,1,0
08:50:00,501209088,5,0,10,1,0
08:50:00,501209089,5,1,14,1,0
08:50:00,501209090,2,0,12,1,0
08:50:00,501209091,5,1,11,1,0
08:50:00,501209092,4,0,12,1,0
08:50:00,501209093,2,0,13,1,0
08:50:00,501209094,0,0,16,1,0
08:50:00,501209095,11,1,3,1,0
08:50:00,501209096,7,1,8,1,0
08:50:00,501209097,0,0,15,1,0
08:50:00,501209098,7,0,8,1,0
08:50:00,501209099,0,0,19,1,0
08:50:00,501209100,12,3,3,1,0
08:50:00,501209101,6,0,9,1,0
08:50:00,501209102,5,0,15,1,0
08:50:00,501209104,13,1,4,1,0
08:50:00,501209105,4,2,22,1,0
08:50:00,501209106,14,0,6,1,0
08:50:00,501211001,24,5,13,1,0
08:50:00,501211002,7,1,8,1,0
08:50:00,501211004,10,2,5,1,0
08:50:00,501211005,5,1,14,1,0
08:50:00,501211006,11,1,5,1,0
08:50:00,501211007,14,1,5,1,0
08:50:00,501211009,5,0,13,1,0
08:50:00,501211011,21,5,9,1,0
08:50:00,501211012,4,0,14,1,0
09:00:00,501201001,0,0,0,2,0
09:00:00,501201002,2,0,37,1,0
09:00:00,501201003,6,0,17,1,0
09:00:00,501201004,14,0,1,1,0
09:00:00,501201005,0,0,19,1,0
09:00:00,501201006,23,1,5,1,0
09:00:00,501201007,14,2,5,1,0
09:00:00,501201008,4,0,21,1,0
09:00:00,501201010,2,1,8,1,0
09:00:00,501201011,4,0,18,1,0
09:00:00,501201012,15,1,23,1,0
09:00:00,501201013,12,0,9,1,0
09:00:00,501201014,10,0,9,1,0
09:00:00,501201015,0,0,25,1,0
09:00:00,501201016,0,0,24,1,0
09:00:00,501201017,12,0,14,1,0
09:00:00,501201018,4,0,19,1,0
09:00:00,501201019,19,3,9,1,0
09:00:00,501201020,2,0,22,1,0
09:00:00,501201021,10,1,4,1,0
09:00:00,501201022,0,0,16,1,0
09:00:00,501201023,2,0,26,1,0
09:00:00,501201024,23,4,1,1,0
09:00:00,501201025,15,1,9,1,0
09:00:00,501201026,2,0,17,1,0
09:00:00,501201028,4,1,16,1,0
09:00:00,501201029,5,0,8,1,0
09:00:00,501201030,10,0,5,1,0
09:00:00,501201031,7,0,10,1,0
09:00:00,501202001,12,0,2,1,0
09:00:00,501202003,8,0,32,1,0
09:00:00,501202013,11,1,5,1,0
09:00:00,501202023,3,1,12,1,0
09:00:00,501202024,7,3,8,1,0
09:00:00,501202034,5,2,11,1,0
09:00:00,501202035,1,0,29,1,0
09:00:00,501202036,9,0,29,1,0
09:00:00,501202040,29,3,16,1,0
09:00:00,501202043,11,0,14,1,0
09:00:00,501202044,0,0,0,2,0
09:00:00,501202047,21,0,1,1,0
09:00:00,501202050,9,3,6,1,0
09:00:00,501202055,4,1,11,1,0
09:00:00,501202058,8,2,7,1,0
09:00:00,501202065,6,0,9,1,0
09:00:00,501202068,3,0,15,1,0
09:00:00,501202070,7,0,9,1,0
09:00:00,501202078,5,0,20,1,0
09:00:00,501202080,3,0,23,1,0
09:00:00,501202081,12,0,11,1,0
09:00:00,501202082,3,0,20,1,0
09:00:00,501202083,5,0,19,1,0
09:00:00,501202084,3,0,21,1,0
09:00:00,501202085,1,0,34,1,0
09:00:00,501202088,13,1,17,1,0
09:00:00,501202089,14,1,14,1,0
09:00:00,501202096,14,0,1,1,0
09:00:00,501203001,8,0,12,1,0
09:00:00,501203002,21,1,0,1,0
09:00:00,501203003,5,2,89,1,0
09:00:00,501203005,9,0,11,1,0
09:00:00,501203006,1,0,14,1,0
09:00:00,501203007,7,0,8,1,0
09:00:00,501203008,10,0,6,1,0
09:00:00,501203010,17,0,16,1,0
09:00:00,501203011,15,0,23,1,0
09:00:00,501203012,1,0,16,1,0
09:00:00,501203013,3,1,21,1,0
09:00:00,501203015,4,0,8,1,0
09:00:00,501203020,11,0,9,1,0
09:00:00,501203022,3,1,16,1,0
09:00:00,501203023,4,0,14,1,0
09:00:00,501203028,9,0,16,1,0
09:00:00,501203040,2,1,22,1,0
09:00:00,501203045,1,0,17,1,0
09:00:00,501203050,18,0,42,1,0
09:00:00,501203051,12,0,11,1,0
09:00:00,501203053,20,0,6,1,0
09:00:00,501203054,4,2,18,1,0
09:00:00,501203064,1,0,15,1,0
09:00:00,501203065,0,0,16,1,0
09:00:00,501203070,10,0,5,1,0
09:00:00,501203073,7,1,17,1,0
09:00:00,501203076,4,0,11,1,0
09:00:00,501203078,1,0,15,1,0
09:00:00,501203080,5,0,9,1,0
09:00:00,501203084,2,0,9,1,0
09:00:00,501203085,1,0,9,1,0
09:00:00,501203088,4,0,10,1,0
09:00:00,501203089,3,0,9,1,0
09:00:00,501203090,1,0,9,1,0
09:00:00,501203091,5,0,8,1,0
09:00:00,501203092,14,0,6,1,0
09:00:00,501203100,3,0,16,1,0
09:00:00,501203101,0,0,0,2,0
09:00:00,501203102,14,4,5,1,0
09:00:00,501203104,3,0,15,1,0
09:00:00,501203105,3,0,8,1,0
09:00:00,501203107,0,0,0,2,0
09:00:00,501203109,22,1,4,1,0
09:00:00,501203110,6,1,35,1,0
09:00:00,501203111,9,0,2,1,0
09:00:00,501203113,15,0,4,1,0
09:00:00,501203114,34,8,16,1,0
09:00:00,501203117,0,0,0,2,0
09:00:00,501203118,3,1,17,1,0
09:00:00,501203121,1,0,23,1,0
09:00:00,501203122,6,0,14,1,0
09:00:00,501203125,0,0,25,1,0
09:00:00,501203131,11,0,9,1,0
09:00:00,501203140,3,0,39,1,0
09:00:00,501203141,3,1,12,1,0
09:00:00,501203142,5,0,31,1,0
09:00:00,501203145,12,1,3,1,0
09:00:00,501203151,0,0,18,1,0
09:00:00,501203155,9,1,10,1,0
09:00:00,501203157,4,0,13,1,0
09:00:00,501203159,6,1,14,1,0
09:00:00,501203161,7,1,12,1,0
09:00:00,501203162,7,0,14,1,0
09:00:00,501203163,6,0,10,1,0
09:00:00,501204001,3,0,22,1,0
09:00:00,501204002,14,0,22,1,0
09:00:00,501204003,5,0,39,1,0
09:00:00,501204004,1,0,13,1,0
09:00:00,501204005,1,0,19,1,0
09:00:00,501204007,7,1,29,1,0
09:00:00,501204008,7,1,8,1,0
09:00:00,501204009,0,0,0,2,0
09:00:00,501204010,0,0,0,2,0
09:00:00,501204011,4,0,11,1,0
09:00:00,501204012,1,0,13,1,0
09:00:00,501204013,1,0,12,1,0
09:00:00,501204014,8,0,8,1,0
09:00:00,501204015,6,0,9,1,0
09:00:00,501204016,8,0,12,1,0
09:00:00,501204017,3,1,12,1,0
09:00:00,501204018,5,1,19,1,0
09:00:00,501204020,13,1,7,1,0
09:00:00,501204021,0,0,20,1,0
09:00:00,501204022,8,0,8,1,0
09:00:00,501204023,0,0,15,1,0
09:00:00,501204024,0,0,0,2,0
09:00:00,501204025,11,0,9,1,0
09:00:00,501205001,5,0,12,1,0
09:00:00,501205003,1,0,18,1,0
09:00:00,501205004,1,1,15,1,0
09:00:00,501205005,1,0,21,1,0
09:00:00,501205006,2,0,18,1,0
09:00:00,501205007,4,0,8,1,0
09:00:00,501205008,2,1,24,1,0
09:00:00,501205009,0,0,45,1,0
09:00:00,501205010,4,1,9,1,0
09:00:00,501205011,13,0,19,1,0
09:00:00,501205012,12,0,8,1,0
09:00:00,501205013,10,0,11,1,0
09:00:00,501205014,2,2,21,1,0
09:00:00,501205015,3,1,15,1,0
09:00:00,501205018,6,1,12,1,0
09:00:00,501205019,28,7,0,1,0
09:00:00,501205020,23,4,7,1,0
09:00:00,501205021,13,1,2,1,0
09:00:00,501205022,4,0,11,1,0
09:00:00,501205023,1,0,14,1,0
09:00:00,501205025,0,0,28,1,0
09:00:00,501205026,0,0,19,1,0
09:00:00,501205027,6,0,4,1,0
09:00:00,501205028,2,0,12,1,0
09:00:00,501205029,7,0,3,1,0
09:00:00,501205030,3,0,7,1,0
09:00:00,501205033,14,3,1,1,0
09:00:00,501205034,23,2,5,1,0
09:00:00,501205035,1,1,15,1,0
09:00:00,501205036,9,1,6,1,0
09:00:00,501205037,9,1,6,1,0
09:00:00,501205038,2,0,18,1,0
09:00:00,501205039,10,3,9,1,0
09:00:00,501205040,4,0,21,1,0
09:00:00,501205041,3,0,14,1,0
09:00:00,501205042,4,0,25,1,0
09:00:00,501208011,14,0,23,1,0
09:00:00,501208013,1,1,51,1,0
09:00:00,501208014,0,0,37,1,0
09:00:00,501208015,1,0,14,1,0
09:00:00,501208018,5,0,10,1,0
09:00:00,501208021,3,0,14,1,0
09:00:00,501208027,0,0,30,1,0
09:00:00,501208029,8,0,13,1,0
09:00:00,501208030,1,1,37,1,0
09:00:00,501208032,9,0,19,1,0
09:00:00,501208040,6,2,13,1,0
09:00:00,501208041,9,1,6,1,0
09:00:00,501208045,12,0,20,1,0
09:00:00,501208051,16,3,20,1,0
09:00:00,501208053,10,0,11,1,0
09:00:00,501208054,4,0,24,1,0
09:00:00,501208059,5,0,24,1,0
09:00:00,501208064,6,0,14,1,0
09:00:00,501208077,7,0,3,1,0
09:00:00,501208079,8,0,14,1,0
09:00:00,501208082,4,0,6,1,0
09:00:00,501208085,3,1,12,1,0
09:00:00,501208087,4,0,27,1,0
09:00:00,501208089,0,0,25,1,0
09:00:00,501208091,23,4,20,1,0
09:00:00,501208111,10,0,4,1,0
09:00:00,501208113,4,1,16,1,0
09:00:00,501208114,5,3,15,1,0
09:00:00,501208129,5,1,17,1,0
09:00:00,501208130,7,0,6,1,0
09:00:00,501209002,1,0,19,1,0
09:00:00,501209003,5,0,9,1,0
09:00:00,501209004,5,1,9,1,0
09:00:00,501209005,13,0,5,1,0
09:00:00,501209006,14,1,4,1,0
09:00:00,501209007,4,0,11,1,0
09:00:00,501209009,0,0,0,2,0
09:00:00,501209010,6,1,7,1,0
09:00:00,501209011,1,0,24,1,0
09:00:00,501209014,3,0,9,1,0
09:00:00,501209015,13,0,2,1,0
09:00:00,501209016,11,0,18,1,0
09:00:00,501209017,3,2,9,1,0
09:00:00,501209018,8,1,7,1,0
09:00:00,501209019,19,3,4,1,0
09:00:00,501209020,27,13,5,1,0
09:00:00,501209021,0,0,14,1,0
09:00:00,501209022,0,0,10,1,0
09:00:00,501209023,3,0,40,1,0
09:00:00,501209024,0,0,42,1,0
09:00:00,501209025,2,0,13,1,0
09:00:00,501209026,1,0,25,1,0
09:00:00,501209027,12,2,6,1,0
09:00:00,501209028,7,0,21,1,0
09:00:00,501209030,1,0,17,1,0
09:00:00,501209031,3,1,27,1,0
09:00:00,501209032,1,0,27,1,0
09:00:00,501209033,1,0,19,1,0
09:00:00,501209034,10,0,5,1,0
09:00:00,501209035,14,0,14,1,0
09:00:00,501209036,11,0,20,1,0
09:00:00,501209037,9,1,26,1,0
09:00:00,501209038,2,0,14,1,0
09:00:00,501209039,14,1,16,1,0
09:00:00,501209040,5,1,26,1,0
09:00:00,501209042,1,1,18,1,0
09:00:00,501209043,2,0,23,1,0
09:00:00,501209044,3,0,12,1,0
09:00:00,501209045,4,0,11,1,0
09:00:00,501209046,2,1,20,1,0
09:00:00,501209047,2,0,12,1,0
09:00:00,501209049,6,0,14,1,0
09:00:00,501209050,5,0,8,1,0
09:00:00,501209051,24,4,0,1,0
09:00:00,501209052,22,4,0,1,0
09:00:00,501209053,1,1,19,1,0
09:00:00,501209054,13,2,14,1,0
09:00:00,501209056,4,0,11,1,0
09:00:00,501209058,11,0,5,1,0
09:00:00,501209059,1,1,14,1,0
09:00:00,501209060,16,1,4,1,0
09:00:00,501209062,2,0,13,1,0
09:00:00,501209064,1,0,14,1,0
09:00:00,501209065,5,0,10,1,0
09:00:00,501209066,3,0,11,1,0
09:00:00,501209067,0,0,15,1,0
09:00:00,501209068,6,0,11,1,0
09:00:00,501209069,59,6,4,1,0
09:00:00,501209070,10,0,7,1,0
09:00:00,501209071,12,4,5,1,0
09:00:00,501209073,6,1,9,1,0
09:00:00,501209074,7,0,16,1,0
09:00:00,501209075,10,1,6,1,0
09:00:00,501209076,19,5,4,1,0
09:00:00,501209077,6,2,9,1,0
09:00:00,501209078,6,2,7,1,0
09:00:00,501209079,0,0,24,1,0
09:00:00,501209080,1,0,25,1,0
09:00:00,501209081,6,0,9,1,0
09:00:00,501209084,2,0,21,1,0
09:00:00,501209085,6,0,20,1,0
09:00:00,501209087,34,3,5,1,0
09:00:00,501209088,4,0,11,1,0
09:00:00,501209089,6,2,13,1,0
09:00:00,501209090,2,0,12,1,0
09:00:00,501209091,4,1,12,1,0
09:00:00,501209092,4,0,12,1,0
09:00:00,501209093,2,0,13,1,0
09:00:00,501209094,4,0,12,1,0
09:00:00,501209095,11,1,3,1,0
09:00:00,501209096,7,1,8,1,0
09:00:00,501209097,2,0,13,1,0
09:00:00,501209098,7,0,8,1,0
09:00:00,501209099,0,0,19,1,0
09:00:00,501209100,12,3,3,1,0
09:00:00,501209101,6,0,9,1,0
09:00:00,501209102,5,0,15,1,0
09:00:00,501209104,13,1,4,1,0
09:00:00,501209105,5,2,21,1,0
09:00:00,501209106,14,0,6,1,0
09:00:00,501211001,26,7,11,1,0
09:00:00,501211002,6,0,9,1,0
09:00:00,501211004,10,2,5,1,0
09:00:00,501211005,4,1,15,1,0
09:00:00,501211006,12,1,4,1,0
09:00:00,501211007,14,1,5,1,0
09:00:00,501211009,5,0,13,1,0
09:00:00,501211011,19,3,11,1,0
09:00:00,501211012,4,0,14,1,0
09:10:00,501201001,0,0,0,2,0
09:10:00,501201002,2,0,37,1,0
09:10:00,501201003,6,0,17,1,0
09:10:00,501201004,12,0,3,1,0
09:10:00,501201005,0,0,19,1,0
09:10:00,501201006,23,2,5,1,0
09:10:00,501201007,14,2,5,1,0
09:10:00,501201008,3,0,22,1,0
09:10:00,501201010,3,1,7,1,0
09:10:00,501201011,2,0,20,1,0
09:10:00,501201012,20,0,19,1,0
09:10:00,501201013,13,0,8,1,0
09:10:00,501201014,9,0,10,1,0
09:10:00,501201015,0,0,25,1,0
09:10:00,501201016,0,0,24,1,0
09:10:00,501201017,11,0,15,1,0
09:10:00,501201018,5,0,18,1,0
09:10:00,501201019,18,2,10,1,0
09:10:00,501201020,0,0,24,1,0
09:10:00,501201021,9,0,5,1,0
09:10:00,501201022,2,0,14,1,0
09:10:00,501201023,2,0,26,1,0
09:10:00,501201024,23,4,1,1,0
09:10:00,501201025,15,1,9,1,0
09:10:00,501201026,2,0,17,1,0
09:10:00,501201028,2,0,18,1,0
09:10:00,501201029,4,0,9,1,0
09:10:00,501201030,11,0,4,1,0
09:10:00,501201031,5,0,12,1,0
09:10:00,501202001,13,0,1,1,0
09:10:00,501202003,7,0,33,1,0
09:10:00,501202013,11,1,5,1,0
09:10:00,501202023,4,2,11,1,0
09:10:00,501202024,8,3,7,1,0
09:10:00,501202034,6,2,10,1,0
09:10:00,501202035,1,0,29,1,0
09:10:00,501202036,8,0,30,1,0
09:10:00,501202040,29,5,16,1,0
09:10:00,501202043,12,0,13,1,0
09:10:00,501202044,0,0,0,2,0
09:10:00,501202047,21,0,1,1,0
09:10:00,501202050,10,3,5,1,0
09:10:00,501202055,2,0,13,1,0
09:10:00,501202058,8,2,7,1,0
09:10:00,501202065,5,0,10,1,0
09:10:00,501202068,3,0,15,1,0
09:10:00,501202070,6,0,10,1,0
09:10:00,501202078,5,0,20,1,0
09:10:00,501202080,4,0,22,1,0
09:10:00,501202081,13,0,10,1,0
09:10:00,501202082,3,0,20,1,0
09:10:00,501202083,4,0,20,1,0
09:10:00,501202084,3,0,21,1,0
09:10:00,501202085,0,0,35,1,0
09:10:00,501202088,14,1,16,1,0
09:10:00,501202089,14,1,14,1,0
09:10:00,501202096,14,0,1,1,0
09:10:00,501203001,9,0,11,1,0
09:10:00,501203002,21,1,0,1,0
09:10:00,501203003,7,2,87,1,0
09:10:00,501203005,9,0,11,1,0
09:10:00,501203006,1,0,14,1,0
09:10:00,501203007,8,0,7,1,0
09:10:00,501203008,11,0,5,1,0
09:10:00,501203010,17,0,16,1,0
09:10:00,501203011,15,0,23,1,0
09:10:00,501203012,1,0,16,1,0
09:10:00,501203013,4,2,20,1,0
09:10:00,501203015,3,0,9,1,0
09:10:00,501203020,9,0,11,1,0
09:10:00,501203022,3,1,16,1,0
09:10:00,501203023,3,0,15,1,0
09:10:00,501203028,9,1,16,1,0
09:10:00,501203040,2,1,22,1,0
09:10:00,501203045,2,0,16,1,0
09:10:00,501203050,15,0,45,1,0
09:10:00,501203051,12,0,11,1,0
09:10:00,501203053,20,0,6,1,0
09:10:00,501203054,4,2,18,1,0
09:10:00,501203064,1,0,15,1,0
09:10:00,501203065,1,0,15,1,0
09:10:00,501203070,11,0,4,1,0
09:10:00,501203073,6,0,18,1,0
09:10:00,501203076,4,0,11,1,0
09:10:00,501203078,0,0,16,1,0
09:10:00,501203080,5,0,9,1,0
09:10:00,501203084,2,0,9,1,0
09:10:00,501203085,1,0,9,1,0
09:10:00,501203088,4,0,10,1,0
09:10:00,501203089,3,0,9,1,0
09:10:00,501203090,1,0,9,1,0
09:10:00,501203091,5,0,8,1,0
09:10:00,501203092,13,0,7,1,0
09:10:00,501203100,4,0,15,1,0
09:10:00,501203101,0,0,0,2,0
09:10:00,501203102,14,4,5,1,0
09:10:00,501203104,3,0,15,1,0
09:10:00,501203105,3,0,8,1,0
09:10:00,501203107,0,0,0,2,0
09:10:00,501203109,21,1,5,1,0
09:10:00,501203110,6,1,35,1,0
09:10:00,501203111,8,0,3,1,0
09:10:00,501203113,15,0,4,1,0
09:10:00,501203114,45,8,5,1,0
09:10:00,501203117,0,0,0,2,0
09:10:00,501203118,2,0,18,1,0
09:10:00,501203121,1,0,23,1,0
09:10:00,501203122,6,0,14,1,0
09:10:00,501203125,0,0,25,1,0
09:10:00,501203131,12,1,8,1,0
09:10:00,501203140,3,0,39,1,0
09:10:00,501203141,3,1,12,1,0
09:10:00,501203142,5,1,31,1,0
09:10:00,501203145,12,1,3,1,0
09:10:00,501203151,0,0,18,1,0
09:10:00,501203155,9,1,10,1,0
09:10:00,501203157,4,0,13,1,0
09:10:00,501203159,6,1,14,1,0
09:10:00,501203161,7,1,12,1,0
09:10:00,501203162,6,0,15,1,0
09:10:00,501203163,6,0,10,1,0
09:10:00,501204001,4,0,21,1,0
09:10:00,501204002,13,0,23,1,0
09:10:00,501204003,5,0,39,1,0
09:10:00,501204004,1,0,13,1,0
09:10:00,501204005,1,0,19,1,0
09:10:00,501204007,7,1,29,1,0
09:10:00,501204008,8,1,7,1,0
09:10:00,501204009,0,0,0,2,0
09:10:00,501204010,0,0,0,2,0
09:10:00,501204011,3,0,12,1,0
09:10:00,501204012,1,0,13,1,0
09:10:00,501204013,0,0,13,1,0
09:10:00,501204014,6,0,10,1,0
09:10:00,501204015,6,0,9,1,0
09:10:00,501204016,8,0,12,1,0
09:10:00,501204017,3,1,12,1,0
09:10:00,501204018,4,0,20,1,0
09:10:00,501204020,14,2,6,1,0
09:10:00,501204021,0,0,20,1,0
09:10:00,501204022,8,0,8,1,0
09:10:00,501204023,0,0,15,1,0
09:10:00,501204024,0,0,0,2,0
09:10:00,501204025,11,0,9,1,0
09:10:00,501205001,4,0,13,1,0
09:10:00,501205003,1,0,18,1,0
09:10:00,501205004,1,1,15,1,0
09:10:00,501205005,1,0,21,1,0
09:10:00,501205006,2,0,18,1,0
09:10:00,501205007,5,0,7,1,0
09:10:00,501205008,3,2,23,1,0
09:10:00,501205009,0,0,45,1,0
09:10:00,501205010,3,1,10,1,0
09:10:00,501205011,13,0,19,1,0
09:10:00,501205012,12,0,8,1,0
09:10:00,501205013,10,0,11,1,0
09:10:00,501205014,3,3,20,1,0
09:10:00,501205015,3,1,15,1,0
09:10:00,501205018,7,1,11,1,0
09:10:00,501205019,28,7,0,1,0
09:10:00,501205020,24,4,6,1,0
09:10:00,501205021,14,1,1,1,0
09:10:00,501205022,4,0,11,1,0
09:10:00,501205023,2,0,13,1,0
09:10:00,501205025,1,1,27,1,0
09:10:00,501205026,0,0,19,1,0
09:10:00,501205027,6,0,4,1,0
09:10:00,501205028,3,0,11,1,0
09:10:00,501205029,7,0,3,1,0
09:10:00,501205030,3,0,7,1,0
09:10:00,501205033,15,3,0,1,0
09:10:00,501205034,23,2,5,1,0
09:10:00,501205035,1,1,15,1,0
09:10:00,501205036,10,2,5,1,0
09:10:00,501205037,7,0,8,1,0
09:10:00,501205038,2,0,18,1,0
09:10:00,501205039,10,3,9,1,0
09:10:00,501205040,2,0,23,1,0
09:10:00,501205041,3,0,14,1,0
09:10:00,501205042,4,0,25,1,0
09:10:00,501208011,14,0,23,1,0
09:10:00,501208013,1,1,51,1,0
09:10:00,501208014,0,0,37,1,0
09:10:00,501208015,1,0,14,1,0
09:10:00,501208018,5,0,10,1,0
09:10:00,501208021,3,0,14,1,0
09:10:00,501208027,0,0,30,1,0
09:10:00,501208029,8,0,13,1,0
09:10:00,501208030,1,0,37,1,0
09:10:00,501208032,9,0,19,1,0
09:10:00,501208040,6,2,13,1,0
09:10:00,501208041,10,1,5,1,0
09:10:00,501208045,12,0,20,1,0
09:10:00,501208051,13,4,23,1,0
09:10:00,501208053,10,0,11,1,0
09:10:00,501208054,3,0,25,1,0
09:10:00,501208059,5,0,24,1,0
09:10:00,501208064,6,0,14,1,0
09:10:00,501208077,7,0,3,1,0
09:10:00,501208079,7,0,15,1,0
09:10:00,501208082,3,0,7,1,0
09:10:00,501208085,3,1,12,1,0
09:10:00,501208087,5,0,26,1,0
09:10:00,501208089,0,0,25,1,0
09:10:00,501208091,25,5,18,1,0
09:10:00,501208111,11,1,3,1,0
09:10:00,501208113,4,1,16,1,0
09:10:00,501208114,5,3,15,1,0
09:10:00,501208129,5,1,17,1,0
09:10:00,501208130,7,0,6,1,0
09:10:00,501209002,0,0,20,1,0
09:10:00,501209003,5,0,9,1,0
09:10:00,501209004,7,1,7,1,0
09:10:00,501209005,13,0,5,1,0
09:10:00,501209006,14,1,4,1,0
09:10:00,501209007,4,0,11,1,0
09:10:00,501209009,0,0,0,2,0
09:10:00,501209010,6,1,7,1,0
09:10:00,501209011,1,0,24,1,0
09:10:00,501209014,3,0,9,1,0
09:10:00,501209015,13,0,2,1,0
09:10:00,501209016,11,0,18,1,0
09:10:00,501209017,4,2,8,1,0
09:10:00,501209018,7,0,8,1,0
09:10:00,501209019,18,3,5,1,0
09:10:00,501209020,27,13,5,1,0
09:10:00,501209021,0,0,14,1,0
09:10:00,501209022,0,0,10,1,0
09:10:00,501209023,1,1,42,1,0
09:10:00,501209024,0,0,42,1,0
09:10:00,501209025,1,0,14,1,0
09:10:00,501209026,10,0,16,1,0
09:10:00,501209027,12,2,6,1,0
09:10:00,501209028,5,0,23,1,0
09:10:00,501209030,2,1,16,1,0
09:10:00,501209031,1,0,29,1,0
09:10:00,501209032,0,0,28,1,0
09:10:00,501209033,1,0,19,1,0
09:10:00,501209034,10,0,5,1,0
09:10:00,501209035,14,0,14,1,0
09:10:00,501209036,4,0,27,1,0
09:10:00,501209037,9,1,26,1,0
09:10:00,501209038,2,0,14,1,0
09:10:00,501209039,24,1,6,1,0
09:10:00,501209040,12,2,19,1,0
09:10:00,501209042,1,1,18,1,0
09:10:00,501209043,2,0,23,1,0
09:10:00,501209044,3,0,12,1,0
09:10:00,501209045,4,0,11,1,0
09:10:00,501209046,1,1,21,1,0
09:10:00,501209047,3,0,11,1,0
09:10:00,501209049,6,0,14,1,0
09:10:00,501209050,4,0,9,1,0
09:10:00,501209051,24,4,0,1,0
09:10:00,501209052,22,4,0,1,0
09:10:00,501209053,1,1,19,1,0
09:10:00,501209054,19,3,8,1,0
09:10:00,501209056,2,0,13,1,0
09:10:00,501209058,11,0,5,1,0
09:10:00,501209059,0,0,15,1,0
09:10:00,501209060,16,1,4,1,0
09:10:00,501209062,1,0,14,1,0
09:10:00,501209064,1,0,14,1,0
09:10:00,501209065,5,0,10,1,0
09:10:00,501209066,3,0,11,1,0
09:10:00,501209067,0,0,15,1,0
09:10:00,501209068,6,0,11,1,0
09:10:00,501209069,63,8,0,1,0
09:10:00,501209070,15,1,2,1,0
09:10:00,501209071,15,4,2,1,0
09:10:00,501209073,6,1,9,1,0
09:10:00,501209074,7,0,16,1,0
09:10:00,501209075,10,1,6,1,0
09:10:00,501209076,19,5,4,1,0
09:10:00,501209077,4,1,11,1,0
09:10:00,501209078,6,2,7,1,0
09:10:00,501209079,1,0,23,1,0
09:10:00,501209080,2,0,24,1,0
09:10:00,501209081,6,0,9,1,0
09:10:00,501209084,2,0,21,1,0
09:10:00,501209085,4,0,22,1,0
09:10:00,501209087,35,3,4,1,0
09:10:00,501209088,4,0,11,1,0
09:10:00,501209089,7,2,12,1,0
09:10:00,501209090,3,0,11,1,0
09:10:00,501209091,6,1,10,1,0
09:10:00,501209092,4,0,12,1,0
09:10:00,501209093,2,0,13,1,0
09:10:00,501209094,4,0,12,1,0
09:10:00,501209095,10,0,4,1,0
09:10:00,501209096,7,1,8,1,0
09:10:00,501209097,2,0,13,1,0
09:10:00,501209098,7,0,8,1,0
09:10:00,501209099,0,0,19,1,0
09:10:00,501209100,12,3,3,1,0
09:10:00,501209101,6,0,9,1,0
09:10:00,501209102,5,0,15,1,0
09:10:00,501209104,12,0,5,1,0
09:10:00,501209105,5,2,21,1,0
09:10:00,501209106,14,0,6,1,0
09:10:00,501211001,26,7,11,1,0
09:10:00,501211002,7,0,8,1,0
09:10:00,501211004,10,2,5,1,0
09:10:00,501211005,4,1,15,1,0
09:10:00,501211006,13,1,3,1,0
09:10:00,501211007,14,1,5,1,0
09:10:00,501211009,5,0,13,1,0
09:10:00,501211011,19,3,11,1,0
09:10:00,501211012,4,0,14,1,0
09:20:00,501201001,0,0,0,2,0
09:20:00,501201002,2,0,37,1,0
09:20:00,501201003,6,0,17,1,0
09:20:00,501201004,11,1,4,1,0
09:20:00,501201005,0,0,19,1,0
09:20:00,501201006,23,2,5,1,0
09:20:00,501201007,15,1,4,1,0
09:20:00,501201008,3,0,22,1,0
09:20:00,501201010,3,1,7,1,0
09:20:00,501201011,3,1,19,1,0
09:20:00,501201012,20,0,20,1,0
09:20:00,501201013,13,0,8,1,0
09:20:00,501201014,9,0,10,1,0
09:20:00,501201015,1,0,24,1,0
09:20:00,501201016,0,0,24,1,0
09:20:00,501201017,10,0,16,1,0
09:20:00,501201018,5,0,18,1,0
09:20:00,501201019,19,2,9,1,0
09:20:00,501201020,0,0,24,1,0
09:20:00,501201021,9,0,5,1,0
09:20:00,501201022,3,1,13,1,0
09:20:00,501201023,2,0,26,1,0
09:20:00,501201024,22,4,2,1,0
09:20:00,501201025,15,1,9,1,0
09:20:00,501201026,2,0,17,1,0
09:20:00,501201028,2,0,18,1,0
09:20:00,501201029,4,0,9,1,0
09:20:00,501201030,10,0,5,1,0
09:20:00,501201031,4,0,13,1,0
09:20:00,501202001,14,0,0,1,0
09:20:00,501202003,6,0,34,1,0
09:20:00,501202013,11,1,5,1,0
09:20:00,501202023,4,2,11,1,0
09:20:00,501202024,9,3,6,1,0
09:20:00,501202034,4,1,12,1,0
09:20:00,501202035,0,0,30,1,0
09:20:00,501202036,8,0,30,1,0
09:20:00,501202040,29,4,16,1,0
09:20:00,501202043,12,0,13,1,0
09:20:00,501202044,0,0,0,2,0
09:20:00,501202047,20,0,2,1,0
09:20:00,501202050,10,2,5,1,0
09:20:00,501202055,1,0,14,1,0
09:20:00,501202058,8,2,7,1,0
09:20:00,501202065,5,0,10,1,0
09:20:00,501202068,3,0,15,1,0
09:20:00,501202070,5,0,11,1,0
09:20:00,501202078,5,0,20,1,0
09:20:00,501202080,3,0,22,1,0
09:20:00,501202081,11,0,12,1,0
09:20:00,501202082,2,0,21,1,0
09:20:00,501202083,3,0,21,1,0
09:20:00,501202084,3,0,21,1,0
09:20:00,501202085,0,0,35,1,0
09:20:00,501202088,13,1,17,1,0
09:20:00,501202089,13,0,15,1,0
09:20:00,501202096,11,0,4,1,0
09:20:00,501203001,8,0,12,1,0
09:20:00,501203002,19,1,2,1,0
09:20:00,501203003,6,1,88,1,0
09:20:00,501203005,9,0,11,1,0
09:20:00,501203006,1,0,14,1,0
09:20:00,501203007,9,0,6,1,0
09:20:00,501203008,12,0,4,1,0
09:20:00,501203010,17,0,16,1,0
09:20:00,501203011,14,0,24,1,0
09:20:00,501203012,2,1,15,1,0
09:20:00,501203013,4,2,20,1,0
09:20:00,501203015,3,0,9,1,0
09:20:00,501203020,9,0,11,1,0
09:20:00,501203022,3,1,16,1,0
09:20:00,501203023,4,0,14,1,0
09:20:00,501203028,9,1,16,1,0
09:20:00,501203040,3,1,21,1,0
09:20:00,501203045,2,0,16,1,0
09:20:00,501203050,18,0,42,1,0
09:20:00,501203051,13,1,10,1,0
09:20:00,501203053,20,0,6,1,0
09:20:00,501203054,4,2,18,1,0
09:20:00,501203064,1,0,15,1,0
09:20:00,501203065,1,0,15,1,0
09:20:00,501203070,11,0,4,1,0
09:20:00,501203073,6,0,18,1,0
09:20:00,501203076,4,0,11,1,0
09:20:00,501203078,0,0,16,1,0
09:20:00,501203080,5,0,9,1,0
09:20:00,501203084,2,0,9,1,0
09:20:00,501203085,1,0,9,1,0
09:20:00,501203088,4,0,10,1,0
09:20:00,501203089,3,0,9,1,0
09:20:00,501203090,1,0,9,1,0
09:20:00,501203091,5,0,8,1,0
09:20:00,501203092,13,0,7,1,0
09:20:00,501203100,5,0,14,1,0
09:20:00,501203101,0,0,0,2,0
09:20:00,501203102,15,4,4,1,0
09:20:00,501203104,3,0,15,1,0
09:20:00,501203105,3,0,8,1,0
09:20:00,501203107,0,0,0,2,0
09:20:00,501203109,22,2,4,1,0
09:20:00,501203110,4,0,37,1,0
09:20:00,501203111,9,0,2,1,0
09:20:00,501203113,15,0,4,1,0
09:20:00,501203114,50,9,0,1,0
09:20:00,501203117,0,0,0,2,0
09:20:00,501203118,2,0,18,1,0
09:20:00,501203121,1,0,23,1,0
09:20:00,501203122,6,0,14,1,0
09:20:00,501203125,0,0,25,1,0
09:20:00,501203131,13,1,7,1,0
09:20:00,501203140,3,0,39,1,0
09:20:00,501203141,2,0,13,1,0
09:20:00,501203142,5,1,31,1,0
09:20:00,501203145,12,1,3,1,0
09:20:00,501203151,1,0,17,1,0
09:20:00,501203155,9,1,10,1,0
09:20:00,501203157,5,0,12,1,0
09:20:00,501203159,6,1,14,1,0
09:20:00,501203161,7,1,12,1,0
09:20:00,501203162,6,0,15,1,0
09:20:00,501203163,5,0,11,1,0
09:20:00,501204001,4,0,21,1,0
09:20:00,501204002,13,0,23,1,0
09:20:00,501204003,4,0,40,1,0
09:20:00,501204004,1,0,13,1,0
09:20:00,501204005,3,0,17,1,0
09:20:00,501204007,8,1,28,1,0
09:20:00,501204008,7,0,8,1,0
09:20:00,501204009,0,0,0,2,0
09:20:00,501204010,0,0,0,2,0
09:20:00,501204011,2,0,13,1,0
09:20:00,501204012,1,0,13,1,0
09:20:00,501204013,2,2,11,1,0
09:20:00,501204014,6,0,10,1,0
09:20:00,501204015,6,1,9,1,0
09:20:00,501204016,7,0,13,1,0
09:20:00,501204017,5,2,10,1,0
09:20:00,501204018,4,0,20,1,0
09:20:00,501204020,13,0,7,1,0
09:20:00,501204021,0,0,20,1,0
09:20:00,501204022,8,0,8,1,0
09:20:00,501204023,0,0,15,1,0
09:20:00,501204024,0,0,0,2,0
09:20:00,501204025,11,0,9,1,0
09:20:00,501205001,4,0,13,1,0
09:20:00,501205003,3,0,16,1,0
09:20:00,501205004,1,1,15,1,0
09:20:00,501205005,0,0,22,1,0
09:20:00,501205006,2,0,18,1,0
09:20:00,501205007,4,0,8,1,0
09:20:00,501205008,3,1,23,1,0
09:20:00,501205009,0,0,45,1,0
09:20:00,501205010,5,2,8,1,0
09:20:00,501205011,13,0,19,1,0
09:20:00,501205012,13,0,7,1,0
09:20:00,501205013,10,0,11,1,0
09:20:00,501205014,3,3,20,1,0
09:20:00,501205015,3,1,15,1,0
09:20:00,501205018,7,0,11,1,0
09:20:00,501205019,28,7,0,1,0
09:20:00,501205020,25,4,5,1,0
09:20:00,501205021,13,1,2,1,0
09:20:00,501205022,4,0,11,1,0
09:20:00,501205023,1,0,14,1,0
09:20:00,501205025,0,0,28,1,0
09:20:00,501205026,0,0,19,1,0
09:20:00,501205027,6,0,4,1,0
09:20:00,501205028,2,0,12,1,0
09:20:00,501205029,6,0,4,1,0
09:20:00,501205030,3,0,7,1,0
09:20:00,501205033,15,3,0,1,0
09:20:00,501205034,18,3,10,1,0
09:20:00,501205035,1,1,15,1,0
09:20:00,501205036,10,2,5,1,0
09:20:00,501205037,7,0,8,1,0
09:20:00,501205038,2,0,18,1,0
09:20:00,501205039,9,3,10,1,0
09:20:00,501205040,1,0,24,1,0
09:20:00,501205041,6,0,11,1,0
09:20:00,501205042,4,0,25,1,0
09:20:00,501208011,13,0,24,1,0
09:20:00,501208013,11,7,41,1,0
09:20:00,501208014,1,0,36,1,0
09:20:00,501208015,1,0,14,1,0
09:20:00,501208018,5,0,10,1,0
09:20:00,501208021,3,0,14,1,0
09:20:00,501208027,0,0,30,1,0
09:20:00,501208029,8,0,13,1,0
09:20:00,501208030,1,0,37,1,0
09:20:00,501208032,9,0,19,1,0
09:20:00,501208040,5,1,14,1,0
09:20:00,501208041,10,1,5,1,0
09:20:00,501208045,12,0,20,1,0
09:20:00,501208051,14,4,22,1,0
09:20:00,501208053,9,0,12,1,0
09:20:00,501208054,2,0,26,1,0
09:20:00,501208059,5,0,24,1,0
09:20:00,501208064,6,0,14,1,0
09:20:00,501208077,7,0,3,1,0
09:20:00,501208079,7,0,15,1,0
09:20:00,501208082,5,1,5,1,0
09:20:00,501208085,2,0,13,1,0
09:20:00,501208087,6,0,25,1,0
09:20:00,501208089,0,0,25,1,0
09:20:00,501208091,26,5,17,1,0
09:20:00,501208111,11,1,3,1,0
09:20:00,501208113,4,1,16,1,0
09:20:00,501208114,5,3,15,1,0
09:20:00,501208129,5,1,17,1,0
09:20:00,501208130,6,0,7,1,0
09:20:00,501209002,0,0,20,1,0
09:20:00,501209003,5,0,9,1,0
09:20:00,501209004,8,2,6,1,0
09:20:00,501209005,13,0,5,1,0
09:20:00,501209006,14,1,4,1,0
09:20:00,501209007,4,0,11,1,0
09:20:00,501209009,0,0,0,2,0
09:20:00,501209010,6,1,7,1,0
09:20:00,501209011,1,0,24,1,0
09:20:00,501209014,3,1,9,1,0
09:20:00,501209015,13,0,2,1,0
09:20:00,501209016,11,0,18,1,0
09:20:00,501209017,3,1,9,1,0
09:20:00,501209018,7,0,8,1,0
09:20:00,501209019,18,3,5,1,0
09:20:00,501209020,29,13,3,1,0
09:20:00,501209021,0,0,14,1,0
09:20:00,501209022,0,0,10,1,0
09:20:00,501209023,1,0,42,1,0
09:20:00,501209024,0,0,42,1,0
09:20:00,501209025,0,0,15,1,0
09:20:00,501209026,13,0,13,1,0
09:20:00,501209027,12,2,6,1,0
09:20:00,501209028,3,0,25,1,0
09:20:00,501209030,3,1,15,1,0
09:20:00,501209031,1,0,29,1,0
09:20:00,501209032,0,0,28,1,0
09:20:00,501209033,0,0,20,1,0
09:20:00,501209034,10,0,5,1,0
09:20:00,501209035,15,0,13,1,0
09:20:00,501209036,2,0,29,1,0
09:20:00,501209037,8,1,27,1,0
09:20:00,501209038,1,0,15,1,0
09:20:00,501209039,30,3,0,1,0
09:20:00,501209040,14,2,17,1,0
09:20:00,501209042,3,1,16,1,0
09:20:00,501209043,1,0,24,1,0
09:20:00,501209044,3,0,12,1,0
09:20:00,501209045,4,0,11,1,0
09:20:00,501209046,2,1,20,1,0
09:20:00,501209047,3,0,11,1,0
09:20:00,501209049,4,0,16,1,0
09:20:00,501209050,4,0,9,1,0
09:20:00,501209051,24,4,0,1,0
09:20:00,501209052,20,4,2,1,0
09:20:00,501209053,1,1,19,1,0
09:20:00,501209054,24,3,3,1,0
09:20:00,501209056,3,1,12,1,0
09:20:00,501209058,9,0,7,1,0
09:20:00,501209059,0,0,15,1,0
09:20:00,501209060,16,1,4,1,0
09:20:00,501209062,2,0,13,1,0
09:20:00,501209064,2,0,13,1,0
09:20:00,501209065,5,0,10,1,0
09:20:00,501209066,2,0,12,1,0
09:20:00,501209067,0,0,15,1,0
09:20:00,501209068,6,0,11,1,0
09:20:00,501209069,63,7,0,1,0
09:20:00,501209070,13,0,4,1,0
09:20:00,501209071,15,4,2,1,0
09:20:00,501209073,6,1,9,1,0
09:20:00,501209074,8,0,15,1,0
09:20:00,501209075,10,1,6,1,0
09:20:00,501209076,19,5,4,1,0
09:20:00,501209077,4,1,11,1,0
09:20:00,501209078,5,1,8,1,0
09:20:00,501209079,1,0,23,1,0
09:20:00,501209080,1,0,25,1,0
09:20:00,501209081,6,0,9,1,0
09:20:00,501209084,2,0,21,1,0
09:20:00,501209085,4,0,22,1,0
09:20:00,501209087,35,3,4,1,0
09:20:00,501209088,4,0,11,1,0
09:20:00,501209089,7,2,12,1,0
09:20:00,501209090,3,0,11,1,0
09:20:00,501209091,6,1,10,1,0
09:20:00,501209092,4,0,12,1,0
09:20:00,501209093,2,0,13,1,0
09:20:00,501209094,4,0,12,1,0
09:20:00,501209095,10,0,4,1,0
09:20:00,501209096,7,1,8,1,0
09:20:00,501209097,2,0,13,1,0
09:20:00,501209098,7,0,8,1,0
09:20:00,501209099,0,0,19,1,0
09:20:00,501209100,12,3,3,1,0
09:20:00,501209101,6,0,9,1,0
09:20:00,501209102,5,0,15,1,0
09:20:00,501209104,12,0,5,1,0
09:20:00,501209105,5,2,21,1,0
09:20:00,501209106,14,0,6,1,0
09:20:00,501211001,25,6,12,1,0
09:20:00,501211002,7,0,8,1,0
09:20:00,501211004,10,2,5,1,0
09:20:00,501211005,4,1,15,1,0
09:20:00,501211006,13,1,3,1,0
09:20:00,501211007,14,1,5,1,0
09:20:00,501211009,5,0,13,1,0
09:20:00,501211011,19,3,11,1,0
09:20:00,501211012,4,0,14,1,0
09:30:00,501201001,0,0,0,2,0
09:30:00,501201002,3,0,36,1,0
09:30:00,501201003,6,0,17,1,0
09:30:00,501201004,9,1,6,1,0
09:30:00,501201005,0,0,19,1,0
09:30:00,501201006,23,2,5,1,0
09:30:00,501201007,15,1,4,1,0
09:30:00,501201008,4,0,21,1,0
09:30:00,501201010,4,1,6,1,0
09:30:00,501201011,6,1,16,1,0
09:30:00,501201012,21,1,19,1,0
09:30:00,501201013,13,0,8,1,0
09:30:00,501201014,10,1,9,1,0
09:30:00,501201015,1,1,24,1,0
09:30:00,501201016,1,0,23,1,0
09:30:00,501201017,11,1,15,1,0
09:30:00,501201018,5,0,18,1,0
09:30:00,501201019,21,3,7,1,0
09:30:00,501201020,0,0,24,1,0
09:30:00,501201021,10,0,4,1,0
09:30:00,501201022,4,1,12,1,0
09:30:00,501201023,1,0,27,1,0
09:30:00,501201024,21,3,3,1,0
09:30:00,501201025,15,0,9,1,0
09:30:00,501201026,2,0,17,1,0
09:30:00,501201028,1,0,19,1,0
09:30:00,501201029,4,0,9,1,0
09:30:00,501201030,9,0,6,1,0
09:30:00,501201031,4,0,13,1,0
09:30:00,501202001,14,0,0,1,0
09:30:00,501202003,6,0,34,1,0
09:30:00,501202013,10,1,6,1,0
09:30:00,501202023,3,2,12,1,0
09:30:00,501202024,9,3,6,1,0
09:30:00,501202034,4,1,12,1,0
09:30:00,501202035,1,1,29,1,0
09:30:00,501202036,11,1,27,1,0
09:30:00,501202040,30,5,15,1,0
09:30:00,501202043,13,0,12,1,0
09:30:00,501202044,0,0,0,2,0
09:30:00,501202047,20,0,2,1,0
09:30:00,501202050,9,2,6,1,0
09:30:00,501202055,1,0,14,1,0
09:30:00,501202058,7,2,8,1,0
09:30:00,501202065,4,0,11,1,0
09:30:00,501202068,4,0,14,1,0
09:30:00,501202070,3,0,13,1,0
09:30:00,501202078,6,1,19,1,0
09:30:00,501202080,3,0,22,1,0
09:30:00,501202081,12,0,11,1,0
09:30:00,501202082,2,0,21,1,0
09:30:00,501202083,3,0,21,1,0
09:30:00,501202084,4,0,20,1,0
09:30:00,501202085,0,0,35,1,0
09:30:00,501202088,14,1,16,1,0
09:30:00,501202089,13,0,15,1,0
09:30:00,501202096,10,0,5,1,0
09:30:00,501203001,7,0,13,1,0
09:30:00,501203002,19,1,2,1,0
09:30:00,501203003,5,1,89,1,0
09:30:00,501203005,10,0,10,1,0
09:30:00,501203006,1,0,14,1,0
09:30:00,501203007,9,0,6,1,0
09:30:00,501203008,12,0,4,1,0
09:30:00,501203010,17,0,16,1,0
09:30:00,501203011,14,0,24,1,0
09:30:00,501203012,2,1,15,1,0
09:30:00,501203013,4,2,20,1,0
09:30:00,501203015,3,0,9,1,0
09:30:00,501203020,10,0,10,1,0
09:30:00,501203022,6,2,13,1,0
09:30:00,501203023,4,0,14,1,0
09:30:00,501203028,8,0,17,1,0
09:30:00,501203040,3,1,21,1,0
09:30:00,501203045,3,1,15,1,0
09:30:00,501203050,16,0,44,1,0
09:30:00,501203051,13,1,10,1,0
09:30:00,501203053,19,0,7,1,0
09:30:00,501203054,4,2,18,1,0
09:30:00,501203064,2,0,14,1,0
09:30:00,501203065,2,0,14,1,0
09:30:00,501203070,11,0,4,1,0
09:30:00,501203073,6,0,18,1,0
09:30:00,501203076,4,0,11,1,0
09:30:00,501203078,0,0,16,1,0
09:30:00,501203080,5,0,9,1,0
09:30:00,501203084,2,0,9,1,0
09:30:00,501203085,1,0,9,1,0
09:30:00,501203088,4,0,10,1,0
09:30:00,501203089,3,0,9,1,0
09:30:00,501203090,1,0,9,1,0
09:30:00,501203091,5,0,8,1,0
09:30:00,501203092,13,0,7,1,0
09:30:00,501203100,5,1,14,1,0
09:30:00,501203101,0,0,0,2,0
09:30:00,501203102,16,4,3,1,0
09:30:00,501203104,3,0,15,1,0
09:30:00,501203105,3,0,8,1,0
09:30:00,501203107,0,0,0,2,0
09:30:00,501203109,24,2,2,1,0
09:30:00,501203110,4,0,37,1,0
09:30:00,501203111,9,0,2,1,0
09:30:00,501203113,15,0,4,1,0
09:30:00,501203114,37,9,13,1,0
09:30:00,501203117,0,0,0,2,0
09:30:00,501203118,2,0,18,1,0
09:30:00,501203121,1,0,23,1,0
09:30:00,501203122,6,0,14,1,0
09:30:00,501203125,0,0,25,1,0
09:30:00,501203131,13,1,7,1,0
09:30:00,501203140,4,0,38,1,0
09:30:00,501203141,1,0,14,1,0
09:30:00,501203142,6,1,30,1,0
09:30:00,501203145,12,1,3,1,0
09:30:00,501203151,1,0,17,1,0
09:30:00,501203155,9,1,10,1,0
09:30:00,501203157,5,0,12,1,0
09:30:00,501203159,6,1,14,1,0
09:30:00,501203161,7,1,12,1,0
09:30:00,501203162,6,0,15,1,0
09:30:00,501203163,5,0,11,1,0
09:30:00,501204001,4,0,21,1,0
09:30:00,501204002,13,0,23,1,0
09:30:00,501204003,5,0,39,1,0
09:30:00,501204004,1,0,13,1,0
09:30:00,501204005,2,0,18,1,0
09:30:00,501204007,8,1,28,1,0
09:30:00,501204008,7,0,8,1,0
09:30:00,501204009,0,0,0,2,0
09:30:00,501204010,0,0,0,2,0
09:30:00,501204011,1,0,14,1,0
09:30:00,501204012,1,0,13,1,0
09:30:00,501204013,2,2,11,1,0
09:30:00,501204014,6,0,10,1,0
09:30:00,501204015,6,1,9,1,0
09:30:00,501204016,7,0,13,1,0
09:30:00,501204017,5,2,10,1,0
09:30:00,501204018,4,0,20,1,0
09:30:00,501204020,15,1,5,1,0
09:30:00,501204021,0,0,20,1,0
09:30:00,501204022,8,0,8,1,0
09:30:00,501204023,0,0,15,1,0
09:30:00,501204024,0,0,0,2,0
09:30:00,501204025,11,0,9,1,0
09:30:00,501205001,5,0,12,1,0
09:30:00,501205003,4,0,15,1,0
09:30:00,501205004,1,1,15,1,0
09:30:00,501205005,0,0,22,1,0
09:30:00,501205006,2,0,18,1,0
09:30:00,501205007,3,0,9,1,0
09:30:00,501205008,3,1,23,1,0
09:30:00,501205009,0,0,45,1,0
09:30:00,501205010,5,1,8,1,0
09:30:00,501205011,13,0,19,1,0
09:30:00,501205012,13,0,7,1,0
09:30:00,501205013,10,0,11,1,0
09:30:00,501205014,3,3,20,1,0
09:30:00,501205015,3,1,15,1,0
09:30:00,501205018,4,0,14,1,0
09:30:00,501205019,21,7,7,1,0
09:30:00,501205020,24,4,6,1,0
09:30:00,501205021,13,1,2,1,0
09:30:00,501205022,5,0,10,1,0
09:30:00,501205023,1,0,14,1,0
09:30:00,501205025,0,0,28,1,0
09:30:00,501205026,1,0,18,1,0
09:30:00,501205027,6,0,4,1,0
09:30:00,501205028,1,0,13,1,0
09:30:00,501205029,6,0,4,1,0
09:30:00,501205030,3,0,7,1,0
09:30:00,501205033,15,3,0,1,0
09:30:00,501205034,18,3,10,1,0
09:30:00,501205035,1,1,15,1,0
09:30:00,501205036,11,2,4,1,0
09:30:00,501205037,6,0,9,1,0
09:30:00,501205038,2,0,18,1,0
09:30:00,501205039,9,3,10,1,0
09:30:00,501205040,1,0,24,1,0
09:30:00,501205041,6,0,11,1,0
09:30:00,501205042,4,0,25,1,0
09:30:00,501208011,11,0,26,1,0
09:30:00,501208013,11,7,41,1,0
09:30:00,501208014,0,0,37,1,0
09:30:00,501208015,2,0,13,1,0
09:30:00,501208018,4,0,11,1,0
09:30:00,501208021,2,0,15,1,0
09:30:00,501208027,0,0,30,1,0
09:30:00,501208029,7,0,14,1,0
09:30:00,501208030,1,0,37,1,0
09:30:00,501208032,9,0,19,1,0
09:30:00,501208040,5,1,14,1,0
09:30:00,501208041,10,1,5,1,0
09:30:00,501208045,12,0,20,1,0
09:30:00,501208051,18,5,18,1,0
09:30:00,501208053,10,0,11,1,0
09:30:00,501208054,2,0,26,1,0
09:30:00,501208059,5,0,24,1,0
09:30:00,501208064,7,1,13,1,0
09:30:00,501208077,8,1,2,1,0
09:30:00,501208079,8,0,14,1,0
09:30:00,501208082,6,1,4,1,0
09:30:00,501208085,2,0,13,1,0
09:30:00,501208087,8,1,23,1,0
09:30:00,501208089,1,1,24,1,0
09:30:00,501208091,26,5,17,1,0
09:30:00,501208111,9,0,5,1,0
09:30:00,501208113,4,1,16,1,0
09:30:00,501208114,5,3,15,1,0
09:30:00,501208129,5,1,17,1,0
09:30:00,501208130,6,0,7,1,0
09:30:00,501209002,0,0,20,1,0
09:30:00,501209003,6,0,8,1,0
09:30:00,501209004,9,3,5,1,0
09:30:00,501209005,13,0,5,1,0
09:30:00,501209006,13,1,5,1,0
09:30:00,501209007,5,0,10,1,0
09:30:00,501209009,0,0,0,2,0
09:30:00,501209010,5,0,8,1,0
09:30:00,501209011,3,0,22,1,0
09:30:00,501209014,2,0,10,1,0
09:30:00,501209015,14,0,1,1,0
09:30:00,501209016,11,0,18,1,0
09:30:00,501209017,3,1,9,1,0
09:30:00,501209018,6,0,9,1,0
09:30:00,501209019,18,3,5,1,0
09:30:00,501209020,29,13,3,1,0
09:30:00,501209021,0,0,14,1,0
09:30:00,501209022,0,0,10,1,0
09:30:00,501209023,0,0,43,1,0
09:30:00,501209024,0,0,42,1,0
09:30:00,501209025,0,0,15,1,0
09:30:00,501209026,11,0,15,1,0
09:30:00,501209027,12,2,6,1,0
09:30:00,501209028,3,0,25,1,0
09:30:00,501209030,5,2,13,1,0
09:30:00,501209031,1,0,29,1,0
09:30:00,501209032,0,0,28,1,0
09:30:00,501209033,0,0,20,1,0
09:30:00,501209034,10,0,5,1,0
09:30:00,501209035,16,0,12,1,0
09:30:00,501209036,1,0,30,1,0
09:30:00,501209037,8,1,27,1,0
09:30:00,501209038,1,0,15,1,0
09:30:00,501209039,30,3,0,1,0
09:30:00,501209040,16,2,15,1,0
09:30:00,501209042,3,1,16,1,0
09:30:00,501209043,0,0,25,1,0
09:30:00,501209044,3,0,12,1,0
09:30:00,501209045,4,0,11,1,0
09:30:00,501209046,1,1,21,1,0
09:30:00,501209047,2,0,12,1,0
09:30:00,501209049,4,0,16,1,0
09:30:00,501209050,4,0,9,1,0
09:30:00,501209051,24,4,0,1,0
09:30:00,501209052,22,4,0,1,0
09:30:00,501209053,1,1,19,1,0
09:30:00,501209054,25,3,2,1,0
09:30:00,501209056,3,0,12,1,0
09:30:00,501209058,9,0,7,1,0
09:30:00,501209059,2,0,13,1,0
09:30:00,501209060,15,1,5,1,0
09:30:00,501209062,1,0,14,1,0
09:30:00,501209064,2,0,13,1,0
09:30:00,501209065,5,0,10,1,0
09:30:00,501209066,2,0,12,1,0
09:30:00,501209067,0,0,15,1,0
09:30:00,501209068,6,0,11,1,0
09:30:00,501209069,60,7,3,1,0
09:30:00,501209070,14,2,3,1,0
09:30:00,501209071,15,4,2,1,0
09:30:00,501209073,6,1,9,1,0
09:30:00,501209074,8,0,15,1,0
09:30:00,501209075,8,0,8,1,0
09:30:00,501209076,19,5,4,1,0
09:30:00,501209077,4,1,11,1,0
09:30:00,501209078,5,1,8,1,0
09:30:00,501209079,0,0,24,1,0
09:30:00,501209080,0,0,26,1,0
09:30:00,501209081,6,0,9,1,0
09:30:00,501209084,2,0,21,1,0
09:30:00,501209085,4,0,22,1,0
09:30:00,501209087,35,3,4,1,0
09:30:00,501209088,4,0,11,1,0
09:30:00,501209089,7,2,12,1,0
09:30:00,501209090,2,0,12,1,0
09:30:00,501209091,5,0,11,1,0
09:30:00,501209092,4,0,12,1,0
09:30:00,501209093,2,0,13,1,0
09:30:00,501209094,4,0,12,1,0
09:30:00,501209095,9,0,5,1,0
09:30:00,501209096,7,1,8,1,0
09:30:00,501209097,2,0,13,1,0
09:30:00,501209098,7,0,8,1,0
09:30:00,501209099,0,0,19,1,0
09:30:00,501209100,12,3,3,1,0
09:30:00,501209101,6,0,9,1,0
09:30:00,501209102,5,0,15,1,0
09:30:00,501209104,12,0,5,1,0
09:30:00,501209105,5,2,21,1,0
09:30:00,501209106,14,0,6,1,0
09:30:00,501211001,25,6,12,1,0
09:30:00,501211002,7,0,8,1,0
09:30:00,501211004,10,2,5,1,0
09:30:00,501211005,4,1,15,1,0
09:30:00,501211006,13,1,3,1,0
09:30:00,501211007,12,1,7,1,0
09:30:00,501211009,5,0,13,1,0
09:30:00,501211011,17,1,13,1,0
09:30:00,501211012,4,0,14,1,0
09:40:00,501201001,0,0,0,2,0
09:40:00,501201002,3,0,36,1,0
09:40:00,501201003,6,0,17,1,0
09:40:00,501201004,9,1,6,1,0
09:40:00,501201005,0,0,19,1,0
09:40:00,501201006,22,2,6,1,0
09:40:00,501201007,13,1,6,1,0
09:40:00,501201008,2,0,23,1,0
09:40:00,501201010,4,1,6,1,0
09:40:00,501201011,2,0,20,1,0
09:40:00,501201012,21,0,19,1,0
09:40:00,501201013,14,0,7,1,0
09:40:00,501201014,13,2,6,1,0
09:40:00,501201015,1,1,24,1,0
09:40:00,501201016,0,0,24,1,0
09:40:00,501201017,9,0,17,1,0
09:40:00,501201018,5,0,18,1,0
09:40:00,501201019,21,3,7,1,0
09:40:00,501201020,0,0,24,1,0
09:40:00,501201021,11,0,3,1,0
09:40:00,501201022,3,0,13,1,0
09:40:00,501201023,1,0,27,1,0
09:40:00,501201024,21,3,3,1,0
09:40:00,501201025,13,0,11,1,0
09:40:00,501201026,2,0,17,1,0
09:40:00,501201028,1,0,19,1,0
09:40:00,501201029,4,0,9,1,0
09:40:00,501201030,10,0,5,1,0
09:40:00,501201031,4,0,13,1,0
09:40:00,501202001,14,0,0,1,0
09:40:00,501202003,6,0,34,1,0
09:40:00,501202013,8,1,8,1,0
09:40:00,501202023,3,2,12,1,0
09:40:00,501202024,9,3,6,1,0
09:40:00,501202034,4,1,12,1,0
09:40:00,501202035,1,1,29,1,0
09:40:00,501202036,10,0,28,1,0
09:40:00,501202040,32,5,13,1,0
09:40:00,501202043,13,0,12,1,0
09:40:00,501202044,0,0,0,2,0
09:40:00,501202047,21,0,1,1,0
09:40:00,501202050,9,2,6,1,0
09:40:00,501202055,1,1,14,1,0
09:40:00,501202058,8,2,7,1,0
09:40:00,501202065,5,0,10,1,0
09:40:00,501202068,3,0,15,1,0
09:40:00,501202070,3,0,13,1,0
09:40:00,501202078,6,1,19,1,0
09:40:00,501202080,4,1,21,1,0
09:40:00,501202081,13,0,10,1,0
09:40:00,501202082,2,0,21,1,0
09:40:00,501202083,1,0,23,1,0
09:40:00,501202084,6,0,18,1,0
09:40:00,501202085,0,0,35,1,0
09:40:00,501202088,14,1,16,1,0
09:40:00,501202089,11,0,17,1,0
09:40:00,501202096,10,0,5,1,0
09:40:00,501203001,7,0,13,1,0
09:40:00,501203002,19,1,2,1,0
09:40:00,501203003,5,1,89,1,0
09:40:00,501203005,10,0,10,1,0
09:40:00,501203006,0,0,15,1,0
09:40:00,501203007,9,0,6,1,0
09:40:00,501203008,13,0,3,1,0
09:40:00,501203010,17,0,16,1,0
09:40:00,501203011,14,0,24,1,0
09:40:00,501203012,2,1,15,1,0
09:40:00,501203013,4,2,20,1,0
09:40:00,501203015,2,0,10,1,0
09:40:00,501203020,10,0,10,1,0
09:40:00,501203022,6,2,13,1,0
09:40:00,501203023,2,0,16,1,0
09:40:00,501203028,7,0,18,1,0
09:40:00,501203040,2,1,22,1,0
09:40:00,501203045,4,1,14,1,0
09:40:00,501203050,10,0,50,1,0
09:40:00,501203051,12,1,11,1,0
09:40:00,501203053,9,0,17,1,0
09:40:00,501203054,3,2,19,1,0
09:40:00,501203064,2,0,14,1,0
09:40:00,501203065,0,0,16,1,0
09:40:00,501203070,11,0,4,1,0
09:40:00,501203073,6,0,18,1,0
09:40:00,501203076,4,0,11,1,0
09:40:00,501203078,0,0,16,1,0
09:40:00,501203080,5,0,9,1,0
09:40:00,501203084,2,0,9,1,0
09:40:00,501203085,1,0,9,1,0
09:40:00,501203088,4,0,10,1,0
09:40:00,501203089,3,0,9,1,0
09:40:00,501203090,1,0,9,1,0
09:40:00,501203091,5,0,8,1,0
09:40:00,501203092,13,0,7,1,0
09:40:00,501203100,4,0,15,1,0
09:40:00,501203101,0,0,0,2,0
09:40:00,501203102,17,4,2,1,0
09:40:00,501203104,3,0,15,1,0
09:40:00,501203105,2,0,9,1,0
09:40:00,501203107,0,0,0,2,0
09:40:00,501203109,21,0,5,1,0
09:40:00,501203110,4,0,37,1,0
09:40:00,501203111,9,0,2,1,0
09:40:00,501203113,15,0,4,1,0
09:40:00,501203114,26,7,24,1,0
09:40:00,501203117,0,0,0,2,0
09:40:00,501203118,2,0,18,1,0
09:40:00,501203121,0,0,24,1,0
09:40:00,501203122,6,0,14,1,0
09:40:00,501203125,0,0,25,1,0
09:40:00,501203131,13,1,7,1,0
09:40:00,501203140,4,1,38,1,0
09:40:00,501203141,1,0,14,1,0
09:40:00,501203142,6,0,30,1,0
09:40:00,501203145,12,1,3,1,0
09:40:00,501203151,1,0,17,1,0
09:40:00,501203155,9,1,10,1,0
09:40:00,501203157,5,0,12,1,0
09:40:00,501203159,6,1,14,1,0
09:40:00,501203161,7,1,12,1,0
09:40:00,501203162,6,0,15,1,0
09:40:00,501203163,6,0,10,1,0
09:40:00,501204001,4,0,21,1,0
09:40:00,501204002,13,0,23,1,0
09:40:00,501204003,4,0,40,1,0
09:40:00,501204004,1,0,13,1,0
09:40:00,501204005,2,0,18,1,0
09:40:00,501204007,8,1,28,1,0
09:40:00,501204008,7,0,8,1,0
09:40:00,501204009,0,0,0,2,0
09:40:00,501204010,0,0,0,2,0
09:40:00,501204011,1,0,14,1,0
09:40:00,501204012,2,0,12,1,0
09:40:00,501204013,2,2,11,1,0
09:40:00,501204014,6,0,10,1,0
09:40:00,501204015,6,1,9,1,0
09:40:00,501204016,7,0,13,1,0
09:40:00,501204017,5,2,10,1,0
09:40:00,501204018,2,0,22,1,0
09:40:00,501204020,16,1,4,1,0
09:40:00,501204021,0,0,20,1,0
09:40:00,501204022,6,0,10,1,0
09:40:00,501204023,0,0,15,1,0
09:40:00,501204024,0,0,0,2,0
09:40:00,501204025,11,0,9,1,0
09:40:00,501205001,5,0,12,1,0
09:40:00,501205003,3,0,16,1,0
09:40:00,501205004,1,1,15,1,0
09:40:00,501205005,0,0,22,1,0
09:40:00,501205006,2,0,18,1,0
09:40:00,501205007,3,0,9,1,0
09:40:00,501205008,3,1,23,1,0
09:40:00,501205009,0,0,45,1,0
09:40:00,501205010,7,1,6,1,0
09:40:00,501205011,12,0,20,1,0
09:40:00,501205012,12,1,8,1,0
09:40:00,501205013,10,0,11,1,0
09:40:00,501205014,4,3,19,1,0
09:40:00,501205015,3,1,15,1,0
09:40:00,501205018,5,0,13,1,0
09:40:00,501205019,20,7,8,1,0
09:40:00,501205020,25,4,5,1,0
09:40:00,501205021,12,1,3,1,0
09:40:00,501205022,5,0,10,1,0
09:40:00,501205023,2,0,13,1,0
09:40:00,501205025,0,0,28,1,0
09:40:00,501205026,3,1,16,1,0
09:40:00,501205027,6,0,4,1,0
09:40:00,501205028,0,0,14,1,0
09:40:00,501205029,6,0,4,1,0
09:40:00,501205030,2,0,8,1,0
09:40:00,501205033,9,3,6,1,0
09:40:00,501205034,18,3,10,1,0
09:40:00,501205035,1,1,15,1,0
09:40:00,501205036,11,2,4,1,0
09:40:00,501205037,5,0,10,1,0
09:40:00,501205038,2,0,18,1,0
09:40:00,501205039,7,3,12,1,0
09:40:00,501205040,1,0,24,1,0
09:40:00,501205041,5,0,12,1,0
09:40:00,501205042,4,0,25,1,0
09:40:00,501208011,13,1,24,1,0
09:40:00,501208013,5,5,47,1,0
09:40:00,501208014,1,0,36,1,0
09:40:00,501208015,0,0,15,1,0
09:40:00,501208018,4,0,11,1,0
09:40:00,501208021,2,0,15,1,0
09:40:00,501208027,2,0,28,1,0
09:40:00,501208029,7,0,14,1,0
09:40:00,501208030,0,0,38,1,0
09:40:00,501208032,9,0,19,1,0
09:40:00,501208040,5,1,14,1,0
09:40:00,501208041,10,1,5,1,0
09:40:00,501208045,13,0,19,1,0
09:40:00,501208051,16,3,20,1,0
09:40:00,501208053,11,0,10,1,0
09:40:00,501208054,1,0,27,1,0
09:40:00,501208059,6,0,23,1,0
09:40:00,501208064,7,1,13,1,0
09:40:00,501208077,8,1,2,1,0
09:40:00,501208079,7,1,15,1,0
09:40:00,501208082,5,1,5,1,0
09:40:00,501208085,3,1,12,1,0
09:40:00,501208087,7,0,24,1,0
09:40:00,501208089,1,1,24,1,0
09:40:00,501208091,27,6,16,1,0
09:40:00,501208111,9,0,5,1,0
09:40:00,501208113,4,1,16,1,0
09:40:00,501208114,5,3,15,1,0
09:40:00,501208129,5,1,17,1,0
09:40:00,501208130,6,0,7,1,0
09:40:00,501209002,0,0,20,1,0
09:40:00,501209003,6,0,8,1,0
09:40:00,501209004,9,3,5,1,0
09:40:00,501209005,11,0,7,1,0
09:40:00,501209006,13,1,5,1,0
09:40:00,501209007,5,0,10,1,0
09:40:00,501209009,0,0,0,2,0
09:40:00,501209010,4,1,9,1,0
09:40:00,501209011,3,0,22,1,0
09:40:00,501209014,1,0,11,1,0
09:40:00,501209015,14,0,1,1,0
09:40:00,501209016,11,0,18,1,0
09:40:00,501209017,3,1,9,1,0
09:40:00,501209018,7,0,8,1,0
09:40:00,501209019,18,3,5,1,0
09:40:00,501209020,30,13,2,1,0
09:40:00,501209021,0,0,14,1,0
09:40:00,501209022,0,0,10,1,0
09:40:00,501209023,0,0,43,1,0
09:40:00,501209024,0,0,42,1,0
09:40:00,501209025,0,0,15,1,0
09:40:00,501209026,0,0,26,1,0
09:40:00,501209027,12,2,6,1,0
09:40:00,501209028,5,2,23,1,0
09:40:00,501209030,5,3,13,1,0
09:40:00,501209031,1,0,29,1,0
09:40:00,501209032,0,0,28,1,0
09:40:00,501209033,1,1,19,1,0
09:40:00,501209034,10,0,5,1,0
09:40:00,501209035,16,0,12,1,0
09:40:00,501209036,1,0,30,1,0
09:40:00,501209037,8,1,27,1,0
09:40:00,501209038,1,0,15,1,0
09:40:00,501209039,30,3,0,1,0
09:40:00,501209040,16,2,15,1,0
09:40:00,501209042,10,1,9,1,0
09:40:00,501209043,2,0,23,1,0
09:40:00,501209044,3,0,12,1,0
09:40:00,501209045,4,0,11,1,0
09:40:00,501209046,1,1,21,1,0
09:40:00,501209047,2,0,12,1,0
09:40:00,501209049,4,1,16,1,0
09:40:00,501209050,5,0,8,1,0
09:40:00,501209051,24,4,0,1,0
09:40:00,501209052,22,4,0,1,0
09:40:00,501209053,1,1,19,1,0
09:40:00,501209054,17,3,10,1,0
09:40:00,501209056,3,0,12,1,0
09:40:00,501209058,8,0,8,1,0
09:40:00,501209059,2,0,13,1,0
09:40:00,501209060,15,1,5,1,0
09:40:00,501209062,1,0,14,1,0
09:40:00,501209064,2,0,13,1,0
09:40:00,501209065,6,0,9,1,0
09:40:00,501209066,2,0,12,1,0
09:40:00,501209067,0,0,15,1,0
09:40:00,501209068,6,0,11,1,0
09:40:00,501209069,50,7,13,1,0
09:40:00,501209070,17,2,0,1,0
09:40:00,501209071,17,5,0,1,0
09:40:00,501209073,6,1,9,1,0
09:40:00,501209074,8,0,15,1,0
09:40:00,501209075,8,0,8,1,0
09:40:00,501209076,19,5,4,1,0
09:40:00,501209077,4,1,11,1,0
09:40:00,501209078,5,1,8,1,0
09:40:00,501209079,2,0,22,1,0
09:40:00,501209080,0,0,26,1,0
09:40:00,501209081,5,0,10,1,0
09:40:00,501209084,2,0,21,1,0
09:40:00,501209085,5,0,21,1,0
09:40:00,501209087,34,3,5,1,0
09:40:00,501209088,4,0,11,1,0
09:40:00,501209089,6,1,13,1,0
09:40:00,501209090,0,0,14,1,0
09:40:00,501209091,5,0,11,1,0
09:40:00,501209092,4,0,12,1,0
09:40:00,501209093,2,0,13,1,0
09:40:00,501209094,4,0,12,1,0
09:40:00,501209095,8,0,6,1,0
09:40:00,501209096,7,1,8,1,0
09:40:00,501209097,2,0,13,1,0
09:40:00,501209098,7,0,8,1,0
09:40:00,501209099,0,0,19,1,0
09:40:00,501209100,12,3,3,1,0
09:40:00,501209101,6,0,9,1,0
09:40:00,501209102,5,0,15,1,0
09:40:00,501209104,13,0,5,1,0
09:40:00,501209105,5,2,21,1,0
09:40:00,501209106,14,0,6,1,0
09:40:00,501211001,26,7,11,1,0
09:40:00,501211002,7,0,8,1,0
09:40:00,501211004,10,2,5,1,0
09:40:00,501211005,4,1,15,1,0
09:40:00,501211006,12,1,4,1,0
09:40:00,501211007,14,1,5,1,0
09:40:00,501211009,5,0,13,1,0
09:40:00,501211011,17,1,13,1,0
09:40:00,501211012,4,0,14,1,0
09:50:01,501201001,0,0,0,2,0
09:50:01,501201002,2,0,37,1,0
09:50:01,501201003,6,0,17,1,0
09:50:01,501201004,9,1,6,1,0
09:50:01,501201005,0,0,19,1,0
09:50:01,501201006,22,2,6,1,0
09:50:01,501201007,13,1,6,1,0
09:50:01,501201008,1,0,24,1,0
09:50:01,501201010,5,1,5,1,0
09:50:01,501201011,2,0,20,1,0
09:50:01,501201012,21,0,19,1,0
09:50:01,501201013,15,0,6,1,0
09:50:01,501201014,13,2,6,1,0
09:50:01,501201015,0,0,25,1,0
09:50:01,501201016,0,0,24,1,0
09:50:01,501201017,7,0,19,1,0
09:50:01,501201018,4,0,19,1,0
09:50:01,501201019,21,1,7,1,0
09:50:01,501201020,7,0,17,1,0
09:50:01,501201021,11,0,3,1,0
09:50:01,501201022,3,0,13,1,0
09:50:01,501201023,1,0,27,1,0
09:50:01,501201024,21,3,3,1,0
09:50:01,501201025,12,0,12,1,0
09:50:01,501201026,2,0,17,1,0
09:50:01,501201028,1,0,19,1,0
09:50:01,501201029,4,0,9,1,0
09:50:01,501201030,10,0,5,1,0
09:50:01,501201031,4,0,13,1,0
09:50:01,501202001,14,0,0,1,0
09:50:01,501202003,6,0,34,1,0
09:50:01,501202013,8,1,8,1,0
09:50:01,501202023,4,2,11,1,0
09:50:01,501202024,11,4,4,1,0
09:50:01,501202034,3,1,13,1,0
09:50:01,501202035,0,0,30,1,0
09:50:01,501202036,9,0,29,1,0
09:50:01,501202040,32,4,13,1,0
09:50:01,501202043,12,0,13,1,0
09:50:01,501202044,0,0,0,2,0
09:50:01,501202047,21,0,1,1,0
09:50:01,501202050,9,2,6,1,0
09:50:01,501202055,3,2,12,1,0
09:50:01,501202058,8,2,7,1,0
09:50:01,501202065,5,0,10,1,0
09:50:01,501202068,3,0,15,1,0
09:50:01,501202070,4,1,12,1,0
09:50:01,501202078,6,1,19,1,0
09:50:01,501202080,4,1,21,1,0
09:50:01,501202081,12,0,11,1,0
09:50:01,501202082,3,0,20,1,0
09:50:01,501202083,2,0,22,1,0
09:50:01,501202084,5,0,19,1,0
09:50:01,501202085,0,0,35,1,0
09:50:01,501202088,13,1,17,1,0
09:50:01,501202089,13,0,15,1,0
09:50:01,501202096,10,0,5,1,0
09:50:01,501203001,8,0,12,1,0
09:50:01,501203002,13,1,8,1,0
09:50:01,501203003,6,1,88,1,0
09:50:01,501203005,10,0,10,1,0
09:50:01,501203006,0,0,15,1,0
09:50:01,501203007,9,0,6,1,0
09:50:01,501203008,13,0,3,1,0
09:50:01,501203010,17,0,16,1,0
09:50:01,501203011,14,0,24,1,0
09:50:01,501203012,2,1,15,1,0
09:50:01,501203013,5,2,19,1,0
09:50:01,501203015,2,0,10,1,0
09:50:01,501203020,12,0,8,1,0
09:50:01,501203022,5,1,14,1,0
09:50:01,501203023,1,0,17,1,0
09:50:01,501203028,7,0,18,1,0
09:50:01,501203040,3,1,21,1,0
09:50:01,501203045,2,0,16,1,0
09:50:01,501203050,10,0,50,1,0
09:50:01,501203051,14,1,9,1,0
09:50:01,501203053,10,0,16,1,0
09:50:01,501203054,3,2,19,1,0
09:50:01,501203064,2,0,14,1,0
09:50:01,501203065,0,0,16,1,0
09:50:01,501203070,11,0,4,1,0
09:50:01,501203073,6,0,18,1,0
09:50:01,501203076,4,0,11,1,0
09:50:01,501203078,0,0,16,1,0
09:50:01,501203080,5,0,9,1,0
09:50:01,501203084,2,0,9,1,0
09:50:01,501203085,1,0,9,1,0
09:50:01,501203088,6,0,8,1,0
09:50:01,501203089,3,0,9,1,0
09:50:01,501203090,1,0,9,1,0
09:50:01,501203091,5,0,8,1,0
09:50:01,501203092,13,0,7,1,0
09:50:01,501203100,5,1,14,1,0
09:50:01,501203101,0,0,0,2,0
09:50:01,501203102,17,4,2,1,0
09:50:01,501203104,3,0,15,1,0
09:50:01,501203105,3,0,8,1,0
09:50:01,501203107,0,0,0,2,0
09:50:01,501203109,24,0,2,1,0
09:50:01,501203110,3,0,38,1,0
09:50:01,501203111,8,0,3,1,0
09:50:01,501203113,15,0,4,1,0
09:50:01,501203114,29,6,21,1,0
09:50:01,501203117,0,0,0,2,0
09:50:01,501203118,2,0,18,1,0
09:50:01,501203121,0,0,24,1,0
09:50:01,501203122,6,0,14,1,0
09:50:01,501203125,0,0,25,1,0
09:50:01,501203131,12,1,8,1,0
09:50:01,501203140,3,1,39,1,0
09:50:01,501203141,1,0,14,1,0
09:50:01,501203142,6,0,30,1,0
09:50:01,501203145,12,1,3,1,0
09:50:01,501203151,1,0,17,1,0
09:50:01,501203155,9,1,10,1,0
09:50:01,501203157,5,0,12,1,0
09:50:01,501203159,6,1,14,1,0
09:50:01,501203161,7,1,12,1,0
09:50:01,501203162,5,0,16,1,0
09:50:01,501203163,6,0,10,1,0
09:50:01,501204001,4,0,21,1,0
09:50:01,501204002,13,0,23,1,0
09:50:01,501204003,3,0,41,1,0
09:50:01,501204004,1,0,13,1,0
09:50:01,501204005,2,0,18,1,0
09:50:01,501204007,8,1,28,1,0
09:50:01,501204008,7,0,8,1,0
09:50:01,501204009,0,0,0,2,0
09:50:01,501204010,0,0,0,2,0
09:50:01,501204011,1,0,14,1,0
09:50:01,501204012,1,0,13,1,0
09:50:01,501204013,1,1,12,1,0
09:50:01,501204014,5,0,11,1,0
09:50:01,501204015,6,1,9,1,0
09:50:01,501204016,7,0,13,1,0
09:50:01,501204017,4,1,11,1,0
09:50:01,501204018,2,0,22,1,0
09:50:01,501204020,15,1,5,1,0
09:50:01,501204021,0,0,20,1,0
09:50:01,501204022,6,0,10,1,0
09:50:01,501204023,0,0,15,1,0
09:50:01,501204024,0,0,0,2,0
09:50:01,501204025,11,0,9,1,0
09:50:01,501205001,6,0,11,1,0
09:50:01,501205003,1,0,18,1,0
09:50:01,501205004,1,1,15,1,0
09:50:01,501205005,0,0,22,1,0
09:50:01,501205006,3,0,17,1,0
09:50:01,501205007,5,0,7,1,0
09:50:01,501205008,1,1,25,1,0
09:50:01,501205009,0,0,45,1,0
09:50:01,501205010,8,0,5,1,0
09:50:01,501205011,12,0,20,1,0
09:50:01,501205012,13,1,7,1,0
09:50:01,501205013,10,0,11,1,0
09:50:01,501205014,4,3,19,1,0
09:50:01,501205015,2,1,16,1,0
09:50:01,501205018,4,0,14,1,0
09:50:01,501205019,20,7,8,1,0
09:50:01,501205020,26,3,4,1,0
09:50:01,501205021,12,1,3,1,0
09:50:01,501205022,6,0,9,1,0
09:50:01,501205023,1,0,14,1,0
09:50:01,501205025,0,0,28,1,0
09:50:01,501205026,3,1,16,1,0
09:50:01,501205027,6,0,4,1,0
09:50:01,501205028,2,1,12,1,0
09:50:01,501205029,6,0,4,1,0
09:50:01,501205030,2,0,8,1,0
09:50:01,501205033,9,3,6,1,0
09:50:01,501205034,19,4,9,1,0
09:50:01,501205035,1,1,15,1,0
09:50:01,501205036,12,3,3,1,0
09:50:01,501205037,4,0,11,1,0
09:50:01,501205038,1,0,19,1,0
09:50:01,501205039,7,3,12,1,0
09:50:01,501205040,1,0,24,1,0
09:50:01,501205041,3,0,14,1,0
09:50:01,501205042,5,0,24,1,0
09:50:01,501208011,11,1,25,1,0
09:50:01,501208013,3,3,49,1,0
09:50:01,501208014,1,0,36,1,0
09:50:01,501208015,0,0,15,1,0
09:50:01,501208018,4,0,11,1,0
09:50:01,501208021,2,0,15,1,0
09:50:01,501208027,2,0,28,1,0
09:50:01,501208029,9,1,12,1,0
09:50:01,501208030,0,0,38,1,0
09:50:01,501208032,9,0,19,1,0
09:50:01,501208040,5,1,14,1,0
09:50:01,501208041,10,1,5,1,0
09:50:01,501208045,13,0,19,1,0
09:50:01,501208051,22,4,14,1,0
09:50:01,501208053,12,0,9,1,0
09:50:01,501208054,2,1,26,1,0
09:50:01,501208059,5,0,24,1,0
09:50:01,501208064,7,1,13,1,0
09:50:01,501208077,8,1,2,1,0
09:50:01,501208079,7,1,15,1,0
09:50:01,501208082,5,1,5,1,0
09:50:01,501208085,3,1,12,1,0
09:50:01,501208087,6,0,25,1,0
09:50:01,501208089,2,1,23,1,0
09:50:01,501208091,28,7,15,1,0
09:50:01,501208111,10,0,4,1,0
09:50:01,501208113,4,1,16,1,0
09:50:01,501208114,5,3,15,1,0
09:50:01,501208129,5,1,17,1,0
09:50:01,501208130,6,0,7,1,0
09:50:01,501209002,0,0,20,1,0
09:50:01,501209003,6,0,8,1,0
09:50:01,501209004,11,3,3,1,0
09:50:01,501209005,11,0,7,1,0
09:50:01,501209006,13,1,5,1,0
09:50:01,501209007,4,0,11,1,0
09:50:01,501209009,0,0,0,2,0
09:50:01,501209010,4,1,9,1,0
09:50:01,501209011,2,0,23,1,0
09:50:01,501209014,1,0,11,1,0
09:50:01,501209015,14,0,1,1,0
09:50:01,501209016,9,0,20,1,0
09:50:01,501209017,2,0,10,1,0
09:50:01,501209018,5,0,10,1,0
09:50:01,501209019,18,3,5,1,0
09:50:01,501209020,30,13,2,1,0
09:50:01,501209021,0,0,14,1,0
09:50:01,501209022,0,0,10,1,0
09:50:01,501209023,0,0,43,1,0
09:50:01,501209024,0,0,42,1,0
09:50:01,501209025,1,0,14,1,0
09:50:01,501209026,0,0,26,1,0
09:50:01,501209027,12,2,6,1,0
09:50:01,501209028,4,1,24,1,0
09:50:01,501209030,5,3,13,1,0
09:50:01,501209031,1,0,29,1,0
09:50:01,501209032,0,0,28,1,0
09:50:01,501209033,1,1,19,1,0
09:50:01,501209034,9,0,6,1,0
09:50:01,501209035,16,0,12,1,0
09:50:01,501209036,1,0,30,1,0
09:50:01,501209037,8,1,27,1,0
09:50:01,501209038,1,0,15,1,0
09:50:01,501209039,30,3,0,1,0
09:50:01,501209040,19,2,12,1,0
09:50:01,501209042,8,1,11,1,0
09:50:01,501209043,2,0,23,1,0
09:50:01,501209044,2,0,13,1,0
09:50:01,501209045,3,0,12,1,0
09:50:01,501209046,1,1,21,1,0
09:50:01,501209047,2,0,12,1,0
09:50:01,501209049,7,1,13,1,0
09:50:01,501209050,5,0,8,1,0
09:50:01,501209051,23,4,1,1,0
09:50:01,501209052,22,4,0,1,0
09:50:01,501209053,1,1,19,1,0
09:50:01,501209054,23,3,4,1,0
09:50:01,501209056,3,0,12,1,0
09:50:01,501209058,7,0,9,1,0
09:50:01,501209059,2,0,13,1,0
09:50:01,501209060,15,1,5,1,0
09:50:01,501209062,1,0,14,1,0
09:50:01,501209064,2,0,13,1,0
09:50:01,501209065,6,0,9,1,0
09:50:01,501209066,2,0,12,1,0
09:50:01,501209067,0,0,15,1,0
09:50:01,501209068,6,0,11,1,0
09:50:01,501209069,53,7,10,1,0
09:50:01,501209070,17,1,0,1,0
09:50:01,501209071,16,4,1,1,0
09:50:01,501209073,6,1,9,1,0
09:50:01,501209074,8,0,15,1,0
09:50:01,501209075,8,0,8,1,0
09:50:01,501209076,19,5,4,1,0
09:50:01,501209077,3,1,12,1,0
09:50:01,501209078,6,1,7,1,0
09:50:01,501209079,1,0,23,1,0
09:50:01,501209080,0,0,26,1,0
09:50:01,501209081,5,0,10,1,0
09:50:01,501209084,2,0,21,1,0
09:50:01,501209085,5,0,21,1,0
09:50:01,501209087,34,3,5,1,0
09:50:01,501209088,4,0,11,1,0
09:50:01,501209089,6,1,13,1,0
09:50:01,501209090,1,1,13,1,0
09:50:01,501209091,6,0,10,1,0
09:50:01,501209092,4,0,12,1,0
09:50:01,501209093,2,0,13,1,0
09:50:01,501209094,4,0,12,1,0
09:50:01,501209095,8,0,6,1,0
09:50:01,501209096,7,1,8,1,0
09:50:01,501209097,2,0,13,1,0
09:50:01,501209098,7,0,8,1,0
09:50:01,501209099,0,0,19,1,0
09:50:01,501209100,12,3,3,1,0
09:50:01,501209101,6,0,9,1,0
09:50:01,501209102,5,0,15,1,0
09:50:01,501209104,11,0,7,1,0
09:50:01,501209105,5,2,21,1,0
09:50:01,501209106,14,0,6,1,0
09:50:01,501211001,26,7,11,1,0
09:50:01,501211002,7,0,8,1,0
09:50:01,501211004,10,2,5,1,0
09:50:01,501211005,4,1,15,1,0
09:50:01,501211006,10,1,6,1,0
09:50:01,501211007,12,1,7,1,0
09:50:01,501211009,4,0,14,1,0
09:50:01,501211011,17,1,13,1,0
09:50:01,501211012,4,0,14,1,0
10:00:00,501201001,0,0,0,2,0
10:00:00,501201002,1,0,38,1,0
10:00:00,501201003,6,0,17,1,0
10:00:00,501201004,7,1,8,1,0
10:00:00,501201005,0,0,19,1,0
10:00:00,501201006,21,1,7,1,0
10:00:00,501201007,13,1,6,1,0
10:00:00,501201008,1,0,24,1,0
10:00:00,501201010,5,1,5,1,0
10:00:00,501201011,1,0,21,1,0
10:00:00,501201012,22,0,18,1,0
10:00:00,501201013,15,0,6,1,0
10:00:00,501201014,13,2,6,1,0
10:00:00,501201015,0,0,25,1,0
10:00:00,501201016,8,0,16,1,0
10:00:00,501201017,9,0,17,1,0
10:00:00,501201018,4,0,19,1,0
10:00:00,501201019,22,1,6,1,0
10:00:00,501201020,7,0,17,1,0
10:00:00,501201021,11,0,3,1,0
10:00:00,501201022,3,0,13,1,0
10:00:00,501201023,0,0,28,1,0
10:00:00,501201024,22,3,2,1,0
10:00:00,501201025,14,1,10,1,0
10:00:00,501201026,1,0,18,1,0
10:00:00,501201028,0,0,20,1,0
10:00:00,501201029,5,0,8,1,0
10:00:00,501201030,11,1,4,1,0
10:00:00,501201031,5,0,12,1,0
10:00:00,501202001,12,0,2,1,0
10:00:00,501202003,7,0,33,1,0
10:00:00,501202013,8,1,8,1,0
10:00:00,501202023,4,2,11,1,0
10:00:00,501202024,12,3,3,1,0
10:00:00,501202034,3,1,13,1,0
10:00:00,501202035,1,0,29,1,0
10:00:00,501202036,9,0,29,1,0
10:00:00,501202040,32,4,13,1,0
10:00:00,501202043,12,0,13,1,0
10:00:00,501202044,0,0,0,2,0
10:00:00,501202047,21,0,1,1,0
10:00:00,501202050,9,2,6,1,0
10:00:00,501202055,3,2,12,1,0
10:00:00,501202058,8,1,7,1,0
10:00:00,501202065,5,0,10,1,0
10:00:00,501202068,3,0,15,1,0
10:00:00,501202070,4,1,12,1,0
10:00:00,501202078,6,1,19,1,0
10:00:00,501202080,4,1,21,1,0
10:00:00,501202081,11,0,12,1,0
10:00:00,501202082,4,0,19,1,0
10:00:00,501202083,3,0,21,1,0
10:00:00,501202084,5,0,19,1,0
10:00:00,501202085,0,0,35,1,0
10:00:00,501202088,13,1,17,1,0
10:00:00,501202089,13,0,15,1,0
10:00:00,501202096,9,0,6,1,0
10:00:00,501203001,9,0,11,1,0
10:00:00,501203002,13,1,8,1,0
10:00:00,501203003,6,2,88,1,0
10:00:00,501203005,10,0,10,1,0
10:00:00,501203006,1,0,14,1,0
10:00:00,501203007,9,0,6,1,0
10:00:00,501203008,13,0,3,1,0
10:00:00,501203010,17,0,16,1,0
10:00:00,501203011,15,0,23,1,0
10:00:00,501203012,1,0,16,1,0
10:00:00,501203013,4,1,20,1,0
10:00:00,501203015,2,0,10,1,0
10:00:00,501203020,12,0,8,1,0
10:00:00,501203022,3,1,16,1,0
10:00:00,501203023,0,0,18,1,0
10:00:00,501203028,5,0,20,1,0
10:00:00,501203040,3,1,21,1,0
10:00:00,501203045,3,1,15,1,0
10:00:00,501203050,2,0,58,1,0
10:00:00,501203051,11,0,12,1,0
10:00:00,501203053,9,0,17,1,0
10:00:00,501203054,2,2,20,1,0
10:00:00,501203064,1,0,15,1,0
10:00:00,501203065,0,0,16,1,0
10:00:00,501203070,11,0,4,1,0
10:00:00,501203073,6,0,18,1,0
10:00:00,501203076,4,0,11,1,0
10:00:00,501203078,0,0,16,1,0
10:00:00,501203080,5,0,9,1,0
10:00:00,501203084,2,0,9,1,0
10:00:00,501203085,1,0,9,1,0
10:00:00,501203088,7,1,7,1,0
10:00:00,501203089,3,0,9,1,0
10:00:00,501203090,1,0,9,1,0
10:00:00,501203091,5,0,8,1,0
10:00:00,501203092,13,0,7,1,0
10:00:00,501203100,5,1,14,1,0
10:00:00,501203101,0,0,0,2,0
10:00:00,501203102,16,3,3,1,0
10:00:00,501203104,2,0,16,1,0
10:00:00,501203105,3,0,8,1,0
10:00:00,501203107,0,0,0,2,0
10:00:00,501203109,24,0,2,1,0
10:00:00,501203110,3,0,38,1,0
10:00:00,501203111,10,0,1,1,0
10:00:00,501203113,15,0,4,1,0
10:00:00,501203114,38,6,12,1,0
10:00:00,501203117,0,0,0,2,0
10:00:00,501203118,3,0,17,1,0
10:00:00,501203121,0,0,24,1,0
10:00:00,501203122,6,0,14,1,0
10:00:00,501203125,2,0,23,1,0
10:00:00,501203131,12,1,8,1,0
10:00:00,501203140,5,1,37,1,0
10:00:00,501203141,1,0,14,1,0
10:00:00,501203142,6,0,30,1,0
10:00:00,501203145,12,1,3,1,0
10:00:00,501203151,1,0,17,1,0
10:00:00,501203155,9,1,10,1,0
10:00:00,501203157,5,0,12,1,0
10:00:00,501203159,5,1,15,1,0
10:00:00,501203161,7,1,12,1,0
10:00:00,501203162,4,0,17,1,0
10:00:00,501203163,6,0,10,1,0
10:00:00,501204001,4,0,21,1,0
10:00:00,501204002,14,0,22,1,0
10:00:00,501204003,2,0,42,1,0
10:00:00,501204004,1,0,13,1,0
10:00:00,501204005,2,0,18,1,0
10:00:00,501204007,10,1,26,1,0
10:00:00,501204008,6,0,9,1,0
10:00:00,501204009,0,0,0,2,0
10:00:00,501204010,0,0,0,2,0
10:00:00,501204011,1,0,14,1,0
10:00:00,501204012,1,0,13,1,0
10:00:00,501204013,1,0,12,1,0
10:00:00,501204014,6,0,10,1,0
10:00:00,501204015,5,0,10,1,0
10:00:00,501204016,7,0,13,1,0
10:00:00,501204017,4,1,11,1,0
10:00:00,501204018,2,0,22,1,0
10:00:00,501204020,15,1,5,1,0
10:00:00,501204021,1,0,19,1,0
10:00:00,501204022,5,0,11,1,0
10:00:00,501204023,0,0,15,1,0
10:00:00,501204024,0,0,0,2,0
10:00:00,501204025,11,0,9,1,0
10:00:00,501205001,6,0,11,1,0
10:00:00,501205003,0,0,19,1,0
10:00:00,501205004,1,1,15,1,0
10:00:00,501205005,1,0,21,1,0
10:00:00,501205006,3,0,17,1,0
10:00:00,501205007,5,0,7,1,0
10:00:00,501205008,1,1,25,1,0
10:00:00,501205009,0,0,45,1,0
10:00:00,501205010,9,1,4,1,0
10:00:00,501205011,12,0,20,1,0
10:00:00,501205012,14,1,6,1,0
10:00:00,501205013,8,0,13,1,0
10:00:00,501205014,5,3,18,1,0
10:00:00,501205015,2,1,16,1,0
10:00:00,501205018,2,0,16,1,0
10:00:00,501205019,21,9,7,1,0
10:00:00,501205020,24,3,6,1,0
10:00:00,501205021,13,2,2,1,0
10:00:00,501205022,6,0,9,1,0
10:00:00,501205023,1,0,14,1,0
10:00:00,501205025,1,0,27,1,0
10:00:00,501205026,1,0,18,1,0
10:00:00,501205027,6,0,4,1,0
10:00:00,501205028,1,0,13,1,0
10:00:00,501205029,6,0,4,1,0
10:00:00,501205030,2,0,8,1,0
10:00:00,501205033,8,2,7,1,0
10:00:00,501205034,19,4,9,1,0
10:00:00,501205035,2,1,14,1,0
10:00:00,501205036,12,3,3,1,0
10:00:00,501205037,4,1,11,1,0
10:00:00,501205038,0,0,20,1,0
10:00:00,501205039,6,3,13,1,0
10:00:00,501205040,1,0,24,1,0
10:00:00,501205041,3,0,14,1,0
10:00:00,501205042,6,0,23,1,0
10:00:00,501208011,8,0,28,1,0
10:00:00,501208013,1,0,52,1,0
10:00:00,501208014,0,0,37,1,0
10:00:00,501208015,0,0,15,1,0
10:00:00,501208018,4,0,11,1,0
10:00:00,501208021,2,0,15,1,0
10:00:00,501208027,2,0,28,1,0
10:00:00,501208029,8,1,13,1,0
10:00:00,501208030,0,0,38,1,0
10:00:00,501208032,9,0,19,1,0
10:00:00,501208040,5,1,14,1,0
10:00:00,501208041,10,1,5,1,0
10:00:00,501208045,13,0,19,1,0
10:00:00,501208051,24,4,12,1,0
10:00:00,501208053,10,0,11,1,0
10:00:00,501208054,5,2,23,1,0
10:00:00,501208059,5,0,24,1,0
10:00:00,501208064,7,1,13,1,0
10:00:00,501208077,7,0,3,1,0
10:00:00,501208079,7,1,15,1,0
10:00:00,501208082,7,2,3,1,0
10:00:00,501208085,3,1,12,1,0
10:00:00,501208087,6,0,25,1,0
10:00:00,501208089,4,1,21,1,0
10:00:00,501208091,28,7,15,1,0
10:00:00,501208111,9,0,5,1,0
10:00:00,501208113,4,1,16,1,0
10:00:00,501208114,5,3,15,1,0
10:00:00,501208129,5,1,17,1,0
10:00:00,501208130,6,0,7,1,0
10:00:00,501209002,2,0,18,1,0
10:00:00,501209003,6,0,8,1,0
10:00:00,501209004,14,3,0,1,0
10:00:00,501209005,11,0,7,1,0
10:00:00,501209006,14,2,4,1,0
10:00:00,501209007,4,0,11,1,0
10:00:00,501209009,0,0,0,2,0
10:00:00,501209010,4,1,9,1,0
10:00:00,501209011,3,0,22,1,0
10:00:00,501209014,1,0,11,1,0
10:00:00,501209015,13,0,2,1,0
10:00:00,501209016,10,0,19,1,0
10:00:00,501209017,3,0,9,1,0
10:00:00,501209018,4,0,11,1,0
10:00:00,501209019,18,3,5,1,0
10:00:00,501209020,30,13,2,1,0
10:00:00,501209021,0,0,14,1,0
10:00:00,501209022,4,0,6,1,0
10:00:00,501209023,2,0,41,1,0
10:00:00,501209024,0,0,42,1,0
10:00:00,501209025,1,0,14,1,0
10:00:00,501209026,0,0,26,1,0
10:00:00,501209027,12,2,6,1,0
10:00:00,501209028,2,1,26,1,0
10:00:00,501209030,4,2,14,1,0
10:00:00,501209031,1,0,29,1,0
10:00:00,501209032,2,0,26,1,0
10:00:00,501209033,1,1,19,1,0
10:00:00,501209034,9,0,6,1,0
10:00:00,501209035,16,0,12,1,0
10:00:00,501209036,0,0,31,1,0
10:00:00,501209037,8,1,27,1,0
10:00:00,501209038,1,0,15,1,0
10:00:00,501209039,26,3,4,1,0
10:00:00,501209040,22,3,9,1,0
10:00:00,501209042,3,1,16,1,0
10:00:00,501209043,2,0,23,1,0
10:00:00,501209044,1,0,14,1,0
10:00:00,501209045,1,0,14,1,0
10:00:00,501209046,2,1,20,1,0
10:00:00,501209047,3,0,11,1,0
10:00:00,501209049,7,1,13,1,0
10:00:00,501209050,5,0,8,1,0
10:00:00,501209051,24,4,0,1,0
10:00:00,501209052,22,4,0,1,0
10:00:00,501209053,1,1,19,1,0
10:00:00,501209054,22,3,5,1,0
10:00:00,501209056,3,0,12,1,0
10:00:00,501209058,10,0,6,1,0
10:00:00,501209059,1,0,14,1,0
10:00:00,501209060,15,1,5,1,0
10:00:00,501209062,1,0,14,1,0
10:00:00,501209064,2,0,13,1,0
10:00:00,501209065,6,0,9,1,0
10:00:00,501209066,1,0,13,1,0
10:00:00,501209067,0,0,15,1,0
10:00:00,501209068,6,0,11,1,0
10:00:00,501209069,59,8,4,1,0
10:00:00,501209070,16,1,1,1,0
10:00:00,501209071,11,4,6,1,0
10:00:00,501209073,7,1,8,1,0
10:00:00,501209074,8,0,15,1,0
10:00:00,501209075,9,0,7,1,0
10:00:00,501209076,19,5,4,1,0
10:00:00,501209077,4,1,11,1,0
10:00:00,501209078,6,1,7,1,0
10:00:00,501209079,1,0,23,1,0
10:00:00,501209080,2,1,24,1,0
10:00:00,501209081,4,0,11,1,0
10:00:00,501209084,2,0,21,1,0
10:00:00,501209085,4,0,22,1,0
10:00:00,501209087,34,3,5,1,0
10:00:00,501209088,4,0,11,1,0
10:00:00,501209089,6,1,13,1,0
10:00:00,501209090,1,1,13,1,0
10:00:00,501209091,5,0,11,1,0
10:00:00,501209092,4,0,12,1,0
10:00:00,501209093,2,0,13,1,0
10:00:00,501209094,4,0,12,1,0
10:00:00,501209095,10,0,4,1,0
10:00:00,501209096,7,1,8,1,0
10:00:00,501209097,2,0,13,1,0
10:00:00,501209098,7,0,8,1,0
10:00:00,501209099,0,0,19,1,0
10:00:00,501209100,12,3,3,1,0
10:00:00,501209101,6,0,9,1,0
10:00:00,501209102,5,0,15,1,0
10:00:00,501209104,9,0,9,1,0
10:00:00,501209105,5,2,21,1,0
10:00:00,501209106,14,0,6,1,0
10:00:00,501211001,26,7,11,1,0
10:00:00,501211002,7,0,8,1,0
10:00:00,501211004,10,2,5,1,0
10:00:00,501211005,4,1,15,1,0
10:00:00,501211006,10,1,6,1,0
10:00:00,501211007,12,1,7,1,0
10:00:00,501211009,4,0,14,1,0
10:00:00,501211011,17,1,13,1,0
10:00:00,501211012,4,0,14,1,0
10:10:00,501201001,0,0,0,2,0
10:10:00,501201002,0,0,39,1,0
10:10:00,501201003,5,0,18,1,0
10:10:00,501201004,7,1,8,1,0
10:10:00,501201005,0,0,19,1,0
10:10:00,501201006,21,1,7,1,0
10:10:00,501201007,14,1,5,1,0
10:10:00,501201008,1,0,24,1,0
10:10:00,501201010,6,1,4,1,0
10:10:00,501201011,1,0,21,1,0
10:10:00,501201012,22,0,18,1,0
10:10:00,501201013,17,0,5,1,0
10:10:00,501201014,12,1,7,1,0
10:10:00,501201015,0,0,25,1,0
10:10:00,501201016,7,0,17,1,0
10:10:00,501201017,9,0,17,1,0
10:10:00,501201018,4,0,19,1,0
10:10:00,501201019,22,1,6,1,0
10:10:00,501201020,7,0,17,1,0
10:10:00,501201021,11,0,3,1,0
10:10:00,501201022,3,0,13,1,0
10:10:00,501201023,0,0,28,1,0
10:10:00,501201024,21,3,3,1,0
10:10:00,501201025,14,1,10,1,0
10:10:00,501201026,1,0,18,1,0
10:10:00,501201028,0,0,20,1,0
10:10:00,501201029,5,0,8,1,0
10:10:00,501201030,10,0,5,1,0
10:10:00,501201031,5,0,12,1,0
10:10:00,501202001,12,0,2,1,0
10:10:00,501202003,7,0,33,1,0
10:10:00,501202013,8,1,8,1,0
10:10:00,501202023,4,2,11,1,0
10:10:00,501202024,11,2,4,1,0
10:10:00,501202034,1,1,15,1,0
10:10:00,501202035,1,0,29,1,0
10:10:00,501202036,7,0,31,1,0
10:10:00,501202040,32,3,13,1,0
10:10:00,501202043,11,0,14,1,0
10:10:00,501202044,0,0,0,2,0
10:10:00,501202047,21,0,1,1,0
10:10:00,501202050,9,2,6,1,0
10:10:00,501202055,5,3,10,1,0
10:10:00,501202058,8,1,7,1,0
10:10:00,501202065,5,0,10,1,0
10:10:00,501202068,3,0,15,1,0
10:10:00,501202070,4,1,12,1,0
10:10:00,501202078,6,1,19,1,0
10:10:00,501202080,4,1,21,1,0
10:10:00,501202081,11,0,12,1,0
10:10:00,501202082,4,0,19,1,0
10:10:00,501202083,2,0,22,1,0
10:10:00,501202084,5,0,19,1,0
10:10:00,501202085,1,0,34,1,0
10:10:00,501202088,14,1,16,1,0
10:10:00,501202089,13,0,15,1,0
10:10:00,501202096,9,0,6,1,0
10:10:00,501203001,8,0,12,1,0
10:10:00,501203002,12,1,9,1,0
10:10:00,501203003,7,2,87,1,0
10:10:00,501203005,10,0,10,1,0
10:10:00,501203006,2,1,13,1,0
10:10:00,501203007,9,0,6,1,0
10:10:00,501203008,13,0,3,1,0
10:10:00,501203010,17,0,16,1,0
10:10:00,501203011,15,0,23,1,0
10:10:00,501203012,1,0,16,1,0
10:10:00,501203013,6,2,18,1,0
10:10:00,501203015,1,0,11,1,0
10:10:00,501203020,12,0,8,1,0
10:10:00,501203022,1,1,18,1,0
10:10:00,501203023,1,1,17,1,0
10:10:00,501203028,5,0,20,1,0
10:10:00,501203040,3,1,21,1,0
10:10:00,501203045,2,0,16,1,0
10:10:00,501203050,12,0,48,1,0
10:10:00,501203051,11,0,12,1,0
10:10:00,501203053,10,0,16,1,0
10:10:00,501203054,2,2,20,1,0
10:10:00,501203064,0,0,16,1,0
10:10:00,501203065,0,0,16,1,0
10:10:00,501203070,11,0,4,1,0
10:10:00,501203073,6,0,18,1,0
10:10:00,501203076,4,0,11,1,0
10:10:00,501203078,0,0,16,1,0
10:10:00,501203080,8,0,6,1,0
10:10:00,501203084,1,0,10,1,0
10:10:00,501203085,1,0,9,1,0
10:10:00,501203088,8,2,6,1,0
10:10:00,501203089,3,0,9,1,0
10:10:00,501203090,1,0,9,1,0
10:10:00,501203091,5,0,8,1,0
10:10:00,501203092,13,0,7,1,0
10:10:00,501203100,5,1,14,1,0
10:10:00,501203101,0,0,0,2,0
10:10:00,501203102,16,3,3,1,0
10:10:00,501203104,2,0,16,1,0
10:10:00,501203105,3,0,8,1,0
10:10:00,501203107,0,0,0,2,0
10:10:00,501203109,23,0,3,1,0
10:10:00,501203110,4,0,37,1,0
10:10:00,501203111,9,0,2,1,0
10:10:00,501203113,15,0,4,1,0
10:10:00,501203114,46,6,4,1,0
10:10:00,501203117,0,0,0,2,0
10:10:00,501203118,3,0,17,1,0
10:10:00,501203121,0,0,24,1,0
10:10:00,501203122,6,0,14,1,0
10:10:00,501203125,2,0,23,1,0
10:10:00,501203131,13,1,7,1,0
10:10:00,501203140,5,1,37,1,0
10:10:00,501203141,1,0,14,1,0
10:10:00,501203142,4,0,32,1,0
10:10:00,501203145,11,0,4,1,0
10:10:00,501203151,1,0,17,1,0
10:10:00,501203155,9,1,10,1,0
10:10:00,501203157,5,0,12,1,0
10:10:00,501203159,6,1,14,1,0
10:10:00,501203161,7,1,12,1,0
10:10:00,501203162,5,0,16,1,0
10:10:00,501203163,6,0,10,1,0
10:10:00,501204001,3,0,22,1,0
10:10:00,501204002,14,0,22,1,0
10:10:00,501204003,2,0,42,1,0
10:10:00,501204004,1,0,13,1,0
10:10:00,501204005,2,0,18,1,0
10:10:00,501204007,11,1,25,1,0
10:10:00,501204008,7,0,8,1,0
10:10:00,501204009,0,0,0,2,0
10:10:00,501204010,0,0,0,2,0
10:10:00,501204011,1,0,14,1,0
10:10:00,501204012,1,0,13,1,0
10:10:00,501204013,1,0,12,1,0
10:10:00,501204014,7,0,9,1,0
10:10:00,501204015,5,0,10,1,0
10:10:00,501204016,6,0,14,1,0
10:10:00,501204017,3,0,12,1,0
10:10:00,501204018,2,0,22,1,0
10:10:00,501204020,16,1,4,1,0
10:10:00,501204021,0,0,20,1,0
10:10:00,501204022,5,0,11,1,0
10:10:00,501204023,0,0,15,1,0
10:10:00,501204024,0,0,0,2,0
10:10:00,501204025,10,0,10,1,0
10:10:00,501205001,6,0,11,1,0
10:10:00,501205003,1,0,18,1,0
10:10:00,501205004,1,1,15,1,0
10:10:00,501205005,1,0,21,1,0
10:10:00,501205006,4,0,16,1,0
10:10:00,501205007,2,0,10,1,0
10:10:00,501205008,1,1,25,1,0
10:10:00,501205009,0,0,45,1,0
10:10:00,501205010,9,1,4,1,0
10:10:00,501205011,12,0,20,1,0
10:10:00,501205012,14,1,6,1,0
10:10:00,501205013,8,0,13,1,0
10:10:00,501205014,5,3,18,1,0
10:10:00,501205015,1,0,17,1,0
10:10:00,501205018,1,0,17,1,0
10:10:00,501205019,22,9,6,1,0
10:10:00,501205020,24,3,6,1,0
10:10:00,501205021,15,2,0,1,0
10:10:00,501205022,6,0,9,1,0
10:10:00,501205023,1,0,14,1,0
10:10:00,501205025,0,0,28,1,0
10:10:00,501205026,3,0,16,1,0
10:10:00,501205027,6,0,4,1,0
10:10:00,501205028,3,0,11,1,0
10:10:00,501205029,7,1,3,1,0
10:10:00,501205030,2,0,8,1,0
10:10:00,501205033,8,2,7,1,0
10:10:00,501205034,19,4,9,1,0
10:10:00,501205035,2,1,14,1,0
10:10:00,501205036,12,3,3,1,0
10:10:00,501205037,4,1,11,1,0
10:10:00,501205038,0,0,20,1,0
10:10:00,501205039,3,3,16,1,0
10:10:00,501205040,1,0,24,1,0
10:10:00,501205041,5,2,12,1,0
10:10:00,501205042,7,0,22,1,0
10:10:00,501208011,8,0,28,1,0
10:10:00,501208013,2,0,51,1,0
10:10:00,501208014,0,0,37,1,0
10:10:00,501208015,2,0,13,1,0
10:10:00,501208018,5,0,10,1,0
10:10:00,501208021,2,0,15,1,0
10:10:00,501208027,2,0,28,1,0
10:10:00,501208029,8,1,13,1,0
10:10:00,501208030,6,0,32,1,0
10:10:00,501208032,9,0,19,1,0
10:10:00,501208040,5,1,14,1,0
10:10:00,501208041,10,1,5,1,0
10:10:00,501208045,14,0,18,1,0
10:10:00,501208051,22,4,14,1,0
10:10:00,501208053,10,0,11,1,0
10:10:00,501208054,7,3,21,1,0
10:10:00,501208059,5,0,24,1,0
10:10:00,501208064,7,1,13,1,0
10:10:00,501208077,7,0,3,1,0
10:10:00,501208079,7,1,15,1,0
10:10:00,501208082,7,2,3,1,0
10:10:00,501208085,2,1,13,1,0
10:10:00,501208087,6,0,25,1,0
10:10:00,501208089,4,1,21,1,0
10:10:00,501208091,30,8,13,1,0
10:10:00,501208111,9,0,5,1,0
10:10:00,501208113,4,1,16,1,0
10:10:00,501208114,5,3,15,1,0
10:10:00,501208129,5,1,17,1,0
10:10:00,501208130,6,0,7,1,0
10:10:00,501209002,2,0,18,1,0
10:10:00,501209003,6,0,8,1,0
10:10:00,501209004,14,3,0,1,0
10:10:00,501209005,12,0,6,1,0
10:10:00,501209006,14,2,4,1,0
10:10:00,501209007,4,0,11,1,0
10:10:00,501209009,0,0,0,2,0
10:10:00,501209010,4,1,9,1,0
10:10:00,501209011,3,0,22,1,0
10:10:00,501209014,1,0,11,1,0
10:10:00,501209015,13,0,2,1,0
10:10:00,501209016,11,0,18,1,0
10:10:00,501209017,4,0,8,1,0
10:10:00,501209018,4,1,11,1,0
10:10:00,501209019,18,3,5,1,0
10:10:00,501209020,30,13,2,1,0
10:10:00,501209021,0,0,14,1,0
10:10:00,501209022,4,0,6,1,0
10:10:00,501209023,1,0,42,1,0
10:10:00,501209024,0,0,42,1,0
10:10:00,501209025,0,0,15,1,0
10:10:00,501209026,0,0,25,1,0
10:10:00,501209027,11,2,7,1,0
10:10:00,501209028,2,1,26,1,0
10:10:00,501209030,4,2,14,1,0
10:10:00,501209031,1,0,29,1,0
10:10:00,501209032,2,0,26,1,0
10:10:00,501209033,1,1,19,1,0
10:10:00,501209034,9,0,6,1,0
10:10:00,501209035,16,0,12,1,0
10:10:00,501209036,0,0,31,1,0
10:10:00,501209037,8,1,27,1,0
10:10:00,501209038,1,0,15,1,0
10:10:00,501209039,26,3,4,1,0
10:10:00,501209040,26,3,5,1,0
10:10:00,501209042,1,1,18,1,0
10:10:00,501209043,2,0,23,1,0
10:10:00,501209044,2,0,13,1,0
10:10:00,501209045,1,0,14,1,0
10:10:00,501209046,2,1,20,1,0
10:10:00,501209047,3,0,11,1,0
10:10:00,501209049,5,0,15,1,0
10:10:00,501209050,5,0,8,1,0
10:10:00,501209051,21,3,3,1,0
10:10:00,501209052,22,4,0,1,0
10:10:00,501209053,1,1,19,1,0
10:10:00,501209054,19,0,8,1,0
10:10:00,501209056,3,0,12,1,0
10:10:00,501209058,10,0,6,1,0
10:10:00,501209059,2,0,13,1,0
10:10:00,501209060,15,1,5,1,0
10:10:00,501209062,1,0,14,1,0
10:10:00,501209064,2,0,13,1,0
10:10:00,501209065,6,0,9,1,0
10:10:00,501209066,2,0,12,1,0
10:10:00,501209067,0,0,15,1,0
10:10:00,501209068,6,0,11,1,0
10:10:00,501209069,62,7,0,1,0
10:10:00,501209070,13,1,4,1,0
10:10:00,501209071,11,3,6,1,0
10:10:00,501209073,7,1,8,1,0
10:10:00,501209074,9,0,14,1,0
10:10:00,501209075,10,1,6,1,0
10:10:00,501209076,19,5,4,1,0
10:10:00,501209077,4,1,11,1,0
10:10:00,501209078,6,1,7,1,0
10:10:00,501209079,0,0,24,1,0
10:10:00,501209080,2,1,24,1,0
10:10:00,501209081,4,0,11,1,0
10:10:00,501209084,2,0,21,1,0
10:10:00,501209085,4,0,22,1,0
10:10:00,501209087,35,3,4,1,0
10:10:00,501209088,4,0,11,1,0
10:10:00,501209089,6,1,13,1,0
10:10:00,501209090,1,1,13,1,0
10:10:00,501209091,5,0,11,1,0
10:10:00,501209092,4,0,12,1,0
10:10:00,501209093,2,0,13,1,0
10:10:00,501209094,4,0,12,1,0
10:10:00,501209095,11,0,3,1,0
10:10:00,501209096,7,1,8,1,0
10:10:00,501209097,2,0,13,1,0
10:10:00,501209098,7,0,8,1,0
10:10:00,501209099,0,0,19,1,0
10:10:00,501209100,10,1,5,1,0
10:10:00,501209101,6,0,9,1,0
10:10:00,501209102,5,0,15,1,0
10:10:00,501209104,9,1,9,1,0
10:10:00,501209105,6,2,20,1,0
10:10:00,501209106,14,0,6,1,0
10:10:00,501211001,26,7,11,1,0
10:10:00,501211002,7,0,8,1,0
10:10:00,501211004,10,2,5,1,0
10:10:00,501211005,4,1,15,1,0
10:10:00,501211006,10,1,6,1,0
10:10:00,501211007,12,1,7,1,0
10:10:00,501211009,4,0,14,1,0
10:10:00,501211011,17,1,13,1,0
10:10:00,501211012,4,0,14,1,0
10:20:00,501201001,0,0,0,2,0
10:20:00,501201002,0,0,39,1,0
10:20:00,501201003,4,0,19,1,0
10:20:00,501201004,6,0,9,1,0
10:20:00,501201005,0,0,19,1,0
10:20:00,501201006,21,1,7,1,0
10:20:00,501201007,13,1,6,1,0
10:20:00,501201008,1,0,24,1,0
10:20:00,501201010,5,1,5,1,0
10:20:00,501201011,2,0,20,1,0
10:20:00,501201012,22,0,18,1,0
10:20:00,501201013,17,0,5,1,0
10:20:00,501201014,12,1,7,1,0
10:20:00,501201015,0,0,25,1,0
10:20:00,501201016,7,0,17,1,0
10:20:00,501201017,10,0,16,1,0
10:20:00,501201018,4,1,19,1,0
10:20:00,501201019,23,1,5,1,0
10:20:00,501201020,7,0,17,1,0
10:20:00,501201021,11,0,3,1,0
10:20:00,501201022,3,0,13,1,0
10:20:00,501201023,0,0,28,1,0
10:20:00,501201024,18,3,6,1,0
10:20:00,501201025,15,1,9,1,0
10:20:00,501201026,2,1,17,1,0
10:20:00,501201028,0,0,20,1,0
10:20:00,501201029,5,0,8,1,0
10:20:00,501201030,10,0,5,1,0
10:20:00,501201031,6,1,11,1,0
10:20:00,501202001,11,0,3,1,0
10:20:00,501202003,5,0,35,1,0
10:20:00,501202013,8,1,8,1,0
10:20:00,501202023,3,2,12,1,0
10:20:00,501202024,12,3,3,1,0
10:20:00,501202034,1,1,15,1,0
10:20:00,501202035,1,0,29,1,0
10:20:00,501202036,6,0,32,1,0
10:20:00,501202040,31,3,14,1,0
10:20:00,501202043,14,0,11,1,0
10:20:00,501202044,0,0,0,2,0
10:20:00,501202047,21,0,1,1,0
10:20:00,501202050,9,1,6,1,0
10:20:00,501202055,9,4,6,1,0
10:20:00,501202058,8,1,7,1,0
10:20:00,501202065,5,0,10,1,0
10:20:00,501202068,3,0,15,1,0
10:20:00,501202070,4,1,12,1,0
10:20:00,501202078,5,0,20,1,0
10:20:00,501202080,4,0,22,1,0
10:20:00,501202081,11,0,12,1,0
10:20:00,501202082,3,0,20,1,0
10:20:00,501202083,0,0,24,1,0
10:20:00,501202084,6,1,18,1,0
10:20:00,501202085,1,0,34,1,0
10:20:00,501202088,14,1,16,1,0
10:20:00,501202089,13,0,15,1,0
10:20:00,501202096,9,0,6,1,0
10:20:00,501203001,7,0,13,1,0
10:20:00,501203002,13,1,8,1,0
10:20:00,501203003,8,2,86,1,0
10:20:00,501203005,10,0,10,1,0
10:20:00,501203006,3,1,12,1,0
10:20:00,501203007,9,0,6,1,0
10:20:00,501203008,12,0,4,1,0
10:20:00,501203010,18,0,15,1,0
10:20:00,501203011,15,0,23,1,0
10:20:00,501203012,1,0,16,1,0
10:20:00,501203013,6,2,18,1,0
10:20:00,501203015,1,0,11,1,0
10:20:00,501203020,11,0,9,1,0
10:20:00,501203022,2,1,17,1,0
10:20:00,501203023,1,1,17,1,0
10:20:00,501203028,4,0,21,1,0
10:20:00,501203040,4,1,20,1,0
10:20:00,501203045,4,0,14,1,0
10:20:00,501203050,10,0,50,1,0
10:20:00,501203051,10,0,13,1,0
10:20:00,501203053,9,0,17,1,0
10:20:00,501203054,3,2,19,1,0
10:20:00,501203064,0,0,16,1,0
10:20:00,501203065,0,0,16,1,0
10:20:00,501203070,11,0,4,1,0
10:20:00,501203073,6,0,18,1,0
10:20:00,501203076,4,0,11,1,0
10:20:00,501203078,0,0,16,1,0
10:20:00,501203080,7,0,7,1,0
10:20:00,501203084,0,0,11,1,0
10:20:00,501203085,1,0,9,1,0
10:20:00,501203088,7,2,7,1,0
10:20:00,501203089,3,0,9,1,0
10:20:00,501203090,1,0,9,1,0
10:20:00,501203091,5,0,8,1,0
10:20:00,501203092,13,0,7,1,0
10:20:00,501203100,5,1,14,1,0
10:20:00,501203101,0,0,0,2,0
10:20:00,501203102,16,3,3,1,0
10:20:00,501203104,2,0,16,1,0
10:20:00,501203105,2,0,9,1,0
10:20:00,501203107,0,0,0,2,0
10:20:00,501203109,23,0,3,1,0
10:20:00,501203110,5,0,36,1,0
10:20:00,501203111,10,1,1,1,0
10:20:00,501203113,15,0,4,1,0
10:20:00,501203114,42,6,8,1,0
10:20:00,501203117,0,0,0,2,0
10:20:00,501203118,3,0,17,1,0
10:20:00,501203121,0,0,24,1,0
10:20:00,501203122,6,0,14,1,0
10:20:00,501203125,0,0,25,1,0
10:20:00,501203131,13,1,7,1,0
10:20:00,501203140,5,1,37,1,0
10:20:00,501203141,1,0,14,1,0
10:20:00,501203142,5,0,31,1,0
10:20:00,501203145,11,0,4,1,0
10:20:00,501203151,1,0,17,1,0
10:20:00,501203155,9,1,10,1,0
10:20:00,501203157,5,0,12,1,0
10:20:00,501203159,6,1,14,1,0
10:20:00,501203161,7,1,12,1,0
10:20:00,501203162,5,0,16,1,0
10:20:00,501203163,6,0,10,1,0
10:20:00,501204001,4,0,21,1,0
10:20:00,501204002,16,0,20,1,0
10:20:00,501204003,3,0,41,1,0
10:20:00,501204004,1,0,13,1,0
10:20:00,501204005,1,0,19,1,0
10:20:00,501204007,11,0,25,1,0
10:20:00,501204008,7,0,8,1,0
10:20:00,501204009,0,0,0,2,0
10:20:00,501204010,0,0,0,2,0
10:20:00,501204011,2,0,13,1,0
10:20:00,501204012,1,0,13,1,0
10:20:00,501204013,2,0,11,1,0
10:20:00,501204014,7,0,9,1,0
10:20:00,501204015,6,0,9,1,0
10:20:00,501204016,7,1,13,1,0
10:20:00,501204017,2,0,13,1,0
10:20:00,501204018,2,0,22,1,0
10:20:00,501204020,14,0,6,1,0
10:20:00,501204021,0,0,20,1,0
10:20:00,501204022,5,0,11,1,0
10:20:00,501204023,0,0,15,1,0
10:20:00,501204024,0,0,0,2,0
10:20:00,501204025,10,0,10,1,0
10:20:00,501205001,6,0,11,1,0
10:20:00,501205003,0,0,19,1,0
10:20:00,501205004,0,0,16,1,0
10:20:00,501205005,0,0,22,1,0
10:20:00,501205006,3,0,17,1,0
10:20:00,501205007,2,0,10,1,0
10:20:00,501205008,1,1,25,1,0
10:20:00,501205009,2,0,43,1,0
10:20:00,501205010,9,1,4,1,0
10:20:00,501205011,12,0,20,1,0
10:20:00,501205012,14,1,6,1,0
10:20:00,501205013,9,1,12,1,0
10:20:00,501205014,4,2,19,1,0
10:20:00,501205015,1,0,17,1,0
10:20:00,501205018,1,0,17,1,0
10:20:00,501205019,22,9,6,1,0
10:20:00,501205020,24,3,6,1,0
10:20:00,501205021,14,2,1,1,0
10:20:00,501205022,6,0,9,1,0
10:20:00,501205023,1,0,14,1,0
10:20:00,501205025,0,0,28,1,0
10:20:00,501205026,2,0,17,1,0
10:20:00,501205027,6,0,4,1,0
10:20:00,501205028,2,0,12,1,0
10:20:00,501205029,7,1,3,1,0
10:20:00,501205030,2,0,8,1,0
10:20:00,501205033,8,2,7,1,0
10:20:00,501205034,20,5,8,1,0
10:20:00,501205035,1,1,15,1,0
10:20:00,501205036,10,2,5,1,0
10:20:00,501205037,5,1,10,1,0
10:20:00,501205038,0,0,20,1,0
10:20:00,501205039,2,1,17,1,0
10:20:00,501205040,1,0,24,1,0
10:20:00,501205041,5,2,12,1,0
10:20:00,501205042,7,0,22,1,0
10:20:00,501208011,7,0,29,1,0
10:20:00,501208013,2,0,51,1,0
10:20:00,501208014,8,0,29,1,0
10:20:00,501208015,2,0,13,1,0
10:20:00,501208018,5,0,10,1,0
10:20:00,501208021,3,0,14,1,0
10:20:00,501208027,2,0,28,1,0
10:20:00,501208029,9,1,12,1,0
10:20:00,501208030,6,0,32,1,0
10:20:00,501208032,9,0,19,1,0
10:20:00,501208040,5,1,14,1,0
10:20:00,501208041,10,1,5,1,0
10:20:00,501208045,14,0,18,1,0
10:20:00,501208051,20,2,16,1,0
10:20:00,501208053,9,0,12,1,0
10:20:00,501208054,7,3,21,1,0
10:20:00,501208059,6,0,23,1,0
10:20:00,501208064,7,1,13,1,0
10:20:00,501208077,8,0,2,1,0
10:20:00,501208079,7,1,15,1,0
10:20:00,501208082,6,1,4,1,0
10:20:00,501208085,2,0,13,1,0
10:20:00,501208087,5,0,26,1,0
10:20:00,501208089,3,1,22,1,0
10:20:00,501208091,32,10,11,1,0
10:20:00,501208111,9,0,5,1,0
10:20:00,501208113,4,1,16,1,0
10:20:00,501208114,5,3,15,1,0
10:20:00,501208129,5,1,17,1,0
10:20:00,501208130,6,0,7,1,0
10:20:00,501209002,1,0,19,1,0
10:20:00,501209003,6,0,8,1,0
10:20:00,501209004,13,2,1,1,0
10:20:00,501209005,11,0,7,1,0
10:20:00,501209006,13,2,5,1,0
10:20:00,501209007,4,0,11,1,0
10:20:00,501209009,0,0,0,2,0
10:20:00,501209010,4,1,9,1,0
10:20:00,501209011,3,0,22,1,0
10:20:00,501209014,1,0,11,1,0
10:20:00,501209015,13,0,2,1,0
10:20:00,501209016,11,0,18,1,0
10:20:00,501209017,5,0,7,1,0
10:20:00,501209018,3,1,12,1,0
10:20:00,501209019,16,1,7,1,0
10:20:00,501209020,30,13,2,1,0
10:20:00,501209021,0,0,14,1,0
10:20:00,501209022,3,0,7,1,0
10:20:00,501209023,0,0,43,1,0
10:20:00,501209024,0,0,42,1,0
10:20:00,501209025,0,0,15,1,0
10:20:00,501209026,1,1,24,1,0
10:20:00,501209027,10,2,8,1,0
10:20:00,501209028,1,0,27,1,0
10:20:00,501209030,3,2,15,1,0
10:20:00,501209031,1,0,29,1,0
10:20:00,501209032,2,0,26,1,0
10:20:00,501209033,1,1,19,1,0
10:20:00,501209034,8,0,7,1,0
10:20:00,501209035,16,0,12,1,0
10:20:00,501209036,1,0,30,1,0
10:20:00,501209037,8,1,27,1,0
10:20:00,501209038,1,0,15,1,0
10:20:00,501209039,27,3,3,1,0
10:20:00,501209040,28,4,3,1,0
10:20:00,501209042,1,1,18,1,0
10:20:00,501209043,3,0,22,1,0
10:20:00,501209044,2,0,13,1,0
10:20:00,501209045,1,0,14,1,0
10:20:00,501209046,2,1,20,1,0
10:20:00,501209047,2,0,12,1,0
10:20:00,501209049,2,0,18,1,0
10:20:00,501209050,4,0,9,1,0
10:20:00,501209051,24,4,0,1,0
10:20:00,501209052,22,4,0,1,0
10:20:00,501209053,1,1,19,1,0
10:20:00,501209054,20,0,7,1,0
10:20:00,501209056,3,0,12,1,0
10:20:00,501209058,9,0,7,1,0
10:20:00,501209059,2,0,13,1,0
10:20:00,501209060,16,2,4,1,0
10:20:00,501209062,0,0,15,1,0
10:20:00,501209064,2,0,13,1,0
10:20:00,501209065,5,0,10,1,0
10:20:00,501209066,1,0,12,1,0
10:20:00,501209067,0,0,15,1,0
10:20:00,501209068,6,0,11,1,0
10:20:00,501209069,62,7,0,1,0
10:20:00,501209070,10,0,7,1,0
10:20:00,501209071,12,4,5,1,0
10:20:00,501209073,7,1,8,1,0
10:20:00,501209074,9,0,14,1,0
10:20:00,501209075,9,1,7,1,0
10:20:00,501209076,19,5,4,1,0
10:20:00,501209077,4,1,11,1,0
10:20:00,501209078,6,1,7,1,0
10:20:00,501209079,0,0,24,1,0
10:20:00,501209080,2,1,24,1,0
10:20:00,501209081,4,0,11,1,0
10:20:00,501209084,2,0,21,1,0
10:20:00,501209085,3,0,23,1,0
10:20:00,501209087,35,3,4,1,0
10:20:00,501209088,4,0,11,1,0
10:20:00,501209089,7,2,12,1,0
10:20:00,501209090,1,1,13,1,0
10:20:00,501209091,3,0,13,1,0
10:20:00,501209092,4,0,12,1,0
10:20:00,501209093,2,0,13,1,0
10:20:00,501209094,4,0,12,1,0
10:20:00,501209095,11,0,3,1,0
10:20:00,501209096,7,1,8,1,0
10:20:00,501209097,2,0,13,1,0
10:20:00,501209098,7,0,8,1,0
10:20:00,501209099,2,0,17,1,0
10:20:00,501209100,12,3,3,1,0
10:20:00,501209101,6,0,9,1,0
10:20:00,501209102,5,0,15,1,0
10:20:00,501209104,8,1,10,1,0
10:20:00,501209105,6,2,20,1,0
10:20:00,501209106,14,0,6,1,0
10:20:00,501211001,27,8,10,1,0
10:20:00,501211002,7,0,8,1,0
10:20:00,501211004,10,2,5,1,0
10:20:00,501211005,4,1,15,1,0
10:20:00,501211006,10,1,6,1,0
10:20:00,501211007,13,2,6,1,0
10:20:00,501211009,3,0,15,1,0
10:20:00,501211011,17,1,13,1,0
10:20:00,501211012,4,0,14,1,0
10:30:00,501201001,0,0,0,2,0
10:30:00,501201002,0,0,39,1,0
10:30:00,501201003,4,0,19,1,0
10:30:00,501201004,7,0,8,1,0
10:30:00,501201005,6,0,13,1,0
10:30:00,501201006,21,1,7,1,0
10:30:00,501201007,12,1,7,1,0
10:30:00,501201008,1,0,24,1,0
10:30:00,501201010,5,1,5,1,0
10:30:00,501201011,3,0,19,1,0
10:30:00,501201012,24,1,16,1,0
10:30:00,501201013,17,0,5,1,0
10:30:00,501201014,13,1,6,1,0
10:30:00,501201015,0,0,25,1,0
10:30:00,501201016,7,0,17,1,0
10:30:00,501201017,11,0,15,1,0
10:30:00,501201018,3,0,20,1,0
10:30:00,501201019,21,0,7,1,0
10:30:00,501201020,8,0,16,1,0
10:30:00,501201021,13,0,1,1,0
10:30:00,501201022,3,0,13,1,0
10:30:00,501201023,0,0,28,1,0
10:30:00,501201024,18,3,6,1,0
10:30:00,501201025,14,0,10,1,0
10:30:00,501201026,1,0,18,1,0
10:30:00,501201028,0,0,20,1,0
10:30:00,501201029,5,0,8,1,0
10:30:00,501201030,10,0,5,1,0
10:30:00,501201031,6,0,11,1,0
10:30:00,501202001,10,0,4,1,0
10:30:00,501202003,5,0,35,1,0
10:30:00,501202013,8,1,8,1,0
10:30:00,501202023,3,2,12,1,0
10:30:00,501202024,12,3,3,1,0
10:30:00,501202034,4,1,12,1,0
10:30:00,501202035,1,0,29,1,0
10:30:00,501202036,7,1,31,1,0
10:30:00,501202040,30,3,15,1,0
10:30:00,501202043,14,0,11,1,0
10:30:00,501202044,0,0,0,2,0
10:30:00,501202047,21,0,1,1,0
10:30:00,501202050,9,1,6,1,0
10:30:00,501202055,9,4,6,1,0
10:30:00,501202058,8,1,7,1,0
10:30:00,501202065,7,1,8,1,0
10:30:00,501202068,5,1,13,1,0
10:30:00,501202070,4,1,12,1,0
10:30:00,501202078,7,0,18,1,0
10:30:00,501202080,3,1,23,1,0
10:30:00,501202081,14,0,9,1,0
10:30:00,501202082,3,0,20,1,0
10:30:00,501202083,0,0,24,1,0
10:30:00,501202084,7,1,17,1,0
10:30:00,501202085,2,1,33,1,0
10:30:00,501202088,13,1,17,1,0
10:30:00,501202089,13,0,15,1,0
10:30:00,501202096,9,0,6,1,0
10:30:00,501203001,7,0,13,1,0
10:30:00,501203002,13,2,8,1,0
10:30:00,501203003,8,2,86,1,0
10:30:00,501203005,10,0,10,1,0
10:30:00,501203006,3,1,12,1,0
10:30:00,501203007,9,0,6,1,0
10:30:00,501203008,12,0,4,1,0
10:30:00,501203010,17,0,16,1,0
10:30:00,501203011,15,0,23,1,0
10:30:00,501203012,2,0,15,1,0
10:30:00,501203013,6,2,18,1,0
10:30:00,501203015,1,0,11,1,0
10:30:00,501203020,9,0,11,1,0
10:30:00,501203022,1,1,18,1,0
10:30:00,501203023,3,2,15,1,0
10:30:00,501203028,3,0,22,1,0
10:30:00,501203040,3,1,21,1,0
10:30:00,501203045,4,0,14,1,0
10:30:00,501203050,0,0,60,1,0
10:30:00,501203051,10,0,13,1,0
10:30:00,501203053,7,0,19,1,0
10:30:00,501203054,3,2,19,1,0
10:30:00,501203064,0,0,16,1,0
10:30:00,501203065,0,0,16,1,0
10:30:00,501203070,11,0,4,1,0
10:30:00,501203073,6,0,18,1,0
10:30:00,501203076,4,0,11,1,0
10:30:00,501203078,0,0,16,1,0
10:30:00,501203080,4,0,10,1,0
10:30:00,501203084,0,0,11,1,0
10:30:00,501203085,1,0,9,1,0
10:30:00,501203088,7,2,7,1,0
10:30:00,501203089,3,0,9,1,0
10:30:00,501203090,1,0,9,1,0
10:30:00,501203091,5,0,8,1,0
10:30:00,501203092,13,0,7,1,0
10:30:00,501203100,6,2,13,1,0
10:30:00,501203101,0,0,0,2,0
10:30:00,501203102,15,1,4,1,0
10:30:00,501203104,3,0,15,1,0
10:30:00,501203105,2,0,9,1,0
10:30:00,501203107,0,0,0,2,0
10:30:00,501203109,25,0,1,1,0
10:30:00,501203110,7,0,34,1,0
10:30:00,501203111,9,1,2,1,0
10:30:00,501203113,15,0,4,1,0
10:30:00,501203114,33,4,17,1,0
10:30:00,501203117,0,0,0,2,0
10:30:00,501203118,3,0,17,1,0
10:30:00,501203121,0,0,24,1,0
10:30:00,501203122,6,0,14,1,0
10:30:00,501203125,1,0,24,1,0
10:30:00,501203131,13,1,7,1,0
10:30:00,501203140,5,1,37,1,0
10:30:00,501203141,1,0,14,1,0
10:30:00,501203142,6,0,30,1,0
10:30:00,501203145,11,0,4,1,0
10:30:00,501203151,1,0,17,1,0
10:30:00,501203155,8,0,11,1,0
10:30:00,501203157,5,0,12,1,0
10:30:00,501203159,6,1,14,1,0
10:30:00,501203161,7,1,12,1,0
10:30:00,501203162,4,0,17,1,0
10:30:00,501203163,6,0,10,1,0
10:30:00,501204001,4,0,21,1,0
10:30:00,501204002,16,0,20,1,0
10:30:00,501204003,4,1,40,1,0
10:30:00,501204004,1,0,13,1,0
10:30:00,501204005,1,0,19,1,0
10:30:00,501204007,11,0,25,1,0
10:30:00,501204008,5,0,10,1,0
10:30:00,501204009,0,0,0,2,0
10:30:00,501204010,0,0,0,2,0
10:30:00,501204011,2,0,13,1,0
10:30:00,501204012,1,0,13,1,0
10:30:00,501204013,2,0,11,1,0
10:30:00,501204014,7,0,9,1,0
10:30:00,501204015,6,0,9,1,0
10:30:00,501204016,7,0,13,1,0
10:30:00,501204017,2,0,13,1,0
10:30:00,501204018,3,1,21,1,0
10:30:00,501204020,14,0,6,1,0
10:30:00,501204021,0,0,20,1,0
10:30:00,501204022,5,0,11,1,0
10:30:00,501204023,0,0,15,1,0
10:30:00,501204024,0,0,0,2,0
10:30:00,501204025,10,0,10,1,0
10:30:00,501205001,6,0,11,1,0
10:30:00,501205003,0,0,19,1,0
10:30:00,501205004,0,0,16,1,0
10:30:00,501205005,0,0,22,1,0
10:30:00,501205006,1,0,19,1,0
10:30:00,501205007,4,0,8,1,0
10:30:00,501205008,1,1,25,1,0
10:30:00,501205009,1,0,44,1,0
10:30:00,501205010,10,3,3,1,0
10:30:00,501205011,13,1,19,1,0
10:30:00,501205012,14,1,6,1,0
10:30:00,501205013,9,1,12,1,0
10:30:00,501205014,4,2,19,1,0
10:30:00,501205015,2,1,16,1,0
10:30:00,501205018,1,0,17,1,0
10:30:00,501205019,21,8,7,1,0
10:30:00,501205020,24,3,6,1,0
10:30:00,501205021,15,1,0,1,0
10:30:00,501205022,5,0,10,1,0
10:30:00,501205023,1,0,14,1,0
10:30:00,501205025,0,0,28,1,0
10:30:00,501205026,2,0,17,1,0
10:30:00,501205027,6,0,4,1,0
10:30:00,501205028,0,0,14,1,0
10:30:00,501205029,8,2,2,1,0
10:30:00,501205030,2,0,8,1,0
10:30:00,501205033,7,2,8,1,0
10:30:00,501205034,20,5,8,1,0
10:30:00,501205035,1,1,15,1,0
10:30:00,501205036,10,1,5,1,0
10:30:00,501205037,5,1,10,1,0
10:30:00,501205038,0,0,20,1,0
10:30:00,501205039,1,1,18,1,0
10:30:00,501205040,0,0,25,1,0
10:30:00,501205041,4,2,13,1,0
10:30:00,501205042,7,0,22,1,0
10:30:00,501208011,8,0,27,1,0
10:30:00,501208013,6,0,47,1,0
10:30:00,501208014,8,0,29,1,0
10:30:00,501208015,2,0,13,1,0
10:30:00,501208018,5,0,10,1,0
10:30:00,501208021,3,0,14,1,0
10:30:00,501208027,2,0,28,1,0
10:30:00,501208029,9,1,12,1,0
10:30:00,501208030,8,0,30,1,0
10:30:00,501208032,9,0,19,1,0
10:30:00,501208040,5,1,14,1,0
10:30:00,501208041,10,1,5,1,0
10:30:00,501208045,14,0,18,1,0
10:30:00,501208051,20,0,16,1,0
10:30:00,501208053,9,0,12,1,0
10:30:00,501208054,7,3,21,1,0
10:30:00,501208059,7,0,22,1,0
10:30:00,501208064,7,1,13,1,0
10:30:00,501208077,9,0,1,1,0
10:30:00,501208079,7,1,15,1,0
10:30:00,501208082,6,1,4,1,0
10:30:00,501208085,3,1,12,1,0
10:30:00,501208087,3,0,28,1,0
10:30:00,501208089,4,1,21,1,0
10:30:00,501208091,33,11,10,1,0
10:30:00,501208111,10,0,4,1,0
10:30:00,501208113,4,1,16,1,0
10:30:00,501208114,5,3,15,1,0
10:30:00,501208129,5,1,17,1,0
10:30:00,501208130,6,0,7,1,0
10:30:00,501209002,1,0,19,1,0
10:30:00,501209003,7,0,7,1,0
10:30:00,501209004,14,2,0,1,0
10:30:00,501209005,11,0,7,1,0
10:30:00,501209006,13,2,5,1,0
10:30:00,501209007,4,0,11,1,0
10:30:00,501209009,0,0,0,2,0
10:30:00,501209010,4,1,9,1,0
10:30:00,501209011,3,0,22,1,0
10:30:00,501209014,0,0,12,1,0
10:30:00,501209015,13,0,2,1,0
10:30:00,501209016,11,0,18,1,0
10:30:00,501209017,4,0,8,1,0
10:30:00,501209018,4,1,11,1,0
10:30:00,501209019,16,1,7,1,0
10:30:00,501209020,31,13,1,1,0
10:30:00,501209021,2,1,12,1,0
10:30:00,501209022,2,0,8,1,0
10:30:00,501209023,0,0,43,1,0
10:30:00,501209024,0,0,42,1,0
10:30:00,501209025,0,0,15,1,0
10:30:00,501209026,0,0,25,1,0
10:30:00,501209027,10,2,8,1,0
10:30:00,501209028,1,0,27,1,0
10:30:00,501209030,3,2,15,1,0
10:30:00,501209031,1,0,29,1,0
10:30:00,501209032,2,0,26,1,0
10:30:00,501209033,1,1,19,1,0
10:30:00,501209034,7,0,8,1,0
10:30:00,501209035,16,0,12,1,0
10:30:00,501209036,1,0,30,1,0
10:30:00,501209037,7,1,28,1,0
10:30:00,501209038,1,0,15,1,0
10:30:00,501209039,30,5,0,1,0
10:30:00,501209040,29,4,2,1,0
10:30:00,501209042,2,2,17,1,0
10:30:00,501209043,3,0,22,1,0
10:30:00,501209044,2,0,13,1,0
10:30:00,501209045,1,0,14,1,0
10:30:00,501209046,2,1,20,1,0
10:30:00,501209047,2,0,12,1,0
10:30:00,501209049,2,0,18,1,0
10:30:00,501209050,4,0,9,1,0
10:30:00,501209051,24,4,0,1,0
10:30:00,501209052,22,4,0,1,0
10:30:00,501209053,1,1,19,1,0
10:30:00,501209054,25,0,2,1,0
10:30:00,501209056,3,0,12,1,0
10:30:00,501209058,8,0,8,1,0
10:30:00,501209059,2,0,13,1,0
10:30:00,501209060,20,2,0,1,0
10:30:00,501209062,0,0,15,1,0
10:30:00,501209064,2,0,13,1,0
10:30:00,501209065,5,0,10,1,0
10:30:00,501209066,1,0,12,1,0
10:30:00,501209067,0,0,15,1,0
10:30:00,501209068,6,0,11,1,0
10:30:00,501209069,62,7,0,1,0
10:30:00,501209070,7,1,10,1,0
10:30:00,501209071,13,4,4,1,0
10:30:00,501209073,4,1,11,1,0
10:30:00,501209074,9,0,14,1,0
10:30:00,501209075,9,1,7,1,0
10:30:00,501209076,18,5,5,1,0
10:30:00,501209077,3,1,12,1,0
10:30:00,501209078,6,1,7,1,0
10:30:00,501209079,0,0,24,1,0
10:30:00,501209080,2,1,24,1,0
10:30:00,501209081,4,0,11,1,0
10:30:00,501209084,2,0,21,1,0
10:30:00,501209085,3,0,23,1,0
10:30:00,501209087,36,3,3,1,0
10:30:00,501209088,4,0,11,1,0
10:30:00,501209089,7,2,12,1,0
10:30:00,501209090,1,1,13,1,0
10:30:00,501209091,3,0,13,1,0
10:30:00,501209092,4,0,12,1,0
10:30:00,501209093,2,0,13,1,0
10:30:00,501209094,4,0,12,1,0
10:30:00,501209095,12,0,2,1,0
10:30:00,501209096,7,1,8,1,0
10:30:00,501209097,2,0,13,1,0
10:30:00,501209098,7,0,8,1,0
10:30:00,501209099,2,0,17,1,0
10:30:00,501209100,12,3,3,1,0
10:30:00,501209101,6,0,9,1,0
10:30:00,501209102,6,0,14,1,0
10:30:00,501209104,7,0,11,1,0
10:30:00,501209105,5,1,21,1,0
10:30:00,501209106,14,0,6,1,0
10:30:00,501211001,27,8,10,1,0
10:30:00,501211002,7,0,8,1,0
10:30:00,501211004,10,2,5,1,0
10:30:00,501211005,3,1,16,1,0
10:30:00,501211006,9,0,7,1,0
10:30:00,501211007,15,1,4,1,0
10:30:00,501211009,3,0,15,1,0
10:30:00,501211011,17,1,13,1,0
10:30:00,501211012,4,0,14,1,0
10:40:00,501201001,0,0,0,2,0
10:40:00,501201002,0,0,39,1,0
10:40:00,501201003,4,0,19,1,0
10:40:00,501201004,7,0,8,1,0
10:40:00,501201005,6,0,13,1,0
10:40:00,501201006,20,0,8,1,0
10:40:00,501201007,11,1,8,1,0
10:40:00,501201008,1,0,24,1,0
10:40:00,501201010,7,1,3,1,0
10:40:00,501201011,1,0,21,1,0
10:40:00,501201012,24,1,16,1,0
10:40:00,501201013,17,0,5,1,0
10:40:00,501201014,12,1,7,1,0
10:40:00,501201015,0,0,25,1,0
10:40:00,501201016,5,0,19,1,0
10:40:00,501201017,14,2,12,1,0
10:40:00,501201018,3,0,20,1,0
10:40:00,501201019,8,0,20,1,0
10:40:00,501201020,8,0,16,1,0
10:40:00,501201021,13,0,2,1,0
10:40:00,501201022,3,0,13,1,0
10:40:00,501201023,0,0,28,1,0
10:40:00,501201024,18,3,6,1,0
10:40:00,501201025,13,0,11,1,0
10:40:00,501201026,1,0,18,1,0
10:40:00,501201028,0,0,20,1,0
10:40:00,501201029,5,0,8,1,0
10:40:00,501201030,10,0,5,1,0
10:40:00,501201031,6,0,11,1,0
10:40:00,501202001,10,0,4,1,0
10:40:00,501202003,5,0,35,1,0
10:40:00,501202013,8,1,8,1,0
10:40:00,501202023,4,1,11,1,0
10:40:00,501202024,13,4,2,1,0
10:40:00,501202034,2,1,14,1,0
10:40:00,501202035,1,0,29,1,0
10:40:00,501202036,8,1,30,1,0
10:40:00,501202040,29,3,16,1,0
10:40:00,501202043,15,1,10,1,0
10:40:00,501202044,0,0,0,2,0
10:40:00,501202047,11,0,11,1,0
10:40:00,501202050,9,1,6,1,0
10:40:00,501202055,9,4,6,1,0
10:40:00,501202058,8,1,7,1,0
10:40:00,501202065,7,1,8,1,0
10:40:00,501202068,5,1,13,1,0
10:40:00,501202070,3,1,13,1,0
10:40:00,501202078,7,0,18,1,0
10:40:00,501202080,3,1,23,1,0
10:40:00,501202081,12,0,11,1,0
10:40:00,501202082,3,0,20,1,0
10:40:00,501202083,0,0,24,1,0
10:40:00,501202084,10,1,14,1,0
10:40:00,501202085,3,1,32,1,0
10:40:00,501202088,14,1,16,1,0
10:40:00,501202089,13,0,15,1,0
10:40:00,501202096,9,0,6,1,0
10:40:00,501203001,7,0,13,1,0
10:40:00,501203002,12,1,9,1,0
10:40:00,501203003,8,2,86,1,0
10:40:00,501203005,10,0,10,1,0
10:40:00,501203006,5,1,10,1,0
10:40:00,501203007,9,0,6,1,0
10:40:00,501203008,11,0,5,1,0
10:40:00,501203010,17,0,16,1,0
10:40:00,501203011,15,0,23,1,0
10:40:00,501203012,2,0,15,1,0
10:40:00,501203013,5,1,19,1,0
10:40:00,501203015,1,0,11,1,0
10:40:00,501203020,9,0,11,1,0
10:40:00,501203022,1,1,18,1,0
10:40:00,501203023,1,0,17,1,0
10:40:00,501203028,2,0,23,1,0
10:40:00,501203040,1,1,23,1,0
10:40:00,501203045,3,0,15,1,0
10:40:00,501203050,0,0,60,1,0
10:40:00,501203051,10,0,13,1,0
10:40:00,501203053,7,0,19,1,0
10:40:00,501203054,3,2,19,1,0
10:40:00,501203064,0,0,16,1,0
10:40:00,501203065,0,0,16,1,0
10:40:00,501203070,11,0,4,1,0
10:40:00,501203073,6,0,18,1,0
10:40:00,501203076,4,0,11,1,0
10:40:00,501203078,0,0,16,1,0
10:40:00,501203080,6,1,8,1,0
10:40:00,501203084,0,0,11,1,0
10:40:00,501203085,1,0,9,1,0
10:40:00,501203088,7,2,7,1,0
10:40:00,501203089,3,0,9,1,0
10:40:00,501203090,1,0,9,1,0
10:40:00,501203091,5,0,8,1,0
10:40:00,501203092,13,0,7,1,0
10:40:00,501203100,5,1,14,1,0
10:40:00,501203101,0,0,0,2,0
10:40:00,501203102,17,1,2,1,0
10:40:00,501203104,3,0,15,1,0
10:40:00,501203105,2,0,9,1,0
10:40:00,501203107,0,0,0,2,0
10:40:00,501203109,25,0,1,1,0
10:40:00,501203110,7,0,34,1,0
10:40:00,501203111,8,0,3,1,0
10:40:00,501203113,15,0,4,1,0
10:40:00,501203114,37,5,13,1,0
10:40:00,501203117,0,0,0,2,0
10:40:00,501203118,3,0,17,1,0
10:40:00,501203121,0,0,24,1,0
10:40:00,501203122,4,0,16,1,0
10:40:00,501203125,1,0,24,1,0
10:40:00,501203131,12,1,8,1,0
10:40:00,501203140,6,1,36,1,0
10:40:00,501203141,1,0,14,1,0
10:40:00,501203142,6,0,30,1,0
10:40:00,501203145,11,0,4,1,0
10:40:00,501203151,1,0,17,1,0
10:40:00,501203155,9,0,10,1,0
10:40:00,501203157,5,0,12,1,0
10:40:00,501203159,6,1,14,1,0
10:40:00,501203161,7,1,12,1,0
10:40:00,501203162,7,3,14,1,0
10:40:00,501203163,6,0,10,1,0
10:40:00,501204001,4,0,21,1,0
10:40:00,501204002,16,0,20,1,0
10:40:00,501204003,7,3,37,1,0
10:40:00,501204004,1,0,13,1,0
10:40:00,501204005,2,0,18,1,0
10:40:00,501204007,11,0,25,1,0
10:40:00,501204008,6,0,9,1,0
10:40:00,501204009,0,0,0,2,0
10:40:00,501204010,0,0,0,2,0
10:40:00,501204011,2,0,13,1,0
10:40:00,501204012,1,0,13,1,0
10:40:00,501204013,2,0,11,1,0
10:40:00,501204014,4,0,12,1,0
10:40:00,501204015,6,0,9,1,0
10:40:00,501204016,7,0,13,1,0
10:40:00,501204017,2,0,13,1,0
10:40:00,501204018,3,1,21,1,0
10:40:00,501204020,12,0,8,1,0
10:40:00,501204021,1,0,19,1,0
10:40:00,501204022,4,0,12,1,0
10:40:00,501204023,1,0,14,1,0
10:40:00,501204024,0,0,0,2,0
10:40:00,501204025,10,0,10,1,0
10:40:00,501205001,6,0,11,1,0
10:40:00,501205003,0,0,19,1,0
10:40:00,501205004,0,0,16,1,0
10:40:00,501205005,0,0,22,1,0
10:40:00,501205006,0,0,20,1,0
10:40:00,501205007,4,0,8,1,0
10:40:00,501205008,2,2,24,1,0
10:40:00,501205009,1,0,44,1,0
10:40:00,501205010,11,4,2,1,0
10:40:00,501205011,12,0,20,1,0
10:40:00,501205012,14,2,6,1,0
10:40:00,501205013,9,1,12,1,0
10:40:00,501205014,5,3,18,1,0
10:40:00,501205015,2,1,16,1,0
10:40:00,501205018,2,0,16,1,0
10:40:00,501205019,20,6,8,1,0
10:40:00,501205020,24,3,6,1,0
10:40:00,501205021,15,1,0,1,0
10:40:00,501205022,5,0,10,1,0
10:40:00,501205023,1,0,14,1,0
10:40:00,501205025,0,0,28,1,0
10:40:00,501205026,1,0,18,1,0
10:40:00,501205027,7,0,3,1,0
10:40:00,501205028,0,0,14,1,0
10:40:00,501205029,7,2,3,1,0
10:40:00,501205030,2,0,8,1,0
10:40:00,501205033,6,2,9,1,0
10:40:00,501205034,20,5,8,1,0
10:40:00,501205035,1,1,15,1,0
10:40:00,501205036,10,1,5,1,0
10:40:00,501205037,6,1,9,1,0
10:40:00,501205038,0,0,20,1,0
10:40:00,501205039,1,0,18,1,0
10:40:00,501205040,0,0,25,1,0
10:40:00,501205041,3,1,14,1,0
10:40:00,501205042,6,0,23,1,0
10:40:00,501208011,8,0,27,1,0
10:40:00,501208013,14,0,39,1,0
10:40:00,501208014,8,0,29,1,0
10:40:00,501208015,2,0,13,1,0
10:40:00,501208018,5,0,10,1,0
10:40:00,501208021,3,0,14,1,0
10:40:00,501208027,1,0,29,1,0
10:40:00,501208029,9,1,12,1,0
10:40:00,501208030,8,0,30,1,0
10:40:00,501208032,9,0,19,1,0
10:40:00,501208040,5,1,14,1,0
10:40:00,501208041,10,1,5,1,0
10:40:00,501208045,14,0,18,1,0
10:40:00,501208051,21,0,15,1,0
10:40:00,501208053,9,0,12,1,0
10:40:00,501208054,7,3,21,1,0
10:40:00,501208059,8,0,21,1,0
10:40:00,501208064,7,1,13,1,0
10:40:00,501208077,8,0,2,1,0
10:40:00,501208079,7,1,15,1,0
10:40:00,501208082,6,1,4,1,0
10:40:00,501208085,3,2,12,1,0
10:40:00,501208087,3,0,28,1,0
10:40:00,501208089,4,1,21,1,0
10:40:00,501208091,33,11,10,1,0
10:40:00,501208111,11,1,3,1,0
10:40:00,501208113,4,1,16,1,0
10:40:00,501208114,5,3,15,1,0
10:40:00,501208129,6,2,16,1,0
10:40:00,501208130,7,0,6,1,0
10:40:00,501209002,1,0,19,1,0
10:40:00,501209003,7,0,7,1,0
10:40:00,501209004,14,2,0,1,0
10:40:00,501209005,12,0,6,1,0
10:40:00,501209006,13,2,5,1,0
10:40:00,501209007,3,0,12,1,0
10:40:00,501209009,0,0,0,2,0
10:40:00,501209010,4,1,9,1,0
10:40:00,501209011,3,0,22,1,0
10:40:00,501209014,1,0,11,1,0
10:40:00,501209015,13,0,2,1,0
10:40:00,501209016,11,0,18,1,0
10:40:00,501209017,4,0,8,1,0
10:40:00,501209018,5,1,10,1,0
10:40:00,501209019,17,2,6,1,0
10:40:00,501209020,31,13,1,1,0
10:40:00,501209021,2,1,12,1,0
10:40:00,501209022,2,0,8,1,0
10:40:00,501209023,0,0,43,1,0
10:40:00,501209024,0,0,42,1,0
10:40:00,501209025,0,0,15,1,0
10:40:00,501209026,3,0,22,1,0
10:40:00,501209027,10,2,8,1,0
10:40:00,501209028,0,0,28,1,0
10:40:00,501209030,4,2,14,1,0
10:40:00,501209031,1,0,29,1,0
10:40:00,501209032,2,0,26,1,0
10:40:00,501209033,1,1,19,1,0
10:40:00,501209034,5,0,10,1,0
10:40:00,501209035,14,0,14,1,0
10:40:00,501209036,2,0,29,1,0
10:40:00,501209037,7,1,28,1,0
10:40:00,501209038,1,0,15,1,0
10:40:00,501209039,30,5,0,1,0
10:40:00,501209040,29,4,2,1,0
10:40:00,501209042,3,2,16,1,0
10:40:00,501209043,3,0,22,1,0
10:40:00,501209044,2,0,13,1,0
10:40:00,501209045,1,0,14,1,0
10:40:00,501209046,2,1,20,1,0
10:40:00,501209047,2,0,12,1,0
10:40:00,501209049,3,0,17,1,0
10:40:00,501209050,4,0,9,1,0
10:40:00,501209051,23,4,1,1,0
10:40:00,501209052,22,4,0,1,0
10:40:00,501209053,1,1,19,1,0
10:40:00,501209054,27,0,0,1,0
10:40:00,501209056,3,0,12,1,0
10:40:00,501209058,8,0,8,1,0
10:40:00,501209059,3,0,12,1,0
10:40:00,501209060,20,2,0,1,0
10:40:00,501209062,0,0,15,1,0
10:40:00,501209064,2,0,13,1,0
10:40:00,501209065,5,0,10,1,0
10:40:00,501209066,1,1,12,1,0
10:40:00,501209067,2,0,13,1,0
10:40:00,501209068,5,0,12,1,0
10:40:00,501209069,61,7,1,1,0
10:40:00,501209070,6,0,11,1,0
10:40:00,501209071,15,4,2,1,0
10:40:00,501209073,4,1,11,1,0
10:40:00,501209074,9,0,14,1,0
10:40:00,501209075,9,1,7,1,0
10:40:00,501209076,18,5,5,1,0
10:40:00,501209077,3,1,12,1,0
10:40:00,501209078,7,1,6,1,0
10:40:00,501209079,0,0,24,1,0
10:40:00,501209080,0,0,26,1,0
10:40:00,501209081,4,0,11,1,0
10:40:00,501209084,2,0,21,1,0
10:40:00,501209085,3,0,23,1,0
10:40:00,501209087,36,3,3,1,0
10:40:00,501209088,4,0,11,1,0
10:40:00,501209089,8,2,11,1,0
10:40:00,501209090,1,1,13,1,0
10:40:00,501209091,3,0,13,1,0
10:40:00,501209092,4,0,12,1,0
10:40:00,501209093,2,0,13,1,0
10:40:00,501209094,4,0,12,1,0
10:40:00,501209095,10,0,4,1,0
10:40:00,501209096,7,1,8,1,0
10:40:00,501209097,2,0,13,1,0
10:40:00,501209098,7,0,8,1,0
10:40:00,501209099,2,0,17,1,0
10:40:00,501209100,12,3,3,1,0
10:40:00,501209101,6,0,9,1,0
10:40:00,501209102,6,0,14,1,0
10:40:00,501209104,8,1,10,1,0
10:40:00,501209105,5,1,21,1,0
10:40:00,501209106,13,0,7,1,0
10:40:00,501211001,27,8,10,1,0
10:40:00,501211002,8,1,7,1,0
10:40:00,501211004,10,2,5,1,0
10:40:00,501211005,4,2,15,1,0
10:40:00,501211006,9,0,7,1,0
10:40:00,501211007,16,2,3,1,0
10:40:00,501211009,3,0,15,1,0
10:40:00,501211011,16,0,14,1,0
10:40:00,501211012,4,0,14,1,0
10:50:00,501201001,0,0,0,2,0
10:50:00,501201002,1,0,38,1,0
10:50:00,501201003,5,0,18,1,0
10:50:00,501201004,5,0,10,1,0
10:50:00,501201005,6,0,13,1,0
10:50:00,501201006,19,0,9,1,0
10:50:00,501201007,11,1,8,1,0
10:50:00,501201008,1,0,24,1,0
10:50:00,501201010,7,1,3,1,0
10:50:00,501201011,3,0,19,1,0
10:50:00,501201012,23,1,17,1,0
10:50:00,501201013,17,0,5,1,0
10:50:00,501201014,11,1,8,1,0
10:50:00,501201015,0,0,25,1,0
10:50:00,501201016,5,0,19,1,0
10:50:00,501201017,17,3,9,1,0
10:50:00,501201018,2,0,21,1,0
10:50:00,501201019,6,0,22,1,0
10:50:00,501201020,8,0,16,1,0
10:50:00,501201021,13,0,2,1,0
10:50:00,501201022,2,0,14,1,0
10:50:00,501201023,0,0,28,1,0
10:50:00,501201024,18,3,6,1,0
10:50:00,501201025,14,0,10,1,0
10:50:00,501201026,2,0,17,1,0
10:50:00,501201028,0,0,20,1,0
10:50:00,501201029,5,0,8,1,0
10:50:00,501201030,10,0,5,1,0
10:50:00,501201031,5,0,12,1,0
10:50:00,501202001,9,0,5,1,0
10:50:00,501202003,6,1,34,1,0
10:50:00,501202013,8,1,8,1,0
10:50:00,501202023,4,1,11,1,0
10:50:00,501202024,12,3,3,1,0
10:50:00,501202034,1,1,15,1,0
10:50:00,501202035,0,0,30,1,0
10:50:00,501202036,8,0,30,1,0
10:50:00,501202040,27,3,18,1,0
10:50:00,501202043,16,0,9,1,0
10:50:00,501202044,0,0,0,2,0
10:50:00,501202047,11,0,11,1,0
10:50:00,501202050,9,1,6,1,0
10:50:00,501202055,10,4,5,1,0
10:50:00,501202058,8,1,7,1,0
10:50:00,501202065,8,1,7,1,0
10:50:00,501202068,6,1,12,1,0
10:50:00,501202070,3,1,13,1,0
10:50:00,501202078,7,0,18,1,0
10:50:00,501202080,3,1,23,1,0
10:50:00,501202081,13,0,10,1,0
10:50:00,501202082,3,0,20,1,0
10:50:00,501202083,1,0,23,1,0
10:50:00,501202084,10,1,14,1,0
10:50:00,501202085,2,0,33,1,0
10:50:00,501202088,14,1,16,1,0
10:50:00,501202089,13,0,15,1,0
10:50:00,501202096,8,0,7,1,0
10:50:00,501203001,7,0,13,1,0
10:50:00,501203002,12,1,9,1,0
10:50:00,501203003,8,2,86,1,0
10:50:00,501203005,10,0,10,1,0
10:50:00,501203006,5,1,10,1,0
10:50:00,501203007,9,0,6,1,0
10:50:00,501203008,11,0,5,1,0
10:50:00,501203010,16,0,17,1,0
10:50:00,501203011,15,0,23,1,0
10:50:00,501203012,2,0,15,1,0
10:50:00,501203013,5,1,19,1,0
10:50:00,501203015,1,0,11,1,0
10:50:00,501203020,10,0,10,1,0
10:50:00,501203022,1,1,18,1,0
10:50:00,501203023,2,0,16,1,0
10:50:00,501203028,2,0,23,1,0
10:50:00,501203040,1,1,23,1,0
10:50:00,501203045,4,0,14,1,0
10:50:00,501203050,0,0,60,1,0
10:50:00,501203051,11,1,12,1,0
10:50:00,501203053,8,0,18,1,0
10:50:00,501203054,3,2,19,1,0
10:50:00,501203064,0,0,16,1,0
10:50:00,501203065,5,0,11,1,0
10:50:00,501203070,11,0,4,1,0
10:50:00,501203073,6,0,18,1,0
10:50:00,501203076,4,0,11,1,0
10:50:00,501203078,0,0,16,1,0
10:50:00,501203080,6,1,8,1,0
10:50:00,501203084,0,0,11,1,0
10:50:00,501203085,1,0,9,1,0
10:50:00,501203088,7,2,7,1,0
10:50:00,501203089,4,0,8,1,0
10:50:00,501203090,1,0,9,1,0
10:50:00,501203091,6,0,7,1,0
10:50:00,501203092,13,0,7,1,0
10:50:00,501203100,5,1,14,1,0
10:50:00,501203101,0,0,0,2,0
10:50:00,501203102,17,1,2,1,0
10:50:00,501203104,3,0,15,1,0
10:50:00,501203105,2,0,9,1,0
10:50:00,501203107,0,0,0,2,0
10:50:00,501203109,26,0,0,1,0
10:50:00,501203110,7,0,34,1,0
10:50:00,501203111,6,0,5,1,0
10:50:00,501203113,14,0,5,1,0
10:50:00,501203114,39,4,11,1,0
10:50:00,501203117,0,0,0,2,0
10:50:00,501203118,3,0,17,1,0
10:50:00,501203121,0,0,24,1,0
10:50:00,501203122,4,0,16,1,0
10:50:00,501203125,0,0,25,1,0
10:50:00,501203131,12,1,8,1,0
10:50:00,501203140,7,2,35,1,0
10:50:00,501203141,0,0,15,1,0
10:50:00,501203142,8,0,28,1,0
10:50:00,501203145,10,0,5,1,0
10:50:00,501203151,1,0,17,1,0
10:50:00,501203155,8,0,11,1,0
10:50:00,501203157,5,0,12,1,0
10:50:00,501203159,6,1,14,1,0
10:50:00,501203161,7,1,12,1,0
10:50:00,501203162,7,3,14,1,0
10:50:00,501203163,6,0,10,1,0
10:50:00,501204001,3,0,22,1,0
10:50:00,501204002,16,0,20,1,0
10:50:00,501204003,4,0,40,1,0
10:50:00,501204004,1,0,13,1,0
10:50:00,501204005,2,0,18,1,0
10:50:00,501204007,9,0,27,1,0
10:50:00,501204008,6,0,9,1,0
10:50:00,501204009,0,0,0,2,0
10:50:00,501204010,0,0,0,2,0
10:50:00,501204011,2,0,13,1,0
10:50:00,501204012,1,0,13,1,0
10:50:00,501204013,2,0,11,1,0
10:50:00,501204014,4,0,12,1,0
10:50:00,501204015,4,0,11,1,0
10:50:00,501204016,7,0,13,1,0
10:50:00,501204017,3,0,12,1,0
10:50:00,501204018,3,1,21,1,0
10:50:00,501204020,9,0,11,1,0
10:50:00,501204021,1,0,19,1,0
10:50:00,501204022,4,0,12,1,0
10:50:00,501204023,1,0,14,1,0
10:50:00,501204024,0,0,0,2,0
10:50:00,501204025,10,0,10,1,0
10:50:00,501205001,8,0,9,1,0
10:50:00,501205003,0,0,19,1,0
10:50:00,501205004,1,0,15,1,0
10:50:00,501205005,0,0,22,1,0
10:50:00,501205006,0,0,20,1,0
10:50:00,501205007,4,0,8,1,0
10:50:00,501205008,2,2,24,1,0
10:50:00,501205009,1,0,44,1,0
10:50:00,501205010,11,4,2,1,0
10:50:00,501205011,12,0,20,1,0
10:50:00,501205012,10,2,10,1,0
10:50:00,501205013,9,1,12,1,0
10:50:00,501205014,4,3,19,1,0
10:50:00,501205015,1,1,17,1,0
10:50:00,501205018,2,0,16,1,0
10:50:00,501205019,20,6,8,1,0
10:50:00,501205020,23,2,7,1,0
10:50:00,501205021,15,1,0,1,0
10:50:00,501205022,4,0,11,1,0
10:50:00,501205023,1,0,14,1,0
10:50:00,501205025,0,0,28,1,0
10:50:00,501205026,1,1,18,1,0
10:50:00,501205027,7,0,3,1,0
10:50:00,501205028,0,0,14,1,0
10:50:00,501205029,7,2,3,1,0
10:50:00,501205030,2,0,8,1,0
10:50:00,501205033,6,2,9,1,0
10:50:00,501205034,20,5,8,1,0
10:50:00,501205035,1,1,15,1,0
10:50:00,501205036,10,1,5,1,0
10:50:00,501205037,5,1,10,1,0
10:50:00,501205038,0,0,20,1,0
10:50:00,501205039,0,0,19,1,0
10:50:00,501205040,0,0,25,1,0
10:50:00,501205041,3,1,14,1,0
10:50:00,501205042,5,0,24,1,0
10:50:00,501208011,8,0,27,1,0
10:50:00,501208013,14,0,39,1,0
10:50:00,501208014,7,0,30,1,0
10:50:00,501208015,3,0,12,1,0
10:50:00,501208018,5,0,10,1,0
10:50:00,501208021,3,0,14,1,0
10:50:00,501208027,1,0,29,1,0
10:50:00,501208029,10,1,11,1,0
10:50:00,501208030,9,0,29,1,0
10:50:00,501208032,9,0,19,1,0
10:50:00,501208040,5,1,14,1,0
10:50:00,501208041,10,1,5,1,0
10:50:00,501208045,14,0,18,1,0
10:50:00,501208051,21,0,15,1,0
10:50:00,501208053,10,0,11,1,0
10:50:00,501208054,7,3,21,1,0
10:50:00,501208059,8,0,21,1,0
10:50:00,501208064,7,1,13,1,0
10:50:00,501208077,9,0,1,1,0
10:50:00,501208079,7,1,15,1,0
10:50:00,501208082,5,1,5,1,0
10:50:00,501208085,3,2,12,1,0
10:50:00,501208087,2,0,29,1,0
10:50:00,501208089,4,1,21,1,0
10:50:00,501208091,33,11,10,1,0
10:50:00,501208111,12,1,2,1,0
10:50:00,501208113,4,1,16,1,0
10:50:00,501208114,5,3,15,1,0
10:50:00,501208129,6,2,16,1,0
10:50:00,501208130,7,0,6,1,0
10:50:00,501209002,1,0,19,1,0
10:50:00,501209003,7,0,7,1,0
10:50:00,501209004,13,1,1,1,0
10:50:00,501209005,11,0,7,1,0
10:50:00,501209006,13,2,5,1,0
10:50:00,501209007,3,0,12,1,0
10:50:00,501209009,0,0,0,2,0
10:50:00,501209010,3,0,10,1,0
10:50:00,501209011,2,0,23,1,0
10:50:00,501209014,1,0,11,1,0
10:50:00,501209015,8,0,7,1,0
10:50:00,501209016,11,0,18,1,0
10:50:00,501209017,4,0,8,1,0
10:50:00,501209018,4,1,11,1,0
10:50:00,501209019,16,1,7,1,0
10:50:00,501209020,31,13,1,1,0
10:50:00,501209021,2,1,12,1,0
10:50:00,501209022,2,0,8,1,0
10:50:00,501209023,0,0,43,1,0
10:50:00,501209024,0,0,42,1,0
10:50:00,501209025,0,0,15,1,0
10:50:00,501209026,0,0,25,1,0
10:50:00,501209027,10,2,8,1,0
10:50:00,501209028,0,0,28,1,0
10:50:00,501209030,3,2,15,1,0
10:50:00,501209031,1,0,29,1,0
10:50:00,501209032,2,0,26,1,0
10:50:00,501209033,1,1,19,1,0
10:50:00,501209034,5,0,10,1,0
10:50:00,501209035,15,0,13,1,0
10:50:00,501209036,0,0,31,1,0
10:50:00,501209037,7,1,28,1,0
10:50:00,501209038,0,0,16,1,0
10:50:00,501209039,27,3,3,1,0
10:50:00,501209040,29,4,2,1,0
10:50:00,501209042,4,2,15,1,0
10:50:00,501209043,3,0,22,1,0
10:50:00,501209044,2,0,13,1,0
10:50:00,501209045,1,0,14,1,0
10:50:00,501209046,4,1,18,1,0
10:50:00,501209047,2,0,12,1,0
10:50:00,501209049,4,0,16,1,0
10:50:00,501209050,4,0,9,1,0
10:50:00,501209051,23,4,1,1,0
10:50:00,501209052,12,5,10,1,0
10:50:00,501209053,2,1,18,1,0
10:50:00,501209054,27,0,0,1,0
10:50:00,501209056,4,0,11,1,0
10:50:00,501209058,7,0,9,1,0
10:50:00,501209059,4,0,11,1,0
10:50:00,501209060,19,2,1,1,0
10:50:00,501209062,0,0,15,1,0
10:50:00,501209064,3,0,12,1,0
10:50:00,501209065,5,0,10,1,0
10:50:00,501209066,2,1,11,1,0
10:50:00,501209067,2,0,13,1,0
10:50:00,501209068,5,0,12,1,0
10:50:00,501209069,60,7,2,1,0
10:50:00,501209070,7,0,10,1,0
10:50:00,501209071,16,4,1,1,0
10:50:00,501209073,4,1,11,1,0
10:50:00,501209074,9,0,14,1,0
10:50:00,501209075,11,1,5,1,0
10:50:00,501209076,18,5,5,1,0
10:50:00,501209077,4,1,11,1,0
10:50:00,501209078,7,1,6,1,0
10:50:00,501209079,0,0,24,1,0
10:50:00,501209080,1,0,25,1,0
10:50:00,501209081,4,0,11,1,0
10:50:00,501209084,1,0,22,1,0
10:50:00,501209085,3,0,23,1,0
10:50:00,501209087,36,3,3,1,0
10:50:00,501209088,4,0,11,1,0
10:50:00,501209089,9,2,10,1,0
10:50:00,501209090,1,1,13,1,0
10:50:00,501209091,3,0,13,1,0
10:50:00,501209092,4,0,12,1,0
10:50:00,501209093,2,0,13,1,0
10:50:00,501209094,4,0,12,1,0
10:50:00,501209095,10,0,4,1,0
10:50:00,501209096,7,1,8,1,0
10:50:00,501209097,2,0,13,1,0
10:50:00,501209098,7,0,8,1,0
10:50:00,501209099,3,0,16,1,0
10:50:00,501209100,12,3,3,1,0
10:50:00,501209101,6,0,9,1,0
10:50:00,501209102,6,0,14,1,0
10:50:00,501209104,8,1,10,1,0
10:50:00,501209105,5,1,21,1,0
10:50:00,501209106,12,0,8,1,0
10:50:00,501211001,27,8,10,1,0
10:50:00,501211002,7,0,8,1,0
10:50:00,501211004,10,2,5,1,0
10:50:00,501211005,4,2,15,1,0
10:50:00,501211006,9,0,7,1,0
10:50:00,501211007,16,2,3,1,0
10:50:00,501211009,3,0,15,1,0
10:50:00,501211011,16,0,14,1,0
10:50:00,501211012,4,0,14,1,0
11:00:00,501201001,0,0,0,2,0
11:00:00,501201002,1,0,38,1,0
11:00:00,501201003,5,0,18,1,0
11:00:00,501201004,5,0,10,1,0
11:00:00,501201005,5,0,14,1,0
11:00:00,501201006,21,1,7,1,0
11:00:00,501201007,11,0,8,1,0
11:00:00,501201008,1,0,24,1,0
11:00:00,501201010,7,1,3,1,0
11:00:00,501201011,3,0,19,1,0
11:00:00,501201012,25,2,15,1,0
11:00:00,501201013,18,1,4,1,0
11:00:00,501201014,11,1,8,1,0
11:00:00,501201015,0,0,25,1,0
11:00:00,501201016,5,0,19,1,0
11:00:00,501201017,18,4,8,1,0
11:00:00,501201018,1,0,22,1,0
11:00:00,501201019,7,0,21,1,0
11:00:00,501201020,7,0,16,1,0
11:00:00,501201021,12,0,3,1,0
11:00:00,501201022,1,0,15,1,0
11:00:00,501201023,2,1,26,1,0
11:00:00,501201024,18,3,6,1,0
11:00:00,501201025,13,0,11,1,0
11:00:00,501201026,2,0,17,1,0
11:00:00,501201028,1,0,19,1,0
11:00:00,501201029,5,0,8,1,0
11:00:00,501201030,11,0,4,1,0
11:00:00,501201031,5,0,12,1,0
11:00:00,501202001,8,0,6,1,0
11:00:00,501202003,7,1,33,1,0
11:00:00,501202013,8,1,8,1,0
11:00:00,501202023,5,1,10,1,0
11:00:00,501202024,12,3,3,1,0
11:00:00,501202034,3,1,13,1,0
11:00:00,501202035,1,0,29,1,0
11:00:00,501202036,8,0,30,1,0
11:00:00,501202040,27,2,18,1,0
11:00:00,501202043,14,0,11,1,0
11:00:00,501202044,0,0,0,2,0
11:00:00,501202047,11,0,11,1,0
11:00:00,501202050,9,1,6,1,0
11:00:00,501202055,11,4,4,1,0
11:00:00,501202058,7,1,8,1,0
11:00:00,501202065,8,1,7,1,0
11:00:00,501202068,5,0,13,1,0
11:00:00,501202070,3,1,13,1,0
11:00:00,501202078,7,0,18,1,0
11:00:00,501202080,3,1,23,1,0
11:00:00,501202081,14,0,9,1,0
11:00:00,501202082,2,0,21,1,0
11:00:00,501202083,0,0,24,1,0
11:00:00,501202084,11,1,13,1,0
11:00:00,501202085,2,0,33,1,0
11:00:00,501202088,14,1,16,1,0
11:00:00,501202089,13,0,15,1,0
11:00:00,501202096,8,0,7,1,0
11:00:00,501203001,6,0,14,1,0
11:00:00,501203002,12,1,9,1,0
11:00:00,501203003,10,2,84,1,0
11:00:00,501203005,10,0,10,1,0
11:00:00,501203006,5,1,10,1,0
11:00:00,501203007,9,0,6,1,0
11:00:00,501203008,12,0,4,1,0
11:00:00,501203010,15,0,18,1,0
11:00:00,501203011,15,0,23,1,0
11:00:00,501203012,3,0,14,1,0
11:00:00,501203013,5,1,19,1,0
11:00:00,501203015,1,0,11,1,0
11:00:00,501203020,9,0,11,1,0
11:00:00,501203022,2,1,17,1,0
11:00:00,501203023,2,0,16,1,0
11:00:00,501203028,0,0,25,1,0
11:00:00,501203040,1,1,23,1,0
11:00:00,501203045,5,0,13,1,0
11:00:00,501203050,3,0,57,1,0
11:00:00,501203051,11,1,12,1,0
11:00:00,501203053,8,0,18,1,0
11:00:00,501203054,3,2,19,1,0
11:00:00,501203064,0,0,16,1,0
11:00:00,501203065,6,1,10,1,0
11:00:00,501203070,11,0,4,1,0
11:00:00,501203073,6,0,18,1,0
11:00:00,501203076,4,0,11,1,0
11:00:00,501203078,3,0,13,1,0
11:00:00,501203080,6,1,8,1,0
11:00:00,501203084,0,0,11,1,0
11:00:00,501203085,1,0,9,1,0
11:00:00,501203088,7,2,7,1,0
11:00:00,501203089,4,0,8,1,0
11:00:00,501203090,1,0,9,1,0
11:00:00,501203091,6,0,7,1,0
11:00:00,501203092,13,0,7,1,0
11:00:00,501203100,5,1,14,1,0
11:00:00,501203101,0,0,0,2,0
11:00:00,501203102,17,1,2,1,0
11:00:00,501203104,3,0,15,1,0
11:00:00,501203105,2,0,9,1,0
11:00:00,501203107,0,0,0,2,0
11:00:00,501203109,19,0,7,1,0
11:00:00,501203110,7,0,34,1,0
11:00:00,501203111,5,0,6,1,0
11:00:00,501203113,15,0,4,1,0
11:00:00,501203114,40,5,10,1,0
11:00:00,501203117,0,0,0,2,0
11:00:00,501203118,4,1,16,1,0
11:00:00,501203121,0,0,24,1,0
11:00:00,501203122,4,0,16,1,0
11:00:00,501203125,0,0,25,1,0
11:00:00,501203131,11,0,9,1,0
11:00:00,501203140,7,1,35,1,0
11:00:00,501203141,2,0,13,1,0
11:00:00,501203142,8,0,28,1,0
11:00:00,501203145,10,0,5,1,0
11:00:00,501203151,1,0,17,1,0
11:00:00,501203155,8,0,11,1,0
11:00:00,501203157,5,0,12,1,0
11:00:00,501203159,6,1,14,1,0
11:00:00,501203161,7,1,12,1,0
11:00:00,501203162,7,3,14,1,0
11:00:00,501203163,5,0,11,1,0
11:00:00,501204001,4,0,21,1,0
11:00:00,501204002,16,0,20,1,0
11:00:00,501204003,2,0,42,1,0
11:00:00,501204004,1,0,13,1,0
11:00:00,501204005,3,0,17,1,0
11:00:00,501204007,9,0,27,1,0
11:00:00,501204008,5,0,10,1,0
11:00:00,501204009,0,0,0,2,0
11:00:00,501204010,0,0,0,2,0
11:00:00,501204011,2,0,13,1,0
11:00:00,501204012,1,0,13,1,0
11:00:00,501204013,2,0,11,1,0
11:00:00,501204014,4,0,12,1,0
11:00:00,501204015,3,0,12,1,0
11:00:00,501204016,7,0,13,1,0
11:00:00,501204017,5,0,10,1,0
11:00:00,501204018,3,1,21,1,0
11:00:00,501204020,9,0,11,1,0
11:00:00,501204021,1,0,19,1,0
11:00:00,501204022,4,0,12,1,0
11:00:00,501204023,1,0,14,1,0
11:00:00,501204024,0,0,0,2,0
11:00:00,501204025,10,0,10,1,0
11:00:00,501205001,8,0,9,1,0
11:00:00,501205003,0,0,19,1,0
11:00:00,501205004,1,0,15,1,0
11:00:00,501205005,0,0,22,1,0
11:00:00,501205006,0,0,20,1,0
11:00:00,501205007,5,1,7,1,0
11:00:00,501205008,2,2,24,1,0
11:00:00,501205009,0,0,45,1,0
11:00:00,501205010,13,4,0,1,0
11:00:00,501205011,11,0,21,1,0
11:00:00,501205012,8,2,12,1,0
11:00:00,501205013,8,1,13,1,0
11:00:00,501205014,5,3,18,1,0
11:00:00,501205015,0,0,18,1,0
11:00:00,501205018,1,0,17,1,0
11:00:00,501205019,19,5,9,1,0
11:00:00,501205020,24,3,6,1,0
11:00:00,501205021,14,1,1,1,0
11:00:00,501205022,3,0,12,1,0
11:00:00,501205023,1,0,14,1,0
11:00:00,501205025,0,0,28,1,0
11:00:00,501205026,0,0,19,1,0
11:00:00,501205027,7,0,3,1,0
11:00:00,501205028,0,0,14,1,0
11:00:00,501205029,7,2,3,1,0
11:00:00,501205030,2,0,8,1,0
11:00:00,501205033,6,2,9,1,0
11:00:00,501205034,21,5,7,1,0
11:00:00,501205035,1,1,15,1,0
11:00:00,501205036,9,1,6,1,0
11:00:00,501205037,5,1,10,1,0
11:00:00,501205038,0,0,20,1,0
11:00:00,501205039,0,0,19,1,0
11:00:00,501205040,0,0,25,1,0
11:00:00,501205041,2,0,15,1,0
11:00:00,501205042,6,0,23,1,0
11:00:00,501208011,8,1,27,1,0
11:00:00,501208013,13,0,40,1,0
11:00:00,501208014,7,0,30,1,0
11:00:00,501208015,3,0,12,1,0
11:00:00,501208018,5,0,10,1,0
11:00:00,501208021,3,0,14,1,0
11:00:00,501208027,1,0,29,1,0
11:00:00,501208029,10,1,11,1,0
11:00:00,501208030,8,0,30,1,0
11:00:00,501208032,9,0,19,1,0
11:00:00,501208040,5,1,14,1,0
11:00:00,501208041,10,1,5,1,0
11:00:00,501208045,15,0,17,1,0
11:00:00,501208051,21,0,15,1,0
11:00:00,501208053,10,0,11,1,0
11:00:00,501208054,7,3,21,1,0
11:00:00,501208059,8,0,21,1,0
11:00:00,501208064,7,1,13,1,0
11:00:00,501208077,9,0,1,1,0
11:00:00,501208079,7,1,15,1,0
11:00:00,501208082,5,1,5,1,0
11:00:00,501208085,3,2,12,1,0
11:00:00,501208087,2,0,29,1,0
11:00:00,501208089,5,2,20,1,0
11:00:00,501208091,32,10,11,1,0
11:00:00,501208111,12,1,2,1,0
11:00:00,501208113,4,1,16,1,0
11:00:00,501208114,5,3,15,1,0
11:00:00,501208129,6,2,16,1,0
11:00:00,501208130,7,0,6,1,0
11:00:00,501209002,2,0,18,1,0
11:00:00,501209003,7,0,7,1,0
11:00:00,501209004,13,1,1,1,0
11:00:00,501209005,12,0,6,1,0
11:00:00,501209006,12,1,6,1,0
11:00:00,501209007,2,0,13,1,0
11:00:00,501209009,0,0,0,2,0
11:00:00,501209010,4,1,9,1,0
11:00:00,501209011,0,0,25,1,0
11:00:00,501209014,2,0,10,1,0
11:00:00,501209015,8,0,7,1,0
11:00:00,501209016,11,0,18,1,0
11:00:00,501209017,4,0,8,1,0
11:00:00,501209018,4,0,11,1,0
11:00:00,501209019,16,1,7,1,0
11:00:00,501209020,32,13,0,1,0
11:00:00,501209021,2,1,12,1,0
11:00:00,501209022,2,0,8,1,0
11:00:00,501209023,0,0,43,1,0
11:00:00,501209024,0,0,42,1,0
11:00:00,501209025,2,0,13,1,0
11:00:00,501209026,0,0,25,1,0
11:00:00,501209027,10,2,8,1,0
11:00:00,501209028,0,0,28,1,0
11:00:00,501209030,3,2,15,1,0
11:00:00,501209031,1,0,29,1,0
11:00:00,501209032,2,0,26,1,0
11:00:00,501209033,1,1,19,1,0
11:00:00,501209034,5,0,10,1,0
11:00:00,501209035,15,0,13,1,0
11:00:00,501209036,0,0,31,1,0
11:00:00,501209037,8,1,27,1,0
11:00:00,501209038,0,0,16,1,0
11:00:00,501209039,23,0,7,1,0
11:00:00,501209040,29,4,2,1,0
11:00:00,501209042,1,1,18,1,0
11:00:00,501209043,3,0,22,1,0
11:00:00,501209044,2,0,13,1,0
11:00:00,501209045,1,0,14,1,0
11:00:00,501209046,4,1,18,1,0
11:00:00,501209047,2,0,12,1,0
11:00:00,501209049,4,0,16,1,0
11:00:00,501209050,5,0,8,1,0
11:00:00,501209051,20,5,4,1,0
11:00:00,501209052,13,4,9,1,0
11:00:00,501209053,2,1,18,1,0
11:00:00,501209054,27,0,0,1,0
11:00:00,501209056,5,0,10,1,0
11:00:00,501209058,8,1,8,1,0
11:00:00,501209059,4,0,11,1,0
11:00:00,501209060,18,1,2,1,0
11:00:00,501209062,0,0,15,1,0
11:00:00,501209064,3,0,12,1,0
11:00:00,501209065,5,0,10,1,0
11:00:00,501209066,4,1,9,1,0
11:00:00,501209067,2,0,13,1,0
11:00:00,501209068,5,0,12,1,0
11:00:00,501209069,62,8,0,1,0
11:00:00,501209070,7,0,10,1,0
11:00:00,501209071,17,4,0,1,0
11:00:00,501209073,4,1,11,1,0
11:00:00,501209074,9,0,14,1,0
11:00:00,501209075,11,1,5,1,0
11:00:00,501209076,17,4,6,1,0
11:00:00,501209077,4,1,11,1,0
11:00:00,501209078,7,1,6,1,0
11:00:00,501209079,0,0,24,1,0
11:00:00,501209080,1,0,25,1,0
11:00:00,501209081,4,0,11,1,0
11:00:00,501209084,1,0,22,1,0
11:00:00,501209085,2,0,24,1,0
11:00:00,501209087,36,3,3,1,0
11:00:00,501209088,4,0,11,1,0
11:00:00,501209089,9,2,10,1,0
11:00:00,501209090,2,1,12,1,0
11:00:00,501209091,3,0,13,1,0
11:00:00,501209092,4,0,12,1,0
11:00:00,501209093,1,0,14,1,0
11:00:00,501209094,4,0,12,1,0
11:00:00,501209095,10,0,4,1,0
11:00:00,501209096,7,1,8,1,0
11:00:00,501209097,2,0,13,1,0
11:00:00,501209098,7,0,8,1,0
11:00:00,501209099,2,0,17,1,0
11:00:00,501209100,12,3,3,1,0
11:00:00,501209101,7,0,8,1,0
11:00:00,501209102,6,0,14,1,0
11:00:00,501209104,8,1,10,1,0
11:00:00,501209105,5,1,21,1,0
11:00:00,501209106,12,0,8,1,0
11:00:00,501211001,28,8,9,1,0
11:00:00,501211002,7,0,8,1,0
11:00:00,501211004,10,2,5,1,0
11:00:00,501211005,4,2,15,1,0
11:00:00,501211006,9,0,7,1,0
11:00:00,501211007,16,2,3,1,0
11:00:00,501211009,3,0,15,1,0
11:00:00,501211011,17,1,13,1,0
11:00:00,501211012,4,0,14,1,0
11:10:00,501201001,0,0,0,2,0
11:10:00,501201002,1,0,38,1,0
11:10:00,501201003,4,0,19,1,0
11:10:00,501201004,7,0,8,1,0
11:10:00,501201005,5,0,14,1,0
11:10:00,501201006,21,1,7,1,0
11:10:00,501201007,12,0,7,1,0
11:10:00,501201008,1,0,24,1,0
11:10:00,501201010,7,1,3,1,0
11:10:00,501201011,3,0,19,1,0
11:10:00,501201012,23,1,17,1,0
11:10:00,501201013,17,1,5,1,0
11:10:00,501201014,11,1,8,1,0
11:10:00,501201015,0,0,25,1,0
11:10:00,501201016,4,0,20,1,0
11:10:00,501201017,18,3,8,1,0
11:10:00,501201018,1,0,22,1,0
11:10:00,501201019,7,0,21,1,0
11:10:00,501201020,7,0,16,1,0
11:10:00,501201021,12,0,3,1,0
11:10:00,501201022,1,0,15,1,0
11:10:00,501201023,2,1,26,1,0
11:10:00,501201024,19,3,5,1,0
11:10:00,501201025,11,0,13,1,0
11:10:00,501201026,2,0,17,1,0
11:10:00,501201028,1,0,19,1,0
11:10:00,501201029,5,0,8,1,0
11:10:00,501201030,12,0,3,1,0
11:10:00,501201031,5,0,12,1,0
11:10:00,501202001,8,0,6,1,0
11:10:00,501202003,7,1,33,1,0
11:10:00,501202013,8,1,8,1,0
11:10:00,501202023,5,1,10,1,0
11:10:00,501202024,13,2,2,1,0
11:10:00,501202034,3,1,13,1,0
11:10:00,501202035,7,0,23,1,0
11:10:00,501202036,8,0,30,1,0
11:10:00,501202040,28,3,17,1,0
11:10:00,501202043,13,1,12,1,0
11:10:00,501202044,0,0,0,2,0
11:10:00,501202047,11,0,11,1,0
11:10:00,501202050,8,1,7,1,0
11:10:00,501202055,11,4,4,1,0
11:10:00,501202058,8,1,7,1,0
11:10:00,501202065,9,1,6,1,0
11:10:00,501202068,5,0,13,1,0
11:10:00,501202070,3,1,13,1,0
11:10:00,501202078,7,0,18,1,0
11:10:00,501202080,3,1,23,1,0
11:10:00,501202081,14,0,9,1,0
11:10:00,501202082,2,0,21,1,0
11:10:00,501202083,0,0,24,1,0
11:10:00,501202084,10,1,14,1,0
11:10:00,501202085,1,0,34,1,0
11:10:00,501202088,14,1,16,1,0
11:10:00,501202089,13,0,15,1,0
11:10:00,501202096,8,0,7,1,0
11:10:00,501203001,6,0,14,1,0
11:10:00,501203002,12,1,9,1,0
11:10:00,501203003,8,1,86,1,0
11:10:00,501203005,10,0,10,1,0
11:10:00,501203006,4,1,11,1,0
11:10:00,501203007,9,0,6,1,0
11:10:00,501203008,13,1,3,1,0
11:10:00,501203010,16,0,17,1,0
11:10:00,501203011,15,0,23,1,0
11:10:00,501203012,4,1,13,1,0
11:10:00,501203013,5,1,19,1,0
11:10:00,501203015,0,0,12,1,0
11:10:00,501203020,7,0,13,1,0
11:10:00,501203022,5,1,14,1,0
11:10:00,501203023,0,0,18,1,0
11:10:00,501203028,0,0,25,1,0
11:10:00,501203040,1,1,23,1,0
11:10:00,501203045,4,0,14,1,0
11:10:00,501203050,0,0,60,1,0
11:10:00,501203051,11,1,12,1,0
11:10:00,501203053,15,0,11,1,0
11:10:00,501203054,3,2,19,1,0
11:10:00,501203064,2,0,14,1,0
11:10:00,501203065,5,1,11,1,0
11:10:00,501203070,11,0,4,1,0
11:10:00,501203073,6,0,18,1,0
11:10:00,501203076,4,0,11,1,0
11:10:00,501203078,3,0,13,1,0
11:10:00,501203080,6,1,8,1,0
11:10:00,501203084,3,0,8,1,0
11:10:00,501203085,1,0,9,1,0
11:10:00,501203088,9,2,5,1,0
11:10:00,501203089,4,0,8,1,0
11:10:00,501203090,1,0,9,1,0
11:10:00,501203091,6,0,7,1,0
11:10:00,501203092,13,0,7,1,0
11:10:00,501203100,5,1,14,1,0
11:10:00,501203101,0,0,0,2,0
11:10:00,501203102,18,2,1,1,0
11:10:00,501203104,3,0,15,1,0
11:10:00,501203105,2,0,9,1,0
11:10:00,501203107,0,0,0,2,0
11:10:00,501203109,19,0,7,1,0
11:10:00,501203110,8,0,33,1,0
11:10:00,501203111,4,0,7,1,0
11:10:00,501203113,14,0,5,1,0
11:10:00,501203114,39,4,11,1,0
11:10:00,501203117,0,0,0,2,0
11:10:00,501203118,4,1,16,1,0
11:10:00,501203121,5,0,19,1,0
11:10:00,501203122,4,0,16,1,0
11:10:00,501203125,1,0,24,1,0
11:10:00,501203131,12,0,8,1,0
11:10:00,501203140,5,0,37,1,0
11:10:00,501203141,2,0,13,1,0
11:10:00,501203142,8,0,28,1,0
11:10:00,501203145,10,0,5,1,0
11:10:00,501203151,1,0,17,1,0
11:10:00,501203155,7,0,12,1,0
11:10:00,501203157,5,0,12,1,0
11:10:00,501203159,6,1,14,1,0
11:10:00,501203161,7,1,12,1,0
11:10:00,501203162,7,3,14,1,0
11:10:00,501203163,5,0,11,1,0
11:10:00,501204001,4,0,21,1,0
11:10:00,501204002,15,0,21,1,0
11:10:00,501204003,3,1,41,1,0
11:10:00,501204004,2,0,12,1,0
11:10:00,501204005,2,0,18,1,0
11:10:00,501204007,9,0,27,1,0
11:10:00,501204008,4,0,11,1,0
11:10:00,501204009,0,0,0,2,0
11:10:00,501204010,0,0,0,2,0
11:10:00,501204011,2,0,13,1,0
11:10:00,501204012,1,0,13,1,0
11:10:00,501204013,0,0,13,1,0
11:10:00,501204014,4,0,12,1,0
11:10:00,501204015,2,0,13,1,0
11:10:00,501204016,7,0,13,1,0
11:10:00,501204017,4,0,11,1,0
11:10:00,501204018,3,1,21,1,0
11:10:00,501204020,10,1,10,1,0
11:10:00,501204021,1,0,19,1,0
11:10:00,501204022,4,0,12,1,0
11:10:00,501204023,2,0,13,1,0
11:10:00,501204024,0,0,0,2,0
11:10:00,501204025,9,0,11,1,0
11:10:00,501205001,7,0,10,1,0
11:10:00,501205003,0,0,19,1,0
11:10:00,501205004,1,0,15,1,0
11:10:00,501205005,0,0,22,1,0
11:10:00,501205006,1,0,19,1,0
11:10:00,501205007,5,1,7,1,0
11:10:00,501205008,2,1,24,1,0
11:10:00,501205009,0,0,45,1,0
11:10:00,501205010,12,2,1,1,0
11:10:00,501205011,11,0,21,1,0
11:10:00,501205012,8,2,12,1,0
11:10:00,501205013,8,0,13,1,0
11:10:00,501205014,5,3,18,1,0
11:10:00,501205015,0,0,18,1,0
11:10:00,501205018,1,0,17,1,0
11:10:00,501205019,18,5,10,1,0
11:10:00,501205020,24,3,6,1,0
11:10:00,501205021,13,1,2,1,0
11:10:00,501205022,3,0,12,1,0
11:10:00,501205023,1,0,14,1,0
11:10:00,501205025,0,0,28,1,0
11:10:00,501205026,0,0,19,1,0
11:10:00,501205027,7,0,3,1,0
11:10:00,501205028,1,0,13,1,0
11:10:00,501205029,7,2,3,1,0
11:10:00,501205030,2,0,8,1,0
11:10:00,501205033,5,2,10,1,0
11:10:00,501205034,21,5,7,1,0
11:10:00,501205035,1,1,15,1,0
11:10:00,501205036,10,1,5,1,0
11:10:00,501205037,7,1,8,1,0
11:10:00,501205038,0,0,20,1,0
11:10:00,501205039,1,0,18,1,0
11:10:00,501205040,0,0,25,1,0
11:10:00,501205041,2,0,15,1,0
11:10:00,501205042,8,0,21,1,0
11:10:00,501208011,9,1,26,1,0
11:10:00,501208013,12,0,41,1,0
11:10:00,501208014,7,0,30,1,0
11:10:00,501208015,3,0,12,1,0
11:10:00,501208018,5,0,10,1,0
11:10:00,501208021,3,0,14,1,0
11:10:00,501208027,1,0,29,1,0
11:10:00,501208029,10,1,11,1,0
11:10:00,501208030,8,0,30,1,0
11:10:00,501208032,9,0,19,1,0
11:10:00,501208040,5,1,14,1,0
11:10:00,501208041,9,0,6,1,0
11:10:00,501208045,14,0,18,1,0
11:10:00,501208051,21,0,15,1,0
11:10:00,501208053,12,0,9,1,0
11:10:00,501208054,7,3,21,1,0
11:10:00,501208059,8,0,21,1,0
11:10:00,501208064,7,1,13,1,0
11:10:00,501208077,9,0,1,1,0
11:10:00,501208079,7,1,15,1,0
11:10:00,501208082,5,1,5,1,0
11:10:00,501208085,3,2,12,1,0
11:10:00,501208087,2,0,29,1,0
11:10:00,501208089,3,2,22,1,0
11:10:00,501208091,33,10,10,1,0
11:10:00,501208111,12,1,2,1,0
11:10:00,501208113,4,1,16,1,0
11:10:00,501208114,5,3,15,1,0
11:10:00,501208129,6,2,16,1,0
11:10:00,501208130,7,0,6,1,0
11:10:00,501209002,1,0,19,1,0
11:10:00,501209003,7,0,7,1,0
11:10:00,501209004,13,1,1,1,0
11:10:00,501209005,12,0,6,1,0
11:10:00,501209006,12,1,6,1,0
11:10:00,501209007,2,0,13,1,0
11:10:00,501209009,0,0,0,2,0
11:10:00,501209010,4,1,9,1,0
11:10:00,501209011,0,0,25,1,0
11:10:00,501209014,2,0,10,1,0
11:10:00,501209015,8,0,7,1,0
11:10:00,501209016,11,0,18,1,0
11:10:00,501209017,3,0,9,1,0
11:10:00,501209018,4,0,11,1,0
11:10:00,501209019,17,1,6,1,0
11:10:00,501209020,32,13,0,1,0
11:10:00,501209021,2,1,12,1,0
11:10:00,501209022,1,0,9,1,0
11:10:00,501209023,3,0,40,1,0
11:10:00,501209024,0,0,42,1,0
11:10:00,501209025,2,0,13,1,0
11:10:00,501209026,0,0,25,1,0
11:10:00,501209027,10,2,8,1,0
11:10:00,501209028,1,0,27,1,0
11:10:00,501209030,4,1,14,1,0
11:10:00,501209031,2,0,28,1,0
11:10:00,501209032,2,0,26,1,0
11:10:00,501209033,1,1,19,1,0
11:10:00,501209034,6,1,9,1,0
11:10:00,501209035,15,0,13,1,0
11:10:00,501209036,0,0,31,1,0
11:10:00,501209037,8,1,27,1,0
11:10:00,501209038,0,0,16,1,0
11:10:00,501209039,24,0,6,1,0
11:10:00,501209040,30,4,1,1,0
11:10:00,501209042,1,1,18,1,0
11:10:00,501209043,3,0,22,1,0
11:10:00,501209044,2,0,13,1,0
11:10:00,501209045,1,0,14,1,0
11:10:00,501209046,4,1,18,1,0
11:10:00,501209047,2,0,12,1,0
11:10:00,501209049,4,0,16,1,0
11:10:00,501209050,5,0,8,1,0
11:10:00,501209051,20,5,4,1,0
11:10:00,501209052,13,4,9,1,0
11:10:00,501209053,2,1,18,1,0
11:10:00,501209054,27,0,0,1,0
11:10:00,501209056,2,0,13,1,0
11:10:00,501209058,8,1,8,1,0
11:10:00,501209059,3,0,12,1,0
11:10:00,501209060,18,1,2,1,0
11:10:00,501209062,0,0,15,1,0
11:10:00,501209064,3,0,12,1,0
11:10:00,501209065,5,0,10,1,0
11:10:00,501209066,4,1,9,1,0
11:10:00,501209067,2,0,13,1,0
11:10:00,501209068,5,0,12,1,0
11:10:00,501209069,58,7,4,1,0
11:10:00,501209070,7,0,10,1,0
11:10:00,501209071,17,4,0,1,0
11:10:00,501209073,4,1,11,1,0
11:10:00,501209074,9,0,14,1,0
11:10:00,501209075,11,1,5,1,0
11:10:00,501209076,17,4,6,1,0
11:10:00,501209077,4,1,11,1,0
11:10:00,501209078,7,1,6,1,0
11:10:00,501209079,0,0,24,1,0
11:10:00,501209080,2,1,24,1,0
11:10:00,501209081,4,0,11,1,0
11:10:00,501209084,1,0,22,1,0
11:10:00,501209085,2,0,24,1,0
11:10:00,501209087,36,3,3,1,0
11:10:00,501209088,4,0,11,1,0
11:10:00,501209089,8,2,11,1,0
11:10:00,501209090,2,1,12,1,0
11:10:00,501209091,3,0,13,1,0
11:10:00,501209092,3,0,13,1,0
11:10:00,501209093,1,0,14,1,0
11:10:00,501209094,4,0,12,1,0
11:10:00,501209095,10,0,4,1,0
11:10:00,501209096,7,1,8,1,0
11:10:00,501209097,2,0,13,1,0
11:10:00,501209098,7,0,8,1,0
11:10:00,501209099,2,0,17,1,0
11:10:00,501209100,12,3,3,1,0
11:10:00,501209101,7,0,8,1,0
11:10:00,501209102,6,0,14,1,0
11:10:00,501209104,8,1,10,1,0
11:10:00,501209105,5,1,21,1,0
11:10:00,501209106,12,0,8,1,0
11:10:00,501211001,28,8,9,1,0
11:10:00,501211002,7,0,8,1,0
11:10:00,501211004,10,2,5,1,0
11:10:00,501211005,4,2,15,1,0
11:10:00,501211006,11,2,5,1,0
11:10:00,501211007,16,2,3,1,0
11:10:00,501211009,3,0,15,1,0
11:10:00,501211011,17,1,13,1,0
11:10:00,501211012,5,1,13,1,0
11:20:00,501201001,0,0,0,2,0
11:20:00,501201002,1,0,38,1,0
11:20:00,501201003,4,0,19,1,0
11:20:00,501201004,6,0,9,1,0
11:20:00,501201005,4,0,15,1,0
11:20:00,501201006,21,0,7,1,0
11:20:00,501201007,10,0,9,1,0
11:20:00,501201008,0,0,25,1,0
11:20:00,501201010,6,0,4,1,0
11:20:00,501201011,3,0,19,1,0
11:20:00,501201012,23,1,17,1,0
11:20:00,501201013,17,1,5,1,0
11:20:00,501201014,11,1,8,1,0
11:20:00,501201015,0,0,25,1,0
11:20:00,501201016,4,0,20,1,0
11:20:00,501201017,19,4,7,1,0
11:20:00,501201018,1,0,22,1,0
11:20:00,501201019,8,0,20,1,0
11:20:00,501201020,7,0,16,1,0
11:20:00,501201021,12,0,3,1,0
11:20:00,501201022,1,0,15,1,0
11:20:00,501201023,2,1,26,1,0
11:20:00,501201024,18,3,6,1,0
11:20:00,501201025,13,0,11,1,0
11:20:00,501201026,1,0,18,1,0
11:20:00,501201028,1,0,19,1,0
11:20:00,501201029,5,0,8,1,0
11:20:00,501201030,11,0,4,1,0
11:20:00,501201031,6,0,11,1,0
11:20:00,501202001,7,0,7,1,0
11:20:00,501202003,7,1,33,1,0
11:20:00,501202013,9,1,7,1,0
11:20:00,501202023,6,2,9,1,0
11:20:00,501202024,13,1,2,1,0
11:20:00,501202034,3,1,13,1,0
11:20:00,501202035,17,1,13,1,0
11:20:00,501202036,10,1,28,1,0
11:20:00,501202040,27,2,18,1,0
11:20:00,501202043,13,1,11,1,0
11:20:00,501202044,0,0,0,2,0
11:20:00,501202047,11,0,11,1,0
11:20:00,501202050,8,1,7,1,0
11:20:00,501202055,11,4,4,1,0
11:20:00,501202058,8,1,7,1,0
11:20:00,501202065,9,1,6,1,0
11:20:00,501202068,4,0,14,1,0
11:20:00,501202070,2,1,14,1,0
11:20:00,501202078,7,0,18,1,0
11:20:00,501202080,3,1,23,1,0
11:20:00,501202081,14,0,9,1,0
11:20:00,501202082,2,0,21,1,0
11:20:00,501202083,0,0,24,1,0
11:20:00,501202084,8,0,16,1,0
11:20:00,501202085,1,0,34,1,0
11:20:00,501202088,14,1,16,1,0
11:20:00,501202089,13,0,15,1,0
11:20:00,501202096,9,0,6,1,0
11:20:00,501203001,6,0,14,1,0
11:20:00,501203002,12,1,9,1,0
11:20:00,501203003,5,1,89,1,0
11:20:00,501203005,10,0,10,1,0
11:20:00,501203006,4,1,11,1,0
11:20:00,501203007,9,0,6,1,0
11:20:00,501203008,13,1,3,1,0
11:20:00,501203010,16,0,17,1,0
11:20:00,501203011,15,0,23,1,0
11:20:00,501203012,4,1,13,1,0
11:20:00,501203013,5,1,19,1,0
11:20:00,501203015,2,0,10,1,0
11:20:00,501203020,3,0,17,1,0
11:20:00,501203022,3,1,16,1,0
11:20:00,501203023,0,0,18,1,0
11:20:00,501203028,0,0,25,1,0
11:20:00,501203040,1,1,23,1,0
11:20:00,501203045,3,0,15,1,0
11:20:00,501203050,5,0,55,1,0
11:20:00,501203051,11,1,12,1,0
11:20:00,501203053,18,0,8,1,0
11:20:00,501203054,4,3,18,1,0
11:20:00,501203064,1,0,15,1,0
11:20:00,501203065,6,1,10,1,0
11:20:00,501203070,11,0,4,1,0
11:20:00,501203073,6,0,18,1,0
11:20:00,501203076,4,0,11,1,0
11:20:00,501203078,3,0,13,1,0
11:20:00,501203080,7,2,8,1,0
11:20:00,501203084,4,0,7,1,0
11:20:00,501203085,1,0,9,1,0
11:20:00,501203088,7,1,6,1,0
11:20:00,501203089,4,0,8,1,0
11:20:00,501203090,0,0,10,1,0
11:20:00,501203091,6,0,7,1,0
11:20:00,501203092,13,0,7,1,0
11:20:00,501203100,5,1,14,1,0
11:20:00,501203101,0,0,0,2,0
11:20:00,501203102,18,2,1,1,0
11:20:00,501203104,4,0,14,1,0
11:20:00,501203105,2,0,9,1,0
11:20:00,501203107,0,0,0,2,0
11:20:00,501203109,15,0,11,1,0
11:20:00,501203110,7,0,34,1,0
11:20:00,501203111,3,0,8,1,0
11:20:00,501203113,14,0,5,1,0
11:20:00,501203114,44,4,6,1,0
11:20:00,501203117,0,0,0,2,0
11:20:00,501203118,4,1,16,1,0
11:20:00,501203121,5,0,19,1,0
11:20:00,501203122,4,0,16,1,0
11:20:00,501203125,1,0,24,1,0
11:20:00,501203131,11,0,9,1,0
11:20:00,501203140,5,0,37,1,0
11:20:00,501203141,2,0,13,1,0
11:20:00,501203142,9,1,27,1,0
11:20:00,501203145,10,0,5,1,0
11:20:00,501203151,1,0,17,1,0
11:20:00,501203155,7,0,12,1,0
11:20:00,501203157,5,0,12,1,0
11:20:00,501203159,6,1,14,1,0
11:20:00,501203161,7,1,12,1,0
11:20:00,501203162,7,3,14,1,0
11:20:00,501203163,5,0,11,1,0
11:20:00,501204001,4,0,21,1,0
11:20:00,501204002,16,0,20,1,0
11:20:00,501204003,3,0,41,1,0
11:20:00,501204004,2,0,12,1,0
11:20:00,501204005,2,0,18,1,0
11:20:00,501204007,8,0,28,1,0
11:20:00,501204008,4,0,11,1,0
11:20:00,501204009,0,0,0,2,0
11:20:00,501204010,0,0,0,2,0
11:20:00,501204011,2,0,13,1,0
11:20:00,501204012,1,0,13,1,0
11:20:00,501204013,0,0,13,1,0
11:20:00,501204014,3,0,13,1,0
11:20:00,501204015,2,0,13,1,0
11:20:00,501204016,6,0,14,1,0
11:20:00,501204017,4,0,11,1,0
11:20:00,501204018,3,1,21,1,0
11:20:00,501204020,8,0,12,1,0
11:20:00,501204021,0,0,20,1,0
11:20:00,501204022,4,0,12,1,0
11:20:00,501204023,1,0,14,1,0
11:20:00,501204024,0,0,0,2,0
11:20:00,501204025,9,0,11,1,0
11:20:00,501205001,8,0,9,1,0
11:20:00,501205003,0,0,19,1,0
11:20:00,501205004,0,0,16,1,0
11:20:00,501205005,0,0,22,1,0
11:20:00,501205006,1,0,19,1,0
11:20:00,501205007,4,0,8,1,0
11:20:00,501205008,2,1,24,1,0
11:20:00,501205009,0,0,45,1,0
11:20:00,501205010,12,3,1,1,0
11:20:00,501205011,11,0,21,1,0
11:20:00,501205012,9,2,11,1,0
11:20:00,501205013,8,0,13,1,0
11:20:00,501205014,5,3,18,1,0
11:20:00,501205015,0,0,18,1,0
11:20:00,501205018,2,0,16,1,0
11:20:00,501205019,17,4,11,1,0
11:20:00,501205020,24,3,6,1,0
11:20:00,501205021,12,1,3,1,0
11:20:00,501205022,4,0,11,1,0
11:20:00,501205023,1,0,14,1,0
11:20:00,501205025,0,0,28,1,0
11:20:00,501205026,1,0,18,1,0
11:20:00,501205027,7,0,3,1,0
11:20:00,501205028,0,0,14,1,0
11:20:00,501205029,9,2,1,1,0
11:20:00,501205030,2,0,8,1,0
11:20:00,501205033,6,2,9,1,0
11:20:00,501205034,21,5,7,1,0
11:20:00,501205035,1,1,15,1,0
11:20:00,501205036,12,1,3,1,0
11:20:00,501205037,7,1,8,1,0
11:20:00,501205038,0,0,20,1,0
11:20:00,501205039,0,0,20,1,0
11:20:00,501205040,0,0,25,1,0
11:20:00,501205041,2,0,15,1,0
11:20:00,501205042,9,0,20,1,0
11:20:00,501208011,9,1,26,1,0
11:20:00,501208013,11,0,42,1,0
11:20:00,501208014,8,2,29,1,0
11:20:00,501208015,3,0,12,1,0
11:20:00,501208018,4,0,11,1,0
11:20:00,501208021,3,0,14,1,0
11:20:00,501208027,2,0,28,1,0
11:20:00,501208029,9,1,12,1,0
11:20:00,501208030,8,0,30,1,0
11:20:00,501208032,9,0,19,1,0
11:20:00,501208040,5,1,14,1,0
11:20:00,501208041,9,0,6,1,0
11:20:00,501208045,14,0,18,1,0
11:20:00,501208051,21,0,15,1,0
11:20:00,501208053,9,0,12,1,0
11:20:00,501208054,8,3,20,1,0
11:20:00,501208059,6,0,23,1,0
11:20:00,501208064,7,1,13,1,0
11:20:00,501208077,9,0,1,1,0
11:20:00,501208079,8,2,14,1,0
11:20:00,501208082,5,1,5,1,0
11:20:00,501208085,2,1,13,1,0
11:20:00,501208087,0,0,31,1,0
11:20:00,501208089,1,0,24,1,0
11:20:00,501208091,32,9,11,1,0
11:20:00,501208111,12,1,2,1,0
11:20:00,501208113,4,1,16,1,0
11:20:00,501208114,5,3,15,1,0
11:20:00,501208129,6,2,16,1,0
11:20:00,501208130,7,0,6,1,0
11:20:00,501209002,3,0,17,1,0
11:20:00,501209003,6,0,8,1,0
11:20:00,501209004,13,1,1,1,0
11:20:00,501209005,11,0,7,1,0
11:20:00,501209006,11,0,7,1,0
11:20:00,501209007,2,0,13,1,0
11:20:00,501209009,0,0,0,2,0
11:20:00,501209010,4,1,9,1,0
11:20:00,501209011,0,0,25,1,0
11:20:00,501209014,2,0,10,1,0
11:20:00,501209015,8,0,7,1,0
11:20:00,501209016,11,0,18,1,0
11:20:00,501209017,3,0,9,1,0
11:20:00,501209018,5,0,10,1,0
11:20:00,501209019,16,1,6,1,0
11:20:00,501209020,25,12,7,1,0
11:20:00,501209021,2,1,12,1,0
11:20:00,501209022,1,0,9,1,0
11:20:00,501209023,2,0,41,1,0
11:20:00,501209024,0,0,42,1,0
11:20:00,501209025,2,0,13,1,0
11:20:00,501209026,1,1,24,1,0
11:20:00,501209027,10,2,8,1,0
11:20:00,501209028,1,0,27,1,0
11:20:00,501209030,4,1,14,1,0
11:20:00,501209031,2,0,28,1,0
11:20:00,501209032,2,0,26,1,0
11:20:00,501209033,2,1,18,1,0
11:20:00,501209034,6,1,9,1,0
11:20:00,501209035,15,0,13,1,0
11:20:00,501209036,0,0,31,1,0
11:20:00,501209037,8,1,27,1,0
11:20:00,501209038,0,0,16,1,0
11:20:00,501209039,26,0,4,1,0
11:20:00,501209040,28,4,3,1,0
11:20:00,501209042,3,1,16,1,0
11:20:00,501209043,3,0,22,1,0
11:20:00,501209044,2,0,13,1,0
11:20:00,501209045,1,0,14,1,0
11:20:00,501209046,4,1,18,1,0
11:20:00,501209047,2,0,12,1,0
11:20:00,501209049,4,0,16,1,0
11:20:00,501209050,4,0,9,1,0
11:20:00,501209051,20,5,4,1,0
11:20:00,501209052,11,2,11,1,0
11:20:00,501209053,1,1,19,1,0
11:20:00,501209054,22,0,5,1,0
11:20:00,501209056,2,0,13,1,0
11:20:00,501209058,7,1,9,1,0
11:20:00,501209059,2,0,13,1,0
11:20:00,501209060,18,1,2,1,0
11:20:00,501209062,0,0,15,1,0
11:20:00,501209064,3,0,12,1,0
11:20:00,501209065,5,0,10,1,0
11:20:00,501209066,4,1,9,1,0
11:20:00,501209067,2,0,13,1,0
11:20:00,501209068,5,0,12,1,0
11:20:00,501209069,51,7,11,1,0
11:20:00,501209070,6,0,11,1,0
11:20:00,501209071,17,4,0,1,0
11:20:00,501209073,5,1,10,1,0
11:20:00,501209074,9,0,14,1,0
11:20:00,501209075,11,1,5,1,0
11:20:00,501209076,17,4,6,1,0
11:20:00,501209077,4,1,11,1,0
11:20:00,501209078,6,1,7,1,0
11:20:00,501209079,0,0,24,1,0
11:20:00,501209080,2,1,24,1,0
11:20:00,501209081,4,0,11,1,0
11:20:00,501209084,1,0,22,1,0
11:20:00,501209085,2,0,24,1,0
11:20:00,501209087,37,3,2,1,0
11:20:00,501209088,4,0,11,1,0
11:20:00,501209089,10,2,9,1,0
11:20:00,501209090,1,1,13,1,0
11:20:00,501209091,3,0,13,1,0
11:20:00,501209092,3,0,13,1,0
11:20:00,501209093,2,0,13,1,0
11:20:00,501209094,4,0,12,1,0
11:20:00,501209095,10,0,4,1,0
11:20:00,501209096,7,1,8,1,0
11:20:00,501209097,2,0,13,1,0
11:20:00,501209098,7,0,8,1,0
11:20:00,501209099,2,0,17,1,0
11:20:00,501209100,12,3,3,1,0
11:20:00,501209101,7,0,8,1,0
11:20:00,501209102,6,0,14,1,0
11:20:00,501209104,7,0,11,1,0
11:20:00,501209105,5,1,21,1,0
11:20:00,501209106,12,0,8,1,0
11:20:00,501211001,28,8,9,1,0
11:20:00,501211002,7,0,8,1,0
11:20:00,501211004,10,2,5,1,0
11:20:00,501211005,4,2,15,1,0
11:20:00,501211006,11,2,5,1,0
11:20:00,501211007,16,2,3,1,0
11:20:00,501211009,3,0,15,1,0
11:20:00,501211011,17,1,13,1,0
11:20:00,501211012,5,1,13,1,0
11:30:00,501201001,0,0,0,2,0
11:30:00,501201002,1,0,38,1,0
11:30:00,501201003,4,0,19,1,0
11:30:00,501201004,5,0,10,1,0
11:30:00,501201005,4,0,15,1,0
11:30:00,501201006,20,0,8,1,0
11:30:00,501201007,9,1,10,1,0
11:30:00,501201008,0,0,25,1,0
11:30:00,501201010,5,0,5,1,0
11:30:00,501201011,3,0,19,1,0
11:30:00,501201012,24,1,16,1,0
11:30:00,501201013,17,1,5,1,0
11:30:00,501201014,11,1,8,1,0
11:30:00,501201015,1,0,24,1,0
11:30:00,501201016,4,0,20,1,0
11:30:00,501201017,17,3,9,1,0
11:30:00,501201018,1,0,22,1,0
11:30:00,501201019,6,0,22,1,0
11:30:00,501201020,7,0,16,1,0
11:30:00,501201021,12,0,3,1,0
11:30:00,501201022,3,1,12,1,0
11:30:00,501201023,2,1,26,1,0
11:30:00,501201024,18,4,6,1,0
11:30:00,501201025,15,1,9,1,0
11:30:00,501201026,1,0,18,1,0
11:30:00,501201028,0,0,20,1,0
11:30:00,501201029,6,0,7,1,0
11:30:00,501201030,9,0,6,1,0
11:30:00,501201031,6,0,11,1,0
11:30:00,501202001,7,0,7,1,0
11:30:00,501202003,7,1,33,1,0
11:30:00,501202013,9,1,7,1,0
11:30:00,501202023,6,2,9,1,0
11:30:00,501202024,13,1,2,1,0
11:30:00,501202034,2,1,14,1,0
11:30:00,501202035,17,1,13,1,0
11:30:00,501202036,10,1,28,1,0
11:30:00,501202040,26,1,19,1,0
11:30:00,501202043,12,1,12,1,0
11:30:00,501202044,0,0,0,2,0
11:30:00,501202047,11,0,11,1,0
11:30:00,501202050,8,1,7,1,0
11:30:00,501202055,9,3,6,1,0
11:30:00,501202058,8,1,7,1,0
11:30:00,501202065,8,1,7,1,0
11:30:00,501202068,5,0,13,1,0
11:30:00,501202070,0,0,16,1,0
11:30:00,501202078,7,0,18,1,0
11:30:00,501202080,3,1,23,1,0
11:30:00,501202081,14,0,9,1,0
11:30:00,501202082,2,0,21,1,0
11:30:00,501202083,0,0,24,1,0
11:30:00,501202084,8,0,16,1,0
11:30:00,501202085,0,0,35,1,0
11:30:00,501202088,14,1,16,1,0
11:30:00,501202089,13,0,15,1,0
11:30:00,501202096,9,0,6,1,0
11:30:00,501203001,6,0,14,1,0
11:30:00,501203002,12,1,9,1,0
11:30:00,501203003,7,2,87,1,0
11:30:00,501203005,11,0,9,1,0
11:30:00,501203006,5,1,10,1,0
11:30:00,501203007,10,0,5,1,0
11:30:00,501203008,13,0,2,1,0
11:30:00,501203010,16,0,17,1,0
11:30:00,501203011,15,0,23,1,0
11:30:00,501203012,2,0,15,1,0
11:30:00,501203013,5,1,19,1,0
11:30:00,501203015,2,0,10,1,0
11:30:00,501203020,6,0,14,1,0
11:30:00,501203022,3,1,16,1,0
11:30:00,501203023,0,0,18,1,0
11:30:00,501203028,0,0,25,1,0
11:30:00,501203040,3,1,21,1,0
11:30:00,501203045,1,0,17,1,0
11:30:00,501203050,8,0,52,1,0
11:30:00,501203051,10,0,13,1,0
11:30:00,501203053,18,0,8,1,0
11:30:00,501203054,4,3,18,1,0
11:30:00,501203064,0,0,16,1,0
11:30:00,501203065,8,1,8,1,0
11:30:00,501203070,11,0,4,1,0
11:30:00,501203073,6,0,18,1,0
11:30:00,501203076,4,0,11,1,0
11:30:00,501203078,4,0,12,1,0
11:30:00,501203080,7,2,8,1,0
11:30:00,501203084,4,0,7,1,0
11:30:00,501203085,1,0,9,1,0
11:30:00,501203088,7,1,7,1,0
11:30:00,501203089,4,0,8,1,0
11:30:00,501203090,0,0,10,1,0
11:30:00,501203091,6,0,7,1,0
11:30:00,501203092,13,0,7,1,0
11:30:00,501203100,5,1,14,1,0
11:30:00,501203101,0,0,0,2,0
11:30:00,501203102,18,2,1,1,0
11:30:00,501203104,5,0,13,1,0
11:30:00,501203105,2,0,9,1,0
11:30:00,501203107,0,0,0,2,0
11:30:00,501203109,18,0,8,1,0
11:30:00,501203110,5,0,36,1,0
11:30:00,501203111,3,0,8,1,0
11:30:00,501203113,13,0,6,1,0
11:30:00,501203114,42,3,8,1,0
11:30:00,501203117,0,0,0,2,0
11:30:00,501203118,4,1,16,1,0
11:30:00,501203121,5,0,19,1,0
11:30:00,501203122,3,0,17,1,0
11:30:00,501203125,0,0,25,1,0
11:30:00,501203131,11,0,9,1,0
11:30:00,501203140,4,0,38,1,0
11:30:00,501203141,2,0,13,1,0
11:30:00,501203142,8,1,28,1,0
11:30:00,501203145,11,0,4,1,0
11:30:00,501203151,2,0,16,1,0
11:30:00,501203155,6,0,13,1,0
11:30:00,501203157,5,0,12,1,0
11:30:00,501203159,6,1,14,1,0
11:30:00,501203161,7,1,12,1,0
11:30:00,501203162,6,3,15,1,0
11:30:00,501203163,5,0,11,1,0
11:30:00,501204001,3,0,22,1,0
11:30:00,501204002,15,0,21,1,0
11:30:00,501204003,5,2,39,1,0
11:30:00,501204004,2,0,12,1,0
11:30:00,501204005,2,0,18,1,0
11:30:00,501204007,7,0,29,1,0
11:30:00,501204008,4,0,11,1,0
11:30:00,501204009,0,0,0,2,0
11:30:00,501204010,0,0,0,2,0
11:30:00,501204011,1,0,14,1,0
11:30:00,501204012,2,0,12,1,0
11:30:00,501204013,0,0,13,1,0
11:30:00,501204014,2,0,14,1,0
11:30:00,501204015,3,0,12,1,0
11:30:00,501204016,6,0,14,1,0
11:30:00,501204017,4,0,11,1,0
11:30:00,501204018,4,2,20,1,0
11:30:00,501204020,8,0,12,1,0
11:30:00,501204021,0,0,20,1,0
11:30:00,501204022,5,0,11,1,0
11:30:00,501204023,0,0,15,1,0
11:30:00,501204024,0,0,0,2,0
11:30:00,501204025,9,0,11,1,0
11:30:00,501205001,7,0,10,1,0
11:30:00,501205003,0,0,19,1,0
11:30:00,501205004,0,0,16,1,0
11:30:00,501205005,0,0,22,1,0
11:30:00,501205006,1,0,19,1,0
11:30:00,501205007,4,0,8,1,0
11:30:00,501205008,2,1,24,1,0
11:30:00,501205009,0,0,45,1,0
11:30:00,501205010,13,3,0,1,0
11:30:00,501205011,11,0,21,1,0
11:30:00,501205012,10,1,10,1,0
11:30:00,501205013,8,0,13,1,0
11:30:00,501205014,4,3,19,1,0
11:30:00,501205015,0,0,18,1,0
11:30:00,501205018,1,0,17,1,0
11:30:00,501205019,16,4,12,1,0
11:30:00,501205020,25,3,5,1,0
11:30:00,501205021,11,1,4,1,0
11:30:00,501205022,3,0,12,1,0
11:30:00,501205023,1,0,14,1,0
11:30:00,501205025,0,0,28,1,0
11:30:00,501205026,2,1,17,1,0
11:30:00,501205027,7,0,3,1,0
11:30:00,501205028,0,0,14,1,0
11:30:00,501205029,9,2,1,1,0
11:30:00,501205030,2,0,8,1,0
11:30:00,501205033,2,0,13,1,0
11:30:00,501205034,22,6,6,1,0
11:30:00,501205035,1,1,15,1,0
11:30:00,501205036,12,2,3,1,0
11:30:00,501205037,5,0,10,1,0
11:30:00,501205038,0,0,20,1,0
11:30:00,501205039,0,0,20,1,0
11:30:00,501205040,0,0,25,1,0
11:30:00,501205041,2,0,15,1,0
11:30:00,501205042,9,0,20,1,0
11:30:00,501208011,10,2,25,1,0
11:30:00,501208013,11,0,42,1,0
11:30:00,501208014,8,2,29,1,0
11:30:00,501208015,3,0,12,1,0
11:30:00,501208018,5,1,10,1,0
11:30:00,501208021,2,0,15,1,0
11:30:00,501208027,4,0,26,1,0
11:30:00,501208029,8,0,13,1,0
11:30:00,501208030,8,0,30,1,0
11:30:00,501208032,9,0,19,1,0
11:30:00,501208040,5,1,14,1,0
11:30:00,501208041,9,0,6,1,0
11:30:00,501208045,14,0,18,1,0
11:30:00,501208051,21,0,15,1,0
11:30:00,501208053,9,0,12,1,0
11:30:00,501208054,8,3,20,1,0
11:30:00,501208059,6,0,23,1,0
11:30:00,501208064,7,1,13,1,0
11:30:00,501208077,9,0,1,1,0
11:30:00,501208079,8,2,14,1,0
11:30:00,501208082,4,0,6,1,0
11:30:00,501208085,2,1,13,1,0
11:30:00,501208087,0,0,31,1,0
11:30:00,501208089,3,0,22,1,0
11:30:00,501208091,32,9,11,1,0
11:30:00,501208111,12,1,2,1,0
11:30:00,501208113,4,1,16,1,0
11:30:00,501208114,5,3,15,1,0
11:30:00,501208129,6,2,16,1,0
11:30:00,501208130,7,0,6,1,0
11:30:00,501209002,2,0,18,1,0
11:30:00,501209003,6,0,8,1,0
11:30:00,501209004,13,1,1,1,0
11:30:00,501209005,9,0,9,1,0
11:30:00,501209006,10,0,8,1,0
11:30:00,501209007,2,0,13,1,0
11:30:00,501209009,0,0,0,2,0
11:30:00,501209010,3,0,10,1,0
11:30:00,501209011,0,0,25,1,0
11:30:00,501209014,2,0,10,1,0
11:30:00,501209015,8,0,7,1,0
11:30:00,501209016,10,0,19,1,0
11:30:00,501209017,3,0,9,1,0
11:30:00,501209018,4,0,11,1,0
11:30:00,501209019,17,1,5,1,0
11:30:00,501209020,25,12,7,1,0
11:30:00,501209021,2,1,12,1,0
11:30:00,501209022,1,0,9,1,0
11:30:00,501209023,0,0,43,1,0
11:30:00,501209024,0,0,42,1,0
11:30:00,501209025,2,0,13,1,0
11:30:00,501209026,2,0,23,1,0
11:30:00,501209027,10,2,8,1,0
11:30:00,501209028,1,0,27,1,0
11:30:00,501209030,4,1,14,1,0
11:30:00,501209031,2,0,28,1,0
11:30:00,501209032,2,0,26,1,0
11:30:00,501209033,1,0,19,1,0
11:30:00,501209034,6,1,9,1,0
11:30:00,501209035,14,0,14,1,0
11:30:00,501209036,0,0,31,1,0
11:30:00,501209037,8,1,27,1,0
11:30:00,501209038,0,0,16,1,0
11:30:00,501209039,26,0,4,1,0
11:30:00,501209040,30,4,1,1,0
11:30:00,501209042,2,1,17,1,0
11:30:00,501209043,3,0,22,1,0
11:30:00,501209044,2,0,13,1,0
11:30:00,501209045,1,0,14,1,0
11:30:00,501209046,5,1,17,1,0
11:30:00,501209047,2,0,12,1,0
11:30:00,501209049,4,0,16,1,0
11:30:00,501209050,3,0,10,1,0
11:30:00,501209051,20,6,4,1,0
11:30:00,501209052,10,2,12,1,0
11:30:00,501209053,1,1,19,1,0
11:30:00,501209054,23,1,4,1,0
11:30:00,501209056,1,0,14,1,0
11:30:00,501209058,7,1,9,1,0
11:30:00,501209059,2,0,13,1,0
11:30:00,501209060,17,1,3,1,0
11:30:00,501209062,0,0,15,1,0
11:30:00,501209064,3,0,12,1,0
11:30:00,501209065,4,0,11,1,0
11:30:00,501209066,4,1,9,1,0
11:30:00,501209067,2,0,13,1,0
11:30:00,501209068,5,0,12,1,0
11:30:00,501209069,51,7,12,1,0
11:30:00,501209070,7,1,10,1,0
11:30:00,501209071,17,4,0,1,0
11:30:00,501209073,4,1,11,1,0
11:30:00,501209074,9,0,14,1,0
11:30:00,501209075,12,1,4,1,0
11:30:00,501209076,17,4,6,1,0
11:30:00,501209077,4,1,11,1,0
11:30:00,501209078,6,1,7,1,0
11:30:00,501209079,0,0,24,1,0
11:30:00,501209080,3,1,23,1,0
11:30:00,501209081,4,0,11,1,0
11:30:00,501209084,2,0,21,1,0
11:30:00,501209085,3,0,23,1,0
11:30:00,501209087,36,2,3,1,0
11:30:00,501209088,4,0,11,1,0
11:30:00,501209089,10,2,9,1,0
11:30:00,501209090,0,0,14,1,0
11:30:00,501209091,3,0,13,1,0
11:30:00,501209092,3,0,13,1,0
11:30:00,501209093,2,0,13,1,0
11:30:00,501209094,4,0,12,1,0
11:30:00,501209095,10,0,4,1,0
11:30:00,501209096,7,1,8,1,0
11:30:00,501209097,2,0,13,1,0
11:30:00,501209098,7,0,8,1,0
11:30:00,501209099,2,0,17,1,0
11:30:00,501209100,12,3,3,1,0
11:30:00,501209101,7,0,8,1,0
11:30:00,501209102,6,0,14,1,0
11:30:00,501209104,7,0,11,1,0
11:30:00,501209105,5,1,21,1,0
11:30:00,501209106,12,0,8,1,0
11:30:00,501211001,28,8,9,1,0
11:30:00,501211002,7,0,8,1,0
11:30:00,501211004,10,2,5,1,0
11:30:00,501211005,4,2,15,1,0
11:30:00,501211006,11,2,5,1,0
11:30:00,501211007,16,2,3,1,0
11:30:00,501211009,4,0,14,1,0
11:30:00,501211011,17,1,13,1,0
11:30:00,501211012,5,1,13,1,0
11:40:00,501201001,0,0,0,2,0
11:40:00,501201002,2,0,37,1,0
11:40:00,501201003,4,0,19,1,0
11:40:00,501201004,4,0,11,1,0
11:40:00,501201005,4,0,15,1,0
11:40:00,501201006,22,1,6,1,0
11:40:00,501201007,9,1,10,1,0
11:40:00,501201008,0,0,25,1,0
11:40:00,501201010,5,0,5,1,0
11:40:00,501201011,4,0,18,1,0
11:40:00,501201012,25,1,15,1,0
11:40:00,501201013,17,1,5,1,0
11:40:00,501201014,12,1,7,1,0
11:40:00,501201015,2,1,23,1,0
11:40:00,501201016,2,0,22,1,0
11:40:00,501201017,13,0,13,1,0
11:40:00,501201018,1,0,22,1,0
11:40:00,501201019,5,0,23,1,0
11:40:00,501201020,8,1,15,1,0
11:40:00,501201021,13,0,2,1,0
11:40:00,501201022,1,0,14,1,0
11:40:00,501201023,2,1,26,1,0
11:40:00,501201024,18,4,6,1,0
11:40:00,501201025,15,1,9,1,0
11:40:00,501201026,1,0,18,1,0
11:40:00,501201028,0,0,20,1,0
11:40:00,501201029,6,0,7,1,0
11:40:00,501201030,9,0,6,1,0
11:40:00,501201031,6,0,11,1,0
11:40:00,501202001,7,0,7,1,0
11:40:00,501202003,7,1,33,1,0
11:40:00,501202013,10,1,6,1,0
11:40:00,501202023,5,1,10,1,0
11:40:00,501202024,13,1,2,1,0
11:40:00,501202034,3,1,13,1,0
11:40:00,501202035,16,0,14,1,0
11:40:00,501202036,9,1,29,1,0
11:40:00,501202040,22,0,23,1,0
11:40:00,501202043,12,1,12,1,0
11:40:00,501202044,0,0,0,2,0
11:40:00,501202047,11,0,11,1,0
11:40:00,501202050,7,1,8,1,0
11:40:00,501202055,9,3,6,1,0
11:40:00,501202058,9,1,6,1,0
11:40:00,501202065,9,1,6,1,0
11:40:00,501202068,5,0,13,1,0
11:40:00,501202070,0,0,16,1,0
11:40:00,501202078,8,0,17,1,0
11:40:00,501202080,3,1,23,1,0
11:40:00,501202081,14,0,9,1,0
11:40:00,501202082,2,0,21,1,0
11:40:00,501202083,0,0,24,1,0
11:40:00,501202084,8,0,16,1,0
11:40:00,501202085,1,1,34,1,0
11:40:00,501202088,14,1,16,1,0
11:40:00,501202089,13,0,15,1,0
11:40:00,501202096,8,0,7,1,0
11:40:00,501203001,6,0,14,1,0
11:40:00,501203002,11,0,10,1,0
11:40:00,501203003,8,2,86,1,0
11:40:00,501203005,11,0,9,1,0
11:40:00,501203006,5,1,10,1,0
11:40:00,501203007,10,0,5,1,0
11:40:00,501203008,13,1,3,1,0
11:40:00,501203010,15,0,18,1,0
11:40:00,501203011,15,0,23,1,0
11:40:00,501203012,2,0,15,1,0
11:40:00,501203013,4,0,20,1,0
11:40:00,501203015,3,0,9,1,0
11:40:00,501203020,8,0,12,1,0
11:40:00,501203022,2,1,17,1,0
11:40:00,501203023,1,0,17,1,0
11:40:00,501203028,1,0,24,1,0
11:40:00,501203040,5,2,19,1,0
11:40:00,501203045,1,0,17,1,0
11:40:00,501203050,11,0,49,1,0
11:40:00,501203051,8,0,15,1,0
11:40:00,501203053,19,0,7,1,0
11:40:00,501203054,4,3,18,1,0
11:40:00,501203064,1,0,15,1,0
11:40:00,501203065,9,1,7,1,0
11:40:00,501203070,11,0,4,1,0
11:40:00,501203073,6,0,18,1,0
11:40:00,501203076,4,0,11,1,0
11:40:00,501203078,3,0,13,1,0
11:40:00,501203080,7,2,8,1,0
11:40:00,501203084,4,0,7,1,0
11:40:00,501203085,1,0,9,1,0
11:40:00,501203088,8,1,6,1,0
11:40:00,501203089,4,0,8,1,0
11:40:00,501203090,0,0,10,1,0
11:40:00,501203091,6,0,7,1,0
11:40:00,501203092,13,0,7,1,0
11:40:00,501203100,4,0,15,1,0
11:40:00,501203101,0,0,0,2,0
11:40:00,501203102,14,0,5,1,0
11:40:00,501203104,5,0,13,1,0
11:40:00,501203105,1,0,10,1,0
11:40:00,501203107,0,0,0,2,0
11:40:00,501203109,17,0,9,1,0
11:40:00,501203110,5,0,36,1,0
11:40:00,501203111,2,0,9,1,0
11:40:00,501203113,13,0,6,1,0
11:40:00,501203114,37,2,13,1,0
11:40:00,501203117,0,0,0,2,0
11:40:00,501203118,4,1,16,1,0
11:40:00,501203121,5,0,19,1,0
11:40:00,501203122,3,0,17,1,0
11:40:00,501203125,1,1,24,1,0
11:40:00,501203131,12,0,8,1,0
11:40:00,501203140,5,0,37,1,0
11:40:00,501203141,2,0,13,1,0
11:40:00,501203142,9,1,27,1,0
11:40:00,501203145,11,0,4,1,0
11:40:00,501203151,2,0,16,1,0
11:40:00,501203155,6,0,13,1,0
11:40:00,501203157,5,0,12,1,0
11:40:00,501203159,6,1,14,1,0
11:40:00,501203161,7,1,12,1,0
11:40:00,501203162,7,4,14,1,0
11:40:00,501203163,4,0,12,1,0
11:40:00,501204001,1,0,24,1,0
11:40:00,501204002,15,0,21,1,0
11:40:00,501204003,4,0,40,1,0
11:40:00,501204004,2,0,12,1,0
11:40:00,501204005,2,0,18,1,0
11:40:00,501204007,7,0,29,1,0
11:40:00,501204008,5,1,10,1,0
11:40:00,501204009,0,0,0,2,0
11:40:00,501204010,0,0,0,2,0
11:40:00,501204011,1,0,14,1,0
11:40:00,501204012,3,0,11,1,0
11:40:00,501204013,0,0,13,1,0
11:40:00,501204014,3,0,13,1,0
11:40:00,501204015,3,0,12,1,0
11:40:00,501204016,6,0,14,1,0
11:40:00,501204017,4,0,11,1,0
11:40:00,501204018,5,2,19,1,0
11:40:00,501204020,8,0,12,1,0
11:40:00,501204021,2,0,18,1,0
11:40:00,501204022,5,0,11,1,0
11:40:00,501204023,1,0,14,1,0
11:40:00,501204024,0,0,0,2,0
11:40:00,501204025,9,0,11,1,0
11:40:00,501205001,7,0,10,1,0
11:40:00,501205003,0,0,19,1,0
11:40:00,501205004,0,0,16,1,0
11:40:00,501205005,0,0,22,1,0
11:40:00,501205006,1,0,19,1,0
11:40:00,501205007,4,0,8,1,0
11:40:00,501205008,2,1,24,1,0
11:40:00,501205009,0,0,45,1,0
11:40:00,501205010,11,2,2,1,0
11:40:00,501205011,12,0,20,1,0
11:40:00,501205012,12,2,8,1,0
11:40:00,501205013,8,0,13,1,0
11:40:00,501205014,4,3,19,1,0
11:40:00,501205015,0,0,18,1,0
11:40:00,501205018,1,0,17,1,0
11:40:00,501205019,15,3,13,1,0
11:40:00,501205020,24,2,6,1,0
11:40:00,501205021,11,2,4,1,0
11:40:00,501205022,2,0,13,1,0
11:40:00,501205023,1,0,14,1,0
11:40:00,501205025,0,0,28,1,0
11:40:00,501205026,3,1,16,1,0
11:40:00,501205027,7,0,3,1,0
11:40:00,501205028,2,0,12,1,0
11:40:00,501205029,8,1,2,1,0
11:40:00,501205030,2,0,8,1,0
11:40:00,501205033,2,0,13,1,0
11:40:00,501205034,22,5,6,1,0
11:40:00,501205035,1,1,15,1,0
11:40:00,501205036,11,2,4,1,0
11:40:00,501205037,5,0,10,1,0
11:40:00,501205038,2,0,18,1,0
11:40:00,501205039,2,2,18,1,0
11:40:00,501205040,0,0,25,1,0
11:40:00,501205041,2,0,15,1,0
11:40:00,501205042,8,0,21,1,0
11:40:00,501208011,12,4,23,1,0
11:40:00,501208013,11,0,42,1,0
11:40:00,501208014,6,1,31,1,0
11:40:00,501208015,3,0,12,1,0
11:40:00,501208018,5,1,10,1,0
11:40:00,501208021,3,0,14,1,0
11:40:00,501208027,6,2,24,1,0
11:40:00,501208029,8,0,13,1,0
11:40:00,501208030,10,0,28,1,0
11:40:00,501208032,8,0,20,1,0
11:40:00,501208040,5,1,14,1,0
11:40:00,501208041,10,1,5,1,0
11:40:00,501208045,14,0,18,1,0
11:40:00,501208051,20,0,16,1,0
11:40:00,501208053,11,0,10,1,0
11:40:00,501208054,7,2,21,1,0
11:40:00,501208059,5,0,24,1,0
11:40:00,501208064,7,1,13,1,0
11:40:00,501208077,9,0,1,1,0
11:40:00,501208079,9,2,13,1,0
11:40:00,501208082,7,0,3,1,0
11:40:00,501208085,2,1,13,1,0
11:40:00,501208087,0,0,31,1,0
11:40:00,501208089,3,0,22,1,0
11:40:00,501208091,31,8,12,1,0
11:40:00,501208111,10,0,4,1,0
11:40:00,501208113,4,1,15,1,0
11:40:00,501208114,5,3,15,1,0
11:40:00,501208129,6,2,16,1,0
11:40:00,501208130,7,0,6,1,0
11:40:00,501209002,2,0,18,1,0
11:40:00,501209003,6,0,8,1,0
11:40:00,501209004,12,1,2,1,0
11:40:00,501209005,9,0,9,1,0
11:40:00,501209006,10,0,8,1,0
11:40:00,501209007,1,0,14,1,0
11:40:00,501209009,0,0,0,2,0
11:40:00,501209010,4,0,9,1,0
11:40:00,501209011,0,0,25,1,0
11:40:00,501209014,1,0,11,1,0
11:40:00,501209015,8,0,7,1,0
11:40:00,501209016,10,1,19,1,0
11:40:00,501209017,2,0,10,1,0
11:40:00,501209018,4,0,11,1,0
11:40:00,501209019,17,1,5,1,0
11:40:00,501209020,25,12,7,1,0
11:40:00,501209021,2,1,12,1,0
11:40:00,501209022,0,0,10,1,0
11:40:00,501209023,0,0,43,1,0
11:40:00,501209024,0,0,42,1,0
11:40:00,501209025,2,0,13,1,0
11:40:00,501209026,2,1,23,1,0
11:40:00,501209027,10,2,8,1,0
11:40:00,501209028,0,0,28,1,0
11:40:00,501209030,4,1,14,1,0
11:40:00,501209031,1,0,29,1,0
11:40:00,501209032,3,0,25,1,0
11:40:00,501209033,1,0,19,1,0
11:40:00,501209034,7,1,8,1,0
11:40:00,501209035,14,0,14,1,0
11:40:00,501209036,0,0,31,1,0
11:40:00,501209037,8,1,27,1,0
11:40:00,501209038,0,0,16,1,0
11:40:00,501209039,27,0,3,1,0
11:40:00,501209040,28,3,3,1,0
11:40:00,501209042,2,1,17,1,0
11:40:00,501209043,3,0,22,1,0
11:40:00,501209044,1,0,14,1,0
11:40:00,501209045,1,0,14,1,0
11:40:00,501209046,6,1,16,1,0
11:40:00,501209047,1,0,13,1,0
11:40:00,501209049,3,0,17,1,0
11:40:00,501209050,3,0,10,1,0
11:40:00,501209051,21,5,3,1,0
11:40:00,501209052,8,1,14,1,0
11:40:00,501209053,1,1,19,1,0
11:40:00,501209054,20,0,7,1,0
11:40:00,501209056,1,0,14,1,0
11:40:00,501209058,7,1,9,1,0
11:40:00,501209059,2,0,13,1,0
11:40:00,501209060,17,1,3,1,0
11:40:00,501209062,0,0,15,1,0
11:40:00,501209064,4,0,11,1,0
11:40:00,501209065,4,0,11,1,0
11:40:00,501209066,4,1,9,1,0
11:40:00,501209067,2,0,13,1,0
11:40:00,501209068,5,0,12,1,0
11:40:00,501209069,50,6,13,1,0
11:40:00,501209070,8,2,9,1,0
11:40:00,501209071,16,4,1,1,0
11:40:00,501209073,4,1,11,1,0
11:40:00,501209074,9,0,14,1,0
11:40:00,501209075,10,0,6,1,0
11:40:00,501209076,16,4,7,1,0
11:40:00,501209077,4,1,11,1,0
11:40:00,501209078,6,1,7,1,0
11:40:00,501209079,0,0,24,1,0
11:40:00,501209080,1,0,25,1,0
11:40:00,501209081,5,1,10,1,0
11:40:00,501209084,2,0,21,1,0
11:40:00,501209085,3,0,23,1,0
11:40:00,501209087,36,2,3,1,0
11:40:00,501209088,4,0,11,1,0
11:40:00,501209089,10,2,9,1,0
11:40:00,501209090,0,0,14,1,0
11:40:00,501209091,3,0,13,1,0
11:40:00,501209092,3,0,13,1,0
11:40:00,501209093,2,0,13,1,0
11:40:00,501209094,4,0,12,1,0
11:40:00,501209095,10,0,4,1,0
11:40:00,501209096,7,1,8,1,0
11:40:00,501209097,2,0,13,1,0
11:40:00,501209098,7,0,8,1,0
11:40:00,501209099,2,0,17,1,0
11:40:00,501209100,11,2,4,1,0
11:40:00,501209101,7,0,8,1,0
11:40:00,501209102,7,0,13,1,0
11:40:00,501209104,6,0,12,1,0
11:40:00,501209105,6,1,20,1,0
11:40:00,501209106,12,0,8,1,0
11:40:00,501211001,29,8,8,1,0
11:40:00,501211002,7,0,8,1,0
11:40:00,501211004,10,2,5,1,0
11:40:00,501211005,4,2,15,1,0
11:40:00,501211006,13,2,3,1,0
11:40:00,501211007,16,2,3,1,0
11:40:00,501211009,4,0,14,1,0
11:40:00,501211011,17,1,13,1,0
11:40:00,501211012,5,1,13,1,0
11:50:00,501201001,0,0,0,2,0
11:50:00,501201002,1,0,38,1,0
11:50:00,501201003,3,0,20,1,0
11:50:00,501201004,6,0,9,1,0
11:50:00,501201005,4,0,15,1,0
11:50:00,501201006,22,1,6,1,0
11:50:00,501201007,10,1,9,1,0
11:50:00,501201008,0,0,25,1,0
11:50:00,501201010,5,0,5,1,0
11:50:00,501201011,5,0,17,1,0
11:50:00,501201012,23,1,17,1,0
11:50:00,501201013,17,1,5,1,0
11:50:00,501201014,12,1,7,1,0
11:50:00,501201015,5,1,20,1,0
11:50:00,501201016,2,0,22,1,0
11:50:00,501201017,13,0,13,1,0
11:50:00,501201018,1,0,22,1,0
11:50:00,501201019,5,0,23,1,0
11:50:00,501201020,7,0,16,1,0
11:50:00,501201021,13,0,2,1,0
11:50:00,501201022,1,1,14,1,0
11:50:00,501201023,2,1,26,1,0
11:50:00,501201024,17,3,7,1,0
11:50:00,501201025,15,1,9,1,0
11:50:00,501201026,1,0,18,1,0
11:50:00,501201028,1,0,19,1,0
11:50:00,501201029,6,0,7,1,0
11:50:00,501201030,9,0,6,1,0
11:50:00,501201031,6,0,11,1,0
11:50:00,501202001,5,0,9,1,0
11:50:00,501202003,8,1,32,1,0
11:50:00,501202013,10,1,6,1,0
11:50:00,501202023,5,1,10,1,0
11:50:00,501202024,9,1,6,1,0
11:50:00,501202034,4,2,12,1,0
11:50:00,501202035,15,0,15,1,0
11:50:00,501202036,9,1,29,1,0
11:50:00,501202040,20,0,25,1,0
11:50:00,501202043,10,0,14,1,0
11:50:00,501202044,0,0,0,2,0
11:50:00,501202047,11,0,11,1,0
11:50:00,501202050,4,1,11,1,0
11:50:00,501202055,10,3,5,1,0
11:50:00,501202058,9,1,6,1,0
11:50:00,501202065,9,1,6,1,0
11:50:00,501202068,3,0,15,1,0
11:50:00,501202070,0,0,16,1,0
11:50:00,501202078,8,0,17,1,0
11:50:00,501202080,3,1,23,1,0
11:50:00,501202081,14,0,9,1,0
11:50:00,501202082,2,0,21,1,0
11:50:00,501202083,0,0,24,1,0
11:50:00,501202084,9,0,15,1,0
11:50:00,501202085,1,1,34,1,0
11:50:00,501202088,13,1,17,1,0
11:50:00,501202089,13,0,15,1,0
11:50:00,501202096,10,0,5,1,0
11:50:00,501203001,6,0,14,1,0
11:50:00,501203002,11,0,10,1,0
11:50:00,501203003,7,2,87,1,0
11:50:00,501203005,11,0,9,1,0
11:50:00,501203006,5,1,10,1,0
11:50:00,501203007,10,0,5,1,0
11:50:00,501203008,12,1,4,1,0
11:50:00,501203010,14,0,19,1,0
11:50:00,501203011,15,0,23,1,0
11:50:00,501203012,3,1,14,1,0
11:50:00,501203013,4,0,20,1,0
11:50:00,501203015,1,0,11,1,0
11:50:00,501203020,7,0,13,1,0
11:50:00,501203022,5,1,14,1,0
11:50:00,501203023,4,0,14,1,0
11:50:00,501203028,1,0,24,1,0
11:50:00,501203040,9,4,15,1,0
11:50:00,501203045,3,0,15,1,0
11:50:00,501203050,10,2,50,1,0
11:50:00,501203051,6,0,17,1,0
11:50:00,501203053,20,0,6,1,0
11:50:00,501203054,4,3,18,1,0
11:50:00,501203064,1,0,15,1,0
11:50:00,501203065,8,1,8,1,0
11:50:00,501203070,11,0,4,1,0
11:50:00,501203073,6,0,18,1,0
11:50:00,501203076,4,0,11,1,0
11:50:00,501203078,2,0,14,1,0
11:50:00,501203080,6,1,9,1,0
11:50:00,501203084,4,0,7,1,0
11:50:00,501203085,1,0,9,1,0
11:50:00,501203088,7,1,7,1,0
11:50:00,501203089,4,0,8,1,0
11:50:00,501203090,0,0,10,1,0
11:50:00,501203091,6,0,7,1,0
11:50:00,501203092,13,0,7,1,0
11:50:00,501203100,6,1,13,1,0
11:50:00,501203101,0,0,0,2,0
11:50:00,501203102,14,0,5,1,0
11:50:00,501203104,3,0,15,1,0
11:50:00,501203105,2,0,9,1,0
11:50:00,501203107,0,0,0,2,0
11:50:00,501203109,12,0,14,1,0
11:50:00,501203110,6,0,35,1,0
11:50:00,501203111,3,0,8,1,0
11:50:00,501203113,14,0,5,1,0
11:50:00,501203114,32,1,18,1,0
11:50:00,501203117,0,0,0,2,0
11:50:00,501203118,4,1,16,1,0
11:50:00,501203121,5,0,19,1,0
11:50:00,501203122,3,0,17,1,0
11:50:00,501203125,1,1,24,1,0
11:50:00,501203131,12,0,8,1,0
11:50:00,501203140,9,2,33,1,0
11:50:00,501203141,2,0,13,1,0
11:50:00,501203142,5,0,31,1,0
11:50:00,501203145,11,0,4,1,0
11:50:00,501203151,3,0,15,1,0
11:50:00,501203155,6,0,13,1,0
11:50:00,501203157,4,0,13,1,0
11:50:00,501203159,6,1,14,1,0
11:50:00,501203161,6,0,13,1,0
11:50:00,501203162,7,4,14,1,0
11:50:00,501203163,5,0,11,1,0
11:50:00,501204001,1,0,24,1,0
11:50:00,501204002,16,0,20,1,0
11:50:00,501204003,3,0,41,1,0
11:50:00,501204004,2,0,12,1,0
11:50:00,501204005,1,0,19,1,0
11:50:00,501204007,7,0,29,1,0
11:50:00,501204008,4,1,11,1,0
11:50:00,501204009,0,0,0,2,0
11:50:00,501204010,0,0,0,2,0
11:50:00,501204011,1,0,14,1,0
11:50:00,501204012,3,0,11,1,0
11:50:00,501204013,0,0,13,1,0
11:50:00,501204014,3,0,13,1,0
11:50:00,501204015,3,0,12,1,0
11:50:00,501204016,6,0,14,1,0
11:50:00,501204017,4,0,11,1,0
11:50:00,501204018,5,2,19,1,0
11:50:00,501204020,8,0,12,1,0
11:50:00,501204021,2,0,18,1,0
11:50:00,501204022,5,0,11,1,0
11:50:00,501204023,1,0,14,1,0
11:50:00,501204024,0,0,0,2,0
11:50:00,501204025,9,0,11,1,0
11:50:00,501205001,7,0,10,1,0
11:50:00,501205003,0,0,19,1,0
11:50:00,501205004,0,0,16,1,0
11:50:00,501205005,2,0,20,1,0
11:50:00,501205006,0,0,20,1,0
11:50:00,501205007,3,0,9,1,0
11:50:00,501205008,2,1,24,1,0
11:50:00,501205009,0,0,45,1,0
11:50:00,501205010,11,0,2,1,0
11:50:00,501205011,12,0,20,1,0
11:50:00,501205012,13,1,7,1,0
11:50:00,501205013,8,0,13,1,0
11:50:00,501205014,3,2,20,1,0
11:50:00,501205015,0,0,18,1,0
11:50:00,501205018,1,0,17,1,0
11:50:00,501205019,16,3,12,1,0
11:50:00,501205020,24,2,6,1,0
11:50:00,501205021,11,2,4,1,0
11:50:00,501205022,2,0,13,1,0
11:50:00,501205023,1,0,14,1,0
11:50:00,501205025,1,1,27,1,0
11:50:00,501205026,3,1,16,1,0
11:50:00,501205027,7,0,3,1,0
11:50:00,501205028,2,0,12,1,0
11:50:00,501205029,8,1,2,1,0
11:50:00,501205030,2,0,8,1,0
11:50:00,501205033,1,0,14,1,0
11:50:00,501205034,22,5,6,1,0
11:50:00,501205035,1,1,15,1,0
11:50:00,501205036,11,1,4,1,0
11:50:00,501205037,6,0,9,1,0
11:50:00,501205038,2,0,18,1,0
11:50:00,501205039,2,2,18,1,0
11:50:00,501205040,0,0,25,1,0
11:50:00,501205041,2,0,15,1,0
11:50:00,501205042,8,0,21,1,0
11:50:00,501208011,13,4,22,1,0
11:50:00,501208013,9,0,44,1,0
11:50:00,501208014,6,1,31,1,0
11:50:00,501208015,4,0,11,1,0
11:50:00,501208018,5,1,10,1,0
11:50:00,501208021,3,0,14,1,0
11:50:00,501208027,6,2,24,1,0
11:50:00,501208029,8,0,13,1,0
11:50:00,501208030,10,0,28,1,0
11:50:00,501208032,8,0,20,1,0
11:50:00,501208040,5,1,14,1,0
11:50:00,501208041,8,0,7,1,0
11:50:00,501208045,14,0,18,1,0
11:50:00,501208051,19,0,17,1,0
11:50:00,501208053,11,0,10,1,0
11:50:00,501208054,9,2,19,1,0
11:50:00,501208059,4,0,25,1,0
11:50:00,501208064,7,1,13,1,0
11:50:00,501208077,9,0,1,1,0
11:50:00,501208079,9,2,13,1,0
11:50:00,501208082,7,0,3,1,0
11:50:00,501208085,2,1,13,1,0
11:50:00,501208087,0,0,31,1,0
11:50:00,501208089,3,0,22,1,0
11:50:00,501208091,31,8,12,1,0
11:50:00,501208111,10,0,4,1,0
11:50:00,501208113,4,1,15,1,0
11:50:00,501208114,5,3,15,1,0
11:50:00,501208129,5,1,17,1,0
11:50:00,501208130,7,0,6,1,0
11:50:00,501209002,2,0,18,1,0
11:50:00,501209003,6,0,8,1,0
11:50:00,501209004,11,1,3,1,0
11:50:00,501209005,7,0,11,1,0
11:50:00,501209006,10,0,8,1,0
11:50:00,501209007,0,0,15,1,0
11:50:00,501209009,0,0,0,2,0
11:50:00,501209010,4,0,9,1,0
11:50:00,501209011,0,0,25,1,0
11:50:00,501209014,0,0,12,1,0
11:50:00,501209015,9,1,6,1,0
11:50:00,501209016,10,1,19,1,0
11:50:00,501209017,2,0,10,1,0
11:50:00,501209018,5,0,10,1,0
11:50:00,501209019,16,0,6,1,0
11:50:00,501209020,25,12,7,1,0
11:50:00,501209021,2,1,12,1,0
11:50:00,501209022,0,0,10,1,0
11:50:00,501209023,0,0,43,1,0
11:50:00,501209024,0,0,42,1,0
11:50:00,501209025,2,0,13,1,0
11:50:00,501209026,0,0,25,1,0
11:50:00,501209027,10,2,8,1,0
11:50:00,501209028,0,0,28,1,0
11:50:00,501209030,4,1,14,1,0
11:50:00,501209031,1,0,29,1,0
11:50:00,501209032,3,0,25,1,0
11:50:00,501209033,0,0,20,1,0
11:50:00,501209034,7,1,8,1,0
11:50:00,501209035,11,0,17,1,0
11:50:00,501209036,0,0,31,1,0
11:50:00,501209037,8,1,27,1,0
11:50:00,501209038,0,0,16,1,0
11:50:00,501209039,27,0,3,1,0
11:50:00,501209040,26,2,5,1,0
11:50:00,501209042,5,2,14,1,0
11:50:00,501209043,3,0,22,1,0
11:50:00,501209044,1,0,14,1,0
11:50:00,501209045,1,0,14,1,0
11:50:00,501209046,5,1,17,1,0
11:50:00,501209047,1,0,13,1,0
11:50:00,501209049,4,1,16,1,0
11:50:00,501209050,3,0,10,1,0
11:50:00,501209051,21,5,3,1,0
11:50:00,501209052,8,1,14,1,0
11:50:00,501209053,1,1,19,1,0
11:50:00,501209054,21,0,6,1,0
11:50:00,501209056,1,0,14,1,0
11:50:00,501209058,6,1,10,1,0
11:50:00,501209059,1,0,14,1,0
11:50:00,501209060,17,1,3,1,0
11:50:00,501209062,1,0,14,1,0
11:50:00,501209064,4,0,11,1,0
11:50:00,501209065,4,0,11,1,0
11:50:00,501209066,3,0,10,1,0
11:50:00,501209067,2,0,13,1,0
11:50:00,501209068,5,0,12,1,0
11:50:00,501209069,48,7,15,1,0
11:50:00,501209070,12,2,5,1,0
11:50:00,501209071,17,4,0,1,0
11:50:00,501209073,4,1,11,1,0
11:50:00,501209074,10,0,13,1,0
11:50:00,501209075,9,0,7,1,0
11:50:00,501209076,16,4,7,1,0
11:50:00,501209077,4,1,11,1,0
11:50:00,501209078,5,1,8,1,0
11:50:00,501209079,0,0,24,1,0
11:50:00,501209080,2,0,24,1,0
11:50:00,501209081,5,1,10,1,0
11:50:00,501209084,2,0,21,1,0
11:50:00,501209085,2,0,24,1,0
11:50:00,501209087,38,3,1,1,0
11:50:00,501209088,4,0,11,1,0
11:50:00,501209089,10,2,9,1,0
11:50:00,501209090,1,0,13,1,0
11:50:00,501209091,2,0,14,1,0
11:50:00,501209092,3,0,13,1,0
11:50:00,501209093,2,0,13,1,0
11:50:00,501209094,4,0,12,1,0
11:50:00,501209095,9,0,5,1,0
11:50:00,501209096,7,1,8,1,0
11:50:00,501209097,2,0,13,1,0
11:50:00,501209098,7,0,8,1,0
11:50:00,501209099,3,0,16,1,0
11:50:00,501209100,11,2,4,1,0
11:50:00,501209101,7,0,8,1,0
11:50:00,501209102,7,0,13,1,0
11:50:00,501209104,4,0,14,1,0
11:50:00,501209105,7,1,19,1,0
11:50:00,501209106,12,0,8,1,0
11:50:00,501211001,25,7,12,1,0
11:50:00,501211002,7,0,8,1,0
11:50:00,501211004,10,2,5,1,0
11:50:00,501211005,4,2,15,1,0
11:50:00,501211006,8,0,8,1,0
11:50:00,501211007,16,2,3,1,0
11:50:00,501211009,4,0,14,1,0
11:50:00,501211011,18,1,12,1,0
11:50:00,501211012,5,1,13,1,0
