time,sno,bikes,ebikes,empty,status,age
00:00:00,501201001,0,0,0,2,0
00:00:00,501201002,9,2,31,1,0
00:00:00,501201003,14,1,9,1,0
00:00:00,501201004,5,0,8,1,0
00:00:00,501201005,4,1,15,1,0
00:00:00,501201006,7,1,21,1,0
00:00:00,501201007,8,3,10,1,0
00:00:00,501201008,5,0,20,1,0
00:00:00,501201010,3,0,7,1,0
00:00:00,501201011,7,3,15,1,0
00:00:00,501201012,9,1,30,1,0
00:00:00,501201013,4,1,18,1,0
00:00:00,501201014,9,2,10,1,0
00:00:00,501201015,13,0,12,1,0
00:00:00,501201016,11,0,14,1,0
00:00:00,501201017,15,3,11,1,0
00:00:00,501201018,3,0,20,1,0
00:00:00,501201019,9,1,19,1,0
00:00:00,501201020,8,0,16,1,0
00:00:00,501201021,11,2,4,1,0
00:00:00,501201022,3,0,13,1,0
00:00:00,501201023,8,2,20,1,0
00:00:00,501201024,8,5,16,1,0
00:00:00,501201025,12,0,11,1,0
00:00:00,501201026,12,1,7,1,0
00:00:00,501201028,8,1,12,1,0
00:00:00,501201029,2,1,11,1,0
00:00:00,501201030,0,0,14,1,0
00:00:00,501201031,10,0,7,1,0
00:00:00,501202001,8,1,6,1,0
00:00:00,501202003,3,0,36,1,0
00:00:00,501202013,3,0,14,1,0
00:00:00,501202023,11,2,4,1,0
00:00:00,501202024,7,1,8,1,0
00:00:00,501202034,0,0,16,1,0
00:00:00,501202035,18,0,12,1,0
00:00:00,501202036,6,0,31,1,0
00:00:00,501202040,6,0,39,1,0
00:00:00,501202043,13,0,12,1,0
00:00:00,501202044,0,0,0,2,0
00:00:00,501202047,1,1,21,1,0
00:00:00,501202050,3,1,13,1,0
00:00:00,501202055,11,1,3,1,0
00:00:00,501202058,9,0,6,1,0
00:00:00,501202065,7,1,7,1,0
00:00:00,501202068,3,0,15,1,0
00:00:00,501202070,3,0,13,1,0
00:00:00,501202078,5,2,20,1,0
00:00:00,501202080,13,0,13,1,0
00:00:00,501202081,9,0,14,1,0
00:00:00,501202082,4,1,19,1,0
00:00:00,501202083,16,1,8,1,0
00:00:00,501202084,3,0,21,1,0
00:00:00,501202085,23,2,12,1,0
00:00:00,501202088,6,0,23,1,0
00:00:00,501202089,12,0,17,1,0
00:00:00,501202096,7,2,8,1,0
00:00:00,501203001,0,0,20,1,0
00:00:00,501203002,9,1,13,1,0
00:00:00,501203003,1,0,92,1,0
00:00:00,501203005,3,0,17,1,0
00:00:00,501203006,8,0,7,1,0
00:00:00,501203007,7,0,8,1,0
00:00:00,501203008,9,3,7,1,0
00:00:00,501203010,19,4,13,1,0
00:00:00,501203011,16,3,21,1,0
00:00:00,501203012,10,0,7,1,0
00:00:00,501203013,16,0,8,1,0
00:00:00,501203015,7,0,5,1,0
00:00:00,501203020,8,0,12,1,0
00:00:00,501203022,1,0,18,1,0
00:00:00,501203023,3,0,15,1,0
00:00:00,501203028,8,0,17,1,0
00:00:00,501203040,1,1,21,1,0
00:00:00,501203045,15,2,3,1,0
00:00:00,501203050,21,0,39,1,0
00:00:00,501203051,4,0,20,1,0
00:00:00,501203053,4,0,22,1,0
00:00:00,501203054,5,0,14,1,0
00:00:00,501203064,3,0,13,1,0
00:00:00,501203065,6,0,10,1,0
00:00:00,501203070,6,2,9,1,0
00:00:00,501203073,8,2,16,1,0
00:00:00,501203076,12,0,4,1,0
00:00:00,501203078,2,0,14,1,0
00:00:00,501203080,2,1,13,1,0
00:00:00,501203084,5,1,6,1,0
00:00:00,501203085,4,0,6,1,0
00:00:00,501203088,1,1,13,1,0
00:00:00,501203089,6,0,6,1,0
00:00:00,501203090,2,0,8,1,0
00:00:00,501203091,4,1,7,1,0
00:00:00,501203092,1,0,19,1,0
00:00:00,501203100,0,0,19,1,0
00:00:00,501203101,0,0,0,2,0
00:00:00,501203102,9,0,9,1,0
00:00:00,501203104,5,2,14,1,0
00:00:00,501203105,4,1,7,1,0
00:00:00,501203107,0,0,0,2,0
00:00:00,501203109,10,2,15,1,0
00:00:00,501203110,6,1,36,1,0
00:00:00,501203111,11,2,0,1,0
00:00:00,501203113,7,1,12,1,0
00:00:00,501203114,12,1,38,1,0
00:00:00,501203117,0,0,0,2,0
00:00:00,501203118,7,0,13,1,0
00:00:00,501203121,19,0,5,1,0
00:00:00,501203122,4,0,16,1,0
00:00:00,501203125,17,2,8,1,0
00:00:00,501203131,11,1,9,1,0
00:00:00,501203140,2,0,40,1,0
00:00:00,501203141,9,0,6,1,0
00:00:00,501203142,2,0,71,1,0
00:00:00,501203145,11,0,3,1,0
00:00:00,501203151,10,1,8,1,0
00:00:00,501203155,9,1,10,1,0
00:00:00,501203157,2,0,15,1,0
00:00:00,501203159,1,1,19,1,0
00:00:00,501203161,5,0,14,1,0
00:00:00,501203162,0,0,21,1,0
00:00:00,501203163,3,1,13,1,0
00:00:00,501204001,19,1,5,1,0
00:00:00,501204002,33,0,1,1,0
00:00:00,501204003,18,0,26,1,0
00:00:00,501204004,5,0,9,1,0
00:00:00,501204005,17,1,0,1,0
00:00:00,501204007,9,1,26,1,0
00:00:00,501204008,4,0,10,1,0
00:00:00,501204009,0,0,0,2,0
00:00:00,501204010,0,0,0,2,0
00:00:00,501204011,7,0,7,1,0
00:00:00,501204012,1,1,11,1,0
00:00:00,501204013,11,3,1,1,0
00:00:00,501204014,5,0,11,1,0
00:00:00,501204015,10,0,5,1,0
00:00:00,501204016,11,1,6,1,0
00:00:00,501204017,6,0,9,1,0
00:00:00,501204018,21,3,1,1,0
00:00:00,501204020,1,1,19,1,0
00:00:00,501204021,1,0,18,1,0
00:00:00,501204022,6,1,10,1,0
00:00:00,501204023,12,0,2,1,0
00:00:00,501204024,0,0,0,2,0
00:00:00,501204025,5,0,15,1,0
00:00:00,501205001,8,0,9,1,0
00:00:00,501205003,11,1,8,1,0
00:00:00,501205004,16,1,0,1,0
00:00:00,501205005,2,0,20,1,0
00:00:00,501205006,16,1,4,1,0
00:00:00,501205007,5,0,7,1,0
00:00:00,501205008,8,0,18,1,0
00:00:00,501205009,9,0,36,1,0
00:00:00,501205010,9,0,5,1,0
00:00:00,501205011,4,0,27,1,0
00:00:00,501205012,13,1,6,1,0
00:00:00,501205013,5,0,16,1,0
00:00:00,501205014,15,2,8,1,0
00:00:00,501205015,11,2,6,1,0
00:00:00,501205018,7,0,11,1,0
00:00:00,501205019,0,0,28,1,0
00:00:00,501205020,3,0,26,1,0
00:00:00,501205021,5,0,10,1,0
00:00:00,501205022,8,1,7,1,0
00:00:00,501205023,7,0,8,1,0
00:00:00,501205025,15,0,13,1,0
00:00:00,501205026,4,0,15,1,0
00:00:00,501205027,4,0,6,1,0
00:00:00,501205028,8,0,7,1,0
00:00:00,501205029,6,1,4,1,0
00:00:00,501205030,9,0,1,1,0
00:00:00,501205033,4,0,11,1,0
00:00:00,501205034,7,1,21,1,0
00:00:00,501205035,5,3,11,1,0
00:00:00,501205036,7,2,8,1,0
00:00:00,501205037,1,0,14,1,0
00:00:00,501205038,4,3,16,1,0
00:00:00,501205039,5,1,15,1,0
00:00:00,501205040,15,2,10,1,0
00:00:00,501205041,11,0,6,1,0
00:00:00,501205042,6,1,22,1,0
00:00:00,501208011,20,2,17,1,0
00:00:00,501208013,24,2,30,1,0
00:00:00,501208014,11,1,27,1,0
00:00:00,501208015,7,0,7,1,0
00:00:00,501208018,6,0,9,1,0
00:00:00,501208021,1,0,16,1,0
00:00:00,501208027,26,0,2,1,0
00:00:00,501208029,13,1,9,1,0
00:00:00,501208030,11,1,27,1,0
00:00:00,501208032,0,0,27,1,0
00:00:00,501208040,9,1,10,1,0
00:00:00,501208041,2,0,13,1,0
00:00:00,501208045,15,1,17,1,0
00:00:00,501208051,14,1,20,1,0
00:00:00,501208053,3,1,18,1,0
00:00:00,501208054,8,1,20,1,0
00:00:00,501208059,1,0,28,1,0
00:00:00,501208064,4,0,16,1,0
00:00:00,501208077,5,1,5,1,0
00:00:00,501208079,9,0,13,1,0
00:00:00,501208082,5,1,5,1,0
00:00:00,501208085,7,0,10,1,0
00:00:00,501208087,1,0,28,1,0
00:00:00,501208089,17,2,8,1,0
00:00:00,501208091,12,1,31,1,0
00:00:00,501208111,5,0,10,1,0
00:00:00,501208113,7,0,13,1,0
00:00:00,501208114,11,3,9,1,0
00:00:00,501208129,0,0,19,1,0
00:00:00,501208130,2,1,12,1,0
00:00:00,501209002,10,0,10,1,0
00:00:00,501209003,10,3,2,1,0
00:00:00,501209004,5,0,10,1,0
00:00:00,501209005,9,3,9,1,0
00:00:00,501209006,6,3,13,1,0
00:00:00,501209007,9,2,5,1,0
00:00:00,501209009,0,0,0,2,0
00:00:00,501209010,3,0,11,1,0
00:00:00,501209011,11,1,14,1,0
00:00:00,501209014,8,1,4,1,0
00:00:00,501209015,8,0,7,1,0
00:00:00,501209016,3,1,26,1,0
00:00:00,501209017,5,0,7,1,0
00:00:00,501209018,8,0,9,1,0
00:00:00,501209019,7,2,18,1,0
00:00:00,501209020,7,0,24,1,0
00:00:00,501209021,4,0,10,1,0
00:00:00,501209022,6,1,4,1,0
00:00:00,501209023,3,0,35,1,0
00:00:00,501209024,12,2,30,1,0
00:00:00,501209025,4,0,9,1,0
00:00:00,501209026,1,0,25,1,0
00:00:00,501209027,7,1,12,1,0
00:00:00,501209028,3,0,24,1,0
00:00:00,501209030,11,3,7,1,0
00:00:00,501209031,14,0,15,1,0
00:00:00,501209032,6,1,22,1,0
00:00:00,501209033,10,0,10,1,0
00:00:00,501209034,9,1,4,1,0
00:00:00,501209035,0,0,28,1,0
00:00:00,501209036,7,1,21,1,0
00:00:00,501209037,4,0,31,1,0
00:00:00,501209038,5,0,11,1,0
00:00:00,501209039,14,2,16,1,0
00:00:00,501209040,11,1,20,1,0
00:00:00,501209042,0,0,19,1,0
00:00:00,501209043,7,0,17,1,0
00:00:00,501209044,13,1,2,1,0
00:00:00,501209045,6,0,9,1,0
00:00:00,501209046,0,0,22,1,0
00:00:00,501209047,6,0,7,1,0
00:00:00,501209049,1,0,18,1,0
00:00:00,501209050,9,2,4,1,0
00:00:00,501209051,22,2,2,1,0
00:00:00,501209052,21,4,1,1,0
00:00:00,501209053,2,1,18,1,0
00:00:00,501209054,26,0,1,1,0
00:00:00,501209056,10,0,5,1,0
00:00:00,501209058,10,0,6,1,0
00:00:00,501209059,5,0,10,1,0
00:00:00,501209060,0,0,20,1,0
00:00:00,501209062,8,0,7,1,0
00:00:00,501209064,10,2,5,1,0
00:00:00,501209065,15,0,0,1,0
00:00:00,501209066,13,3,1,1,0
00:00:00,501209067,14,0,1,1,0
00:00:00,501209068,2,0,14,1,0
00:00:00,501209069,1,0,62,1,0
00:00:00,501209070,17,1,0,1,0
00:00:00,501209071,9,2,7,1,0
00:00:00,501209073,1,1,14,1,0
00:00:00,501209074,9,1,14,1,0
00:00:00,501209075,11,0,4,1,0
00:00:00,501209076,7,0,15,1,0
00:00:00,501209077,1,1,14,1,0
00:00:00,501209078,7,0,6,1,0
00:00:00,501209079,1,0,22,1,0
00:00:00,501209080,5,0,22,1,0
00:00:00,501209081,0,0,15,1,0
00:00:00,501209084,11,0,12,1,0
00:00:00,501209085,15,0,12,1,0
00:00:00,501209087,13,0,24,1,0
00:00:00,501209088,4,2,11,1,0
00:00:00,501209089,0,0,19,1,0
00:00:00,501209090,5,1,8,1,0
00:00:00,501209091,6,0,10,1,0
00:00:00,501209092,11,1,5,1,0
00:00:00,501209093,11,0,4,1,0
00:00:00,501209094,6,0,9,1,0
00:00:00,501209095,9,0,4,1,0
00:00:00,501209096,9,0,5,1,0
00:00:00,501209097,5,1,10,1,0
00:00:00,501209098,1,0,13,1,0
00:00:00,501209099,1,0,18,1,0
00:00:00,501209100,4,0,10,1,0
00:00:00,501209101,13,2,2,1,0
00:00:00,501209102,3,0,17,1,0
00:00:00,501209104,2,1,17,1,0
00:00:00,501209105,12,2,13,1,0
00:00:00,501209106,5,1,15,1,0
00:00:00,501211001,37,6,1,1,0
00:00:00,501211002,5,0,10,1,0
00:00:00,501211004,8,2,7,1,0
00:00:00,501211005,4,0,14,1,0
00:00:00,501211006,11,1,3,1,0
00:00:00,501211007,17,4,1,1,0
00:00:00,501211009,11,0,7,1,0
00:00:00,501211011,18,1,12,1,0
00:00:00,501211012,9,0,9,1,0
00:10:00,501201001,0,0,0,2,0
00:10:00,501201002,9,2,31,1,0
00:10:00,501201003,14,1,9,1,0
00:10:00,501201004,5,0,8,1,0
00:10:00,501201005,4,1,15,1,0
00:10:00,501201006,6,0,22,1,0
00:10:00,501201007,8,3,10,1,0
00:10:00,501201008,5,0,20,1,0
00:10:00,501201010,3,0,7,1,0
00:10:00,501201011,5,1,17,1,0
00:10:00,501201012,10,1,29,1,0
00:10:00,501201013,3,0,19,1,0
00:10:00,501201014,9,2,10,1,0
00:10:00,501201015,13,0,12,1,0
00:10:00,501201016,11,0,14,1,0
00:10:00,501201017,10,0,16,1,0
00:10:00,501201018,4,0,19,1,0
00:10:00,501201019,9,1,19,1,0
00:10:00,501201020,8,0,16,1,0
00:10:00,501201021,11,2,4,1,0
00:10:00,501201022,4,1,12,1,0
00:10:00,501201023,8,2,20,1,0
00:10:00,501201024,7,4,17,1,0
00:10:00,501201025,12,0,11,1,0
00:10:00,501201026,12,1,7,1,0
00:10:00,501201028,8,1,12,1,0
00:10:00,501201029,2,1,11,1,0
00:10:00,501201030,0,0,14,1,0
00:10:00,501201031,10,0,7,1,0
00:10:00,501202001,8,1,6,1,0
00:10:00,501202003,1,0,38,1,0
00:10:00,501202013,3,0,14,1,0
00:10:00,501202023,11,2,4,1,0
00:10:00,501202024,7,1,8,1,0
00:10:00,501202034,0,0,16,1,0
00:10:00,501202035,18,0,12,1,0
00:10:00,501202036,5,0,32,1,0
00:10:00,501202040,6,0,39,1,0
00:10:00,501202043,13,0,12,1,0
00:10:00,501202044,0,0,0,2,0
00:10:00,501202047,3,1,19,1,0
00:10:00,501202050,2,1,14,1,0
00:10:00,501202055,11,1,3,1,0
00:10:00,501202058,9,0,6,1,0
00:10:00,501202065,6,0,8,1,0
00:10:00,501202068,3,0,15,1,0
00:10:00,501202070,3,0,13,1,0
00:10:00,501202078,5,2,20,1,0
00:10:00,501202080,13,0,13,1,0
00:10:00,501202081,9,0,14,1,0
00:10:00,501202082,4,1,19,1,0
00:10:00,501202083,15,0,9,1,0
00:10:00,501202084,3,0,21,1,0
00:10:00,501202085,23,2,12,1,0
00:10:00,501202088,6,0,23,1,0
00:10:00,501202089,12,0,17,1,0
00:10:00,501202096,7,2,8,1,0
00:10:00,501203001,0,0,20,1,0
00:10:00,501203002,9,1,13,1,0
00:10:00,501203003,2,0,91,1,0
00:10:00,501203005,3,0,17,1,0
00:10:00,501203006,8,0,7,1,0
00:10:00,501203007,7,0,8,1,0
00:10:00,501203008,9,3,7,1,0
00:10:00,501203010,19,4,13,1,0
00:10:00,501203011,16,3,21,1,0
00:10:00,501203012,10,0,7,1,0
00:10:00,501203013,16,0,8,1,0
00:10:00,501203015,7,0,5,1,0
00:10:00,501203020,8,0,12,1,0
00:10:00,501203022,1,0,18,1,0
00:10:00,501203023,3,0,15,1,0
00:10:00,501203028,9,0,16,1,0
00:10:00,501203040,1,1,21,1,0
00:10:00,501203045,16,2,2,1,0
00:10:00,501203050,24,1,36,1,0
00:10:00,501203051,4,0,20,1,0
00:10:00,501203053,4,0,22,1,0
00:10:00,501203054,5,0,14,1,0
00:10:00,501203064,3,0,13,1,0
00:10:00,501203065,6,0,10,1,0
00:10:00,501203070,6,2,9,1,0
00:10:00,501203073,8,2,16,1,0
00:10:00,501203076,12,0,4,1,0
00:10:00,501203078,2,0,14,1,0
00:10:00,501203080,3,2,12,1,0
00:10:00,501203084,5,1,6,1,0
00:10:00,501203085,4,0,6,1,0
00:10:00,501203088,1,1,13,1,0
00:10:00,501203089,6,0,6,1,0
00:10:00,501203090,2,0,8,1,0
00:10:00,501203091,4,1,7,1,0
00:10:00,501203092,1,0,19,1,0
00:10:00,501203100,0,0,19,1,0
00:10:00,501203101,0,0,0,2,0
00:10:00,501203102,11,0,7,1,0
00:10:00,501203104,4,1,15,1,0
00:10:00,501203105,4,1,7,1,0
00:10:00,501203107,0,0,0,2,0
00:10:00,501203109,11,2,14,1,0
00:10:00,501203110,6,1,36,1,0
00:10:00,501203111,10,2,1,1,0
00:10:00,501203113,7,1,12,1,0
00:10:00,501203114,10,0,40,1,0
00:10:00,501203117,0,0,0,2,0
00:10:00,501203118,7,0,13,1,0
00:10:00,501203121,19,0,5,1,0
00:10:00,501203122,4,0,16,1,0
00:10:00,501203125,17,2,8,1,0
00:10:00,501203131,11,1,9,1,0
00:10:00,501203140,2,0,40,1,0
00:10:00,501203141,9,0,6,1,0
00:10:00,501203142,2,0,71,1,0
00:10:00,501203145,11,0,3,1,0
00:10:00,501203151,10,1,8,1,0
00:10:00,501203155,9,1,10,1,0
00:10:00,501203157,2,0,15,1,0
00:10:00,501203159,2,1,18,1,0
00:10:00,501203161,5,0,14,1,0
00:10:00,501203162,0,0,21,1,0
00:10:00,501203163,3,1,13,1,0
00:10:00,501204001,19,1,5,1,0
00:10:00,501204002,33,0,1,1,0
00:10:00,501204003,18,0,26,1,0
00:10:00,501204004,5,0,9,1,0
00:10:00,501204005,16,1,1,1,0
00:10:00,501204007,9,1,26,1,0
00:10:00,501204008,3,0,11,1,0
00:10:00,501204009,0,0,0,2,0
00:10:00,501204010,0,0,0,2,0
00:10:00,501204011,7,0,7,1,0
00:10:00,501204012,1,1,11,1,0
00:10:00,501204013,11,3,1,1,0
00:10:00,501204014,5,0,11,1,0
00:10:00,501204015,10,0,5,1,0
00:10:00,501204016,11,1,6,1,0
00:10:00,501204017,6,0,9,1,0
00:10:00,501204018,21,3,1,1,0
00:10:00,501204020,1,1,19,1,0
00:10:00,501204021,1,0,18,1,0
00:10:00,501204022,6,1,10,1,0
00:10:00,501204023,12,0,2,1,0
00:10:00,501204024,0,0,0,2,0
00:10:00,501204025,5,0,15,1,0
00:10:00,501205001,8,0,9,1,0
00:10:00,501205003,12,1,7,1,0
00:10:00,501205004,16,1,0,1,0
00:10:00,501205005,2,0,20,1,0
00:10:00,501205006,13,0,7,1,0
00:10:00,501205007,5,0,7,1,0
00:10:00,501205008,7,0,19,1,0
00:10:00,501205009,8,0,37,1,0
00:10:00,501205010,8,0,6,1,0
00:10:00,501205011,4,0,27,1,0
00:10:00,501205012,13,1,6,1,0
00:10:00,501205013,4,0,17,1,0
00:10:00,501205014,16,2,7,1,0
00:10:00,501205015,11,2,6,1,0
00:10:00,501205018,7,0,11,1,0
00:10:00,501205019,0,0,28,1,0
00:10:00,501205020,3,0,26,1,0
00:10:00,501205021,5,0,10,1,0
00:10:00,501205022,8,1,7,1,0
00:10:00,501205023,7,0,8,1,0
00:10:00,501205025,15,0,13,1,0
00:10:00,501205026,4,0,15,1,0
00:10:00,501205027,4,0,6,1,0
00:10:00,501205028,8,0,7,1,0
00:10:00,501205029,6,1,4,1,0
00:10:00,501205030,9,0,1,1,0
00:10:00,501205033,4,0,11,1,0
00:10:00,501205034,7,1,21,1,0
00:10:00,501205035,5,3,11,1,0
00:10:00,501205036,7,2,8,1,0
00:10:00,501205037,1,0,14,1,0
00:10:00,501205038,4,3,16,1,0
00:10:00,501205039,7,2,13,1,0
00:10:00,501205040,15,2,10,1,0
00:10:00,501205041,11,0,6,1,0
00:10:00,501205042,6,1,22,1,0
00:10:00,501208011,21,2,16,1,0
00:10:00,501208013,24,2,30,1,0
00:10:00,501208014,11,1,27,1,0
00:10:00,501208015,7,0,7,1,0
00:10:00,501208018,6,0,9,1,0
00:10:00,501208021,1,0,16,1,0
00:10:00,501208027,26,0,2,1,0
00:10:00,501208029,13,1,9,1,0
00:10:00,501208030,11,1,27,1,0
00:10:00,501208032,0,0,27,1,0
00:10:00,501208040,9,0,10,1,0
00:10:00,501208041,2,0,13,1,0
00:10:00,501208045,15,1,17,1,0
00:10:00,501208051,14,1,20,1,0
00:10:00,501208053,3,1,18,1,0
00:10:00,501208054,8,1,20,1,0
00:10:00,501208059,1,0,28,1,0
00:10:00,501208064,3,0,17,1,0
00:10:00,501208077,5,1,5,1,0
00:10:00,501208079,9,0,13,1,0
00:10:00,501208082,5,1,5,1,0
00:10:00,501208085,7,0,10,1,0
00:10:00,501208087,1,0,28,1,0
00:10:00,501208089,17,2,8,1,0
00:10:00,501208091,12,1,31,1,0
00:10:00,501208111,5,0,10,1,0
00:10:00,501208113,7,0,13,1,0
00:10:00,501208114,11,3,9,1,0
00:10:00,501208129,0,0,19,1,0
00:10:00,501208130,2,1,12,1,0
00:10:00,501209002,10,1,10,1,0
00:10:00,501209003,10,3,2,1,0
00:10:00,501209004,5,0,10,1,0
00:10:00,501209005,9,3,9,1,0
00:10:00,501209006,6,3,13,1,0
00:10:00,501209007,9,2,5,1,0
00:10:00,501209009,0,0,0,2,0
00:10:00,501209010,3,0,11,1,0
00:10:00,501209011,11,1,14,1,0
00:10:00,501209014,8,1,4,1,0
00:10:00,501209015,8,0,7,1,0
00:10:00,501209016,3,1,26,1,0
00:10:00,501209017,5,0,7,1,0
00:10:00,501209018,8,0,9,1,0
00:10:00,501209019,7,2,18,1,0
00:10:00,501209020,7,0,24,1,0
00:10:00,501209021,4,0,10,1,0
00:10:00,501209022,6,1,4,1,0
00:10:00,501209023,2,0,36,1,0
00:10:00,501209024,12,2,30,1,0
00:10:00,501209025,4,0,9,1,0
00:10:00,501209026,14,0,12,1,0
00:10:00,501209027,7,1,12,1,0
00:10:00,501209028,3,0,24,1,0
00:10:00,501209030,11,3,7,1,0
00:10:00,501209031,14,0,15,1,0
00:10:00,501209032,6,1,22,1,0
00:10:00,501209033,10,0,10,1,0
00:10:00,501209034,9,1,4,1,0
00:10:00,501209035,0,0,28,1,0
00:10:00,501209036,7,1,21,1,0
00:10:00,501209037,4,0,31,1,0
00:10:00,501209038,5,0,11,1,0
00:10:00,501209039,14,2,16,1,0
00:10:00,501209040,11,1,20,1,0
00:10:00,501209042,1,0,18,1,0
00:10:00,501209043,7,0,17,1,0
00:10:00,501209044,13,1,2,1,0
00:10:00,501209045,6,0,9,1,0
00:10:00,501209046,0,0,22,1,0
00:10:00,501209047,6,0,7,1,0
00:10:00,501209049,1,0,18,1,0
00:10:00,501209050,9,2,4,1,0
00:10:00,501209051,22,2,2,1,0
00:10:00,501209052,21,4,1,1,0
00:10:00,501209053,2,1,18,1,0
00:10:00,501209054,26,0,1,1,0
00:10:00,501209056,10,0,5,1,0
00:10:00,501209058,10,0,6,1,0
00:10:00,501209059,5,0,10,1,0
00:10:00,501209060,0,0,20,1,0
00:10:00,501209062,8,0,7,1,0
00:10:00,501209064,10,2,5,1,0
00:10:00,501209065,15,0,0,1,0
00:10:00,501209066,13,3,1,1,0
00:10:00,501209067,14,0,1,1,0
00:10:00,501209068,2,0,14,1,0
00:10:00,501209069,1,0,62,1,0
00:10:00,501209070,17,1,0,1,0
00:10:00,501209071,9,2,7,1,0
00:10:00,501209073,1,1,14,1,0
00:10:00,501209074,9,1,14,1,0
00:10:00,501209075,11,0,4,1,0
00:10:00,501209076,7,0,15,1,0
00:10:00,501209077,1,1,14,1,0
00:10:00,501209078,7,0,6,1,0
00:10:00,501209079,1,0,22,1,0
00:10:00,501209080,5,0,22,1,0
00:10:00,501209081,0,0,15,1,0
00:10:00,501209084,11,0,12,1,0
00:10:00,501209085,15,0,12,1,0
00:10:00,501209087,13,0,24,1,0
00:10:00,501209088,4,2,11,1,0
00:10:00,501209089,0,0,19,1,0
00:10:00,501209090,5,1,8,1,0
00:10:00,501209091,6,0,10,1,0
00:10:00,501209092,11,1,5,1,0
00:10:00,501209093,11,0,4,1,0
00:10:00,501209094,6,0,9,1,0
00:10:00,501209095,9,0,4,1,0
00:10:00,501209096,9,0,5,1,0
00:10:00,501209097,5,1,10,1,0
00:10:00,501209098,1,0,13,1,0
00:10:00,501209099,1,0,18,1,0
00:10:00,501209100,4,0,10,1,0
00:10:00,501209101,7,2,8,1,0
00:10:00,501209102,3,0,17,1,0
00:10:00,501209104,2,1,17,1,0
00:10:00,501209105,12,2,13,1,0
00:10:00,501209106,5,1,15,1,0
00:10:00,501211001,37,6,1,1,0
00:10:00,501211002,5,0,10,1,0
00:10:00,501211004,8,2,7,1,0
00:10:00,501211005,5,0,13,1,0
00:10:00,501211006,12,1,2,1,0
00:10:00,501211007,17,4,1,1,0
00:10:00,501211009,12,0,6,1,0
00:10:00,501211011,20,3,10,1,0
00:10:00,501211012,9,0,9,1,0
00:20:00,501201001,0,0,0,2,0
00:20:00,501201002,9,2,31,1,0
00:20:00,501201003,14,1,9,1,0
00:20:00,501201004,5,0,8,1,0
00:20:00,501201005,5,1,14,1,0
00:20:00,501201006,6,0,22,1,0
00:20:00,501201007,8,3,10,1,0
00:20:00,501201008,5,0,20,1,0
00:20:00,501201010,3,0,7,1,0
00:20:00,501201011,6,2,16,1,0
00:20:00,501201012,10,1,29,1,0
00:20:00,501201013,3,0,19,1,0
00:20:00,501201014,8,2,11,1,0
00:20:00,501201015,11,1,14,1,0
00:20:00,501201016,11,0,14,1,0
00:20:00,501201017,12,2,14,1,0
00:20:00,501201018,4,0,19,1,0
00:20:00,501201019,9,1,19,1,0
00:20:00,501201020,8,0,16,1,0
00:20:00,501201021,10,1,5,1,0
00:20:00,501201022,4,1,12,1,0
00:20:00,501201023,8,2,20,1,0
00:20:00,501201024,6,3,18,1,0
00:20:00,501201025,15,3,8,1,0
00:20:00,501201026,11,0,7,1,0
00:20:00,501201028,9,2,11,1,0
00:20:00,501201029,2,1,11,1,0
00:20:00,501201030,0,0,14,1,0
00:20:00,501201031,10,0,7,1,0
00:20:00,501202001,8,1,6,1,0
00:20:00,501202003,2,1,37,1,0
00:20:00,501202013,3,0,14,1,0
00:20:00,501202023,11,2,4,1,0
00:20:00,501202024,7,1,8,1,0
00:20:00,501202034,0,0,16,1,0
00:20:00,501202035,18,0,12,1,0
00:20:00,501202036,5,0,32,1,0
00:20:00,501202040,5,0,40,1,0
00:20:00,501202043,13,0,12,1,0
00:20:00,501202044,0,0,0,2,0
00:20:00,501202047,3,1,19,1,0
00:20:00,501202050,2,1,14,1,0
00:20:00,501202055,11,1,3,1,0
00:20:00,501202058,9,0,6,1,0
00:20:00,501202065,6,0,8,1,0
00:20:00,501202068,3,0,15,1,0
00:20:00,501202070,3,0,13,1,0
00:20:00,501202078,5,2,20,1,0
00:20:00,501202080,13,0,13,1,0
00:20:00,501202081,9,0,14,1,0
00:20:00,501202082,5,1,18,1,0
00:20:00,501202083,15,0,9,1,0
00:20:00,501202084,3,0,21,1,0
00:20:00,501202085,23,2,12,1,0
00:20:00,501202088,6,0,23,1,0
00:20:00,501202089,12,0,17,1,0
00:20:00,501202096,7,2,8,1,0
00:20:00,501203001,1,0,19,1,0
00:20:00,501203002,10,1,12,1,0
00:20:00,501203003,1,0,92,1,0
00:20:00,501203005,3,0,17,1,0
00:20:00,501203006,8,0,7,1,0
00:20:00,501203007,7,0,8,1,0
00:20:00,501203008,9,3,7,1,0
00:20:00,501203010,19,4,13,1,0
00:20:00,501203011,16,3,21,1,0
00:20:00,501203012,9,0,8,1,0
00:20:00,501203013,16,0,8,1,0
00:20:00,501203015,7,0,5,1,0
00:20:00,501203020,8,0,12,1,0
00:20:00,501203022,1,0,18,1,0
00:20:00,501203023,3,0,15,1,0
00:20:00,501203028,8,0,17,1,0
00:20:00,501203040,2,2,20,1,0
00:20:00,501203045,16,2,2,1,0
00:20:00,501203050,27,1,33,1,0
00:20:00,501203051,6,0,18,1,0
00:20:00,501203053,4,0,22,1,0
00:20:00,501203054,5,0,14,1,0
00:20:00,501203064,3,0,13,1,0
00:20:00,501203065,6,0,10,1,0
00:20:00,501203070,6,2,9,1,0
00:20:00,501203073,8,2,16,1,0
00:20:00,501203076,12,0,4,1,0
00:20:00,501203078,2,0,14,1,0
00:20:00,501203080,3,2,12,1,0
00:20:00,501203084,5,1,6,1,0
00:20:00,501203085,4,0,6,1,0
00:20:00,501203088,1,1,13,1,0
00:20:00,501203089,6,0,6,1,0
00:20:00,501203090,2,0,8,1,0
00:20:00,501203091,4,1,7,1,0
00:20:00,501203092,2,0,18,1,0
00:20:00,501203100,1,0,18,1,0
00:20:00,501203101,0,0,0,2,0
00:20:00,501203102,11,0,7,1,0
00:20:00,501203104,4,1,15,1,0
00:20:00,501203105,3,0,8,1,0
00:20:00,501203107,0,0,0,2,0
00:20:00,501203109,10,2,15,1,0
00:20:00,501203110,5,1,37,1,0
00:20:00,501203111,10,2,1,1,0
00:20:00,501203113,7,1,12,1,0
00:20:00,501203114,9,0,41,1,0
00:20:00,501203117,0,0,0,2,0
00:20:00,501203118,7,0,13,1,0
00:20:00,501203121,19,0,5,1,0
00:20:00,501203122,4,0,16,1,0
00:20:00,501203125,17,2,8,1,0
00:20:00,501203131,11,1,9,1,0
00:20:00,501203140,1,0,41,1,0
00:20:00,501203141,9,0,6,1,0
00:20:00,501203142,2,0,71,1,0
00:20:00,501203145,11,0,3,1,0
00:20:00,501203151,10,1,8,1,0
00:20:00,501203155,9,1,10,1,0
00:20:00,501203157,2,0,15,1,0
00:20:00,501203159,2,1,18,1,0
00:20:00,501203161,5,0,14,1,0
00:20:00,501203162,0,0,21,1,0
00:20:00,501203163,2,1,14,1,0
00:20:00,501204001,18,0,6,1,0
00:20:00,501204002,33,0,1,1,0
00:20:00,501204003,18,0,26,1,0
00:20:00,501204004,5,0,9,1,0
00:20:00,501204005,16,1,1,1,0
00:20:00,501204007,9,1,26,1,0
00:20:00,501204008,3,0,11,1,0
00:20:00,501204009,0,0,0,2,0
00:20:00,501204010,0,0,0,2,0
00:20:00,501204011,8,0,6,1,0
00:20:00,501204012,1,1,11,1,0
00:20:00,501204013,11,3,1,1,0
00:20:00,501204014,5,0,11,1,0
00:20:00,501204015,10,0,5,1,0
00:20:00,501204016,11,1,6,1,0
00:20:00,501204017,6,0,9,1,0
00:20:00,501204018,21,3,1,1,0
00:20:00,501204020,2,1,18,1,0
00:20:00,501204021,1,0,18,1,0
00:20:00,501204022,6,1,10,1,0
00:20:00,501204023,12,0,2,1,0
00:20:00,501204024,0,0,0,2,0
00:20:00,501204025,5,0,15,1,0
00:20:00,501205001,8,0,9,1,0
00:20:00,501205003,12,1,7,1,0
00:20:00,501205004,16,1,0,1,0
00:20:00,501205005,2,0,20,1,0
00:20:00,501205006,13,0,7,1,0
00:20:00,501205007,5,0,7,1,0
00:20:00,501205008,9,0,17,1,0
00:20:00,501205009,8,0,37,1,0
00:20:00,501205010,9,0,5,1,0
00:20:00,501205011,4,0,27,1,0
00:20:00,501205012,12,0,7,1,0
00:20:00,501205013,4,0,17,1,0
00:20:00,501205014,17,3,6,1,0
00:20:00,501205015,11,2,6,1,0
00:20:00,501205018,7,0,11,1,0
00:20:00,501205019,0,0,28,1,0
00:20:00,501205020,3,0,26,1,0
00:20:00,501205021,5,0,10,1,0
00:20:00,501205022,8,1,7,1,0
00:20:00,501205023,7,0,8,1,0
00:20:00,501205025,14,0,14,1,0
00:20:00,501205026,4,0,15,1,0
00:20:00,501205027,4,0,6,1,0
00:20:00,501205028,8,0,7,1,0
00:20:00,501205029,6,1,4,1,0
00:20:00,501205030,9,0,1,1,0
00:20:00,501205033,4,0,11,1,0
00:20:00,501205034,7,1,21,1,0
00:20:00,501205035,5,3,11,1,0
00:20:00,501205036,6,1,9,1,0
00:20:00,501205037,1,0,14,1,0
00:20:00,501205038,4,3,16,1,0
00:20:00,501205039,6,1,14,1,0
00:20:00,501205040,15,2,10,1,0
00:20:00,501205041,11,0,6,1,0
00:20:00,501205042,6,1,22,1,0
00:20:00,501208011,23,2,14,1,0
00:20:00,501208013,24,2,30,1,0
00:20:00,501208014,11,1,27,1,0
00:20:00,501208015,7,0,7,1,0
00:20:00,501208018,6,0,9,1,0
00:20:00,501208021,1,0,16,1,0
00:20:00,501208027,26,0,2,1,0
00:20:00,501208029,13,1,9,1,0
00:20:00,501208030,11,1,27,1,0
00:20:00,501208032,0,0,27,1,0
00:20:00,501208040,9,0,10,1,0
00:20:00,501208041,2,0,13,1,0
00:20:00,501208045,15,1,17,1,0
00:20:00,501208051,14,1,20,1,0
00:20:00,501208053,3,1,18,1,0
00:20:00,501208054,8,1,20,1,0
00:20:00,501208059,1,0,28,1,0
00:20:00,501208064,3,0,17,1,0
00:20:00,501208077,5,1,5,1,0
00:20:00,501208079,9,0,13,1,0
00:20:00,501208082,4,1,6,1,0
00:20:00,501208085,7,0,10,1,0
00:20:00,501208087,1,0,28,1,0
00:20:00,501208089,17,2,8,1,0
00:20:00,501208091,12,1,31,1,0
00:20:00,501208111,5,0,10,1,0
00:20:00,501208113,6,0,14,1,0
00:20:00,501208114,10,2,10,1,0
00:20:00,501208129,0,0,19,1,0
00:20:00,501208130,2,1,12,1,0
00:20:00,501209002,10,1,10,1,0
00:20:00,501209003,10,3,2,1,0
00:20:00,501209004,5,0,10,1,0
00:20:00,501209005,7,2,11,1,0
00:20:00,501209006,6,3,13,1,0
00:20:00,501209007,9,2,5,1,0
00:20:00,501209009,0,0,0,2,0
00:20:00,501209010,3,0,11,1,0
00:20:00,501209011,11,1,14,1,0
00:20:00,501209014,8,1,4,1,0
00:20:00,501209015,8,0,7,1,0
00:20:00,501209016,2,1,27,1,0
00:20:00,501209017,5,0,7,1,0
00:20:00,501209018,8,0,9,1,0
00:20:00,501209019,7,2,18,1,0
00:20:00,501209020,7,0,24,1,0
00:20:00,501209021,4,0,10,1,0
00:20:00,501209022,6,1,4,1,0
00:20:00,501209023,2,0,36,1,0
00:20:00,501209024,12,2,30,1,0
00:20:00,501209025,4,0,9,1,0
00:20:00,501209026,17,0,9,1,0
00:20:00,501209027,7,1,12,1,0
00:20:00,501209028,3,0,24,1,0
00:20:00,501209030,11,3,7,1,0
00:20:00,501209031,14,0,15,1,0
00:20:00,501209032,6,1,22,1,0
00:20:00,501209033,11,0,9,1,0
00:20:00,501209034,9,1,4,1,0
00:20:00,501209035,0,0,28,1,0
00:20:00,501209036,7,1,21,1,0
00:20:00,501209037,4,0,31,1,0
00:20:00,501209038,5,0,11,1,0
00:20:00,501209039,14,2,16,1,0
00:20:00,501209040,11,1,20,1,0
00:20:00,501209042,1,0,18,1,0
00:20:00,501209043,10,1,14,1,0
00:20:00,501209044,9,1,6,1,0
00:20:00,501209045,6,0,9,1,0
00:20:00,501209046,0,0,22,1,0
00:20:00,501209047,6,0,7,1,0
00:20:00,501209049,1,0,18,1,0
00:20:00,501209050,9,2,4,1,0
00:20:00,501209051,22,2,2,1,0
00:20:00,501209052,21,4,1,1,0
00:20:00,501209053,2,1,18,1,0
00:20:00,501209054,26,0,1,1,0
00:20:00,501209056,10,0,5,1,0
00:20:00,501209058,10,0,6,1,0
00:20:00,501209059,5,0,10,1,0
00:20:00,501209060,6,0,14,1,0
00:20:00,501209062,7,0,8,1,0
00:20:00,501209064,10,2,5,1,0
00:20:00,501209065,15,0,0,1,0
00:20:00,501209066,13,3,1,1,0
00:20:00,501209067,14,0,1,1,0
00:20:00,501209068,2,0,14,1,0
00:20:00,501209069,1,0,62,1,0
00:20:00,501209070,17,1,0,1,0
00:20:00,501209071,9,2,7,1,0
00:20:00,501209073,1,1,14,1,0
00:20:00,501209074,9,1,14,1,0
00:20:00,501209075,11,0,4,1,0
00:20:00,501209076,7,0,15,1,0
00:20:00,501209077,1,1,14,1,0
00:20:00,501209078,7,0,6,1,0
00:20:00,501209079,1,0,22,1,0
00:20:00,501209080,5,0,22,1,0
00:20:00,501209081,0,0,15,1,0
00:20:00,501209084,11,0,12,1,0
00:20:00,501209085,15,0,12,1,0
00:20:00,501209087,13,0,24,1,0
00:20:00,501209088,4,2,11,1,0
00:20:00,501209089,0,0,19,1,0
00:20:00,501209090,5,1,8,1,0
00:20:00,501209091,6,0,10,1,0
00:20:00,501209092,11,1,5,1,0
00:20:00,501209093,11,0,4,1,0
00:20:00,501209094,6,0,9,1,0
00:20:00,501209095,9,0,4,1,0
00:20:00,501209096,9,0,5,1,0
00:20:00,501209097,5,1,10,1,0
00:20:00,501209098,1,0,13,1,0
00:20:00,501209099,1,0,18,1,0
00:20:00,501209100,4,0,10,1,0
00:20:00,501209101,7,2,8,1,0
00:20:00,501209102,3,0,17,1,0
00:20:00,501209104,2,1,17,1,0
00:20:00,501209105,11,1,13,1,0
00:20:00,501209106,5,1,15,1,0
00:20:00,501211001,37,6,1,1,0
00:20:00,501211002,5,0,10,1,0
00:20:00,501211004,8,2,7,1,0
00:20:00,501211005,5,0,13,1,0
00:20:00,501211006,12,1,2,1,0
00:20:00,501211007,17,4,1,1,0
00:20:00,501211009,12,0,6,1,0
00:20:00,501211011,20,3,10,1,0
00:20:00,501211012,9,0,9,1,0
00:30:00,501201001,0,0,0,2,0
00:30:00,501201002,9,2,31,1,0
00:30:00,501201003,15,1,8,1,0
00:30:00,501201004,4,0,9,1,0
00:30:00,501201005,5,1,14,1,0
00:30:00,501201006,7,1,21,1,0
00:30:00,501201007,8,3,10,1,0
00:30:00,501201008,5,0,20,1,0
00:30:00,501201010,3,0,7,1,0
00:30:00,501201011,6,2,16,1,0
00:30:00,501201012,10,1,29,1,0
00:30:00,501201013,3,0,19,1,0
00:30:00,501201014,8,2,11,1,0
00:30:00,501201015,11,1,14,1,0
00:30:00,501201016,11,0,14,1,0
00:30:00,501201017,9,1,17,1,0
00:30:00,501201018,4,0,19,1,0
00:30:00,501201019,9,1,19,1,0
00:30:00,501201020,8,0,16,1,0
00:30:00,501201021,9,1,6,1,0
00:30:00,501201022,4,1,12,1,0
00:30:00,501201023,8,2,20,1,0
00:30:00,501201024,6,3,18,1,0
00:30:00,501201025,15,3,8,1,0
00:30:00,501201026,12,0,6,1,0
00:30:00,501201028,9,2,11,1,0
00:30:00,501201029,2,1,11,1,0
00:30:00,501201030,1,1,13,1,0
00:30:00,501201031,11,0,6,1,0
00:30:00,501202001,8,1,6,1,0
00:30:00,501202003,2,1,37,1,0
00:30:00,501202013,3,0,14,1,0
00:30:00,501202023,11,2,4,1,0
00:30:00,501202024,7,1,8,1,0
00:30:00,501202034,0,0,16,1,0
00:30:00,501202035,18,0,12,1,0
00:30:00,501202036,4,0,33,1,0
00:30:00,501202040,5,0,40,1,0
00:30:00,501202043,13,0,12,1,0
00:30:00,501202044,0,0,0,2,0
00:30:00,501202047,3,1,19,1,0
00:30:00,501202050,3,2,13,1,0
00:30:00,501202055,11,1,3,1,0
00:30:00,501202058,9,0,6,1,0
00:30:00,501202065,6,0,8,1,0
00:30:00,501202068,3,0,15,1,0
00:30:00,501202070,3,0,13,1,0
00:30:00,501202078,6,2,19,1,0
00:30:00,501202080,13,0,13,1,0
00:30:00,501202081,8,0,15,1,0
00:30:00,501202082,5,1,18,1,0
00:30:00,501202083,15,0,9,1,0
00:30:00,501202084,3,0,21,1,0
00:30:00,501202085,23,2,12,1,0
00:30:00,501202088,6,0,23,1,0
00:30:00,501202089,13,0,16,1,0
00:30:00,501202096,7,2,8,1,0
00:30:00,501203001,1,0,19,1,0
00:30:00,501203002,9,0,13,1,0
00:30:00,501203003,1,0,92,1,0
00:30:00,501203005,3,0,17,1,0
00:30:00,501203006,8,0,7,1,0
00:30:00,501203007,7,0,8,1,0
00:30:00,501203008,10,3,6,1,0
00:30:00,501203010,19,4,13,1,0
00:30:00,501203011,16,3,21,1,0
00:30:00,501203012,10,0,7,1,0
00:30:00,501203013,18,0,6,1,0
00:30:00,501203015,7,0,5,1,0
00:30:00,501203020,9,0,11,1,0
00:30:00,501203022,1,0,18,1,0
00:30:00,501203023,3,0,15,1,0
00:30:00,501203028,7,0,18,1,0
00:30:00,501203040,2,2,20,1,0
00:30:00,501203045,17,3,1,1,0
00:30:00,501203050,27,1,33,1,0
00:30:00,501203051,6,0,18,1,0
00:30:00,501203053,4,0,22,1,0
00:30:00,501203054,5,0,14,1,0
00:30:00,501203064,3,0,13,1,0
00:30:00,501203065,7,0,9,1,0
00:30:00,501203070,6,2,9,1,0
00:30:00,501203073,8,2,16,1,0
00:30:00,501203076,12,0,4,1,0
00:30:00,501203078,2,0,14,1,0
00:30:00,501203080,5,2,10,1,0
00:30:00,501203084,5,1,6,1,0
00:30:00,501203085,4,0,6,1,0
00:30:00,501203088,1,1,13,1,0
00:30:00,501203089,6,0,6,1,0
00:30:00,501203090,2,0,8,1,0
00:30:00,501203091,4,1,7,1,0
00:30:00,501203092,2,0,18,1,0
00:30:00,501203100,1,0,18,1,0
00:30:00,501203101,0,0,0,2,0
00:30:00,501203102,11,0,7,1,0
00:30:00,501203104,4,1,15,1,0
00:30:00,501203105,3,0,8,1,0
00:30:00,501203107,0,0,0,2,0
00:30:00,501203109,11,2,14,1,0
00:30:00,501203110,5,1,37,1,0
00:30:00,501203111,10,2,1,1,0
00:30:00,501203113,7,1,12,1,0
00:30:00,501203114,9,0,41,1,0
00:30:00,501203117,0,0,0,2,0
00:30:00,501203118,7,0,13,1,0
00:30:00,501203121,19,0,5,1,0
00:30:00,501203122,4,0,16,1,0
00:30:00,501203125,17,2,8,1,0
00:30:00,501203131,11,1,9,1,0
00:30:00,501203140,1,0,41,1,0
00:30:00,501203141,9,0,6,1,0
00:30:00,501203142,2,0,71,1,0
00:30:00,501203145,11,0,3,1,0
00:30:00,501203151,10,1,8,1,0
00:30:00,501203155,8,0,11,1,0
00:30:00,501203157,3,0,14,1,0
00:30:00,501203159,2,1,18,1,0
00:30:00,501203161,6,0,13,1,0
00:30:00,501203162,0,0,21,1,0
00:30:00,501203163,2,1,14,1,0
00:30:00,501204001,18,0,6,1,0
00:30:00,501204002,33,0,1,1,0
00:30:00,501204003,18,0,26,1,0
00:30:00,501204004,5,0,9,1,0
00:30:00,501204005,17,1,0,1,0
00:30:00,501204007,9,1,26,1,0
00:30:00,501204008,3,0,11,1,0
00:30:00,501204009,0,0,0,2,0
00:30:00,501204010,0,0,0,2,0
00:30:00,501204011,8,0,6,1,0
00:30:00,501204012,1,1,11,1,0
00:30:00,501204013,11,3,1,1,0
00:30:00,501204014,5,0,11,1,0
00:30:00,501204015,10,0,5,1,0
00:30:00,501204016,11,1,6,1,0
00:30:00,501204017,6,0,9,1,0
00:30:00,501204018,21,3,1,1,0
00:30:00,501204020,2,1,18,1,0
00:30:00,501204021,1,0,18,1,0
00:30:00,501204022,6,1,10,1,0
00:30:00,501204023,12,0,2,1,0
00:30:00,501204024,0,0,0,2,0
00:30:00,501204025,5,0,15,1,0
00:30:00,501205001,8,0,9,1,0
00:30:00,501205003,12,1,7,1,0
00:30:00,501205004,16,1,0,1,0
00:30:00,501205005,2,0,20,1,0
00:30:00,501205006,12,0,8,1,0
00:30:00,501205007,5,0,7,1,0
00:30:00,501205008,10,0,16,1,0
00:30:00,501205009,8,0,37,1,0
00:30:00,501205010,9,0,5,1,0
00:30:00,501205011,4,0,27,1,0
00:30:00,501205012,12,0,7,1,0
00:30:00,501205013,4,0,17,1,0
00:30:00,501205014,17,3,6,1,0
00:30:00,501205015,10,1,7,1,0
00:30:00,501205018,7,0,11,1,0
00:30:00,501205019,0,0,28,1,0
00:30:00,501205020,3,0,26,1,0
00:30:00,501205021,5,0,10,1,0
00:30:00,501205022,8,1,7,1,0
00:30:00,501205023,7,0,8,1,0
00:30:00,501205025,14,0,14,1,0
00:30:00,501205026,4,0,15,1,0
00:30:00,501205027,4,0,6,1,0
00:30:00,501205028,8,0,7,1,0
00:30:00,501205029,4,1,6,1,0
00:30:00,501205030,9,0,1,1,0
00:30:00,501205033,4,0,11,1,0
00:30:00,501205034,7,1,21,1,0
00:30:00,501205035,6,3,10,1,0
00:30:00,501205036,6,1,9,1,0
00:30:00,501205037,1,0,14,1,0
00:30:00,501205038,4,3,16,1,0
00:30:00,501205039,7,2,13,1,0
00:30:00,501205040,14,1,11,1,0
00:30:00,501205041,11,0,6,1,0
00:30:00,501205042,6,1,22,1,0
00:30:00,501208011,23,2,14,1,0
00:30:00,501208013,23,2,31,1,0
00:30:00,501208014,11,1,27,1,0
00:30:00,501208015,7,0,7,1,0
00:30:00,501208018,6,0,9,1,0
00:30:00,501208021,1,0,16,1,0
00:30:00,501208027,26,0,2,1,0
00:30:00,501208029,13,1,9,1,0
00:30:00,501208030,14,1,24,1,0
00:30:00,501208032,0,0,27,1,0
00:30:00,501208040,9,0,10,1,0
00:30:00,501208041,2,0,13,1,0
00:30:00,501208045,15,1,17,1,0
00:30:00,501208051,14,1,20,1,0
00:30:00,501208053,3,0,18,1,0
00:30:00,501208054,8,1,20,1,0
00:30:00,501208059,1,0,28,1,0
00:30:00,501208064,3,0,17,1,0
00:30:00,501208077,5,1,5,1,0
00:30:00,501208079,9,0,13,1,0
00:30:00,501208082,3,1,7,1,0
00:30:00,501208085,8,0,9,1,0
00:30:00,501208087,1,0,28,1,0
00:30:00,501208089,17,2,8,1,0
00:30:00,501208091,12,1,31,1,0
00:30:00,501208111,6,0,9,1,0
00:30:00,501208113,6,0,14,1,0
00:30:00,501208114,10,2,10,1,0
00:30:00,501208129,0,0,19,1,0
00:30:00,501208130,4,1,10,1,0
00:30:00,501209002,10,1,10,1,0
00:30:00,501209003,10,3,2,1,0
00:30:00,501209004,5,0,10,1,0
00:30:00,501209005,7,2,11,1,0
00:30:00,501209006,6,3,13,1,0
00:30:00,501209007,10,2,4,1,0
00:30:00,501209009,0,0,0,2,0
00:30:00,501209010,3,0,11,1,0
00:30:00,501209011,10,1,14,1,0
00:30:00,501209014,8,1,4,1,0
00:30:00,501209015,8,0,7,1,0
00:30:00,501209016,2,1,27,1,0
00:30:00,501209017,5,0,7,1,0
00:30:00,501209018,8,0,9,1,0
00:30:00,501209019,7,2,18,1,0
00:30:00,501209020,7,0,24,1,0
00:30:00,501209021,4,0,10,1,0
00:30:00,501209022,6,1,4,1,0
00:30:00,501209023,4,1,34,1,0
00:30:00,501209024,11,2,31,1,0
00:30:00,501209025,5,0,8,1,0
00:30:00,501209026,11,0,15,1,0
00:30:00,501209027,7,1,12,1,0
00:30:00,501209028,3,0,24,1,0
00:30:00,501209030,11,3,7,1,0
00:30:00,501209031,14,0,15,1,0
00:30:00,501209032,6,1,22,1,0
00:30:00,501209033,11,0,9,1,0
00:30:00,501209034,1,1,12,1,0
00:30:00,501209035,0,0,28,1,0
00:30:00,501209036,7,1,21,1,0
00:30:00,501209037,4,0,31,1,0
00:30:00,501209038,5,0,11,1,0
00:30:00,501209039,14,2,16,1,0
00:30:00,501209040,11,1,20,1,0
00:30:00,501209042,1,0,18,1,0
00:30:00,501209043,10,1,14,1,0
00:30:00,501209044,9,1,6,1,0
00:30:00,501209045,6,0,9,1,0
00:30:00,501209046,0,0,22,1,0
00:30:00,501209047,6,0,7,1,0
00:30:00,501209049,0,0,19,1,0
00:30:00,501209050,9,2,4,1,0
00:30:00,501209051,22,2,2,1,0
00:30:00,501209052,21,4,1,1,0
00:30:00,501209053,2,1,18,1,0
00:30:00,501209054,26,0,1,1,0
00:30:00,501209056,10,0,5,1,0
00:30:00,501209058,10,0,6,1,0
00:30:00,501209059,5,0,10,1,0
00:30:00,501209060,6,0,14,1,0
00:30:00,501209062,7,0,8,1,0
00:30:00,501209064,10,2,5,1,0
00:30:00,501209065,15,0,0,1,0
00:30:00,501209066,13,3,1,1,0
00:30:00,501209067,14,0,1,1,0
00:30:00,501209068,2,0,14,1,0
00:30:00,501209069,1,0,62,1,0
00:30:00,501209070,7,1,10,1,0
00:30:00,501209071,9,2,7,1,0
00:30:00,501209073,1,1,14,1,0
00:30:00,501209074,9,1,14,1,0
00:30:00,501209075,11,0,4,1,0
00:30:00,501209076,7,0,15,1,0
00:30:00,501209077,1,1,14,1,0
00:30:00,501209078,6,0,7,1,0
00:30:00,501209079,1,0,22,1,0
00:30:00,501209080,5,0,22,1,0
00:30:00,501209081,6,0,9,1,0
00:30:00,501209084,11,0,12,1,0
00:30:00,501209085,10,1,18,1,0
00:30:00,501209087,13,0,24,1,0
00:30:00,501209088,4,2,11,1,0
00:30:00,501209089,0,0,19,1,0
00:30:00,501209090,5,1,8,1,0
00:30:00,501209091,6,0,10,1,0
00:30:00,501209092,11,1,5,1,0
00:30:00,501209093,11,0,4,1,0
00:30:00,501209094,6,0,9,1,0
00:30:00,501209095,9,0,4,1,0
00:30:00,501209096,9,0,5,1,0
00:30:00,501209097,5,1,10,1,0
00:30:00,501209098,1,0,13,1,0
00:30:00,501209099,1,0,18,1,0
00:30:00,501209100,4,0,10,1,0
00:30:00,501209101,7,2,8,1,0
00:30:00,501209102,3,0,17,1,0
00:30:00,501209104,2,1,17,1,0
00:30:00,501209105,11,1,13,1,0
00:30:00,501209106,5,1,15,1,0
00:30:00,501211001,37,6,1,1,0
00:30:00,501211002,5,0,10,1,0
00:30:00,501211004,8,2,7,1,0
00:30:00,501211005,5,0,13,1,0
00:30:00,501211006,12,1,2,1,0
00:30:00,501211007,17,4,1,1,0
00:30:00,501211009,12,0,6,1,0
00:30:00,501211011,20,3,10,1,0
00:30:00,501211012,9,0,9,1,0
00:40:00,501201001,0,0,0,2,0
00:40:00,501201002,9,2,31,1,0
00:40:00,501201003,16,1,7,1,0
00:40:00,501201004,4,0,9,1,0
00:40:00,501201005,3,0,16,1,0
00:40:00,501201006,8,0,20,1,0
00:40:00,501201007,8,3,10,1,0
00:40:00,501201008,5,0,20,1,0
00:40:00,501201010,3,0,7,1,0
00:40:00,501201011,6,2,16,1,0
00:40:00,501201012,10,1,29,1,0
00:40:00,501201013,3,0,19,1,0
00:40:00,501201014,8,2,11,1,0
00:40:00,501201015,11,1,14,1,0
00:40:00,501201016,11,0,14,1,0
00:40:00,501201017,9,0,17,1,0
00:40:00,501201018,4,0,19,1,0
00:40:00,501201019,9,1,19,1,0
00:40:00,501201020,8,0,16,1,0
00:40:00,501201021,9,1,6,1,0
00:40:00,501201022,4,1,12,1,0
00:40:00,501201023,8,2,20,1,0
00:40:00,501201024,6,3,18,1,0
00:40:00,501201025,15,3,8,1,0
00:40:00,501201026,12,0,6,1,0
00:40:00,501201028,9,2,11,1,0
00:40:00,501201029,2,1,11,1,0
00:40:00,501201030,1,1,13,1,0
00:40:00,501201031,11,0,6,1,0
00:40:00,501202001,8,1,6,1,0
00:40:00,501202003,1,0,38,1,0
00:40:00,501202013,3,0,14,1,0
00:40:00,501202023,11,2,4,1,0
00:40:00,501202024,7,1,8,1,0
00:40:00,501202034,0,0,16,1,0
00:40:00,501202035,18,0,12,1,0
00:40:00,501202036,4,0,33,1,0
00:40:00,501202040,5,0,40,1,0
00:40:00,501202043,13,0,12,1,0
00:40:00,501202044,0,0,0,2,0
00:40:00,501202047,2,0,20,1,0
00:40:00,501202050,3,2,13,1,0
00:40:00,501202055,11,1,3,1,0
00:40:00,501202058,9,0,6,1,0
00:40:00,501202065,6,0,8,1,0
00:40:00,501202068,3,0,15,1,0
00:40:00,501202070,3,0,13,1,0
00:40:00,501202078,6,2,19,1,0
00:40:00,501202080,13,0,13,1,0
00:40:00,501202081,8,0,15,1,0
00:40:00,501202082,6,1,17,1,0
00:40:00,501202083,15,0,9,1,0
00:40:00,501202084,3,0,21,1,0
00:40:00,501202085,24,2,11,1,0
00:40:00,501202088,6,0,23,1,0
00:40:00,501202089,13,0,16,1,0
00:40:00,501202096,7,2,8,1,0
00:40:00,501203001,1,1,19,1,0
00:40:00,501203002,9,0,13,1,0
00:40:00,501203003,1,0,92,1,0
00:40:00,501203005,3,0,17,1,0
00:40:00,501203006,8,0,7,1,0
00:40:00,501203007,7,0,8,1,0
00:40:00,501203008,10,3,6,1,0
00:40:00,501203010,19,4,13,1,0
00:40:00,501203011,16,3,21,1,0
00:40:00,501203012,10,0,7,1,0
00:40:00,501203013,18,0,6,1,0
00:40:00,501203015,7,0,5,1,0
00:40:00,501203020,9,0,11,1,0
00:40:00,501203022,1,0,18,1,0
00:40:00,501203023,4,0,14,1,0
00:40:00,501203028,8,1,17,1,0
00:40:00,501203040,2,2,20,1,0
00:40:00,501203045,16,2,2,1,0
00:40:00,501203050,26,1,34,1,0
00:40:00,501203051,6,0,18,1,0
00:40:00,501203053,4,0,22,1,0
00:40:00,501203054,5,0,14,1,0
00:40:00,501203064,3,0,13,1,0
00:40:00,501203065,7,0,9,1,0
00:40:00,501203070,6,2,9,1,0
00:40:00,501203073,8,2,16,1,0
00:40:00,501203076,12,0,4,1,0
00:40:00,501203078,2,0,14,1,0
00:40:00,501203080,5,1,10,1,0
00:40:00,501203084,5,1,6,1,0
00:40:00,501203085,4,0,6,1,0
00:40:00,501203088,1,1,13,1,0
00:40:00,501203089,6,0,6,1,0
00:40:00,501203090,2,0,8,1,0
00:40:00,501203091,4,1,7,1,0
00:40:00,501203092,2,0,18,1,0
00:40:00,501203100,1,0,18,1,0
00:40:00,501203101,0,0,0,2,0
00:40:00,501203102,11,0,7,1,0
00:40:00,501203104,4,1,15,1,0
00:40:00,501203105,3,0,8,1,0
00:40:00,501203107,0,0,0,2,0
00:40:00,501203109,11,2,14,1,0
00:40:00,501203110,5,1,37,1,0
00:40:00,501203111,10,2,1,1,0
00:40:00,501203113,7,1,12,1,0
00:40:00,501203114,10,0,40,1,0
00:40:00,501203117,0,0,0,2,0
00:40:00,501203118,7,0,13,1,0
00:40:00,501203121,19,0,5,1,0
00:40:00,501203122,4,0,16,1,0
00:40:00,501203125,17,2,8,1,0
00:40:00,501203131,10,0,10,1,0
00:40:00,501203140,1,0,41,1,0
00:40:00,501203141,9,0,6,1,0
00:40:00,501203142,1,0,72,1,0
00:40:00,501203145,11,0,3,1,0
00:40:00,501203151,10,1,8,1,0
00:40:00,501203155,8,0,11,1,0
00:40:00,501203157,3,0,14,1,0
00:40:00,501203159,2,1,18,1,0
00:40:00,501203161,6,0,13,1,0
00:40:00,501203162,0,0,21,1,0
00:40:00,501203163,2,1,14,1,0
00:40:00,501204001,18,0,6,1,0
00:40:00,501204002,33,0,1,1,0
00:40:00,501204003,17,0,27,1,0
00:40:00,501204004,5,0,9,1,0
00:40:00,501204005,17,1,0,1,0
00:40:00,501204007,8,1,27,1,0
00:40:00,501204008,4,0,10,1,0
00:40:00,501204009,0,0,0,2,0
00:40:00,501204010,0,0,0,2,0
00:40:00,501204011,10,2,4,1,0
00:40:00,501204012,1,1,11,1,0
00:40:00,501204013,11,3,1,1,0
00:40:00,501204014,5,0,11,1,0
00:40:00,501204015,11,0,4,1,0
00:40:00,501204016,12,2,5,1,0
00:40:00,501204017,6,0,9,1,0
00:40:00,501204018,21,3,1,1,0
00:40:00,501204020,2,1,18,1,0
00:40:00,501204021,1,0,18,1,0
00:40:00,501204022,6,1,10,1,0
00:40:00,501204023,12,0,2,1,0
00:40:00,501204024,0,0,0,2,0
00:40:00,501204025,5,0,15,1,0
00:40:00,501205001,7,0,10,1,0
00:40:00,501205003,12,1,7,1,0
00:40:00,501205004,16,1,0,1,0
00:40:00,501205005,2,0,20,1,0
00:40:00,501205006,12,0,8,1,0
00:40:00,501205007,5,0,7,1,0
00:40:00,501205008,11,1,15,1,0
00:40:00,501205009,8,0,37,1,0
00:40:00,501205010,7,0,7,1,0
00:40:00,501205011,4,0,27,1,0
00:40:00,501205012,13,1,6,1,0
00:40:00,501205013,4,0,17,1,0
00:40:00,501205014,18,4,5,1,0
00:40:00,501205015,10,1,7,1,0
00:40:00,501205018,5,0,13,1,0
00:40:00,501205019,0,0,28,1,0
00:40:00,501205020,3,0,26,1,0
00:40:00,501205021,5,0,10,1,0
00:40:00,501205022,8,1,7,1,0
00:40:00,501205023,7,0,8,1,0
00:40:00,501205025,14,0,14,1,0
00:40:00,501205026,5,1,13,1,0
00:40:00,501205027,4,0,6,1,0
00:40:00,501205028,8,0,7,1,0
00:40:00,501205029,4,1,6,1,0
00:40:00,501205030,9,0,1,1,0
00:40:00,501205033,4,0,11,1,0
00:40:00,501205034,6,1,22,1,0
00:40:00,501205035,6,3,10,1,0
00:40:00,501205036,6,1,9,1,0
00:40:00,501205037,2,0,13,1,0
00:40:00,501205038,4,3,16,1,0
00:40:00,501205039,7,2,13,1,0
00:40:00,501205040,15,2,10,1,0
00:40:00,501205041,11,0,6,1,0
00:40:00,501205042,6,1,22,1,0
00:40:00,501208011,23,2,14,1,0
00:40:00,501208013,22,2,32,1,0
00:40:00,501208014,11,1,27,1,0
00:40:00,501208015,7,0,7,1,0
00:40:00,501208018,7,0,8,1,0
00:40:00,501208021,1,0,16,1,0
00:40:00,501208027,26,0,2,1,0
00:40:00,501208029,15,1,7,1,0
00:40:00,501208030,25,1,13,1,0
00:40:00,501208032,0,0,27,1,0
00:40:00,501208040,9,0,10,1,0
00:40:00,501208041,2,0,13,1,0
00:40:00,501208045,15,1,17,1,0
00:40:00,501208051,14,1,20,1,0
00:40:00,501208053,3,0,18,1,0
00:40:00,501208054,8,1,20,1,0
00:40:00,501208059,1,0,28,1,0
00:40:00,501208064,3,0,17,1,0
00:40:00,501208077,5,1,5,1,0
00:40:00,501208079,9,0,13,1,0
00:40:00,501208082,3,1,7,1,0
00:40:00,501208085,8,0,9,1,0
00:40:00,501208087,1,0,28,1,0
00:40:00,501208089,17,2,8,1,0
00:40:00,501208091,12,1,31,1,0
00:40:00,501208111,6,0,9,1,0
00:40:00,501208113,6,0,14,1,0
00:40:00,501208114,10,2,10,1,0
00:40:00,501208129,0,0,19,1,0
00:40:00,501208130,4,1,10,1,0
00:40:00,501209002,10,1,10,1,0
00:40:00,501209003,10,3,2,1,0
00:40:00,501209004,5,0,10,1,0
00:40:00,501209005,6,2,12,1,0
00:40:00,501209006,6,3,13,1,0
00:40:00,501209007,10,2,4,1,0
00:40:00,501209009,0,0,0,2,0
00:40:00,501209010,4,1,10,1,0
00:40:00,501209011,11,1,14,1,0
00:40:00,501209014,8,1,4,1,0
00:40:00,501209015,8,0,7,1,0
00:40:00,501209016,2,1,27,1,0
00:40:00,501209017,5,0,7,1,0
00:40:00,501209018,8,0,9,1,0
00:40:00,501209019,5,0,20,1,0
00:40:00,501209020,7,0,24,1,0
00:40:00,501209021,4,0,10,1,0
00:40:00,501209022,6,1,4,1,0
00:40:00,501209023,4,1,34,1,0
00:40:00,501209024,11,2,31,1,0
00:40:00,501209025,5,0,8,1,0
00:40:00,501209026,11,0,15,1,0
00:40:00,501209027,7,1,12,1,0
00:40:00,501209028,3,0,24,1,0
00:40:00,501209030,11,3,7,1,0
00:40:00,501209031,14,0,15,1,0
00:40:00,501209032,6,1,22,1,0
00:40:00,501209033,11,0,9,1,0
00:40:00,501209034,3,3,12,1,0
00:40:00,501209035,6,0,22,1,0
00:40:00,501209036,7,1,21,1,0
00:40:00,501209037,4,0,31,1,0
00:40:00,501209038,5,0,11,1,0
00:40:00,501209039,11,2,19,1,0
00:40:00,501209040,11,1,20,1,0
00:40:00,501209042,1,0,18,1,0
00:40:00,501209043,10,1,14,1,0
00:40:00,501209044,9,1,6,1,0
00:40:00,501209045,6,0,9,1,0
00:40:00,501209046,6,0,16,1,0
00:40:00,501209047,6,0,7,1,0
00:40:00,501209049,0,0,19,1,0
00:40:00,501209050,9,2,4,1,0
00:40:00,501209051,22,2,2,1,0
00:40:00,501209052,21,4,1,1,0
00:40:00,501209053,2,1,18,1,0
00:40:00,501209054,26,0,1,1,0
00:40:00,501209056,10,0,5,1,0
00:40:00,501209058,10,0,6,1,0
00:40:00,501209059,5,0,10,1,0
00:40:00,501209060,5,0,15,1,0
00:40:00,501209062,7,0,8,1,0
00:40:00,501209064,10,2,5,1,0
00:40:00,501209065,15,0,0,1,0
00:40:00,501209066,13,3,1,1,0
00:40:00,501209067,14,0,1,1,0
00:40:00,501209068,2,0,14,1,0
00:40:00,501209069,1,0,62,1,0
00:40:00,501209070,3,1,14,1,0
00:40:00,501209071,9,2,7,1,0
00:40:00,501209073,1,1,14,1,0
00:40:00,501209074,9,1,14,1,0
00:40:00,501209075,11,0,4,1,0
00:40:00,501209076,7,0,15,1,0
00:40:00,501209077,1,1,14,1,0
00:40:00,501209078,6,0,7,1,0
00:40:00,501209079,1,0,22,1,0
00:40:00,501209080,5,0,22,1,0
00:40:00,501209081,6,0,9,1,0
00:40:00,501209084,11,0,12,1,0
00:40:00,501209085,10,1,18,1,0
00:40:00,501209087,13,0,24,1,0
00:40:00,501209088,4,2,11,1,0
00:40:00,501209089,0,0,19,1,0
00:40:00,501209090,5,1,8,1,0
00:40:00,501209091,6,0,10,1,0
00:40:00,501209092,11,1,5,1,0
00:40:00,501209093,11,0,4,1,0
00:40:00,501209094,6,0,9,1,0
00:40:00,501209095,9,0,4,1,0
00:40:00,501209096,9,0,5,1,0
00:40:00,501209097,5,1,10,1,0
00:40:00,501209098,1,0,13,1,0
00:40:00,501209099,1,0,18,1,0
00:40:00,501209100,4,0,10,1,0
00:40:00,501209101,5,0,9,1,0
00:40:00,501209102,4,0,16,1,0
00:40:00,501209104,2,1,17,1,0
00:40:00,501209105,11,1,13,1,0
00:40:00,501209106,5,1,15,1,0
00:40:00,501211001,37,6,1,1,0
00:40:00,501211002,5,0,10,1,0
00:40:00,501211004,6,0,9,1,0
00:40:00,501211005,5,0,13,1,0
00:40:00,501211006,12,1,2,1,0
00:40:00,501211007,17,4,1,1,0
00:40:00,501211009,12,0,6,1,0
00:40:00,501211011,20,3,10,1,0
00:40:00,501211012,9,0,9,1,0
00:50:00,501201001,0,0,0,2,0
00:50:00,501201002,9,2,31,1,0
00:50:00,501201003,16,1,7,1,0
00:50:00,501201004,3,0,10,1,0
00:50:00,501201005,3,0,16,1,0
00:50:00,501201006,8,0,20,1,0
00:50:00,501201007,8,3,10,1,0
00:50:00,501201008,5,0,20,1,0
00:50:00,501201010,3,0,7,1,0
00:50:00,501201011,6,2,16,1,0
00:50:00,501201012,10,1,29,1,0
00:50:00,501201013,3,0,19,1,0
00:50:00,501201014,8,2,11,1,0
00:50:00,501201015,11,1,14,1,0
00:50:00,501201016,11,0,14,1,0
00:50:00,501201017,9,0,17,1,0
00:50:00,501201018,4,0,19,1,0
00:50:00,501201019,9,1,19,1,0
00:50:00,501201020,8,0,16,1,0
00:50:00,501201021,9,1,6,1,0
00:50:00,501201022,3,0,13,1,0
00:50:00,501201023,8,2,20,1,0
00:50:00,501201024,6,3,18,1,0
00:50:00,501201025,16,4,7,1,0
00:50:00,501201026,12,0,6,1,0
00:50:00,501201028,9,2,11,1,0
00:50:00,501201029,2,1,11,1,0
00:50:00,501201030,1,1,13,1,0
00:50:00,501201031,11,0,6,1,0
00:50:00,501202001,8,1,6,1,0
00:50:00,501202003,1,0,38,1,0
00:50:00,501202013,3,0,14,1,0
00:50:00,501202023,12,3,3,1,0
00:50:00,501202024,7,1,8,1,0
00:50:00,501202034,0,0,16,1,0
00:50:00,501202035,17,0,13,1,0
00:50:00,501202036,4,0,33,1,0
00:50:00,501202040,5,0,40,1,0
00:50:00,501202043,15,0,10,1,0
00:50:00,501202044,0,0,0,2,0
00:50:00,501202047,2,0,20,1,0
00:50:00,501202050,3,2,13,1,0
00:50:00,501202055,12,1,2,1,0
00:50:00,501202058,9,0,6,1,0
00:50:00,501202065,6,0,8,1,0
00:50:00,501202068,3,0,15,1,0
00:50:00,501202070,3,0,13,1,0
00:50:00,501202078,6,2,19,1,0
00:50:00,501202080,13,0,13,1,0
00:50:00,501202081,8,0,15,1,0
00:50:00,501202082,3,0,20,1,0
00:50:00,501202083,14,0,10,1,0
00:50:00,501202084,3,0,21,1,0
00:50:00,501202085,23,1,12,1,0
00:50:00,501202088,6,0,23,1,0
00:50:00,501202089,13,0,16,1,0
00:50:00,501202096,7,2,8,1,0
00:50:00,501203001,1,1,19,1,0
00:50:00,501203002,8,0,14,1,0
00:50:00,501203003,1,0,92,1,0
00:50:00,501203005,3,0,17,1,0
00:50:00,501203006,8,0,7,1,0
00:50:00,501203007,6,0,9,1,0
00:50:00,501203008,10,3,6,1,0
00:50:00,501203010,20,5,12,1,0
00:50:00,501203011,16,3,21,1,0
00:50:00,501203012,10,0,7,1,0
00:50:00,501203013,18,0,6,1,0
00:50:00,501203015,9,2,3,1,0
00:50:00,501203020,10,1,10,1,0
00:50:00,501203022,2,0,17,1,0
00:50:00,501203023,4,0,14,1,0
00:50:00,501203028,9,1,16,1,0
00:50:00,501203040,2,2,20,1,0
00:50:00,501203045,16,2,2,1,0
00:50:00,501203050,26,1,34,1,0
00:50:00,501203051,6,0,18,1,0
00:50:00,501203053,4,0,22,1,0
00:50:00,501203054,5,0,14,1,0
00:50:00,501203064,3,0,13,1,0
00:50:00,501203065,7,0,9,1,0
00:50:00,501203070,6,2,9,1,0
00:50:00,501203073,8,2,16,1,0
00:50:00,501203076,12,0,4,1,0
00:50:00,501203078,2,0,14,1,0
00:50:00,501203080,5,1,10,1,0
00:50:00,501203084,5,1,6,1,0
00:50:00,501203085,4,0,6,1,0
00:50:00,501203088,1,1,13,1,0
00:50:00,501203089,6,0,6,1,0
00:50:00,501203090,2,0,8,1,0
00:50:00,501203091,4,1,7,1,0
00:50:00,501203092,2,0,18,1,0
00:50:00,501203100,1,0,18,1,0
00:50:00,501203101,0,0,0,2,0
00:50:00,501203102,11,0,7,1,0
00:50:00,501203104,4,1,15,1,0
00:50:00,501203105,3,0,8,1,0
00:50:00,501203107,0,0,0,2,0
00:50:00,501203109,10,2,15,1,0
00:50:00,501203110,5,1,37,1,0
00:50:00,501203111,10,2,1,1,0
00:50:00,501203113,7,1,12,1,0
00:50:00,501203114,10,0,40,1,0
00:50:00,501203117,0,0,0,2,0
00:50:00,501203118,6,0,14,1,0
00:50:00,501203121,19,0,5,1,0
00:50:00,501203122,4,0,16,1,0
00:50:00,501203125,17,2,8,1,0
00:50:00,501203131,10,0,10,1,0
00:50:00,501203140,2,0,40,1,0
00:50:00,501203141,9,0,6,1,0
00:50:00,501203142,3,1,70,1,0
00:50:00,501203145,11,0,3,1,0
00:50:00,501203151,10,1,8,1,0
00:50:00,501203155,8,0,11,1,0
00:50:00,501203157,3,0,14,1,0
00:50:00,501203159,2,1,18,1,0
00:50:00,501203161,6,0,13,1,0
00:50:00,501203162,0,0,21,1,0
00:50:00,501203163,2,1,14,1,0
00:50:00,501204001,18,0,6,1,0
00:50:00,501204002,33,0,1,1,0
00:50:00,501204003,17,0,27,1,0
00:50:00,501204004,5,0,9,1,0
00:50:00,501204005,17,1,0,1,0
00:50:00,501204007,8,1,27,1,0
00:50:00,501204008,2,0,12,1,0
00:50:00,501204009,0,0,0,2,0
00:50:00,501204010,0,0,0,2,0
00:50:00,501204011,10,2,4,1,0
00:50:00,501204012,1,1,11,1,0
00:50:00,501204013,11,3,1,1,0
00:50:00,501204014,5,0,11,1,0
00:50:00,501204015,11,0,4,1,0
00:50:00,501204016,12,2,5,1,0
00:50:00,501204017,5,0,10,1,0
00:50:00,501204018,21,3,1,1,0
00:50:00,501204020,2,1,18,1,0
00:50:00,501204021,1,0,18,1,0
00:50:00,501204022,6,1,10,1,0
00:50:00,501204023,12,0,2,1,0
00:50:00,501204024,0,0,0,2,0
00:50:00,501204025,5,0,15,1,0
00:50:00,501205001,7,0,10,1,0
00:50:00,501205003,12,1,7,1,0
00:50:00,501205004,16,1,0,1,0
00:50:00,501205005,2,0,20,1,0
00:50:00,501205006,12,0,8,1,0
00:50:00,501205007,6,0,6,1,0
00:50:00,501205008,11,1,15,1,0
00:50:00,501205009,7,0,38,1,0
00:50:00,501205010,7,0,7,1,0
00:50:00,501205011,4,0,27,1,0
00:50:00,501205012,13,1,6,1,0
00:50:00,501205013,4,0,17,1,0
00:50:00,501205014,18,4,5,1,0
00:50:00,501205015,10,1,7,1,0
00:50:00,501205018,5,0,13,1,0
00:50:00,501205019,0,0,28,1,0
00:50:00,501205020,3,0,26,1,0
00:50:00,501205021,5,0,10,1,0
00:50:00,501205022,8,1,7,1,0
00:50:00,501205023,5,0,10,1,0
00:50:00,501205025,14,0,14,1,0
00:50:00,501205026,6,2,12,1,0
00:50:00,501205027,4,0,6,1,0
00:50:00,501205028,8,0,7,1,0
00:50:00,501205029,4,1,6,1,0
00:50:00,501205030,9,0,1,1,0
00:50:00,501205033,4,0,11,1,0
00:50:00,501205034,6,1,22,1,0
00:50:00,501205035,6,3,10,1,0
00:50:00,501205036,6,1,9,1,0
00:50:00,501205037,2,0,13,1,0
00:50:00,501205038,4,3,16,1,0
00:50:00,501205039,7,2,13,1,0
00:50:00,501205040,15,2,10,1,0
00:50:00,501205041,11,0,6,1,0
00:50:00,501205042,6,1,22,1,0
00:50:00,501208011,24,2,13,1,0
00:50:00,501208013,22,2,32,1,0
00:50:00,501208014,11,1,27,1,0
00:50:00,501208015,7,0,7,1,0
00:50:00,501208018,7,0,8,1,0
00:50:00,501208021,1,0,16,1,0
00:50:00,501208027,26,0,2,1,0
00:50:00,501208029,15,0,7,1,0
00:50:00,501208030,25,1,13,1,0
00:50:00,501208032,0,0,27,1,0
00:50:00,501208040,9,0,10,1,0
00:50:00,501208041,2,0,13,1,0
00:50:00,501208045,15,1,17,1,0
00:50:00,501208051,14,1,20,1,0
00:50:00,501208053,3,0,18,1,0
00:50:00,501208054,8,1,20,1,0
00:50:00,501208059,1,0,28,1,0
00:50:00,501208064,3,0,17,1,0
00:50:00,501208077,5,1,5,1,0
00:50:00,501208079,9,0,13,1,0
00:50:00,501208082,3,1,7,1,0
00:50:00,501208085,8,0,9,1,0
00:50:00,501208087,1,0,28,1,0
00:50:00,501208089,17,2,8,1,0
00:50:00,501208091,12,1,31,1,0
00:50:00,501208111,6,0,9,1,0
00:50:00,501208113,6,0,14,1,0
00:50:00,501208114,10,2,10,1,0
00:50:00,501208129,0,0,19,1,0
00:50:00,501208130,4,1,10,1,0
00:50:00,501209002,10,1,10,1,0
00:50:00,501209003,10,3,2,1,0
00:50:00,501209004,5,0,10,1,0
00:50:00,501209005,6,2,12,1,0
00:50:00,501209006,6,3,13,1,0
00:50:00,501209007,10,2,4,1,0
00:50:00,501209009,0,0,0,2,0
00:50:00,501209010,4,1,10,1,0
00:50:00,501209011,11,1,14,1,0
00:50:00,501209014,8,1,4,1,0
00:50:00,501209015,8,0,7,1,0
00:50:00,501209016,2,1,27,1,0
00:50:00,501209017,5,0,7,1,0
00:50:00,501209018,8,0,9,1,0
00:50:00,501209019,5,0,20,1,0
00:50:00,501209020,7,0,24,1,0
00:50:00,501209021,4,0,10,1,0
00:50:00,501209022,6,1,4,1,0
00:50:00,501209023,13,1,25,1,0
00:50:00,501209024,11,2,31,1,0
00:50:00,501209025,5,0,8,1,0
00:50:00,501209026,11,0,15,1,0
00:50:00,501209027,7,1,12,1,0
00:50:00,501209028,3,0,24,1,0
00:50:00,501209030,11,3,7,1,0
00:50:00,501209031,14,0,15,1,0
00:50:00,501209032,6,1,22,1,0
00:50:00,501209033,11,0,9,1,0
00:50:00,501209034,3,3,12,1,0
00:50:00,501209035,6,0,22,1,0
00:50:00,501209036,7,1,21,1,0
00:50:00,501209037,4,0,31,1,0
00:50:00,501209038,5,0,11,1,0
00:50:00,501209039,14,2,16,1,0
00:50:00,501209040,11,1,20,1,0
00:50:00,501209042,1,0,18,1,0
00:50:00,501209043,10,1,14,1,0
00:50:00,501209044,9,1,6,1,0
00:50:00,501209045,7,1,8,1,0
00:50:00,501209046,8,0,14,1,0
00:50:00,501209047,6,0,7,1,0
00:50:00,501209049,5,1,15,1,0
00:50:00,501209050,9,2,4,1,0
00:50:00,501209051,22,2,2,1,0
00:50:00,501209052,21,4,1,1,0
00:50:00,501209053,2,1,18,1,0
00:50:00,501209054,22,0,5,1,0
00:50:00,501209056,10,0,5,1,0
00:50:00,501209058,10,0,6,1,0
00:50:00,501209059,5,0,10,1,0
00:50:00,501209060,5,0,15,1,0
00:50:00,501209062,7,0,8,1,0
00:50:00,501209064,10,2,5,1,0
00:50:00,501209065,15,0,0,1,0
00:50:00,501209066,14,3,0,1,0
00:50:00,501209067,14,0,1,1,0
00:50:00,501209068,2,0,14,1,0
00:50:00,501209069,3,0,60,1,0
00:50:00,501209070,5,1,12,1,0
00:50:00,501209071,9,2,7,1,0
00:50:00,501209073,1,1,14,1,0
00:50:00,501209074,9,1,14,1,0
00:50:00,501209075,11,0,4,1,0
00:50:00,501209076,7,0,15,1,0
00:50:00,501209077,1,1,14,1,0
00:50:00,501209078,8,1,5,1,0
00:50:00,501209079,1,0,22,1,0
00:50:00,501209080,5,0,22,1,0
00:50:00,501209081,6,0,9,1,0
00:50:00,501209084,11,0,12,1,0
00:50:00,501209085,10,1,18,1,0
00:50:00,501209087,13,0,24,1,0
00:50:00,501209088,4,2,11,1,0
00:50:00,501209089,0,0,19,1,0
00:50:00,501209090,5,1,8,1,0
00:50:00,501209091,6,0,10,1,0
00:50:00,501209092,11,1,5,1,0
00:50:00,501209093,10,0,5,1,0
00:50:00,501209094,6,0,9,1,0
00:50:00,501209095,9,0,4,1,0
00:50:00,501209096,9,0,5,1,0
00:50:00,501209097,5,1,10,1,0
00:50:00,501209098,1,0,13,1,0
00:50:00,501209099,1,0,18,1,0
00:50:00,501209100,4,0,10,1,0
00:50:00,501209101,5,0,9,1,0
00:50:00,501209102,4,0,16,1,0
00:50:00,501209104,2,1,17,1,0
00:50:00,501209105,11,1,13,1,0
00:50:00,501209106,5,1,15,1,0
00:50:00,501211001,37,6,1,1,0
00:50:00,501211002,5,0,10,1,0
00:50:00,501211004,6,0,9,1,0
00:50:00,501211005,5,0,13,1,0
00:50:00,501211006,12,1,2,1,0
00:50:00,501211007,17,4,1,1,0
00:50:00,501211009,12,0,6,1,0
00:50:00,501211011,20,3,10,1,0
00:50:00,501211012,10,1,8,1,0
01:00:00,501201001,0,0,0,2,0
01:00:00,501201002,9,2,31,1,0
01:00:00,501201003,16,1,7,1,0
01:00:00,501201004,3,0,10,1,0
01:00:00,501201005,3,0,16,1,0
01:00:00,501201006,8,0,20,1,0
01:00:00,501201007,8,2,10,1,0
01:00:00,501201008,5,0,20,1,0
01:00:00,501201010,3,0,7,1,0
01:00:00,501201011,6,2,16,1,0
01:00:00,501201012,10,1,29,1,0
01:00:00,501201013,3,0,19,1,0
01:00:00,501201014,8,2,11,1,0
01:00:00,501201015,11,1,14,1,0
01:00:00,501201016,11,0,14,1,0
01:00:00,501201017,9,0,17,1,0
01:00:00,501201018,4,0,19,1,0
01:00:00,501201019,9,1,19,1,0
01:00:00,501201020,8,0,16,1,0
01:00:00,501201021,9,1,6,1,0
01:00:00,501201022,3,0,13,1,0
01:00:00,501201023,8,2,20,1,0
01:00:00,501201024,6,3,18,1,0
01:00:00,501201025,16,4,7,1,0
01:00:00,501201026,12,0,6,1,0
01:00:00,501201028,9,2,11,1,0
01:00:00,501201029,2,1,11,1,0
01:00:00,501201030,1,1,13,1,0
01:00:00,501201031,11,0,6,1,0
01:00:00,501202001,8,1,6,1,0
01:00:00,501202003,1,0,38,1,0
01:00:00,501202013,3,0,14,1,0
01:00:00,501202023,11,2,4,1,0
01:00:00,501202024,7,1,8,1,0
01:00:00,501202034,0,0,16,1,0
01:00:00,501202035,17,0,13,1,0
01:00:00,501202036,4,0,33,1,0
01:00:00,501202040,6,1,39,1,0
01:00:00,501202043,15,0,10,1,0
01:00:00,501202044,0,0,0,2,0
01:00:00,501202047,2,0,20,1,0
01:00:00,501202050,3,2,13,1,0
01:00:00,501202055,11,0,3,1,0
01:00:00,501202058,9,0,6,1,0
01:00:00,501202065,6,0,8,1,0
01:00:00,501202068,3,0,15,1,0
01:00:00,501202070,3,0,13,1,0
01:00:00,501202078,6,2,19,1,0
01:00:00,501202080,13,0,13,1,0
01:00:00,501202081,8,0,15,1,0
01:00:00,501202082,4,0,19,1,0
01:00:00,501202083,15,1,9,1,0
01:00:00,501202084,3,0,21,1,0
01:00:00,501202085,23,1,12,1,0
01:00:00,501202088,6,0,23,1,0
01:00:00,501202089,13,0,16,1,0
01:00:00,501202096,7,2,8,1,0
01:00:00,501203001,1,1,19,1,0
01:00:00,501203002,8,0,14,1,0
01:00:00,501203003,1,0,92,1,0
01:00:00,501203005,3,0,17,1,0
01:00:00,501203006,8,0,7,1,0
01:00:00,501203007,6,0,9,1,0
01:00:00,501203008,10,3,6,1,0
01:00:00,501203010,20,5,12,1,0
01:00:00,501203011,16,3,21,1,0
01:00:00,501203012,10,0,7,1,0
01:00:00,501203013,18,0,6,1,0
01:00:00,501203015,9,2,3,1,0
01:00:00,501203020,10,1,10,1,0
01:00:00,501203022,2,0,17,1,0
01:00:00,501203023,4,0,14,1,0
01:00:00,501203028,9,1,16,1,0
01:00:00,501203040,2,2,20,1,0
01:00:00,501203045,14,1,4,1,0
01:00:00,501203050,26,1,34,1,0
01:00:00,501203051,6,0,18,1,0
01:00:00,501203053,4,0,22,1,0
01:00:00,501203054,5,0,14,1,0
01:00:00,501203064,13,0,3,1,0
01:00:00,501203065,7,0,9,1,0
01:00:00,501203070,6,2,9,1,0
01:00:00,501203073,8,2,16,1,0
01:00:00,501203076,12,0,4,1,0
01:00:00,501203078,3,0,13,1,0
01:00:00,501203080,5,1,10,1,0
01:00:00,501203084,5,1,6,1,0
01:00:00,501203085,4,0,6,1,0
01:00:00,501203088,1,1,13,1,0
01:00:00,501203089,6,0,6,1,0
01:00:00,501203090,2,0,8,1,0
01:00:00,501203091,4,1,7,1,0
01:00:00,501203092,2,0,18,1,0
01:00:00,501203100,1,0,18,1,0
01:00:00,501203101,0,0,0,2,0
01:00:00,501203102,11,0,7,1,0
01:00:00,501203104,4,1,15,1,0
01:00:00,501203105,3,0,8,1,0
01:00:00,501203107,0,0,0,2,0
01:00:00,501203109,10,2,15,1,0
01:00:00,501203110,5,1,37,1,0
01:00:00,501203111,10,2,1,1,0
01:00:00,501203113,7,1,12,1,0
01:00:00,501203114,10,0,40,1,0
01:00:00,501203117,0,0,0,2,0
01:00:00,501203118,6,0,14,1,0
01:00:00,501203121,19,0,5,1,0
01:00:00,501203122,4,0,16,1,0
01:00:00,501203125,17,2,8,1,0
01:00:00,501203131,10,0,10,1,0
01:00:00,501203140,2,0,40,1,0
01:00:00,501203141,9,0,6,1,0
01:00:00,501203142,4,1,69,1,0
01:00:00,501203145,11,0,3,1,0
01:00:00,501203151,10,1,8,1,0
01:00:00,501203155,8,0,11,1,0
01:00:00,501203157,3,0,14,1,0
01:00:00,501203159,2,1,18,1,0
01:00:00,501203161,6,0,13,1,0
01:00:00,501203162,0,0,21,1,0
01:00:00,501203163,2,1,14,1,0
01:00:00,501204001,18,0,6,1,0
01:00:00,501204002,33,0,1,1,0
01:00:00,501204003,19,2,25,1,0
01:00:00,501204004,5,0,9,1,0
01:00:00,501204005,17,1,0,1,0
01:00:00,501204007,8,1,27,1,0
01:00:00,501204008,2,0,12,1,0
01:00:00,501204009,0,0,0,2,0
01:00:00,501204010,0,0,0,2,0
01:00:00,501204011,10,2,4,1,0
01:00:00,501204012,1,1,11,1,0
01:00:00,501204013,11,3,1,1,0
01:00:00,501204014,5,0,11,1,0
01:00:00,501204015,11,0,4,1,0
01:00:00,501204016,11,1,6,1,0
01:00:00,501204017,5,0,10,1,0
01:00:00,501204018,21,3,1,1,0
01:00:00,501204020,2,1,18,1,0
01:00:00,501204021,1,0,18,1,0
01:00:00,501204022,6,1,10,1,0
01:00:00,501204023,12,0,2,1,0
01:00:00,501204024,0,0,0,2,0
01:00:00,501204025,6,0,14,1,0
01:00:00,501205001,7,0,10,1,0
01:00:00,501205003,12,1,7,1,0
01:00:00,501205004,16,1,0,1,0
01:00:00,501205005,2,0,20,1,0
01:00:00,501205006,11,0,9,1,0
01:00:00,501205007,7,1,5,1,0
01:00:00,501205008,11,1,15,1,0
01:00:00,501205009,7,0,38,1,0
01:00:00,501205010,7,0,7,1,0
01:00:00,501205011,4,0,27,1,0
01:00:00,501205012,13,1,6,1,0
01:00:00,501205013,4,0,17,1,0
01:00:00,501205014,18,4,5,1,0
01:00:00,501205015,10,1,7,1,0
01:00:00,501205018,5,0,13,1,0
01:00:00,501205019,0,0,28,1,0
01:00:00,501205020,3,0,26,1,0
01:00:00,501205021,5,0,10,1,0
01:00:00,501205022,9,1,6,1,0
01:00:00,501205023,5,0,10,1,0
01:00:00,501205025,14,0,14,1,0
01:00:00,501205026,7,2,11,1,0
01:00:00,501205027,4,0,6,1,0
01:00:00,501205028,8,0,7,1,0
01:00:00,501205029,4,1,6,1,0
01:00:00,501205030,9,0,1,1,0
01:00:00,501205033,4,0,11,1,0
01:00:00,501205034,6,1,22,1,0
01:00:00,501205035,6,3,10,1,0
01:00:00,501205036,6,1,9,1,0
01:00:00,501205037,2,0,13,1,0
01:00:00,501205038,4,3,16,1,0
01:00:00,501205039,5,0,15,1,0
01:00:00,501205040,15,2,10,1,0
01:00:00,501205041,11,0,6,1,0
01:00:00,501205042,6,1,22,1,0
01:00:00,501208011,24,2,13,1,0
01:00:00,501208013,22,2,32,1,0
01:00:00,501208014,11,1,27,1,0
01:00:00,501208015,7,0,7,1,0
01:00:00,501208018,7,0,8,1,0
01:00:00,501208021,1,0,16,1,0
01:00:00,501208027,26,0,2,1,0
01:00:00,501208029,15,0,7,1,0
01:00:00,501208030,25,1,13,1,0
01:00:00,501208032,0,0,27,1,0
01:00:00,501208040,9,0,10,1,0
01:00:00,501208041,2,0,13,1,0
01:00:00,501208045,14,0,18,1,0
01:00:00,501208051,14,1,20,1,0
01:00:00,501208053,3,0,18,1,0
01:00:00,501208054,8,1,20,1,0
01:00:00,501208059,1,0,28,1,0
01:00:00,501208064,3,0,17,1,0
01:00:00,501208077,5,1,5,1,0
01:00:00,501208079,9,0,13,1,0
01:00:00,501208082,3,1,7,1,0
01:00:00,501208085,8,0,9,1,0
01:00:00,501208087,1,0,28,1,0
01:00:00,501208089,17,2,8,1,0
01:00:00,501208091,15,1,28,1,0
01:00:00,501208111,7,0,8,1,0
01:00:00,501208113,6,0,14,1,0
01:00:00,501208114,10,2,10,1,0
01:00:00,501208129,0,0,19,1,0
01:00:00,501208130,4,1,10,1,0
01:00:00,501209002,10,1,10,1,0
01:00:00,501209003,10,3,2,1,0
01:00:00,501209004,5,0,10,1,0
01:00:00,501209005,6,2,12,1,0
01:00:00,501209006,6,3,13,1,0
01:00:00,501209007,10,2,4,1,0
01:00:00,501209009,0,0,0,2,0
01:00:00,501209010,4,1,10,1,0
01:00:00,501209011,11,1,14,1,0
01:00:00,501209014,8,1,4,1,0
01:00:00,501209015,8,0,7,1,0
01:00:00,501209016,2,1,27,1,0
01:00:00,501209017,5,0,7,1,0
01:00:00,501209018,8,0,9,1,0
01:00:00,501209019,5,0,20,1,0
01:00:00,501209020,7,0,24,1,0
01:00:00,501209021,4,0,10,1,0
01:00:00,501209022,6,1,4,1,0
01:00:00,501209023,29,1,9,1,0
01:00:00,501209024,10,1,32,1,0
01:00:00,501209025,5,0,8,1,0
01:00:00,501209026,11,0,15,1,0
01:00:00,501209027,7,1,12,1,0
01:00:00,501209028,3,0,24,1,0
01:00:00,501209030,11,3,7,1,0
01:00:00,501209031,14,0,15,1,0
01:00:00,501209032,6,1,22,1,0
01:00:00,501209033,11,0,9,1,0
01:00:00,501209034,3,3,12,1,0
01:00:00,501209035,6,0,22,1,0
01:00:00,501209036,7,1,21,1,0
01:00:00,501209037,4,0,31,1,0
01:00:00,501209038,5,0,11,1,0
01:00:00,501209039,14,2,16,1,0
01:00:00,501209040,11,1,20,1,0
01:00:00,501209042,1,0,18,1,0
01:00:00,501209043,10,1,14,1,0
01:00:00,501209044,9,1,6,1,0
01:00:00,501209045,7,1,8,1,0
01:00:00,501209046,8,0,14,1,0
01:00:00,501209047,6,0,7,1,0
01:00:00,501209049,5,1,15,1,0
01:00:00,501209050,9,2,4,1,0
01:00:00,501209051,22,2,2,1,0
01:00:00,501209052,21,4,1,1,0
01:00:00,501209053,2,1,18,1,0
01:00:00,501209054,10,0,17,1,0
01:00:00,501209056,10,0,5,1,0
01:00:00,501209058,10,0,6,1,0
01:00:00,501209059,5,0,10,1,0
01:00:00,501209060,5,0,15,1,0
01:00:00,501209062,7,0,8,1,0
01:00:00,501209064,10,2,5,1,0
01:00:00,501209065,15,0,0,1,0
01:00:00,501209066,14,3,0,1,0
01:00:00,501209067,14,0,1,1,0
01:00:00,501209068,3,0,13,1,0
01:00:00,501209069,3,0,60,1,0
01:00:00,501209070,5,1,12,1,0
01:00:00,501209071,9,2,7,1,0
01:00:00,501209073,1,1,14,1,0
01:00:00,501209074,9,1,14,1,0
01:00:00,501209075,11,0,4,1,0
01:00:00,501209076,7,0,15,1,0
01:00:00,501209077,1,1,14,1,0
01:00:00,501209078,8,1,5,1,0
01:00:00,501209079,1,0,22,1,0
01:00:00,501209080,5,0,22,1,0
01:00:00,501209081,6,0,9,1,0
01:00:00,501209084,11,0,12,1,0
01:00:00,501209085,9,1,19,1,0
01:00:00,501209087,13,0,24,1,0
01:00:00,501209088,4,2,11,1,0
01:00:00,501209089,0,0,19,1,0
01:00:00,501209090,4,0,9,1,0
01:00:00,501209091,6,0,10,1,0
01:00:00,501209092,11,1,5,1,0
01:00:00,501209093,10,0,5,1,0
01:00:00,501209094,6,0,9,1,0
01:00:00,501209095,9,0,4,1,0
01:00:00,501209096,9,0,5,1,0
01:00:00,501209097,5,1,10,1,0
01:00:00,501209098,1,0,13,1,0
01:00:00,501209099,1,0,18,1,0
01:00:00,501209100,4,0,10,1,0
01:00:00,501209101,5,0,9,1,0
01:00:00,501209102,4,0,16,1,0
01:00:00,501209104,2,1,17,1,0
01:00:00,501209105,11,1,13,1,0
01:00:00,501209106,5,1,15,1,0
01:00:00,501211001,37,6,1,1,0
01:00:00,501211002,5,0,10,1,0
01:00:00,501211004,7,1,8,1,0
01:00:00,501211005,5,0,13,1,0
01:00:00,501211006,12,1,2,1,0
01:00:00,501211007,17,4,1,1,0
01:00:00,501211009,12,0,6,1,0
01:00:00,501211011,20,3,10,1,0
01:00:00,501211012,10,1,8,1,0
01:10:00,501201001,0,0,0,2,0
01:10:00,501201002,12,3,28,1,0
01:10:00,501201003,16,1,7,1,0
01:10:00,501201004,3,0,10,1,0
01:10:00,501201005,3,0,16,1,0
01:10:00,501201006,8,0,20,1,0
01:10:00,501201007,10,2,8,1,0
01:10:00,501201008,5,0,20,1,0
01:10:00,501201010,3,0,7,1,0
01:10:00,501201011,6,2,16,1,0
01:10:00,501201012,10,1,29,1,0
01:10:00,501201013,3,0,19,1,0
01:10:00,501201014,8,2,11,1,0
01:10:00,501201015,11,1,14,1,0
01:10:00,501201016,11,0,14,1,0
01:10:00,501201017,9,0,17,1,0
01:10:00,501201018,4,0,19,1,0
01:10:00,501201019,9,1,19,1,0
01:10:00,501201020,8,0,16,1,0
01:10:00,501201021,9,1,6,1,0
01:10:00,501201022,3,0,13,1,0
01:10:00,501201023,8,2,20,1,0
01:10:00,501201024,6,3,18,1,0
01:10:00,501201025,16,4,7,1,0
01:10:00,501201026,12,0,6,1,0
01:10:00,501201028,9,2,11,1,0
01:10:00,501201029,2,1,11,1,0
01:10:00,501201030,1,1,13,1,0
01:10:00,501201031,11,0,6,1,0
01:10:00,501202001,8,1,6,1,0
01:10:00,501202003,1,0,38,1,0
01:10:00,501202013,3,0,14,1,0
01:10:00,501202023,11,2,4,1,0
01:10:00,501202024,7,1,8,1,0
01:10:00,501202034,0,0,16,1,0
01:10:00,501202035,17,0,13,1,0
01:10:00,501202036,4,0,33,1,0
01:10:00,501202040,6,1,39,1,0
01:10:00,501202043,15,0,10,1,0
01:10:00,501202044,0,0,0,2,0
01:10:00,501202047,2,0,20,1,0
01:10:00,501202050,2,1,14,1,0
01:10:00,501202055,11,0,3,1,0
01:10:00,501202058,9,0,6,1,0
01:10:00,501202065,6,0,8,1,0
01:10:00,501202068,3,0,15,1,0
01:10:00,501202070,3,0,13,1,0
01:10:00,501202078,6,2,19,1,0
01:10:00,501202080,13,0,13,1,0
01:10:00,501202081,8,0,15,1,0
01:10:00,501202082,4,0,19,1,0
01:10:00,501202083,15,1,9,1,0
01:10:00,501202084,3,0,21,1,0
01:10:00,501202085,23,1,12,1,0
01:10:00,501202088,6,0,23,1,0
01:10:00,501202089,13,0,16,1,0
01:10:00,501202096,7,2,8,1,0
01:10:00,501203001,0,0,20,1,0
01:10:00,501203002,8,0,14,1,0
01:10:00,501203003,1,0,92,1,0
01:10:00,501203005,3,0,17,1,0
01:10:00,501203006,8,0,7,1,0
01:10:00,501203007,7,0,8,1,0
01:10:00,501203008,10,3,6,1,0
01:10:00,501203010,19,4,12,1,0
01:10:00,501203011,16,3,21,1,0
01:10:00,501203012,10,0,7,1,0
01:10:00,501203013,18,0,6,1,0
01:10:00,501203015,9,2,3,1,0
01:10:00,501203020,11,2,9,1,0
01:10:00,501203022,2,0,17,1,0
01:10:00,501203023,4,0,14,1,0
01:10:00,501203028,9,1,16,1,0
01:10:00,501203040,1,1,21,1,0
01:10:00,501203045,14,1,4,1,0
01:10:00,501203050,26,1,34,1,0
01:10:00,501203051,6,0,18,1,0
01:10:00,501203053,4,0,22,1,0
01:10:00,501203054,5,0,14,1,0
01:10:00,501203064,13,0,3,1,0
01:10:00,501203065,7,0,9,1,0
01:10:00,501203070,6,2,9,1,0
01:10:00,501203073,8,2,16,1,0
01:10:00,501203076,12,0,4,1,0
01:10:00,501203078,3,0,13,1,0
01:10:00,501203080,5,1,10,1,0
01:10:00,501203084,6,1,5,1,0
01:10:00,501203085,4,0,6,1,0
01:10:00,501203088,1,1,13,1,0
01:10:00,501203089,6,0,6,1,0
01:10:00,501203090,2,0,8,1,0
01:10:00,501203091,4,1,7,1,0
01:10:00,501203092,2,0,18,1,0
01:10:00,501203100,1,0,18,1,0
01:10:00,501203101,0,0,0,2,0
01:10:00,501203102,11,0,7,1,0
01:10:00,501203104,4,1,15,1,0
01:10:00,501203105,3,0,8,1,0
01:10:00,501203107,0,0,0,2,0
01:10:00,501203109,10,2,15,1,0
01:10:00,501203110,5,1,37,1,0
01:10:00,501203111,10,2,1,1,0
01:10:00,501203113,7,1,12,1,0
01:10:00,501203114,10,0,40,1,0
01:10:00,501203117,0,0,0,2,0
01:10:00,501203118,6,0,14,1,0
01:10:00,501203121,19,0,5,1,0
01:10:00,501203122,4,0,16,1,0
01:10:00,501203125,17,2,8,1,0
01:10:00,501203131,10,0,10,1,0
01:10:00,501203140,2,0,40,1,0
01:10:00,501203141,9,0,6,1,0
01:10:00,501203142,4,1,69,1,0
01:10:00,501203145,11,0,3,1,0
01:10:00,501203151,10,1,8,1,0
01:10:00,501203155,8,0,11,1,0
01:10:00,501203157,3,0,14,1,0
01:10:00,501203159,1,1,19,1,0
01:10:00,501203161,6,0,13,1,0
01:10:00,501203162,0,0,21,1,0
01:10:00,501203163,2,1,14,1,0
01:10:00,501204001,18,0,6,1,0
01:10:00,501204002,32,0,2,1,0
01:10:00,501204003,19,2,25,1,0
01:10:00,501204004,5,0,9,1,0
01:10:00,501204005,17,1,0,1,0
01:10:00,501204007,8,0,27,1,0
01:10:00,501204008,4,0,10,1,0
01:10:00,501204009,0,0,0,2,0
01:10:00,501204010,0,0,0,2,0
01:10:00,501204011,11,2,3,1,0
01:10:00,501204012,1,1,11,1,0
01:10:00,501204013,11,3,1,1,0
01:10:00,501204014,4,0,12,1,0
01:10:00,501204015,12,0,3,1,0
01:10:00,501204016,11,1,6,1,0
01:10:00,501204017,4,0,11,1,0
01:10:00,501204018,21,3,1,1,0
01:10:00,501204020,2,1,18,1,0
01:10:00,501204021,1,0,18,1,0
01:10:00,501204022,6,1,10,1,0
01:10:00,501204023,12,0,2,1,0
01:10:00,501204024,0,0,0,2,0
01:10:00,501204025,7,0,13,1,0
01:10:00,501205001,7,0,10,1,0
01:10:00,501205003,12,1,7,1,0
01:10:00,501205004,16,1,0,1,0
01:10:00,501205005,2,0,20,1,0
01:10:00,501205006,11,0,9,1,0
01:10:00,501205007,6,0,6,1,0
01:10:00,501205008,11,1,15,1,0
01:10:00,501205009,7,0,38,1,0
01:10:00,501205010,7,0,7,1,0
01:10:00,501205011,4,0,27,1,0
01:10:00,501205012,13,1,6,1,0
01:10:00,501205013,4,0,17,1,0
01:10:00,501205014,18,4,5,1,0
01:10:00,501205015,10,1,7,1,0
01:10:00,501205018,5,0,13,1,0
01:10:00,501205019,0,0,28,1,0
01:10:00,501205020,3,0,26,1,0
01:10:00,501205021,5,0,10,1,0
01:10:00,501205022,10,2,5,1,0
01:10:00,501205023,5,0,10,1,0
01:10:00,501205025,12,0,16,1,0
01:10:00,501205026,7,2,11,1,0
01:10:00,501205027,3,0,7,1,0
01:10:00,501205028,8,0,7,1,0
01:10:00,501205029,4,1,6,1,0
01:10:00,501205030,9,0,1,1,0
01:10:00,501205033,4,0,11,1,0
01:10:00,501205034,6,1,22,1,0
01:10:00,501205035,6,3,10,1,0
01:10:00,501205036,6,1,9,1,0
01:10:00,501205037,2,0,13,1,0
01:10:00,501205038,4,3,16,1,0
01:10:00,501205039,5,0,15,1,0
01:10:00,501205040,15,2,10,1,0
01:10:00,501205041,10,0,7,1,0
01:10:00,501205042,6,1,22,1,0
01:10:00,501208011,24,2,13,1,0
01:10:00,501208013,22,2,32,1,0
01:10:00,501208014,11,1,27,1,0
01:10:00,501208015,7,0,7,1,0
01:10:00,501208018,7,0,8,1,0
01:10:00,501208021,1,0,16,1,0
01:10:00,501208027,26,0,2,1,0
01:10:00,501208029,15,0,7,1,0
01:10:00,501208030,25,1,13,1,0
01:10:00,501208032,0,0,27,1,0
01:10:00,501208040,9,0,10,1,0
01:10:00,501208041,2,0,13,1,0
01:10:00,501208045,14,0,18,1,0
01:10:00,501208051,14,1,20,1,0
01:10:00,501208053,4,0,17,1,0
01:10:00,501208054,8,1,20,1,0
01:10:00,501208059,1,0,28,1,0
01:10:00,501208064,3,0,17,1,0
01:10:00,501208077,5,1,5,1,0
01:10:00,501208079,9,0,13,1,0
01:10:00,501208082,3,1,7,1,0
01:10:00,501208085,8,0,9,1,0
01:10:00,501208087,1,0,28,1,0
01:10:00,501208089,17,2,8,1,0
01:10:00,501208091,15,1,28,1,0
01:10:00,501208111,7,0,8,1,0
01:10:00,501208113,6,0,14,1,0
01:10:00,501208114,10,2,10,1,0
01:10:00,501208129,0,0,19,1,0
01:10:00,501208130,4,1,10,1,0
01:10:00,501209002,10,1,10,1,0
01:10:00,501209003,12,5,2,1,0
01:10:00,501209004,5,0,10,1,0
01:10:00,501209005,6,2,12,1,0
01:10:00,501209006,6,3,13,1,0
01:10:00,501209007,10,2,4,1,0
01:10:00,501209009,0,0,0,2,0
01:10:00,501209010,4,1,10,1,0
01:10:00,501209011,11,1,14,1,0
01:10:00,501209014,8,1,4,1,0
01:10:00,501209015,8,0,7,1,0
01:10:00,501209016,2,1,27,1,0
01:10:00,501209017,5,0,7,1,0
01:10:00,501209018,8,0,9,1,0
01:10:00,501209019,5,0,20,1,0
01:10:00,501209020,7,0,24,1,0
01:10:00,501209021,4,0,10,1,0
01:10:00,501209022,6,1,4,1,0
01:10:00,501209023,33,4,8,1,0
01:10:00,501209024,10,1,32,1,0
01:10:00,501209025,5,0,8,1,0
01:10:00,501209026,11,0,15,1,0
01:10:00,501209027,7,1,12,1,0
01:10:00,501209028,3,0,24,1,0
01:10:00,501209030,11,3,7,1,0
01:10:00,501209031,14,0,15,1,0
01:10:00,501209032,6,1,22,1,0
01:10:00,501209033,12,1,8,1,0
01:10:00,501209034,3,3,12,1,0
01:10:00,501209035,5,0,23,1,0
01:10:00,501209036,7,1,21,1,0
01:10:00,501209037,4,0,31,1,0
01:10:00,501209038,5,0,11,1,0
01:10:00,501209039,14,2,16,1,0
01:10:00,501209040,11,1,20,1,0
01:10:00,501209042,1,0,18,1,0
01:10:00,501209043,10,1,14,1,0
01:10:00,501209044,9,1,6,1,0
01:10:00,501209045,6,0,9,1,0
01:10:00,501209046,8,0,14,1,0
01:10:00,501209047,6,0,7,1,0
01:10:00,501209049,6,1,14,1,0
01:10:00,501209050,9,2,4,1,0
01:10:00,501209051,22,1,2,1,0
01:10:00,501209052,21,4,1,1,0
01:10:00,501209053,2,1,18,1,0
01:10:00,501209054,9,0,18,1,0
01:10:00,501209056,10,0,5,1,0
01:10:00,501209058,10,0,6,1,0
01:10:00,501209059,5,0,10,1,0
01:10:00,501209060,5,0,15,1,0
01:10:00,501209062,7,0,8,1,0
01:10:00,501209064,10,2,5,1,0
01:10:00,501209065,15,0,0,1,0
01:10:00,501209066,14,3,0,1,0
01:10:00,501209067,14,0,1,1,0
01:10:00,501209068,3,0,13,1,0
01:10:00,501209069,3,0,60,1,0
01:10:00,501209070,5,1,12,1,0
01:10:00,501209071,9,2,7,1,0
01:10:00,501209073,2,1,13,1,0
01:10:00,501209074,9,1,14,1,0
01:10:00,501209075,11,0,4,1,0
01:10:00,501209076,7,0,15,1,0
01:10:00,501209077,1,1,14,1,0
01:10:00,501209078,8,1,5,1,0
01:10:00,501209079,1,0,22,1,0
01:10:00,501209080,5,0,22,1,0
01:10:00,501209081,6,0,9,1,0
01:10:00,501209084,11,0,12,1,0
01:10:00,501209085,9,1,19,1,0
01:10:00,501209087,13,0,24,1,0
01:10:00,501209088,4,2,11,1,0
01:10:00,501209089,0,0,19,1,0
01:10:00,501209090,4,0,9,1,0
01:10:00,501209091,6,0,10,1,0
01:10:00,501209092,11,1,5,1,0
01:10:00,501209093,10,0,5,1,0
01:10:00,501209094,5,0,10,1,0
01:10:00,501209095,9,0,4,1,0
01:10:00,501209096,9,0,5,1,0
01:10:00,501209097,5,1,10,1,0
01:10:00,501209098,1,0,13,1,0
01:10:00,501209099,1,0,18,1,0
01:10:00,501209100,4,0,10,1,0
01:10:00,501209101,5,0,9,1,0
01:10:00,501209102,4,0,16,1,0
01:10:00,501209104,2,1,17,1,0
01:10:00,501209105,10,1,14,1,0
01:10:00,501209106,5,1,15,1,0
01:10:00,501211001,37,6,1,1,0
01:10:00,501211002,5,0,10,1,0
01:10:00,501211004,7,1,8,1,0
01:10:00,501211005,5,0,13,1,0
01:10:00,501211006,12,1,2,1,0
01:10:00,501211007,17,4,1,1,0
01:10:00,501211009,12,0,6,1,0
01:10:00,501211011,20,3,10,1,0
01:10:00,501211012,10,1,8,1,0
01:20:00,501201001,0,0,0,2,0
01:20:00,501201002,12,3,28,1,0
01:20:00,501201003,16,1,7,1,0
01:20:00,501201004,3,0,10,1,0
01:20:00,501201005,3,0,16,1,0
01:20:00,501201006,8,0,20,1,0
01:20:00,501201007,10,2,8,1,0
01:20:00,501201008,5,0,20,1,0
01:20:00,501201010,3,0,7,1,0
01:20:00,501201011,6,2,16,1,0
01:20:00,501201012,10,1,29,1,0
01:20:00,501201013,3,0,19,1,0
01:20:00,501201014,8,1,11,1,0
01:20:00,501201015,11,1,14,1,0
01:20:00,501201016,11,0,14,1,0
01:20:00,501201017,9,0,17,1,0
01:20:00,501201018,4,0,19,1,0
01:20:00,501201019,9,1,19,1,0
01:20:00,501201020,8,0,16,1,0
01:20:00,501201021,9,1,6,1,0
01:20:00,501201022,3,0,13,1,0
01:20:00,501201023,8,2,20,1,0
01:20:00,501201024,6,3,18,1,0
01:20:00,501201025,16,4,7,1,0
01:20:00,501201026,12,0,6,1,0
01:20:00,501201028,10,2,10,1,0
01:20:00,501201029,2,1,11,1,0
01:20:00,501201030,1,1,13,1,0
01:20:00,501201031,10,0,7,1,0
01:20:00,501202001,8,1,6,1,0
01:20:00,501202003,1,0,38,1,0
01:20:00,501202013,3,0,14,1,0
01:20:00,501202023,11,2,4,1,0
01:20:00,501202024,7,1,8,1,0
01:20:00,501202034,0,0,16,1,0
01:20:00,501202035,17,0,13,1,0
01:20:00,501202036,4,0,33,1,0
01:20:00,501202040,6,1,39,1,0
01:20:00,501202043,15,0,10,1,0
01:20:00,501202044,0,0,0,2,0
01:20:00,501202047,3,1,19,1,0
01:20:00,501202050,2,1,14,1,0
01:20:00,501202055,11,0,3,1,0
01:20:00,501202058,9,0,6,1,0
01:20:00,501202065,6,0,8,1,0
01:20:00,501202068,3,0,15,1,0
01:20:00,501202070,3,0,13,1,0
01:20:00,501202078,6,2,19,1,0
01:20:00,501202080,12,0,14,1,0
01:20:00,501202081,8,0,15,1,0
01:20:00,501202082,4,0,19,1,0
01:20:00,501202083,15,1,9,1,0
01:20:00,501202084,3,0,21,1,0
01:20:00,501202085,23,1,12,1,0
01:20:00,501202088,6,0,23,1,0
01:20:00,501202089,13,0,16,1,0
01:20:00,501202096,7,2,8,1,0
01:20:00,501203001,0,0,20,1,0
01:20:00,501203002,8,0,14,1,0
01:20:00,501203003,1,0,92,1,0
01:20:00,501203005,3,0,17,1,0
01:20:00,501203006,8,0,7,1,0
01:20:00,501203007,7,0,8,1,0
01:20:00,501203008,10,3,6,1,0
01:20:00,501203010,19,4,12,1,0
01:20:00,501203011,16,3,21,1,0
01:20:00,501203012,10,0,7,1,0
01:20:00,501203013,18,0,6,1,0
01:20:00,501203015,9,2,3,1,0
01:20:00,501203020,11,2,9,1,0
01:20:00,501203022,2,0,17,1,0
01:20:00,501203023,5,1,13,1,0
01:20:00,501203028,10,1,15,1,0
01:20:00,501203040,1,1,21,1,0
01:20:00,501203045,14,1,4,1,0
01:20:00,501203050,26,1,34,1,0
01:20:00,501203051,6,0,18,1,0
01:20:00,501203053,4,0,22,1,0
01:20:00,501203054,5,0,14,1,0
01:20:00,501203064,13,0,3,1,0
01:20:00,501203065,7,0,9,1,0
01:20:00,501203070,6,2,9,1,0
01:20:00,501203073,8,2,16,1,0
01:20:00,501203076,12,0,4,1,0
01:20:00,501203078,3,0,13,1,0
01:20:00,501203080,6,2,9,1,0
01:20:00,501203084,6,1,5,1,0
01:20:00,501203085,4,0,6,1,0
01:20:00,501203088,1,1,13,1,0
01:20:00,501203089,6,0,6,1,0
01:20:00,501203090,2,0,8,1,0
01:20:00,501203091,4,1,7,1,0
01:20:00,501203092,2,0,18,1,0
01:20:00,501203100,1,0,18,1,0
01:20:00,501203101,0,0,0,2,0
01:20:00,501203102,11,0,7,1,0
01:20:00,501203104,4,1,15,1,0
01:20:00,501203105,3,0,8,1,0
01:20:00,501203107,0,0,0,2,0
01:20:00,501203109,12,4,13,1,0
01:20:00,501203110,5,1,37,1,0
01:20:00,501203111,10,2,1,1,0
01:20:00,501203113,7,1,12,1,0
01:20:00,501203114,10,0,40,1,0
01:20:00,501203117,0,0,0,2,0
01:20:00,501203118,6,0,14,1,0
01:20:00,501203121,19,0,5,1,0
01:20:00,501203122,4,0,16,1,0
01:20:00,501203125,17,2,8,1,0
01:20:00,501203131,10,0,10,1,0
01:20:00,501203140,2,0,40,1,0
01:20:00,501203141,9,0,6,1,0
01:20:00,501203142,4,1,69,1,0
01:20:00,501203145,11,0,3,1,0
01:20:00,501203151,10,1,8,1,0
01:20:00,501203155,8,0,11,1,0
01:20:00,501203157,3,0,14,1,0
01:20:00,501203159,1,1,19,1,0
01:20:00,501203161,6,0,13,1,0
01:20:00,501203162,0,0,21,1,0
01:20:00,501203163,2,1,14,1,0
01:20:00,501204001,18,0,6,1,0
01:20:00,501204002,32,0,2,1,0
01:20:00,501204003,19,2,25,1,0
01:20:00,501204004,5,0,9,1,0
01:20:00,501204005,17,1,0,1,0
01:20:00,501204007,8,0,27,1,0
01:20:00,501204008,4,0,10,1,0
01:20:00,501204009,0,0,0,2,0
01:20:00,501204010,0,0,0,2,0
01:20:00,501204011,10,1,4,1,0
01:20:00,501204012,1,1,11,1,0
01:20:00,501204013,11,3,1,1,0
01:20:00,501204014,4,0,12,1,0
01:20:00,501204015,13,1,2,1,0
01:20:00,501204016,11,1,6,1,0
01:20:00,501204017,4,0,11,1,0
01:20:00,501204018,21,3,1,1,0
01:20:00,501204020,2,1,18,1,0
01:20:00,501204021,1,0,18,1,0
01:20:00,501204022,6,1,10,1,0
01:20:00,501204023,12,0,2,1,0
01:20:00,501204024,0,0,0,2,0
01:20:00,501204025,7,0,13,1,0
01:20:00,501205001,7,0,10,1,0
01:20:00,501205003,12,1,7,1,0
01:20:00,501205004,16,1,0,1,0
01:20:00,501205005,2,0,20,1,0
01:20:00,501205006,10,0,10,1,0
01:20:00,501205007,6,0,6,1,0
01:20:00,501205008,10,0,16,1,0
01:20:00,501205009,7,0,38,1,0
01:20:00,501205010,9,0,5,1,0
01:20:00,501205011,4,0,27,1,0
01:20:00,501205012,14,1,5,1,0
01:20:00,501205013,4,0,17,1,0
01:20:00,501205014,18,4,5,1,0
01:20:00,501205015,10,1,7,1,0
01:20:00,501205018,5,0,13,1,0
01:20:00,501205019,0,0,28,1,0
01:20:00,501205020,3,0,26,1,0
01:20:00,501205021,5,0,10,1,0
01:20:00,501205022,11,2,4,1,0
01:20:00,501205023,5,0,10,1,0
01:20:00,501205025,12,0,16,1,0
01:20:00,501205026,8,2,10,1,0
01:20:00,501205027,3,0,7,1,0
01:20:00,501205028,8,0,7,1,0
01:20:00,501205029,4,1,6,1,0
01:20:00,501205030,9,0,1,1,0
01:20:00,501205033,4,0,11,1,0
01:20:00,501205034,6,1,22,1,0
01:20:00,501205035,6,3,10,1,0
01:20:00,501205036,7,2,8,1,0
01:20:00,501205037,2,0,13,1,0
01:20:00,501205038,4,3,16,1,0
01:20:00,501205039,5,0,15,1,0
01:20:00,501205040,15,2,10,1,0
01:20:00,501205041,10,0,7,1,0
01:20:00,501205042,6,1,22,1,0
01:20:00,501208011,24,2,13,1,0
01:20:00,501208013,22,2,32,1,0
01:20:00,501208014,11,1,27,1,0
01:20:00,501208015,7,0,7,1,0
01:20:00,501208018,7,0,8,1,0
01:20:00,501208021,1,0,16,1,0
01:20:00,501208027,26,0,2,1,0
01:20:00,501208029,15,0,7,1,0
01:20:00,501208030,25,1,13,1,0
01:20:00,501208032,0,0,27,1,0
01:20:00,501208040,9,0,10,1,0
01:20:00,501208041,2,0,13,1,0
01:20:00,501208045,14,0,18,1,0
01:20:00,501208051,14,1,20,1,0
01:20:00,501208053,3,0,18,1,0
01:20:00,501208054,8,1,20,1,0
01:20:00,501208059,1,0,28,1,0
01:20:00,501208064,3,0,17,1,0
01:20:00,501208077,5,1,5,1,0
01:20:00,501208079,9,0,13,1,0
01:20:00,501208082,3,1,7,1,0
01:20:00,501208085,8,0,9,1,0
01:20:00,501208087,1,0,28,1,0
01:20:00,501208089,17,2,8,1,0
01:20:00,501208091,15,1,28,1,0
01:20:00,501208111,6,0,9,1,0
01:20:00,501208113,6,0,14,1,0
01:20:00,501208114,10,2,10,1,0
01:20:00,501208129,0,0,19,1,0
01:20:00,501208130,4,1,10,1,0
01:20:00,501209002,10,1,10,1,0
01:20:00,501209003,12,5,2,1,0
01:20:00,501209004,5,0,10,1,0
01:20:00,501209005,6,2,12,1,0
01:20:00,501209006,6,3,13,1,0
01:20:00,501209007,10,2,4,1,0
01:20:00,501209009,0,0,0,2,0
01:20:00,501209010,4,1,10,1,0
01:20:00,501209011,11,1,14,1,0
01:20:00,501209014,8,1,4,1,0
01:20:00,501209015,8,0,7,1,0
01:20:00,501209016,2,1,27,1,0
01:20:00,501209017,5,0,7,1,0
01:20:00,501209018,8,0,9,1,0
01:20:00,501209019,5,0,20,1,0
01:20:00,501209020,7,0,24,1,0
01:20:00,501209021,4,0,10,1,0
01:20:00,501209022,6,1,4,1,0
01:20:00,501209023,33,4,8,1,0
01:20:00,501209024,10,1,32,1,0
01:20:00,501209025,5,0,8,1,0
01:20:00,501209026,11,0,15,1,0
01:20:00,501209027,7,1,12,1,0
01:20:00,501209028,3,0,24,1,0
01:20:00,501209030,11,3,7,1,0
01:20:00,501209031,14,0,15,1,0
01:20:00,501209032,6,1,22,1,0
01:20:00,501209033,12,1,8,1,0
01:20:00,501209034,3,3,12,1,0
01:20:00,501209035,5,0,23,1,0
01:20:00,501209036,8,2,20,1,0
01:20:00,501209037,4,0,31,1,0
01:20:00,501209038,5,0,11,1,0
01:20:00,501209039,14,2,16,1,0
01:20:00,501209040,11,1,20,1,0
01:20:00,501209042,1,0,18,1,0
01:20:00,501209043,10,1,14,1,0
01:20:00,501209044,9,1,6,1,0
01:20:00,501209045,5,0,10,1,0
01:20:00,501209046,8,0,14,1,0
01:20:00,501209047,6,0,7,1,0
01:20:00,501209049,6,1,14,1,0
01:20:00,501209050,9,2,4,1,0
01:20:00,501209051,22,1,2,1,0
01:20:00,501209052,21,4,1,1,0
01:20:00,501209053,2,1,18,1,0
01:20:00,501209054,9,0,18,1,0
01:20:00,501209056,10,0,5,1,0
01:20:00,501209058,10,0,6,1,0
01:20:00,501209059,5,0,10,1,0
01:20:00,501209060,5,0,15,1,0
01:20:00,501209062,7,0,8,1,0
01:20:00,501209064,10,2,5,1,0
01:20:00,501209065,15,0,0,1,0
01:20:00,501209066,10,2,4,1,0
01:20:00,501209067,14,0,1,1,0
01:20:00,501209068,3,0,13,1,0
01:20:00,501209069,3,0,60,1,0
01:20:00,501209070,5,1,12,1,0
01:20:00,501209071,9,2,7,1,0
01:20:00,501209073,2,1,13,1,0
01:20:00,501209074,9,1,14,1,0
01:20:00,501209075,11,0,4,1,0
01:20:00,501209076,7,0,15,1,0
01:20:00,501209077,1,1,14,1,0
01:20:00,501209078,8,1,5,1,0
01:20:00,501209079,1,0,22,1,0
01:20:00,501209080,5,0,22,1,0
01:20:00,501209081,6,0,9,1,0
01:20:00,501209084,11,0,12,1,0
01:20:00,501209085,9,1,19,1,0
01:20:00,501209087,13,0,24,1,0
01:20:00,501209088,4,2,11,1,0
01:20:00,501209089,0,0,19,1,0
01:20:00,501209090,4,0,9,1,0
01:20:00,501209091,6,0,10,1,0
01:20:00,501209092,11,1,5,1,0
01:20:00,501209093,10,0,5,1,0
01:20:00,501209094,5,0,10,1,0
01:20:00,501209095,9,0,4,1,0
01:20:00,501209096,9,0,5,1,0
01:20:00,501209097,5,1,10,1,0
01:20:00,501209098,1,0,13,1,0
01:20:00,501209099,1,0,18,1,0
01:20:00,501209100,4,0,10,1,0
01:20:00,501209101,5,0,9,1,0
01:20:00,501209102,4,0,16,1,0
01:20:00,501209104,2,1,17,1,0
01:20:00,501209105,10,1,14,1,0
01:20:00,501209106,5,1,15,1,0
01:20:00,501211001,37,6,1,1,0
01:20:00,501211002,5,0,10,1,0
01:20:00,501211004,7,1,8,1,0
01:20:00,501211005,5,0,13,1,0
01:20:00,501211006,14,2,0,1,0
01:20:00,501211007,17,4,1,1,0
01:20:00,501211009,12,0,6,1,0
01:20:00,501211011,20,3,10,1,0
01:20:00,501211012,10,1,8,1,0
01:30:00,501201001,0,0,0,2,0
01:30:00,501201002,12,3,28,1,0
01:30:00,501201003,16,1,7,1,0
01:30:00,501201004,3,0,10,1,0
01:30:00,501201005,4,1,15,1,0
01:30:00,501201006,9,0,19,1,0
01:30:00,501201007,11,3,7,1,0
01:30:00,501201008,5,0,20,1,0
01:30:00,501201010,3,0,7,1,0
01:30:00,501201011,6,2,16,1,0
01:30:00,501201012,10,1,29,1,0
01:30:00,501201013,3,0,19,1,0
01:30:00,501201014,8,1,11,1,0
01:30:00,501201015,11,1,14,1,0
01:30:00,501201016,11,0,14,1,0
01:30:00,501201017,9,0,17,1,0
01:30:00,501201018,4,0,19,1,0
01:30:00,501201019,9,1,19,1,0
01:30:00,501201020,7,0,17,1,0
01:30:00,501201021,9,1,6,1,0
01:30:00,501201022,3,0,13,1,0
01:30:00,501201023,8,2,20,1,0
01:30:00,501201024,5,2,19,1,0
01:30:00,501201025,16,4,7,1,0
01:30:00,501201026,12,0,6,1,0
01:30:00,501201028,10,2,10,1,0
01:30:00,501201029,2,1,11,1,0
01:30:00,501201030,1,0,13,1,0
01:30:00,501201031,10,0,7,1,0
01:30:00,501202001,8,1,6,1,0
01:30:00,501202003,1,0,38,1,0
01:30:00,501202013,3,0,14,1,0
01:30:00,501202023,9,0,6,1,0
01:30:00,501202024,7,1,8,1,0
01:30:00,501202034,0,0,16,1,0
01:30:00,501202035,17,0,13,1,0
01:30:00,501202036,4,0,33,1,0
01:30:00,501202040,6,1,39,1,0
01:30:00,501202043,15,0,10,1,0
01:30:00,501202044,0,0,0,2,0
01:30:00,501202047,3,1,19,1,0
01:30:00,501202050,2,1,14,1,0
01:30:00,501202055,11,0,3,1,0
01:30:00,501202058,10,1,5,1,0
01:30:00,501202065,6,0,8,1,0
01:30:00,501202068,3,0,15,1,0
01:30:00,501202070,3,0,13,1,0
01:30:00,501202078,6,2,19,1,0
01:30:00,501202080,12,0,14,1,0
01:30:00,501202081,8,0,15,1,0
01:30:00,501202082,4,0,19,1,0
01:30:00,501202083,15,1,9,1,0
01:30:00,501202084,3,0,21,1,0
01:30:00,501202085,23,1,12,1,0
01:30:00,501202088,6,0,23,1,0
01:30:00,501202089,13,0,16,1,0
01:30:00,501202096,7,2,8,1,0
01:30:00,501203001,0,0,20,1,0
01:30:00,501203002,8,0,14,1,0
01:30:00,501203003,1,0,92,1,0
01:30:00,501203005,3,0,17,1,0
01:30:00,501203006,8,0,7,1,0
01:30:00,501203007,7,0,8,1,0
01:30:00,501203008,10,3,6,1,0
01:30:00,501203010,19,4,12,1,0
01:30:00,501203011,16,3,21,1,0
01:30:00,501203012,10,0,7,1,0
01:30:00,501203013,18,0,6,1,0
01:30:00,501203015,9,2,3,1,0
01:30:00,501203020,11,2,9,1,0
01:30:00,501203022,2,0,17,1,0
01:30:00,501203023,5,1,13,1,0
01:30:00,501203028,12,1,13,1,0
01:30:00,501203040,1,1,21,1,0
01:30:00,501203045,14,1,4,1,0
01:30:00,501203050,26,1,34,1,0
01:30:00,501203051,9,0,15,1,0
01:30:00,501203053,4,0,22,1,0
01:30:00,501203054,5,0,14,1,0
01:30:00,501203064,13,0,3,1,0
01:30:00,501203065,7,0,9,1,0
01:30:00,501203070,6,2,9,1,0
01:30:00,501203073,8,2,16,1,0
01:30:00,501203076,12,0,4,1,0
01:30:00,501203078,3,0,13,1,0
01:30:00,501203080,8,3,7,1,0
01:30:00,501203084,6,1,5,1,0
01:30:00,501203085,4,0,6,1,0
01:30:00,501203088,1,1,13,1,0
01:30:00,501203089,6,0,6,1,0
01:30:00,501203090,2,0,8,1,0
01:30:00,501203091,4,1,7,1,0
01:30:00,501203092,2,0,18,1,0
01:30:00,501203100,1,0,18,1,0
01:30:00,501203101,0,0,0,2,0
01:30:00,501203102,11,0,7,1,0
01:30:00,501203104,4,1,15,1,0
01:30:00,501203105,3,0,8,1,0
01:30:00,501203107,0,0,0,2,0
01:30:00,501203109,12,4,13,1,0
01:30:00,501203110,5,1,37,1,0
01:30:00,501203111,10,2,1,1,0
01:30:00,501203113,7,1,12,1,0
01:30:00,501203114,10,0,40,1,0
01:30:00,501203117,0,0,0,2,0
01:30:00,501203118,6,0,14,1,0
01:30:00,501203121,19,0,5,1,0
01:30:00,501203122,4,0,16,1,0
01:30:00,501203125,17,2,8,1,0
01:30:00,501203131,10,0,10,1,0
01:30:00,501203140,2,0,40,1,0
01:30:00,501203141,9,0,6,1,0
01:30:00,501203142,3,1,70,1,0
01:30:00,501203145,11,0,3,1,0
01:30:00,501203151,10,1,8,1,0
01:30:00,501203155,8,0,11,1,0
01:30:00,501203157,3,0,14,1,0
01:30:00,501203159,1,1,19,1,0
01:30:00,501203161,6,0,13,1,0
01:30:00,501203162,0,0,21,1,0
01:30:00,501203163,2,1,14,1,0
01:30:00,501204001,18,0,6,1,0
01:30:00,501204002,32,0,2,1,0
01:30:00,501204003,19,2,25,1,0
01:30:00,501204004,5,0,9,1,0
01:30:00,501204005,17,1,0,1,0
01:30:00,501204007,8,0,27,1,0
01:30:00,501204008,4,0,10,1,0
01:30:00,501204009,0,0,0,2,0
01:30:00,501204010,0,0,0,2,0
01:30:00,501204011,10,1,4,1,0
01:30:00,501204012,1,1,11,1,0
01:30:00,501204013,11,3,1,1,0
01:30:00,501204014,4,0,12,1,0
01:30:00,501204015,13,1,2,1,0
01:30:00,501204016,11,1,6,1,0
01:30:00,501204017,4,0,11,1,0
01:30:00,501204018,21,3,1,1,0
01:30:00,501204020,2,1,18,1,0
01:30:00,501204021,1,0,18,1,0
01:30:00,501204022,6,1,10,1,0
01:30:00,501204023,12,0,2,1,0
01:30:00,501204024,0,0,0,2,0
01:30:00,501204025,6,0,14,1,0
01:30:00,501205001,7,0,10,1,0
01:30:00,501205003,12,1,7,1,0
01:30:00,501205004,16,1,0,1,0
01:30:00,501205005,2,0,20,1,0
01:30:00,501205006,10,0,10,1,0
01:30:00,501205007,7,0,5,1,0
01:30:00,501205008,10,0,16,1,0
01:30:00,501205009,7,0,38,1,0
01:30:00,501205010,9,0,5,1,0
01:30:00,501205011,4,0,27,1,0
01:30:00,501205012,14,1,5,1,0
01:30:00,501205013,4,0,17,1,0
01:30:00,501205014,18,4,5,1,0
01:30:00,501205015,10,1,7,1,0
01:30:00,501205018,5,0,13,1,0
01:30:00,501205019,0,0,28,1,0
01:30:00,501205020,3,0,26,1,0
01:30:00,501205021,5,0,10,1,0
01:30:00,501205022,11,2,4,1,0
01:30:00,501205023,5,0,10,1,0
01:30:00,501205025,12,0,16,1,0
01:30:00,501205026,8,2,10,1,0
01:30:00,501205027,3,0,7,1,0
01:30:00,501205028,8,0,7,1,0
01:30:00,501205029,4,1,6,1,0
01:30:00,501205030,9,0,1,1,0
01:30:00,501205033,4,0,11,1,0
01:30:00,501205034,6,1,22,1,0
01:30:00,501205035,6,3,10,1,0
01:30:00,501205036,7,2,8,1,0
01:30:00,501205037,2,0,13,1,0
01:30:00,501205038,4,3,16,1,0
01:30:00,501205039,5,0,15,1,0
01:30:00,501205040,15,2,10,1,0
01:30:00,501205041,10,0,7,1,0
01:30:00,501205042,6,1,22,1,0
01:30:00,501208011,22,2,15,1,0
01:30:00,501208013,22,2,32,1,0
01:30:00,501208014,11,1,27,1,0
01:30:00,501208015,7,0,7,1,0
01:30:00,501208018,7,0,8,1,0
01:30:00,501208021,1,0,16,1,0
01:30:00,501208027,26,0,2,1,0
01:30:00,501208029,15,0,7,1,0
01:30:00,501208030,25,1,13,1,0
01:30:00,501208032,0,0,27,1,0
01:30:00,501208040,9,0,10,1,0
01:30:00,501208041,2,0,13,1,0
01:30:00,501208045,14,0,18,1,0
01:30:00,501208051,14,1,20,1,0
01:30:00,501208053,3,0,18,1,0
01:30:00,501208054,8,1,20,1,0
01:30:00,501208059,1,0,28,1,0
01:30:00,501208064,3,0,17,1,0
01:30:00,501208077,5,1,5,1,0
01:30:00,501208079,9,0,13,1,0
01:30:00,501208082,4,1,6,1,0
01:30:00,501208085,8,0,9,1,0
01:30:00,501208087,0,0,29,1,0
01:30:00,501208089,17,2,8,1,0
01:30:00,501208091,15,1,28,1,0
01:30:00,501208111,6,0,9,1,0
01:30:00,501208113,6,0,14,1,0
01:30:00,501208114,10,2,10,1,0
01:30:00,501208129,0,0,19,1,0
01:30:00,501208130,4,1,10,1,0
01:30:00,501209002,10,1,10,1,0
01:30:00,501209003,12,5,2,1,0
01:30:00,501209004,5,0,10,1,0
01:30:00,501209005,6,2,12,1,0
01:30:00,501209006,6,3,13,1,0
01:30:00,501209007,10,2,4,1,0
01:30:00,501209009,0,0,0,2,0
01:30:00,501209010,4,1,10,1,0
01:30:00,501209011,10,1,14,1,0
01:30:00,501209014,8,1,4,1,0
01:30:00,501209015,8,0,7,1,0
01:30:00,501209016,2,1,27,1,0
01:30:00,501209017,5,0,7,1,0
01:30:00,501209018,8,0,9,1,0
01:30:00,501209019,5,0,20,1,0
01:30:00,501209020,7,0,24,1,0
01:30:00,501209021,4,0,10,1,0
01:30:00,501209022,6,1,4,1,0
01:30:00,501209023,33,4,8,1,0
01:30:00,501209024,10,1,32,1,0
01:30:00,501209025,5,0,8,1,0
01:30:00,501209026,11,0,15,1,0
01:30:00,501209027,7,1,12,1,0
01:30:00,501209028,3,0,24,1,0
01:30:00,501209030,11,3,7,1,0
01:30:00,501209031,14,0,15,1,0
01:30:00,501209032,6,1,22,1,0
01:30:00,501209033,12,1,8,1,0
01:30:00,501209034,3,3,12,1,0
01:30:00,501209035,6,0,22,1,0
01:30:00,501209036,8,2,20,1,0
01:30:00,501209037,4,0,31,1,0
01:30:00,501209038,5,0,11,1,0
01:30:00,501209039,14,2,16,1,0
01:30:00,501209040,11,1,20,1,0
01:30:00,501209042,1,0,18,1,0
01:30:00,501209043,10,1,14,1,0
01:30:00,501209044,9,1,6,1,0
01:30:00,501209045,4,0,11,1,0
01:30:00,501209046,8,0,14,1,0
01:30:00,501209047,6,0,7,1,0
01:30:00,501209049,5,1,15,1,0
01:30:00,501209050,9,2,4,1,0
01:30:00,501209051,20,1,4,1,0
01:30:00,501209052,12,4,10,1,0
01:30:00,501209053,2,1,18,1,0
01:30:00,501209054,5,0,22,1,0
01:30:00,501209056,10,0,5,1,0
01:30:00,501209058,10,0,6,1,0
01:30:00,501209059,5,0,10,1,0
01:30:00,501209060,5,0,15,1,0
01:30:00,501209062,7,0,8,1,0
01:30:00,501209064,10,2,5,1,0
01:30:00,501209065,15,0,0,1,0
01:30:00,501209066,10,2,4,1,0
01:30:00,501209067,14,0,1,1,0
01:30:00,501209068,3,0,13,1,0
01:30:00,501209069,7,0,56,1,0
01:30:00,501209070,5,1,12,1,0
01:30:00,501209071,9,2,7,1,0
01:30:00,501209073,2,1,13,1,0
01:30:00,501209074,9,1,14,1,0
01:30:00,501209075,11,0,4,1,0
01:30:00,501209076,7,0,15,1,0
01:30:00,501209077,1,1,14,1,0
01:30:00,501209078,8,1,5,1,0
01:30:00,501209079,1,0,22,1,0
01:30:00,501209080,5,0,22,1,0
01:30:00,501209081,6,0,9,1,0
01:30:00,501209084,11,0,12,1,0
01:30:00,501209085,9,1,19,1,0
01:30:00,501209087,13,0,24,1,0
01:30:00,501209088,4,2,11,1,0
01:30:00,501209089,0,0,19,1,0
01:30:00,501209090,4,0,9,1,0
01:30:00,501209091,6,0,10,1,0
01:30:00,501209092,11,1,5,1,0
01:30:00,501209093,10,0,5,1,0
01:30:00,501209094,5,0,10,1,0
01:30:00,501209095,9,0,4,1,0
01:30:00,501209096,9,0,5,1,0
01:30:00,501209097,5,1,10,1,0
01:30:00,501209098,1,0,13,1,0
01:30:00,501209099,1,0,18,1,0
01:30:00,501209100,4,0,10,1,0
01:30:00,501209101,5,0,9,1,0
01:30:00,501209102,4,0,16,1,0
01:30:00,501209104,2,1,17,1,0
01:30:00,501209105,10,1,14,1,0
01:30:00,501209106,5,1,15,1,0
01:30:00,501211001,37,6,1,1,0
01:30:00,501211002,5,0,10,1,0
01:30:00,501211004,7,1,8,1,0
01:30:00,501211005,5,0,13,1,0
01:30:00,501211006,14,2,0,1,0
01:30:00,501211007,17,4,1,1,0
01:30:00,501211009,12,0,6,1,0
01:30:00,501211011,20,3,10,1,0
01:30:00,501211012,10,1,8,1,0
01:40:00,501201001,0,0,0,2,0
01:40:00,501201002,12,3,28,1,0
01:40:00,501201003,16,1,7,1,0
01:40:00,501201004,4,0,9,1,0
01:40:00,501201005,3,1,16,1,0
01:40:00,501201006,9,0,19,1,0
01:40:00,501201007,11,3,7,1,0
01:40:00,501201008,5,0,20,1,0
01:40:00,501201010,3,0,7,1,0
01:40:00,501201011,6,2,16,1,0
01:40:00,501201012,10,1,29,1,0
01:40:00,501201013,3,0,19,1,0
01:40:00,501201014,8,1,11,1,0
01:40:00,501201015,11,1,14,1,0
01:40:00,501201016,12,0,13,1,0
01:40:00,501201017,5,0,21,1,0
01:40:00,501201018,4,0,19,1,0
01:40:00,501201019,9,1,19,1,0
01:40:00,501201020,7,0,17,1,0
01:40:00,501201021,9,1,6,1,0
01:40:00,501201022,3,0,13,1,0
01:40:00,501201023,8,2,20,1,0
01:40:00,501201024,4,1,20,1,0
01:40:00,501201025,16,4,7,1,0
01:40:00,501201026,12,0,6,1,0
01:40:00,501201028,10,2,10,1,0
01:40:00,501201029,2,1,11,1,0
01:40:00,501201030,1,0,13,1,0
01:40:00,501201031,10,0,7,1,0
01:40:00,501202001,8,1,6,1,0
01:40:00,501202003,1,0,38,1,0
01:40:00,501202013,3,0,14,1,0
01:40:00,501202023,8,0,7,1,0
01:40:00,501202024,7,1,8,1,0
01:40:00,501202034,0,0,16,1,0
01:40:00,501202035,17,0,13,1,0
01:40:00,501202036,4,0,33,1,0
01:40:00,501202040,6,1,39,1,0
01:40:00,501202043,17,2,8,1,0
01:40:00,501202044,0,0,0,2,0
01:40:00,501202047,3,1,19,1,0
01:40:00,501202050,2,1,14,1,0
01:40:00,501202055,11,0,3,1,0
01:40:00,501202058,10,1,5,1,0
01:40:00,501202065,6,0,8,1,0
01:40:00,501202068,3,0,15,1,0
01:40:00,501202070,3,0,13,1,0
01:40:00,501202078,6,2,19,1,0
01:40:00,501202080,12,0,14,1,0
01:40:00,501202081,8,0,15,1,0
01:40:00,501202082,4,0,19,1,0
01:40:00,501202083,15,1,9,1,0
01:40:00,501202084,3,0,21,1,0
01:40:00,501202085,23,1,12,1,0
01:40:00,501202088,6,0,23,1,0
01:40:00,501202089,13,0,16,1,0
01:40:00,501202096,7,2,8,1,0
01:40:00,501203001,0,0,20,1,0
01:40:00,501203002,8,0,14,1,0
01:40:00,501203003,1,0,92,1,0
01:40:00,501203005,3,0,17,1,0
01:40:00,501203006,8,0,7,1,0
01:40:00,501203007,7,0,8,1,0
01:40:00,501203008,10,3,6,1,0
01:40:00,501203010,19,4,12,1,0
01:40:00,501203011,16,3,21,1,0
01:40:00,501203012,10,0,7,1,0
01:40:00,501203013,18,0,6,1,0
01:40:00,501203015,9,2,3,1,0
01:40:00,501203020,11,2,9,1,0
01:40:00,501203022,2,0,17,1,0
01:40:00,501203023,5,1,13,1,0
01:40:00,501203028,12,1,13,1,0
01:40:00,501203040,1,1,21,1,0
01:40:00,501203045,14,1,4,1,0
01:40:00,501203050,26,1,34,1,0
01:40:00,501203051,22,0,2,1,0
01:40:00,501203053,4,0,22,1,0
01:40:00,501203054,5,0,14,1,0
01:40:00,501203064,13,0,3,1,0
01:40:00,501203065,7,0,9,1,0
01:40:00,501203070,6,2,9,1,0
01:40:00,501203073,8,2,16,1,0
01:40:00,501203076,12,0,4,1,0
01:40:00,501203078,3,0,13,1,0
01:40:00,501203080,8,3,7,1,0
01:40:00,501203084,6,1,5,1,0
01:40:00,501203085,4,0,6,1,0
01:40:00,501203088,1,1,13,1,0
01:40:00,501203089,6,0,6,1,0
01:40:00,501203090,2,0,8,1,0
01:40:00,501203091,4,1,7,1,0
01:40:00,501203092,2,0,18,1,0
01:40:00,501203100,1,0,18,1,0
01:40:00,501203101,0,0,0,2,0
01:40:00,501203102,11,0,7,1,0
01:40:00,501203104,4,1,15,1,0
01:40:00,501203105,3,0,8,1,0
01:40:00,501203107,0,0,0,2,0
01:40:00,501203109,12,4,13,1,0
01:40:00,501203110,5,1,37,1,0
01:40:00,501203111,10,2,1,1,0
01:40:00,501203113,7,1,12,1,0
01:40:00,501203114,10,0,40,1,0
01:40:00,501203117,0,0,0,2,0
01:40:00,501203118,6,0,14,1,0
01:40:00,501203121,19,0,5,1,0
01:40:00,501203122,4,0,16,1,0
01:40:00,501203125,17,2,8,1,0
01:40:00,501203131,10,0,10,1,0
01:40:00,501203140,2,0,40,1,0
01:40:00,501203141,9,0,6,1,0
01:40:00,501203142,3,1,70,1,0
01:40:00,501203145,11,0,3,1,0
01:40:00,501203151,10,1,8,1,0
01:40:00,501203155,8,0,11,1,0
01:40:00,501203157,3,0,14,1,0
01:40:00,501203159,1,1,19,1,0
01:40:00,501203161,6,0,13,1,0
01:40:00,501203162,0,0,21,1,0
01:40:00,501203163,2,1,14,1,0
01:40:00,501204001,18,0,6,1,0
01:40:00,501204002,32,0,2,1,0
01:40:00,501204003,19,2,25,1,0
01:40:00,501204004,5,0,9,1,0
01:40:00,501204005,17,1,0,1,0
01:40:00,501204007,8,0,27,1,0
01:40:00,501204008,4,0,10,1,0
01:40:00,501204009,0,0,0,2,0
01:40:00,501204010,0,0,0,2,0
01:40:00,501204011,10,1,4,1,0
01:40:00,501204012,1,1,11,1,0
01:40:00,501204013,11,3,1,1,0
01:40:00,501204014,4,0,12,1,0
01:40:00,501204015,13,1,2,1,0
01:40:00,501204016,11,1,6,1,0
01:40:00,501204017,4,0,11,1,0
01:40:00,501204018,21,3,1,1,0
01:40:00,501204020,2,1,18,1,0
01:40:00,501204021,1,0,18,1,0
01:40:00,501204022,6,1,10,1,0
01:40:00,501204023,12,0,2,1,0
01:40:00,501204024,0,0,0,2,0
01:40:00,501204025,7,0,13,1,0
01:40:00,501205001,7,0,10,1,0
01:40:00,501205003,12,1,7,1,0
01:40:00,501205004,16,1,0,1,0
01:40:00,501205005,2,0,20,1,0
01:40:00,501205006,10,0,10,1,0
01:40:00,501205007,7,0,5,1,0
01:40:00,501205008,7,0,19,1,0
01:40:00,501205009,7,0,38,1,0
01:40:00,501205010,9,0,5,1,0
01:40:00,501205011,4,0,27,1,0
01:40:00,501205012,13,1,6,1,0
01:40:00,501205013,4,0,17,1,0
01:40:00,501205014,18,4,5,1,0
01:40:00,501205015,10,1,7,1,0
01:40:00,501205018,5,0,13,1,0
01:40:00,501205019,0,0,28,1,0
01:40:00,501205020,3,0,26,1,0
01:40:00,501205021,5,0,10,1,0
01:40:00,501205022,11,2,4,1,0
01:40:00,501205023,5,0,10,1,0
01:40:00,501205025,12,0,16,1,0
01:40:00,501205026,8,2,10,1,0
01:40:00,501205027,3,0,7,1,0
01:40:00,501205028,8,0,7,1,0
01:40:00,501205029,4,1,6,1,0
01:40:00,501205030,9,0,1,1,0
01:40:00,501205033,4,0,11,1,0
01:40:00,501205034,6,1,22,1,0
01:40:00,501205035,6,3,10,1,0
01:40:00,501205036,7,2,8,1,0
01:40:00,501205037,2,0,13,1,0
01:40:00,501205038,4,3,16,1,0
01:40:00,501205039,5,0,15,1,0
01:40:00,501205040,15,2,10,1,0
01:40:00,501205041,10,0,7,1,0
01:40:00,501205042,6,1,22,1,0
01:40:00,501208011,22,2,15,1,0
01:40:00,501208013,22,2,32,1,0
01:40:00,501208014,11,1,27,1,0
01:40:00,501208015,7,0,7,1,0
01:40:00,501208018,7,0,8,1,0
01:40:00,501208021,1,0,16,1,0
01:40:00,501208027,26,0,2,1,0
01:40:00,501208029,15,0,7,1,0
01:40:00,501208030,25,1,13,1,0
01:40:00,501208032,0,0,27,1,0
01:40:00,501208040,9,0,10,1,0
01:40:00,501208041,2,0,13,1,0
01:40:00,501208045,14,0,18,1,0
01:40:00,501208051,11,0,23,1,0
01:40:00,501208053,2,0,19,1,0
01:40:00,501208054,8,1,20,1,0
01:40:00,501208059,1,0,28,1,0
01:40:00,501208064,3,0,17,1,0
01:40:00,501208077,5,1,5,1,0
01:40:00,501208079,9,0,13,1,0
01:40:00,501208082,4,1,6,1,0
01:40:00,501208085,8,0,9,1,0
01:40:00,501208087,0,0,29,1,0
01:40:00,501208089,17,2,8,1,0
01:40:00,501208091,15,1,28,1,0
01:40:00,501208111,7,0,8,1,0
01:40:00,501208113,6,0,14,1,0
01:40:00,501208114,10,2,10,1,0
01:40:00,501208129,0,0,19,1,0
01:40:00,501208130,4,1,10,1,0
01:40:00,501209002,10,1,10,1,0
01:40:00,501209003,12,5,2,1,0
01:40:00,501209004,5,0,10,1,0
01:40:00,501209005,5,1,12,1,0
01:40:00,501209006,6,3,13,1,0
01:40:00,501209007,10,2,4,1,0
01:40:00,501209009,0,0,0,2,0
01:40:00,501209010,4,1,10,1,0
01:40:00,501209011,11,1,14,1,0
01:40:00,501209014,8,1,4,1,0
01:40:00,501209015,8,0,7,1,0
01:40:00,501209016,2,1,27,1,0
01:40:00,501209017,5,0,7,1,0
01:40:00,501209018,8,0,9,1,0
01:40:00,501209019,5,0,20,1,0
01:40:00,501209020,7,0,24,1,0
01:40:00,501209021,4,0,10,1,0
01:40:00,501209022,6,1,4,1,0
01:40:00,501209023,33,4,8,1,0
01:40:00,501209024,10,1,32,1,0
01:40:00,501209025,5,0,8,1,0
01:40:00,501209026,11,0,15,1,0
01:40:00,501209027,7,1,12,1,0
01:40:00,501209028,3,0,24,1,0
01:40:00,501209030,11,3,7,1,0
01:40:00,501209031,14,0,15,1,0
01:40:00,501209032,6,1,22,1,0
01:40:00,501209033,12,1,8,1,0
01:40:00,501209034,3,3,12,1,0
01:40:00,501209035,6,0,22,1,0
01:40:00,501209036,8,2,20,1,0
01:40:00,501209037,4,0,31,1,0
01:40:00,501209038,5,0,11,1,0
01:40:00,501209039,14,2,16,1,0
01:40:00,501209040,11,1,20,1,0
01:40:00,501209042,1,0,18,1,0
01:40:00,501209043,10,1,14,1,0
01:40:00,501209044,9,1,6,1,0
01:40:00,501209045,4,0,11,1,0
01:40:00,501209046,8,0,14,1,0
01:40:00,501209047,6,0,7,1,0
01:40:00,501209049,5,1,15,1,0
01:40:00,501209050,8,1,5,1,0
01:40:00,501209051,6,1,18,1,0
01:40:00,501209052,5,4,17,1,0
01:40:00,501209053,2,1,18,1,0
01:40:00,501209054,5,0,22,1,0
01:40:00,501209056,10,0,5,1,0
01:40:00,501209058,10,0,6,1,0
01:40:00,501209059,5,0,10,1,0
01:40:00,501209060,5,0,15,1,0
01:40:00,501209062,7,0,8,1,0
01:40:00,501209064,10,2,5,1,0
01:40:00,501209065,15,0,0,1,0
01:40:00,501209066,10,2,4,1,0
01:40:00,501209067,14,0,1,1,0
01:40:00,501209068,3,0,13,1,0
01:40:00,501209069,7,0,56,1,0
01:40:00,501209070,5,1,12,1,0
01:40:00,501209071,9,2,7,1,0
01:40:00,501209073,2,1,13,1,0
01:40:00,501209074,9,1,14,1,0
01:40:00,501209075,11,0,4,1,0
01:40:00,501209076,7,0,15,1,0
01:40:00,501209077,1,1,14,1,0
01:40:00,501209078,8,1,5,1,0
01:40:00,501209079,1,0,22,1,0
01:40:00,501209080,5,0,22,1,0
01:40:00,501209081,6,0,9,1,0
01:40:00,501209084,11,0,12,1,0
01:40:00,501209085,9,1,19,1,0
01:40:00,501209087,11,2,28,1,0
01:40:00,501209088,4,2,11,1,0
01:40:00,501209089,0,0,19,1,0
01:40:00,501209090,4,0,9,1,0
01:40:00,501209091,6,0,10,1,0
01:40:00,501209092,11,1,5,1,0
01:40:00,501209093,10,0,5,1,0
01:40:00,501209094,5,0,10,1,0
01:40:00,501209095,9,0,4,1,0
01:40:00,501209096,9,0,5,1,0
01:40:00,501209097,5,1,10,1,0
01:40:00,501209098,1,0,13,1,0
01:40:00,501209099,1,0,18,1,0
01:40:00,501209100,4,0,10,1,0
01:40:00,501209101,5,0,9,1,0
01:40:00,501209102,4,0,16,1,0
01:40:00,501209104,2,1,17,1,0
01:40:00,501209105,10,1,14,1,0
01:40:00,501209106,5,1,15,1,0
01:40:00,501211001,37,6,1,1,0
01:40:00,501211002,5,0,10,1,0
01:40:00,501211004,7,1,8,1,0
01:40:00,501211005,5,0,13,1,0
01:40:00,501211006,14,2,0,1,0
01:40:00,501211007,17,4,1,1,0
01:40:00,501211009,12,0,6,1,0
01:40:00,501211011,20,3,10,1,0
01:40:00,501211012,10,1,8,1,0
01:50:00,501201001,0,0,0,2,0
01:50:00,501201002,12,3,28,1,0
01:50:00,501201003,16,1,7,1,0
01:50:00,501201004,4,0,9,1,0
01:50:00,501201005,3,1,16,1,0
01:50:00,501201006,10,0,18,1,0
01:50:00,501201007,11,3,7,1,0
01:50:00,501201008,5,0,20,1,0
01:50:00,501201010,3,0,7,1,0
01:50:00,501201011,6,2,16,1,0
01:50:00,501201012,10,1,29,1,0
01:50:00,501201013,3,0,19,1,0
01:50:00,501201014,8,1,11,1,0
01:50:00,501201015,11,1,14,1,0
01:50:00,501201016,12,0,13,1,0
01:50:00,501201017,5,0,21,1,0
01:50:00,501201018,4,0,19,1,0
01:50:00,501201019,9,1,19,1,0
01:50:00,501201020,7,0,17,1,0
01:50:00,501201021,9,1,6,1,0
01:50:00,501201022,3,0,13,1,0
01:50:00,501201023,8,2,20,1,0
01:50:00,501201024,4,1,20,1,0
01:50:00,501201025,16,4,7,1,0
01:50:00,501201026,12,0,6,1,0
01:50:00,501201028,10,2,10,1,0
01:50:00,501201029,2,1,11,1,0
01:50:00,501201030,1,0,13,1,0
01:50:00,501201031,10,0,7,1,0
01:50:00,501202001,9,1,5,1,0
01:50:00,501202003,2,0,37,1,0
01:50:00,501202013,3,0,14,1,0
01:50:00,501202023,8,0,7,1,0
01:50:00,501202024,7,1,8,1,0
01:50:00,501202034,0,0,16,1,0
01:50:00,501202035,17,0,13,1,0
01:50:00,501202036,4,0,33,1,0
01:50:00,501202040,6,1,39,1,0
01:50:00,501202043,15,0,10,1,0
01:50:00,501202044,0,0,0,2,0
01:50:00,501202047,3,1,19,1,0
01:50:00,501202050,2,1,14,1,0
01:50:00,501202055,11,0,3,1,0
01:50:00,501202058,10,1,5,1,0
01:50:00,501202065,6,0,8,1,0
01:50:00,501202068,3,0,15,1,0
01:50:00,501202070,3,0,13,1,0
01:50:00,501202078,6,2,19,1,0
01:50:00,501202080,12,0,14,1,0
01:50:00,501202081,8,0,15,1,0
01:50:00,501202082,4,0,19,1,0
01:50:00,501202083,14,0,10,1,0
01:50:00,501202084,2,0,22,1,0
01:50:00,501202085,23,1,12,1,0
01:50:00,501202088,6,0,23,1,0
01:50:00,501202089,13,0,16,1,0
01:50:00,501202096,7,2,8,1,0
01:50:00,501203001,0,0,20,1,0
01:50:00,501203002,7,0,15,1,0
01:50:00,501203003,1,0,92,1,0
01:50:00,501203005,3,0,17,1,0
01:50:00,501203006,8,0,7,1,0
01:50:00,501203007,7,0,8,1,0
01:50:00,501203008,13,3,3,1,0
01:50:00,501203010,19,4,12,1,0
01:50:00,501203011,16,3,21,1,0
01:50:00,501203012,10,0,7,1,0
01:50:00,501203013,18,0,6,1,0
01:50:00,501203015,9,2,3,1,0
01:50:00,501203020,11,2,9,1,0
01:50:00,501203022,2,0,17,1,0
01:50:00,501203023,5,1,13,1,0
01:50:00,501203028,12,1,13,1,0
01:50:00,501203040,1,1,21,1,0
01:50:00,501203045,13,0,5,1,0
01:50:00,501203050,26,1,34,1,0
01:50:00,501203051,22,0,2,1,0
01:50:00,501203053,4,0,22,1,0
01:50:00,501203054,5,0,14,1,0
01:50:00,501203064,13,0,3,1,0
01:50:00,501203065,7,0,9,1,0
01:50:00,501203070,6,2,9,1,0
01:50:00,501203073,8,2,16,1,0
01:50:00,501203076,12,0,4,1,0
01:50:00,501203078,3,0,13,1,0
01:50:00,501203080,7,2,8,1,0
01:50:00,501203084,6,1,5,1,0
01:50:00,501203085,4,0,6,1,0
01:50:00,501203088,1,1,13,1,0
01:50:00,501203089,6,0,6,1,0
01:50:00,501203090,2,0,8,1,0
01:50:00,501203091,4,1,7,1,0
01:50:00,501203092,2,0,18,1,0
01:50:00,501203100,1,0,18,1,0
01:50:00,501203101,0,0,0,2,0
01:50:00,501203102,11,0,7,1,0
01:50:00,501203104,4,1,15,1,0
01:50:00,501203105,3,0,8,1,0
01:50:00,501203107,0,0,0,2,0
01:50:00,501203109,12,4,13,1,0
01:50:00,501203110,5,1,37,1,0
01:50:00,501203111,10,2,1,1,0
01:50:00,501203113,7,1,12,1,0
01:50:00,501203114,10,0,40,1,0
01:50:00,501203117,0,0,0,2,0
01:50:00,501203118,6,0,14,1,0
01:50:00,501203121,19,0,5,1,0
01:50:00,501203122,4,0,16,1,0
01:50:00,501203125,17,2,8,1,0
01:50:00,501203131,10,0,10,1,0
01:50:00,501203140,2,0,40,1,0
01:50:00,501203141,9,0,6,1,0
01:50:00,501203142,3,0,70,1,0
01:50:00,501203145,11,0,3,1,0
01:50:00,501203151,10,1,8,1,0
01:50:00,501203155,8,0,11,1,0
01:50:00,501203157,3,0,14,1,0
01:50:00,501203159,1,1,19,1,0
01:50:00,501203161,6,0,13,1,0
01:50:00,501203162,0,0,21,1,0
01:50:00,501203163,2,1,14,1,0
01:50:00,501204001,18,0,6,1,0
01:50:00,501204002,32,0,2,1,0
01:50:00,501204003,19,2,25,1,0
01:50:00,501204004,5,0,9,1,0
01:50:00,501204005,17,1,0,1,0
01:50:00,501204007,8,0,27,1,0
01:50:00,501204008,4,0,10,1,0
01:50:00,501204009,0,0,0,2,0
01:50:00,501204010,0,0,0,2,0
01:50:00,501204011,10,1,4,1,0
01:50:00,501204012,5,1,7,1,0
01:50:00,501204013,11,3,1,1,0
01:50:00,501204014,4,0,12,1,0
01:50:00,501204015,13,1,2,1,0
01:50:00,501204016,11,1,6,1,0
01:50:00,501204017,4,0,11,1,0
01:50:00,501204018,21,3,1,1,0
01:50:00,501204020,2,1,18,1,0
01:50:00,501204021,1,0,18,1,0
01:50:00,501204022,6,1,10,1,0
01:50:00,501204023,12,0,2,1,0
01:50:00,501204024,0,0,0,2,0
01:50:00,501204025,7,0,13,1,0
01:50:00,501205001,7,0,10,1,0
01:50:00,501205003,13,1,6,1,0
01:50:00,501205004,16,1,0,1,0
01:50:00,501205005,2,0,20,1,0
01:50:00,501205006,10,0,10,1,0
01:50:00,501205007,8,1,4,1,0
01:50:00,501205008,7,0,19,1,0
01:50:00,501205009,7,0,38,1,0
01:50:00,501205010,9,0,5,1,0
01:50:00,501205011,4,0,27,1,0
01:50:00,501205012,13,1,6,1,0
01:50:00,501205013,4,0,17,1,0
01:50:00,501205014,18,4,5,1,0
01:50:00,501205015,10,1,7,1,0
01:50:00,501205018,5,0,13,1,0
01:50:00,501205019,0,0,28,1,0
01:50:00,501205020,3,0,26,1,0
01:50:00,501205021,5,0,10,1,0
01:50:00,501205022,11,2,4,1,0
01:50:00,501205023,5,0,10,1,0
01:50:00,501205025,12,0,16,1,0
01:50:00,501205026,6,0,12,1,0
01:50:00,501205027,5,0,5,1,0
01:50:00,501205028,8,0,7,1,0
01:50:00,501205029,4,1,6,1,0
01:50:00,501205030,9,0,1,1,0
01:50:00,501205033,4,0,11,1,0
01:50:00,501205034,6,1,22,1,0
01:50:00,501205035,6,3,10,1,0
01:50:00,501205036,7,2,8,1,0
01:50:00,501205037,2,0,13,1,0
01:50:00,501205038,4,3,16,1,0
01:50:00,501205039,5,0,15,1,0
01:50:00,501205040,15,2,10,1,0
01:50:00,501205041,10,0,7,1,0
01:50:00,501205042,7,1,21,1,0
01:50:00,501208011,22,2,15,1,0
01:50:00,501208013,22,2,32,1,0
01:50:00,501208014,11,1,27,1,0
01:50:00,501208015,7,0,7,1,0
01:50:00,501208018,7,0,8,1,0
01:50:00,501208021,1,0,16,1,0
01:50:00,501208027,26,0,2,1,0
01:50:00,501208029,15,0,7,1,0
01:50:00,501208030,25,1,13,1,0
01:50:00,501208032,0,0,27,1,0
01:50:00,501208040,9,0,10,1,0
01:50:00,501208041,2,0,13,1,0
01:50:00,501208045,14,0,18,1,0
01:50:00,501208051,11,0,23,1,0
01:50:00,501208053,2,0,19,1,0
01:50:00,501208054,8,1,20,1,0
01:50:00,501208059,1,0,28,1,0
01:50:00,501208064,3,0,17,1,0
01:50:00,501208077,5,1,5,1,0
01:50:00,501208079,9,0,13,1,0
01:50:00,501208082,4,1,6,1,0
01:50:00,501208085,8,0,9,1,0
01:50:00,501208087,0,0,29,1,0
01:50:00,501208089,17,2,8,1,0
01:50:00,501208091,15,1,28,1,0
01:50:00,501208111,7,0,8,1,0
01:50:00,501208113,6,0,14,1,0
01:50:00,501208114,10,2,10,1,0
01:50:00,501208129,0,0,19,1,0
01:50:00,501208130,4,1,10,1,0
01:50:00,501209002,10,1,10,1,0
01:50:00,501209003,12,5,2,1,0
01:50:00,501209004,5,0,10,1,0
01:50:00,501209005,2,2,16,1,0
01:50:00,501209006,6,3,13,1,0
01:50:00,501209007,11,3,3,1,0
01:50:00,501209009,0,0,0,2,0
01:50:00,501209010,4,1,10,1,0
01:50:00,501209011,11,1,14,1,0
01:50:00,501209014,8,1,4,1,0
01:50:00,501209015,8,0,7,1,0
01:50:00,501209016,2,1,27,1,0
01:50:00,501209017,5,0,7,1,0
01:50:00,501209018,8,0,9,1,0
01:50:00,501209019,5,0,20,1,0
01:50:00,501209020,7,0,24,1,0
01:50:00,501209021,4,0,10,1,0
01:50:00,501209022,6,1,4,1,0
01:50:00,501209023,33,4,8,1,0
01:50:00,501209024,18,1,24,1,0
01:50:00,501209025,5,0,8,1,0
01:50:00,501209026,11,0,15,1,0
01:50:00,501209027,7,1,12,1,0
01:50:00,501209028,7,0,20,1,0
01:50:00,501209030,11,3,7,1,0
01:50:00,501209031,14,0,15,1,0
01:50:00,501209032,6,1,22,1,0
01:50:00,501209033,12,1,8,1,0
01:50:00,501209034,3,3,12,1,0
01:50:00,501209035,6,0,22,1,0
01:50:00,501209036,8,2,20,1,0
01:50:00,501209037,4,0,31,1,0
01:50:00,501209038,5,0,11,1,0
01:50:00,501209039,14,2,16,1,0
01:50:00,501209040,11,1,20,1,0
01:50:00,501209042,1,0,18,1,0
01:50:00,501209043,10,1,14,1,0
01:50:00,501209044,9,1,6,1,0
01:50:00,501209045,4,0,11,1,0
01:50:00,501209046,8,0,14,1,0
01:50:00,501209047,6,0,7,1,0
01:50:00,501209049,5,1,15,1,0
01:50:00,501209050,8,1,5,1,0
01:50:00,501209051,6,1,18,1,0
01:50:00,501209052,5,4,17,1,0
01:50:00,501209053,2,1,18,1,0
01:50:00,501209054,5,0,22,1,0
01:50:00,501209056,10,0,5,1,0
01:50:00,501209058,10,0,6,1,0
01:50:00,501209059,5,0,10,1,0
01:50:00,501209060,5,0,15,1,0
01:50:00,501209062,7,0,8,1,0
01:50:00,501209064,10,2,5,1,0
01:50:00,501209065,15,0,0,1,0
01:50:00,501209066,10,2,4,1,0
01:50:00,501209067,14,0,1,1,0
01:50:00,501209068,3,0,13,1,0
01:50:00,501209069,7,0,56,1,0
01:50:00,501209070,5,1,12,1,0
01:50:00,501209071,9,2,7,1,0
01:50:00,501209073,2,1,13,1,0
01:50:00,501209074,9,1,14,1,0
01:50:00,501209075,11,0,4,1,0
01:50:00,501209076,6,0,16,1,0
01:50:00,501209077,1,1,14,1,0
01:50:00,501209078,8,1,5,1,0
01:50:00,501209079,1,0,22,1,0
01:50:00,501209080,5,0,22,1,0
01:50:00,501209081,6,0,9,1,0
01:50:00,501209084,11,0,12,1,0
01:50:00,501209085,9,1,19,1,0
01:50:00,501209087,11,2,28,1,0
01:50:00,501209088,4,2,11,1,0
01:50:00,501209089,0,0,19,1,0
01:50:00,501209090,4,0,9,1,0
01:50:00,501209091,6,0,10,1,0
01:50:00,501209092,11,1,5,1,0
01:50:00,501209093,10,0,5,1,0
01:50:00,501209094,5,0,10,1,0
01:50:00,501209095,9,0,4,1,0
01:50:00,501209096,9,0,5,1,0
01:50:00,501209097,5,1,10,1,0
01:50:00,501209098,1,0,13,1,0
01:50:00,501209099,1,0,18,1,0
01:50:00,501209100,4,0,10,1,0
01:50:00,501209101,5,0,9,1,0
01:50:00,501209102,4,0,16,1,0
01:50:00,501209104,2,1,17,1,0
01:50:00,501209105,10,1,14,1,0
01:50:00,501209106,5,1,15,1,0
01:50:00,501211001,37,6,1,1,0
01:50:00,501211002,5,0,10,1,0
01:50:00,501211004,7,1,8,1,0
01:50:00,501211005,5,0,13,1,0
01:50:00,501211006,14,2,0,1,0
01:50:00,501211007,14,3,4,1,0
01:50:00,501211009,12,0,6,1,0
01:50:00,501211011,23,4,7,1,0
01:50:00,501211012,10,1,8,1,0
02:00:00,501201001,0,0,0,2,0
02:00:00,501201002,12,3,28,1,0
02:00:00,501201003,16,1,7,1,0
02:00:00,501201004,4,0,9,1,0
02:00:00,501201005,3,1,16,1,0
02:00:00,501201006,10,0,18,1,0
02:00:00,501201007,11,3,7,1,0
02:00:00,501201008,5,0,20,1,0
02:00:00,501201010,3,0,7,1,0
02:00:00,501201011,6,2,16,1,0
02:00:00,501201012,10,1,29,1,0
02:00:00,501201013,3,0,19,1,0
02:00:00,501201014,8,1,11,1,0
02:00:00,501201015,11,1,14,1,0
02:00:00,501201016,12,0,13,1,0
02:00:00,501201017,6,1,20,1,0
02:00:00,501201018,4,0,19,1,0
02:00:00,501201019,9,1,19,1,0
02:00:00,501201020,7,0,17,1,0
02:00:00,501201021,9,1,6,1,0
02:00:00,501201022,3,0,13,1,0
02:00:00,501201023,8,2,20,1,0
02:00:00,501201024,4,1,20,1,0
02:00:00,501201025,17,5,6,1,0
02:00:00,501201026,12,0,6,1,0
02:00:00,501201028,10,2,10,1,0
02:00:00,501201029,2,1,11,1,0
02:00:00,501201030,1,0,13,1,0
02:00:00,501201031,10,0,7,1,0
02:00:00,501202001,9,1,5,1,0
02:00:00,501202003,2,0,37,1,0
02:00:00,501202013,3,0,14,1,0
02:00:00,501202023,8,0,7,1,0
02:00:00,501202024,7,1,8,1,0
02:00:00,501202034,0,0,16,1,0
02:00:00,501202035,17,0,13,1,0
02:00:00,501202036,4,0,33,1,0
02:00:00,501202040,6,1,39,1,0
02:00:00,501202043,15,0,10,1,0
02:00:00,501202044,0,0,0,2,0
02:00:00,501202047,3,1,19,1,0
02:00:00,501202050,2,1,14,1,0
02:00:00,501202055,11,0,3,1,0
02:00:00,501202058,10,1,5,1,0
02:00:00,501202065,6,0,8,1,0
02:00:00,501202068,3,0,15,1,0
02:00:00,501202070,3,0,13,1,0
02:00:00,501202078,6,2,19,1,0
02:00:00,501202080,12,0,14,1,0
02:00:00,501202081,8,0,15,1,0
02:00:00,501202082,5,1,18,1,0
02:00:00,501202083,14,0,10,1,0
02:00:00,501202084,2,0,22,1,0
02:00:00,501202085,23,1,12,1,0
02:00:00,501202088,6,0,23,1,0
02:00:00,501202089,13,0,16,1,0
02:00:00,501202096,7,2,8,1,0
02:00:00,501203001,0,0,20,1,0
02:00:00,501203002,7,0,15,1,0
02:00:00,501203003,1,0,92,1,0
02:00:00,501203005,3,0,17,1,0
02:00:00,501203006,8,0,7,1,0
02:00:00,501203007,7,0,8,1,0
02:00:00,501203008,13,3,3,1,0
02:00:00,501203010,19,4,12,1,0
02:00:00,501203011,16,3,21,1,0
02:00:00,501203012,10,0,7,1,0
02:00:00,501203013,18,0,6,1,0
02:00:00,501203015,9,2,3,1,0
02:00:00,501203020,11,2,9,1,0
02:00:00,501203022,2,0,17,1,0
02:00:00,501203023,5,1,13,1,0
02:00:00,501203028,12,1,13,1,0
02:00:00,501203040,1,1,21,1,0
02:00:00,501203045,13,0,5,1,0
02:00:00,501203050,26,1,34,1,0
02:00:00,501203051,22,0,2,1,0
02:00:00,501203053,4,0,22,1,0
02:00:00,501203054,5,0,14,1,0
02:00:00,501203064,13,0,3,1,0
02:00:00,501203065,7,0,9,1,0
02:00:00,501203070,6,2,9,1,0
02:00:00,501203073,8,2,16,1,0
02:00:00,501203076,12,0,4,1,0
02:00:00,501203078,3,0,13,1,0
02:00:00,501203080,7,2,8,1,0
02:00:00,501203084,6,1,5,1,0
02:00:00,501203085,4,0,6,1,0
02:00:00,501203088,1,1,13,1,0
02:00:00,501203089,6,0,6,1,0
02:00:00,501203090,2,0,8,1,0
02:00:00,501203091,4,1,7,1,0
02:00:00,501203092,2,0,18,1,0
02:00:00,501203100,1,0,18,1,0
02:00:00,501203101,0,0,0,2,0
02:00:00,501203102,11,0,7,1,0
02:00:00,501203104,4,1,15,1,0
02:00:00,501203105,3,0,8,1,0
02:00:00,501203107,0,0,0,2,0
02:00:00,501203109,12,4,13,1,0
02:00:00,501203110,5,1,37,1,0
02:00:00,501203111,10,2,1,1,0
02:00:00,501203113,7,1,12,1,0
02:00:00,501203114,10,0,40,1,0
02:00:00,501203117,0,0,0,2,0
02:00:00,501203118,7,1,13,1,0
02:00:00,501203121,19,0,5,1,0
02:00:00,501203122,4,0,16,1,0
02:00:00,501203125,17,2,8,1,0
02:00:00,501203131,10,0,10,1,0
02:00:00,501203140,2,0,40,1,0
02:00:00,501203141,9,0,6,1,0
02:00:00,501203142,4,0,69,1,0
02:00:00,501203145,11,0,3,1,0
02:00:00,501203151,10,1,8,1,0
02:00:00,501203155,8,0,11,1,0
02:00:00,501203157,3,0,14,1,0
02:00:00,501203159,1,1,19,1,0
02:00:00,501203161,6,0,13,1,0
02:00:00,501203162,0,0,21,1,0
02:00:00,501203163,2,1,14,1,0
02:00:00,501204001,18,0,6,1,0
02:00:00,501204002,32,0,2,1,0
02:00:00,501204003,18,1,26,1,0
02:00:00,501204004,5,0,9,1,0
02:00:00,501204005,17,1,0,1,0
02:00:00,501204007,8,0,27,1,0
02:00:00,501204008,4,0,10,1,0
02:00:00,501204009,0,0,0,2,0
02:00:00,501204010,0,0,0,2,0
02:00:00,501204011,10,1,4,1,0
02:00:00,501204012,9,3,5,1,0
02:00:00,501204013,11,3,1,1,0
02:00:00,501204014,4,0,12,1,0
02:00:00,501204015,13,1,2,1,0
02:00:00,501204016,11,1,6,1,0
02:00:00,501204017,4,0,11,1,0
02:00:00,501204018,21,3,1,1,0
02:00:00,501204020,8,1,12,1,0
02:00:00,501204021,1,0,18,1,0
02:00:00,501204022,6,1,10,1,0
02:00:00,501204023,12,0,2,1,0
02:00:00,501204024,0,0,0,2,0
02:00:00,501204025,7,0,13,1,0
02:00:00,501205001,7,0,10,1,0
02:00:00,501205003,13,1,6,1,0
02:00:00,501205004,16,1,0,1,0
02:00:00,501205005,2,0,20,1,0
02:00:00,501205006,10,0,10,1,0
02:00:00,501205007,8,1,4,1,0
02:00:00,501205008,7,0,19,1,0
02:00:00,501205009,7,0,38,1,0
02:00:00,501205010,9,0,5,1,0
02:00:00,501205011,4,0,27,1,0
02:00:00,501205012,12,0,7,1,0
02:00:00,501205013,4,0,17,1,0
02:00:00,501205014,18,4,5,1,0
02:00:00,501205015,10,1,7,1,0
02:00:00,501205018,5,0,13,1,0
02:00:00,501205019,0,0,28,1,0
02:00:00,501205020,3,0,26,1,0
02:00:00,501205021,5,0,10,1,0
02:00:00,501205022,11,2,4,1,0
02:00:00,501205023,5,0,10,1,0
02:00:00,501205025,12,0,16,1,0
02:00:00,501205026,6,0,12,1,0
02:00:00,501205027,5,0,5,1,0
02:00:00,501205028,8,0,7,1,0
02:00:00,501205029,6,1,4,1,0
02:00:00,501205030,9,0,1,1,0
02:00:00,501205033,4,0,11,1,0
02:00:00,501205034,6,1,22,1,0
02:00:00,501205035,6,3,10,1,0
02:00:00,501205036,7,2,8,1,0
02:00:00,501205037,1,0,14,1,0
02:00:00,501205038,4,3,16,1,0
02:00:00,501205039,5,0,15,1,0
02:00:00,501205040,15,2,10,1,0
02:00:00,501205041,10,0,7,1,0
02:00:00,501205042,8,1,20,1,0
02:00:00,501208011,22,2,15,1,0
02:00:00,501208013,22,2,32,1,0
02:00:00,501208014,11,1,27,1,0
02:00:00,501208015,7,0,7,1,0
02:00:00,501208018,7,0,8,1,0
02:00:00,501208021,1,0,16,1,0
02:00:00,501208027,26,0,2,1,0
02:00:00,501208029,15,0,7,1,0
02:00:00,501208030,25,1,13,1,0
02:00:00,501208032,0,0,27,1,0
02:00:00,501208040,9,0,10,1,0
02:00:00,501208041,2,0,13,1,0
02:00:00,501208045,14,0,18,1,0
02:00:00,501208051,11,0,23,1,0
02:00:00,501208053,2,0,19,1,0
02:00:00,501208054,8,1,20,1,0
02:00:00,501208059,1,0,28,1,0
02:00:00,501208064,3,0,17,1,0
02:00:00,501208077,5,1,5,1,0
02:00:00,501208079,9,0,13,1,0
02:00:00,501208082,4,1,6,1,0
02:00:00,501208085,8,0,9,1,0
02:00:00,501208087,0,0,29,1,0
02:00:00,501208089,17,2,8,1,0
02:00:00,501208091,15,1,28,1,0
02:00:00,501208111,7,0,8,1,0
02:00:00,501208113,6,0,14,1,0
02:00:00,501208114,10,2,10,1,0
02:00:00,501208129,0,0,19,1,0
02:00:00,501208130,4,1,10,1,0
02:00:00,501209002,10,1,10,1,0
02:00:00,501209003,12,5,2,1,0
02:00:00,501209004,5,0,10,1,0
02:00:00,501209005,2,2,16,1,0
02:00:00,501209006,6,3,13,1,0
02:00:00,501209007,12,4,3,1,0
02:00:00,501209009,0,0,0,2,0
02:00:00,501209010,4,1,10,1,0
02:00:00,501209011,11,1,14,1,0
02:00:00,501209014,8,1,4,1,0
02:00:00,501209015,8,0,7,1,0
02:00:00,501209016,2,1,27,1,0
02:00:00,501209017,5,0,7,1,0
02:00:00,501209018,8,0,9,1,0
02:00:00,501209019,5,0,20,1,0
02:00:00,501209020,7,0,24,1,0
02:00:00,501209021,4,0,10,1,0
02:00:00,501209022,6,1,4,1,0
02:00:00,501209023,33,4,8,1,0
02:00:00,501209024,18,1,24,1,0
02:00:00,501209025,5,0,8,1,0
02:00:00,501209026,11,0,15,1,0
02:00:00,501209027,8,1,11,1,0
02:00:00,501209028,7,0,20,1,0
02:00:00,501209030,11,3,7,1,0
02:00:00,501209031,14,0,15,1,0
02:00:00,501209032,6,1,22,1,0
02:00:00,501209033,12,1,8,1,0
02:00:00,501209034,3,3,12,1,0
02:00:00,501209035,6,0,22,1,0
02:00:00,501209036,8,2,20,1,0
02:00:00,501209037,4,0,31,1,0
02:00:00,501209038,5,0,11,1,0
02:00:00,501209039,14,2,16,1,0
02:00:00,501209040,11,1,20,1,0
02:00:00,501209042,9,0,10,1,0
02:00:00,501209043,10,1,14,1,0
02:00:00,501209044,9,1,6,1,0
02:00:00,501209045,4,0,11,1,0
02:00:00,501209046,8,0,14,1,0
02:00:00,501209047,6,0,7,1,0
02:00:00,501209049,5,1,15,1,0
02:00:00,501209050,8,1,5,1,0
02:00:00,501209051,6,1,18,1,0
02:00:00,501209052,5,4,17,1,0
02:00:00,501209053,2,1,18,1,0
02:00:00,501209054,5,0,22,1,0
02:00:00,501209056,10,0,5,1,0
02:00:00,501209058,10,0,6,1,0
02:00:00,501209059,5,0,10,1,0
02:00:00,501209060,5,0,15,1,0
02:00:00,501209062,7,0,8,1,0
02:00:00,501209064,10,2,5,1,0
02:00:00,501209065,15,0,0,1,0
02:00:00,501209066,10,2,4,1,0
02:00:00,501209067,14,0,1,1,0
02:00:00,501209068,3,0,13,1,0
02:00:00,501209069,7,0,56,1,0
02:00:00,501209070,5,1,12,1,0
02:00:00,501209071,9,2,7,1,0
02:00:00,501209073,2,1,13,1,0
02:00:00,501209074,9,1,14,1,0
02:00:00,501209075,11,0,4,1,0
02:00:00,501209076,6,0,16,1,0
02:00:00,501209077,1,1,14,1,0
02:00:00,501209078,8,1,5,1,0
02:00:00,501209079,1,0,22,1,0
02:00:00,501209080,5,0,22,1,0
02:00:00,501209081,6,0,9,1,0
02:00:00,501209084,11,0,12,1,0
02:00:00,501209085,9,1,19,1,0
02:00:00,501209087,11,2,28,1,0
02:00:00,501209088,4,2,11,1,0
02:00:00,501209089,0,0,19,1,0
02:00:00,501209090,4,0,9,1,0
02:00:00,501209091,6,0,10,1,0
02:00:00,501209092,11,1,5,1,0
02:00:00,501209093,10,0,5,1,0
02:00:00,501209094,5,0,10,1,0
02:00:00,501209095,9,0,4,1,0
02:00:00,501209096,9,0,5,1,0
02:00:00,501209097,5,1,10,1,0
02:00:00,501209098,1,0,13,1,0
02:00:00,501209099,1,0,18,1,0
02:00:00,501209100,4,0,10,1,0
02:00:00,501209101,6,0,8,1,0
02:00:00,501209102,4,0,16,1,0
02:00:00,501209104,2,1,17,1,0
02:00:00,501209105,10,1,14,1,0
02:00:00,501209106,5,1,15,1,0
02:00:00,501211001,37,6,1,1,0
02:00:00,501211002,5,0,10,1,0
02:00:00,501211004,7,1,8,1,0
02:00:00,501211005,5,0,13,1,0
02:00:00,501211006,14,2,0,1,0
02:00:00,501211007,14,3,4,1,0
02:00:00,501211009,12,0,6,1,0
02:00:00,501211011,23,4,7,1,0
02:00:00,501211012,10,1,8,1,0
02:10:00,501201001,0,0,0,2,0
02:10:00,501201002,11,3,29,1,0
02:10:00,501201003,16,1,7,1,0
02:10:00,501201004,4,0,9,1,0
02:10:00,501201005,3,1,16,1,0
02:10:00,501201006,10,0,18,1,0
02:10:00,501201007,11,3,7,1,0
02:10:00,501201008,5,0,20,1,0
02:10:00,501201010,3,0,7,1,0
02:10:00,501201011,6,2,16,1,0
02:10:00,501201012,10,1,29,1,0
02:10:00,501201013,2,0,20,1,0
02:10:00,501201014,8,1,11,1,0
02:10:00,501201015,10,0,15,1,0
02:10:00,501201016,12,0,13,1,0
02:10:00,501201017,9,1,17,1,0
02:10:00,501201018,4,0,19,1,0
02:10:00,501201019,9,1,19,1,0
02:10:00,501201020,7,0,17,1,0
02:10:00,501201021,9,1,6,1,0
02:10:00,501201022,3,0,13,1,0
02:10:00,501201023,8,2,20,1,0
02:10:00,501201024,4,1,20,1,0
02:10:00,501201025,17,5,6,1,0
02:10:00,501201026,12,0,6,1,0
02:10:00,501201028,10,2,10,1,0
02:10:00,501201029,2,1,11,1,0
02:10:00,501201030,1,0,13,1,0
02:10:00,501201031,10,0,7,1,0
02:10:00,501202001,9,1,5,1,0
02:10:00,501202003,3,1,36,1,0
02:10:00,501202013,3,0,14,1,0
02:10:00,501202023,8,0,7,1,0
02:10:00,501202024,7,1,8,1,0
02:10:00,501202034,0,0,16,1,0
02:10:00,501202035,17,0,13,1,0
02:10:00,501202036,4,0,33,1,0
02:10:00,501202040,6,1,39,1,0
02:10:00,501202043,15,0,10,1,0
02:10:00,501202044,0,0,0,2,0
02:10:00,501202047,3,1,19,1,0
02:10:00,501202050,2,1,14,1,0
02:10:00,501202055,11,0,3,1,0
02:10:00,501202058,10,1,5,1,0
02:10:00,501202065,6,0,8,1,0
02:10:00,501202068,3,0,15,1,0
02:10:00,501202070,3,0,13,1,0
02:10:00,501202078,6,2,19,1,0
02:10:00,501202080,12,0,14,1,0
02:10:00,501202081,8,0,15,1,0
02:10:00,501202082,5,1,18,1,0
02:10:00,501202083,14,0,10,1,0
02:10:00,501202084,2,0,22,1,0
02:10:00,501202085,23,1,12,1,0
02:10:00,501202088,6,0,23,1,0
02:10:00,501202089,13,0,16,1,0
02:10:00,501202096,7,2,8,1,0
02:10:00,501203001,0,0,20,1,0
02:10:00,501203002,8,0,14,1,0
02:10:00,501203003,1,0,92,1,0
02:10:00,501203005,3,0,17,1,0
02:10:00,501203006,8,0,7,1,0
02:10:00,501203007,7,0,8,1,0
02:10:00,501203008,13,3,3,1,0
02:10:00,501203010,19,4,12,1,0
02:10:00,501203011,16,3,21,1,0
02:10:00,501203012,10,0,7,1,0
02:10:00,501203013,18,0,6,1,0
02:10:00,501203015,10,1,2,1,0
02:10:00,501203020,11,2,9,1,0
02:10:00,501203022,2,0,17,1,0
02:10:00,501203023,5,1,13,1,0
02:10:00,501203028,12,1,13,1,0
02:10:00,501203040,1,1,21,1,0
02:10:00,501203045,11,0,7,1,0
02:10:00,501203050,26,1,34,1,0
02:10:00,501203051,22,0,2,1,0
02:10:00,501203053,3,0,23,1,0
02:10:00,501203054,5,0,14,1,0
02:10:00,501203064,13,0,3,1,0
02:10:00,501203065,7,0,9,1,0
02:10:00,501203070,6,2,9,1,0
02:10:00,501203073,8,2,16,1,0
02:10:00,501203076,12,0,4,1,0
02:10:00,501203078,3,0,13,1,0
02:10:00,501203080,7,2,8,1,0
02:10:00,501203084,6,1,5,1,0
02:10:00,501203085,4,0,6,1,0
02:10:00,501203088,1,1,13,1,0
02:10:00,501203089,6,0,6,1,0
02:10:00,501203090,2,0,8,1,0
02:10:00,501203091,4,1,7,1,0
02:10:00,501203092,2,0,18,1,0
02:10:00,501203100,1,0,18,1,0
02:10:00,501203101,0,0,0,2,0
02:10:00,501203102,11,0,7,1,0
02:10:00,501203104,4,1,15,1,0
02:10:00,501203105,3,0,8,1,0
02:10:00,501203107,0,0,0,2,0
02:10:00,501203109,12,4,13,1,0
02:10:00,501203110,5,1,37,1,0
02:10:00,501203111,9,1,2,1,0
02:10:00,501203113,7,1,12,1,0
02:10:00,501203114,10,0,40,1,0
02:10:00,501203117,0,0,0,2,0
02:10:00,501203118,7,1,13,1,0
02:10:00,501203121,19,0,5,1,0
02:10:00,501203122,4,0,16,1,0
02:10:00,501203125,18,3,7,1,0
02:10:00,501203131,10,0,10,1,0
02:10:00,501203140,2,0,40,1,0
02:10:00,501203141,9,0,6,1,0
02:10:00,501203142,5,0,68,1,0
02:10:00,501203145,11,0,3,1,0
02:10:00,501203151,10,1,8,1,0
02:10:00,501203155,8,0,11,1,0
02:10:00,501203157,3,0,14,1,0
02:10:00,501203159,1,1,19,1,0
02:10:00,501203161,6,0,13,1,0
02:10:00,501203162,0,0,21,1,0
02:10:00,501203163,2,1,14,1,0
02:10:00,501204001,18,0,6,1,0
02:10:00,501204002,32,0,2,1,0
02:10:00,501204003,18,1,26,1,0
02:10:00,501204004,5,0,9,1,0
02:10:00,501204005,10,1,7,1,0
02:10:00,501204007,8,0,27,1,0
02:10:00,501204008,4,0,10,1,0
02:10:00,501204009,0,0,0,2,0
02:10:00,501204010,0,0,0,2,0
02:10:00,501204011,10,1,4,1,0
02:10:00,501204012,9,3,5,1,0
02:10:00,501204013,11,3,1,1,0
02:10:00,501204014,4,0,12,1,0
02:10:00,501204015,13,1,2,1,0
02:10:00,501204016,9,0,8,1,0
02:10:00,501204017,4,0,11,1,0
02:10:00,501204018,21,3,1,1,0
02:10:00,501204020,8,1,12,1,0
02:10:00,501204021,1,0,18,1,0
02:10:00,501204022,6,1,10,1,0
02:10:00,501204023,12,0,2,1,0
02:10:00,501204024,0,0,0,2,0
02:10:00,501204025,7,0,13,1,0
02:10:00,501205001,7,0,10,1,0
02:10:00,501205003,13,1,6,1,0
02:10:00,501205004,16,1,0,1,0
02:10:00,501205005,2,0,20,1,0
02:10:00,501205006,10,0,10,1,0
02:10:00,501205007,8,1,4,1,0
02:10:00,501205008,7,0,19,1,0
02:10:00,501205009,7,0,38,1,0
02:10:00,501205010,9,0,5,1,0
02:10:00,501205011,4,0,27,1,0
02:10:00,501205012,12,0,7,1,0
02:10:00,501205013,4,0,17,1,0
02:10:00,501205014,18,4,5,1,0
02:10:00,501205015,10,1,7,1,0
02:10:00,501205018,5,0,13,1,0
02:10:00,501205019,0,0,28,1,0
02:10:00,501205020,3,0,26,1,0
02:10:00,501205021,5,0,10,1,0
02:10:00,501205022,11,2,4,1,0
02:10:00,501205023,5,0,10,1,0
02:10:00,501205025,12,0,16,1,0
02:10:00,501205026,6,0,12,1,0
02:10:00,501205027,5,0,5,1,0
02:10:00,501205028,8,0,7,1,0
02:10:00,501205029,6,1,4,1,0
02:10:00,501205030,9,0,1,1,0
02:10:00,501205033,4,0,11,1,0
02:10:00,501205034,6,1,22,1,0
02:10:00,501205035,6,3,10,1,0
02:10:00,501205036,7,2,8,1,0
02:10:00,501205037,1,0,14,1,0
02:10:00,501205038,4,3,16,1,0
02:10:00,501205039,5,0,15,1,0
02:10:00,501205040,15,2,10,1,0
02:10:00,501205041,10,0,7,1,0
02:10:00,501205042,8,1,20,1,0
02:10:00,501208011,22,2,15,1,0
02:10:00,501208013,22,2,32,1,0
02:10:00,501208014,11,1,27,1,0
02:10:00,501208015,7,0,7,1,0
02:10:00,501208018,7,0,8,1,0
02:10:00,501208021,1,0,16,1,0
02:10:00,501208027,26,0,2,1,0
02:10:00,501208029,15,0,7,1,0
02:10:00,501208030,25,1,13,1,0
02:10:00,501208032,0,0,27,1,0
02:10:00,501208040,9,0,10,1,0
02:10:00,501208041,2,0,13,1,0
02:10:00,501208045,14,0,18,1,0
02:10:00,501208051,11,0,23,1,0
02:10:00,501208053,2,0,19,1,0
02:10:00,501208054,8,1,20,1,0
02:10:00,501208059,1,0,28,1,0
02:10:00,501208064,3,0,17,1,0
02:10:00,501208077,5,1,5,1,0
02:10:00,501208079,9,0,13,1,0
02:10:00,501208082,3,0,7,1,0
02:10:00,501208085,8,0,9,1,0
02:10:00,501208087,0,0,29,1,0
02:10:00,501208089,17,2,8,1,0
02:10:00,501208091,15,1,28,1,0
02:10:00,501208111,7,0,8,1,0
02:10:00,501208113,6,0,14,1,0
02:10:00,501208114,10,2,10,1,0
02:10:00,501208129,0,0,19,1,0
02:10:00,501208130,4,1,10,1,0
02:10:00,501209002,10,1,10,1,0
02:10:00,501209003,12,5,2,1,0
02:10:00,501209004,5,0,10,1,0
02:10:00,501209005,2,2,16,1,0
02:10:00,501209006,6,3,13,1,0
02:10:00,501209007,12,4,3,1,0
02:10:00,501209009,0,0,0,2,0
02:10:00,501209010,4,1,10,1,0
02:10:00,501209011,11,1,14,1,0
02:10:00,501209014,8,1,4,1,0
02:10:00,501209015,8,0,7,1,0
02:10:00,501209016,2,1,27,1,0
02:10:00,501209017,5,0,7,1,0
02:10:00,501209018,8,0,9,1,0
02:10:00,501209019,5,0,20,1,0
02:10:00,501209020,7,0,24,1,0
02:10:00,501209021,4,0,10,1,0
02:10:00,501209022,6,1,4,1,0
02:10:00,501209023,33,4,8,1,0
02:10:00,501209024,18,1,24,1,0
02:10:00,501209025,5,0,8,1,0
02:10:00,501209026,11,0,15,1,0
02:10:00,501209027,7,1,12,1,0
02:10:00,501209028,7,0,20,1,0
02:10:00,501209030,11,3,7,1,0
02:10:00,501209031,14,0,15,1,0
02:10:00,501209032,6,1,22,1,0
02:10:00,501209033,12,1,8,1,0
02:10:00,501209034,3,3,12,1,0
02:10:00,501209035,6,0,22,1,0
02:10:00,501209036,8,2,20,1,0
02:10:00,501209037,4,0,31,1,0
02:10:00,501209038,5,0,11,1,0
02:10:00,501209039,10,2,20,1,0
02:10:00,501209040,11,1,20,1,0
02:10:00,501209042,9,0,10,1,0
02:10:00,501209043,10,1,14,1,0
02:10:00,501209044,9,1,6,1,0
02:10:00,501209045,4,0,11,1,0
02:10:00,501209046,8,0,14,1,0
02:10:00,501209047,6,0,7,1,0
02:10:00,501209049,5,1,15,1,0
02:10:00,501209050,8,1,5,1,0
02:10:00,501209051,6,1,18,1,0
02:10:00,501209052,5,4,17,1,0
02:10:00,501209053,2,1,18,1,0
02:10:00,501209054,5,0,22,1,0
02:10:00,501209056,10,0,5,1,0
02:10:00,501209058,10,0,6,1,0
02:10:00,501209059,5,0,10,1,0
02:10:00,501209060,5,0,15,1,0
02:10:00,501209062,7,0,8,1,0
02:10:00,501209064,10,2,5,1,0
02:10:00,501209065,15,0,0,1,0
02:10:00,501209066,10,2,4,1,0
02:10:00,501209067,14,0,1,1,0
02:10:00,501209068,3,0,13,1,0
02:10:00,501209069,7,0,56,1,0
02:10:00,501209070,5,1,12,1,0
02:10:00,501209071,9,2,7,1,0
02:10:00,501209073,2,1,13,1,0
02:10:00,501209074,9,1,14,1,0
02:10:00,501209075,11,0,4,1,0
02:10:00,501209076,6,0,16,1,0
02:10:00,501209077,1,1,14,1,0
02:10:00,501209078,8,1,5,1,0
02:10:00,501209079,1,0,22,1,0
02:10:00,501209080,5,0,22,1,0
02:10:00,501209081,6,0,9,1,0
02:10:00,501209084,11,0,12,1,0
02:10:00,501209085,9,1,19,1,0
02:10:00,501209087,11,2,28,1,0
02:10:00,501209088,4,2,11,1,0
02:10:00,501209089,0,0,19,1,0
02:10:00,501209090,4,0,9,1,0
02:10:00,501209091,6,0,10,1,0
02:10:00,501209092,11,1,5,1,0
02:10:00,501209093,10,0,5,1,0
02:10:00,501209094,5,0,10,1,0
02:10:00,501209095,9,0,4,1,0
02:10:00,501209096,9,0,5,1,0
02:10:00,501209097,5,1,10,1,0
02:10:00,501209098,1,0,13,1,0
02:10:00,501209099,1,0,18,1,0
02:10:00,501209100,4,0,10,1,0
02:10:00,501209101,6,0,8,1,0
02:10:00,501209102,4,0,16,1,0
02:10:00,501209104,2,1,17,1,0
02:10:00,501209105,10,1,14,1,0
02:10:00,501209106,4,0,15,1,0
02:10:00,501211001,37,6,1,1,0
02:10:00,501211002,5,0,10,1,0
02:10:00,501211004,7,1,8,1,0
02:10:00,501211005,5,0,13,1,0
02:10:00,501211006,13,1,1,1,0
02:10:00,501211007,14,3,4,1,0
02:10:00,501211009,12,0,6,1,0
02:10:00,501211011,23,4,7,1,0
02:10:00,501211012,10,1,8,1,0
02:20:00,501201001,0,0,0,2,0
02:20:00,501201002,12,3,28,1,0
02:20:00,501201003,16,1,7,1,0
02:20:00,501201004,4,0,9,1,0
02:20:00,501201005,3,1,16,1,0
02:20:00,501201006,10,0,18,1,0
02:20:00,501201007,11,3,7,1,0
02:20:00,501201008,5,0,20,1,0
02:20:00,501201010,3,0,7,1,0
02:20:00,501201011,6,2,16,1,0
02:20:00,501201012,10,1,29,1,0
02:20:00,501201013,1,0,21,1,0
02:20:00,501201014,8,1,11,1,0
02:20:00,501201015,10,0,15,1,0
02:20:00,501201016,12,0,13,1,0
02:20:00,501201017,8,1,18,1,0
02:20:00,501201018,4,0,19,1,0
02:20:00,501201019,9,1,19,1,0
02:20:00,501201020,6,0,18,1,0
02:20:00,501201021,9,1,6,1,0
02:20:00,501201022,3,0,13,1,0
02:20:00,501201023,8,2,20,1,0
02:20:00,501201024,4,1,20,1,0
02:20:00,501201025,17,5,6,1,0
02:20:00,501201026,12,0,6,1,0
02:20:00,501201028,10,2,10,1,0
02:20:00,501201029,2,1,11,1,0
02:20:00,501201030,1,0,13,1,0
02:20:00,501201031,10,0,7,1,0
02:20:00,501202001,9,1,5,1,0
02:20:00,501202003,3,1,36,1,0
02:20:00,501202013,3,0,14,1,0
02:20:00,501202023,8,0,7,1,0
02:20:00,501202024,1,1,14,1,0
02:20:00,501202034,0,0,16,1,0
02:20:00,501202035,17,0,13,1,0
02:20:00,501202036,4,0,33,1,0
02:20:00,501202040,6,1,39,1,0
02:20:00,501202043,15,0,10,1,0
02:20:00,501202044,0,0,0,2,0
02:20:00,501202047,3,1,19,1,0
02:20:00,501202050,2,1,14,1,0
02:20:00,501202055,11,0,3,1,0
02:20:00,501202058,10,1,5,1,0
02:20:00,501202065,6,0,8,1,0
02:20:00,501202068,3,0,15,1,0
02:20:00,501202070,3,0,13,1,0
02:20:00,501202078,6,2,19,1,0
02:20:00,501202080,12,0,14,1,0
02:20:00,501202081,8,0,15,1,0
02:20:00,501202082,5,1,18,1,0
02:20:00,501202083,14,0,10,1,0
02:20:00,501202084,2,0,22,1,0
02:20:00,501202085,23,1,12,1,0
02:20:00,501202088,6,0,23,1,0
02:20:00,501202089,13,0,16,1,0
02:20:00,501202096,7,2,8,1,0
02:20:00,501203001,0,0,20,1,0
02:20:00,501203002,8,0,14,1,0
02:20:00,501203003,2,1,91,1,0
02:20:00,501203005,3,0,17,1,0
02:20:00,501203006,8,0,7,1,0
02:20:00,501203007,7,0,8,1,0
02:20:00,501203008,13,3,3,1,0
02:20:00,501203010,19,4,12,1,0
02:20:00,501203011,16,3,21,1,0
02:20:00,501203012,10,0,7,1,0
02:20:00,501203013,18,0,6,1,0
02:20:00,501203015,9,0,3,1,0
02:20:00,501203020,11,2,9,1,0
02:20:00,501203022,2,0,17,1,0
02:20:00,501203023,5,1,13,1,0
02:20:00,501203028,12,1,13,1,0
02:20:00,501203040,1,1,21,1,0
02:20:00,501203045,11,0,7,1,0
02:20:00,501203050,26,1,34,1,0
02:20:00,501203051,22,0,2,1,0
02:20:00,501203053,3,0,23,1,0
02:20:00,501203054,5,0,14,1,0
02:20:00,501203064,13,0,3,1,0
02:20:00,501203065,7,0,9,1,0
02:20:00,501203070,6,2,9,1,0
02:20:00,501203073,8,2,16,1,0
02:20:00,501203076,12,0,4,1,0
02:20:00,501203078,3,0,13,1,0
02:20:00,501203080,8,3,7,1,0
02:20:00,501203084,6,1,5,1,0
02:20:00,501203085,4,0,6,1,0
02:20:00,501203088,1,1,13,1,0
02:20:00,501203089,6,0,6,1,0
02:20:00,501203090,2,0,8,1,0
02:20:00,501203091,4,1,7,1,0
02:20:00,501203092,2,0,18,1,0
02:20:00,501203100,1,0,18,1,0
02:20:00,501203101,0,0,0,2,0
02:20:00,501203102,11,0,7,1,0
02:20:00,501203104,4,1,15,1,0
02:20:00,501203105,3,0,8,1,0
02:20:00,501203107,0,0,0,2,0
02:20:00,501203109,11,4,14,1,0
02:20:00,501203110,5,1,37,1,0
02:20:00,501203111,9,1,2,1,0
02:20:00,501203113,7,1,12,1,0
02:20:00,501203114,10,0,40,1,0
02:20:00,501203117,0,0,0,2,0
02:20:00,501203118,7,1,13,1,0
02:20:00,501203121,19,0,5,1,0
02:20:00,501203122,4,0,16,1,0
02:20:00,501203125,18,3,7,1,0
02:20:00,501203131,10,0,10,1,0
02:20:00,501203140,3,0,39,1,0
02:20:00,501203141,9,0,6,1,0
02:20:00,501203142,4,0,69,1,0
02:20:00,501203145,11,0,3,1,0
02:20:00,501203151,10,1,8,1,0
02:20:00,501203155,6,0,13,1,0
02:20:00,501203157,3,0,14,1,0
02:20:00,501203159,1,1,19,1,0
02:20:00,501203161,6,0,13,1,0
02:20:00,501203162,0,0,21,1,0
02:20:00,501203163,2,1,14,1,0
02:20:00,501204001,18,0,6,1,0
02:20:00,501204002,32,0,2,1,0
02:20:00,501204003,18,1,26,1,0
02:20:00,501204004,5,0,9,1,0
02:20:00,501204005,10,1,7,1,0
02:20:00,501204007,8,0,27,1,0
02:20:00,501204008,4,0,10,1,0
02:20:00,501204009,0,0,0,2,0
02:20:00,501204010,0,0,0,2,0
02:20:00,501204011,10,1,4,1,0
02:20:00,501204012,9,3,5,1,0
02:20:00,501204013,11,3,1,1,0
02:20:00,501204014,4,0,12,1,0
02:20:00,501204015,13,1,2,1,0
02:20:00,501204016,10,1,7,1,0
02:20:00,501204017,4,0,11,1,0
02:20:00,501204018,21,3,1,1,0
02:20:00,501204020,8,1,12,1,0
02:20:00,501204021,1,0,18,1,0
02:20:00,501204022,6,0,10,1,0
02:20:00,501204023,12,0,2,1,0
02:20:00,501204024,0,0,0,2,0
02:20:00,501204025,7,0,13,1,0
02:20:00,501205001,7,0,10,1,0
02:20:00,501205003,13,1,6,1,0
02:20:00,501205004,16,1,0,1,0
02:20:00,501205005,2,0,20,1,0
02:20:00,501205006,10,0,10,1,0
02:20:00,501205007,8,1,4,1,0
02:20:00,501205008,7,0,19,1,0
02:20:00,501205009,4,0,41,1,0
02:20:00,501205010,9,0,5,1,0
02:20:00,501205011,4,0,27,1,0
02:20:00,501205012,12,0,7,1,0
02:20:00,501205013,4,0,17,1,0
02:20:00,501205014,18,4,5,1,0
02:20:00,501205015,10,1,7,1,0
02:20:00,501205018,5,0,13,1,0
02:20:00,501205019,0,0,28,1,0
02:20:00,501205020,3,0,26,1,0
02:20:00,501205021,5,0,10,1,0
02:20:00,501205022,11,2,4,1,0
02:20:00,501205023,5,0,10,1,0
02:20:00,501205025,12,0,16,1,0
02:20:00,501205026,6,0,12,1,0
02:20:00,501205027,5,0,5,1,0
02:20:00,501205028,8,0,7,1,0
02:20:00,501205029,7,2,3,1,0
02:20:00,501205030,9,0,1,1,0
02:20:00,501205033,4,0,11,1,0
02:20:00,501205034,6,1,22,1,0
02:20:00,501205035,6,3,10,1,0
02:20:00,501205036,7,2,8,1,0
02:20:00,501205037,1,0,14,1,0
02:20:00,501205038,4,3,16,1,0
02:20:00,501205039,5,0,15,1,0
02:20:00,501205040,15,2,10,1,0
02:20:00,501205041,9,0,8,1,0
02:20:00,501205042,8,1,20,1,0
02:20:00,501208011,22,2,15,1,0
02:20:00,501208013,22,2,32,1,0
02:20:00,501208014,11,1,27,1,0
02:20:00,501208015,7,0,7,1,0
02:20:00,501208018,7,0,8,1,0
02:20:00,501208021,1,0,16,1,0
02:20:00,501208027,26,0,2,1,0
02:20:00,501208029,15,0,7,1,0
02:20:00,501208030,25,1,13,1,0
02:20:00,501208032,0,0,27,1,0
02:20:00,501208040,9,0,10,1,0
02:20:00,501208041,2,0,13,1,0
02:20:00,501208045,14,0,18,1,0
02:20:00,501208051,11,0,23,1,0
02:20:00,501208053,2,0,19,1,0
02:20:00,501208054,8,1,20,1,0
02:20:00,501208059,1,0,28,1,0
02:20:00,501208064,3,0,17,1,0
02:20:00,501208077,5,1,5,1,0
02:20:00,501208079,9,0,13,1,0
02:20:00,501208082,3,0,7,1,0
02:20:00,501208085,8,0,9,1,0
02:20:00,501208087,0,0,29,1,0
02:20:00,501208089,17,2,8,1,0
02:20:00,501208091,15,1,28,1,0
02:20:00,501208111,8,0,7,1,0
02:20:00,501208113,6,0,14,1,0
02:20:00,501208114,10,2,10,1,0
02:20:00,501208129,0,0,19,1,0
02:20:00,501208130,4,1,10,1,0
02:20:00,501209002,10,1,10,1,0
02:20:00,501209003,12,5,2,1,0
02:20:00,501209004,5,0,10,1,0
02:20:00,501209005,2,2,16,1,0
02:20:00,501209006,6,3,13,1,0
02:20:00,501209007,12,4,3,1,0
02:20:00,501209009,0,0,0,2,0
02:20:00,501209010,4,1,10,1,0
02:20:00,501209011,11,1,14,1,0
02:20:00,501209014,8,1,4,1,0
02:20:00,501209015,8,0,7,1,0
02:20:00,501209016,2,1,27,1,0
02:20:00,501209017,5,0,7,1,0
02:20:00,501209018,8,0,9,1,0
02:20:00,501209019,5,0,20,1,0
02:20:00,501209020,7,0,24,1,0
02:20:00,501209021,4,0,10,1,0
02:20:00,501209022,6,1,4,1,0
02:20:00,501209023,33,4,8,1,0
02:20:00,501209024,18,1,24,1,0
02:20:00,501209025,5,0,8,1,0
02:20:00,501209026,11,0,15,1,0
02:20:00,501209027,7,1,12,1,0
02:20:00,501209028,7,0,20,1,0
02:20:00,501209030,11,3,7,1,0
02:20:00,501209031,14,0,15,1,0
02:20:00,501209032,6,1,22,1,0
02:20:00,501209033,12,1,8,1,0
02:20:00,501209034,3,3,12,1,0
02:20:00,501209035,6,0,22,1,0
02:20:00,501209036,7,1,21,1,0
02:20:00,501209037,4,0,31,1,0
02:20:00,501209038,5,0,11,1,0
02:20:00,501209039,10,2,20,1,0
02:20:00,501209040,5,1,26,1,0
02:20:00,501209042,9,0,10,1,0
02:20:00,501209043,10,1,14,1,0
02:20:00,501209044,9,1,6,1,0
02:20:00,501209045,4,0,11,1,0
02:20:00,501209046,8,0,14,1,0
02:20:00,501209047,6,0,7,1,0
02:20:00,501209049,5,1,15,1,0
02:20:00,501209050,8,1,5,1,0
02:20:00,501209051,6,1,18,1,0
02:20:00,501209052,5,4,17,1,0
02:20:00,501209053,2,1,18,1,0
02:20:00,501209054,5,0,22,1,0
02:20:00,501209056,10,0,5,1,0
02:20:00,501209058,10,0,6,1,0
02:20:00,501209059,5,0,10,1,0
02:20:00,501209060,6,0,14,1,0
02:20:00,501209062,7,0,8,1,0
02:20:00,501209064,10,2,5,1,0
02:20:00,501209065,15,0,0,1,0
02:20:00,501209066,10,2,4,1,0
02:20:00,501209067,10,0,5,1,0
02:20:00,501209068,3,0,13,1,0
02:20:00,501209069,7,0,56,1,0
02:20:00,501209070,5,1,12,1,0
02:20:00,501209071,9,2,7,1,0
02:20:00,501209073,2,1,13,1,0
02:20:00,501209074,9,1,14,1,0
02:20:00,501209075,11,0,4,1,0
02:20:00,501209076,6,0,16,1,0
02:20:00,501209077,1,1,14,1,0
02:20:00,501209078,8,1,5,1,0
02:20:00,501209079,1,0,22,1,0
02:20:00,501209080,5,0,22,1,0
02:20:00,501209081,6,0,9,1,0
02:20:00,501209084,11,0,12,1,0
02:20:00,501209085,9,1,19,1,0
02:20:00,501209087,11,2,28,1,0
02:20:00,501209088,4,2,11,1,0
02:20:00,501209089,0,0,19,1,0
02:20:00,501209090,4,0,9,1,0
02:20:00,501209091,6,0,10,1,0
02:20:00,501209092,11,1,5,1,0
02:20:00,501209093,10,0,5,1,0
02:20:00,501209094,5,0,10,1,0
02:20:00,501209095,9,0,4,1,0
02:20:00,501209096,9,0,5,1,0
02:20:00,501209097,5,1,10,1,0
02:20:00,501209098,1,0,13,1,0
02:20:00,501209099,1,0,18,1,0
02:20:00,501209100,4,0,10,1,0
02:20:00,501209101,6,0,8,1,0
02:20:00,501209102,4,0,16,1,0
02:20:00,501209104,2,1,17,1,0
02:20:00,501209105,10,1,14,1,0
02:20:00,501209106,4,0,15,1,0
02:20:00,501211001,37,6,1,1,0
02:20:00,501211002,5,0,10,1,0
02:20:00,501211004,7,1,8,1,0
02:20:00,501211005,5,0,13,1,0
02:20:00,501211006,12,0,5,1,0
02:20:00,501211007,14,3,4,1,0
02:20:00,501211009,12,0,6,1,0
02:20:00,501211011,23,4,7,1,0
02:20:00,501211012,10,1,8,1,0
02:30:00,501201001,0,0,0,2,0
02:30:00,501201002,12,3,28,1,0
02:30:00,501201003,16,1,7,1,0
02:30:00,501201004,3,0,10,1,0
02:30:00,501201005,3,1,16,1,0
02:30:00,501201006,10,0,18,1,0
02:30:00,501201007,11,3,7,1,0
02:30:00,501201008,5,0,20,1,0
02:30:00,501201010,3,0,7,1,0
02:30:00,501201011,6,2,16,1,0
02:30:00,501201012,10,1,29,1,0
02:30:00,501201013,1,0,21,1,0
02:30:00,501201014,8,1,11,1,0
02:30:00,501201015,10,0,15,1,0
02:30:00,501201016,11,0,14,1,0
02:30:00,501201017,8,1,18,1,0
02:30:00,501201018,4,0,19,1,0
02:30:00,501201019,9,1,19,1,0
02:30:00,501201020,6,0,18,1,0
02:30:00,501201021,9,1,6,1,0
02:30:00,501201022,3,0,13,1,0
02:30:00,501201023,8,2,20,1,0
02:30:00,501201024,5,1,19,1,0
02:30:00,501201025,17,5,6,1,0
02:30:00,501201026,12,0,6,1,0
02:30:00,501201028,10,2,10,1,0
02:30:00,501201029,2,1,11,1,0
02:30:00,501201030,1,0,13,1,0
02:30:00,501201031,10,0,7,1,0
02:30:00,501202001,9,1,5,1,0
02:30:00,501202003,3,1,36,1,0
02:30:00,501202013,3,0,14,1,0
02:30:00,501202023,8,0,7,1,0
02:30:00,501202024,1,1,14,1,0
02:30:00,501202034,0,0,16,1,0
02:30:00,501202035,17,0,13,1,0
02:30:00,501202036,4,0,33,1,0
02:30:00,501202040,2,1,43,1,0
02:30:00,501202043,15,0,10,1,0
02:30:00,501202044,0,0,0,2,0
02:30:00,501202047,3,1,19,1,0
02:30:00,501202050,2,1,14,1,0
02:30:00,501202055,11,0,3,1,0
02:30:00,501202058,10,1,5,1,0
02:30:00,501202065,6,0,8,1,0
02:30:00,501202068,3,0,15,1,0
02:30:00,501202070,3,0,13,1,0
02:30:00,501202078,6,2,19,1,0
02:30:00,501202080,12,0,14,1,0
02:30:00,501202081,8,0,15,1,0
02:30:00,501202082,4,0,19,1,0
02:30:00,501202083,14,0,10,1,0
02:30:00,501202084,2,0,22,1,0
02:30:00,501202085,24,2,11,1,0
02:30:00,501202088,6,0,23,1,0
02:30:00,501202089,13,0,16,1,0
02:30:00,501202096,7,2,8,1,0
02:30:00,501203001,0,0,20,1,0
02:30:00,501203002,8,0,14,1,0
02:30:00,501203003,1,0,92,1,0
02:30:00,501203005,3,0,17,1,0
02:30:00,501203006,8,0,7,1,0
02:30:00,501203007,7,0,8,1,0
02:30:00,501203008,13,3,3,1,0
02:30:00,501203010,19,4,12,1,0
02:30:00,501203011,17,3,20,1,0
02:30:00,501203012,10,0,7,1,0
02:30:00,501203013,18,0,6,1,0
02:30:00,501203015,9,0,3,1,0
02:30:00,501203020,11,2,9,1,0
02:30:00,501203022,2,0,17,1,0
02:30:00,501203023,5,1,13,1,0
02:30:00,501203028,12,1,13,1,0
02:30:00,501203040,1,1,21,1,0
02:30:00,501203045,11,0,7,1,0
02:30:00,501203050,26,1,34,1,0
02:30:00,501203051,21,0,3,1,0
02:30:00,501203053,2,0,24,1,0
02:30:00,501203054,5,0,14,1,0
02:30:00,501203064,13,0,3,1,0
02:30:00,501203065,7,0,9,1,0
02:30:00,501203070,6,2,9,1,0
02:30:00,501203073,8,2,16,1,0
02:30:00,501203076,12,0,4,1,0
02:30:00,501203078,3,0,13,1,0
02:30:00,501203080,8,3,7,1,0
02:30:00,501203084,6,1,5,1,0
02:30:00,501203085,4,0,6,1,0
02:30:00,501203088,1,1,13,1,0
02:30:00,501203089,6,0,6,1,0
02:30:00,501203090,2,0,8,1,0
02:30:00,501203091,4,1,7,1,0
02:30:00,501203092,2,0,18,1,0
02:30:00,501203100,1,0,18,1,0
02:30:00,501203101,0,0,0,2,0
02:30:00,501203102,11,0,7,1,0
02:30:00,501203104,4,1,15,1,0
02:30:00,501203105,3,0,8,1,0
02:30:00,501203107,0,0,0,2,0
02:30:00,501203109,11,4,14,1,0
02:30:00,501203110,5,1,37,1,0
02:30:00,501203111,9,1,2,1,0
02:30:00,501203113,7,1,12,1,0
02:30:00,501203114,10,0,40,1,0
02:30:00,501203117,0,0,0,2,0
02:30:00,501203118,6,0,14,1,0
02:30:00,501203121,19,0,5,1,0
02:30:00,501203122,4,0,16,1,0
02:30:00,501203125,18,3,7,1,0
02:30:00,501203131,10,0,10,1,0
02:30:00,501203140,3,0,39,1,0
02:30:00,501203141,9,0,6,1,0
02:30:00,501203142,4,0,69,1,0
02:30:00,501203145,11,0,3,1,0
02:30:00,501203151,10,1,8,1,0
02:30:00,501203155,5,0,14,1,0
02:30:00,501203157,3,0,14,1,0
02:30:00,501203159,1,1,19,1,0
02:30:00,501203161,6,0,13,1,0
02:30:00,501203162,0,0,21,1,0
02:30:00,501203163,2,1,14,1,0
02:30:00,501204001,19,1,5,1,0
02:30:00,501204002,31,0,3,1,0
02:30:00,501204003,18,1,26,1,0
02:30:00,501204004,5,0,9,1,0
02:30:00,501204005,10,1,7,1,0
02:30:00,501204007,8,0,27,1,0
02:30:00,501204008,4,0,10,1,0
02:30:00,501204009,0,0,0,2,0
02:30:00,501204010,0,0,0,2,0
02:30:00,501204011,10,1,4,1,0
02:30:00,501204012,9,3,5,1,0
02:30:00,501204013,11,3,1,1,0
02:30:00,501204014,4,0,12,1,0
02:30:00,501204015,13,1,2,1,0
02:30:00,501204016,10,1,7,1,0
02:30:00,501204017,4,0,11,1,0
02:30:00,501204018,21,3,1,1,0
02:30:00,501204020,8,1,12,1,0
02:30:00,501204021,1,0,18,1,0
02:30:00,501204022,6,0,10,1,0
02:30:00,501204023,12,0,2,1,0
02:30:00,501204024,0,0,0,2,0
02:30:00,501204025,7,0,13,1,0
02:30:00,501205001,7,0,10,1,0
02:30:00,501205003,13,1,6,1,0
02:30:00,501205004,16,1,0,1,0
02:30:00,501205005,2,0,20,1,0
02:30:00,501205006,10,0,10,1,0
02:30:00,501205007,8,1,4,1,0
02:30:00,501205008,7,0,19,1,0
02:30:00,501205009,4,0,41,1,0
02:30:00,501205010,9,0,5,1,0
02:30:00,501205011,4,0,27,1,0
02:30:00,501205012,10,0,9,1,0
02:30:00,501205013,4,0,17,1,0
02:30:00,501205014,18,4,5,1,0
02:30:00,501205015,10,1,7,1,0
02:30:00,501205018,5,0,13,1,0
02:30:00,501205019,0,0,28,1,0
02:30:00,501205020,3,0,26,1,0
02:30:00,501205021,6,0,9,1,0
02:30:00,501205022,11,2,4,1,0
02:30:00,501205023,5,0,10,1,0
02:30:00,501205025,12,0,16,1,0
02:30:00,501205026,6,0,12,1,0
02:30:00,501205027,5,0,5,1,0
02:30:00,501205028,8,0,7,1,0
02:30:00,501205029,7,2,3,1,0
02:30:00,501205030,9,0,1,1,0
02:30:00,501205033,4,0,11,1,0
02:30:00,501205034,6,1,22,1,0
02:30:00,501205035,6,3,10,1,0
02:30:00,501205036,7,2,8,1,0
02:30:00,501205037,0,0,15,1,0
02:30:00,501205038,4,3,16,1,0
02:30:00,501205039,5,0,15,1,0
02:30:00,501205040,15,2,10,1,0
02:30:00,501205041,9,0,8,1,0
02:30:00,501205042,8,1,20,1,0
02:30:00,501208011,22,2,15,1,0
02:30:00,501208013,22,2,32,1,0
02:30:00,501208014,11,1,27,1,0
02:30:00,501208015,7,0,7,1,0
02:30:00,501208018,7,0,8,1,0
02:30:00,501208021,1,0,16,1,0
02:30:00,501208027,10,0,18,1,0
02:30:00,501208029,15,0,7,1,0
02:30:00,501208030,25,1,13,1,0
02:30:00,501208032,0,0,27,1,0
02:30:00,501208040,9,0,10,1,0
02:30:00,501208041,2,0,13,1,0
02:30:00,501208045,14,0,18,1,0
02:30:00,501208051,11,0,23,1,0
02:30:00,501208053,4,0,17,1,0
02:30:00,501208054,8,1,20,1,0
02:30:00,501208059,1,0,28,1,0
02:30:00,501208064,3,0,17,1,0
02:30:00,501208077,5,1,5,1,0
02:30:00,501208079,9,0,13,1,0
02:30:00,501208082,3,0,7,1,0
02:30:00,501208085,8,0,9,1,0
02:30:00,501208087,0,0,29,1,0
02:30:00,501208089,17,2,8,1,0
02:30:00,501208091,15,1,28,1,0
02:30:00,501208111,8,0,7,1,0
02:30:00,501208113,6,0,14,1,0
02:30:00,501208114,10,2,10,1,0
02:30:00,501208129,0,0,19,1,0
02:30:00,501208130,4,1,10,1,0
02:30:00,501209002,10,1,10,1,0
02:30:00,501209003,13,5,1,1,0
02:30:00,501209004,5,0,10,1,0
02:30:00,501209005,2,2,16,1,0
02:30:00,501209006,6,3,13,1,0
02:30:00,501209007,12,4,3,1,0
02:30:00,501209009,0,0,0,2,0
02:30:00,501209010,4,1,10,1,0
02:30:00,501209011,11,1,14,1,0
02:30:00,501209014,8,1,4,1,0
02:30:00,501209015,8,0,7,1,0
02:30:00,501209016,2,1,27,1,0
02:30:00,501209017,5,0,7,1,0
02:30:00,501209018,8,0,9,1,0
02:30:00,501209019,5,0,20,1,0
02:30:00,501209020,7,0,24,1,0
02:30:00,501209021,5,0,9,1,0
02:30:00,501209022,6,1,4,1,0
02:30:00,501209023,33,4,8,1,0
02:30:00,501209024,18,1,24,1,0
02:30:00,501209025,5,0,8,1,0
02:30:00,501209026,11,0,15,1,0
02:30:00,501209027,7,1,12,1,0
02:30:00,501209028,7,0,20,1,0
02:30:00,501209030,11,3,7,1,0
02:30:00,501209031,14,0,15,1,0
02:30:00,501209032,6,1,22,1,0
02:30:00,501209033,12,1,8,1,0
02:30:00,501209034,3,3,12,1,0
02:30:00,501209035,6,0,22,1,0
02:30:00,501209036,5,1,23,1,0
02:30:00,501209037,4,0,31,1,0
02:30:00,501209038,5,0,11,1,0
02:30:00,501209039,10,2,20,1,0
02:30:00,501209040,5,1,26,1,0
02:30:00,501209042,10,1,10,1,0
02:30:00,501209043,10,1,14,1,0
02:30:00,501209044,9,1,6,1,0
02:30:00,501209045,4,0,11,1,0
02:30:00,501209046,8,0,14,1,0
02:30:00,501209047,6,0,7,1,0
02:30:00,501209049,5,1,15,1,0
02:30:00,501209050,8,1,5,1,0
02:30:00,501209051,6,1,18,1,0
02:30:00,501209052,5,4,17,1,0
02:30:00,501209053,2,1,18,1,0
02:30:00,501209054,5,0,22,1,0
02:30:00,501209056,10,0,5,1,0
02:30:00,501209058,10,0,6,1,0
02:30:00,501209059,5,0,10,1,0
02:30:00,501209060,6,0,14,1,0
02:30:00,501209062,7,0,8,1,0
02:30:00,501209064,10,2,5,1,0
02:30:00,501209065,10,0,5,1,0
02:30:00,501209066,10,2,4,1,0
02:30:00,501209067,10,0,5,1,0
02:30:00,501209068,3,0,13,1,0
02:30:00,501209069,7,0,56,1,0
02:30:00,501209070,5,1,12,1,0
02:30:00,501209071,4,3,13,1,0
02:30:00,501209073,2,1,13,1,0
02:30:00,501209074,9,1,14,1,0
02:30:00,501209075,11,0,4,1,0
02:30:00,501209076,6,0,16,1,0
02:30:00,501209077,1,1,14,1,0
02:30:00,501209078,8,1,5,1,0
02:30:00,501209079,1,0,22,1,0
02:30:00,501209080,5,0,22,1,0
02:30:00,501209081,6,0,9,1,0
02:30:00,501209084,11,0,12,1,0
02:30:00,501209085,9,1,19,1,0
02:30:00,501209087,11,2,28,1,0
02:30:00,501209088,4,2,11,1,0
02:30:00,501209089,0,0,19,1,0
02:30:00,501209090,4,0,9,1,0
02:30:00,501209091,6,0,10,1,0
02:30:00,501209092,11,1,5,1,0
02:30:00,501209093,10,0,5,1,0
02:30:00,501209094,5,0,10,1,0
02:30:00,501209095,9,0,4,1,0
02:30:00,501209096,9,0,5,1,0
02:30:00,501209097,5,1,10,1,0
02:30:00,501209098,1,0,13,1,0
02:30:00,501209099,1,0,18,1,0
02:30:00,501209100,4,0,10,1,0
02:30:00,501209101,6,0,8,1,0
02:30:00,501209102,4,0,16,1,0
02:30:00,501209104,2,1,17,1,0
02:30:00,501209105,10,1,14,1,0
02:30:00,501209106,4,0,15,1,0
02:30:00,501211001,37,6,1,1,0
02:30:00,501211002,5,0,10,1,0
02:30:00,501211004,7,1,8,1,0
02:30:00,501211005,5,0,13,1,0
02:30:00,501211006,12,0,5,1,0
02:30:00,501211007,13,2,6,1,0
02:30:00,501211009,12,0,6,1,0
02:30:00,501211011,19,0,11,1,0
02:30:00,501211012,10,1,8,1,0
02:41:09,501201001,0,0,0,2,0
02:41:09,501201002,12,2,28,1,0
02:41:09,501201003,17,1,6,1,0
02:41:09,501201004,2,0,11,1,0
02:41:09,501201005,2,0,17,1,0
02:41:09,501201006,9,0,19,1,0
02:41:09,501201007,11,3,7,1,0
02:41:09,501201008,5,0,20,1,0
02:41:09,501201010,3,0,7,1,0
02:41:09,501201011,6,2,16,1,0
02:41:09,501201012,10,1,29,1,0
02:41:09,501201013,1,0,21,1,0
02:41:09,501201014,8,1,11,1,0
02:41:09,501201015,10,0,15,1,0
02:41:09,501201016,11,0,14,1,0
02:41:09,501201017,8,1,18,1,0
02:41:09,501201018,4,0,19,1,0
02:41:09,501201019,8,1,20,1,0
02:41:09,501201020,6,0,18,1,0
02:41:09,501201021,9,1,6,1,0
02:41:09,501201022,3,0,13,1,0
02:41:09,501201023,8,2,20,1,0
02:41:09,501201024,5,1,19,1,0
02:41:09,501201025,17,5,6,1,0
02:41:09,501201026,12,0,6,1,0
02:41:09,501201028,10,2,10,1,0
02:41:09,501201029,2,1,11,1,0
02:41:09,501201030,0,0,14,1,0
02:41:09,501201031,10,0,7,1,0
02:41:09,501202001,9,1,5,1,0
02:41:09,501202003,2,1,37,1,0
02:41:09,501202013,3,0,14,1,0
02:41:09,501202023,8,0,7,1,0
02:41:09,501202024,1,1,14,1,0
02:41:09,501202034,0,0,16,1,0
02:41:09,501202035,17,0,13,1,0
02:41:09,501202036,4,0,33,1,0
02:41:09,501202040,2,1,43,1,0
02:41:09,501202043,15,0,10,1,0
02:41:09,501202044,0,0,0,2,0
02:41:09,501202047,3,1,19,1,0
02:41:09,501202050,2,1,14,1,0
02:41:09,501202055,11,0,3,1,0
02:41:09,501202058,10,1,5,1,0
02:41:09,501202065,6,0,8,1,0
02:41:09,501202068,2,0,16,1,0
02:41:09,501202070,3,0,13,1,0
02:41:09,501202078,6,2,19,1,0
02:41:09,501202080,13,0,13,1,0
02:41:09,501202081,9,1,14,1,0
02:41:09,501202082,4,0,19,1,0
02:41:09,501202083,14,0,10,1,0
02:41:09,501202084,3,1,21,1,0
02:41:09,501202085,23,1,12,1,0
02:41:09,501202088,6,0,23,1,0
02:41:09,501202089,13,0,16,1,0
02:41:09,501202096,7,2,8,1,0
02:41:09,501203001,2,0,18,1,0
02:41:09,501203002,9,0,13,1,0
02:41:09,501203003,1,0,92,1,0
02:41:09,501203005,3,0,17,1,0
02:41:09,501203006,8,0,7,1,0
02:41:09,501203007,7,0,8,1,0
02:41:09,501203008,13,3,3,1,0
02:41:09,501203010,19,4,12,1,0
02:41:09,501203011,17,3,20,1,0
02:41:09,501203012,10,0,7,1,0
02:41:09,501203013,18,0,6,1,0
02:41:09,501203015,9,0,3,1,0
02:41:09,501203020,11,2,9,1,0
02:41:09,501203022,2,0,17,1,0
02:41:09,501203023,5,1,13,1,0
02:41:09,501203028,12,1,13,1,0
02:41:09,501203040,1,1,21,1,0
02:41:09,501203045,11,0,7,1,0
02:41:09,501203050,26,1,34,1,0
02:41:09,501203051,21,0,3,1,0
02:41:09,501203053,2,0,24,1,0
02:41:09,501203054,6,1,13,1,0
02:41:09,501203064,13,0,3,1,0
02:41:09,501203065,7,0,9,1,0
02:41:09,501203070,6,2,9,1,0
02:41:09,501203073,8,2,16,1,0
02:41:09,501203076,12,0,4,1,0
02:41:09,501203078,3,0,13,1,0
02:41:09,501203080,9,3,6,1,0
02:41:09,501203084,6,1,5,1,0
02:41:09,501203085,4,0,6,1,0
02:41:09,501203088,1,1,13,1,0
02:41:09,501203089,6,0,6,1,0
02:41:09,501203090,2,0,8,1,0
02:41:09,501203091,4,1,7,1,0
02:41:09,501203092,2,0,18,1,0
02:41:09,501203100,2,1,17,1,0
02:41:09,501203101,0,0,0,2,0
02:41:09,501203102,11,0,7,1,0
02:41:09,501203104,4,1,15,1,0
02:41:09,501203105,3,0,8,1,0
02:41:09,501203107,0,0,0,2,0
02:41:09,501203109,10,4,15,1,0
02:41:09,501203110,5,1,37,1,0
02:41:09,501203111,9,1,2,1,0
02:41:09,501203113,7,1,12,1,0
02:41:09,501203114,10,0,40,1,0
02:41:09,501203117,0,0,0,2,0
02:41:09,501203118,6,0,14,1,0
02:41:09,501203121,19,0,5,1,0
02:41:09,501203122,4,0,16,1,0
02:41:09,501203125,18,3,7,1,0
02:41:09,501203131,10,0,10,1,0
02:41:09,501203140,3,0,39,1,0
02:41:09,501203141,9,0,6,1,0
02:41:09,501203142,4,0,69,1,0
02:41:09,501203145,11,0,3,1,0
02:41:09,501203151,10,1,8,1,0
02:41:09,501203155,5,0,14,1,0
02:41:09,501203157,3,0,14,1,0
02:41:09,501203159,1,1,19,1,0
02:41:09,501203161,6,0,13,1,0
02:41:09,501203162,10,0,11,1,0
02:41:09,501203163,2,1,14,1,0
02:41:09,501204001,19,1,5,1,0
02:41:09,501204002,31,0,3,1,0
02:41:09,501204003,18,1,26,1,0
02:41:09,501204004,5,0,9,1,0
02:41:09,501204005,10,1,7,1,0
02:41:09,501204007,8,0,27,1,0
02:41:09,501204008,4,0,10,1,0
02:41:09,501204009,0,0,0,2,0
02:41:09,501204010,0,0,0,2,0
02:41:09,501204011,10,1,4,1,0
02:41:09,501204012,9,3,5,1,0
02:41:09,501204013,11,3,1,1,0
02:41:09,501204014,4,0,12,1,0
02:41:09,501204015,12,0,3,1,0
02:41:09,501204016,10,1,7,1,0
02:41:09,501204017,4,0,11,1,0
02:41:09,501204018,21,3,1,1,0
02:41:09,501204020,8,1,12,1,0
02:41:09,501204021,1,0,18,1,0
02:41:09,501204022,6,0,10,1,0
02:41:09,501204023,13,0,1,1,0
02:41:09,501204024,0,0,0,2,0
02:41:09,501204025,7,0,13,1,0
02:41:09,501205001,7,0,10,1,0
02:41:09,501205003,13,1,6,1,0
02:41:09,501205004,16,1,0,1,0
02:41:09,501205005,2,0,20,1,0
02:41:09,501205006,10,0,10,1,0
02:41:09,501205007,8,1,4,1,0
02:41:09,501205008,7,0,19,1,0
02:41:09,501205009,4,0,41,1,0
02:41:09,501205010,8,0,6,1,0
02:41:09,501205011,4,0,27,1,0
02:41:09,501205012,9,0,10,1,0
02:41:09,501205013,4,0,17,1,0
02:41:09,501205014,18,4,5,1,0
02:41:09,501205015,10,1,7,1,0
02:41:09,501205018,6,0,12,1,0
02:41:09,501205019,0,0,28,1,0
02:41:09,501205020,3,0,26,1,0
02:41:09,501205021,6,0,9,1,0
02:41:09,501205022,10,1,5,1,0
02:41:09,501205023,5,0,10,1,0
02:41:09,501205025,12,0,16,1,0
02:41:09,501205026,6,0,12,1,0
02:41:09,501205027,5,0,5,1,0
02:41:09,501205028,8,0,7,1,0
02:41:09,501205029,7,2,3,1,0
02:41:09,501205030,9,0,1,1,0
02:41:09,501205033,4,0,11,1,0
02:41:09,501205034,6,1,22,1,0
02:41:09,501205035,6,3,10,1,0
02:41:09,501205036,7,2,8,1,0
02:41:09,501205037,1,0,14,1,0
02:41:09,501205038,4,3,16,1,0
02:41:09,501205039,5,0,15,1,0
02:41:09,501205040,15,2,10,1,0
02:41:09,501205041,9,0,8,1,0
02:41:09,501205042,8,1,20,1,0
02:41:09,501208011,22,2,15,1,0
02:41:09,501208013,22,2,32,1,0
02:41:09,501208014,17,1,21,1,0
02:41:09,501208015,7,0,7,1,0
02:41:09,501208018,6,0,9,1,0
02:41:09,501208021,1,0,16,1,0
02:41:09,501208027,11,1,18,1,0
02:41:09,501208029,15,0,7,1,0
02:41:09,501208030,25,1,13,1,0
02:41:09,501208032,0,0,27,1,0
02:41:09,501208040,9,0,10,1,0
02:41:09,501208041,2,0,13,1,0
02:41:09,501208045,14,0,18,1,0
02:41:09,501208051,11,0,23,1,0
02:41:09,501208053,4,0,17,1,0
02:41:09,501208054,8,1,20,1,0
02:41:09,501208059,1,0,28,1,0
02:41:09,501208064,3,0,17,1,0
02:41:09,501208077,5,1,5,1,0
02:41:09,501208079,8,0,13,1,0
02:41:09,501208082,3,0,7,1,0
02:41:09,501208085,9,1,8,1,0
02:41:09,501208087,0,0,29,1,0
02:41:09,501208089,17,2,8,1,0
02:41:09,501208091,15,1,28,1,0
02:41:09,501208111,8,0,7,1,0
02:41:09,501208113,6,0,14,1,0
02:41:09,501208114,10,2,10,1,0
02:41:09,501208129,0,0,19,1,0
02:41:09,501208130,4,1,10,1,0
02:41:09,501209002,10,1,10,1,0
02:41:09,501209003,13,5,1,1,0
02:41:09,501209004,5,0,10,1,0
02:41:09,501209005,2,2,16,1,0
02:41:09,501209006,6,3,13,1,0
02:41:09,501209007,12,4,3,1,0
02:41:09,501209009,0,0,0,2,0
02:41:09,501209010,4,1,10,1,0
02:41:09,501209011,11,1,14,1,0
02:41:09,501209014,8,1,4,1,0
02:41:09,501209015,8,0,7,1,0
02:41:09,501209016,2,1,27,1,0
02:41:09,501209017,5,0,7,1,0
02:41:09,501209018,8,0,9,1,0
02:41:09,501209019,5,0,20,1,0
02:41:09,501209020,7,0,24,1,0
02:41:09,501209021,5,0,9,1,0
02:41:09,501209022,6,1,4,1,0
02:41:09,501209023,33,4,8,1,0
02:41:09,501209024,18,1,24,1,0
02:41:09,501209025,5,0,8,1,0
02:41:09,501209026,13,0,13,1,0
02:41:09,501209027,7,1,12,1,0
02:41:09,501209028,7,0,20,1,0
02:41:09,501209030,11,3,7,1,0
02:41:09,501209031,14,0,15,1,0
02:41:09,501209032,6,1,22,1,0
02:41:09,501209033,12,1,8,1,0
02:41:09,501209034,3,3,12,1,0
02:41:09,501209035,6,0,22,1,0
02:41:09,501209036,5,1,23,1,0
02:41:09,501209037,4,0,31,1,0
02:41:09,501209038,5,0,11,1,0
02:41:09,501209039,10,2,20,1,0
02:41:09,501209040,5,1,26,1,0
02:41:09,501209042,10,1,10,1,0
02:41:09,501209043,10,1,14,1,0
02:41:09,501209044,9,1,6,1,0
02:41:09,501209045,4,0,11,1,0
02:41:09,501209046,9,0,13,1,0
02:41:09,501209047,6,0,7,1,0
02:41:09,501209049,5,1,15,1,0
02:41:09,501209050,8,1,5,1,0
02:41:09,501209051,6,1,18,1,0
02:41:09,501209052,5,4,17,1,0
02:41:09,501209053,2,1,18,1,0
02:41:09,501209054,5,0,22,1,0
02:41:09,501209056,10,0,5,1,0
02:41:09,501209058,10,0,6,1,0
02:41:09,501209059,5,0,10,1,0
02:41:09,501209060,6,0,14,1,0
02:41:09,501209062,7,0,8,1,0
02:41:09,501209064,10,2,5,1,0
02:41:09,501209065,10,0,5,1,0
02:41:09,501209066,10,2,4,1,0
02:41:09,501209067,10,0,5,1,0
02:41:09,501209068,3,0,13,1,0
02:41:09,501209069,7,0,56,1,0
02:41:09,501209070,5,1,12,1,0
02:41:09,501209071,4,3,13,1,0
02:41:09,501209073,2,1,13,1,0
02:41:09,501209074,9,1,14,1,0
02:41:09,501209075,11,0,4,1,0
02:41:09,501209076,6,0,16,1,0
02:41:09,501209077,1,1,14,1,0
02:41:09,501209078,8,1,5,1,0
02:41:09,501209079,1,0,22,1,0
02:41:09,501209080,5,0,22,1,0
02:41:09,501209081,6,0,9,1,0
02:41:09,501209084,11,0,12,1,0
02:41:09,501209085,9,1,19,1,0
02:41:09,501209087,11,2,28,1,0
02:41:09,501209088,4,2,11,1,0
02:41:09,501209089,0,0,19,1,0
02:41:09,501209090,4,0,9,1,0
02:41:09,501209091,6,0,10,1,0
02:41:09,501209092,11,1,5,1,0
02:41:09,501209093,10,0,5,1,0
02:41:09,501209094,5,0,10,1,0
02:41:09,501209095,9,0,4,1,0
02:41:09,501209096,9,0,5,1,0
02:41:09,501209097,5,1,10,1,0
02:41:09,501209098,1,0,13,1,0
02:41:09,501209099,1,0,18,1,0
02:41:09,501209100,4,0,10,1,0
02:41:09,501209101,6,0,8,1,0
02:41:09,501209102,4,0,16,1,0
02:41:09,501209104,2,1,17,1,0
02:41:09,501209105,10,1,14,1,0
02:41:09,501209106,4,0,15,1,0
02:41:09,501211001,32,1,6,1,0
02:41:09,501211002,5,0,10,1,0
02:41:09,501211004,7,1,8,1,0
02:41:09,501211005,5,0,13,1,0
02:41:09,501211006,12,0,5,1,0
02:41:09,501211007,12,1,7,1,0
02:41:09,501211009,12,0,6,1,0
02:41:09,501211011,19,0,11,1,0
02:41:09,501211012,10,1,8,1,0
02:50:00,501201001,0,0,0,2,0
02:50:00,501201002,12,2,28,1,0
02:50:00,501201003,17,1,6,1,0
02:50:00,501201004,2,0,11,1,0
02:50:00,501201005,2,0,17,1,0
02:50:00,501201006,9,0,19,1,0
02:50:00,501201007,11,3,7,1,0
02:50:00,501201008,5,0,20,1,0
02:50:00,501201010,3,0,7,1,0
02:50:00,501201011,6,2,16,1,0
02:50:00,501201012,10,1,29,1,0
02:50:00,501201013,1,0,21,1,0
02:50:00,501201014,8,1,11,1,0
02:50:00,501201015,10,0,15,1,0
02:50:00,501201016,11,0,14,1,0
02:50:00,501201017,8,1,18,1,0
02:50:00,501201018,4,0,19,1,0
02:50:00,501201019,8,1,20,1,0
02:50:00,501201020,6,0,18,1,0
02:50:00,501201021,9,1,6,1,0
02:50:00,501201022,3,0,13,1,0
02:50:00,501201023,8,2,20,1,0
02:50:00,501201024,4,0,20,1,0
02:50:00,501201025,17,5,6,1,0
02:50:00,501201026,12,0,6,1,0
02:50:00,501201028,10,2,10,1,0
02:50:00,501201029,2,1,11,1,0
02:50:00,501201030,0,0,14,1,0
02:50:00,501201031,10,0,7,1,0
02:50:00,501202001,9,1,5,1,0
02:50:00,501202003,2,1,37,1,0
02:50:00,501202013,3,0,14,1,0
02:50:00,501202023,8,0,7,1,0
02:50:00,501202024,1,1,14,1,0
02:50:00,501202034,0,0,16,1,0
02:50:00,501202035,17,0,13,1,0
02:50:00,501202036,4,0,33,1,0
02:50:00,501202040,2,1,43,1,0
02:50:00,501202043,15,0,10,1,0
02:50:00,501202044,0,0,0,2,0
02:50:00,501202047,3,1,19,1,0
02:50:00,501202050,2,1,14,1,0
02:50:00,501202055,11,0,3,1,0
02:50:00,501202058,10,1,5,1,0
02:50:00,501202065,6,0,8,1,0
02:50:00,501202068,2,0,16,1,0
02:50:00,501202070,3,0,13,1,0
02:50:00,501202078,6,2,19,1,0
02:50:00,501202080,13,0,13,1,0
02:50:00,501202081,9,1,14,1,0
02:50:00,501202082,4,0,19,1,0
02:50:00,501202083,14,0,10,1,0
02:50:00,501202084,3,1,21,1,0
02:50:00,501202085,23,1,12,1,0
02:50:00,501202088,6,0,23,1,0
02:50:00,501202089,13,0,16,1,0
02:50:00,501202096,7,2,8,1,0
02:50:00,501203001,6,0,14,1,0
02:50:00,501203002,9,0,13,1,0
02:50:00,501203003,1,0,92,1,0
02:50:00,501203005,3,0,17,1,0
02:50:00,501203006,8,0,7,1,0
02:50:00,501203007,7,0,8,1,0
02:50:00,501203008,13,3,3,1,0
02:50:00,501203010,19,4,12,1,0
02:50:00,501203011,17,3,20,1,0
02:50:00,501203012,10,0,7,1,0
02:50:00,501203013,18,0,6,1,0
02:50:00,501203015,9,0,3,1,0
02:50:00,501203020,11,2,9,1,0
02:50:00,501203022,2,0,17,1,0
02:50:00,501203023,5,1,13,1,0
02:50:00,501203028,12,1,13,1,0
02:50:00,501203040,1,1,21,1,0
02:50:00,501203045,12,1,6,1,0
02:50:00,501203050,26,1,34,1,0
02:50:00,501203051,21,0,3,1,0
02:50:00,501203053,2,0,24,1,0
02:50:00,501203054,6,1,13,1,0
02:50:00,501203064,13,0,3,1,0
02:50:00,501203065,7,0,9,1,0
02:50:00,501203070,6,2,9,1,0
02:50:00,501203073,8,2,16,1,0
02:50:00,501203076,12,0,4,1,0
02:50:00,501203078,3,0,13,1,0
02:50:00,501203080,9,3,6,1,0
02:50:00,501203084,6,1,5,1,0
02:50:00,501203085,4,0,6,1,0
02:50:00,501203088,1,1,13,1,0
02:50:00,501203089,6,0,6,1,0
02:50:00,501203090,2,0,8,1,0
02:50:00,501203091,4,1,7,1,0
02:50:00,501203092,2,0,18,1,0
02:50:00,501203100,2,1,17,1,0
02:50:00,501203101,0,0,0,2,0
02:50:00,501203102,11,0,7,1,0
02:50:00,501203104,4,1,15,1,0
02:50:00,501203105,3,0,8,1,0
02:50:00,501203107,0,0,0,2,0
02:50:00,501203109,10,4,15,1,0
02:50:00,501203110,5,1,37,1,0
02:50:00,501203111,9,1,2,1,0
02:50:00,501203113,7,1,12,1,0
02:50:00,501203114,10,0,40,1,0
02:50:00,501203117,0,0,0,2,0
02:50:00,501203118,6,0,14,1,0
02:50:00,501203121,19,0,5,1,0
02:50:00,501203122,4,0,16,1,0
02:50:00,501203125,18,3,7,1,0
02:50:00,501203131,10,0,10,1,0
02:50:00,501203140,3,0,39,1,0
02:50:00,501203141,9,0,6,1,0
02:50:00,501203142,4,0,69,1,0
02:50:00,501203145,11,0,3,1,0
02:50:00,501203151,10,1,8,1,0
02:50:00,501203155,5,0,14,1,0
02:50:00,501203157,3,0,14,1,0
02:50:00,501203159,1,1,19,1,0
02:50:00,501203161,6,0,13,1,0
02:50:00,501203162,10,0,11,1,0
02:50:00,501203163,2,1,14,1,0
02:50:00,501204001,20,1,4,1,0
02:50:00,501204002,31,0,3,1,0
02:50:00,501204003,18,1,26,1,0
02:50:00,501204004,5,0,9,1,0
02:50:00,501204005,10,1,7,1,0
02:50:00,501204007,8,0,27,1,0
02:50:00,501204008,4,0,10,1,0
02:50:00,501204009,0,0,0,2,0
02:50:00,501204010,0,0,0,2,0
02:50:00,501204011,10,1,4,1,0
02:50:00,501204012,9,3,5,1,0
02:50:00,501204013,11,3,1,1,0
02:50:00,501204014,4,0,12,1,0
02:50:00,501204015,12,0,3,1,0
02:50:00,501204016,10,1,7,1,0
02:50:00,501204017,4,0,11,1,0
02:50:00,501204018,21,3,1,1,0
02:50:00,501204020,8,1,12,1,0
02:50:00,501204021,1,0,18,1,0
02:50:00,501204022,6,0,10,1,0
02:50:00,501204023,13,0,1,1,0
02:50:00,501204024,0,0,0,2,0
02:50:00,501204025,7,0,13,1,0
02:50:00,501205001,7,0,10,1,0
02:50:00,501205003,13,1,6,1,0
02:50:00,501205004,12,1,4,1,0
02:50:00,501205005,2,0,20,1,0
02:50:00,501205006,10,0,10,1,0
02:50:00,501205007,8,1,4,1,0
02:50:00,501205008,7,0,19,1,0
02:50:00,501205009,4,0,41,1,0
02:50:00,501205010,8,0,6,1,0
02:50:00,501205011,4,0,27,1,0
02:50:00,501205012,10,1,9,1,0
02:50:00,501205013,4,0,17,1,0
02:50:00,501205014,18,4,5,1,0
02:50:00,501205015,10,1,7,1,0
02:50:00,501205018,6,0,12,1,0
02:50:00,501205019,0,0,28,1,0
02:50:00,501205020,3,0,26,1,0
02:50:00,501205021,6,0,9,1,0
02:50:00,501205022,10,1,5,1,0
02:50:00,501205023,5,0,10,1,0
02:50:00,501205025,12,0,16,1,0
02:50:00,501205026,6,0,12,1,0
02:50:00,501205027,5,0,5,1,0
02:50:00,501205028,8,0,7,1,0
02:50:00,501205029,7,2,3,1,0
02:50:00,501205030,9,0,1,1,0
02:50:00,501205033,4,0,11,1,0
02:50:00,501205034,6,1,22,1,0
02:50:00,501205035,6,3,10,1,0
02:50:00,501205036,7,2,8,1,0
02:50:00,501205037,1,0,14,1,0
02:50:00,501205038,4,3,16,1,0
02:50:00,501205039,5,0,15,1,0
02:50:00,501205040,15,2,10,1,0
02:50:00,501205041,11,2,6,1,0
02:50:00,501205042,8,1,20,1,0
02:50:00,501208011,22,2,15,1,0
02:50:00,501208013,22,2,32,1,0
02:50:00,501208014,27,1,11,1,0
02:50:00,501208015,7,0,7,1,0
02:50:00,501208018,7,0,8,1,0
02:50:00,501208021,1,0,16,1,0
02:50:00,501208027,11,1,18,1,0
02:50:00,501208029,15,0,7,1,0
02:50:00,501208030,25,1,13,1,0
02:50:00,501208032,0,0,27,1,0
02:50:00,501208040,9,0,10,1,0
02:50:00,501208041,2,0,13,1,0
02:50:00,501208045,14,0,18,1,0
02:50:00,501208051,11,0,23,1,0
02:50:00,501208053,4,0,17,1,0
02:50:00,501208054,8,1,20,1,0
02:50:00,501208059,1,0,28,1,0
02:50:00,501208064,3,0,17,1,0
02:50:00,501208077,5,1,5,1,0
02:50:00,501208079,8,0,13,1,0
02:50:00,501208082,3,0,7,1,0
02:50:00,501208085,10,2,7,1,0
02:50:00,501208087,11,0,18,1,0
02:50:00,501208089,17,2,8,1,0
02:50:00,501208091,15,1,28,1,0
02:50:00,501208111,8,0,7,1,0
02:50:00,501208113,6,0,14,1,0
02:50:00,501208114,10,2,10,1,0
02:50:00,501208129,0,0,19,1,0
02:50:00,501208130,4,1,10,1,0
02:50:00,501209002,10,1,10,1,0
02:50:00,501209003,13,5,1,1,0
02:50:00,501209004,5,0,10,1,0
02:50:00,501209005,2,2,16,1,0
02:50:00,501209006,6,3,13,1,0
02:50:00,501209007,12,4,3,1,0
02:50:00,501209009,0,0,0,2,0
02:50:00,501209010,4,1,10,1,0
02:50:00,501209011,11,1,14,1,0
02:50:00,501209014,8,1,4,1,0
02:50:00,501209015,8,0,7,1,0
02:50:00,501209016,2,1,27,1,0
02:50:00,501209017,5,0,7,1,0
02:50:00,501209018,8,0,9,1,0
02:50:00,501209019,5,0,20,1,0
02:50:00,501209020,7,0,24,1,0
02:50:00,501209021,5,0,9,1,0
02:50:00,501209022,6,1,4,1,0
02:50:00,501209023,33,4,8,1,0
02:50:00,501209024,18,1,24,1,0
02:50:00,501209025,5,0,8,1,0
02:50:00,501209026,21,0,5,1,0
02:50:00,501209027,7,1,12,1,0
02:50:00,501209028,7,0,20,1,0
02:50:00,501209030,11,3,7,1,0
02:50:00,501209031,14,0,15,1,0
02:50:00,501209032,6,1,22,1,0
02:50:00,501209033,12,1,8,1,0
02:50:00,501209034,3,3,12,1,0
02:50:00,501209035,6,0,22,1,0
02:50:00,501209036,4,1,24,1,0
02:50:00,501209037,4,0,31,1,0
02:50:00,501209038,5,0,11,1,0
02:50:00,501209039,10,2,20,1,0
02:50:00,501209040,5,1,26,1,0
02:50:00,501209042,10,1,10,1,0
02:50:00,501209043,10,1,14,1,0
02:50:00,501209044,9,1,6,1,0
02:50:00,501209045,4,0,11,1,0
02:50:00,501209046,9,0,13,1,0
02:50:00,501209047,6,0,7,1,0
02:50:00,501209049,5,1,15,1,0
02:50:00,501209050,8,1,5,1,0
02:50:00,501209051,6,1,18,1,0
02:50:00,501209052,5,4,17,1,0
02:50:00,501209053,2,1,18,1,0
02:50:00,501209054,5,0,22,1,0
02:50:00,501209056,10,0,5,1,0
02:50:00,501209058,10,0,6,1,0
02:50:00,501209059,5,0,10,1,0
02:50:00,501209060,6,0,14,1,0
02:50:00,501209062,7,0,8,1,0
02:50:00,501209064,10,2,5,1,0
02:50:00,501209065,10,0,5,1,0
02:50:00,501209066,10,2,4,1,0
02:50:00,501209067,10,0,5,1,0
02:50:00,501209068,3,0,13,1,0
02:50:00,501209069,7,0,56,1,0
02:50:00,501209070,7,1,10,1,0
02:50:00,501209071,4,3,13,1,0
02:50:00,501209073,2,1,13,1,0
02:50:00,501209074,9,1,14,1,0
02:50:00,501209075,11,0,4,1,0
02:50:00,501209076,6,0,16,1,0
02:50:00,501209077,1,1,14,1,0
02:50:00,501209078,8,1,5,1,0
02:50:00,501209079,1,0,22,1,0
02:50:00,501209080,5,0,22,1,0
02:50:00,501209081,6,0,9,1,0
02:50:00,501209084,11,0,12,1,0
02:50:00,501209085,9,1,19,1,0
02:50:00,501209087,11,2,28,1,0
02:50:00,501209088,4,2,11,1,0
02:50:00,501209089,0,0,19,1,0
02:50:00,501209090,4,0,9,1,0
02:50:00,501209091,6,0,10,1,0
02:50:00,501209092,11,1,5,1,0
02:50:00,501209093,10,0,5,1,0
02:50:00,501209094,5,0,10,1,0
02:50:00,501209095,9,0,4,1,0
02:50:00,501209096,9,0,5,1,0
02:50:00,501209097,5,1,10,1,0
02:50:00,501209098,1,0,13,1,0
02:50:00,501209099,1,0,18,1,0
02:50:00,501209100,4,0,10,1,0
02:50:00,501209101,6,0,8,1,0
02:50:00,501209102,4,0,16,1,0
02:50:00,501209104,2,1,17,1,0
02:50:00,501209105,10,1,14,1,0
02:50:00,501209106,4,0,15,1,0
02:50:00,501211001,32,1,6,1,0
02:50:00,501211002,5,0,10,1,0
02:50:00,501211004,7,1,8,1,0
02:50:00,501211005,5,0,13,1,0
02:50:00,501211006,12,0,5,1,0
02:50:00,501211007,12,1,7,1,0
02:50:00,501211009,12,0,6,1,0
02:50:00,501211011,19,0,11,1,0
02:50:00,501211012,10,1,8,1,0
03:00:00,501201001,0,0,0,2,0
03:00:00,501201002,12,2,28,1,0
03:00:00,501201003,17,1,6,1,0
03:00:00,501201004,2,0,11,1,0
03:00:00,501201005,2,0,17,1,0
03:00:00,501201006,9,0,19,1,0
03:00:00,501201007,11,3,7,1,0
03:00:00,501201008,5,0,20,1,0
03:00:00,501201010,3,0,7,1,0
03:00:00,501201011,6,2,16,1,0
03:00:00,501201012,10,1,29,1,0
03:00:00,501201013,1,0,21,1,0
03:00:00,501201014,8,1,11,1,0
03:00:00,501201015,10,0,15,1,0
03:00:00,501201016,11,0,14,1,0
03:00:00,501201017,8,1,18,1,0
03:00:00,501201018,4,0,19,1,0
03:00:00,501201019,8,1,20,1,0
03:00:00,501201020,7,1,17,1,0
03:00:00,501201021,9,1,6,1,0
03:00:00,501201022,3,0,13,1,0
03:00:00,501201023,8,2,20,1,0
03:00:00,501201024,4,0,20,1,0
03:00:00,501201025,17,5,6,1,0
03:00:00,501201026,12,0,6,1,0
03:00:00,501201028,10,2,10,1,0
03:00:00,501201029,2,1,11,1,0
03:00:00,501201030,0,0,14,1,0
03:00:00,501201031,10,0,7,1,0
03:00:00,501202001,9,1,5,1,0
03:00:00,501202003,2,1,37,1,0
03:00:00,501202013,3,0,14,1,0
03:00:00,501202023,8,0,7,1,0
03:00:00,501202024,1,1,14,1,0
03:00:00,501202034,1,0,15,1,0
03:00:00,501202035,18,1,12,1,0
03:00:00,501202036,4,0,33,1,0
03:00:00,501202040,2,1,43,1,0
03:00:00,501202043,15,0,10,1,0
03:00:00,501202044,0,0,0,2,0
03:00:00,501202047,3,1,19,1,0
03:00:00,501202050,2,1,14,1,0
03:00:00,501202055,11,0,3,1,0
03:00:00,501202058,10,1,5,1,0
03:00:00,501202065,6,0,8,1,0
03:00:00,501202068,2,0,16,1,0
03:00:00,501202070,3,0,13,1,0
03:00:00,501202078,6,2,19,1,0
03:00:00,501202080,13,0,13,1,0
03:00:00,501202081,9,1,14,1,0
03:00:00,501202082,4,0,19,1,0
03:00:00,501202083,14,0,10,1,0
03:00:00,501202084,3,1,21,1,0
03:00:00,501202085,23,1,12,1,0
03:00:00,501202088,6,0,23,1,0
03:00:00,501202089,13,0,16,1,0
03:00:00,501202096,7,2,8,1,0
03:00:00,501203001,6,0,14,1,0
03:00:00,501203002,9,0,13,1,0
03:00:00,501203003,1,0,92,1,0
03:00:00,501203005,3,0,17,1,0
03:00:00,501203006,8,0,7,1,0
03:00:00,501203007,7,0,8,1,0
03:00:00,501203008,13,3,3,1,0
03:00:00,501203010,19,4,12,1,0
03:00:00,501203011,17,3,20,1,0
03:00:00,501203012,10,0,7,1,0
03:00:00,501203013,18,0,6,1,0
03:00:00,501203015,9,0,3,1,0
03:00:00,501203020,11,2,9,1,0
03:00:00,501203022,2,0,17,1,0
03:00:00,501203023,5,1,13,1,0
03:00:00,501203028,14,3,11,1,0
03:00:00,501203040,2,1,20,1,0
03:00:00,501203045,12,1,6,1,0
03:00:00,501203050,26,1,34,1,0
03:00:00,501203051,21,0,3,1,0
03:00:00,501203053,2,0,24,1,0
03:00:00,501203054,6,1,13,1,0
03:00:00,501203064,13,0,3,1,0
03:00:00,501203065,7,0,9,1,0
03:00:00,501203070,6,2,9,1,0
03:00:00,501203073,8,2,16,1,0
03:00:00,501203076,12,0,4,1,0
03:00:00,501203078,3,0,13,1,0
03:00:00,501203080,9,3,6,1,0
03:00:00,501203084,6,1,5,1,0
03:00:00,501203085,4,0,6,1,0
03:00:00,501203088,1,1,13,1,0
03:00:00,501203089,6,0,6,1,0
03:00:00,501203090,2,0,8,1,0
03:00:00,501203091,4,1,7,1,0
03:00:00,501203092,2,0,18,1,0
03:00:00,501203100,2,1,17,1,0
03:00:00,501203101,0,0,0,2,0
03:00:00,501203102,11,0,7,1,0
03:00:00,501203104,4,1,15,1,0
03:00:00,501203105,3,0,8,1,0
03:00:00,501203107,0,0,0,2,0
03:00:00,501203109,10,4,15,1,0
03:00:00,501203110,5,1,37,1,0
03:00:00,501203111,9,1,2,1,0
03:00:00,501203113,7,1,12,1,0
03:00:00,501203114,10,0,40,1,0
03:00:00,501203117,0,0,0,2,0
03:00:00,501203118,6,0,14,1,0
03:00:00,501203121,19,0,5,1,0
03:00:00,501203122,4,0,16,1,0
03:00:00,501203125,18,3,7,1,0
03:00:00,501203131,10,0,10,1,0
03:00:00,501203140,3,0,39,1,0
03:00:00,501203141,9,0,6,1,0
03:00:00,501203142,4,0,69,1,0
03:00:00,501203145,11,0,3,1,0
03:00:00,501203151,10,1,8,1,0
03:00:00,501203155,5,0,14,1,0
03:00:00,501203157,3,0,14,1,0
03:00:00,501203159,1,1,19,1,0
03:00:00,501203161,6,0,13,1,0
03:00:00,501203162,10,0,11,1,0
03:00:00,501203163,2,1,14,1,0
03:00:00,501204001,20,1,4,1,0
03:00:00,501204002,31,0,3,1,0
03:00:00,501204003,18,1,26,1,0
03:00:00,501204004,5,0,9,1,0
03:00:00,501204005,10,1,7,1,0
03:00:00,501204007,8,0,27,1,0
03:00:00,501204008,4,0,10,1,0
03:00:00,501204009,0,0,0,2,0
03:00:00,501204010,0,0,0,2,0
03:00:00,501204011,10,1,4,1,0
03:00:00,501204012,9,3,5,1,0
03:00:00,501204013,11,3,1,1,0
03:00:00,501204014,4,0,12,1,0
03:00:00,501204015,12,0,3,1,0
03:00:00,501204016,10,1,7,1,0
03:00:00,501204017,4,0,11,1,0
03:00:00,501204018,21,3,1,1,0
03:00:00,501204020,8,1,12,1,0
03:00:00,501204021,1,0,18,1,0
03:00:00,501204022,6,0,10,1,0
03:00:00,501204023,13,0,1,1,0
03:00:00,501204024,0,0,0,2,0
03:00:00,501204025,7,0,13,1,0
03:00:00,501205001,7,0,10,1,0
03:00:00,501205003,13,1,6,1,0
03:00:00,501205004,12,1,4,1,0
03:00:00,501205005,2,0,20,1,0
03:00:00,501205006,10,0,10,1,0
03:00:00,501205007,8,1,4,1,0
03:00:00,501205008,7,0,19,1,0
03:00:00,501205009,4,0,41,1,0
03:00:00,501205010,8,0,6,1,0
03:00:00,501205011,4,0,27,1,0
03:00:00,501205012,9,0,10,1,0
03:00:00,501205013,4,0,17,1,0
03:00:00,501205014,18,4,5,1,0
03:00:00,501205015,10,1,7,1,0
03:00:00,501205018,6,0,12,1,0
03:00:00,501205019,0,0,28,1,0
03:00:00,501205020,3,0,26,1,0
03:00:00,501205021,6,0,9,1,0
03:00:00,501205022,10,1,5,1,0
03:00:00,501205023,5,0,10,1,0
03:00:00,501205025,12,0,16,1,0
03:00:00,501205026,6,0,12,1,0
03:00:00,501205027,5,0,5,1,0
03:00:00,501205028,8,0,7,1,0
03:00:00,501205029,7,2,3,1,0
03:00:00,501205030,5,0,5,1,0
03:00:00,501205033,4,0,11,1,0
03:00:00,501205034,6,1,22,1,0
03:00:00,501205035,6,3,10,1,0
03:00:00,501205036,7,2,8,1,0
03:00:00,501205037,1,0,14,1,0
03:00:00,501205038,4,3,16,1,0
03:00:00,501205039,5,0,15,1,0
03:00:00,501205040,15,2,10,1,0
03:00:00,501205041,11,2,6,1,0
03:00:00,501205042,8,1,20,1,0
03:00:00,501208011,22,2,15,1,0
03:00:00,501208013,22,2,32,1,0
03:00:00,501208014,27,1,11,1,0
03:00:00,501208015,7,0,7,1,0
03:00:00,501208018,7,0,8,1,0
03:00:00,501208021,1,0,16,1,0
03:00:00,501208027,11,1,18,1,0
03:00:00,501208029,15,0,7,1,0
03:00:00,501208030,25,1,13,1,0
03:00:00,501208032,0,0,27,1,0
03:00:00,501208040,9,0,10,1,0
03:00:00,501208041,2,0,13,1,0
03:00:00,501208045,14,0,18,1,0
03:00:00,501208051,11,0,23,1,0
03:00:00,501208053,4,0,17,1,0
03:00:00,501208054,8,1,20,1,0
03:00:00,501208059,1,0,28,1,0
03:00:00,501208064,3,0,17,1,0
03:00:00,501208077,5,1,5,1,0
03:00:00,501208079,8,0,13,1,0
03:00:00,501208082,3,0,7,1,0
03:00:00,501208085,10,2,7,1,0
03:00:00,501208087,16,0,13,1,0
03:00:00,501208089,17,2,8,1,0
03:00:00,501208091,15,1,28,1,0
03:00:00,501208111,8,0,7,1,0
03:00:00,501208113,6,0,14,1,0
03:00:00,501208114,10,2,10,1,0
03:00:00,501208129,0,0,19,1,0
03:00:00,501208130,4,1,10,1,0
03:00:00,501209002,10,1,10,1,0
03:00:00,501209003,13,5,1,1,0
03:00:00,501209004,5,0,10,1,0
03:00:00,501209005,2,2,16,1,0
03:00:00,501209006,6,3,13,1,0
03:00:00,501209007,11,4,4,1,0
03:00:00,501209009,0,0,0,2,0
03:00:00,501209010,4,1,10,1,0
03:00:00,501209011,11,1,14,1,0
03:00:00,501209014,8,1,4,1,0
03:00:00,501209015,8,0,7,1,0
03:00:00,501209016,2,1,27,1,0
03:00:00,501209017,5,0,7,1,0
03:00:00,501209018,8,0,9,1,0
03:00:00,501209019,5,0,20,1,0
03:00:00,501209020,7,0,24,1,0
03:00:00,501209021,5,0,9,1,0
03:00:00,501209022,6,1,4,1,0
03:00:00,501209023,33,4,7,1,0
03:00:00,501209024,18,1,24,1,0
03:00:00,501209025,5,0,8,1,0
03:00:00,501209026,21,0,5,1,0
03:00:00,501209027,7,1,12,1,0
03:00:00,501209028,7,0,20,1,0
03:00:00,501209030,11,3,7,1,0
03:00:00,501209031,14,0,15,1,0
03:00:00,501209032,6,1,22,1,0
03:00:00,501209033,12,1,8,1,0
03:00:00,501209034,3,3,12,1,0
03:00:00,501209035,6,0,22,1,0
03:00:00,501209036,5,1,23,1,0
03:00:00,501209037,4,0,31,1,0
03:00:00,501209038,5,0,11,1,0
03:00:00,501209039,10,2,20,1,0
03:00:00,501209040,5,1,26,1,0
03:00:00,501209042,10,1,10,1,0
03:00:00,501209043,10,1,14,1,0
03:00:00,501209044,9,1,6,1,0
03:00:00,501209045,4,0,11,1,0
03:00:00,501209046,9,0,13,1,0
03:00:00,501209047,6,0,7,1,0
03:00:00,501209049,5,1,15,1,0
03:00:00,501209050,8,1,5,1,0
03:00:00,501209051,6,1,18,1,0
03:00:00,501209052,5,4,17,1,0
03:00:00,501209053,2,1,18,1,0
03:00:00,501209054,5,0,22,1,0
03:00:00,501209056,10,0,5,1,0
03:00:00,501209058,10,0,6,1,0
03:00:00,501209059,5,0,10,1,0
03:00:00,501209060,6,0,14,1,0
03:00:00,501209062,7,0,8,1,0
03:00:00,501209064,10,2,5,1,0
03:00:00,501209065,10,0,5,1,0
03:00:00,501209066,10,2,4,1,0
03:00:00,501209067,10,0,5,1,0
03:00:00,501209068,3,0,13,1,0
03:00:00,501209069,5,0,58,1,0
03:00:00,501209070,9,2,8,1,0
03:00:00,501209071,4,3,13,1,0
03:00:00,501209073,2,1,13,1,0
03:00:00,501209074,9,1,14,1,0
03:00:00,501209075,11,0,4,1,0
03:00:00,501209076,6,0,16,1,0
03:00:00,501209077,1,1,14,1,0
03:00:00,501209078,8,1,5,1,0
03:00:00,501209079,1,0,22,1,0
03:00:00,501209080,5,0,22,1,0
03:00:00,501209081,6,0,9,1,0
03:00:00,501209084,11,0,12,1,0
03:00:00,501209085,9,1,19,1,0
03:00:00,501209087,11,2,28,1,0
03:00:00,501209088,4,2,11,1,0
03:00:00,501209089,7,1,13,1,0
03:00:00,501209090,4,0,9,1,0
03:00:00,501209091,6,0,10,1,0
03:00:00,501209092,11,1,5,1,0
03:00:00,501209093,10,0,5,1,0
03:00:00,501209094,5,0,10,1,0
03:00:00,501209095,9,0,4,1,0
03:00:00,501209096,9,0,5,1,0
03:00:00,501209097,5,1,10,1,0
03:00:00,501209098,1,0,13,1,0
03:00:00,501209099,1,0,18,1,0
03:00:00,501209100,4,0,10,1,0
03:00:00,501209101,6,0,8,1,0
03:00:00,501209102,4,0,16,1,0
03:00:00,501209104,2,1,17,1,0
03:00:00,501209105,10,1,14,1,0
03:00:00,501209106,4,0,15,1,0
03:00:00,501211001,32,1,6,1,0
03:00:00,501211002,5,0,10,1,0
03:00:00,501211004,7,1,8,1,0
03:00:00,501211005,5,0,13,1,0
03:00:00,501211006,12,0,5,1,0
03:00:00,501211007,12,1,7,1,0
03:00:00,501211009,12,0,6,1,0
03:00:00,501211011,19,0,11,1,0
03:00:00,501211012,10,1,8,1,0
03:10:00,501201001,0,0,0,2,0
03:10:00,501201002,12,2,28,1,0
03:10:00,501201003,17,1,6,1,0
03:10:00,501201004,2,0,11,1,0
03:10:00,501201005,2,0,17,1,0
03:10:00,501201006,9,0,19,1,0
03:10:00,501201007,11,3,7,1,0
03:10:00,501201008,5,0,20,1,0
03:10:00,501201010,3,0,7,1,0
03:10:00,501201011,6,2,16,1,0
03:10:00,501201012,10,1,29,1,0
03:10:00,501201013,1,0,21,1,0
03:10:00,501201014,8,1,11,1,0
03:10:00,501201015,10,0,15,1,0
03:10:00,501201016,11,0,14,1,0
03:10:00,501201017,8,1,18,1,0
03:10:00,501201018,4,0,19,1,0
03:10:00,501201019,8,1,20,1,0
03:10:00,501201020,7,1,17,1,0
03:10:00,501201021,9,1,6,1,0
03:10:00,501201022,3,0,13,1,0
03:10:00,501201023,8,2,20,1,0
03:10:00,501201024,4,0,20,1,0
03:10:00,501201025,17,5,6,1,0
03:10:00,501201026,12,0,6,1,0
03:10:00,501201028,10,2,10,1,0
03:10:00,501201029,2,1,11,1,0
03:10:00,501201030,0,0,14,1,0
03:10:00,501201031,10,0,7,1,0
03:10:00,501202001,9,1,5,1,0
03:10:00,501202003,2,1,37,1,0
03:10:00,501202013,3,0,14,1,0
03:10:00,501202023,8,0,7,1,0
03:10:00,501202024,1,1,14,1,0
03:10:00,501202034,1,0,15,1,0
03:10:00,501202035,17,0,13,1,0
03:10:00,501202036,4,0,33,1,0
03:10:00,501202040,2,1,43,1,0
03:10:00,501202043,15,0,10,1,0
03:10:00,501202044,0,0,0,2,0
03:10:00,501202047,3,1,19,1,0
03:10:00,501202050,2,1,14,1,0
03:10:00,501202055,11,0,3,1,0
03:10:00,501202058,10,1,5,1,0
03:10:00,501202065,6,0,8,1,0
03:10:00,501202068,2,0,16,1,0
03:10:00,501202070,3,0,13,1,0
03:10:00,501202078,6,2,19,1,0
03:10:00,501202080,13,0,13,1,0
03:10:00,501202081,9,1,14,1,0
03:10:00,501202082,4,0,19,1,0
03:10:00,501202083,14,0,10,1,0
03:10:00,501202084,3,1,21,1,0
03:10:00,501202085,23,1,12,1,0
03:10:00,501202088,6,0,23,1,0
03:10:00,501202089,13,0,16,1,0
03:10:00,501202096,7,2,8,1,0
03:10:00,501203001,5,0,15,1,0
03:10:00,501203002,9,0,13,1,0
03:10:00,501203003,1,0,92,1,0
03:10:00,501203005,3,0,17,1,0
03:10:00,501203006,8,0,7,1,0
03:10:00,501203007,7,0,8,1,0
03:10:00,501203008,13,3,3,1,0
03:10:00,501203010,19,4,12,1,0
03:10:00,501203011,17,3,20,1,0
03:10:00,501203012,10,0,7,1,0
03:10:00,501203013,18,0,6,1,0
03:10:00,501203015,9,0,3,1,0
03:10:00,501203020,11,2,9,1,0
03:10:00,501203022,2,0,17,1,0
03:10:00,501203023,5,1,13,1,0
03:10:00,501203028,14,3,11,1,0
03:10:00,501203040,2,1,20,1,0
03:10:00,501203045,12,1,6,1,0
03:10:00,501203050,26,1,34,1,0
03:10:00,501203051,21,0,3,1,0
03:10:00,501203053,2,0,24,1,0
03:10:00,501203054,6,1,13,1,0
03:10:00,501203064,13,0,3,1,0
03:10:00,501203065,7,0,9,1,0
03:10:00,501203070,6,2,9,1,0
03:10:00,501203073,8,2,16,1,0
03:10:00,501203076,12,0,4,1,0
03:10:00,501203078,3,0,13,1,0
03:10:00,501203080,9,3,6,1,0
03:10:00,501203084,6,1,5,1,0
03:10:00,501203085,4,0,6,1,0
03:10:00,501203088,1,1,13,1,0
03:10:00,501203089,6,0,6,1,0
03:10:00,501203090,2,0,8,1,0
03:10:00,501203091,4,1,7,1,0
03:10:00,501203092,2,0,18,1,0
03:10:00,501203100,2,1,17,1,0
03:10:00,501203101,0,0,0,2,0
03:10:00,501203102,10,0,8,1,0
03:10:00,501203104,4,1,15,1,0
03:10:00,501203105,3,0,8,1,0
03:10:00,501203107,0,0,0,2,0
03:10:00,501203109,10,4,15,1,0
03:10:00,501203110,5,1,37,1,0
03:10:00,501203111,9,1,2,1,0
03:10:00,501203113,7,1,12,1,0
03:10:00,501203114,10,0,40,1,0
03:10:00,501203117,0,0,0,2,0
03:10:00,501203118,6,0,14,1,0
03:10:00,501203121,19,0,5,1,0
03:10:00,501203122,4,0,16,1,0
03:10:00,501203125,18,3,7,1,0
03:10:00,501203131,10,0,10,1,0
03:10:00,501203140,3,0,39,1,0
03:10:00,501203141,9,0,6,1,0
03:10:00,501203142,4,0,69,1,0
03:10:00,501203145,11,0,3,1,0
03:10:00,501203151,10,1,8,1,0
03:10:00,501203155,5,0,14,1,0
03:10:00,501203157,3,0,14,1,0
03:10:00,501203159,1,1,19,1,0
03:10:00,501203161,6,0,13,1,0
03:10:00,501203162,10,0,11,1,0
03:10:00,501203163,2,1,14,1,0
03:10:00,501204001,12,1,12,1,0
03:10:00,501204002,31,0,3,1,0
03:10:00,501204003,18,1,26,1,0
03:10:00,501204004,5,0,9,1,0
03:10:00,501204005,10,1,7,1,0
03:10:00,501204007,8,0,27,1,0
03:10:00,501204008,4,0,10,1,0
03:10:00,501204009,0,0,0,2,0
03:10:00,501204010,0,0,0,2,0
03:10:00,501204011,10,1,4,1,0
03:10:00,501204012,9,3,5,1,0
03:10:00,501204013,11,3,1,1,0
03:10:00,501204014,4,0,12,1,0
03:10:00,501204015,12,0,3,1,0
03:10:00,501204016,10,1,7,1,0
03:10:00,501204017,4,0,11,1,0
03:10:00,501204018,21,3,1,1,0
03:10:00,501204020,8,1,12,1,0
03:10:00,501204021,1,0,18,1,0
03:10:00,501204022,6,0,10,1,0
03:10:00,501204023,13,0,1,1,0
03:10:00,501204024,0,0,0,2,0
03:10:00,501204025,7,0,13,1,0
03:10:00,501205001,7,0,10,1,0
03:10:00,501205003,13,1,6,1,0
03:10:00,501205004,12,1,4,1,0
03:10:00,501205005,2,0,20,1,0
03:10:00,501205006,10,0,10,1,0
03:10:00,501205007,8,1,4,1,0
03:10:00,501205008,8,1,18,1,0
03:10:00,501205009,4,0,41,1,0
03:10:00,501205010,8,0,6,1,0
03:10:00,501205011,4,0,27,1,0
03:10:00,501205012,9,0,10,1,0
03:10:00,501205013,4,0,17,1,0
03:10:00,501205014,18,4,5,1,0
03:10:00,501205015,10,1,7,1,0
03:10:00,501205018,6,0,12,1,0
03:10:00,501205019,4,0,24,1,0
03:10:00,501205020,3,0,26,1,0
03:10:00,501205021,6,0,9,1,0
03:10:00,501205022,10,1,5,1,0
03:10:00,501205023,5,0,10,1,0
03:10:00,501205025,12,0,16,1,0
03:10:00,501205026,6,0,12,1,0
03:10:00,501205027,5,0,5,1,0
03:10:00,501205028,8,0,7,1,0
03:10:00,501205029,7,2,3,1,0
03:10:00,501205030,5,0,5,1,0
03:10:00,501205033,4,0,11,1,0
03:10:00,501205034,6,1,22,1,0
03:10:00,501205035,6,3,10,1,0
03:10:00,501205036,7,2,8,1,0
03:10:00,501205037,1,0,14,1,0
03:10:00,501205038,4,3,16,1,0
03:10:00,501205039,5,0,15,1,0
03:10:00,501205040,15,2,10,1,0
03:10:00,501205041,10,2,7,1,0
03:10:00,501205042,8,1,20,1,0
03:10:00,501208011,22,2,15,1,0
03:10:00,501208013,22,2,32,1,0
03:10:00,501208014,27,1,11,1,0
03:10:00,501208015,7,0,7,1,0
03:10:00,501208018,7,0,8,1,0
03:10:00,501208021,1,0,16,1,0
03:10:00,501208027,11,1,18,1,0
03:10:00,501208029,15,0,7,1,0
03:10:00,501208030,25,1,13,1,0
03:10:00,501208032,0,0,27,1,0
03:10:00,501208040,9,0,10,1,0
03:10:00,501208041,2,0,13,1,0
03:10:00,501208045,14,0,18,1,0
03:10:00,501208051,11,0,23,1,0
03:10:00,501208053,4,0,17,1,0
03:10:00,501208054,8,1,20,1,0
03:10:00,501208059,1,0,28,1,0
03:10:00,501208064,3,0,17,1,0
03:10:00,501208077,5,1,5,1,0
03:10:00,501208079,2,0,19,1,0
03:10:00,501208082,3,0,7,1,0
03:10:00,501208085,10,2,7,1,0
03:10:00,501208087,16,0,13,1,0
03:10:00,501208089,17,2,8,1,0
03:10:00,501208091,15,1,28,1,0
03:10:00,501208111,8,0,7,1,0
03:10:00,501208113,6,0,14,1,0
03:10:00,501208114,10,2,10,1,0
03:10:00,501208129,0,0,19,1,0
03:10:00,501208130,4,1,10,1,0
03:10:00,501209002,10,1,10,1,0
03:10:00,501209003,13,5,1,1,0
03:10:00,501209004,5,0,10,1,0
03:10:00,501209005,2,2,16,1,0
03:10:00,501209006,6,3,13,1,0
03:10:00,501209007,11,4,4,1,0
03:10:00,501209009,0,0,0,2,0
03:10:00,501209010,4,1,10,1,0
03:10:00,501209011,11,1,14,1,0
03:10:00,501209014,8,1,4,1,0
03:10:00,501209015,8,0,7,1,0
03:10:00,501209016,2,1,27,1,0
03:10:00,501209017,5,0,7,1,0
03:10:00,501209018,8,0,9,1,0
03:10:00,501209019,5,0,20,1,0
03:10:00,501209020,7,0,24,1,0
03:10:00,501209021,5,0,9,1,0
03:10:00,501209022,6,1,4,1,0
03:10:00,501209023,35,6,7,1,0
03:10:00,501209024,18,1,24,1,0
03:10:00,501209025,5,0,8,1,0
03:10:00,501209026,21,0,5,1,0
03:10:00,501209027,7,1,12,1,0
03:10:00,501209028,7,0,20,1,0
03:10:00,501209030,11,3,7,1,0
03:10:00,501209031,14,0,15,1,0
03:10:00,501209032,6,1,22,1,0
03:10:00,501209033,12,1,8,1,0
03:10:00,501209034,3,3,12,1,0
03:10:00,501209035,6,0,22,1,0
03:10:00,501209036,5,1,23,1,0
03:10:00,501209037,4,0,31,1,0
03:10:00,501209038,5,0,11,1,0
03:10:00,501209039,10,2,20,1,0
03:10:00,501209040,5,1,26,1,0
03:10:00,501209042,10,1,10,1,0
03:10:00,501209043,14,1,10,1,0
03:10:00,501209044,9,1,6,1,0
03:10:00,501209045,4,0,11,1,0
03:10:00,501209046,9,0,13,1,0
03:10:00,501209047,6,0,7,1,0
03:10:00,501209049,5,1,15,1,0
03:10:00,501209050,8,1,5,1,0
03:10:00,501209051,6,1,18,1,0
03:10:00,501209052,5,4,17,1,0
03:10:00,501209053,2,1,18,1,0
03:10:00,501209054,5,0,22,1,0
03:10:00,501209056,10,0,5,1,0
03:10:00,501209058,10,0,6,1,0
03:10:00,501209059,5,0,10,1,0
03:10:00,501209060,5,0,15,1,0
03:10:00,501209062,9,0,6,1,0
03:10:00,501209064,10,2,5,1,0
03:10:00,501209065,10,0,5,1,0
03:10:00,501209066,10,2,4,1,0
03:10:00,501209067,10,0,5,1,0
03:10:00,501209068,3,0,13,1,0
03:10:00,501209069,5,0,58,1,0
03:10:00,501209070,9,2,8,1,0
03:10:00,501209071,4,3,13,1,0
03:10:00,501209073,2,1,13,1,0
03:10:00,501209074,9,1,14,1,0
03:10:00,501209075,11,0,4,1,0
03:10:00,501209076,6,0,16,1,0
03:10:00,501209077,1,1,14,1,0
03:10:00,501209078,8,1,5,1,0
03:10:00,501209079,1,0,22,1,0
03:10:00,501209080,5,0,22,1,0
03:10:00,501209081,6,0,9,1,0
03:10:00,501209084,11,0,12,1,0
03:10:00,501209085,9,1,19,1,0
03:10:00,501209087,11,2,28,1,0
03:10:00,501209088,4,2,11,1,0
03:10:00,501209089,7,1,13,1,0
03:10:00,501209090,4,0,9,1,0
03:10:00,501209091,6,0,10,1,0
03:10:00,501209092,11,1,5,1,0
03:10:00,501209093,10,0,5,1,0
03:10:00,501209094,5,0,10,1,0
03:10:00,501209095,9,0,4,1,0
03:10:00,501209096,9,0,5,1,0
03:10:00,501209097,5,1,10,1,0
03:10:00,501209098,1,0,13,1,0
03:10:00,501209099,1,0,18,1,0
03:10:00,501209100,4,0,10,1,0
03:10:00,501209101,6,0,8,1,0
03:10:00,501209102,4,0,16,1,0
03:10:00,501209104,2,1,17,1,0
03:10:00,501209105,10,1,14,1,0
03:10:00,501209106,4,0,15,1,0
03:10:00,501211001,32,1,6,1,0
03:10:00,501211002,5,0,10,1,0
03:10:00,501211004,7,1,8,1,0
03:10:00,501211005,5,0,13,1,0
03:10:00,501211006,12,0,5,1,0
03:10:00,501211007,12,1,7,1,0
03:10:00,501211009,12,0,6,1,0
03:10:00,501211011,19,0,11,1,0
03:10:00,501211012,10,1,8,1,0
03:20:01,501201001,0,0,0,2,0
03:20:01,501201002,12,2,28,1,0
03:20:01,501201003,17,1,6,1,0
03:20:01,501201004,2,0,11,1,0
03:20:01,501201005,2,0,17,1,0
03:20:01,501201006,9,0,19,1,0
03:20:01,501201007,11,3,7,1,0
03:20:01,501201008,5,0,20,1,0
03:20:01,501201010,3,0,7,1,0
03:20:01,501201011,6,2,16,1,0
03:20:01,501201012,10,1,29,1,0
03:20:01,501201013,1,0,21,1,0
03:20:01,501201014,8,1,11,1,0
03:20:01,501201015,10,0,15,1,0
03:20:01,501201016,11,0,14,1,0
03:20:01,501201017,7,0,19,1,0
03:20:01,501201018,4,0,19,1,0
03:20:01,501201019,8,1,20,1,0
03:20:01,501201020,7,1,17,1,0
03:20:01,501201021,9,1,6,1,0
03:20:01,501201022,3,0,13,1,0
03:20:01,501201023,8,2,20,1,0
03:20:01,501201024,4,0,20,1,0
03:20:01,501201025,17,5,6,1,0
03:20:01,501201026,12,0,6,1,0
03:20:01,501201028,10,2,10,1,0
03:20:01,501201029,2,1,11,1,0
03:20:01,501201030,0,0,14,1,0
03:20:01,501201031,10,0,7,1,0
03:20:01,501202001,9,1,5,1,0
03:20:01,501202003,3,1,36,1,0
03:20:01,501202013,3,0,14,1,0
03:20:01,501202023,7,0,8,1,0
03:20:01,501202024,1,1,14,1,0
03:20:01,501202034,1,0,15,1,0
03:20:01,501202035,17,0,13,1,0
03:20:01,501202036,4,0,33,1,0
03:20:01,501202040,2,1,43,1,0
03:20:01,501202043,15,0,10,1,0
03:20:01,501202044,0,0,0,2,0
03:20:01,501202047,3,1,19,1,0
03:20:01,501202050,2,1,14,1,0
03:20:01,501202055,11,0,3,1,0
03:20:01,501202058,10,1,5,1,0
03:20:01,501202065,6,0,8,1,0
03:20:01,501202068,2,0,16,1,0
03:20:01,501202070,3,0,13,1,0
03:20:01,501202078,6,2,19,1,0
03:20:01,501202080,13,0,13,1,0
03:20:01,501202081,9,1,14,1,0
03:20:01,501202082,4,0,19,1,0
03:20:01,501202083,14,0,10,1,0
03:20:01,501202084,3,1,21,1,0
03:20:01,501202085,23,1,12,1,0
03:20:01,501202088,6,0,23,1,0
03:20:01,501202089,13,0,16,1,0
03:20:01,501202096,7,2,8,1,0
03:20:01,501203001,3,0,17,1,0
03:20:01,501203002,9,0,13,1,0
03:20:01,501203003,1,0,92,1,0
03:20:01,501203005,3,0,17,1,0
03:20:01,501203006,8,0,7,1,0
03:20:01,501203007,7,0,8,1,0
03:20:01,501203008,13,3,3,1,0
03:20:01,501203010,19,4,12,1,0
03:20:01,501203011,17,3,20,1,0
03:20:01,501203012,10,0,7,1,0
03:20:01,501203013,18,0,6,1,0
03:20:01,501203015,10,0,2,1,0
03:20:01,501203020,11,2,9,1,0
03:20:01,501203022,2,0,17,1,0
03:20:01,501203023,5,1,13,1,0
03:20:01,501203028,14,3,11,1,0
03:20:01,501203040,2,1,20,1,0
03:20:01,501203045,12,1,6,1,0
03:20:01,501203050,26,1,34,1,0
03:20:01,501203051,21,0,3,1,0
03:20:01,501203053,1,0,25,1,0
03:20:01,501203054,6,1,13,1,0
03:20:01,501203064,13,0,3,1,0
03:20:01,501203065,7,0,9,1,0
03:20:01,501203070,6,2,9,1,0
03:20:01,501203073,8,2,16,1,0
03:20:01,501203076,12,0,4,1,0
03:20:01,501203078,3,0,13,1,0
03:20:01,501203080,10,4,5,1,0
03:20:01,501203084,6,1,5,1,0
03:20:01,501203085,4,0,6,1,0
03:20:01,501203088,1,1,13,1,0
03:20:01,501203089,6,0,6,1,0
03:20:01,501203090,2,0,8,1,0
03:20:01,501203091,4,1,7,1,0
03:20:01,501203092,2,0,18,1,0
03:20:01,501203100,2,1,17,1,0
03:20:01,501203101,0,0,0,2,0
03:20:01,501203102,10,0,8,1,0
03:20:01,501203104,4,1,15,1,0
03:20:01,501203105,3,0,8,1,0
03:20:01,501203107,0,0,0,2,0
03:20:01,501203109,10,4,15,1,0
03:20:01,501203110,5,1,37,1,0
03:20:01,501203111,9,1,2,1,0
03:20:01,501203113,7,1,12,1,0
03:20:01,501203114,6,0,44,1,0
03:20:01,501203117,0,0,0,2,0
03:20:01,501203118,6,0,14,1,0
03:20:01,501203121,19,0,5,1,0
03:20:01,501203122,4,0,16,1,0
03:20:01,501203125,17,2,8,1,0
03:20:01,501203131,10,0,10,1,0
03:20:01,501203140,3,0,39,1,0
03:20:01,501203141,9,0,6,1,0
03:20:01,501203142,4,0,69,1,0
03:20:01,501203145,11,0,3,1,0
03:20:01,501203151,10,1,8,1,0
03:20:01,501203155,5,0,14,1,0
03:20:01,501203157,3,0,14,1,0
03:20:01,501203159,1,1,19,1,0
03:20:01,501203161,6,0,13,1,0
03:20:01,501203162,10,0,11,1,0
03:20:01,501203163,2,1,14,1,0
03:20:01,501204001,8,1,16,1,0
03:20:01,501204002,21,0,13,1,0
03:20:01,501204003,18,1,26,1,0
03:20:01,501204004,5,0,9,1,0
03:20:01,501204005,10,1,7,1,0
03:20:01,501204007,8,0,27,1,0
03:20:01,501204008,4,0,10,1,0
03:20:01,501204009,0,0,0,2,0
03:20:01,501204010,0,0,0,2,0
03:20:01,501204011,10,1,4,1,0
03:20:01,501204012,9,1,5,1,0
03:20:01,501204013,11,3,1,1,0
03:20:01,501204014,4,0,12,1,0
03:20:01,501204015,10,0,5,1,0
03:20:01,501204016,10,1,7,1,0
03:20:01,501204017,4,0,11,1,0
03:20:01,501204018,20,2,2,1,0
03:20:01,501204020,8,1,12,1,0
03:20:01,501204021,1,0,18,1,0
03:20:01,501204022,6,0,10,1,0
03:20:01,501204023,13,0,1,1,0
03:20:01,501204024,0,0,0,2,0
03:20:01,501204025,7,0,13,1,0
03:20:01,501205001,7,0,10,1,0
03:20:01,501205003,13,1,6,1,0
03:20:01,501205004,12,1,4,1,0
03:20:01,501205005,2,0,20,1,0
03:20:01,501205006,11,0,9,1,0
03:20:01,501205007,8,1,4,1,0
03:20:01,501205008,8,1,18,1,0
03:20:01,501205009,4,0,41,1,0
03:20:01,501205010,8,0,6,1,0
03:20:01,501205011,4,0,27,1,0
03:20:01,501205012,9,0,10,1,0
03:20:01,501205013,4,0,17,1,0
03:20:01,501205014,18,4,5,1,0
03:20:01,501205015,10,1,7,1,0
03:20:01,501205018,6,0,12,1,0
03:20:01,501205019,4,0,24,1,0
03:20:01,501205020,3,0,26,1,0
03:20:01,501205021,6,0,9,1,0
03:20:01,501205022,10,1,5,1,0
03:20:01,501205023,5,0,10,1,0
03:20:01,501205025,12,0,16,1,0
03:20:01,501205026,6,0,12,1,0
03:20:01,501205027,5,0,5,1,0
03:20:01,501205028,8,0,7,1,0
03:20:01,501205029,7,2,3,1,0
03:20:01,501205030,5,0,5,1,0
03:20:01,501205033,4,0,11,1,0
03:20:01,501205034,5,1,23,1,0
03:20:01,501205035,6,3,10,1,0
03:20:01,501205036,7,2,8,1,0
03:20:01,501205037,1,0,14,1,0
03:20:01,501205038,4,3,16,1,0
03:20:01,501205039,5,0,15,1,0
03:20:01,501205040,15,2,10,1,0
03:20:01,501205041,10,2,7,1,0
03:20:01,501205042,8,1,20,1,0
03:20:01,501208011,22,2,15,1,0
03:20:01,501208013,22,2,32,1,0
03:20:01,501208014,27,1,11,1,0
03:20:01,501208015,7,0,7,1,0
03:20:01,501208018,7,0,8,1,0
03:20:01,501208021,1,0,16,1,0
03:20:01,501208027,11,1,18,1,0
03:20:01,501208029,15,0,7,1,0
03:20:01,501208030,25,1,13,1,0
03:20:01,501208032,0,0,27,1,0
03:20:01,501208040,9,0,10,1,0
03:20:01,501208041,2,0,13,1,0
03:20:01,501208045,14,0,18,1,0
03:20:01,501208051,3,2,33,1,0
03:20:01,501208053,4,0,17,1,0
03:20:01,501208054,8,1,20,1,0
03:20:01,501208059,1,0,28,1,0
03:20:01,501208064,3,0,17,1,0
03:20:01,501208077,5,1,5,1,0
03:20:01,501208079,2,0,19,1,0
03:20:01,501208082,3,0,7,1,0
03:20:01,501208085,10,2,7,1,0
03:20:01,501208087,16,0,13,1,0
03:20:01,501208089,17,2,8,1,0
03:20:01,501208091,15,1,28,1,0
03:20:01,501208111,8,0,7,1,0
03:20:01,501208113,6,0,14,1,0
03:20:01,501208114,10,2,10,1,0
03:20:01,501208129,0,0,19,1,0
03:20:01,501208130,4,1,10,1,0
03:20:01,501209002,10,1,10,1,0
03:20:01,501209003,13,5,1,1,0
03:20:01,501209004,5,0,10,1,0
03:20:01,501209005,2,2,16,1,0
03:20:01,501209006,6,3,13,1,0
03:20:01,501209007,11,4,4,1,0
03:20:01,501209009,0,0,0,2,0
03:20:01,501209010,4,1,10,1,0
03:20:01,501209011,11,1,14,1,0
03:20:01,501209014,8,1,4,1,0
03:20:01,501209015,8,0,7,1,0
03:20:01,501209016,2,1,27,1,0
03:20:01,501209017,5,0,7,1,0
03:20:01,501209018,8,0,9,1,0
03:20:01,501209019,5,0,20,1,0
03:20:01,501209020,7,0,24,1,0
03:20:01,501209021,5,0,9,1,0
03:20:01,501209022,6,1,4,1,0
03:20:01,501209023,35,6,7,1,0
03:20:01,501209024,18,1,24,1,0
03:20:01,501209025,5,0,8,1,0
03:20:01,501209026,21,0,5,1,0
03:20:01,501209027,7,1,12,1,0
03:20:01,501209028,7,0,20,1,0
03:20:01,501209030,11,3,7,1,0
03:20:01,501209031,14,0,15,1,0
03:20:01,501209032,6,1,22,1,0
03:20:01,501209033,12,1,8,1,0
03:20:01,501209034,3,3,12,1,0
03:20:01,501209035,6,0,22,1,0
03:20:01,501209036,5,1,23,1,0
03:20:01,501209037,4,0,31,1,0
03:20:01,501209038,5,0,11,1,0
03:20:01,501209039,10,2,20,1,0
03:20:01,501209040,5,1,26,1,0
03:20:01,501209042,10,1,10,1,0
03:20:01,501209043,21,1,3,1,0
03:20:01,501209044,9,1,6,1,0
03:20:01,501209045,4,0,11,1,0
03:20:01,501209046,9,0,13,1,0
03:20:01,501209047,6,0,7,1,0
03:20:01,501209049,5,1,15,1,0
03:20:01,501209050,8,1,5,1,0
03:20:01,501209051,6,1,18,1,0
03:20:01,501209052,5,4,17,1,0
03:20:01,501209053,2,1,18,1,0
03:20:01,501209054,5,0,22,1,0
03:20:01,501209056,10,0,5,1,0
03:20:01,501209058,10,0,6,1,0
03:20:01,501209059,5,0,10,1,0
03:20:01,501209060,5,0,15,1,0
03:20:01,501209062,9,0,6,1,0
03:20:01,501209064,10,2,5,1,0
03:20:01,501209065,10,0,5,1,0
03:20:01,501209066,10,2,4,1,0
03:20:01,501209067,10,0,5,1,0
03:20:01,501209068,3,0,13,1,0
03:20:01,501209069,5,0,58,1,0
03:20:01,501209070,9,2,8,1,0
03:20:01,501209071,4,3,13,1,0
03:20:01,501209073,2,1,13,1,0
03:20:01,501209074,9,1,14,1,0
03:20:01,501209075,11,0,4,1,0
03:20:01,501209076,6,0,16,1,0
03:20:01,501209077,1,1,14,1,0
03:20:01,501209078,8,1,5,1,0
03:20:01,501209079,1,0,22,1,0
03:20:01,501209080,5,0,22,1,0
03:20:01,501209081,6,0,9,1,0
03:20:01,501209084,11,0,12,1,0
03:20:01,501209085,9,1,19,1,0
03:20:01,501209087,11,2,28,1,0
03:20:01,501209088,4,2,11,1,0
03:20:01,501209089,7,1,13,1,0
03:20:01,501209090,4,0,9,1,0
03:20:01,501209091,6,0,10,1,0
03:20:01,501209092,11,1,5,1,0
03:20:01,501209093,10,0,5,1,0
03:20:01,501209094,5,0,10,1,0
03:20:01,501209095,9,0,4,1,0
03:20:01,501209096,9,0,5,1,0
03:20:01,501209097,5,1,10,1,0
03:20:01,501209098,1,0,13,1,0
03:20:01,501209099,1,0,18,1,0
03:20:01,501209100,4,0,10,1,0
03:20:01,501209101,6,0,8,1,0
03:20:01,501209102,4,0,16,1,0
03:20:01,501209104,2,1,17,1,0
03:20:01,501209105,10,1,14,1,0
03:20:01,501209106,4,0,15,1,0
03:20:01,501211001,32,1,6,1,0
03:20:01,501211002,5,0,10,1,0
03:20:01,501211004,7,1,8,1,0
03:20:01,501211005,5,0,13,1,0
03:20:01,501211006,12,0,5,1,0
03:20:01,501211007,12,1,7,1,0
03:20:01,501211009,12,0,6,1,0
03:20:01,501211011,19,0,11,1,0
03:20:01,501211012,10,1,8,1,0
03:30:00,501201001,0,0,0,2,0
03:30:00,501201002,12,2,28,1,0
03:30:00,501201003,17,1,6,1,0
03:30:00,501201004,2,0,11,1,0
03:30:00,501201005,1,0,18,1,0
03:30:00,501201006,9,0,19,1,0
03:30:00,501201007,11,3,7,1,0
03:30:00,501201008,5,0,20,1,0
03:30:00,501201010,3,0,7,1,0
03:30:00,501201011,6,2,16,1,0
03:30:00,501201012,10,1,29,1,0
03:30:00,501201013,1,0,21,1,0
03:30:00,501201014,8,1,11,1,0
03:30:00,501201015,10,0,15,1,0
03:30:00,501201016,11,0,14,1,0
03:30:00,501201017,18,1,8,1,0
03:30:00,501201018,4,0,19,1,0
03:30:00,501201019,9,0,19,1,0
03:30:00,501201020,7,1,17,1,0
03:30:00,501201021,9,1,6,1,0
03:30:00,501201022,3,0,13,1,0
03:30:00,501201023,8,2,20,1,0
03:30:00,501201024,4,0,20,1,0
03:30:00,501201025,17,5,6,1,0
03:30:00,501201026,12,0,6,1,0
03:30:00,501201028,10,2,10,1,0
03:30:00,501201029,2,1,11,1,0
03:30:00,501201030,0,0,14,1,0
03:30:00,501201031,10,0,7,1,0
03:30:00,501202001,9,1,5,1,0
03:30:00,501202003,3,1,36,1,0
03:30:00,501202013,3,0,14,1,0
03:30:00,501202023,7,0,8,1,0
03:30:00,501202024,1,1,14,1,0
03:30:00,501202034,1,0,15,1,0
03:30:00,501202035,17,0,13,1,0
03:30:00,501202036,4,0,33,1,0
03:30:00,501202040,2,1,43,1,0
03:30:00,501202043,15,0,10,1,0
03:30:00,501202044,0,0,0,2,0
03:30:00,501202047,3,1,19,1,0
03:30:00,501202050,2,1,14,1,0
03:30:00,501202055,11,0,3,1,0
03:30:00,501202058,10,1,5,1,0
03:30:00,501202065,6,0,8,1,0
03:30:00,501202068,2,0,16,1,0
03:30:00,501202070,3,0,13,1,0
03:30:00,501202078,6,2,19,1,0
03:30:00,501202080,13,0,13,1,0
03:30:00,501202081,9,1,14,1,0
03:30:00,501202082,4,0,19,1,0
03:30:00,501202083,14,0,10,1,0
03:30:00,501202084,3,1,21,1,0
03:30:00,501202085,23,1,12,1,0
03:30:00,501202088,6,0,23,1,0
03:30:00,501202089,13,0,16,1,0
03:30:00,501202096,7,2,8,1,0
03:30:00,501203001,0,0,20,1,0
03:30:00,501203002,9,0,13,1,0
03:30:00,501203003,1,0,92,1,0
03:30:00,501203005,3,0,17,1,0
03:30:00,501203006,8,0,7,1,0
03:30:00,501203007,7,0,8,1,0
03:30:00,501203008,13,3,3,1,0
03:30:00,501203010,19,4,12,1,0
03:30:00,501203011,17,3,20,1,0
03:30:00,501203012,10,0,7,1,0
03:30:00,501203013,18,0,6,1,0
03:30:00,501203015,10,0,2,1,0
03:30:00,501203020,11,2,9,1,0
03:30:00,501203022,2,0,17,1,0
03:30:00,501203023,5,1,13,1,0
03:30:00,501203028,14,3,11,1,0
03:30:00,501203040,2,1,20,1,0
03:30:00,501203045,12,1,6,1,0
03:30:00,501203050,26,1,34,1,0
03:30:00,501203051,21,0,3,1,0
03:30:00,501203053,1,0,25,1,0
03:30:00,501203054,6,1,13,1,0
03:30:00,501203064,13,0,3,1,0
03:30:00,501203065,7,0,9,1,0
03:30:00,501203070,6,2,9,1,0
03:30:00,501203073,8,2,16,1,0
03:30:00,501203076,12,0,4,1,0
03:30:00,501203078,3,0,13,1,0
03:30:00,501203080,10,4,5,1,0
03:30:00,501203084,6,1,5,1,0
03:30:00,501203085,4,0,6,1,0
03:30:00,501203088,1,1,13,1,0
03:30:00,501203089,6,0,6,1,0
03:30:00,501203090,2,0,8,1,0
03:30:00,501203091,4,1,7,1,0
03:30:00,501203092,2,0,18,1,0
03:30:00,501203100,2,1,17,1,0
03:30:00,501203101,0,0,0,2,0
03:30:00,501203102,10,0,8,1,0
03:30:00,501203104,4,1,15,1,0
03:30:00,501203105,3,0,8,1,0
03:30:00,501203107,0,0,0,2,0
03:30:00,501203109,10,4,15,1,0
03:30:00,501203110,5,1,37,1,0
03:30:00,501203111,9,1,2,1,0
03:30:00,501203113,8,1,11,1,0
03:30:00,501203114,6,0,44,1,0
03:30:00,501203117,0,0,0,2,0
03:30:00,501203118,6,0,14,1,0
03:30:00,501203121,19,0,5,1,0
03:30:00,501203122,4,0,16,1,0
03:30:00,501203125,17,2,8,1,0
03:30:00,501203131,10,0,10,1,0
03:30:00,501203140,3,0,39,1,0
03:30:00,501203141,9,0,6,1,0
03:30:00,501203142,4,0,69,1,0
03:30:00,501203145,11,0,3,1,0
03:30:00,501203151,10,1,8,1,0
03:30:00,501203155,5,0,14,1,0
03:30:00,501203157,3,0,14,1,0
03:30:00,501203159,1,1,19,1,0
03:30:00,501203161,6,0,13,1,0
03:30:00,501203162,10,0,11,1,0
03:30:00,501203163,2,1,14,1,0
03:30:00,501204001,8,1,16,1,0
03:30:00,501204002,15,0,20,1,0
03:30:00,501204003,18,1,26,1,0
03:30:00,501204004,5,0,9,1,0
03:30:00,501204005,10,1,7,1,0
03:30:00,501204007,8,0,27,1,0
03:30:00,501204008,4,0,10,1,0
03:30:00,501204009,0,0,0,2,0
03:30:00,501204010,0,0,0,2,0
03:30:00,501204011,10,1,4,1,0
03:30:00,501204012,9,1,5,1,0
03:30:00,501204013,11,3,1,1,0
03:30:00,501204014,4,0,12,1,0
03:30:00,501204015,10,0,5,1,0
03:30:00,501204016,10,1,7,1,0
03:30:00,501204017,4,0,11,1,0
03:30:00,501204018,19,1,3,1,0
03:30:00,501204020,8,1,12,1,0
03:30:00,501204021,1,0,18,1,0
03:30:00,501204022,6,0,10,1,0
03:30:00,501204023,13,0,1,1,0
03:30:00,501204024,0,0,0,2,0
03:30:00,501204025,7,0,13,1,0
03:30:00,501205001,7,0,10,1,0
03:30:00,501205003,13,1,6,1,0
03:30:00,501205004,11,0,5,1,0
03:30:00,501205005,2,0,20,1,0
03:30:00,501205006,11,0,9,1,0
03:30:00,501205007,8,1,4,1,0
03:30:00,501205008,8,1,18,1,0
03:30:00,501205009,4,0,41,1,0
03:30:00,501205010,8,0,6,1,0
03:30:00,501205011,4,0,27,1,0
03:30:00,501205012,10,1,9,1,0
03:30:00,501205013,4,0,17,1,0
03:30:00,501205014,18,4,5,1,0
03:30:00,501205015,10,1,7,1,0
03:30:00,501205018,6,0,12,1,0
03:30:00,501205019,4,0,24,1,0
03:30:00,501205020,3,0,26,1,0
03:30:00,501205021,6,0,9,1,0
03:30:00,501205022,10,1,5,1,0
03:30:00,501205023,5,0,10,1,0
03:30:00,501205025,12,0,16,1,0
03:30:00,501205026,6,0,12,1,0
03:30:00,501205027,5,0,5,1,0
03:30:00,501205028,8,0,7,1,0
03:30:00,501205029,7,2,3,1,0
03:30:00,501205030,5,0,5,1,0
03:30:00,501205033,4,0,11,1,0
03:30:00,501205034,5,1,23,1,0
03:30:00,501205035,6,3,10,1,0
03:30:00,501205036,7,2,8,1,0
03:30:00,501205037,1,0,14,1,0
03:30:00,501205038,4,3,16,1,0
03:30:00,501205039,5,0,15,1,0
03:30:00,501205040,15,2,10,1,0
03:30:00,501205041,10,2,7,1,0
03:30:00,501205042,8,1,20,1,0
03:30:00,501208011,22,2,15,1,0
03:30:00,501208013,22,2,32,1,0
03:30:00,501208014,27,1,11,1,0
03:30:00,501208015,7,0,7,1,0
03:30:00,501208018,7,0,8,1,0
03:30:00,501208021,1,0,16,1,0
03:30:00,501208027,11,1,18,1,0
03:30:00,501208029,15,0,7,1,0
03:30:00,501208030,25,1,13,1,0
03:30:00,501208032,0,0,27,1,0
03:30:00,501208040,9,0,10,1,0
03:30:00,501208041,2,0,13,1,0
03:30:00,501208045,14,0,18,1,0
03:30:00,501208051,3,2,33,1,0
03:30:00,501208053,4,0,17,1,0
03:30:00,501208054,8,1,20,1,0
03:30:00,501208059,1,0,28,1,0
03:30:00,501208064,3,0,17,1,0
03:30:00,501208077,5,1,5,1,0
03:30:00,501208079,2,0,19,1,0
03:30:00,501208082,3,0,7,1,0
03:30:00,501208085,10,2,7,1,0
03:30:00,501208087,16,0,13,1,0
03:30:00,501208089,17,2,8,1,0
03:30:00,501208091,15,1,28,1,0
03:30:00,501208111,8,0,7,1,0
03:30:00,501208113,6,0,14,1,0
03:30:00,501208114,10,2,10,1,0
03:30:00,501208129,0,0,19,1,0
03:30:00,501208130,4,1,10,1,0
03:30:00,501209002,10,1,10,1,0
03:30:00,501209003,13,5,1,1,0
03:30:00,501209004,5,0,10,1,0
03:30:00,501209005,2,2,16,1,0
03:30:00,501209006,6,3,13,1,0
03:30:00,501209007,11,4,4,1,0
03:30:00,501209009,0,0,0,2,0
03:30:00,501209010,4,1,10,1,0
03:30:00,501209011,11,1,14,1,0
03:30:00,501209014,8,1,4,1,0
03:30:00,501209015,8,0,7,1,0
03:30:00,501209016,2,1,27,1,0
03:30:00,501209017,5,0,7,1,0
03:30:00,501209018,8,0,9,1,0
03:30:00,501209019,5,0,20,1,0
03:30:00,501209020,7,0,24,1,0
03:30:00,501209021,5,0,9,1,0
03:30:00,501209022,6,1,4,1,0
03:30:00,501209023,35,6,7,1,0
03:30:00,501209024,18,1,24,1,0
03:30:00,501209025,4,0,9,1,0
03:30:00,501209026,21,0,5,1,0
03:30:00,501209027,7,1,12,1,0
03:30:00,501209028,7,0,20,1,0
03:30:00,501209030,11,3,7,1,0
03:30:00,501209031,14,0,15,1,0
03:30:00,501209032,6,1,22,1,0
03:30:00,501209033,12,1,8,1,0
03:30:00,501209034,3,3,12,1,0
03:30:00,501209035,6,0,22,1,0
03:30:00,501209036,5,1,23,1,0
03:30:00,501209037,4,0,31,1,0
03:30:00,501209038,5,0,11,1,0
03:30:00,501209039,10,2,20,1,0
03:30:00,501209040,5,1,26,1,0
03:30:00,501209042,10,1,10,1,0
03:30:00,501209043,21,1,3,1,0
03:30:00,501209044,9,1,6,1,0
03:30:00,501209045,4,0,11,1,0
03:30:00,501209046,9,0,13,1,0
03:30:00,501209047,6,0,7,1,0
03:30:00,501209049,5,1,15,1,0
03:30:00,501209050,8,1,5,1,0
03:30:00,501209051,6,1,18,1,0
03:30:00,501209052,5,4,17,1,0
03:30:00,501209053,2,1,18,1,0
03:30:00,501209054,5,0,22,1,0
03:30:00,501209056,10,0,5,1,0
03:30:00,501209058,10,0,6,1,0
03:30:00,501209059,5,0,10,1,0
03:30:00,501209060,5,0,15,1,0
03:30:00,501209062,9,0,6,1,0
03:30:00,501209064,10,2,5,1,0
03:30:00,501209065,10,0,5,1,0
03:30:00,501209066,10,2,4,1,0
03:30:00,501209067,10,0,5,1,0
03:30:00,501209068,3,0,13,1,0
03:30:00,501209069,5,0,58,1,0
03:30:00,501209070,9,2,8,1,0
03:30:00,501209071,4,3,13,1,0
03:30:00,501209073,2,1,13,1,0
03:30:00,501209074,9,1,14,1,0
03:30:00,501209075,4,1,12,1,0
03:30:00,501209076,6,0,16,1,0
03:30:00,501209077,1,1,14,1,0
03:30:00,501209078,8,1,5,1,0
03:30:00,501209079,1,0,22,1,0
03:30:00,501209080,5,0,22,1,0
03:30:00,501209081,6,0,9,1,0
03:30:00,501209084,11,0,12,1,0
03:30:00,501209085,9,1,19,1,0
03:30:00,501209087,11,2,28,1,0
03:30:00,501209088,4,2,11,1,0
03:30:00,501209089,7,1,13,1,0
03:30:00,501209090,4,0,9,1,0
03:30:00,501209091,6,0,10,1,0
03:30:00,501209092,11,1,5,1,0
03:30:00,501209093,10,0,5,1,0
03:30:00,501209094,5,0,10,1,0
03:30:00,501209095,9,0,4,1,0
03:30:00,501209096,9,0,5,1,0
03:30:00,501209097,5,1,10,1,0
03:30:00,501209098,1,0,13,1,0
03:30:00,501209099,1,0,18,1,0
03:30:00,501209100,4,0,10,1,0
03:30:00,501209101,6,0,8,1,0
03:30:00,501209102,4,0,16,1,0
03:30:00,501209104,2,1,17,1,0
03:30:00,501209105,10,1,14,1,0
03:30:00,501209106,4,0,15,1,0
03:30:00,501211001,32,1,6,1,0
03:30:00,501211002,5,0,10,1,0
03:30:00,501211004,7,1,8,1,0
03:30:00,501211005,5,0,13,1,0
03:30:00,501211006,12,0,5,1,0
03:30:00,501211007,12,1,7,1,0
03:30:00,501211009,12,0,6,1,0
03:30:00,501211011,19,0,11,1,0
03:30:00,501211012,10,1,8,1,0
03:40:00,501201001,0,0,0,2,0
03:40:00,501201002,12,2,28,1,0
03:40:00,501201003,7,1,16,1,0
03:40:00,501201004,2,0,11,1,0
03:40:00,501201005,1,0,18,1,0
03:40:00,501201006,9,0,19,1,0
03:40:00,501201007,12,4,6,1,0
03:40:00,501201008,5,0,20,1,0
03:40:00,501201010,3,0,7,1,0
03:40:00,501201011,6,2,16,1,0
03:40:00,501201012,10,1,29,1,0
03:40:00,501201013,1,0,21,1,0
03:40:00,501201014,9,2,10,1,0
03:40:00,501201015,10,0,15,1,0
03:40:00,501201016,11,0,14,1,0
03:40:00,501201017,18,0,8,1,0
03:40:00,501201018,4,0,19,1,0
03:40:00,501201019,10,0,18,1,0
03:40:00,501201020,7,1,17,1,0
03:40:00,501201021,9,1,6,1,0
03:40:00,501201022,3,0,13,1,0
03:40:00,501201023,8,2,20,1,0
03:40:00,501201024,4,0,20,1,0
03:40:00,501201025,17,5,6,1,0
03:40:00,501201026,12,0,6,1,0
03:40:00,501201028,10,2,10,1,0
03:40:00,501201029,2,1,11,1,0
03:40:00,501201030,0,0,14,1,0
03:40:00,501201031,10,0,7,1,0
03:40:00,501202001,9,1,5,1,0
03:40:00,501202003,3,1,36,1,0
03:40:00,501202013,3,0,14,1,0
03:40:00,501202023,7,0,8,1,0
03:40:00,501202024,1,1,14,1,0
03:40:00,501202034,1,0,15,1,0
03:40:00,501202035,17,0,13,1,0
03:40:00,501202036,4,0,33,1,0
03:40:00,501202040,2,1,43,1,0
03:40:00,501202043,15,0,10,1,0
03:40:00,501202044,0,0,0,2,0
03:40:00,501202047,3,1,19,1,0
03:40:00,501202050,2,1,14,1,0
03:40:00,501202055,11,0,3,1,0
03:40:00,501202058,10,1,5,1,0
03:40:00,501202065,6,0,8,1,0
03:40:00,501202068,2,0,16,1,0
03:40:00,501202070,3,0,13,1,0
03:40:00,501202078,6,2,19,1,0
03:40:00,501202080,13,0,13,1,0
03:40:00,501202081,9,1,14,1,0
03:40:00,501202082,4,0,19,1,0
03:40:00,501202083,14,0,10,1,0
03:40:00,501202084,1,0,23,1,0
03:40:00,501202085,23,1,12,1,0
03:40:00,501202088,6,0,23,1,0
03:40:00,501202089,13,0,16,1,0
03:40:00,501202096,7,2,8,1,0
03:40:00,501203001,1,0,19,1,0
03:40:00,501203002,9,0,13,1,0
03:40:00,501203003,1,0,92,1,0
03:40:00,501203005,3,0,17,1,0
03:40:00,501203006,8,0,7,1,0
03:40:00,501203007,7,0,8,1,0
03:40:00,501203008,13,3,3,1,0
03:40:00,501203010,19,4,12,1,0
03:40:00,501203011,17,3,20,1,0
03:40:00,501203012,10,0,7,1,0
03:40:00,501203013,18,0,6,1,0
03:40:00,501203015,10,0,2,1,0
03:40:00,501203020,11,2,9,1,0
03:40:00,501203022,2,0,17,1,0
03:40:00,501203023,5,1,13,1,0
03:40:00,501203028,14,3,11,1,0
03:40:00,501203040,2,1,20,1,0
03:40:00,501203045,12,1,6,1,0
03:40:00,501203050,26,1,34,1,0
03:40:00,501203051,21,0,3,1,0
03:40:00,501203053,1,0,25,1,0
03:40:00,501203054,6,1,13,1,0
03:40:00,501203064,13,0,3,1,0
03:40:00,501203065,7,0,9,1,0
03:40:00,501203070,6,2,9,1,0
03:40:00,501203073,8,2,16,1,0
03:40:00,501203076,12,0,4,1,0
03:40:00,501203078,3,0,13,1,0
03:40:00,501203080,10,4,5,1,0
03:40:00,501203084,6,1,5,1,0
03:40:00,501203085,4,0,6,1,0
03:40:00,501203088,1,1,13,1,0
03:40:00,501203089,6,0,6,1,0
03:40:00,501203090,2,0,8,1,0
03:40:00,501203091,4,1,7,1,0
03:40:00,501203092,2,0,18,1,0
03:40:00,501203100,1,1,18,1,0
03:40:00,501203101,0,0,0,2,0
03:40:00,501203102,11,0,7,1,0
03:40:00,501203104,4,1,15,1,0
03:40:00,501203105,3,0,8,1,0
03:40:00,501203107,0,0,0,2,0
03:40:00,501203109,10,4,15,1,0
03:40:00,501203110,5,1,37,1,0
03:40:00,501203111,9,1,2,1,0
03:40:00,501203113,8,1,11,1,0
03:40:00,501203114,6,0,44,1,0
03:40:00,501203117,0,0,0,2,0
03:40:00,501203118,6,0,14,1,0
03:40:00,501203121,19,0,5,1,0
03:40:00,501203122,4,0,16,1,0
03:40:00,501203125,17,2,8,1,0
03:40:00,501203131,10,0,10,1,0
03:40:00,501203140,3,0,39,1,0
03:40:00,501203141,9,0,6,1,0
03:40:00,501203142,4,0,69,1,0
03:40:00,501203145,11,0,3,1,0
03:40:00,501203151,10,1,8,1,0
03:40:00,501203155,5,0,14,1,0
03:40:00,501203157,3,0,14,1,0
03:40:00,501203159,1,1,19,1,0
03:40:00,501203161,6,0,13,1,0
03:40:00,501203162,10,0,11,1,0
03:40:00,501203163,2,1,14,1,0
03:40:00,501204001,8,1,16,1,0
03:40:00,501204002,15,0,20,1,0
03:40:00,501204003,18,1,26,1,0
03:40:00,501204004,5,0,9,1,0
03:40:00,501204005,10,1,7,1,0
03:40:00,501204007,8,0,27,1,0
03:40:00,501204008,4,0,10,1,0
03:40:00,501204009,0,0,0,2,0
03:40:00,501204010,0,0,0,2,0
03:40:00,501204011,10,1,4,1,0
03:40:00,501204012,9,1,5,1,0
03:40:00,501204013,11,3,1,1,0
03:40:00,501204014,4,0,12,1,0
03:40:00,501204015,10,0,5,1,0
03:40:00,501204016,10,1,7,1,0
03:40:00,501204017,4,0,11,1,0
03:40:00,501204018,19,1,3,1,0
03:40:00,501204020,8,1,12,1,0
03:40:00,501204021,6,1,14,1,0
03:40:00,501204022,6,0,10,1,0
03:40:00,501204023,13,0,1,1,0
03:40:00,501204024,0,0,0,2,0
03:40:00,501204025,7,0,13,1,0
03:40:00,501205001,7,0,10,1,0
03:40:00,501205003,13,1,6,1,0
03:40:00,501205004,11,0,5,1,0
03:40:00,501205005,2,0,20,1,0
03:40:00,501205006,11,0,9,1,0
03:40:00,501205007,8,1,4,1,0
03:40:00,501205008,8,1,18,1,0
03:40:00,501205009,4,0,41,1,0
03:40:00,501205010,8,0,6,1,0
03:40:00,501205011,4,0,27,1,0
03:40:00,501205012,10,1,9,1,0
03:40:00,501205013,4,0,17,1,0
03:40:00,501205014,18,4,5,1,0
03:40:00,501205015,10,1,7,1,0
03:40:00,501205018,6,0,12,1,0
03:40:00,501205019,4,0,24,1,0
03:40:00,501205020,3,0,26,1,0
03:40:00,501205021,6,0,9,1,0
03:40:00,501205022,10,1,5,1,0
03:40:00,501205023,5,0,10,1,0
03:40:00,501205025,12,0,16,1,0
03:40:00,501205026,6,0,12,1,0
03:40:00,501205027,5,0,5,1,0
03:40:00,501205028,8,0,7,1,0
03:40:00,501205029,7,2,3,1,0
03:40:00,501205030,5,0,5,1,0
03:40:00,501205033,4,0,11,1,0
03:40:00,501205034,5,1,23,1,0
03:40:00,501205035,6,3,10,1,0
03:40:00,501205036,7,2,8,1,0
03:40:00,501205037,1,0,14,1,0
03:40:00,501205038,4,3,16,1,0
03:40:00,501205039,5,0,15,1,0
03:40:00,501205040,15,2,10,1,0
03:40:00,501205041,10,2,7,1,0
03:40:00,501205042,8,1,20,1,0
03:40:00,501208011,22,2,15,1,0
03:40:00,501208013,22,2,32,1,0
03:40:00,501208014,27,1,11,1,0
03:40:00,501208015,7,0,7,1,0
03:40:00,501208018,7,0,8,1,0
03:40:00,501208021,1,0,16,1,0
03:40:00,501208027,11,1,18,1,0
03:40:00,501208029,15,0,7,1,0
03:40:00,501208030,25,1,13,1,0
03:40:00,501208032,1,1,26,1,0
03:40:00,501208040,9,0,10,1,0
03:40:00,501208041,2,0,13,1,0
03:40:00,501208045,14,0,18,1,0
03:40:00,501208051,3,2,33,1,0
03:40:00,501208053,4,0,17,1,0
03:40:00,501208054,8,1,20,1,0
03:40:00,501208059,1,0,28,1,0
03:40:00,501208064,3,0,17,1,0
03:40:00,501208077,5,1,5,1,0
03:40:00,501208079,2,0,19,1,0
03:40:00,501208082,3,0,7,1,0
03:40:00,501208085,11,3,6,1,0
03:40:00,501208087,16,0,13,1,0
03:40:00,501208089,17,2,8,1,0
03:40:00,501208091,15,1,28,1,0
03:40:00,501208111,8,0,7,1,0
03:40:00,501208113,6,0,14,1,0
03:40:00,501208114,10,2,10,1,0
03:40:00,501208129,0,0,19,1,0
03:40:00,501208130,4,1,10,1,0
03:40:00,501209002,10,1,10,1,0
03:40:00,501209003,13,5,1,1,0
03:40:00,501209004,5,0,10,1,0
03:40:00,501209005,2,2,16,1,0
03:40:00,501209006,6,3,13,1,0
03:40:00,501209007,11,4,4,1,0
03:40:00,501209009,0,0,0,2,0
03:40:00,501209010,4,1,10,1,0
03:40:00,501209011,10,1,14,1,0
03:40:00,501209014,8,1,4,1,0
03:40:00,501209015,8,0,7,1,0
03:40:00,501209016,2,1,27,1,0
03:40:00,501209017,5,0,7,1,0
03:40:00,501209018,8,0,9,1,0
03:40:00,501209019,5,0,20,1,0
03:40:00,501209020,7,0,24,1,0
03:40:00,501209021,5,0,9,1,0
03:40:00,501209022,6,1,4,1,0
03:40:00,501209023,35,6,7,1,0
03:40:00,501209024,18,1,24,1,0
03:40:00,501209025,4,0,9,1,0
03:40:00,501209026,21,0,5,1,0
03:40:00,501209027,7,1,12,1,0
03:40:00,501209028,7,0,20,1,0
03:40:00,501209030,11,3,7,1,0
03:40:00,501209031,14,0,15,1,0
03:40:00,501209032,6,1,22,1,0
03:40:00,501209033,12,1,8,1,0
03:40:00,501209034,3,3,12,1,0
03:40:00,501209035,5,0,23,1,0
03:40:00,501209036,5,1,23,1,0
03:40:00,501209037,4,0,31,1,0
03:40:00,501209038,5,0,11,1,0
03:40:00,501209039,10,2,20,1,0
03:40:00,501209040,5,1,26,1,0
03:40:00,501209042,11,1,9,1,0
03:40:00,501209043,21,1,3,1,0
03:40:00,501209044,9,1,6,1,0
03:40:00,501209045,4,0,11,1,0
03:40:00,501209046,9,0,13,1,0
03:40:00,501209047,6,0,7,1,0
03:40:00,501209049,5,1,15,1,0
03:40:00,501209050,8,1,5,1,0
03:40:00,501209051,6,1,18,1,0
03:40:00,501209052,5,4,17,1,0
03:40:00,501209053,2,1,18,1,0
03:40:00,501209054,5,0,22,1,0
03:40:00,501209056,10,0,5,1,0
03:40:00,501209058,10,0,6,1,0
03:40:00,501209059,5,0,10,1,0
03:40:00,501209060,5,0,15,1,0
03:40:00,501209062,10,0,5,1,0
03:40:00,501209064,10,2,5,1,0
03:40:00,501209065,10,0,5,1,0
03:40:00,501209066,10,2,4,1,0
03:40:00,501209067,10,0,5,1,0
03:40:00,501209068,3,0,13,1,0
03:40:00,501209069,5,0,58,1,0
03:40:00,501209070,9,2,8,1,0
03:40:00,501209071,4,3,13,1,0
03:40:00,501209073,3,2,12,1,0
03:40:00,501209074,9,1,14,1,0
03:40:00,501209075,4,1,12,1,0
03:40:00,501209076,6,0,16,1,0
03:40:00,501209077,1,1,14,1,0
03:40:00,501209078,8,1,5,1,0
03:40:00,501209079,1,0,22,1,0
03:40:00,501209080,5,0,22,1,0
03:40:00,501209081,6,0,9,1,0
03:40:00,501209084,11,0,12,1,0
03:40:00,501209085,9,1,19,1,0
03:40:00,501209087,11,2,28,1,0
03:40:00,501209088,4,2,11,1,0
03:40:00,501209089,7,1,13,1,0
03:40:00,501209090,4,0,9,1,0
03:40:00,501209091,6,0,10,1,0
03:40:00,501209092,11,1,5,1,0
03:40:00,501209093,10,0,5,1,0
03:40:00,501209094,5,0,10,1,0
03:40:00,501209095,9,0,4,1,0
03:40:00,501209096,9,0,5,1,0
03:40:00,501209097,5,1,10,1,0
03:40:00,501209098,1,0,13,1,0
03:40:00,501209099,1,0,18,1,0
03:40:00,501209100,4,0,10,1,0
03:40:00,501209101,6,0,8,1,0
03:40:00,501209102,4,0,16,1,0
03:40:00,501209104,2,1,17,1,0
03:40:00,501209105,10,1,14,1,0
03:40:00,501209106,4,0,15,1,0
03:40:00,501211001,32,1,6,1,0
03:40:00,501211002,5,0,10,1,0
03:40:00,501211004,7,1,8,1,0
03:40:00,501211005,5,0,13,1,0
03:40:00,501211006,12,0,5,1,0
03:40:00,501211007,12,1,7,1,0
03:40:00,501211009,12,0,6,1,0
03:40:00,501211011,19,0,11,1,0
03:40:00,501211012,10,1,8,1,0
03:50:01,501201001,0,0,0,2,0
03:50:01,501201002,12,2,28,1,0
03:50:01,501201003,7,1,16,1,0
03:50:01,501201004,2,0,11,1,0
03:50:01,501201005,1,0,18,1,0
03:50:01,501201006,8,0,20,1,0
03:50:01,501201007,12,4,6,1,0
03:50:01,501201008,5,0,20,1,0
03:50:01,501201010,3,0,7,1,0
03:50:01,501201011,6,2,16,1,0
03:50:01,501201012,12,1,27,1,0
03:50:01,501201013,1,0,21,1,0
03:50:01,501201014,9,2,10,1,0
03:50:01,501201015,10,0,15,1,0
03:50:01,501201016,11,0,14,1,0
03:50:01,501201017,18,0,8,1,0
03:50:01,501201018,4,0,19,1,0
03:50:01,501201019,10,0,18,1,0
03:50:01,501201020,7,1,17,1,0
03:50:01,501201021,9,1,6,1,0
03:50:01,501201022,3,0,13,1,0
03:50:01,501201023,8,2,20,1,0
03:50:01,501201024,4,0,20,1,0
03:50:01,501201025,17,5,6,1,0
03:50:01,501201026,12,0,6,1,0
03:50:01,501201028,10,2,10,1,0
03:50:01,501201029,2,1,11,1,0
03:50:01,501201030,6,0,8,1,0
03:50:01,501201031,10,0,7,1,0
03:50:01,501202001,9,1,5,1,0
03:50:01,501202003,3,1,36,1,0
03:50:01,501202013,3,0,14,1,0
03:50:01,501202023,7,0,8,1,0
03:50:01,501202024,1,1,14,1,0
03:50:01,501202034,1,0,15,1,0
03:50:01,501202035,17,0,13,1,0
03:50:01,501202036,4,0,33,1,0
03:50:01,501202040,2,1,43,1,0
03:50:01,501202043,15,0,10,1,0
03:50:01,501202044,0,0,0,2,0
03:50:01,501202047,3,1,19,1,0
03:50:01,501202050,2,1,14,1,0
03:50:01,501202055,11,0,3,1,0
03:50:01,501202058,10,1,5,1,0
03:50:01,501202065,6,0,8,1,0
03:50:01,501202068,2,0,16,1,0
03:50:01,501202070,3,0,13,1,0
03:50:01,501202078,6,2,19,1,0
03:50:01,501202080,13,0,13,1,0
03:50:01,501202081,9,1,14,1,0
03:50:01,501202082,4,0,19,1,0
03:50:01,501202083,14,0,10,1,0
03:50:01,501202084,1,0,23,1,0
03:50:01,501202085,23,1,12,1,0
03:50:01,501202088,6,0,23,1,0
03:50:01,501202089,13,0,16,1,0
03:50:01,501202096,7,2,8,1,0
03:50:01,501203001,1,0,19,1,0
03:50:01,501203002,9,0,13,1,0
03:50:01,501203003,1,0,92,1,0
03:50:01,501203005,3,0,17,1,0
03:50:01,501203006,8,0,7,1,0
03:50:01,501203007,7,0,8,1,0
03:50:01,501203008,13,3,3,1,0
03:50:01,501203010,19,4,12,1,0
03:50:01,501203011,17,3,20,1,0
03:50:01,501203012,10,0,7,1,0
03:50:01,501203013,18,0,6,1,0
03:50:01,501203015,10,0,2,1,0
03:50:01,501203020,11,2,9,1,0
03:50:01,501203022,2,0,17,1,0
03:50:01,501203023,5,1,13,1,0
03:50:01,501203028,14,3,11,1,0
03:50:01,501203040,2,1,20,1,0
03:50:01,501203045,12,1,6,1,0
03:50:01,501203050,26,1,34,1,0
03:50:01,501203051,21,0,3,1,0
03:50:01,501203053,1,0,25,1,0
03:50:01,501203054,6,1,13,1,0
03:50:01,501203064,13,0,3,1,0
03:50:01,501203065,7,0,9,1,0
03:50:01,501203070,6,2,9,1,0
03:50:01,501203073,8,2,16,1,0
03:50:01,501203076,12,0,4,1,0
03:50:01,501203078,3,0,13,1,0
03:50:01,501203080,10,4,5,1,0
03:50:01,501203084,6,1,5,1,0
03:50:01,501203085,4,0,6,1,0
03:50:01,501203088,1,1,13,1,0
03:50:01,501203089,6,0,6,1,0
03:50:01,501203090,2,0,8,1,0
03:50:01,501203091,4,1,7,1,0
03:50:01,501203092,2,0,18,1,0
03:50:01,501203100,1,1,18,1,0
03:50:01,501203101,0,0,0,2,0
03:50:01,501203102,11,0,7,1,0
03:50:01,501203104,6,3,13,1,0
03:50:01,501203105,3,0,8,1,0
03:50:01,501203107,0,0,0,2,0
03:50:01,501203109,10,4,15,1,0
03:50:01,501203110,5,1,37,1,0
03:50:01,501203111,9,1,2,1,0
03:50:01,501203113,8,1,11,1,0
03:50:01,501203114,6,0,44,1,0
03:50:01,501203117,0,0,0,2,0
03:50:01,501203118,6,0,14,1,0
03:50:01,501203121,19,0,5,1,0
03:50:01,501203122,4,0,16,1,0
03:50:01,501203125,17,2,8,1,0
03:50:01,501203131,10,0,10,1,0
03:50:01,501203140,3,0,39,1,0
03:50:01,501203141,9,0,6,1,0
03:50:01,501203142,4,0,69,1,0
03:50:01,501203145,11,0,3,1,0
03:50:01,501203151,10,1,8,1,0
03:50:01,501203155,5,0,14,1,0
03:50:01,501203157,3,0,14,1,0
03:50:01,501203159,1,1,19,1,0
03:50:01,501203161,6,0,13,1,0
03:50:01,501203162,10,0,11,1,0
03:50:01,501203163,2,1,14,1,0
03:50:01,501204001,8,1,16,1,0
03:50:01,501204002,11,0,24,1,0
03:50:01,501204003,18,1,26,1,0
03:50:01,501204004,5,0,9,1,0
03:50:01,501204005,10,1,7,1,0
03:50:01,501204007,8,0,27,1,0
03:50:01,501204008,4,0,10,1,0
03:50:01,501204009,0,0,0,2,0
03:50:01,501204010,0,0,0,2,0
03:50:01,501204011,10,1,4,1,0
03:50:01,501204012,9,1,5,1,0
03:50:01,501204013,11,3,1,1,0
03:50:01,501204014,4,0,12,1,0
03:50:01,501204015,10,0,5,1,0
03:50:01,501204016,10,1,7,1,0
03:50:01,501204017,4,0,11,1,0
03:50:01,501204018,19,1,3,1,0
03:50:01,501204020,8,1,12,1,0
03:50:01,501204021,6,1,14,1,0
03:50:01,501204022,6,0,10,1,0
03:50:01,501204023,13,0,1,1,0
03:50:01,501204024,0,0,0,2,0
03:50:01,501204025,7,0,13,1,0
03:50:01,501205001,7,0,10,1,0
03:50:01,501205003,13,1,6,1,0
03:50:01,501205004,11,0,5,1,0
03:50:01,501205005,2,0,20,1,0
03:50:01,501205006,11,0,9,1,0
03:50:01,501205007,8,1,4,1,0
03:50:01,501205008,8,1,18,1,0
03:50:01,501205009,4,0,41,1,0
03:50:01,501205010,8,0,6,1,0
03:50:01,501205011,4,0,27,1,0
03:50:01,501205012,10,1,9,1,0
03:50:01,501205013,4,0,17,1,0
03:50:01,501205014,18,4,5,1,0
03:50:01,501205015,10,1,7,1,0
03:50:01,501205018,6,0,12,1,0
03:50:01,501205019,4,0,24,1,0
03:50:01,501205020,3,0,26,1,0
03:50:01,501205021,6,0,9,1,0
03:50:01,501205022,10,1,5,1,0
03:50:01,501205023,5,0,10,1,0
03:50:01,501205025,12,0,16,1,0
03:50:01,501205026,6,0,12,1,0
03:50:01,501205027,5,0,5,1,0
03:50:01,501205028,8,0,7,1,0
03:50:01,501205029,7,2,3,1,0
03:50:01,501205030,5,0,5,1,0
03:50:01,501205033,4,0,11,1,0
03:50:01,501205034,5,1,23,1,0
03:50:01,501205035,6,3,10,1,0
03:50:01,501205036,7,2,8,1,0
03:50:01,501205037,1,0,14,1,0
03:50:01,501205038,4,3,16,1,0
03:50:01,501205039,5,0,15,1,0
03:50:01,501205040,15,2,10,1,0
03:50:01,501205041,10,2,7,1,0
03:50:01,501205042,8,1,20,1,0
03:50:01,501208011,22,2,15,1,0
03:50:01,501208013,22,2,32,1,0
03:50:01,501208014,27,1,11,1,0
03:50:01,501208015,7,0,7,1,0
03:50:01,501208018,7,0,8,1,0
03:50:01,501208021,1,0,16,1,0
03:50:01,501208027,11,1,18,1,0
03:50:01,501208029,15,0,7,1,0
03:50:01,501208030,25,1,13,1,0
03:50:01,501208032,1,1,26,1,0
03:50:01,501208040,9,0,10,1,0
03:50:01,501208041,2,0,13,1,0
03:50:01,501208045,10,0,22,1,0
03:50:01,501208051,3,2,33,1,0
03:50:01,501208053,4,0,17,1,0
03:50:01,501208054,8,1,20,1,0
03:50:01,501208059,1,0,28,1,0
03:50:01,501208064,3,0,17,1,0
03:50:01,501208077,5,1,5,1,0
03:50:01,501208079,2,0,19,1,0
03:50:01,501208082,3,0,7,1,0
03:50:01,501208085,12,3,5,1,0
03:50:01,501208087,16,0,13,1,0
03:50:01,501208089,17,2,8,1,0
03:50:01,501208091,15,1,28,1,0
03:50:01,501208111,8,0,7,1,0
03:50:01,501208113,6,0,14,1,0
03:50:01,501208114,10,2,10,1,0
03:50:01,501208129,0,0,19,1,0
03:50:01,501208130,4,1,10,1,0
03:50:01,501209002,10,1,10,1,0
03:50:01,501209003,13,5,1,1,0
03:50:01,501209004,5,0,10,1,0
03:50:01,501209005,2,1,16,1,0
03:50:01,501209006,6,3,13,1,0
03:50:01,501209007,11,4,4,1,0
03:50:01,501209009,0,0,0,2,0
03:50:01,501209010,4,1,10,1,0
03:50:01,501209011,10,1,14,1,0
03:50:01,501209014,8,1,4,1,0
03:50:01,501209015,8,0,7,1,0
03:50:01,501209016,2,1,27,1,0
03:50:01,501209017,5,0,7,1,0
03:50:01,501209018,8,0,9,1,0
03:50:01,501209019,5,0,20,1,0
03:50:01,501209020,7,0,24,1,0
03:50:01,501209021,5,0,9,1,0
03:50:01,501209022,6,1,4,1,0
03:50:01,501209023,35,6,7,1,0
03:50:01,501209024,18,1,24,1,0
03:50:01,501209025,4,0,9,1,0
03:50:01,501209026,21,0,5,1,0
03:50:01,501209027,7,1,12,1,0
03:50:01,501209028,7,0,20,1,0
03:50:01,501209030,11,3,7,1,0
03:50:01,501209031,14,0,15,1,0
03:50:01,501209032,6,1,22,1,0
03:50:01,501209033,12,1,8,1,0
03:50:01,501209034,3,3,12,1,0
03:50:01,501209035,5,0,23,1,0
03:50:01,501209036,5,1,23,1,0
03:50:01,501209037,4,0,31,1,0
03:50:01,501209038,5,0,11,1,0
03:50:01,501209039,10,2,20,1,0
03:50:01,501209040,5,1,26,1,0
03:50:01,501209042,11,1,9,1,0
03:50:01,501209043,21,1,3,1,0
03:50:01,501209044,9,1,6,1,0
03:50:01,501209045,4,0,11,1,0
03:50:01,501209046,9,0,13,1,0
03:50:01,501209047,6,0,7,1,0
03:50:01,501209049,5,1,15,1,0
03:50:01,501209050,8,1,5,1,0
03:50:01,501209051,6,1,18,1,0
03:50:01,501209052,5,4,17,1,0
03:50:01,501209053,2,1,18,1,0
03:50:01,501209054,5,0,22,1,0
03:50:01,501209056,10,0,5,1,0
03:50:01,501209058,10,0,6,1,0
03:50:01,501209059,5,0,10,1,0
03:50:01,501209060,5,0,15,1,0
03:50:01,501209062,10,0,5,1,0
03:50:01,501209064,10,2,5,1,0
03:50:01,501209065,10,0,5,1,0
03:50:01,501209066,10,2,4,1,0
03:50:01,501209067,10,0,5,1,0
03:50:01,501209068,3,0,13,1,0
03:50:01,501209069,5,0,58,1,0
03:50:01,501209070,9,2,8,1,0
03:50:01,501209071,4,3,13,1,0
03:50:01,501209073,3,2,12,1,0
03:50:01,501209074,9,1,14,1,0
03:50:01,501209075,4,1,12,1,0
03:50:01,501209076,6,0,16,1,0
03:50:01,501209077,1,1,14,1,0
03:50:01,501209078,8,1,5,1,0
03:50:01,501209079,7,0,16,1,0
03:50:01,501209080,5,0,22,1,0
03:50:01,501209081,6,0,9,1,0
03:50:01,501209084,11,0,12,1,0
03:50:01,501209085,9,1,19,1,0
03:50:01,501209087,11,2,28,1,0
03:50:01,501209088,4,2,11,1,0
03:50:01,501209089,7,1,13,1,0
03:50:01,501209090,4,0,9,1,0
03:50:01,501209091,6,0,10,1,0
03:50:01,501209092,11,1,5,1,0
03:50:01,501209093,10,0,5,1,0
03:50:01,501209094,5,0,10,1,0
03:50:01,501209095,9,0,4,1,0
03:50:01,501209096,9,0,5,1,0
03:50:01,501209097,5,1,10,1,0
03:50:01,501209098,1,0,13,1,0
03:50:01,501209099,1,0,18,1,0
03:50:01,501209100,4,0,10,1,0
03:50:01,501209101,6,0,8,1,0
03:50:01,501209102,4,0,16,1,0
03:50:01,501209104,2,1,17,1,0
03:50:01,501209105,10,1,14,1,0
03:50:01,501209106,4,0,15,1,0
03:50:01,501211001,32,1,6,1,0
03:50:01,501211002,5,0,10,1,0
03:50:01,501211004,7,1,8,1,0
03:50:01,501211005,5,0,13,1,0
03:50:01,501211006,12,0,5,1,0
03:50:01,501211007,12,1,7,1,0
03:50:01,501211009,12,0,6,1,0
03:50:01,501211011,19,0,11,1,0
03:50:01,501211012,10,1,8,1,0
04:00:00,501201001,0,0,0,2,0
04:00:00,501201002,12,2,28,1,0
04:00:00,501201003,7,1,16,1,0
04:00:00,501201004,2,0,11,1,0
04:00:00,501201005,1,0,18,1,0
04:00:00,501201006,7,0,21,1,0
04:00:00,501201007,11,3,7,1,0
04:00:00,501201008,5,0,20,1,0
04:00:00,501201010,3,0,7,1,0
04:00:00,501201011,6,2,16,1,0
04:00:00,501201012,12,1,27,1,0
04:00:00,501201013,1,0,21,1,0
04:00:00,501201014,9,2,10,1,0
04:00:00,501201015,10,0,15,1,0
04:00:00,501201016,11,0,14,1,0
04:00:00,501201017,18,0,8,1,0
04:00:00,501201018,4,0,19,1,0
04:00:00,501201019,10,0,18,1,0
04:00:00,501201020,7,1,17,1,0
04:00:00,501201021,9,1,6,1,0
04:00:00,501201022,3,0,13,1,0
04:00:00,501201023,8,2,20,1,0
04:00:00,501201024,4,0,20,1,0
04:00:00,501201025,17,5,6,1,0
04:00:00,501201026,12,0,6,1,0
04:00:00,501201028,10,2,10,1,0
04:00:00,501201029,2,1,11,1,0
04:00:00,501201030,6,0,8,1,0
04:00:00,501201031,10,0,7,1,0
04:00:00,501202001,9,1,5,1,0
04:00:00,501202003,3,1,36,1,0
04:00:00,501202013,3,0,14,1,0
04:00:00,501202023,7,0,8,1,0
04:00:00,501202024,1,1,14,1,0
04:00:00,501202034,1,0,15,1,0
04:00:00,501202035,17,0,13,1,0
04:00:00,501202036,4,0,33,1,0
04:00:00,501202040,2,1,43,1,0
04:00:00,501202043,14,1,11,1,0
04:00:00,501202044,0,0,0,2,0
04:00:00,501202047,3,1,19,1,0
04:00:00,501202050,2,1,14,1,0
04:00:00,501202055,11,0,3,1,0
04:00:00,501202058,10,1,5,1,0
04:00:00,501202065,6,0,8,1,0
04:00:00,501202068,2,0,16,1,0
04:00:00,501202070,3,0,13,1,0
04:00:00,501202078,5,1,20,1,0
04:00:00,501202080,13,0,13,1,0
04:00:00,501202081,9,1,14,1,0
04:00:00,501202082,4,0,19,1,0
04:00:00,501202083,14,0,10,1,0
04:00:00,501202084,1,0,23,1,0
04:00:00,501202085,23,1,12,1,0
04:00:00,501202088,6,0,23,1,0
04:00:00,501202089,13,0,16,1,0
04:00:00,501202096,7,2,8,1,0
04:00:00,501203001,1,0,19,1,0
04:00:00,501203002,9,0,13,1,0
04:00:00,501203003,1,0,92,1,0
04:00:00,501203005,3,0,17,1,0
04:00:00,501203006,8,0,7,1,0
04:00:00,501203007,7,0,8,1,0
04:00:00,501203008,7,3,9,1,0
04:00:00,501203010,19,4,12,1,0
04:00:00,501203011,17,3,20,1,0
04:00:00,501203012,10,0,7,1,0
04:00:00,501203013,18,0,6,1,0
04:00:00,501203015,10,0,2,1,0
04:00:00,501203020,11,2,9,1,0
04:00:00,501203022,2,0,17,1,0
04:00:00,501203023,5,1,13,1,0
04:00:00,501203028,14,3,11,1,0
04:00:00,501203040,2,1,20,1,0
04:00:00,501203045,12,1,6,1,0
04:00:00,501203050,26,1,34,1,0
04:00:00,501203051,21,0,3,1,0
04:00:00,501203053,1,0,25,1,0
04:00:00,501203054,6,1,13,1,0
04:00:00,501203064,13,0,3,1,0
04:00:00,501203065,7,0,9,1,0
04:00:00,501203070,6,2,9,1,0
04:00:00,501203073,8,2,16,1,0
04:00:00,501203076,12,0,4,1,0
04:00:00,501203078,3,0,13,1,0
04:00:00,501203080,10,4,5,1,0
04:00:00,501203084,6,1,5,1,0
04:00:00,501203085,4,0,6,1,0
04:00:00,501203088,1,1,13,1,0
04:00:00,501203089,6,0,6,1,0
04:00:00,501203090,2,0,8,1,0
04:00:00,501203091,4,1,7,1,0
04:00:00,501203092,2,0,18,1,0
04:00:00,501203100,1,1,18,1,0
04:00:00,501203101,0,0,0,2,0
04:00:00,501203102,11,0,7,1,0
04:00:00,501203104,6,3,13,1,0
04:00:00,501203105,3,0,8,1,0
04:00:00,501203107,0,0,0,2,0
04:00:00,501203109,10,4,15,1,0
04:00:00,501203110,5,1,37,1,0
04:00:00,501203111,9,1,2,1,0
04:00:00,501203113,8,1,11,1,0
04:00:00,501203114,6,0,44,1,0
04:00:00,501203117,0,0,0,2,0
04:00:00,501203118,6,0,14,1,0
04:00:00,501203121,19,0,5,1,0
04:00:00,501203122,4,0,16,1,0
04:00:00,501203125,17,2,8,1,0
04:00:00,501203131,10,0,10,1,0
04:00:00,501203140,3,0,39,1,0
04:00:00,501203141,9,0,6,1,0
04:00:00,501203142,4,0,69,1,0
04:00:00,501203145,12,1,3,1,0
04:00:00,501203151,10,1,8,1,0
04:00:00,501203155,4,0,15,1,0
04:00:00,501203157,3,0,14,1,0
04:00:00,501203159,1,1,19,1,0
04:00:00,501203161,6,0,13,1,0
04:00:00,501203162,10,0,11,1,0
04:00:00,501203163,2,1,14,1,0
04:00:00,501204001,8,1,16,1,0
04:00:00,501204002,11,0,24,1,0
04:00:00,501204003,18,1,26,1,0
04:00:00,501204004,5,0,9,1,0
04:00:00,501204005,10,1,7,1,0
04:00:00,501204007,8,0,27,1,0
04:00:00,501204008,4,0,10,1,0
04:00:00,501204009,0,0,0,2,0
04:00:00,501204010,0,0,0,2,0
04:00:00,501204011,10,1,4,1,0
04:00:00,501204012,9,1,5,1,0
04:00:00,501204013,11,3,1,1,0
04:00:00,501204014,4,0,12,1,0
04:00:00,501204015,10,0,5,1,0
04:00:00,501204016,10,1,7,1,0
04:00:00,501204017,4,0,11,1,0
04:00:00,501204018,19,1,3,1,0
04:00:00,501204020,8,1,12,1,0
04:00:00,501204021,6,1,14,1,0
04:00:00,501204022,6,0,10,1,0
04:00:00,501204023,13,0,1,1,0
04:00:00,501204024,0,0,0,2,0
04:00:00,501204025,7,0,13,1,0
04:00:00,501205001,7,0,10,1,0
04:00:00,501205003,13,1,6,1,0
04:00:00,501205004,11,0,5,1,0
04:00:00,501205005,3,0,19,1,0
04:00:00,501205006,10,0,10,1,0
04:00:00,501205007,8,1,4,1,0
04:00:00,501205008,8,1,18,1,0
04:00:00,501205009,16,0,29,1,0
04:00:00,501205010,8,0,6,1,0
04:00:00,501205011,4,0,27,1,0
04:00:00,501205012,10,1,9,1,0
04:00:00,501205013,4,0,17,1,0
04:00:00,501205014,18,4,5,1,0
04:00:00,501205015,10,1,7,1,0
04:00:00,501205018,6,0,12,1,0
04:00:00,501205019,4,0,24,1,0
04:00:00,501205020,3,0,26,1,0
04:00:00,501205021,6,0,9,1,0
04:00:00,501205022,10,1,5,1,0
04:00:00,501205023,5,0,10,1,0
04:00:00,501205025,12,0,16,1,0
04:00:00,501205026,6,0,12,1,0
04:00:00,501205027,5,0,5,1,0
04:00:00,501205028,8,0,7,1,0
04:00:00,501205029,7,2,3,1,0
04:00:00,501205030,5,0,5,1,0
04:00:00,501205033,4,0,11,1,0
04:00:00,501205034,5,1,23,1,0
04:00:00,501205035,6,3,10,1,0
04:00:00,501205036,7,2,8,1,0
04:00:00,501205037,1,0,14,1,0
04:00:00,501205038,4,3,16,1,0
04:00:00,501205039,5,0,15,1,0
04:00:00,501205040,15,2,10,1,0
04:00:00,501205041,10,2,7,1,0
04:00:00,501205042,8,1,20,1,0
04:00:00,501208011,22,2,15,1,0
04:00:00,501208013,22,2,32,1,0
04:00:00,501208014,27,1,11,1,0
04:00:00,501208015,7,0,7,1,0
04:00:00,501208018,7,0,8,1,0
04:00:00,501208021,1,0,16,1,0
04:00:00,501208027,11,1,18,1,0
04:00:00,501208029,15,0,7,1,0
04:00:00,501208030,25,1,13,1,0
04:00:00,501208032,1,1,26,1,0
04:00:00,501208040,9,0,10,1,0
04:00:00,501208041,2,0,13,1,0
04:00:00,501208045,10,0,22,1,0
04:00:00,501208051,3,2,33,1,0
04:00:00,501208053,4,0,17,1,0
04:00:00,501208054,8,1,20,1,0
04:00:00,501208059,1,0,28,1,0
04:00:00,501208064,3,0,17,1,0
04:00:00,501208077,5,1,5,1,0
04:00:00,501208079,2,0,19,1,0
04:00:00,501208082,2,0,8,1,0
04:00:00,501208085,12,3,5,1,0
04:00:00,501208087,16,0,13,1,0
04:00:00,501208089,17,2,8,1,0
04:00:00,501208091,13,1,30,1,0
04:00:00,501208111,8,0,7,1,0
04:00:00,501208113,6,0,14,1,0
04:00:00,501208114,10,2,10,1,0
04:00:00,501208129,0,0,19,1,0
04:00:00,501208130,4,1,10,1,0
04:00:00,501209002,10,1,10,1,0
04:00:00,501209003,13,5,1,1,0
04:00:00,501209004,5,0,10,1,0
04:00:00,501209005,2,1,16,1,0
04:00:00,501209006,6,3,13,1,0
04:00:00,501209007,11,4,4,1,0
04:00:00,501209009,0,0,0,2,0
04:00:00,501209010,4,1,10,1,0
04:00:00,501209011,10,1,14,1,0
04:00:00,501209014,8,1,4,1,0
04:00:00,501209015,8,0,7,1,0
04:00:00,501209016,2,1,27,1,0
04:00:00,501209017,5,0,7,1,0
04:00:00,501209018,8,0,9,1,0
04:00:00,501209019,5,0,20,1,0
04:00:00,501209020,7,0,24,1,0
04:00:00,501209021,5,0,9,1,0
04:00:00,501209022,6,1,4,1,0
04:00:00,501209023,35,6,7,1,0
04:00:00,501209024,18,1,24,1,0
04:00:00,501209025,4,0,9,1,0
04:00:00,501209026,21,0,5,1,0
04:00:00,501209027,7,1,12,1,0
04:00:00,501209028,7,0,20,1,0
04:00:00,501209030,11,3,7,1,0
04:00:00,501209031,14,0,15,1,0
04:00:00,501209032,6,1,22,1,0
04:00:00,501209033,12,1,8,1,0
04:00:00,501209034,3,3,12,1,0
04:00:00,501209035,6,0,22,1,0
04:00:00,501209036,5,1,23,1,0
04:00:00,501209037,4,0,31,1,0
04:00:00,501209038,5,0,11,1,0
04:00:00,501209039,10,2,20,1,0
04:00:00,501209040,5,1,26,1,0
04:00:00,501209042,11,1,9,1,0
04:00:00,501209043,21,1,3,1,0
04:00:00,501209044,9,1,6,1,0
04:00:00,501209045,4,0,11,1,0
04:00:00,501209046,9,0,13,1,0
04:00:00,501209047,6,0,7,1,0
04:00:00,501209049,5,1,15,1,0
04:00:00,501209050,8,1,5,1,0
04:00:00,501209051,6,1,18,1,0
04:00:00,501209052,5,4,17,1,0
04:00:00,501209053,2,1,18,1,0
04:00:00,501209054,5,0,22,1,0
04:00:00,501209056,10,0,5,1,0
04:00:00,501209058,10,0,6,1,0
04:00:00,501209059,5,0,10,1,0
04:00:00,501209060,5,0,15,1,0
04:00:00,501209062,10,0,5,1,0
04:00:00,501209064,10,2,5,1,0
04:00:00,501209065,10,0,5,1,0
04:00:00,501209066,10,2,4,1,0
04:00:00,501209067,10,0,5,1,0
04:00:00,501209068,3,0,13,1,0
04:00:00,501209069,5,0,58,1,0
04:00:00,501209070,9,2,8,1,0
04:00:00,501209071,4,3,13,1,0
04:00:00,501209073,3,2,12,1,0
04:00:00,501209074,9,1,14,1,0
04:00:00,501209075,4,1,12,1,0
04:00:00,501209076,6,0,16,1,0
04:00:00,501209077,1,1,14,1,0
04:00:00,501209078,8,1,5,1,0
04:00:00,501209079,11,2,14,1,0
04:00:00,501209080,5,0,22,1,0
04:00:00,501209081,6,0,9,1,0
04:00:00,501209084,11,0,12,1,0
04:00:00,501209085,9,1,19,1,0
04:00:00,501209087,11,2,28,1,0
04:00:00,501209088,4,2,11,1,0
04:00:00,501209089,7,1,13,1,0
04:00:00,501209090,4,0,9,1,0
04:00:00,501209091,6,0,10,1,0
04:00:00,501209092,11,1,5,1,0
04:00:00,501209093,10,0,5,1,0
04:00:00,501209094,5,0,10,1,0
04:00:00,501209095,9,0,4,1,0
04:00:00,501209096,9,0,5,1,0
04:00:00,501209097,5,0,10,1,0
04:00:00,501209098,1,0,13,1,0
04:00:00,501209099,1,0,18,1,0
04:00:00,501209100,4,0,10,1,0
04:00:00,501209101,6,0,8,1,0
04:00:00,501209102,4,0,16,1,0
04:00:00,501209104,2,1,17,1,0
04:00:00,501209105,10,1,14,1,0
04:00:00,501209106,4,0,15,1,0
04:00:00,501211001,32,1,6,1,0
04:00:00,501211002,5,0,10,1,0
04:00:00,501211004,7,1,8,1,0
04:00:00,501211005,5,0,13,1,0
04:00:00,501211006,12,0,5,1,0
04:00:00,501211007,12,1,7,1,0
04:00:00,501211009,12,0,6,1,0
04:00:00,501211011,19,0,11,1,0
04:00:00,501211012,10,1,8,1,0
04:10:00,501201001,0,0,0,2,0
04:10:00,501201002,12,2,28,1,0
04:10:00,501201003,7,1,16,1,0
04:10:00,501201004,2,0,11,1,0
04:10:00,501201005,1,0,18,1,0
04:10:00,501201006,7,0,21,1,0
04:10:00,501201007,11,3,7,1,0
04:10:00,501201008,5,0,20,1,0
04:10:00,501201010,3,0,7,1,0
04:10:00,501201011,6,2,16,1,0
04:10:00,501201012,12,1,27,1,0
04:10:00,501201013,1,0,21,1,0
04:10:00,501201014,9,2,10,1,0
04:10:00,501201015,10,0,15,1,0
04:10:00,501201016,11,0,14,1,0
04:10:00,501201017,18,0,8,1,0
04:10:00,501201018,4,0,19,1,0
04:10:00,501201019,10,0,18,1,0
04:10:00,501201020,7,1,17,1,0
04:10:00,501201021,9,1,6,1,0
04:10:00,501201022,3,0,13,1,0
04:10:00,501201023,8,2,20,1,0
04:10:00,501201024,4,0,20,1,0
04:10:00,501201025,17,5,6,1,0
04:10:00,501201026,12,0,6,1,0
04:10:00,501201028,10,2,10,1,0
04:10:00,501201029,1,0,12,1,0
04:10:00,501201030,6,0,8,1,0
04:10:00,501201031,10,0,7,1,0
04:10:00,501202001,9,1,5,1,0
04:10:00,501202003,3,1,36,1,0
04:10:00,501202013,3,0,14,1,0
04:10:00,501202023,7,0,8,1,0
04:10:00,501202024,1,1,14,1,0
04:10:00,501202034,1,0,15,1,0
04:10:00,501202035,17,0,13,1,0
04:10:00,501202036,4,0,33,1,0
04:10:00,501202040,2,1,43,1,0
04:10:00,501202043,8,1,17,1,0
04:10:00,501202044,0,0,0,2,0
04:10:00,501202047,3,1,19,1,0
04:10:00,501202050,2,1,14,1,0
04:10:00,501202055,11,0,3,1,0
04:10:00,501202058,10,1,5,1,0
04:10:00,501202065,6,0,8,1,0
04:10:00,501202068,2,0,16,1,0
04:10:00,501202070,3,0,13,1,0
04:10:00,501202078,5,1,20,1,0
04:10:00,501202080,13,0,13,1,0
04:10:00,501202081,9,1,14,1,0
04:10:00,501202082,4,0,19,1,0
04:10:00,501202083,14,0,10,1,0
04:10:00,501202084,1,0,23,1,0
04:10:00,501202085,21,1,14,1,0
04:10:00,501202088,6,0,23,1,0
04:10:00,501202089,13,0,16,1,0
04:10:00,501202096,8,2,7,1,0
04:10:00,501203001,0,0,20,1,0
04:10:00,501203002,10,0,12,1,0
04:10:00,501203003,1,0,92,1,0
04:10:00,501203005,3,0,17,1,0
04:10:00,501203006,8,0,7,1,0
04:10:00,501203007,7,0,8,1,0
04:10:00,501203008,7,3,9,1,0
04:10:00,501203010,19,4,12,1,0
04:10:00,501203011,17,3,20,1,0
04:10:00,501203012,10,0,7,1,0
04:10:00,501203013,18,0,6,1,0
04:10:00,501203015,10,0,2,1,0
04:10:00,501203020,11,2,9,1,0
04:10:00,501203022,2,0,17,1,0
04:10:00,501203023,5,1,13,1,0
04:10:00,501203028,14,3,11,1,0
04:10:00,501203040,2,1,20,1,0
04:10:00,501203045,12,1,6,1,0
04:10:00,501203050,26,1,34,1,0
04:10:00,501203051,21,0,3,1,0
04:10:00,501203053,1,0,25,1,0
04:10:00,501203054,6,1,13,1,0
04:10:00,501203064,13,0,3,1,0
04:10:00,501203065,7,0,9,1,0
04:10:00,501203070,6,2,9,1,0
04:10:00,501203073,8,2,16,1,0
04:10:00,501203076,12,0,4,1,0
04:10:00,501203078,3,0,13,1,0
04:10:00,501203080,10,4,5,1,0
04:10:00,501203084,6,1,5,1,0
04:10:00,501203085,4,0,6,1,0
04:10:00,501203088,1,1,13,1,0
04:10:00,501203089,6,0,6,1,0
04:10:00,501203090,2,0,8,1,0
04:10:00,501203091,4,1,7,1,0
04:10:00,501203092,2,0,18,1,0
04:10:00,501203100,7,1,12,1,0
04:10:00,501203101,0,0,0,2,0
04:10:00,501203102,11,0,7,1,0
04:10:00,501203104,5,2,14,1,0
04:10:00,501203105,3,0,8,1,0
04:10:00,501203107,0,0,0,2,0
04:10:00,501203109,10,4,15,1,0
04:10:00,501203110,5,1,37,1,0
04:10:00,501203111,9,1,2,1,0
04:10:00,501203113,8,1,11,1,0
04:10:00,501203114,6,0,44,1,0
04:10:00,501203117,0,0,0,2,0
04:10:00,501203118,6,0,14,1,0
04:10:00,501203121,19,0,5,1,0
04:10:00,501203122,4,0,16,1,0
04:10:00,501203125,17,2,8,1,0
04:10:00,501203131,10,0,10,1,0
04:10:00,501203140,3,0,39,1,0
04:10:00,501203141,9,0,6,1,0
04:10:00,501203142,6,2,69,1,0
04:10:00,501203145,12,1,3,1,0
04:10:00,501203151,10,1,8,1,0
04:10:00,501203155,4,0,15,1,0
04:10:00,501203157,3,0,14,1,0
04:10:00,501203159,1,1,19,1,0
04:10:00,501203161,6,0,13,1,0
04:10:00,501203162,10,0,11,1,0
04:10:00,501203163,2,1,14,1,0
04:10:00,501204001,8,1,16,1,0
04:10:00,501204002,11,0,24,1,0
04:10:00,501204003,18,1,26,1,0
04:10:00,501204004,5,0,9,1,0
04:10:00,501204005,10,1,7,1,0
04:10:00,501204007,8,0,27,1,0
04:10:00,501204008,4,0,10,1,0
04:10:00,501204009,0,0,0,2,0
04:10:00,501204010,0,0,0,2,0
04:10:00,501204011,10,1,4,1,0
04:10:00,501204012,9,1,5,1,0
04:10:00,501204013,11,3,1,1,0
04:10:00,501204014,4,0,12,1,0
04:10:00,501204015,10,0,5,1,0
04:10:00,501204016,10,1,7,1,0
04:10:00,501204017,4,0,11,1,0
04:10:00,501204018,19,1,3,1,0
04:10:00,501204020,8,1,12,1,0
04:10:00,501204021,6,1,14,1,0
04:10:00,501204022,6,0,10,1,0
04:10:00,501204023,13,0,1,1,0
04:10:00,501204024,0,0,0,2,0
04:10:00,501204025,7,0,13,1,0
04:10:00,501205001,7,0,10,1,0
04:10:00,501205003,13,1,6,1,0
04:10:00,501205004,11,0,5,1,0
04:10:00,501205005,3,0,19,1,0
04:10:00,501205006,10,0,10,1,0
04:10:00,501205007,8,1,4,1,0
04:10:00,501205008,8,1,18,1,0
04:10:00,501205009,20,0,25,1,0
04:10:00,501205010,8,0,6,1,0
04:10:00,501205011,4,0,27,1,0
04:10:00,501205012,10,1,9,1,0
04:10:00,501205013,4,0,17,1,0
04:10:00,501205014,18,4,5,1,0
04:10:00,501205015,10,1,7,1,0
04:10:00,501205018,6,0,12,1,0
04:10:00,501205019,4,0,24,1,0
04:10:00,501205020,3,0,26,1,0
04:10:00,501205021,6,0,9,1,0
04:10:00,501205022,10,1,5,1,0
04:10:00,501205023,4,0,11,1,0
04:10:00,501205025,12,0,16,1,0
04:10:00,501205026,6,0,12,1,0
04:10:00,501205027,5,0,5,1,0
04:10:00,501205028,8,0,7,1,0
04:10:00,501205029,7,2,3,1,0
04:10:00,501205030,5,0,5,1,0
04:10:00,501205033,4,0,11,1,0
04:10:00,501205034,5,1,23,1,0
04:10:00,501205035,6,3,10,1,0
04:10:00,501205036,7,2,8,1,0
04:10:00,501205037,1,0,14,1,0
04:10:00,501205038,4,3,16,1,0
04:10:00,501205039,5,0,15,1,0
04:10:00,501205040,15,2,10,1,0
04:10:00,501205041,10,2,7,1,0
04:10:00,501205042,8,1,20,1,0
04:10:00,501208011,22,2,15,1,0
04:10:00,501208013,22,2,32,1,0
04:10:00,501208014,27,1,11,1,0
04:10:00,501208015,7,0,7,1,0
04:10:00,501208018,6,0,9,1,0
04:10:00,501208021,1,0,16,1,0
04:10:00,501208027,11,1,18,1,0
04:10:00,501208029,15,0,7,1,0
04:10:00,501208030,25,1,13,1,0
04:10:00,501208032,1,1,26,1,0
04:10:00,501208040,9,0,10,1,0
04:10:00,501208041,2,0,13,1,0
04:10:00,501208045,10,0,22,1,0
04:10:00,501208051,3,2,33,1,0
04:10:00,501208053,4,0,17,1,0
04:10:00,501208054,8,1,20,1,0
04:10:00,501208059,1,0,28,1,0
04:10:00,501208064,3,0,17,1,0
04:10:00,501208077,5,1,5,1,0
04:10:00,501208079,2,0,19,1,0
04:10:00,501208082,2,0,8,1,0
04:10:00,501208085,12,3,5,1,0
04:10:00,501208087,16,0,13,1,0
04:10:00,501208089,17,2,8,1,0
04:10:00,501208091,3,1,40,1,0
04:10:00,501208111,8,0,7,1,0
04:10:00,501208113,6,0,14,1,0
04:10:00,501208114,10,2,10,1,0
04:10:00,501208129,0,0,19,1,0
04:10:00,501208130,5,1,9,1,0
04:10:00,501209002,10,1,10,1,0
04:10:00,501209003,13,5,1,1,0
04:10:00,501209004,5,0,10,1,0
04:10:00,501209005,2,1,16,1,0
04:10:00,501209006,6,3,13,1,0
04:10:00,501209007,11,4,4,1,0
04:10:00,501209009,0,0,0,2,0
04:10:00,501209010,4,1,10,1,0
04:10:00,501209011,10,1,14,1,0
04:10:00,501209014,8,1,4,1,0
04:10:00,501209015,8,0,7,1,0
04:10:00,501209016,2,1,27,1,0
04:10:00,501209017,5,0,7,1,0
04:10:00,501209018,8,0,9,1,0
04:10:00,501209019,5,0,20,1,0
04:10:00,501209020,7,0,24,1,0
04:10:00,501209021,5,0,9,1,0
04:10:00,501209022,6,1,4,1,0
04:10:00,501209023,35,6,7,1,0
04:10:00,501209024,18,1,24,1,0
04:10:00,501209025,4,0,9,1,0
04:10:00,501209026,21,0,5,1,0
04:10:00,501209027,7,1,12,1,0
04:10:00,501209028,7,0,20,1,0
04:10:00,501209030,11,3,7,1,0
04:10:00,501209031,14,0,15,1,0
04:10:00,501209032,6,1,22,1,0
04:10:00,501209033,12,1,8,1,0
04:10:00,501209034,3,3,12,1,0
04:10:00,501209035,6,0,22,1,0
04:10:00,501209036,5,1,23,1,0
04:10:00,501209037,4,0,31,1,0
04:10:00,501209038,5,0,11,1,0
04:10:00,501209039,10,2,20,1,0
04:10:00,501209040,5,1,26,1,0
04:10:00,501209042,11,1,9,1,0
04:10:00,501209043,21,1,3,1,0
04:10:00,501209044,9,1,6,1,0
04:10:00,501209045,4,0,11,1,0
04:10:00,501209046,9,0,13,1,0
04:10:00,501209047,6,0,7,1,0
04:10:00,501209049,5,1,15,1,0
04:10:00,501209050,8,1,5,1,0
04:10:00,501209051,6,1,18,1,0
04:10:00,501209052,5,4,17,1,0
04:10:00,501209053,2,1,18,1,0
04:10:00,501209054,5,0,22,1,0
04:10:00,501209056,10,0,5,1,0
04:10:00,501209058,10,0,6,1,0
04:10:00,501209059,5,0,10,1,0
04:10:00,501209060,5,0,15,1,0
04:10:00,501209062,10,0,5,1,0
04:10:00,501209064,10,2,5,1,0
04:10:00,501209065,10,0,5,1,0
04:10:00,501209066,10,2,4,1,0
04:10:00,501209067,10,0,5,1,0
04:10:00,501209068,3,0,13,1,0
04:10:00,501209069,5,0,58,1,0
04:10:00,501209070,9,2,8,1,0
04:10:00,501209071,4,3,13,1,0
04:10:00,501209073,3,2,12,1,0
04:10:00,501209074,9,1,14,1,0
04:10:00,501209075,3,0,13,1,0
04:10:00,501209076,6,0,16,1,0
04:10:00,501209077,1,1,14,1,0
04:10:00,501209078,8,1,5,1,0
04:10:00,501209079,11,2,14,1,0
04:10:00,501209080,5,0,22,1,0
04:10:00,501209081,6,0,9,1,0
04:10:00,501209084,11,0,12,1,0
04:10:00,501209085,9,1,19,1,0
04:10:00,501209087,11,2,28,1,0
04:10:00,501209088,4,2,11,1,0
04:10:00,501209089,7,1,13,1,0
04:10:00,501209090,4,0,9,1,0
04:10:00,501209091,6,0,10,1,0
04:10:00,501209092,12,2,4,1,0
04:10:00,501209093,10,0,5,1,0
04:10:00,501209094,5,0,10,1,0
04:10:00,501209095,9,0,4,1,0
04:10:00,501209096,9,0,5,1,0
04:10:00,501209097,5,0,10,1,0
04:10:00,501209098,1,0,13,1,0
04:10:00,501209099,1,0,18,1,0
04:10:00,501209100,4,0,10,1,0
04:10:00,501209101,6,0,8,1,0
04:10:00,501209102,4,0,16,1,0
04:10:00,501209104,2,1,17,1,0
04:10:00,501209105,9,0,15,1,0
04:10:00,501209106,4,0,15,1,0
04:10:00,501211001,32,1,6,1,0
04:10:00,501211002,5,0,10,1,0
04:10:00,501211004,7,1,8,1,0
04:10:00,501211005,5,0,13,1,0
04:10:00,501211006,12,0,5,1,0
04:10:00,501211007,12,1,7,1,0
04:10:00,501211009,12,0,6,1,0
04:10:00,501211011,19,0,11,1,0
04:10:00,501211012,10,1,8,1,0
04:20:00,501201001,0,0,0,2,0
04:20:00,501201002,12,2,28,1,0
04:20:00,501201003,7,1,16,1,0
04:20:00,501201004,2,0,11,1,0
04:20:00,501201005,1,0,18,1,0
04:20:00,501201006,7,0,21,1,0
04:20:00,501201007,11,3,7,1,0
04:20:00,501201008,5,0,20,1,0
04:20:00,501201010,3,0,7,1,0
04:20:00,501201011,6,2,16,1,0
04:20:00,501201012,12,1,27,1,0
04:20:00,501201013,1,0,21,1,0
04:20:00,501201014,9,2,10,1,0
04:20:00,501201015,10,0,15,1,0
04:20:00,501201016,11,0,14,1,0
04:20:00,501201017,18,0,8,1,0
04:20:00,501201018,4,0,19,1,0
04:20:00,501201019,10,0,18,1,0
04:20:00,501201020,7,1,17,1,0
04:20:00,501201021,9,1,6,1,0
04:20:00,501201022,3,0,13,1,0
04:20:00,501201023,8,2,20,1,0
04:20:00,501201024,4,0,20,1,0
04:20:00,501201025,17,5,6,1,0
04:20:00,501201026,12,0,6,1,0
04:20:00,501201028,10,2,10,1,0
04:20:00,501201029,1,0,12,1,0
04:20:00,501201030,6,0,8,1,0
04:20:00,501201031,10,0,7,1,0
04:20:00,501202001,9,1,5,1,0
04:20:00,501202003,3,1,36,1,0
04:20:00,501202013,3,0,14,1,0
04:20:00,501202023,7,0,8,1,0
04:20:00,501202024,1,1,14,1,0
04:20:00,501202034,2,1,14,1,0
04:20:00,501202035,17,0,13,1,0
04:20:00,501202036,4,0,33,1,0
04:20:00,501202040,2,1,43,1,0
04:20:00,501202043,3,1,22,1,0
04:20:00,501202044,0,0,0,2,0
04:20:00,501202047,3,1,19,1,0
04:20:00,501202050,2,1,14,1,0
04:20:00,501202055,11,0,3,1,0
04:20:00,501202058,10,1,5,1,0
04:20:00,501202065,6,0,8,1,0
04:20:00,501202068,2,0,16,1,0
04:20:00,501202070,3,0,13,1,0
04:20:00,501202078,5,1,20,1,0
04:20:00,501202080,13,0,13,1,0
04:20:00,501202081,9,1,14,1,0
04:20:00,501202082,4,0,19,1,0
04:20:00,501202083,14,0,10,1,0
04:20:00,501202084,1,0,23,1,0
04:20:00,501202085,9,1,26,1,0
04:20:00,501202088,6,0,23,1,0
04:20:00,501202089,13,0,16,1,0
04:20:00,501202096,8,2,7,1,0
04:20:00,501203001,0,0,20,1,0
04:20:00,501203002,10,0,12,1,0
04:20:00,501203003,1,0,92,1,0
04:20:00,501203005,3,0,17,1,0
04:20:00,501203006,8,0,7,1,0
04:20:00,501203007,7,0,8,1,0
04:20:00,501203008,7,3,9,1,0
04:20:00,501203010,19,4,12,1,0
04:20:00,501203011,17,3,20,1,0
04:20:00,501203012,10,0,7,1,0
04:20:00,501203013,18,0,6,1,0
04:20:00,501203015,10,0,2,1,0
04:20:00,501203020,11,2,9,1,0
04:20:00,501203022,2,0,17,1,0
04:20:00,501203023,5,1,13,1,0
04:20:00,501203028,14,3,11,1,0
04:20:00,501203040,4,3,20,1,0
04:20:00,501203045,12,1,6,1,0
04:20:00,501203050,26,1,34,1,0
04:20:00,501203051,21,0,3,1,0
04:20:00,501203053,1,0,25,1,0
04:20:00,501203054,9,4,13,1,0
04:20:00,501203064,13,0,3,1,0
04:20:00,501203065,7,0,9,1,0
04:20:00,501203070,6,2,9,1,0
04:20:00,501203073,8,2,16,1,0
04:20:00,501203076,12,0,4,1,0
04:20:00,501203078,3,0,13,1,0
04:20:00,501203080,10,4,5,1,0
04:20:00,501203084,6,1,5,1,0
04:20:00,501203085,4,0,6,1,0
04:20:00,501203088,1,1,13,1,0
04:20:00,501203089,6,0,6,1,0
04:20:00,501203090,2,0,8,1,0
04:20:00,501203091,4,1,7,1,0
04:20:00,501203092,2,0,18,1,0
04:20:00,501203100,7,1,12,1,0
04:20:00,501203101,0,0,0,2,0
04:20:00,501203102,11,0,7,1,0
04:20:00,501203104,5,2,14,1,0
04:20:00,501203105,3,0,8,1,0
04:20:00,501203107,0,0,0,2,0
04:20:00,501203109,10,4,15,1,0
04:20:00,501203110,5,1,37,1,0
04:20:00,501203111,9,1,2,1,0
04:20:00,501203113,8,1,11,1,0
04:20:00,501203114,6,0,44,1,0
04:20:00,501203117,0,0,0,2,0
04:20:00,501203118,6,0,14,1,0
04:20:00,501203121,19,0,5,1,0
04:20:00,501203122,4,0,16,1,0
04:20:00,501203125,17,2,8,1,0
04:20:00,501203131,10,0,10,1,0
04:20:00,501203140,3,0,39,1,0
04:20:00,501203141,9,0,6,1,0
04:20:00,501203142,5,1,70,1,0
04:20:00,501203145,12,1,3,1,0
04:20:00,501203151,18,1,0,1,0
04:20:00,501203155,4,0,15,1,0
04:20:00,501203157,3,0,14,1,0
04:20:00,501203159,1,1,19,1,0
04:20:00,501203161,6,0,13,1,0
04:20:00,501203162,10,0,11,1,0
04:20:00,501203163,2,1,14,1,0
04:20:00,501204001,8,1,16,1,0
04:20:00,501204002,11,0,24,1,0
04:20:00,501204003,18,1,26,1,0
04:20:00,501204004,5,0,9,1,0
04:20:00,501204005,10,1,7,1,0
04:20:00,501204007,8,0,27,1,0
04:20:00,501204008,4,0,10,1,0
04:20:00,501204009,0,0,0,2,0
04:20:00,501204010,0,0,0,2,0
04:20:00,501204011,10,1,4,1,0
04:20:00,501204012,9,1,5,1,0
04:20:00,501204013,11,3,1,1,0
04:20:00,501204014,4,0,12,1,0
04:20:00,501204015,10,0,5,1,0
04:20:00,501204016,10,1,7,1,0
04:20:00,501204017,4,0,11,1,0
04:20:00,501204018,21,3,1,1,0
04:20:00,501204020,8,1,12,1,0
04:20:00,501204021,6,1,14,1,0
04:20:00,501204022,6,0,10,1,0
04:20:00,501204023,13,0,1,1,0
04:20:00,501204024,0,0,0,2,0
04:20:00,501204025,7,0,13,1,0
04:20:00,501205001,7,0,10,1,0
04:20:00,501205003,13,1,6,1,0
04:20:00,501205004,12,1,4,1,0
04:20:00,501205005,3,0,19,1,0
04:20:00,501205006,10,0,10,1,0
04:20:00,501205007,8,1,4,1,0
04:20:00,501205008,8,1,18,1,0
04:20:00,501205009,20,0,25,1,0
04:20:00,501205010,8,0,6,1,0
04:20:00,501205011,4,0,27,1,0
04:20:00,501205012,10,1,9,1,0
04:20:00,501205013,4,0,17,1,0
04:20:00,501205014,18,4,5,1,0
04:20:00,501205015,10,1,7,1,0
04:20:00,501205018,6,0,12,1,0
04:20:00,501205019,4,0,24,1,0
04:20:00,501205020,3,0,26,1,0
04:20:00,501205021,6,0,9,1,0
04:20:00,501205022,10,1,5,1,0
04:20:00,501205023,4,0,11,1,0
04:20:00,501205025,12,0,16,1,0
04:20:00,501205026,6,0,12,1,0
04:20:00,501205027,5,0,5,1,0
04:20:00,501205028,8,0,7,1,0
04:20:00,501205029,7,2,3,1,0
04:20:00,501205030,5,0,5,1,0
04:20:00,501205033,4,0,11,1,0
04:20:00,501205034,5,1,23,1,0
04:20:00,501205035,6,3,10,1,0
04:20:00,501205036,7,2,8,1,0
04:20:00,501205037,1,0,14,1,0
04:20:00,501205038,4,3,16,1,0
04:20:00,501205039,5,0,15,1,0
04:20:00,501205040,15,2,10,1,0
04:20:00,501205041,10,2,7,1,0
04:20:00,501205042,8,1,20,1,0
04:20:00,501208011,22,2,15,1,0
04:20:00,501208013,22,2,32,1,0
04:20:00,501208014,27,1,11,1,0
04:20:00,501208015,7,0,7,1,0
04:20:00,501208018,6,0,9,1,0
04:20:00,501208021,1,0,16,1,0
04:20:00,501208027,11,1,18,1,0
04:20:00,501208029,15,0,7,1,0
04:20:00,501208030,25,1,13,1,0
04:20:00,501208032,1,1,26,1,0
04:20:00,501208040,9,0,10,1,0
04:20:00,501208041,2,0,13,1,0
04:20:00,501208045,10,0,22,1,0
04:20:00,501208051,3,2,33,1,0
04:20:00,501208053,4,0,17,1,0
04:20:00,501208054,8,1,20,1,0
04:20:00,501208059,1,0,28,1,0
04:20:00,501208064,3,0,17,1,0
04:20:00,501208077,5,1,5,1,0
04:20:00,501208079,2,0,19,1,0
04:20:00,501208082,2,0,8,1,0
04:20:00,501208085,12,3,5,1,0
04:20:00,501208087,16,0,13,1,0
04:20:00,501208089,17,2,8,1,0
04:20:00,501208091,3,1,40,1,0
04:20:00,501208111,8,0,7,1,0
04:20:00,501208113,6,0,14,1,0
04:20:00,501208114,10,2,10,1,0
04:20:00,501208129,0,0,19,1,0
04:20:00,501208130,5,1,9,1,0
04:20:00,501209002,10,1,10,1,0
04:20:00,501209003,13,5,1,1,0
04:20:00,501209004,5,0,10,1,0
04:20:00,501209005,2,1,16,1,0
04:20:00,501209006,6,3,13,1,0
04:20:00,501209007,11,4,4,1,0
04:20:00,501209009,0,0,0,2,0
04:20:00,501209010,4,1,10,1,0
04:20:00,501209011,11,1,14,1,0
04:20:00,501209014,8,1,4,1,0
04:20:00,501209015,8,0,7,1,0
04:20:00,501209016,2,1,27,1,0
04:20:00,501209017,5,0,7,1,0
04:20:00,501209018,8,0,9,1,0
04:20:00,501209019,5,0,20,1,0
04:20:00,501209020,7,0,24,1,0
04:20:00,501209021,5,0,9,1,0
04:20:00,501209022,6,1,4,1,0
04:20:00,501209023,36,7,6,1,0
04:20:00,501209024,18,1,24,1,0
04:20:00,501209025,4,0,9,1,0
04:20:00,501209026,21,0,5,1,0
04:20:00,501209027,7,1,12,1,0
04:20:00,501209028,7,0,20,1,0
04:20:00,501209030,11,3,7,1,0
04:20:00,501209031,14,0,15,1,0
04:20:00,501209032,6,1,22,1,0
04:20:00,501209033,12,1,8,1,0
04:20:00,501209034,3,3,12,1,0
04:20:00,501209035,6,0,22,1,0
04:20:00,501209036,5,1,23,1,0
04:20:00,501209037,4,0,31,1,0
04:20:00,501209038,5,0,11,1,0
04:20:00,501209039,10,2,20,1,0
04:20:00,501209040,5,1,26,1,0
04:20:00,501209042,11,1,9,1,0
04:20:00,501209043,21,1,3,1,0
04:20:00,501209044,9,1,6,1,0
04:20:00,501209045,4,0,11,1,0
04:20:00,501209046,9,0,13,1,0
04:20:00,501209047,6,0,7,1,0
04:20:00,501209049,5,1,15,1,0
04:20:00,501209050,8,1,5,1,0
04:20:00,501209051,6,1,18,1,0
04:20:00,501209052,5,4,17,1,0
04:20:00,501209053,2,1,18,1,0
04:20:00,501209054,5,0,22,1,0
04:20:00,501209056,10,0,5,1,0
04:20:00,501209058,10,0,6,1,0
04:20:00,501209059,5,0,10,1,0
04:20:00,501209060,5,0,15,1,0
04:20:00,501209062,10,0,5,1,0
04:20:00,501209064,10,2,5,1,0
04:20:00,501209065,10,0,5,1,0
04:20:00,501209066,10,2,4,1,0
04:20:00,501209067,10,0,5,1,0
04:20:00,501209068,3,0,13,1,0
04:20:00,501209069,5,0,58,1,0
04:20:00,501209070,9,2,8,1,0
04:20:00,501209071,4,3,13,1,0
04:20:00,501209073,3,2,12,1,0
04:20:00,501209074,9,1,14,1,0
04:20:00,501209075,3,0,13,1,0
04:20:00,501209076,6,0,16,1,0
04:20:00,501209077,1,1,14,1,0
04:20:00,501209078,8,1,5,1,0
04:20:00,501209079,11,2,14,1,0
04:20:00,501209080,5,0,22,1,0
04:20:00,501209081,6,0,9,1,0
04:20:00,501209084,11,0,12,1,0
04:20:00,501209085,9,1,19,1,0
04:20:00,501209087,11,2,28,1,0
04:20:00,501209088,4,2,11,1,0
04:20:00,501209089,7,1,13,1,0
04:20:00,501209090,4,0,9,1,0
04:20:00,501209091,6,0,10,1,0
04:20:00,501209092,12,2,4,1,0
04:20:00,501209093,10,0,5,1,0
04:20:00,501209094,5,0,10,1,0
04:20:00,501209095,9,0,4,1,0
04:20:00,501209096,9,0,5,1,0
04:20:00,501209097,5,0,10,1,0
04:20:00,501209098,1,0,13,1,0
04:20:00,501209099,1,0,18,1,0
04:20:00,501209100,4,0,10,1,0
04:20:00,501209101,6,0,8,1,0
04:20:00,501209102,4,0,16,1,0
04:20:00,501209104,2,1,17,1,0
04:20:00,501209105,9,0,15,1,0
04:20:00,501209106,4,0,15,1,0
04:20:00,501211001,32,1,6,1,0
04:20:00,501211002,5,0,10,1,0
04:20:00,501211004,7,1,8,1,0
04:20:00,501211005,5,0,13,1,0
04:20:00,501211006,12,0,5,1,0
04:20:00,501211007,12,1,7,1,0
04:20:00,501211009,12,0,6,1,0
04:20:00,501211011,19,0,11,1,0
04:20:00,501211012,10,1,8,1,0
04:30:00,501201001,0,0,0,2,0
04:30:00,501201002,12,2,28,1,0
04:30:00,501201003,7,1,16,1,0
04:30:00,501201004,2,0,11,1,0
04:30:00,501201005,1,0,18,1,0
04:30:00,501201006,7,0,21,1,0
04:30:00,501201007,11,3,7,1,0
04:30:00,501201008,5,0,20,1,0
04:30:00,501201010,3,0,7,1,0
04:30:00,501201011,6,2,16,1,0
04:30:00,501201012,12,1,27,1,0
04:30:00,501201013,1,0,21,1,0
04:30:00,501201014,9,2,10,1,0
04:30:00,501201015,10,0,15,1,0
04:30:00,501201016,11,0,14,1,0
04:30:00,501201017,18,0,8,1,0
04:30:00,501201018,4,0,19,1,0
04:30:00,501201019,9,0,19,1,0
04:30:00,501201020,7,1,17,1,0
04:30:00,501201021,9,1,6,1,0
04:30:00,501201022,3,0,13,1,0
04:30:00,501201023,8,2,20,1,0
04:30:00,501201024,4,0,20,1,0
04:30:00,501201025,17,5,6,1,0
04:30:00,501201026,12,0,6,1,0
04:30:00,501201028,10,2,10,1,0
04:30:00,501201029,1,0,12,1,0
04:30:00,501201030,6,0,8,1,0
04:30:00,501201031,10,0,7,1,0
04:30:00,501202001,9,1,5,1,0
04:30:00,501202003,3,1,36,1,0
04:30:00,501202013,3,0,14,1,0
04:30:00,501202023,7,0,8,1,0
04:30:00,501202024,1,1,14,1,0
04:30:00,501202034,1,0,15,1,0
04:30:00,501202035,17,0,13,1,0
04:30:00,501202036,4,0,33,1,0
04:30:00,501202040,2,1,43,1,0
04:30:00,501202043,3,1,22,1,0
04:30:00,501202044,0,0,0,2,0
04:30:00,501202047,3,1,19,1,0
04:30:00,501202050,2,1,14,1,0
04:30:00,501202055,11,0,3,1,0
04:30:00,501202058,10,1,5,1,0
04:30:00,501202065,6,0,8,1,0
04:30:00,501202068,2,0,16,1,0
04:30:00,501202070,3,0,13,1,0
04:30:00,501202078,5,1,20,1,0
04:30:00,501202080,13,0,13,1,0
04:30:00,501202081,9,1,14,1,0
04:30:00,501202082,4,0,19,1,0
04:30:00,501202083,14,0,10,1,0
04:30:00,501202084,1,0,23,1,0
04:30:00,501202085,7,1,28,1,0
04:30:00,501202088,6,0,23,1,0
04:30:00,501202089,13,0,16,1,0
04:30:00,501202096,8,2,7,1,0
04:30:00,501203001,0,0,20,1,0
04:30:00,501203002,10,0,12,1,0
04:30:00,501203003,1,0,92,1,0
04:30:00,501203005,3,0,17,1,0
04:30:00,501203006,8,0,7,1,0
04:30:00,501203007,7,0,8,1,0
04:30:00,501203008,7,3,9,1,0
04:30:00,501203010,19,4,12,1,0
04:30:00,501203011,17,3,20,1,0
04:30:00,501203012,10,0,7,1,0
04:30:00,501203013,18,0,6,1,0
04:30:00,501203015,10,0,2,1,0
04:30:00,501203020,11,2,9,1,0
04:30:00,501203022,2,0,17,1,0
04:30:00,501203023,5,1,13,1,0
04:30:00,501203028,14,3,11,1,0
04:30:00,501203040,4,3,20,1,0
04:30:00,501203045,12,1,6,1,0
04:30:00,501203050,26,1,34,1,0
04:30:00,501203051,21,0,3,1,0
04:30:00,501203053,1,0,25,1,0
04:30:00,501203054,9,4,13,1,0
04:30:00,501203064,13,0,3,1,0
04:30:00,501203065,7,0,9,1,0
04:30:00,501203070,6,2,9,1,0
04:30:00,501203073,8,2,16,1,0
04:30:00,501203076,12,0,4,1,0
04:30:00,501203078,3,0,13,1,0
04:30:00,501203080,9,3,6,1,0
04:30:00,501203084,6,1,5,1,0
04:30:00,501203085,4,0,6,1,0
04:30:00,501203088,1,1,13,1,0
04:30:00,501203089,6,0,6,1,0
04:30:00,501203090,2,0,8,1,0
04:30:00,501203091,4,1,7,1,0
04:30:00,501203092,2,0,18,1,0
04:30:00,501203100,7,1,12,1,0
04:30:00,501203101,0,0,0,2,0
04:30:00,501203102,11,0,7,1,0
04:30:00,501203104,5,2,14,1,0
04:30:00,501203105,3,0,8,1,0
04:30:00,501203107,0,0,0,2,0
04:30:00,501203109,11,5,15,1,0
04:30:00,501203110,5,1,37,1,0
04:30:00,501203111,9,1,2,1,0
04:30:00,501203113,8,1,11,1,0
04:30:00,501203114,6,0,44,1,0
04:30:00,501203117,0,0,0,2,0
04:30:00,501203118,5,0,15,1,0
04:30:00,501203121,19,0,5,1,0
04:30:00,501203122,4,0,16,1,0
04:30:00,501203125,17,2,8,1,0
04:30:00,501203131,10,0,10,1,0
04:30:00,501203140,3,0,39,1,0
04:30:00,501203141,9,0,6,1,0
04:30:00,501203142,4,0,71,1,0
04:30:00,501203145,12,1,3,1,0
04:30:00,501203151,18,1,0,1,0
04:30:00,501203155,4,0,15,1,0
04:30:00,501203157,3,0,14,1,0
04:30:00,501203159,1,1,19,1,0
04:30:00,501203161,6,0,13,1,0
04:30:00,501203162,10,0,11,1,0
04:30:00,501203163,2,1,14,1,0
04:30:00,501204001,8,1,16,1,0
04:30:00,501204002,11,0,24,1,0
04:30:00,501204003,18,1,26,1,0
04:30:00,501204004,5,0,9,1,0
04:30:00,501204005,10,1,7,1,0
04:30:00,501204007,8,0,27,1,0
04:30:00,501204008,4,0,10,1,0
04:30:00,501204009,0,0,0,2,0
04:30:00,501204010,0,0,0,2,0
04:30:00,501204011,10,1,4,1,0
04:30:00,501204012,9,1,5,1,0
04:30:00,501204013,11,3,1,1,0
04:30:00,501204014,4,0,12,1,0
04:30:00,501204015,10,0,5,1,0
04:30:00,501204016,10,1,7,1,0
04:30:00,501204017,4,0,11,1,0
04:30:00,501204018,21,3,1,1,0
04:30:00,501204020,8,1,12,1,0
04:30:00,501204021,6,1,14,1,0
04:30:00,501204022,6,0,10,1,0
04:30:00,501204023,13,0,1,1,0
04:30:00,501204024,0,0,0,2,0
04:30:00,501204025,7,0,13,1,0
04:30:00,501205001,7,0,10,1,0
04:30:00,501205003,13,1,6,1,0
04:30:00,501205004,12,1,4,1,0
04:30:00,501205005,3,0,19,1,0
04:30:00,501205006,10,0,10,1,0
04:30:00,501205007,8,1,4,1,0
04:30:00,501205008,8,1,18,1,0
04:30:00,501205009,20,0,25,1,0
04:30:00,501205010,8,0,6,1,0
04:30:00,501205011,4,0,27,1,0
04:30:00,501205012,10,1,9,1,0
04:30:00,501205013,4,0,17,1,0
04:30:00,501205014,18,4,5,1,0
04:30:00,501205015,9,1,8,1,0
04:30:00,501205018,6,0,12,1,0
04:30:00,501205019,4,0,24,1,0
04:30:00,501205020,3,0,26,1,0
04:30:00,501205021,6,0,9,1,0
04:30:00,501205022,10,1,5,1,0
04:30:00,501205023,4,0,11,1,0
04:30:00,501205025,12,0,16,1,0
04:30:00,501205026,6,0,12,1,0
04:30:00,501205027,5,0,5,1,0
04:30:00,501205028,8,0,7,1,0
04:30:00,501205029,7,2,3,1,0
04:30:00,501205030,5,0,5,1,0
04:30:00,501205033,4,0,11,1,0
04:30:00,501205034,5,1,23,1,0
04:30:00,501205035,6,3,10,1,0
04:30:00,501205036,7,2,8,1,0
04:30:00,501205037,1,0,14,1,0
04:30:00,501205038,4,3,16,1,0
04:30:00,501205039,5,0,15,1,0
04:30:00,501205040,15,2,10,1,0
04:30:00,501205041,10,2,7,1,0
04:30:00,501205042,8,1,20,1,0
04:30:00,501208011,22,2,15,1,0
04:30:00,501208013,22,2,32,1,0
04:30:00,501208014,27,1,11,1,0
04:30:00,501208015,7,0,7,1,0
04:30:00,501208018,6,0,9,1,0
04:30:00,501208021,1,0,16,1,0
04:30:00,501208027,11,1,18,1,0
04:30:00,501208029,15,0,7,1,0
04:30:00,501208030,25,1,13,1,0
04:30:00,501208032,1,1,26,1,0
04:30:00,501208040,9,0,10,1,0
04:30:00,501208041,2,0,13,1,0
04:30:00,501208045,10,0,22,1,0
04:30:00,501208051,3,2,33,1,0
04:30:00,501208053,4,0,17,1,0
04:30:00,501208054,8,1,20,1,0
04:30:00,501208059,1,0,28,1,0
04:30:00,501208064,3,0,17,1,0
04:30:00,501208077,5,1,5,1,0
04:30:00,501208079,2,0,19,1,0
04:30:00,501208082,2,0,8,1,0
04:30:00,501208085,12,3,5,1,0
04:30:00,501208087,16,0,13,1,0
04:30:00,501208089,17,2,8,1,0
04:30:00,501208091,3,1,40,1,0
04:30:00,501208111,7,0,8,1,0
04:30:00,501208113,6,0,14,1,0
04:30:00,501208114,10,2,10,1,0
04:30:00,501208129,2,0,17,1,0
04:30:00,501208130,5,1,9,1,0
04:30:00,501209002,10,1,10,1,0
04:30:00,501209003,13,5,1,1,0
04:30:00,501209004,5,0,10,1,0
04:30:00,501209005,2,1,16,1,0
04:30:00,501209006,6,3,13,1,0
04:30:00,501209007,11,4,4,1,0
04:30:00,501209009,0,0,0,2,0
04:30:00,501209010,4,1,10,1,0
04:30:00,501209011,11,1,14,1,0
04:30:00,501209014,9,1,3,1,0
04:30:00,501209015,8,0,7,1,0
04:30:00,501209016,2,1,27,1,0
04:30:00,501209017,5,0,7,1,0
04:30:00,501209018,8,0,9,1,0
04:30:00,501209019,5,0,20,1,0
04:30:00,501209020,7,0,24,1,0
04:30:00,501209021,5,0,9,1,0
04:30:00,501209022,6,1,4,1,0
04:30:00,501209023,36,7,6,1,0
04:30:00,501209024,18,1,24,1,0
04:30:00,501209025,4,0,9,1,0
04:30:00,501209026,21,0,5,1,0
04:30:00,501209027,7,1,12,1,0
04:30:00,501209028,7,0,20,1,0
04:30:00,501209030,11,3,7,1,0
04:30:00,501209031,14,0,15,1,0
04:30:00,501209032,6,1,22,1,0
04:30:00,501209033,12,1,8,1,0
04:30:00,501209034,3,3,12,1,0
04:30:00,501209035,6,0,22,1,0
04:30:00,501209036,5,1,23,1,0
04:30:00,501209037,4,0,31,1,0
04:30:00,501209038,5,0,11,1,0
04:30:00,501209039,10,2,20,1,0
04:30:00,501209040,5,1,26,1,0
04:30:00,501209042,11,1,9,1,0
04:30:00,501209043,21,1,3,1,0
04:30:00,501209044,9,1,6,1,0
04:30:00,501209045,4,0,11,1,0
04:30:00,501209046,9,0,13,1,0
04:30:00,501209047,6,0,7,1,0
04:30:00,501209049,5,1,15,1,0
04:30:00,501209050,8,1,5,1,0
04:30:00,501209051,6,1,18,1,0
04:30:00,501209052,5,4,17,1,0
04:30:00,501209053,2,1,18,1,0
04:30:00,501209054,5,0,22,1,0
04:30:00,501209056,10,0,5,1,0
04:30:00,501209058,10,0,6,1,0
04:30:00,501209059,5,0,10,1,0
04:30:00,501209060,5,0,15,1,0
04:30:00,501209062,10,0,5,1,0
04:30:00,501209064,10,2,5,1,0
04:30:00,501209065,10,0,5,1,0
04:30:00,501209066,10,2,4,1,0
04:30:00,501209067,11,0,4,1,0
04:30:00,501209068,3,0,13,1,0
04:30:00,501209069,5,0,58,1,0
04:30:00,501209070,9,2,8,1,0
04:30:00,501209071,4,3,13,1,0
04:30:00,501209073,3,2,12,1,0
04:30:00,501209074,9,1,14,1,0
04:30:00,501209075,3,0,13,1,0
04:30:00,501209076,6,0,16,1,0
04:30:00,501209077,1,1,14,1,0
04:30:00,501209078,8,1,5,1,0
04:30:00,501209079,11,2,14,1,0
04:30:00,501209080,4,0,23,1,0
04:30:00,501209081,6,0,9,1,0
04:30:00,501209084,11,0,12,1,0
04:30:00,501209085,9,1,19,1,0
04:30:00,501209087,11,2,28,1,0
04:30:00,501209088,4,2,11,1,0
04:30:00,501209089,7,1,13,1,0
04:30:00,501209090,4,0,9,1,0
04:30:00,501209091,6,0,10,1,0
04:30:00,501209092,12,2,4,1,0
04:30:00,501209093,10,0,5,1,0
04:30:00,501209094,5,0,10,1,0
04:30:00,501209095,9,0,4,1,0
04:30:00,501209096,9,0,5,1,0
04:30:00,501209097,5,0,10,1,0
04:30:00,501209098,1,0,13,1,0
04:30:00,501209099,1,0,18,1,0
04:30:00,501209100,4,0,10,1,0
04:30:00,501209101,6,0,8,1,0
04:30:00,501209102,4,0,16,1,0
04:30:00,501209104,2,1,17,1,0
04:30:00,501209105,9,0,15,1,0
04:30:00,501209106,4,0,15,1,0
04:30:00,501211001,32,1,6,1,0
04:30:00,501211002,5,0,10,1,0
04:30:00,501211004,7,1,8,1,0
04:30:00,501211005,5,0,13,1,0
04:30:00,501211006,12,0,5,1,0
04:30:00,501211007,12,1,7,1,0
04:30:00,501211009,12,0,6,1,0
04:30:00,501211011,19,0,11,1,0
04:30:00,501211012,10,1,8,1,0
04:40:00,501201001,0,0,0,2,0
04:40:00,501201002,12,2,28,1,0
04:40:00,501201003,7,1,16,1,0
04:40:00,501201004,2,0,11,1,0
04:40:00,501201005,1,0,18,1,0
04:40:00,501201006,6,0,22,1,0
04:40:00,501201007,11,2,7,1,0
04:40:00,501201008,5,0,20,1,0
04:40:00,501201010,3,0,7,1,0
04:40:00,501201011,5,2,17,1,0
04:40:00,501201012,12,1,27,1,0
04:40:00,501201013,1,0,21,1,0
04:40:00,501201014,9,2,10,1,0
04:40:00,501201015,10,0,15,1,0
04:40:00,501201016,11,0,14,1,0
04:40:00,501201017,18,0,8,1,0
04:40:00,501201018,4,0,19,1,0
04:40:00,501201019,10,0,18,1,0
04:40:00,501201020,7,1,17,1,0
04:40:00,501201021,9,1,6,1,0
04:40:00,501201022,3,0,13,1,0
04:40:00,501201023,8,2,20,1,0
04:40:00,501201024,3,0,21,1,0
04:40:00,501201025,17,5,6,1,0
04:40:00,501201026,12,0,6,1,0
04:40:00,501201028,10,2,10,1,0
04:40:00,501201029,1,0,12,1,0
04:40:00,501201030,6,0,8,1,0
04:40:00,501201031,10,0,7,1,0
04:40:00,501202001,9,1,5,1,0
04:40:00,501202003,3,1,36,1,0
04:40:00,501202013,3,0,14,1,0
04:40:00,501202023,7,0,8,1,0
04:40:00,501202024,1,1,14,1,0
04:40:00,501202034,1,0,15,1,0
04:40:00,501202035,17,0,13,1,0
04:40:00,501202036,4,0,33,1,0
04:40:00,501202040,2,1,43,1,0
04:40:00,501202043,3,1,22,1,0
04:40:00,501202044,0,0,0,2,0
04:40:00,501202047,3,1,19,1,0
04:40:00,501202050,2,1,14,1,0
04:40:00,501202055,11,0,3,1,0
04:40:00,501202058,10,1,5,1,0
04:40:00,501202065,6,0,8,1,0
04:40:00,501202068,2,0,16,1,0
04:40:00,501202070,3,0,13,1,0
04:40:00,501202078,5,1,20,1,0
04:40:00,501202080,13,0,13,1,0
04:40:00,501202081,9,1,14,1,0
04:40:00,501202082,4,0,19,1,0
04:40:00,501202083,14,0,10,1,0
04:40:00,501202084,1,0,23,1,0
04:40:00,501202085,7,1,28,1,0
04:40:00,501202088,6,0,23,1,0
04:40:00,501202089,13,0,16,1,0
04:40:00,501202096,8,2,7,1,0
04:40:00,501203001,0,0,20,1,0
04:40:00,501203002,5,1,17,1,0
04:40:00,501203003,1,0,92,1,0
04:40:00,501203005,3,0,17,1,0
04:40:00,501203006,8,0,7,1,0
04:40:00,501203007,7,0,8,1,0
04:40:00,501203008,7,3,9,1,0
04:40:00,501203010,19,4,12,1,0
04:40:00,501203011,17,3,20,1,0
04:40:00,501203012,10,0,7,1,0
04:40:00,501203013,14,0,10,1,0
04:40:00,501203015,10,0,2,1,0
04:40:00,501203020,11,2,9,1,0
04:40:00,501203022,2,0,17,1,0
04:40:00,501203023,5,1,13,1,0
04:40:00,501203028,14,3,11,1,0
04:40:00,501203040,4,3,20,1,0
04:40:00,501203045,12,1,6,1,0
04:40:00,501203050,26,1,34,1,0
04:40:00,501203051,21,0,3,1,0
04:40:00,501203053,1,0,25,1,0
04:40:00,501203054,8,3,14,1,0
04:40:00,501203064,13,0,3,1,0
04:40:00,501203065,6,0,10,1,0
04:40:00,501203070,6,2,9,1,0
04:40:00,501203073,8,2,16,1,0
04:40:00,501203076,12,0,4,1,0
04:40:00,501203078,3,0,13,1,0
04:40:00,501203080,9,2,6,1,0
04:40:00,501203084,6,1,5,1,0
04:40:00,501203085,4,0,6,1,0
04:40:00,501203088,1,1,13,1,0
04:40:00,501203089,6,0,6,1,0
04:40:00,501203090,2,0,8,1,0
04:40:00,501203091,4,1,7,1,0
04:40:00,501203092,2,0,18,1,0
04:40:00,501203100,7,1,12,1,0
04:40:00,501203101,0,0,0,2,0
04:40:00,501203102,12,1,7,1,0
04:40:00,501203104,5,2,14,1,0
04:40:00,501203105,3,0,8,1,0
04:40:00,501203107,0,0,0,2,0
04:40:00,501203109,11,5,15,1,0
04:40:00,501203110,5,1,37,1,0
04:40:00,501203111,10,1,1,1,0
04:40:00,501203113,8,1,11,1,0
04:40:00,501203114,6,0,44,1,0
04:40:00,501203117,0,0,0,2,0
04:40:00,501203118,6,0,14,1,0
04:40:00,501203121,19,0,5,1,0
04:40:00,501203122,4,0,16,1,0
04:40:00,501203125,17,2,8,1,0
04:40:00,501203131,10,0,10,1,0
04:40:00,501203140,3,0,39,1,0
04:40:00,501203141,9,0,6,1,0
04:40:00,501203142,4,0,71,1,0
04:40:00,501203145,12,1,3,1,0
04:40:00,501203151,18,1,0,1,0
04:40:00,501203155,4,0,15,1,0
04:40:00,501203157,3,0,14,1,0
04:40:00,501203159,1,1,19,1,0
04:40:00,501203161,6,0,13,1,0
04:40:00,501203162,10,0,11,1,0
04:40:00,501203163,2,1,14,1,0
04:40:00,501204001,8,1,16,1,0
04:40:00,501204002,11,0,24,1,0
04:40:00,501204003,18,1,26,1,0
04:40:00,501204004,5,0,9,1,0
04:40:00,501204005,10,1,7,1,0
04:40:00,501204007,8,0,27,1,0
04:40:00,501204008,4,0,10,1,0
04:40:00,501204009,0,0,0,2,0
04:40:00,501204010,0,0,0,2,0
04:40:00,501204011,10,1,4,1,0
04:40:00,501204012,9,1,5,1,0
04:40:00,501204013,11,3,1,1,0
04:40:00,501204014,4,0,12,1,0
04:40:00,501204015,10,0,5,1,0
04:40:00,501204016,10,1,7,1,0
04:40:00,501204017,4,0,11,1,0
04:40:00,501204018,21,3,1,1,0
04:40:00,501204020,8,1,12,1,0
04:40:00,501204021,6,1,14,1,0
04:40:00,501204022,6,0,10,1,0
04:40:00,501204023,13,0,1,1,0
04:40:00,501204024,0,0,0,2,0
04:40:00,501204025,7,0,13,1,0
04:40:00,501205001,7,0,10,1,0
04:40:00,501205003,13,1,6,1,0
04:40:00,501205004,12,1,4,1,0
04:40:00,501205005,3,0,19,1,0
04:40:00,501205006,10,0,10,1,0
04:40:00,501205007,8,1,4,1,0
04:40:00,501205008,8,1,18,1,0
04:40:00,501205009,27,0,18,1,0
04:40:00,501205010,8,0,6,1,0
04:40:00,501205011,4,0,27,1,0
04:40:00,501205012,10,1,9,1,0
04:40:00,501205013,4,0,17,1,0
04:40:00,501205014,18,4,5,1,0
04:40:00,501205015,9,1,8,1,0
04:40:00,501205018,6,0,12,1,0
04:40:00,501205019,4,0,24,1,0
04:40:00,501205020,3,0,26,1,0
04:40:00,501205021,5,0,10,1,0
04:40:00,501205022,10,1,5,1,0
04:40:00,501205023,4,0,11,1,0
04:40:00,501205025,12,0,16,1,0
04:40:00,501205026,6,0,12,1,0
04:40:00,501205027,5,0,5,1,0
04:40:00,501205028,8,0,7,1,0
04:40:00,501205029,6,2,4,1,0
04:40:00,501205030,5,0,5,1,0
04:40:00,501205033,4,0,11,1,0
04:40:00,501205034,5,1,23,1,0
04:40:00,501205035,6,3,10,1,0
04:40:00,501205036,7,2,8,1,0
04:40:00,501205037,1,0,14,1,0
04:40:00,501205038,4,3,16,1,0
04:40:00,501205039,5,0,15,1,0
04:40:00,501205040,15,2,10,1,0
04:40:00,501205041,10,2,7,1,0
04:40:00,501205042,8,1,20,1,0
04:40:00,501208011,22,2,15,1,0
04:40:00,501208013,22,2,32,1,0
04:40:00,501208014,27,1,11,1,0
04:40:00,501208015,7,0,7,1,0
04:40:00,501208018,6,0,9,1,0
04:40:00,501208021,1,0,16,1,0
04:40:00,501208027,11,1,18,1,0
04:40:00,501208029,15,0,7,1,0
04:40:00,501208030,25,1,13,1,0
04:40:00,501208032,5,1,22,1,0
04:40:00,501208040,9,0,10,1,0
04:40:00,501208041,2,0,13,1,0
04:40:00,501208045,10,0,22,1,0
04:40:00,501208051,3,2,33,1,0
04:40:00,501208053,4,0,17,1,0
04:40:00,501208054,8,1,20,1,0
04:40:00,501208059,1,0,28,1,0
04:40:00,501208064,3,0,17,1,0
04:40:00,501208077,5,1,5,1,0
04:40:00,501208079,2,0,19,1,0
04:40:00,501208082,2,0,8,1,0
04:40:00,501208085,13,4,4,1,0
04:40:00,501208087,16,0,13,1,0
04:40:00,501208089,17,2,8,1,0
04:40:00,501208091,3,1,40,1,0
04:40:00,501208111,7,0,8,1,0
04:40:00,501208113,6,0,14,1,0
04:40:00,501208114,10,2,10,1,0
04:40:00,501208129,2,0,17,1,0
04:40:00,501208130,5,1,9,1,0
04:40:00,501209002,10,1,10,1,0
04:40:00,501209003,13,5,1,1,0
04:40:00,501209004,5,0,10,1,0
04:40:00,501209005,2,1,16,1,0
04:40:00,501209006,6,3,13,1,0
04:40:00,501209007,11,4,4,1,0
04:40:00,501209009,0,0,0,2,0
04:40:00,501209010,4,1,10,1,0
04:40:00,501209011,11,1,14,1,0
04:40:00,501209014,9,1,3,1,0
04:40:00,501209015,8,0,7,1,0
04:40:00,501209016,2,1,27,1,0
04:40:00,501209017,5,0,7,1,0
04:40:00,501209018,8,0,9,1,0
04:40:00,501209019,5,0,20,1,0
04:40:00,501209020,7,0,24,1,0
04:40:00,501209021,5,0,9,1,0
04:40:00,501209022,5,0,5,1,0
04:40:00,501209023,36,7,6,1,0
04:40:00,501209024,18,1,24,1,0
04:40:00,501209025,4,0,9,1,0
04:40:00,501209026,21,0,5,1,0
04:40:00,501209027,7,1,12,1,0
04:40:00,501209028,7,0,20,1,0
04:40:00,501209030,11,3,7,1,0
04:40:00,501209031,14,0,15,1,0
04:40:00,501209032,6,1,22,1,0
04:40:00,501209033,11,0,8,1,0
04:40:00,501209034,3,3,12,1,0
04:40:00,501209035,6,0,22,1,0
04:40:00,501209036,5,1,23,1,0
04:40:00,501209037,4,0,31,1,0
04:40:00,501209038,5,0,11,1,0
04:40:00,501209039,10,2,20,1,0
04:40:00,501209040,5,1,26,1,0
04:40:00,501209042,11,1,9,1,0
04:40:00,501209043,21,1,3,1,0
04:40:00,501209044,9,1,6,1,0
04:40:00,501209045,4,0,11,1,0
04:40:00,501209046,9,0,13,1,0
04:40:00,501209047,6,0,7,1,0
04:40:00,501209049,5,1,15,1,0
04:40:00,501209050,8,1,5,1,0
04:40:00,501209051,6,1,18,1,0
04:40:00,501209052,5,4,17,1,0
04:40:00,501209053,2,1,18,1,0
04:40:00,501209054,5,0,22,1,0
04:40:00,501209056,10,0,5,1,0
04:40:00,501209058,10,0,6,1,0
04:40:00,501209059,5,0,10,1,0
04:40:00,501209060,5,0,15,1,0
04:40:00,501209062,10,0,5,1,0
04:40:00,501209064,10,2,5,1,0
04:40:00,501209065,10,0,5,1,0
04:40:00,501209066,10,2,4,1,0
04:40:00,501209067,11,0,4,1,0
04:40:00,501209068,3,0,13,1,0
04:40:00,501209069,5,0,58,1,0
04:40:00,501209070,9,2,8,1,0
04:40:00,501209071,4,3,13,1,0
04:40:00,501209073,3,2,12,1,0
04:40:00,501209074,9,1,14,1,0
04:40:00,501209075,3,0,13,1,0
04:40:00,501209076,6,0,16,1,0
04:40:00,501209077,1,1,14,1,0
04:40:00,501209078,8,1,5,1,0
04:40:00,501209079,11,2,14,1,0
04:40:00,501209080,4,0,23,1,0
04:40:00,501209081,6,0,9,1,0
04:40:00,501209084,11,0,12,1,0
04:40:00,501209085,9,1,19,1,0
04:40:00,501209087,11,2,28,1,0
04:40:00,501209088,4,2,11,1,0
04:40:00,501209089,7,1,13,1,0
04:40:00,501209090,4,0,9,1,0
04:40:00,501209091,6,0,10,1,0
04:40:00,501209092,12,2,4,1,0
04:40:00,501209093,10,0,5,1,0
04:40:00,501209094,5,0,10,1,0
04:40:00,501209095,9,0,4,1,0
04:40:00,501209096,9,0,5,1,0
04:40:00,501209097,5,0,10,1,0
04:40:00,501209098,1,0,13,1,0
04:40:00,501209099,1,0,18,1,0
04:40:00,501209100,4,0,10,1,0
04:40:00,501209101,6,0,8,1,0
04:40:00,501209102,4,0,16,1,0
04:40:00,501209104,2,1,17,1,0
04:40:00,501209105,9,0,15,1,0
04:40:00,501209106,4,0,15,1,0
04:40:00,501211001,32,1,6,1,0
04:40:00,501211002,5,0,10,1,0
04:40:00,501211004,7,1,8,1,0
04:40:00,501211005,5,0,13,1,0
04:40:00,501211006,12,0,5,1,0
04:40:00,501211007,12,1,7,1,0
04:40:00,501211009,12,0,6,1,0
04:40:00,501211011,19,0,11,1,0
04:40:00,501211012,10,1,8,1,0
04:50:00,501201001,0,0,0,2,0
04:50:00,501201002,12,2,28,1,0
04:50:00,501201003,7,1,16,1,0
04:50:00,501201004,2,0,11,1,0
04:50:00,501201005,1,0,18,1,0
04:50:00,501201006,6,0,22,1,0
04:50:00,501201007,11,2,7,1,0
04:50:00,501201008,5,0,20,1,0
04:50:00,501201010,3,0,7,1,0
04:50:00,501201011,5,2,17,1,0
04:50:00,501201012,12,1,27,1,0
04:50:00,501201013,1,0,21,1,0
04:50:00,501201014,8,1,11,1,0
04:50:00,501201015,10,0,15,1,0
04:50:00,501201016,11,0,14,1,0
04:50:00,501201017,18,0,8,1,0
04:50:00,501201018,4,0,19,1,0
04:50:00,501201019,9,0,19,1,0
04:50:00,501201020,7,1,17,1,0
04:50:00,501201021,9,1,6,1,0
04:50:00,501201022,3,0,13,1,0
04:50:00,501201023,8,2,20,1,0
04:50:00,501201024,3,0,21,1,0
04:50:00,501201025,17,5,6,1,0
04:50:00,501201026,12,0,6,1,0
04:50:00,501201028,10,2,10,1,0
04:50:00,501201029,1,0,12,1,0
04:50:00,501201030,6,0,8,1,0
04:50:00,501201031,11,0,6,1,0
04:50:00,501202001,9,1,5,1,0
04:50:00,501202003,3,1,36,1,0
04:50:00,501202013,3,0,14,1,0
04:50:00,501202023,7,0,8,1,0
04:50:00,501202024,1,1,14,1,0
04:50:00,501202034,1,0,15,1,0
04:50:00,501202035,17,0,13,1,0
04:50:00,501202036,4,0,33,1,0
04:50:00,501202040,2,1,43,1,0
04:50:00,501202043,3,1,22,1,0
04:50:00,501202044,0,0,0,2,0
04:50:00,501202047,3,1,19,1,0
04:50:00,501202050,2,1,14,1,0
04:50:00,501202055,11,0,3,1,0
04:50:00,501202058,10,1,5,1,0
04:50:00,501202065,6,0,8,1,0
04:50:00,501202068,2,0,16,1,0
04:50:00,501202070,3,0,13,1,0
04:50:00,501202078,5,1,20,1,0
04:50:00,501202080,13,0,13,1,0
04:50:00,501202081,9,1,14,1,0
04:50:00,501202082,4,0,19,1,0
04:50:00,501202083,14,0,10,1,0
04:50:00,501202084,1,0,23,1,0
04:50:00,501202085,7,1,28,1,0
04:50:00,501202088,6,0,23,1,0
04:50:00,501202089,13,0,16,1,0
04:50:00,501202096,8,2,7,1,0
04:50:00,501203001,0,0,20,1,0
04:50:00,501203002,4,0,18,1,0
04:50:00,501203003,1,0,92,1,0
04:50:00,501203005,3,0,17,1,0
04:50:00,501203006,8,0,7,1,0
04:50:00,501203007,7,0,8,1,0
04:50:00,501203008,6,3,10,1,0
04:50:00,501203010,19,4,12,1,0
04:50:00,501203011,16,2,21,1,0
04:50:00,501203012,10,0,7,1,0
04:50:00,501203013,10,0,14,1,0
04:50:00,501203015,10,0,2,1,0
04:50:00,501203020,11,2,9,1,0
04:50:00,501203022,2,0,17,1,0
04:50:00,501203023,5,1,13,1,0
04:50:00,501203028,14,3,11,1,0
04:50:00,501203040,4,3,20,1,0
04:50:00,501203045,12,1,6,1,0
04:50:00,501203050,26,1,34,1,0
04:50:00,501203051,21,0,3,1,0
04:50:00,501203053,1,0,25,1,0
04:50:00,501203054,8,3,14,1,0
04:50:00,501203064,12,0,4,1,0
04:50:00,501203065,6,0,10,1,0
04:50:00,501203070,6,2,9,1,0
04:50:00,501203073,8,2,16,1,0
04:50:00,501203076,12,0,4,1,0
04:50:00,501203078,3,0,13,1,0
04:50:00,501203080,8,1,7,1,0
04:50:00,501203084,7,1,4,1,0
04:50:00,501203085,4,0,6,1,0
04:50:00,501203088,1,1,13,1,0
04:50:00,501203089,6,0,6,1,0
04:50:00,501203090,2,0,8,1,0
04:50:00,501203091,4,1,7,1,0
04:50:00,501203092,2,0,18,1,0
04:50:00,501203100,7,1,12,1,0
04:50:00,501203101,0,0,0,2,0
04:50:00,501203102,12,1,7,1,0
04:50:00,501203104,5,2,14,1,0
04:50:00,501203105,3,0,8,1,0
04:50:00,501203107,0,0,0,2,0
04:50:00,501203109,11,5,15,1,0
04:50:00,501203110,5,1,37,1,0
04:50:00,501203111,10,1,1,1,0
04:50:00,501203113,8,1,11,1,0
04:50:00,501203114,6,0,44,1,0
04:50:00,501203117,0,0,0,2,0
04:50:00,501203118,6,0,14,1,0
04:50:00,501203121,19,0,5,1,0
04:50:00,501203122,4,0,16,1,0
04:50:00,501203125,17,2,8,1,0
04:50:00,501203131,10,0,10,1,0
04:50:00,501203140,4,0,38,1,0
04:50:00,501203141,9,0,6,1,0
04:50:00,501203142,7,1,68,1,0
04:50:00,501203145,12,1,3,1,0
04:50:00,501203151,18,1,0,1,0
04:50:00,501203155,4,0,15,1,0
04:50:00,501203157,3,0,14,1,0
04:50:00,501203159,1,1,19,1,0
04:50:00,501203161,6,0,13,1,0
04:50:00,501203162,10,0,11,1,0
04:50:00,501203163,2,1,14,1,0
04:50:00,501204001,8,1,16,1,0
04:50:00,501204002,11,0,24,1,0
04:50:00,501204003,18,1,26,1,0
04:50:00,501204004,5,0,9,1,0
04:50:00,501204005,10,1,7,1,0
04:50:00,501204007,8,0,27,1,0
04:50:00,501204008,4,0,10,1,0
04:50:00,501204009,0,0,0,2,0
04:50:00,501204010,0,0,0,2,0
04:50:00,501204011,10,1,4,1,0
04:50:00,501204012,8,0,6,1,0
04:50:00,501204013,11,3,1,1,0
04:50:00,501204014,4,0,12,1,0
04:50:00,501204015,10,0,5,1,0
04:50:00,501204016,10,1,7,1,0
04:50:00,501204017,4,0,11,1,0
04:50:00,501204018,21,3,1,1,0
04:50:00,501204020,8,1,12,1,0
04:50:00,501204021,7,2,13,1,0
04:50:00,501204022,6,0,10,1,0
04:50:00,501204023,13,0,1,1,0
04:50:00,501204024,0,0,0,2,0
04:50:00,501204025,7,0,13,1,0
04:50:00,501205001,7,0,10,1,0
04:50:00,501205003,13,1,6,1,0
04:50:00,501205004,12,1,4,1,0
04:50:00,501205005,3,0,19,1,0
04:50:00,501205006,10,0,10,1,0
04:50:00,501205007,8,1,4,1,0
04:50:00,501205008,8,1,18,1,0
04:50:00,501205009,36,0,9,1,0
04:50:00,501205010,8,0,6,1,0
04:50:00,501205011,4,0,27,1,0
04:50:00,501205012,10,1,9,1,0
04:50:00,501205013,4,0,17,1,0
04:50:00,501205014,18,4,5,1,0
04:50:00,501205015,9,1,8,1,0
04:50:00,501205018,6,0,12,1,0
04:50:00,501205019,4,0,24,1,0
04:50:00,501205020,3,0,26,1,0
04:50:00,501205021,5,0,10,1,0
04:50:00,501205022,10,1,5,1,0
04:50:00,501205023,4,0,11,1,0
04:50:00,501205025,12,0,16,1,0
04:50:00,501205026,7,0,11,1,0
04:50:00,501205027,5,0,5,1,0
04:50:00,501205028,8,0,7,1,0
04:50:00,501205029,6,2,4,1,0
04:50:00,501205030,5,0,5,1,0
04:50:00,501205033,4,0,11,1,0
04:50:00,501205034,5,1,23,1,0
04:50:00,501205035,6,3,10,1,0
04:50:00,501205036,7,2,8,1,0
04:50:00,501205037,1,0,14,1,0
04:50:00,501205038,4,3,16,1,0
04:50:00,501205039,5,0,15,1,0
04:50:00,501205040,15,2,10,1,0
04:50:00,501205041,10,2,7,1,0
04:50:00,501205042,8,1,20,1,0
04:50:00,501208011,12,2,25,1,0
04:50:00,501208013,22,2,32,1,0
04:50:00,501208014,27,1,11,1,0
04:50:00,501208015,7,0,7,1,0
04:50:00,501208018,6,0,9,1,0
04:50:00,501208021,1,0,16,1,0
04:50:00,501208027,11,1,18,1,0
04:50:00,501208029,15,0,7,1,0
04:50:00,501208030,25,1,13,1,0
04:50:00,501208032,6,1,21,1,0
04:50:00,501208040,9,0,10,1,0
04:50:00,501208041,2,0,13,1,0
04:50:00,501208045,10,0,22,1,0
04:50:00,501208051,3,2,33,1,0
04:50:00,501208053,4,0,17,1,0
04:50:00,501208054,8,1,20,1,0
04:50:00,501208059,1,0,28,1,0
04:50:00,501208064,3,0,17,1,0
04:50:00,501208077,5,1,5,1,0
04:50:00,501208079,2,0,19,1,0
04:50:00,501208082,2,0,8,1,0
04:50:00,501208085,13,4,4,1,0
04:50:00,501208087,16,0,13,1,0
04:50:00,501208089,17,2,8,1,0
04:50:00,501208091,3,1,40,1,0
04:50:00,501208111,6,0,9,1,0
04:50:00,501208113,6,0,14,1,0
04:50:00,501208114,10,2,10,1,0
04:50:00,501208129,2,0,17,1,0
04:50:00,501208130,5,1,9,1,0
04:50:00,501209002,10,1,10,1,0
04:50:00,501209003,13,5,1,1,0
04:50:00,501209004,5,0,10,1,0
04:50:00,501209005,2,1,16,1,0
04:50:00,501209006,6,3,13,1,0
04:50:00,501209007,11,4,4,1,0
04:50:00,501209009,0,0,0,2,0
04:50:00,501209010,4,1,10,1,0
04:50:00,501209011,11,1,14,1,0
04:50:00,501209014,9,1,3,1,0
04:50:00,501209015,8,0,7,1,0
04:50:00,501209016,2,1,27,1,0
04:50:00,501209017,5,0,7,1,0
04:50:00,501209018,8,0,9,1,0
04:50:00,501209019,5,0,20,1,0
04:50:00,501209020,7,0,24,1,0
04:50:00,501209021,5,0,9,1,0
04:50:00,501209022,5,0,5,1,0
04:50:00,501209023,34,5,8,1,0
04:50:00,501209024,18,1,24,1,0
04:50:00,501209025,4,0,9,1,0
04:50:00,501209026,21,0,5,1,0
04:50:00,501209027,7,1,12,1,0
04:50:00,501209028,7,0,20,1,0
04:50:00,501209030,11,3,7,1,0
04:50:00,501209031,14,0,15,1,0
04:50:00,501209032,6,1,22,1,0
04:50:00,501209033,11,0,8,1,0
04:50:00,501209034,3,3,12,1,0
04:50:00,501209035,6,0,22,1,0
04:50:00,501209036,5,1,23,1,0
04:50:00,501209037,4,0,31,1,0
04:50:00,501209038,5,0,11,1,0
04:50:00,501209039,10,2,20,1,0
04:50:00,501209040,5,1,26,1,0
04:50:00,501209042,11,1,9,1,0
04:50:00,501209043,21,1,3,1,0
04:50:00,501209044,9,1,6,1,0
04:50:00,501209045,4,0,11,1,0
04:50:00,501209046,9,0,13,1,0
04:50:00,501209047,6,0,7,1,0
04:50:00,501209049,5,1,15,1,0
04:50:00,501209050,8,1,5,1,0
04:50:00,501209051,6,1,18,1,0
04:50:00,501209052,5,4,17,1,0
04:50:00,501209053,2,1,18,1,0
04:50:00,501209054,5,0,22,1,0
04:50:00,501209056,10,0,5,1,0
04:50:00,501209058,10,0,6,1,0
04:50:00,501209059,5,0,10,1,0
04:50:00,501209060,5,0,15,1,0
04:50:00,501209062,10,0,5,1,0
04:50:00,501209064,10,2,5,1,0
04:50:00,501209065,10,0,5,1,0
04:50:00,501209066,10,2,4,1,0
04:50:00,501209067,11,0,4,1,0
04:50:00,501209068,3,0,13,1,0
04:50:00,501209069,5,0,58,1,0
04:50:00,501209070,9,2,8,1,0
04:50:00,501209071,4,3,13,1,0
04:50:00,501209073,3,2,12,1,0
04:50:00,501209074,9,1,14,1,0
04:50:00,501209075,3,0,13,1,0
04:50:00,501209076,6,0,16,1,0
04:50:00,501209077,1,1,14,1,0
04:50:00,501209078,8,1,5,1,0
04:50:00,501209079,11,2,14,1,0
04:50:00,501209080,4,0,23,1,0
04:50:00,501209081,6,0,9,1,0
04:50:00,501209084,11,0,12,1,0
04:50:00,501209085,9,1,19,1,0
04:50:00,501209087,11,2,28,1,0
04:50:00,501209088,4,2,11,1,0
04:50:00,501209089,7,1,13,1,0
04:50:00,501209090,4,0,9,1,0
04:50:00,501209091,6,0,10,1,0
04:50:00,501209092,12,2,4,1,0
04:50:00,501209093,10,0,5,1,0
04:50:00,501209094,5,0,10,1,0
04:50:00,501209095,9,0,4,1,0
04:50:00,501209096,9,0,5,1,0
04:50:00,501209097,5,0,10,1,0
04:50:00,501209098,1,0,13,1,0
04:50:00,501209099,1,0,18,1,0
04:50:00,501209100,4,0,10,1,0
04:50:00,501209101,6,0,8,1,0
04:50:00,501209102,4,0,16,1,0
04:50:00,501209104,2,1,17,1,0
04:50:00,501209105,9,0,15,1,0
04:50:00,501209106,4,0,15,1,0
04:50:00,501211001,32,1,6,1,0
04:50:00,501211002,5,0,10,1,0
04:50:00,501211004,7,1,8,1,0
04:50:00,501211005,5,0,13,1,0
04:50:00,501211006,12,0,5,1,0
04:50:00,501211007,12,1,7,1,0
04:50:00,501211009,12,0,6,1,0
04:50:00,501211011,19,0,11,1,0
04:50:00,501211012,10,1,8,1,0
05:00:00,501201001,0,0,0,2,0
05:00:00,501201002,12,2,28,1,0
05:00:00,501201003,7,1,16,1,0
05:00:00,501201004,2,0,11,1,0
05:00:00,501201005,2,1,17,1,0
05:00:00,501201006,6,0,22,1,0
05:00:00,501201007,12,3,7,1,0
05:00:00,501201008,5,0,20,1,0
05:00:00,501201010,3,0,7,1,0
05:00:00,501201011,5,2,17,1,0
05:00:00,501201012,12,1,27,1,0
05:00:00,501201013,1,0,21,1,0
05:00:00,501201014,8,1,11,1,0
05:00:00,501201015,10,0,15,1,0
05:00:00,501201016,11,0,14,1,0
05:00:00,501201017,17,0,9,1,0
05:00:00,501201018,4,0,19,1,0
05:00:00,501201019,9,0,19,1,0
05:00:00,501201020,7,1,17,1,0
05:00:00,501201021,9,1,6,1,0
05:00:00,501201022,3,0,13,1,0
05:00:00,501201023,8,2,20,1,0
05:00:00,501201024,3,0,21,1,0
05:00:00,501201025,17,5,6,1,0
05:00:00,501201026,12,0,6,1,0
05:00:00,501201028,10,2,10,1,0
05:00:00,501201029,1,0,12,1,0
05:00:00,501201030,6,0,8,1,0
05:00:00,501201031,11,0,6,1,0
05:00:00,501202001,9,1,5,1,0
05:00:00,501202003,3,1,36,1,0
05:00:00,501202013,3,0,14,1,0
05:00:00,501202023,7,0,8,1,0
05:00:00,501202024,1,1,14,1,0
05:00:00,501202034,1,0,15,1,0
05:00:00,501202035,17,0,13,1,0
05:00:00,501202036,4,0,33,1,0
05:00:00,501202040,2,1,43,1,0
05:00:00,501202043,3,1,22,1,0
05:00:00,501202044,0,0,0,2,0
05:00:00,501202047,2,0,20,1,0
05:00:00,501202050,2,1,14,1,0
05:00:00,501202055,11,0,3,1,0
05:00:00,501202058,10,1,5,1,0
05:00:00,501202065,6,0,8,1,0
05:00:00,501202068,2,0,16,1,0
05:00:00,501202070,3,0,13,1,0
05:00:00,501202078,5,1,20,1,0
05:00:00,501202080,13,0,13,1,0
05:00:00,501202081,9,1,14,1,0
05:00:00,501202082,4,0,19,1,0
05:00:00,501202083,14,0,10,1,0
05:00:00,501202084,1,0,23,1,0
05:00:00,501202085,7,1,28,1,0
05:00:00,501202088,6,0,23,1,0
05:00:00,501202089,13,0,16,1,0
05:00:00,501202096,8,2,7,1,0
05:00:00,501203001,2,0,18,1,0
05:00:00,501203002,4,0,18,1,0
05:00:00,501203003,1,0,92,1,0
05:00:00,501203005,3,0,17,1,0
05:00:00,501203006,8,0,7,1,0
05:00:00,501203007,7,0,8,1,0
05:00:00,501203008,6,3,10,1,0
05:00:00,501203010,19,4,12,1,0
05:00:00,501203011,15,2,22,1,0
05:00:00,501203012,10,0,7,1,0
05:00:00,501203013,10,0,14,1,0
05:00:00,501203015,10,0,2,1,0
05:00:00,501203020,11,2,9,1,0
05:00:00,501203022,2,0,17,1,0
05:00:00,501203023,5,1,13,1,0
05:00:00,501203028,14,3,11,1,0
05:00:00,501203040,4,3,20,1,0
05:00:00,501203045,12,0,6,1,0
05:00:00,501203050,26,1,34,1,0
05:00:00,501203051,21,0,3,1,0
05:00:00,501203053,0,0,26,1,0
05:00:00,501203054,8,3,14,1,0
05:00:00,501203064,12,0,4,1,0
05:00:00,501203065,4,0,12,1,0
05:00:00,501203070,6,2,9,1,0
05:00:00,501203073,8,2,16,1,0
05:00:00,501203076,12,0,4,1,0
05:00:00,501203078,3,0,13,1,0
05:00:00,501203080,8,1,7,1,0
05:00:00,501203084,7,1,4,1,0
05:00:00,501203085,4,0,6,1,0
05:00:00,501203088,1,1,13,1,0
05:00:00,501203089,6,0,6,1,0
05:00:00,501203090,2,0,8,1,0
05:00:00,501203091,4,1,7,1,0
05:00:00,501203092,2,0,18,1,0
05:00:00,501203100,8,2,11,1,0
05:00:00,501203101,0,0,0,2,0
05:00:00,501203102,12,1,7,1,0
05:00:00,501203104,5,2,14,1,0
05:00:00,501203105,3,0,8,1,0
05:00:00,501203107,0,0,0,2,0
05:00:00,501203109,11,5,15,1,0
05:00:00,501203110,5,1,37,1,0
05:00:00,501203111,10,1,1,1,0
05:00:00,501203113,8,1,11,1,0
05:00:00,501203114,6,0,44,1,0
05:00:00,501203117,0,0,0,2,0
05:00:00,501203118,11,0,9,1,0
05:00:00,501203121,19,0,5,1,0
05:00:00,501203122,4,0,16,1,0
05:00:00,501203125,17,2,8,1,0
05:00:00,501203131,10,0,10,1,0
05:00:00,501203140,4,0,38,1,0
05:00:00,501203141,9,0,6,1,0
05:00:00,501203142,7,1,68,1,0
05:00:00,501203145,12,1,3,1,0
05:00:00,501203151,18,1,0,1,0
05:00:00,501203155,4,0,15,1,0
05:00:00,501203157,3,0,14,1,0
05:00:00,501203159,1,1,19,1,0
05:00:00,501203161,6,0,13,1,0
05:00:00,501203162,10,0,11,1,0
05:00:00,501203163,2,1,14,1,0
05:00:00,501204001,8,1,16,1,0
05:00:00,501204002,11,0,24,1,0
05:00:00,501204003,18,1,26,1,0
05:00:00,501204004,5,0,9,1,0
05:00:00,501204005,10,1,7,1,0
05:00:00,501204007,8,0,27,1,0
05:00:00,501204008,4,0,10,1,0
05:00:00,501204009,0,0,0,2,0
05:00:00,501204010,0,0,0,2,0
05:00:00,501204011,10,1,4,1,0
05:00:00,501204012,8,0,6,1,0
05:00:00,501204013,11,3,1,1,0
05:00:00,501204014,4,0,12,1,0
05:00:00,501204015,10,0,5,1,0
05:00:00,501204016,10,1,7,1,0
05:00:00,501204017,4,0,11,1,0
05:00:00,501204018,21,3,1,1,0
05:00:00,501204020,8,1,12,1,0
05:00:00,501204021,7,2,13,1,0
05:00:00,501204022,6,0,10,1,0
05:00:00,501204023,13,0,1,1,0
05:00:00,501204024,0,0,0,2,0
05:00:00,501204025,7,0,13,1,0
05:00:00,501205001,7,0,10,1,0
05:00:00,501205003,13,1,6,1,0
05:00:00,501205004,12,1,4,1,0
05:00:00,501205005,3,0,19,1,0
05:00:00,501205006,10,0,10,1,0
05:00:00,501205007,8,1,4,1,0
05:00:00,501205008,8,1,18,1,0
05:00:00,501205009,36,0,9,1,0
05:00:00,501205010,8,0,6,1,0
05:00:00,501205011,4,0,27,1,0
05:00:00,501205012,10,1,9,1,0
05:00:00,501205013,4,0,17,1,0
05:00:00,501205014,17,3,6,1,0
05:00:00,501205015,8,1,8,1,0
05:00:00,501205018,6,0,12,1,0
05:00:00,501205019,4,0,24,1,0
05:00:00,501205020,3,0,26,1,0
05:00:00,501205021,5,0,10,1,0
05:00:00,501205022,11,2,4,1,0
05:00:00,501205023,4,0,11,1,0
05:00:00,501205025,12,0,16,1,0
05:00:00,501205026,7,0,11,1,0
05:00:00,501205027,5,0,5,1,0
05:00:00,501205028,8,0,7,1,0
05:00:00,501205029,6,2,4,1,0
05:00:00,501205030,5,0,5,1,0
05:00:00,501205033,4,0,11,1,0
05:00:00,501205034,5,1,23,1,0
05:00:00,501205035,6,3,10,1,0
05:00:00,501205036,7,2,8,1,0
05:00:00,501205037,1,0,14,1,0
05:00:00,501205038,4,3,16,1,0
05:00:00,501205039,5,0,15,1,0
05:00:00,501205040,15,2,10,1,0
05:00:00,501205041,10,1,7,1,0
05:00:00,501205042,8,1,20,1,0
05:00:00,501208011,13,2,24,1,0
05:00:00,501208013,22,2,32,1,0
05:00:00,501208014,27,1,11,1,0
05:00:00,501208015,7,0,7,1,0
05:00:00,501208018,6,0,9,1,0
05:00:00,501208021,1,0,16,1,0
05:00:00,501208027,11,1,18,1,0
05:00:00,501208029,15,0,7,1,0
05:00:00,501208030,25,1,13,1,0
05:00:00,501208032,6,1,21,1,0
05:00:00,501208040,9,0,10,1,0
05:00:00,501208041,2,0,13,1,0
05:00:00,501208045,10,0,22,1,0
05:00:00,501208051,3,2,33,1,0
05:00:00,501208053,4,0,17,1,0
05:00:00,501208054,8,1,20,1,0
05:00:00,501208059,1,0,28,1,0
05:00:00,501208064,3,0,17,1,0
05:00:00,501208077,5,1,5,1,0
05:00:00,501208079,2,0,19,1,0
05:00:00,501208082,2,0,8,1,0
05:00:00,501208085,13,4,4,1,0
05:00:00,501208087,16,0,13,1,0
05:00:00,501208089,17,2,8,1,0
05:00:00,501208091,3,1,40,1,0
05:00:00,501208111,7,0,8,1,0
05:00:00,501208113,6,0,14,1,0
05:00:00,501208114,10,2,10,1,0
05:00:00,501208129,2,0,17,1,0
05:00:00,501208130,5,1,9,1,0
05:00:00,501209002,10,1,10,1,0
05:00:00,501209003,13,5,1,1,0
05:00:00,501209004,5,0,10,1,0
05:00:00,501209005,2,1,16,1,0
05:00:00,501209006,6,3,13,1,0
05:00:00,501209007,11,4,4,1,0
05:00:00,501209009,0,0,0,2,0
05:00:00,501209010,4,1,10,1,0
05:00:00,501209011,11,1,14,1,0
05:00:00,501209014,9,1,3,1,0
05:00:00,501209015,8,0,7,1,0
05:00:00,501209016,2,1,27,1,0
05:00:00,501209017,5,0,7,1,0
05:00:00,501209018,8,0,9,1,0
05:00:00,501209019,5,0,20,1,0
05:00:00,501209020,7,0,24,1,0
05:00:00,501209021,5,0,9,1,0
05:00:00,501209022,5,0,5,1,0
05:00:00,501209023,35,6,7,1,0
05:00:00,501209024,18,1,24,1,0
05:00:00,501209025,4,0,9,1,0
05:00:00,501209026,21,0,5,1,0
05:00:00,501209027,7,1,12,1,0
05:00:00,501209028,7,0,20,1,0
05:00:00,501209030,11,3,7,1,0
05:00:00,501209031,14,0,15,1,0
05:00:00,501209032,6,1,22,1,0
05:00:00,501209033,11,0,8,1,0
05:00:00,501209034,3,3,12,1,0
05:00:00,501209035,6,0,22,1,0
05:00:00,501209036,5,1,23,1,0
05:00:00,501209037,4,0,31,1,0
05:00:00,501209038,5,0,11,1,0
05:00:00,501209039,10,2,20,1,0
05:00:00,501209040,5,1,26,1,0
05:00:00,501209042,11,1,9,1,0
05:00:00,501209043,21,1,3,1,0
05:00:00,501209044,9,1,6,1,0
05:00:00,501209045,4,0,11,1,0
05:00:00,501209046,9,0,13,1,0
05:00:00,501209047,6,0,7,1,0
05:00:00,501209049,5,1,15,1,0
05:00:00,501209050,8,1,5,1,0
05:00:00,501209051,6,1,18,1,0
05:00:00,501209052,5,4,17,1,0
05:00:00,501209053,2,1,18,1,0
05:00:00,501209054,4,0,23,1,0
05:00:00,501209056,10,0,5,1,0
05:00:00,501209058,10,0,6,1,0
05:00:00,501209059,5,0,10,1,0
05:00:00,501209060,5,0,15,1,0
05:00:00,501209062,10,0,5,1,0
05:00:00,501209064,10,2,5,1,0
05:00:00,501209065,11,1,4,1,0
05:00:00,501209066,10,2,4,1,0
05:00:00,501209067,11,0,4,1,0
05:00:00,501209068,3,0,13,1,0
05:00:00,501209069,5,0,58,1,0
05:00:00,501209070,9,2,8,1,0
05:00:00,501209071,4,3,13,1,0
05:00:00,501209073,3,2,12,1,0
05:00:00,501209074,9,1,14,1,0
05:00:00,501209075,3,0,13,1,0
05:00:00,501209076,6,0,16,1,0
05:00:00,501209077,1,1,14,1,0
05:00:00,501209078,8,1,5,1,0
05:00:00,501209079,11,2,14,1,0
05:00:00,501209080,4,0,23,1,0
05:00:00,501209081,6,0,9,1,0
05:00:00,501209084,11,0,12,1,0
05:00:00,501209085,10,2,18,1,0
05:00:00,501209087,11,2,28,1,0
05:00:00,501209088,4,2,11,1,0
05:00:00,501209089,7,1,13,1,0
05:00:00,501209090,4,0,9,1,0
05:00:00,501209091,6,0,10,1,0
05:00:00,501209092,12,2,4,1,0
05:00:00,501209093,10,0,5,1,0
05:00:00,501209094,5,0,10,1,0
05:00:00,501209095,9,0,4,1,0
05:00:00,501209096,9,0,5,1,0
05:00:00,501209097,5,0,10,1,0
05:00:00,501209098,1,0,13,1,0
05:00:00,501209099,1,0,18,1,0
05:00:00,501209100,4,0,10,1,0
05:00:00,501209101,5,0,9,1,0
05:00:00,501209102,4,0,16,1,0
05:00:00,501209104,2,1,17,1,0
05:00:00,501209105,9,0,15,1,0
05:00:00,501209106,4,0,15,1,0
05:00:00,501211001,32,1,6,1,0
05:00:00,501211002,5,0,10,1,0
05:00:00,501211004,7,1,8,1,0
05:00:00,501211005,5,0,13,1,0
05:00:00,501211006,12,0,5,1,0
05:00:00,501211007,12,1,7,1,0
05:00:00,501211009,12,0,6,1,0
05:00:00,501211011,19,0,11,1,0
05:00:00,501211012,10,1,8,1,0
05:10:00,501201001,0,0,0,2,0
05:10:00,501201002,12,2,28,1,0
05:10:00,501201003,7,1,16,1,0
05:10:00,501201004,2,0,11,1,0
05:10:00,501201005,2,1,17,1,0
05:10:00,501201006,6,0,22,1,0
05:10:00,501201007,12,3,7,1,0
05:10:00,501201008,5,0,20,1,0
05:10:00,501201010,3,0,7,1,0
05:10:00,501201011,5,2,17,1,0
05:10:00,501201012,12,1,27,1,0
05:10:00,501201013,1,0,21,1,0
05:10:00,501201014,8,1,11,1,0
05:10:00,501201015,10,0,15,1,0
05:10:00,501201016,11,0,14,1,0
05:10:00,501201017,15,0,11,1,0
05:10:00,501201018,4,0,19,1,0
05:10:00,501201019,9,0,19,1,0
05:10:00,501201020,7,1,17,1,0
05:10:00,501201021,9,1,6,1,0
05:10:00,501201022,3,0,13,1,0
05:10:00,501201023,8,2,20,1,0
05:10:00,501201024,3,0,21,1,0
05:10:00,501201025,17,5,6,1,0
05:10:00,501201026,12,0,6,1,0
05:10:00,501201028,10,2,10,1,0
05:10:00,501201029,1,0,12,1,0
05:10:00,501201030,6,0,8,1,0
05:10:00,501201031,11,0,6,1,0
05:10:00,501202001,8,1,6,1,0
05:10:00,501202003,3,1,36,1,0
05:10:00,501202013,3,0,14,1,0
05:10:00,501202023,7,0,8,1,0
05:10:00,501202024,1,1,14,1,0
05:10:00,501202034,1,0,15,1,0
05:10:00,501202035,17,0,13,1,0
05:10:00,501202036,4,0,33,1,0
05:10:00,501202040,3,2,42,1,0
05:10:00,501202043,3,1,22,1,0
05:10:00,501202044,0,0,0,2,0
05:10:00,501202047,2,0,20,1,0
05:10:00,501202050,2,1,14,1,0
05:10:00,501202055,11,0,3,1,0
05:10:00,501202058,10,1,5,1,0
05:10:00,501202065,6,0,8,1,0
05:10:00,501202068,2,0,16,1,0
05:10:00,501202070,3,0,13,1,0
05:10:00,501202078,5,1,20,1,0
05:10:00,501202080,13,0,13,1,0
05:10:00,501202081,9,1,14,1,0
05:10:00,501202082,4,0,19,1,0
05:10:00,501202083,14,0,10,1,0
05:10:00,501202084,1,0,23,1,0
05:10:00,501202085,7,1,28,1,0
05:10:00,501202088,6,0,23,1,0
05:10:00,501202089,13,0,16,1,0
05:10:00,501202096,8,2,7,1,0
05:10:00,501203001,5,0,15,1,0
05:10:00,501203002,4,0,18,1,0
05:10:00,501203003,1,0,92,1,0
05:10:00,501203005,3,0,17,1,0
05:10:00,501203006,8,0,7,1,0
05:10:00,501203007,7,0,8,1,0
05:10:00,501203008,6,3,10,1,0
05:10:00,501203010,19,4,12,1,0
05:10:00,501203011,15,2,22,1,0
05:10:00,501203012,10,0,7,1,0
05:10:00,501203013,10,0,14,1,0
05:10:00,501203015,10,0,2,1,0
05:10:00,501203020,11,2,9,1,0
05:10:00,501203022,2,0,17,1,0
05:10:00,501203023,5,1,13,1,0
05:10:00,501203028,14,3,11,1,0
05:10:00,501203040,5,4,19,1,0
05:10:00,501203045,13,2,5,1,0
05:10:00,501203050,26,1,34,1,0
05:10:00,501203051,20,0,4,1,0
05:10:00,501203053,0,0,26,1,0
05:10:00,501203054,8,3,14,1,0
05:10:00,501203064,13,0,3,1,0
05:10:00,501203065,3,0,13,1,0
05:10:00,501203070,5,1,10,1,0
05:10:00,501203073,8,2,16,1,0
05:10:00,501203076,12,0,4,1,0
05:10:00,501203078,3,0,13,1,0
05:10:00,501203080,8,1,7,1,0
05:10:00,501203084,7,1,4,1,0
05:10:00,501203085,4,0,6,1,0
05:10:00,501203088,1,1,13,1,0
05:10:00,501203089,6,0,6,1,0
05:10:00,501203090,2,0,8,1,0
05:10:00,501203091,4,1,7,1,0
05:10:00,501203092,2,0,18,1,0
05:10:00,501203100,8,2,11,1,0
05:10:00,501203101,0,0,0,2,0
05:10:00,501203102,12,1,7,1,0
05:10:00,501203104,5,2,14,1,0
05:10:00,501203105,3,0,8,1,0
05:10:00,501203107,0,0,0,2,0
05:10:00,501203109,11,5,15,1,0
05:10:00,501203110,5,1,37,1,0
05:10:00,501203111,9,1,2,1,0
05:10:00,501203113,8,1,11,1,0
05:10:00,501203114,6,0,44,1,0
05:10:00,501203117,0,0,0,2,0
05:10:00,501203118,11,0,9,1,0
05:10:00,501203121,19,0,5,1,0
05:10:00,501203122,4,0,16,1,0
05:10:00,501203125,17,2,8,1,0
05:10:00,501203131,10,0,10,1,0
05:10:00,501203140,3,0,39,1,0
05:10:00,501203141,9,0,6,1,0
05:10:00,501203142,7,1,68,1,0
05:10:00,501203145,12,1,3,1,0
05:10:00,501203151,17,0,1,1,0
05:10:00,501203155,4,0,15,1,0
05:10:00,501203157,3,0,14,1,0
05:10:00,501203159,1,1,19,1,0
05:10:00,501203161,6,0,13,1,0
05:10:00,501203162,10,0,11,1,0
05:10:00,501203163,2,1,14,1,0
05:10:00,501204001,8,1,16,1,0
05:10:00,501204002,11,0,24,1,0
05:10:00,501204003,18,1,26,1,0
05:10:00,501204004,5,0,9,1,0
05:10:00,501204005,10,1,7,1,0
05:10:00,501204007,8,0,27,1,0
05:10:00,501204008,4,0,10,1,0
05:10:00,501204009,0,0,0,2,0
05:10:00,501204010,0,0,0,2,0
05:10:00,501204011,10,1,4,1,0
05:10:00,501204012,8,0,6,1,0
05:10:00,501204013,11,3,1,1,0
05:10:00,501204014,4,0,12,1,0
05:10:00,501204015,10,0,5,1,0
05:10:00,501204016,10,1,7,1,0
05:10:00,501204017,4,0,11,1,0
05:10:00,501204018,21,3,1,1,0
05:10:00,501204020,8,1,12,1,0
05:10:00,501204021,7,2,13,1,0
05:10:00,501204022,6,0,10,1,0
05:10:00,501204023,13,0,1,1,0
05:10:00,501204024,0,0,0,2,0
05:10:00,501204025,7,0,13,1,0
05:10:00,501205001,7,0,10,1,0
05:10:00,501205003,13,1,6,1,0
05:10:00,501205004,12,1,4,1,0
05:10:00,501205005,3,0,19,1,0
05:10:00,501205006,10,0,10,1,0
05:10:00,501205007,8,1,4,1,0
05:10:00,501205008,8,1,18,1,0
05:10:00,501205009,36,0,9,1,0
05:10:00,501205010,8,0,6,1,0
05:10:00,501205011,4,0,27,1,0
05:10:00,501205012,10,1,9,1,0
05:10:00,501205013,4,0,17,1,0
05:10:00,501205014,17,3,6,1,0
05:10:00,501205015,7,0,9,1,0
05:10:00,501205018,6,0,12,1,0
05:10:00,501205019,4,0,24,1,0
05:10:00,501205020,3,0,26,1,0
05:10:00,501205021,5,0,10,1,0
05:10:00,501205022,11,2,4,1,0
05:10:00,501205023,4,0,11,1,0
05:10:00,501205025,12,0,16,1,0
05:10:00,501205026,8,0,10,1,0
05:10:00,501205027,5,0,5,1,0
05:10:00,501205028,8,0,7,1,0
05:10:00,501205029,6,2,4,1,0
05:10:00,501205030,5,0,5,1,0
05:10:00,501205033,4,0,11,1,0
05:10:00,501205034,5,1,23,1,0
05:10:00,501205035,6,3,10,1,0
05:10:00,501205036,7,2,8,1,0
05:10:00,501205037,1,0,14,1,0
05:10:00,501205038,4,3,16,1,0
05:10:00,501205039,4,0,16,1,0
05:10:00,501205040,15,2,10,1,0
05:10:00,501205041,10,1,7,1,0
05:10:00,501205042,8,1,20,1,0
05:10:00,501208011,13,2,24,1,0
05:10:00,501208013,22,2,32,1,0
05:10:00,501208014,27,1,11,1,0
05:10:00,501208015,7,0,7,1,0
05:10:00,501208018,6,0,9,1,0
05:10:00,501208021,1,0,16,1,0
05:10:00,501208027,11,1,18,1,0
05:10:00,501208029,15,0,7,1,0
05:10:00,501208030,25,1,13,1,0
05:10:00,501208032,6,1,21,1,0
05:10:00,501208040,9,0,10,1,0
05:10:00,501208041,2,0,13,1,0
05:10:00,501208045,10,0,22,1,0
05:10:00,501208051,3,2,33,1,0
05:10:00,501208053,12,0,9,1,0
05:10:00,501208054,8,1,20,1,0
05:10:00,501208059,1,0,28,1,0
05:10:00,501208064,3,0,17,1,0
05:10:00,501208077,5,1,5,1,0
05:10:00,501208079,2,0,19,1,0
05:10:00,501208082,2,0,8,1,0
05:10:00,501208085,13,4,4,1,0
05:10:00,501208087,16,0,13,1,0
05:10:00,501208089,17,2,8,1,0
05:10:00,501208091,3,1,40,1,0
05:10:00,501208111,7,0,8,1,0
05:10:00,501208113,6,0,14,1,0
05:10:00,501208114,10,2,10,1,0
05:10:00,501208129,2,0,17,1,0
05:10:00,501208130,4,1,10,1,0
05:10:00,501209002,10,1,10,1,0
05:10:00,501209003,13,5,1,1,0
05:10:00,501209004,5,0,10,1,0
05:10:00,501209005,2,1,16,1,0
05:10:00,501209006,6,3,13,1,0
05:10:00,501209007,11,4,4,1,0
05:10:00,501209009,0,0,0,2,0
05:10:00,501209010,4,1,10,1,0
05:10:00,501209011,11,1,14,1,0
05:10:00,501209014,9,1,3,1,0
05:10:00,501209015,8,0,7,1,0
05:10:00,501209016,2,1,27,1,0
05:10:00,501209017,5,0,7,1,0
05:10:00,501209018,8,0,9,1,0
05:10:00,501209019,5,0,20,1,0
05:10:00,501209020,7,0,24,1,0
05:10:00,501209021,5,0,9,1,0
05:10:00,501209022,5,0,5,1,0
05:10:00,501209023,35,6,7,1,0
05:10:00,501209024,18,1,24,1,0
05:10:00,501209025,4,0,9,1,0
05:10:00,501209026,21,0,5,1,0
05:10:00,501209027,7,1,12,1,0
05:10:00,501209028,7,0,20,1,0
05:10:00,501209030,11,3,7,1,0
05:10:00,501209031,14,0,15,1,0
05:10:00,501209032,6,1,22,1,0
05:10:00,501209033,11,0,8,1,0
05:10:00,501209034,3,3,12,1,0
05:10:00,501209035,6,0,22,1,0
05:10:00,501209036,5,1,23,1,0
05:10:00,501209037,4,0,31,1,0
05:10:00,501209038,5,0,11,1,0
05:10:00,501209039,10,2,20,1,0
05:10:00,501209040,5,1,26,1,0
05:10:00,501209042,11,1,9,1,0
05:10:00,501209043,21,1,3,1,0
05:10:00,501209044,9,1,6,1,0
05:10:00,501209045,4,0,11,1,0
05:10:00,501209046,9,0,13,1,0
05:10:00,501209047,6,0,7,1,0
05:10:00,501209049,5,1,15,1,0
05:10:00,501209050,8,1,5,1,0
05:10:00,501209051,7,1,17,1,0
05:10:00,501209052,5,4,17,1,0
05:10:00,501209053,2,1,18,1,0
05:10:00,501209054,4,0,23,1,0
05:10:00,501209056,10,0,5,1,0
05:10:00,501209058,10,0,6,1,0
05:10:00,501209059,5,0,10,1,0
05:10:00,501209060,5,0,15,1,0
05:10:00,501209062,10,0,5,1,0
05:10:00,501209064,10,2,5,1,0
05:10:00,501209065,10,0,5,1,0
05:10:00,501209066,10,2,4,1,0
05:10:00,501209067,11,0,4,1,0
05:10:00,501209068,3,0,13,1,0
05:10:00,501209069,5,0,58,1,0
05:10:00,501209070,9,2,8,1,0
05:10:00,501209071,4,3,13,1,0
05:10:00,501209073,3,2,12,1,0
05:10:00,501209074,9,1,14,1,0
05:10:00,501209075,3,0,13,1,0
05:10:00,501209076,6,0,16,1,0
05:10:00,501209077,1,1,14,1,0
05:10:00,501209078,8,1,5,1,0
05:10:00,501209079,13,2,12,1,0
05:10:00,501209080,4,0,23,1,0
05:10:00,501209081,6,0,9,1,0
05:10:00,501209084,11,0,12,1,0
05:10:00,501209085,10,2,18,1,0
05:10:00,501209087,11,2,28,1,0
05:10:00,501209088,4,2,11,1,0
05:10:00,501209089,7,1,13,1,0
05:10:00,501209090,4,0,9,1,0
05:10:00,501209091,6,0,10,1,0
05:10:00,501209092,12,2,4,1,0
05:10:00,501209093,10,0,5,1,0
05:10:00,501209094,5,0,10,1,0
05:10:00,501209095,9,0,4,1,0
05:10:00,501209096,9,0,5,1,0
05:10:00,501209097,5,0,10,1,0
05:10:00,501209098,1,0,13,1,0
05:10:00,501209099,1,0,18,1,0
05:10:00,501209100,4,0,10,1,0
05:10:00,501209101,5,0,9,1,0
05:10:00,501209102,4,0,16,1,0
05:10:00,501209104,2,1,17,1,0
05:10:00,501209105,9,0,15,1,0
05:10:00,501209106,4,0,15,1,0
05:10:00,501211001,32,1,6,1,0
05:10:00,501211002,5,0,10,1,0
05:10:00,501211004,7,1,8,1,0
05:10:00,501211005,5,0,13,1,0
05:10:00,501211006,12,0,5,1,0
05:10:00,501211007,12,1,7,1,0
05:10:00,501211009,12,0,6,1,0
05:10:00,501211011,19,0,11,1,0
05:10:00,501211012,10,1,8,1,0
05:20:00,501201001,0,0,0,2,0
05:20:00,501201002,12,2,28,1,0
05:20:00,501201003,7,1,16,1,0
05:20:00,501201004,2,0,11,1,0
05:20:00,501201005,2,1,17,1,0
05:20:00,501201006,6,0,22,1,0
05:20:00,501201007,12,3,7,1,0
05:20:00,501201008,5,0,20,1,0
05:20:00,501201010,3,0,7,1,0
05:20:00,501201011,5,2,17,1,0
05:20:00,501201012,12,0,27,1,0
05:20:00,501201013,1,0,21,1,0
05:20:00,501201014,7,0,12,1,0
05:20:00,501201015,10,0,15,1,0
05:20:00,501201016,11,0,14,1,0
05:20:00,501201017,17,0,9,1,0
05:20:00,501201018,4,0,19,1,0
05:20:00,501201019,9,0,19,1,0
05:20:00,501201020,6,0,18,1,0
05:20:00,501201021,9,1,6,1,0
05:20:00,501201022,3,0,13,1,0
05:20:00,501201023,8,2,20,1,0
05:20:00,501201024,3,0,21,1,0
05:20:00,501201025,17,5,6,1,0
05:20:00,501201026,12,0,6,1,0
05:20:00,501201028,10,2,10,1,0
05:20:00,501201029,1,0,12,1,0
05:20:00,501201030,6,0,8,1,0
05:20:00,501201031,10,0,7,1,0
05:20:00,501202001,8,1,6,1,0
05:20:00,501202003,3,1,36,1,0
05:20:00,501202013,3,0,14,1,0
05:20:00,501202023,7,0,8,1,0
05:20:00,501202024,1,1,14,1,0
05:20:00,501202034,5,0,11,1,0
05:20:00,501202035,17,0,13,1,0
05:20:00,501202036,4,0,33,1,0
05:20:00,501202040,3,2,42,1,0
05:20:00,501202043,3,1,22,1,0
05:20:00,501202044,0,0,0,2,0
05:20:00,501202047,2,0,20,1,0
05:20:00,501202050,2,1,14,1,0
05:20:00,501202055,11,0,3,1,0
05:20:00,501202058,10,1,5,1,0
05:20:00,501202065,6,0,8,1,0
05:20:00,501202068,2,0,16,1,0
05:20:00,501202070,3,0,13,1,0
05:20:00,501202078,5,1,20,1,0
05:20:00,501202080,13,0,13,1,0
05:20:00,501202081,9,1,14,1,0
05:20:00,501202082,4,0,19,1,0
05:20:00,501202083,14,0,10,1,0
05:20:00,501202084,2,0,22,1,0
05:20:00,501202085,7,1,28,1,0
05:20:00,501202088,6,0,23,1,0
05:20:00,501202089,13,0,16,1,0
05:20:00,501202096,8,2,7,1,0
05:20:00,501203001,5,0,15,1,0
05:20:00,501203002,5,1,17,1,0
05:20:00,501203003,1,0,92,1,0
05:20:00,501203005,3,0,17,1,0
05:20:00,501203006,8,0,7,1,0
05:20:00,501203007,7,0,8,1,0
05:20:00,501203008,6,3,10,1,0
05:20:00,501203010,19,4,12,1,0
05:20:00,501203011,15,2,22,1,0
05:20:00,501203012,10,0,7,1,0
05:20:00,501203013,10,0,14,1,0
05:20:00,501203015,10,0,2,1,0
05:20:00,501203020,11,2,9,1,0
05:20:00,501203022,2,0,17,1,0
05:20:00,501203023,5,1,13,1,0
05:20:00,501203028,15,3,10,1,0
05:20:00,501203040,5,3,19,1,0
05:20:00,501203045,13,2,5,1,0
05:20:00,501203050,26,1,34,1,0
05:20:00,501203051,20,0,4,1,0
05:20:00,501203053,0,0,26,1,0
05:20:00,501203054,8,3,14,1,0
05:20:00,501203064,13,0,3,1,0
05:20:00,501203065,3,0,13,1,0
05:20:00,501203070,5,1,10,1,0
05:20:00,501203073,8,2,16,1,0
05:20:00,501203076,12,0,4,1,0
05:20:00,501203078,3,0,13,1,0
05:20:00,501203080,7,0,8,1,0
05:20:00,501203084,7,1,4,1,0
05:20:00,501203085,4,0,6,1,0
05:20:00,501203088,1,1,13,1,0
05:20:00,501203089,6,0,6,1,0
05:20:00,501203090,2,0,8,1,0
05:20:00,501203091,4,1,7,1,0
05:20:00,501203092,2,0,18,1,0
05:20:00,501203100,8,2,11,1,0
05:20:00,501203101,0,0,0,2,0
05:20:00,501203102,12,1,7,1,0
05:20:00,501203104,5,2,14,1,0
05:20:00,501203105,3,0,8,1,0
05:20:00,501203107,0,0,0,2,0
05:20:00,501203109,11,5,15,1,0
05:20:00,501203110,5,1,37,1,0
05:20:00,501203111,9,1,2,1,0
05:20:00,501203113,8,1,11,1,0
05:20:00,501203114,6,0,44,1,0
05:20:00,501203117,0,0,0,2,0
05:20:00,501203118,11,0,9,1,0
05:20:00,501203121,19,0,5,1,0
05:20:00,501203122,4,0,16,1,0
05:20:00,501203125,17,2,8,1,0
05:20:00,501203131,10,0,10,1,0
05:20:00,501203140,3,0,39,1,0
05:20:00,501203141,9,0,6,1,0
05:20:00,501203142,6,1,69,1,0
05:20:00,501203145,12,1,3,1,0
05:20:00,501203151,16,0,2,1,0
05:20:00,501203155,4,0,15,1,0
05:20:00,501203157,3,0,14,1,0
05:20:00,501203159,1,1,19,1,0
05:20:00,501203161,6,0,13,1,0
05:20:00,501203162,10,0,11,1,0
05:20:00,501203163,2,1,14,1,0
05:20:00,501204001,8,1,16,1,0
05:20:00,501204002,12,1,23,1,0
05:20:00,501204003,17,0,27,1,0
05:20:00,501204004,5,0,9,1,0
05:20:00,501204005,10,1,7,1,0
05:20:00,501204007,9,0,26,1,0
05:20:00,501204008,4,0,10,1,0
05:20:00,501204009,0,0,0,2,0
05:20:00,501204010,0,0,0,2,0
05:20:00,501204011,10,1,4,1,0
05:20:00,501204012,8,0,6,1,0
05:20:00,501204013,11,3,1,1,0
05:20:00,501204014,4,0,12,1,0
05:20:00,501204015,10,0,5,1,0
05:20:00,501204016,10,1,7,1,0
05:20:00,501204017,4,0,11,1,0
05:20:00,501204018,21,3,1,1,0
05:20:00,501204020,8,1,12,1,0
05:20:00,501204021,7,2,13,1,0
05:20:00,501204022,6,0,10,1,0
05:20:00,501204023,13,0,1,1,0
05:20:00,501204024,0,0,0,2,0
05:20:00,501204025,7,0,13,1,0
05:20:00,501205001,7,0,10,1,0
05:20:00,501205003,13,1,6,1,0
05:20:00,501205004,12,1,4,1,0
05:20:00,501205005,3,0,19,1,0
05:20:00,501205006,10,0,10,1,0
05:20:00,501205007,8,1,4,1,0
05:20:00,501205008,8,1,18,1,0
05:20:00,501205009,36,0,9,1,0
05:20:00,501205010,6,0,8,1,0
05:20:00,501205011,4,0,27,1,0
05:20:00,501205012,10,1,9,1,0
05:20:00,501205013,4,0,17,1,0
05:20:00,501205014,17,3,6,1,0
05:20:00,501205015,7,0,9,1,0
05:20:00,501205018,6,0,12,1,0
05:20:00,501205019,4,0,24,1,0
05:20:00,501205020,3,0,26,1,0
05:20:00,501205021,5,0,10,1,0
05:20:00,501205022,11,2,4,1,0
05:20:00,501205023,4,0,11,1,0
05:20:00,501205025,12,0,16,1,0
05:20:00,501205026,8,0,10,1,0
05:20:00,501205027,5,0,5,1,0
05:20:00,501205028,8,0,7,1,0
05:20:00,501205029,6,2,4,1,0
05:20:00,501205030,5,0,5,1,0
05:20:00,501205033,4,0,11,1,0
05:20:00,501205034,5,1,23,1,0
05:20:00,501205035,6,3,10,1,0
05:20:00,501205036,7,2,8,1,0
05:20:00,501205037,1,0,14,1,0
05:20:00,501205038,4,3,16,1,0
05:20:00,501205039,4,0,16,1,0
05:20:00,501205040,15,2,10,1,0
05:20:00,501205041,10,1,7,1,0
05:20:00,501205042,8,1,20,1,0
05:20:00,501208011,13,2,24,1,0
05:20:00,501208013,22,2,32,1,0
05:20:00,501208014,27,1,11,1,0
05:20:00,501208015,7,0,7,1,0
05:20:00,501208018,6,0,9,1,0
05:20:00,501208021,1,0,16,1,0
05:20:00,501208027,11,1,18,1,0
05:20:00,501208029,14,0,8,1,0
05:20:00,501208030,25,1,13,1,0
05:20:00,501208032,6,1,21,1,0
05:20:00,501208040,9,0,10,1,0
05:20:00,501208041,2,0,13,1,0
05:20:00,501208045,10,0,22,1,0
05:20:00,501208051,3,2,33,1,0
05:20:00,501208053,12,0,9,1,0
05:20:00,501208054,8,1,20,1,0
05:20:00,501208059,1,0,28,1,0
05:20:00,501208064,3,0,17,1,0
05:20:00,501208077,5,0,5,1,0
05:20:00,501208079,2,0,19,1,0
05:20:00,501208082,2,0,8,1,0
05:20:00,501208085,12,3,5,1,0
05:20:00,501208087,17,1,13,1,0
05:20:00,501208089,17,2,8,1,0
05:20:00,501208091,3,1,40,1,0
05:20:00,501208111,7,0,8,1,0
05:20:00,501208113,6,0,14,1,0
05:20:00,501208114,10,2,10,1,0
05:20:00,501208129,2,0,17,1,0
05:20:00,501208130,4,1,10,1,0
05:20:00,501209002,10,1,10,1,0
05:20:00,501209003,13,5,1,1,0
05:20:00,501209004,5,0,10,1,0
05:20:00,501209005,2,1,16,1,0
05:20:00,501209006,5,3,14,1,0
05:20:00,501209007,11,4,4,1,0
05:20:00,501209009,0,0,0,2,0
05:20:00,501209010,4,1,10,1,0
05:20:00,501209011,11,1,14,1,0
05:20:00,501209014,9,1,3,1,0
05:20:00,501209015,8,0,7,1,0
05:20:00,501209016,2,1,27,1,0
05:20:00,501209017,5,0,7,1,0
05:20:00,501209018,8,0,9,1,0
05:20:00,501209019,5,0,20,1,0
05:20:00,501209020,7,0,24,1,0
05:20:00,501209021,5,0,9,1,0
05:20:00,501209022,5,0,5,1,0
05:20:00,501209023,37,6,5,1,0
05:20:00,501209024,18,1,24,1,0
05:20:00,501209025,4,0,9,1,0
05:20:00,501209026,21,0,5,1,0
05:20:00,501209027,7,1,12,1,0
05:20:00,501209028,7,0,20,1,0
05:20:00,501209030,11,3,7,1,0
05:20:00,501209031,14,0,15,1,0
05:20:00,501209032,6,1,22,1,0
05:20:00,501209033,11,0,8,1,0
05:20:00,501209034,3,3,12,1,0
05:20:00,501209035,6,0,22,1,0
05:20:00,501209036,5,1,23,1,0
05:20:00,501209037,4,0,31,1,0
05:20:00,501209038,5,0,11,1,0
05:20:00,501209039,10,2,20,1,0
05:20:00,501209040,5,1,26,1,0
05:20:00,501209042,10,1,10,1,0
05:20:00,501209043,21,1,3,1,0
05:20:00,501209044,9,1,6,1,0
05:20:00,501209045,4,0,11,1,0
05:20:00,501209046,8,0,14,1,0
05:20:00,501209047,6,0,7,1,0
05:20:00,501209049,5,1,15,1,0
05:20:00,501209050,8,1,5,1,0
05:20:00,501209051,7,1,17,1,0
05:20:00,501209052,5,4,17,1,0
05:20:00,501209053,2,1,18,1,0
05:20:00,501209054,4,0,23,1,0
05:20:00,501209056,10,0,5,1,0
05:20:00,501209058,10,0,6,1,0
05:20:00,501209059,5,0,10,1,0
05:20:00,501209060,5,0,15,1,0
05:20:00,501209062,10,0,5,1,0
05:20:00,501209064,9,2,6,1,0
05:20:00,501209065,10,0,5,1,0
05:20:00,501209066,10,2,4,1,0
05:20:00,501209067,11,0,4,1,0
05:20:00,501209068,3,0,13,1,0
05:20:00,501209069,6,0,57,1,0
05:20:00,501209070,9,2,8,1,0
05:20:00,501209071,4,3,13,1,0
05:20:00,501209073,3,2,12,1,0
05:20:00,501209074,9,1,14,1,0
05:20:00,501209075,3,0,13,1,0
05:20:00,501209076,7,0,15,1,0
05:20:00,501209077,1,1,14,1,0
05:20:00,501209078,8,1,5,1,0
05:20:00,501209079,13,2,12,1,0
05:20:00,501209080,4,0,23,1,0
05:20:00,501209081,6,0,9,1,0
05:20:00,501209084,11,0,12,1,0
05:20:00,501209085,10,2,18,1,0
05:20:00,501209087,11,2,28,1,0
05:20:00,501209088,4,2,11,1,0
05:20:00,501209089,7,1,13,1,0
05:20:00,501209090,3,0,10,1,0
05:20:00,501209091,6,0,10,1,0
05:20:00,501209092,12,2,4,1,0
05:20:00,501209093,10,0,5,1,0
05:20:00,501209094,5,0,10,1,0
05:20:00,501209095,9,0,4,1,0
05:20:00,501209096,9,0,5,1,0
05:20:00,501209097,5,0,10,1,0
05:20:00,501209098,1,0,13,1,0
05:20:00,501209099,1,0,18,1,0
05:20:00,501209100,4,0,10,1,0
05:20:00,501209101,5,0,9,1,0
05:20:00,501209102,4,0,16,1,0
05:20:00,501209104,2,1,17,1,0
05:20:00,501209105,9,0,15,1,0
05:20:00,501209106,4,0,15,1,0
05:20:00,501211001,32,1,6,1,0
05:20:00,501211002,5,0,10,1,0
05:20:00,501211004,7,1,8,1,0
05:20:00,501211005,5,0,13,1,0
05:20:00,501211006,12,0,5,1,0
05:20:00,501211007,12,1,7,1,0
05:20:00,501211009,12,0,6,1,0
05:20:00,501211011,19,0,11,1,0
05:20:00,501211012,10,1,8,1,0
05:30:01,501201001,0,0,0,2,0
05:30:01,501201002,12,2,28,1,0
05:30:01,501201003,7,1,16,1,0
05:30:01,501201004,2,0,11,1,0
05:30:01,501201005,2,1,17,1,0
05:30:01,501201006,6,0,22,1,0
05:30:01,501201007,12,3,7,1,0
05:30:01,501201008,5,0,20,1,0
05:30:01,501201010,3,0,7,1,0
05:30:01,501201011,5,2,17,1,0
05:30:01,501201012,12,0,27,1,0
05:30:01,501201013,1,0,21,1,0
05:30:01,501201014,7,0,12,1,0
05:30:01,501201015,10,0,15,1,0
05:30:01,501201016,11,0,14,1,0
05:30:01,501201017,16,0,10,1,0
05:30:01,501201018,4,0,19,1,0
05:30:01,501201019,9,0,19,1,0
05:30:01,501201020,6,0,18,1,0
05:30:01,501201021,9,1,6,1,0
05:30:01,501201022,2,0,14,1,0
05:30:01,501201023,8,2,20,1,0
05:30:01,501201024,3,0,21,1,0
05:30:01,501201025,17,5,6,1,0
05:30:01,501201026,12,0,6,1,0
05:30:01,501201028,10,2,10,1,0
05:30:01,501201029,1,0,12,1,0
05:30:01,501201030,6,0,8,1,0
05:30:01,501201031,10,0,7,1,0
05:30:01,501202001,8,1,6,1,0
05:30:01,501202003,3,1,36,1,0
05:30:01,501202013,3,0,14,1,0
05:30:01,501202023,7,0,8,1,0
05:30:01,501202024,1,1,14,1,0
05:30:01,501202034,9,0,7,1,0
05:30:01,501202035,17,0,13,1,0
05:30:01,501202036,5,1,32,1,0
05:30:01,501202040,3,2,42,1,0
05:30:01,501202043,3,0,22,1,0
05:30:01,501202044,0,0,0,2,0
05:30:01,501202047,2,0,20,1,0
05:30:01,501202050,2,1,14,1,0
05:30:01,501202055,11,0,3,1,0
05:30:01,501202058,10,1,5,1,0
05:30:01,501202065,6,0,8,1,0
05:30:01,501202068,2,0,16,1,0
05:30:01,501202070,3,0,13,1,0
05:30:01,501202078,5,1,20,1,0
05:30:01,501202080,13,0,13,1,0
05:30:01,501202081,8,0,15,1,0
05:30:01,501202082,4,0,19,1,0
05:30:01,501202083,14,0,10,1,0
05:30:01,501202084,2,0,22,1,0
05:30:01,501202085,7,1,28,1,0
05:30:01,501202088,6,0,23,1,0
05:30:01,501202089,13,0,16,1,0
05:30:01,501202096,8,2,7,1,0
05:30:01,501203001,6,0,14,1,0
05:30:01,501203002,4,0,18,1,0
05:30:01,501203003,1,0,92,1,0
05:30:01,501203005,3,0,17,1,0
05:30:01,501203006,8,0,7,1,0
05:30:01,501203007,7,0,8,1,0
05:30:01,501203008,6,3,10,1,0
05:30:01,501203010,19,4,12,1,0
05:30:01,501203011,15,2,22,1,0
05:30:01,501203012,10,0,7,1,0
05:30:01,501203013,12,1,12,1,0
05:30:01,501203015,10,0,2,1,0
05:30:01,501203020,11,2,9,1,0
05:30:01,501203022,2,0,17,1,0
05:30:01,501203023,4,1,14,1,0
05:30:01,501203028,15,3,10,1,0
05:30:01,501203040,5,3,19,1,0
05:30:01,501203045,13,1,5,1,0
05:30:01,501203050,26,1,34,1,0
05:30:01,501203051,20,0,4,1,0
05:30:01,501203053,0,0,26,1,0
05:30:01,501203054,8,3,14,1,0
05:30:01,501203064,12,0,4,1,0
05:30:01,501203065,2,0,14,1,0
05:30:01,501203070,5,1,10,1,0
05:30:01,501203073,8,2,16,1,0
05:30:01,501203076,12,0,4,1,0
05:30:01,501203078,2,0,14,1,0
05:30:01,501203080,7,0,8,1,0
05:30:01,501203084,7,1,4,1,0
05:30:01,501203085,4,0,6,1,0
05:30:01,501203088,1,1,13,1,0
05:30:01,501203089,6,0,6,1,0
05:30:01,501203090,2,0,8,1,0
05:30:01,501203091,4,1,7,1,0
05:30:01,501203092,2,0,18,1,0
05:30:01,501203100,8,2,11,1,0
05:30:01,501203101,0,0,0,2,0
05:30:01,501203102,12,1,7,1,0
05:30:01,501203104,5,2,14,1,0
05:30:01,501203105,3,0,8,1,0
05:30:01,501203107,0,0,0,2,0
05:30:01,501203109,11,5,15,1,0
05:30:01,501203110,5,1,37,1,0
05:30:01,501203111,9,1,2,1,0
05:30:01,501203113,8,1,11,1,0
05:30:01,501203114,6,0,44,1,0
05:30:01,501203117,0,0,0,2,0
05:30:01,501203118,11,0,9,1,0
05:30:01,501203121,19,0,5,1,0
05:30:01,501203122,4,0,16,1,0
05:30:01,501203125,17,2,8,1,0
05:30:01,501203131,10,0,10,1,0
05:30:01,501203140,3,0,39,1,0
05:30:01,501203141,9,0,6,1,0
05:30:01,501203142,6,1,69,1,0
05:30:01,501203145,12,1,3,1,0
05:30:01,501203151,15,0,3,1,0
05:30:01,501203155,4,0,15,1,0
05:30:01,501203157,3,0,14,1,0
05:30:01,501203159,1,1,19,1,0
05:30:01,501203161,5,0,14,1,0
05:30:01,501203162,10,0,11,1,0
05:30:01,501203163,2,1,14,1,0
05:30:01,501204001,8,1,16,1,0
05:30:01,501204002,12,1,23,1,0
05:30:01,501204003,17,0,27,1,0
05:30:01,501204004,5,0,9,1,0
05:30:01,501204005,10,1,7,1,0
05:30:01,501204007,8,0,27,1,0
05:30:01,501204008,4,0,10,1,0
05:30:01,501204009,0,0,0,2,0
05:30:01,501204010,0,0,0,2,0
05:30:01,501204011,10,1,4,1,0
05:30:01,501204012,8,0,6,1,0
05:30:01,501204013,11,3,1,1,0
05:30:01,501204014,4,0,12,1,0
05:30:01,501204015,10,0,5,1,0
05:30:01,501204016,10,1,7,1,0
05:30:01,501204017,4,0,11,1,0
05:30:01,501204018,20,2,2,1,0
05:30:01,501204020,8,1,12,1,0
05:30:01,501204021,7,2,13,1,0
05:30:01,501204022,6,0,10,1,0
05:30:01,501204023,13,0,1,1,0
05:30:01,501204024,0,0,0,2,0
05:30:01,501204025,7,0,13,1,0
05:30:01,501205001,7,0,10,1,0
05:30:01,501205003,13,1,6,1,0
05:30:01,501205004,11,0,5,1,0
05:30:01,501205005,3,0,19,1,0
05:30:01,501205006,9,0,11,1,0
05:30:01,501205007,7,0,5,1,0
05:30:01,501205008,8,1,18,1,0
05:30:01,501205009,35,0,10,1,0
05:30:01,501205010,6,0,8,1,0
05:30:01,501205011,4,0,27,1,0
05:30:01,501205012,9,1,10,1,0
05:30:01,501205013,4,0,17,1,0
05:30:01,501205014,17,3,6,1,0
05:30:01,501205015,7,0,9,1,0
05:30:01,501205018,6,0,12,1,0
05:30:01,501205019,4,0,24,1,0
05:30:01,501205020,3,0,26,1,0
05:30:01,501205021,5,0,10,1,0
05:30:01,501205022,11,2,4,1,0
05:30:01,501205023,4,0,11,1,0
05:30:01,501205025,12,0,16,1,0
05:30:01,501205026,8,0,10,1,0
05:30:01,501205027,5,0,5,1,0
05:30:01,501205028,8,0,7,1,0
05:30:01,501205029,6,2,4,1,0
05:30:01,501205030,5,0,5,1,0
05:30:01,501205033,4,0,11,1,0
05:30:01,501205034,5,1,23,1,0
05:30:01,501205035,5,2,11,1,0
05:30:01,501205036,7,2,8,1,0
05:30:01,501205037,1,0,14,1,0
05:30:01,501205038,4,3,16,1,0
05:30:01,501205039,4,0,16,1,0
05:30:01,501205040,15,2,10,1,0
05:30:01,501205041,10,1,7,1,0
05:30:01,501205042,8,1,20,1,0
05:30:01,501208011,13,2,24,1,0
05:30:01,501208013,22,2,32,1,0
05:30:01,501208014,27,1,11,1,0
05:30:01,501208015,7,0,7,1,0
05:30:01,501208018,6,0,9,1,0
05:30:01,501208021,1,0,16,1,0
05:30:01,501208027,11,1,18,1,0
05:30:01,501208029,14,0,8,1,0
05:30:01,501208030,25,1,13,1,0
05:30:01,501208032,6,1,21,1,0
05:30:01,501208040,9,0,10,1,0
05:30:01,501208041,2,0,13,1,0
05:30:01,501208045,10,0,22,1,0
05:30:01,501208051,3,2,33,1,0
05:30:01,501208053,13,1,8,1,0
05:30:01,501208054,8,1,20,1,0
05:30:01,501208059,1,0,28,1,0
05:30:01,501208064,3,0,17,1,0
05:30:01,501208077,4,0,6,1,0
05:30:01,501208079,1,0,20,1,0
05:30:01,501208082,2,0,8,1,0
05:30:01,501208085,12,3,5,1,0
05:30:01,501208087,17,1,13,1,0
05:30:01,501208089,17,2,8,1,0
05:30:01,501208091,3,1,40,1,0
05:30:01,501208111,7,0,8,1,0
05:30:01,501208113,6,0,14,1,0
05:30:01,501208114,10,2,10,1,0
05:30:01,501208129,2,0,17,1,0
05:30:01,501208130,4,1,10,1,0
05:30:01,501209002,10,1,10,1,0
05:30:01,501209003,13,5,1,1,0
05:30:01,501209004,5,0,10,1,0
05:30:01,501209005,3,1,15,1,0
05:30:01,501209006,5,3,14,1,0
05:30:01,501209007,11,4,4,1,0
05:30:01,501209009,0,0,0,2,0
05:30:01,501209010,4,1,10,1,0
05:30:01,501209011,11,0,14,1,0
05:30:01,501209014,9,1,3,1,0
05:30:01,501209015,8,0,7,1,0
05:30:01,501209016,2,1,27,1,0
05:30:01,501209017,5,0,7,1,0
05:30:01,501209018,8,0,9,1,0
05:30:01,501209019,5,0,20,1,0
05:30:01,501209020,7,0,24,1,0
05:30:01,501209021,5,0,9,1,0
05:30:01,501209022,5,0,5,1,0
05:30:01,501209023,37,6,5,1,0
05:30:01,501209024,18,1,24,1,0
05:30:01,501209025,4,0,9,1,0
05:30:01,501209026,21,0,5,1,0
05:30:01,501209027,7,1,12,1,0
05:30:01,501209028,7,0,20,1,0
05:30:01,501209030,11,3,7,1,0
05:30:01,501209031,14,0,15,1,0
05:30:01,501209032,6,1,22,1,0
05:30:01,501209033,11,0,8,1,0
05:30:01,501209034,3,3,12,1,0
05:30:01,501209035,6,0,22,1,0
05:30:01,501209036,5,1,23,1,0
05:30:01,501209037,4,0,31,1,0
05:30:01,501209038,5,0,11,1,0
05:30:01,501209039,10,2,20,1,0
05:30:01,501209040,5,1,26,1,0
05:30:01,501209042,10,1,10,1,0
05:30:01,501209043,21,1,3,1,0
05:30:01,501209044,9,1,6,1,0
05:30:01,501209045,4,0,11,1,0
05:30:01,501209046,8,0,14,1,0
05:30:01,501209047,6,0,7,1,0
05:30:01,501209049,5,1,15,1,0
05:30:01,501209050,8,1,5,1,0
05:30:01,501209051,7,1,17,1,0
05:30:01,501209052,5,4,17,1,0
05:30:01,501209053,2,1,18,1,0
05:30:01,501209054,4,0,23,1,0
05:30:01,501209056,10,0,5,1,0
05:30:01,501209058,10,0,6,1,0
05:30:01,501209059,4,0,11,1,0
05:30:01,501209060,5,0,15,1,0
05:30:01,501209062,10,0,5,1,0
05:30:01,501209064,8,1,7,1,0
05:30:01,501209065,10,0,5,1,0
05:30:01,501209066,10,2,4,1,0
05:30:01,501209067,11,0,4,1,0
05:30:01,501209068,3,0,13,1,0
05:30:01,501209069,6,0,57,1,0
05:30:01,501209070,9,2,8,1,0
05:30:01,501209071,4,3,13,1,0
05:30:01,501209073,3,2,12,1,0
05:30:01,501209074,9,1,14,1,0
05:30:01,501209075,3,0,13,1,0
05:30:01,501209076,7,0,15,1,0
05:30:01,501209077,1,1,14,1,0
05:30:01,501209078,8,1,5,1,0
05:30:01,501209079,12,2,13,1,0
05:30:01,501209080,4,0,23,1,0
05:30:01,501209081,6,0,9,1,0
05:30:01,501209084,11,0,12,1,0
05:30:01,501209085,10,2,18,1,0
05:30:01,501209087,10,1,29,1,0
05:30:01,501209088,4,2,11,1,0
05:30:01,501209089,7,1,13,1,0
05:30:01,501209090,2,0,11,1,0
05:30:01,501209091,6,0,10,1,0
05:30:01,501209092,12,2,4,1,0
05:30:01,501209093,10,0,5,1,0
05:30:01,501209094,5,0,10,1,0
05:30:01,501209095,9,0,4,1,0
05:30:01,501209096,9,0,5,1,0
05:30:01,501209097,5,0,10,1,0
05:30:01,501209098,1,0,13,1,0
05:30:01,501209099,1,0,18,1,0
05:30:01,501209100,4,0,10,1,0
05:30:01,501209101,5,0,9,1,0
05:30:01,501209102,4,0,16,1,0
05:30:01,501209104,3,2,16,1,0
05:30:01,501209105,9,0,15,1,0
05:30:01,501209106,4,0,15,1,0
05:30:01,501211001,32,1,6,1,0
05:30:01,501211002,5,0,10,1,0
05:30:01,501211004,7,1,8,1,0
05:30:01,501211005,5,0,13,1,0
05:30:01,501211006,12,0,5,1,0
05:30:01,501211007,12,1,7,1,0
05:30:01,501211009,12,0,6,1,0
05:30:01,501211011,19,0,11,1,0
05:30:01,501211012,10,1,8,1,0
05:40:00,501201001,0,0,0,2,0
05:40:00,501201002,13,2,27,1,0
05:40:00,501201003,7,1,16,1,0
05:40:00,501201004,1,0,12,1,0
05:40:00,501201005,2,1,17,1,0
05:40:00,501201006,8,0,20,1,0
05:40:00,501201007,12,3,7,1,0
05:40:00,501201008,5,0,20,1,0
05:40:00,501201010,3,0,7,1,0
05:40:00,501201011,5,2,17,1,0
05:40:00,501201012,12,0,27,1,0
05:40:00,501201013,1,0,21,1,0
05:40:00,501201014,7,0,12,1,0
05:40:00,501201015,10,0,15,1,0
05:40:00,501201016,12,0,13,1,0
05:40:00,501201017,16,0,10,1,0
05:40:00,501201018,4,0,19,1,0
05:40:00,501201019,9,0,19,1,0
05:40:00,501201020,5,0,19,1,0
05:40:00,501201021,9,1,6,1,0
05:40:00,501201022,3,1,13,1,0
05:40:00,501201023,8,2,20,1,0
05:40:00,501201024,3,0,21,1,0
05:40:00,501201025,16,5,7,1,0
05:40:00,501201026,12,0,6,1,0
05:40:00,501201028,10,2,10,1,0
05:40:00,501201029,1,0,12,1,0
05:40:00,501201030,6,0,8,1,0
05:40:00,501201031,9,0,8,1,0
05:40:00,501202001,8,1,6,1,0
05:40:00,501202003,3,1,36,1,0
05:40:00,501202013,3,0,14,1,0
05:40:00,501202023,7,0,8,1,0
05:40:00,501202024,1,1,14,1,0
05:40:00,501202034,10,0,6,1,0
05:40:00,501202035,17,0,13,1,0
05:40:00,501202036,7,1,30,1,0
05:40:00,501202040,3,2,42,1,0
05:40:00,501202043,3,0,22,1,0
05:40:00,501202044,0,0,0,2,0
05:40:00,501202047,2,0,20,1,0
05:40:00,501202050,2,1,14,1,0
05:40:00,501202055,10,0,4,1,0
05:40:00,501202058,10,1,5,1,0
05:40:00,501202065,6,0,8,1,0
05:40:00,501202068,2,0,16,1,0
05:40:00,501202070,3,0,13,1,0
05:40:00,501202078,5,1,20,1,0
05:40:00,501202080,13,0,13,1,0
05:40:00,501202081,9,0,14,1,0
05:40:00,501202082,4,0,19,1,0
05:40:00,501202083,14,0,10,1,0
05:40:00,501202084,2,0,22,1,0
05:40:00,501202085,7,1,28,1,0
05:40:00,501202088,6,0,23,1,0
05:40:00,501202089,13,0,16,1,0
05:40:00,501202096,8,2,7,1,0
05:40:00,501203001,6,0,14,1,0
05:40:00,501203002,5,1,17,1,0
05:40:00,501203003,3,0,90,1,0
05:40:00,501203005,3,0,17,1,0
05:40:00,501203006,8,0,7,1,0
05:40:00,501203007,7,0,8,1,0
05:40:00,501203008,6,3,10,1,0
05:40:00,501203010,19,4,12,1,0
05:40:00,501203011,15,2,22,1,0
05:40:00,501203012,10,0,7,1,0
05:40:00,501203013,14,2,10,1,0
05:40:00,501203015,10,0,2,1,0
05:40:00,501203020,11,1,9,1,0
05:40:00,501203022,2,0,17,1,0
05:40:00,501203023,3,1,15,1,0
05:40:00,501203028,13,1,12,1,0
05:40:00,501203040,5,3,19,1,0
05:40:00,501203045,13,0,5,1,0
05:40:00,501203050,26,1,34,1,0
05:40:00,501203051,20,0,4,1,0
05:40:00,501203053,0,0,26,1,0
05:40:00,501203054,8,3,14,1,0
05:40:00,501203064,11,0,5,1,0
05:40:00,501203065,7,0,9,1,0
05:40:00,501203070,5,1,10,1,0
05:40:00,501203073,8,2,16,1,0
05:40:00,501203076,12,0,4,1,0
05:40:00,501203078,2,0,14,1,0
05:40:00,501203080,7,0,8,1,0
05:40:00,501203084,7,1,4,1,0
05:40:00,501203085,4,0,6,1,0
05:40:00,501203088,1,1,13,1,0
05:40:00,501203089,6,0,6,1,0
05:40:00,501203090,2,0,8,1,0
05:40:00,501203091,4,1,7,1,0
05:40:00,501203092,1,0,19,1,0
05:40:00,501203100,8,2,11,1,0
05:40:00,501203101,0,0,0,2,0
05:40:00,501203102,12,1,7,1,0
05:40:00,501203104,5,2,14,1,0
05:40:00,501203105,3,0,8,1,0
05:40:00,501203107,0,0,0,2,0
05:40:00,501203109,11,4,15,1,0
05:40:00,501203110,5,1,37,1,0
05:40:00,501203111,8,1,3,1,0
05:40:00,501203113,8,1,11,1,0
05:40:00,501203114,6,0,44,1,0
05:40:00,501203117,0,0,0,2,0
05:40:00,501203118,11,0,9,1,0
05:40:00,501203121,19,0,5,1,0
05:40:00,501203122,4,0,16,1,0
05:40:00,501203125,17,2,8,1,0
05:40:00,501203131,10,0,10,1,0
05:40:00,501203140,6,1,36,1,0
05:40:00,501203141,9,0,6,1,0
05:40:00,501203142,6,2,69,1,0
05:40:00,501203145,12,0,3,1,0
05:40:00,501203151,13,0,5,1,0
05:40:00,501203155,4,0,15,1,0
05:40:00,501203157,3,0,14,1,0
05:40:00,501203159,1,1,19,1,0
05:40:00,501203161,5,0,14,1,0
05:40:00,501203162,10,0,11,1,0
05:40:00,501203163,2,1,14,1,0
05:40:00,501204001,8,1,16,1,0
05:40:00,501204002,12,1,23,1,0
05:40:00,501204003,17,0,27,1,0
05:40:00,501204004,5,0,9,1,0
05:40:00,501204005,10,1,7,1,0
05:40:00,501204007,8,0,27,1,0
05:40:00,501204008,4,0,10,1,0
05:40:00,501204009,0,0,0,2,0
05:40:00,501204010,0,0,0,2,0
05:40:00,501204011,10,1,4,1,0
05:40:00,501204012,8,0,6,1,0
05:40:00,501204013,11,3,1,1,0
05:40:00,501204014,4,0,12,1,0
05:40:00,501204015,10,0,5,1,0
05:40:00,501204016,10,1,7,1,0
05:40:00,501204017,4,0,11,1,0
05:40:00,501204018,20,2,2,1,0
05:40:00,501204020,8,1,12,1,0
05:40:00,501204021,6,1,14,1,0
05:40:00,501204022,6,0,10,1,0
05:40:00,501204023,13,0,1,1,0
05:40:00,501204024,0,0,0,2,0
05:40:00,501204025,7,0,13,1,0
05:40:00,501205001,6,0,11,1,0
05:40:00,501205003,13,1,6,1,0
05:40:00,501205004,11,0,5,1,0
05:40:00,501205005,3,0,19,1,0
05:40:00,501205006,8,0,12,1,0
05:40:00,501205007,6,0,6,1,0
05:40:00,501205008,7,0,19,1,0
05:40:00,501205009,35,0,10,1,0
05:40:00,501205010,6,0,8,1,0
05:40:00,501205011,4,0,27,1,0
05:40:00,501205012,9,1,10,1,0
05:40:00,501205013,4,0,17,1,0
05:40:00,501205014,16,3,7,1,0
05:40:00,501205015,7,0,9,1,0
05:40:00,501205018,6,0,12,1,0
05:40:00,501205019,4,0,24,1,0
05:40:00,501205020,3,0,26,1,0
05:40:00,501205021,5,0,10,1,0
05:40:00,501205022,11,2,4,1,0
05:40:00,501205023,4,0,11,1,0
05:40:00,501205025,12,0,16,1,0
05:40:00,501205026,7,0,11,1,0
05:40:00,501205027,5,0,5,1,0
05:40:00,501205028,8,0,7,1,0
05:40:00,501205029,6,2,4,1,0
05:40:00,501205030,5,0,5,1,0
05:40:00,501205033,4,0,11,1,0
05:40:00,501205034,5,1,23,1,0
05:40:00,501205035,5,2,11,1,0
05:40:00,501205036,7,2,8,1,0
05:40:00,501205037,1,0,14,1,0
05:40:00,501205038,4,3,16,1,0
05:40:00,501205039,4,0,16,1,0
05:40:00,501205040,15,2,10,1,0
05:40:00,501205041,10,1,7,1,0
05:40:00,501205042,8,1,20,1,0
05:40:00,501208011,12,2,25,1,0
05:40:00,501208013,22,2,32,1,0
05:40:00,501208014,27,1,11,1,0
05:40:00,501208015,7,0,7,1,0
05:40:00,501208018,5,0,10,1,0
05:40:00,501208021,1,0,16,1,0
05:40:00,501208027,11,1,18,1,0
05:40:00,501208029,14,0,8,1,0
05:40:00,501208030,25,1,13,1,0
05:40:00,501208032,6,1,21,1,0
05:40:00,501208040,9,0,10,1,0
05:40:00,501208041,2,0,13,1,0
05:40:00,501208045,10,0,22,1,0
05:40:00,501208051,3,2,33,1,0
05:40:00,501208053,13,1,8,1,0
05:40:00,501208054,8,1,20,1,0
05:40:00,501208059,1,0,28,1,0
05:40:00,501208064,3,0,17,1,0
05:40:00,501208077,4,0,6,1,0
05:40:00,501208079,1,0,20,1,0
05:40:00,501208082,2,0,8,1,0
05:40:00,501208085,12,3,5,1,0
05:40:00,501208087,17,1,13,1,0
05:40:00,501208089,14,0,11,1,0
05:40:00,501208091,3,1,40,1,0
05:40:00,501208111,7,0,8,1,0
05:40:00,501208113,6,0,14,1,0
05:40:00,501208114,10,2,10,1,0
05:40:00,501208129,2,0,17,1,0
05:40:00,501208130,3,0,11,1,0
05:40:00,501209002,10,1,10,1,0
05:40:00,501209003,13,5,1,1,0
05:40:00,501209004,5,0,10,1,0
05:40:00,501209005,3,1,15,1,0
05:40:00,501209006,5,3,14,1,0
05:40:00,501209007,11,4,4,1,0
05:40:00,501209009,0,0,0,2,0
05:40:00,501209010,4,1,10,1,0
05:40:00,501209011,11,0,14,1,0
05:40:00,501209014,9,1,3,1,0
05:40:00,501209015,8,0,7,1,0
05:40:00,501209016,2,1,27,1,0
05:40:00,501209017,5,0,7,1,0
05:40:00,501209018,8,0,9,1,0
05:40:00,501209019,5,0,20,1,0
05:40:00,501209020,7,0,24,1,0
05:40:00,501209021,5,0,9,1,0
05:40:00,501209022,5,0,5,1,0
05:40:00,501209023,37,6,5,1,0
05:40:00,501209024,18,1,24,1,0
05:40:00,501209025,4,0,9,1,0
05:40:00,501209026,21,0,5,1,0
05:40:00,501209027,7,1,12,1,0
05:40:00,501209028,7,0,20,1,0
05:40:00,501209030,11,3,7,1,0
05:40:00,501209031,14,0,15,1,0
05:40:00,501209032,6,1,22,1,0
05:40:00,501209033,11,0,8,1,0
05:40:00,501209034,3,3,12,1,0
05:40:00,501209035,5,0,23,1,0
05:40:00,501209036,5,1,23,1,0
05:40:00,501209037,4,0,31,1,0
05:40:00,501209038,5,0,11,1,0
05:40:00,501209039,10,2,20,1,0
05:40:00,501209040,5,1,26,1,0
05:40:00,501209042,10,1,10,1,0
05:40:00,501209043,21,1,3,1,0
05:40:00,501209044,9,1,6,1,0
05:40:00,501209045,4,0,11,1,0
05:40:00,501209046,9,0,13,1,0
05:40:00,501209047,6,0,7,1,0
05:40:00,501209049,5,1,15,1,0
05:40:00,501209050,8,1,5,1,0
05:40:00,501209051,7,1,17,1,0
05:40:00,501209052,5,4,17,1,0
05:40:00,501209053,2,1,18,1,0
05:40:00,501209054,4,0,23,1,0
05:40:00,501209056,10,0,5,1,0
05:40:00,501209058,10,0,6,1,0
05:40:00,501209059,4,0,11,1,0
05:40:00,501209060,6,0,14,1,0
05:40:00,501209062,10,0,5,1,0
05:40:00,501209064,9,1,6,1,0
05:40:00,501209065,10,0,5,1,0
05:40:00,501209066,10,2,4,1,0
05:40:00,501209067,11,0,4,1,0
05:40:00,501209068,3,0,13,1,0
05:40:00,501209069,6,0,57,1,0
05:40:00,501209070,9,2,8,1,0
05:40:00,501209071,4,3,13,1,0
05:40:00,501209073,3,2,12,1,0
05:40:00,501209074,9,1,14,1,0
05:40:00,501209075,3,0,13,1,0
05:40:00,501209076,7,0,15,1,0
05:40:00,501209077,1,1,14,1,0
05:40:00,501209078,7,1,6,1,0
05:40:00,501209079,12,2,13,1,0
05:40:00,501209080,5,1,22,1,0
05:40:00,501209081,6,0,9,1,0
05:40:00,501209084,11,0,12,1,0
05:40:00,501209085,10,2,18,1,0
05:40:00,501209087,10,1,29,1,0
05:40:00,501209088,4,2,11,1,0
05:40:00,501209089,7,1,13,1,0
05:40:00,501209090,2,0,11,1,0
05:40:00,501209091,6,0,10,1,0
05:40:00,501209092,12,2,4,1,0
05:40:00,501209093,10,0,5,1,0
05:40:00,501209094,5,0,10,1,0
05:40:00,501209095,9,0,4,1,0
05:40:00,501209096,9,0,5,1,0
05:40:00,501209097,5,0,10,1,0
05:40:00,501209098,1,0,13,1,0
05:40:00,501209099,1,0,18,1,0
05:40:00,501209100,4,0,10,1,0
05:40:00,501209101,5,0,9,1,0
05:40:00,501209102,4,0,16,1,0
05:40:00,501209104,3,2,16,1,0
05:40:00,501209105,9,0,15,1,0
05:40:00,501209106,4,0,15,1,0
05:40:00,501211001,32,1,6,1,0
05:40:00,501211002,5,0,10,1,0
05:40:00,501211004,7,1,8,1,0
05:40:00,501211005,5,0,13,1,0
05:40:00,501211006,12,0,5,1,0
05:40:00,501211007,12,1,7,1,0
05:40:00,501211009,12,0,6,1,0
05:40:00,501211011,19,0,11,1,0
05:40:00,501211012,10,1,8,1,0
05:50:00,501201001,0,0,0,2,0
05:50:00,501201002,12,1,28,1,0
05:50:00,501201003,7,1,16,1,0
05:50:00,501201004,1,0,12,1,0
05:50:00,501201005,2,1,17,1,0
05:50:00,501201006,8,0,20,1,0
05:50:00,501201007,12,3,7,1,0
05:50:00,501201008,5,0,20,1,0
05:50:00,501201010,3,0,7,1,0
05:50:00,501201011,5,2,17,1,0
05:50:00,501201012,11,0,28,1,0
05:50:00,501201013,1,0,21,1,0
05:50:00,501201014,8,0,11,1,0
05:50:00,501201015,11,0,14,1,0
05:50:00,501201016,12,0,13,1,0
05:50:00,501201017,17,0,9,1,0
05:50:00,501201018,3,0,20,1,0
05:50:00,501201019,9,0,19,1,0
05:50:00,501201020,4,0,20,1,0
05:50:00,501201021,8,0,7,1,0
05:50:00,501201022,4,2,12,1,0
05:50:00,501201023,8,2,20,1,0
05:50:00,501201024,2,0,22,1,0
05:50:00,501201025,17,5,6,1,0
05:50:00,501201026,12,0,6,1,0
05:50:00,501201028,10,2,10,1,0
05:50:00,501201029,1,0,12,1,0
05:50:00,501201030,6,0,8,1,0
05:50:00,501201031,8,0,9,1,0
05:50:00,501202001,9,2,5,1,0
05:50:00,501202003,3,1,36,1,0
05:50:00,501202013,3,0,14,1,0
05:50:00,501202023,7,0,8,1,0
05:50:00,501202024,1,1,14,1,0
05:50:00,501202034,11,0,5,1,0
05:50:00,501202035,17,0,13,1,0
05:50:00,501202036,9,3,28,1,0
05:50:00,501202040,3,2,42,1,0
05:50:00,501202043,3,0,22,1,0
05:50:00,501202044,0,0,0,2,0
05:50:00,501202047,2,0,20,1,0
05:50:00,501202050,1,1,15,1,0
05:50:00,501202055,10,0,4,1,0
05:50:00,501202058,10,1,5,1,0
05:50:00,501202065,6,0,8,1,0
05:50:00,501202068,2,0,16,1,0
05:50:00,501202070,3,0,13,1,0
05:50:00,501202078,5,1,20,1,0
05:50:00,501202080,13,0,13,1,0
05:50:00,501202081,9,0,14,1,0
05:50:00,501202082,4,0,19,1,0
05:50:00,501202083,14,0,10,1,0
05:50:00,501202084,2,0,22,1,0
05:50:00,501202085,8,1,27,1,0
05:50:00,501202088,6,0,23,1,0
05:50:00,501202089,13,0,16,1,0
05:50:00,501202096,8,2,7,1,0
05:50:00,501203001,6,0,14,1,0
05:50:00,501203002,5,1,17,1,0
05:50:00,501203003,3,0,90,1,0
05:50:00,501203005,3,0,17,1,0
05:50:00,501203006,8,0,7,1,0
05:50:00,501203007,7,0,8,1,0
05:50:00,501203008,6,3,10,1,0
05:50:00,501203010,19,4,12,1,0
05:50:00,501203011,15,2,22,1,0
05:50:00,501203012,10,0,7,1,0
05:50:00,501203013,14,2,10,1,0
05:50:00,501203015,9,0,3,1,0
05:50:00,501203020,11,1,9,1,0
05:50:00,501203022,2,0,17,1,0
05:50:00,501203023,2,0,16,1,0
05:50:00,501203028,13,1,12,1,0
05:50:00,501203040,5,3,19,1,0
05:50:00,501203045,10,0,8,1,0
05:50:00,501203050,26,1,34,1,0
05:50:00,501203051,20,0,4,1,0
05:50:00,501203053,0,0,26,1,0
05:50:00,501203054,8,3,14,1,0
05:50:00,501203064,11,0,5,1,0
05:50:00,501203065,4,0,12,1,0
05:50:00,501203070,4,1,11,1,0
05:50:00,501203073,8,2,16,1,0
05:50:00,501203076,12,0,4,1,0
05:50:00,501203078,2,0,14,1,0
05:50:00,501203080,7,0,8,1,0
05:50:00,501203084,6,1,5,1,0
05:50:00,501203085,4,0,6,1,0
05:50:00,501203088,1,1,13,1,0
05:50:00,501203089,6,0,6,1,0
05:50:00,501203090,2,0,8,1,0
05:50:00,501203091,4,1,7,1,0
05:50:00,501203092,1,0,19,1,0
05:50:00,501203100,8,2,11,1,0
05:50:00,501203101,0,0,0,2,0
05:50:00,501203102,12,1,7,1,0
05:50:00,501203104,5,2,14,1,0
05:50:00,501203105,3,0,8,1,0
05:50:00,501203107,0,0,0,2,0
05:50:00,501203109,11,1,15,1,0
05:50:00,501203110,5,1,37,1,0
05:50:00,501203111,7,1,4,1,0
05:50:00,501203113,8,1,11,1,0
05:50:00,501203114,6,0,44,1,0
05:50:00,501203117,0,0,0,2,0
05:50:00,501203118,10,0,10,1,0
05:50:00,501203121,19,0,5,1,0
05:50:00,501203122,3,0,17,1,0
05:50:00,501203125,16,2,9,1,0
05:50:00,501203131,10,0,10,1,0
05:50:00,501203140,5,0,37,1,0
05:50:00,501203141,9,0,6,1,0
05:50:00,501203142,10,3,65,1,0
05:50:00,501203145,12,0,3,1,0
05:50:00,501203151,8,0,10,1,0
05:50:00,501203155,3,0,16,1,0
05:50:00,501203157,3,0,14,1,0
05:50:00,501203159,1,1,19,1,0
05:50:00,501203161,5,0,14,1,0
05:50:00,501203162,10,0,11,1,0
05:50:00,501203163,2,1,14,1,0
05:50:00,501204001,8,1,16,1,0
05:50:00,501204002,11,0,24,1,0
05:50:00,501204003,17,0,27,1,0
05:50:00,501204004,5,0,9,1,0
05:50:00,501204005,10,1,7,1,0
05:50:00,501204007,8,0,27,1,0
05:50:00,501204008,4,0,10,1,0
05:50:00,501204009,0,0,0,2,0
05:50:00,501204010,0,0,0,2,0
05:50:00,501204011,10,1,4,1,0
05:50:00,501204012,9,0,5,1,0
05:50:00,501204013,11,3,1,1,0
05:50:00,501204014,4,0,12,1,0
05:50:00,501204015,10,0,5,1,0
05:50:00,501204016,9,0,8,1,0
05:50:00,501204017,4,0,11,1,0
05:50:00,501204018,20,2,2,1,0
05:50:00,501204020,8,1,12,1,0
05:50:00,501204021,6,1,14,1,0
05:50:00,501204022,6,0,10,1,0
05:50:00,501204023,13,0,1,1,0
05:50:00,501204024,0,0,0,2,0
05:50:00,501204025,7,0,13,1,0
05:50:00,501205001,6,0,11,1,0
05:50:00,501205003,13,1,6,1,0
05:50:00,501205004,11,0,5,1,0
05:50:00,501205005,3,0,19,1,0
05:50:00,501205006,8,0,12,1,0
05:50:00,501205007,6,0,6,1,0
05:50:00,501205008,7,0,19,1,0
05:50:00,501205009,35,0,10,1,0
05:50:00,501205010,6,0,8,1,0
05:50:00,501205011,4,0,27,1,0
05:50:00,501205012,9,1,10,1,0
05:50:00,501205013,4,0,17,1,0
05:50:00,501205014,16,3,7,1,0
05:50:00,501205015,5,0,11,1,0
05:50:00,501205018,6,0,12,1,0
05:50:00,501205019,4,0,24,1,0
05:50:00,501205020,3,0,26,1,0
05:50:00,501205021,5,0,10,1,0
05:50:00,501205022,11,2,4,1,0
05:50:00,501205023,4,0,11,1,0
05:50:00,501205025,13,0,15,1,0
05:50:00,501205026,7,0,11,1,0
05:50:00,501205027,5,0,5,1,0
05:50:00,501205028,8,0,7,1,0
05:50:00,501205029,6,2,4,1,0
05:50:00,501205030,5,0,5,1,0
05:50:00,501205033,4,0,11,1,0
05:50:00,501205034,4,1,24,1,0
05:50:00,501205035,5,2,11,1,0
05:50:00,501205036,7,2,8,1,0
05:50:00,501205037,1,0,14,1,0
05:50:00,501205038,4,3,16,1,0
05:50:00,501205039,3,0,17,1,0
05:50:00,501205040,15,2,10,1,0
05:50:00,501205041,10,1,7,1,0
05:50:00,501205042,7,1,21,1,0
05:50:00,501208011,12,2,25,1,0
05:50:00,501208013,22,1,32,1,0
05:50:00,501208014,27,1,11,1,0
05:50:00,501208015,7,0,7,1,0
05:50:00,501208018,5,0,10,1,0
05:50:00,501208021,1,0,16,1,0
05:50:00,501208027,11,1,18,1,0
05:50:00,501208029,15,0,7,1,0
05:50:00,501208030,25,1,13,1,0
05:50:00,501208032,6,1,21,1,0
05:50:00,501208040,9,0,10,1,0
05:50:00,501208041,2,0,13,1,0
05:50:00,501208045,10,0,22,1,0
05:50:00,501208051,3,2,33,1,0
05:50:00,501208053,13,1,8,1,0
05:50:00,501208054,8,1,20,1,0
05:50:00,501208059,1,0,28,1,0
05:50:00,501208064,3,0,17,1,0
05:50:00,501208077,4,0,6,1,0
05:50:00,501208079,2,0,19,1,0
05:50:00,501208082,1,0,9,1,0
05:50:00,501208085,12,3,5,1,0
05:50:00,501208087,18,2,12,1,0
05:50:00,501208089,15,0,10,1,0
05:50:00,501208091,3,1,40,1,0
05:50:00,501208111,7,0,8,1,0
05:50:00,501208113,6,0,14,1,0
05:50:00,501208114,10,2,10,1,0
05:50:00,501208129,2,0,17,1,0
05:50:00,501208130,3,0,11,1,0
05:50:00,501209002,9,1,11,1,0
05:50:00,501209003,13,4,1,1,0
05:50:00,501209004,5,0,10,1,0
05:50:00,501209005,6,1,12,1,0
05:50:00,501209006,5,3,14,1,0
05:50:00,501209007,9,2,6,1,0
05:50:00,501209009,0,0,0,2,0
05:50:00,501209010,4,1,10,1,0
05:50:00,501209011,11,0,14,1,0
05:50:00,501209014,8,1,4,1,0
05:50:00,501209015,8,0,7,1,0
05:50:00,501209016,2,1,27,1,0
05:50:00,501209017,4,0,8,1,0
05:50:00,501209018,7,0,10,1,0
05:50:00,501209019,5,0,20,1,0
05:50:00,501209020,6,0,25,1,0
05:50:00,501209021,5,0,9,1,0
05:50:00,501209022,5,0,5,1,0
05:50:00,501209023,37,6,5,1,0
05:50:00,501209024,18,1,24,1,0
05:50:00,501209025,4,0,9,1,0
05:50:00,501209026,21,0,5,1,0
05:50:00,501209027,7,1,12,1,0
05:50:00,501209028,7,0,20,1,0
05:50:00,501209030,11,3,7,1,0
05:50:00,501209031,14,0,15,1,0
05:50:00,501209032,6,1,22,1,0
05:50:00,501209033,11,0,8,1,0
05:50:00,501209034,3,3,12,1,0
05:50:00,501209035,5,0,23,1,0
05:50:00,501209036,5,1,23,1,0
05:50:00,501209037,4,0,31,1,0
05:50:00,501209038,5,0,11,1,0
05:50:00,501209039,10,2,20,1,0
05:50:00,501209040,5,1,26,1,0
05:50:00,501209042,10,1,10,1,0
05:50:00,501209043,21,1,3,1,0
05:50:00,501209044,9,1,6,1,0
05:50:00,501209045,4,0,11,1,0
05:50:00,501209046,10,0,12,1,0
05:50:00,501209047,6,0,7,1,0
05:50:00,501209049,5,1,15,1,0
05:50:00,501209050,8,1,5,1,0
05:50:00,501209051,7,1,17,1,0
05:50:00,501209052,5,4,17,1,0
05:50:00,501209053,2,1,18,1,0
05:50:00,501209054,4,0,23,1,0
05:50:00,501209056,10,0,5,1,0
05:50:00,501209058,10,0,6,1,0
05:50:00,501209059,4,0,11,1,0
05:50:00,501209060,6,0,14,1,0
05:50:00,501209062,10,0,5,1,0
05:50:00,501209064,9,1,6,1,0
05:50:00,501209065,10,0,5,1,0
05:50:00,501209066,10,2,4,1,0
05:50:00,501209067,11,0,4,1,0
05:50:00,501209068,3,0,13,1,0
05:50:00,501209069,5,0,57,1,0
05:50:00,501209070,9,2,8,1,0
05:50:00,501209071,4,3,13,1,0
05:50:00,501209073,3,2,12,1,0
05:50:00,501209074,9,1,14,1,0
05:50:00,501209075,3,0,13,1,0
05:50:00,501209076,7,0,15,1,0
05:50:00,501209077,1,1,14,1,0
05:50:00,501209078,7,1,6,1,0
05:50:00,501209079,12,2,13,1,0
05:50:00,501209080,5,1,22,1,0
05:50:00,501209081,6,0,9,1,0
05:50:00,501209084,11,0,12,1,0
05:50:00,501209085,10,2,18,1,0
05:50:00,501209087,10,1,29,1,0
05:50:00,501209088,4,2,11,1,0
05:50:00,501209089,7,1,13,1,0
05:50:00,501209090,2,0,11,1,0
05:50:00,501209091,6,0,10,1,0
05:50:00,501209092,13,2,3,1,0
05:50:00,501209093,10,0,5,1,0
05:50:00,501209094,5,0,10,1,0
05:50:00,501209095,9,0,4,1,0
05:50:00,501209096,9,0,5,1,0
05:50:00,501209097,5,0,10,1,0
05:50:00,501209098,1,0,13,1,0
05:50:00,501209099,1,0,18,1,0
05:50:00,501209100,4,0,10,1,0
05:50:00,501209101,5,0,9,1,0
05:50:00,501209102,4,0,16,1,0
05:50:00,501209104,3,2,16,1,0
05:50:00,501209105,9,0,15,1,0
05:50:00,501209106,4,0,15,1,0
05:50:00,501211001,32,1,6,1,0
05:50:00,501211002,5,0,10,1,0
05:50:00,501211004,7,1,8,1,0
05:50:00,501211005,5,0,13,1,0
05:50:00,501211006,12,0,5,1,0
05:50:00,501211007,12,1,7,1,0
05:50:00,501211009,12,0,6,1,0
05:50:00,501211011,19,0,11,1,0
05:50:00,501211012,10,1,8,1,0
06:00:00,501201001,0,0,0,2,0
06:00:00,501201002,12,1,28,1,0
06:00:00,501201003,8,1,15,1,0
06:00:00,501201004,0,0,13,1,0
06:00:00,501201005,2,1,17,1,0
06:00:00,501201006,8,0,19,1,0
06:00:00,501201007,8,4,11,1,0
06:00:00,501201008,5,0,20,1,0
06:00:00,501201010,3,0,7,1,0
06:00:00,501201011,5,2,17,1,0
06:00:00,501201012,11,0,28,1,0
06:00:00,501201013,1,0,21,1,0
06:00:00,501201014,7,0,12,1,0
06:00:00,501201015,11,0,14,1,0
06:00:00,501201016,12,0,13,1,0
06:00:00,501201017,17,0,9,1,0
06:00:00,501201018,4,0,19,1,0
06:00:00,501201019,9,0,19,1,0
06:00:00,501201020,4,0,20,1,0
06:00:00,501201021,8,0,7,1,0
06:00:00,501201022,5,2,11,1,0
06:00:00,501201023,8,2,20,1,0
06:00:00,501201024,1,0,23,1,0
06:00:00,501201025,17,6,7,1,0
06:00:00,501201026,12,0,6,1,0
06:00:00,501201028,9,1,11,1,0
06:00:00,501201029,1,0,12,1,0
06:00:00,501201030,6,0,8,1,0
06:00:00,501201031,7,0,10,1,0
06:00:00,501202001,9,2,5,1,0
06:00:00,501202003,3,1,36,1,0
06:00:00,501202013,3,0,14,1,0
06:00:00,501202023,7,0,8,1,0
06:00:00,501202024,1,1,14,1,0
06:00:00,501202034,11,0,5,1,0
06:00:00,501202035,18,0,12,1,0
06:00:00,501202036,9,3,28,1,0
06:00:00,501202040,3,1,42,1,0
06:00:00,501202043,3,0,22,1,0
06:00:00,501202044,0,0,0,2,0
06:00:00,501202047,2,0,20,1,0
06:00:00,501202050,1,1,15,1,0
06:00:00,501202055,10,0,4,1,0
06:00:00,501202058,10,1,5,1,0
06:00:00,501202065,6,0,8,1,0
06:00:00,501202068,2,0,16,1,0
06:00:00,501202070,3,0,13,1,0
06:00:00,501202078,5,1,20,1,0
06:00:00,501202080,13,0,13,1,0
06:00:00,501202081,10,0,13,1,0
06:00:00,501202082,3,0,20,1,0
06:00:00,501202083,14,0,10,1,0
06:00:00,501202084,1,0,23,1,0
06:00:00,501202085,8,1,27,1,0
06:00:00,501202088,5,0,24,1,0
06:00:00,501202089,14,1,15,1,0
06:00:00,501202096,8,2,7,1,0
06:00:00,501203001,6,0,14,1,0
06:00:00,501203002,2,0,20,1,0
06:00:00,501203003,4,0,89,1,0
06:00:00,501203005,3,0,17,1,0
06:00:00,501203006,8,0,7,1,0
06:00:00,501203007,7,0,8,1,0
06:00:00,501203008,6,3,10,1,0
06:00:00,501203010,19,4,12,1,0
06:00:00,501203011,13,2,24,1,0
06:00:00,501203012,10,0,7,1,0
06:00:00,501203013,14,2,10,1,0
06:00:00,501203015,9,0,3,1,0
06:00:00,501203020,11,1,9,1,0
06:00:00,501203022,2,0,17,1,0
06:00:00,501203023,2,0,16,1,0
06:00:00,501203028,13,1,12,1,0
06:00:00,501203040,7,1,17,1,0
06:00:00,501203045,12,1,6,1,0
06:00:00,501203050,29,2,31,1,0
06:00:00,501203051,20,0,4,1,0
06:00:00,501203053,0,0,26,1,0
06:00:00,501203054,8,3,14,1,0
06:00:00,501203064,10,0,6,1,0
06:00:00,501203065,3,0,13,1,0
06:00:00,501203070,4,2,11,1,0
06:00:00,501203073,8,2,16,1,0
06:00:00,501203076,12,0,4,1,0
06:00:00,501203078,2,0,14,1,0
06:00:00,501203080,7,0,8,1,0
06:00:00,501203084,6,1,5,1,0
06:00:00,501203085,4,0,6,1,0
06:00:00,501203088,1,1,13,1,0
06:00:00,501203089,6,0,6,1,0
06:00:00,501203090,2,0,8,1,0
06:00:00,501203091,4,1,7,1,0
06:00:00,501203092,1,0,19,1,0
06:00:00,501203100,8,2,11,1,0
06:00:00,501203101,0,0,0,2,0
06:00:00,501203102,12,1,7,1,0
06:00:00,501203104,5,2,14,1,0
06:00:00,501203105,3,0,8,1,0
06:00:00,501203107,0,0,0,2,0
06:00:00,501203109,11,0,15,1,0
06:00:00,501203110,5,1,37,1,0
06:00:00,501203111,7,1,4,1,0
06:00:00,501203113,8,1,11,1,0
06:00:00,501203114,5,0,45,1,0
06:00:00,501203117,0,0,0,2,0
06:00:00,501203118,7,0,13,1,0
06:00:00,501203121,19,0,5,1,0
06:00:00,501203122,3,0,17,1,0
06:00:00,501203125,16,1,9,1,0
06:00:00,501203131,10,0,10,1,0
06:00:00,501203140,7,0,35,1,0
06:00:00,501203141,8,0,7,1,0
06:00:00,501203142,12,3,63,1,0
06:00:00,501203145,12,0,3,1,0
06:00:00,501203151,5,0,13,1,0
06:00:00,501203155,3,0,16,1,0
06:00:00,501203157,3,0,14,1,0
06:00:00,501203159,1,1,19,1,0
06:00:00,501203161,5,0,14,1,0
06:00:00,501203162,10,0,11,1,0
06:00:00,501203163,2,1,14,1,0
06:00:00,501204001,8,1,16,1,0
06:00:00,501204002,11,0,24,1,0
06:00:00,501204003,17,0,27,1,0
06:00:00,501204004,5,0,9,1,0
06:00:00,501204005,10,1,7,1,0
06:00:00,501204007,8,0,27,1,0
06:00:00,501204008,4,0,10,1,0
06:00:00,501204009,0,0,0,2,0
06:00:00,501204010,0,0,0,2,0
06:00:00,501204011,9,0,5,1,0
06:00:00,501204012,9,0,5,1,0
06:00:00,501204013,11,3,1,1,0
06:00:00,501204014,4,0,12,1,0
06:00:00,501204015,10,0,5,1,0
06:00:00,501204016,7,0,10,1,0
06:00:00,501204017,4,0,11,1,0
06:00:00,501204018,20,2,2,1,0
06:00:00,501204020,8,1,12,1,0
06:00:00,501204021,6,1,14,1,0
06:00:00,501204022,6,0,10,1,0
06:00:00,501204023,13,0,1,1,0
06:00:00,501204024,0,0,0,2,0
06:00:00,501204025,7,0,13,1,0
06:00:00,501205001,6,0,11,1,0
06:00:00,501205003,13,1,6,1,0
06:00:00,501205004,11,0,5,1,0
06:00:00,501205005,3,0,19,1,0
06:00:00,501205006,9,0,11,1,0
06:00:00,501205007,6,0,6,1,0
06:00:00,501205008,7,0,19,1,0
06:00:00,501205009,35,0,10,1,0
06:00:00,501205010,6,0,8,1,0
06:00:00,501205011,4,0,27,1,0
06:00:00,501205012,9,1,10,1,0
06:00:00,501205013,4,0,17,1,0
06:00:00,501205014,16,3,7,1,0
06:00:00,501205015,6,0,10,1,0
06:00:00,501205018,6,0,12,1,0
06:00:00,501205019,4,0,24,1,0
06:00:00,501205020,3,0,26,1,0
06:00:00,501205021,5,0,10,1,0
06:00:00,501205022,11,2,4,1,0
06:00:00,501205023,4,0,11,1,0
06:00:00,501205025,15,1,13,1,0
06:00:00,501205026,7,0,11,1,0
06:00:00,501205027,5,0,5,1,0
06:00:00,501205028,9,0,6,1,0
06:00:00,501205029,5,2,5,1,0
06:00:00,501205030,5,0,5,1,0
06:00:00,501205033,4,0,11,1,0
06:00:00,501205034,4,1,24,1,0
06:00:00,501205035,5,2,11,1,0
06:00:00,501205036,7,2,8,1,0
06:00:00,501205037,1,0,14,1,0
06:00:00,501205038,4,3,16,1,0
06:00:00,501205039,3,0,17,1,0
06:00:00,501205040,15,2,10,1,0
06:00:00,501205041,10,1,7,1,0
06:00:00,501205042,7,1,21,1,0
06:00:00,501208011,12,2,25,1,0
06:00:00,501208013,22,1,32,1,0
06:00:00,501208014,27,1,11,1,0
06:00:00,501208015,7,0,7,1,0
06:00:00,501208018,5,0,10,1,0
06:00:00,501208021,1,0,16,1,0
06:00:00,501208027,11,1,18,1,0
06:00:00,501208029,14,0,8,1,0
06:00:00,501208030,25,1,13,1,0
06:00:00,501208032,6,1,21,1,0
06:00:00,501208040,9,0,10,1,0
06:00:00,501208041,2,0,13,1,0
06:00:00,501208045,10,0,22,1,0
06:00:00,501208051,3,2,33,1,0
06:00:00,501208053,13,1,8,1,0
06:00:00,501208054,8,1,20,1,0
06:00:00,501208059,1,0,28,1,0
06:00:00,501208064,4,1,16,1,0
06:00:00,501208077,3,0,7,1,0
06:00:00,501208079,2,0,19,1,0
06:00:00,501208082,1,0,9,1,0
06:00:00,501208085,12,3,5,1,0
06:00:00,501208087,18,2,12,1,0
06:00:00,501208089,15,0,10,1,0
06:00:00,501208091,3,1,40,1,0
06:00:00,501208111,7,0,8,1,0
06:00:00,501208113,7,1,13,1,0
06:00:00,501208114,10,2,10,1,0
06:00:00,501208129,2,0,17,1,0
06:00:00,501208130,3,0,11,1,0
06:00:00,501209002,9,1,11,1,0
06:00:00,501209003,11,3,3,1,0
06:00:00,501209004,5,0,10,1,0
06:00:00,501209005,8,2,10,1,0
06:00:00,501209006,5,3,14,1,0
06:00:00,501209007,9,2,6,1,0
06:00:00,501209009,0,0,0,2,0
06:00:00,501209010,4,1,10,1,0
06:00:00,501209011,12,0,13,1,0
06:00:00,501209014,8,1,4,1,0
06:00:00,501209015,8,0,7,1,0
06:00:00,501209016,2,1,27,1,0
06:00:00,501209017,4,0,8,1,0
06:00:00,501209018,7,0,10,1,0
06:00:00,501209019,5,0,20,1,0
06:00:00,501209020,6,0,25,1,0
06:00:00,501209021,5,0,9,1,0
06:00:00,501209022,5,0,5,1,0
06:00:00,501209023,37,6,5,1,0
06:00:00,501209024,18,1,24,1,0
06:00:00,501209025,4,0,9,1,0
06:00:00,501209026,21,0,5,1,0
06:00:00,501209027,7,1,12,1,0
06:00:00,501209028,7,0,20,1,0
06:00:00,501209030,11,3,7,1,0
06:00:00,501209031,14,0,15,1,0
06:00:00,501209032,6,1,22,1,0
06:00:00,501209033,10,0,9,1,0
06:00:00,501209034,3,3,12,1,0
06:00:00,501209035,6,0,22,1,0
06:00:00,501209036,5,1,23,1,0
06:00:00,501209037,4,0,31,1,0
06:00:00,501209038,5,0,11,1,0
06:00:00,501209039,10,2,20,1,0
06:00:00,501209040,5,1,26,1,0
06:00:00,501209042,10,1,10,1,0
06:00:00,501209043,21,1,3,1,0
06:00:00,501209044,9,0,6,1,0
06:00:00,501209045,4,0,11,1,0
06:00:00,501209046,10,0,12,1,0
06:00:00,501209047,6,0,7,1,0
06:00:00,501209049,5,1,15,1,0
06:00:00,501209050,8,1,5,1,0
06:00:00,501209051,7,1,17,1,0
06:00:00,501209052,5,4,17,1,0
06:00:00,501209053,2,1,18,1,0
06:00:00,501209054,4,0,23,1,0
06:00:00,501209056,10,0,5,1,0
06:00:00,501209058,9,0,7,1,0
06:00:00,501209059,4,0,11,1,0
06:00:00,501209060,5,0,15,1,0
06:00:00,501209062,10,0,5,1,0
06:00:00,501209064,8,0,7,1,0
06:00:00,501209065,10,0,5,1,0
06:00:00,501209066,10,2,4,1,0
06:00:00,501209067,11,0,4,1,0
06:00:00,501209068,3,0,13,1,0
06:00:00,501209069,5,0,57,1,0
06:00:00,501209070,9,2,8,1,0
06:00:00,501209071,4,3,13,1,0
06:00:00,501209073,3,2,12,1,0
06:00:00,501209074,9,1,14,1,0
06:00:00,501209075,3,0,13,1,0
06:00:00,501209076,6,0,16,1,0
06:00:00,501209077,1,1,14,1,0
06:00:00,501209078,7,1,6,1,0
06:00:00,501209079,12,2,13,1,0
06:00:00,501209080,6,2,21,1,0
06:00:00,501209081,6,0,9,1,0
06:00:00,501209084,11,0,12,1,0
06:00:00,501209085,11,3,17,1,0
06:00:00,501209087,10,1,29,1,0
06:00:00,501209088,4,2,11,1,0
06:00:00,501209089,7,1,13,1,0
06:00:00,501209090,2,0,11,1,0
06:00:00,501209091,6,0,10,1,0
06:00:00,501209092,13,2,3,1,0
06:00:00,501209093,10,0,5,1,0
06:00:00,501209094,5,0,10,1,0
06:00:00,501209095,8,0,5,1,0
06:00:00,501209096,9,0,5,1,0
06:00:00,501209097,5,0,10,1,0
06:00:00,501209098,1,0,13,1,0
06:00:00,501209099,1,0,18,1,0
06:00:00,501209100,4,0,10,1,0
06:00:00,501209101,5,0,9,1,0
06:00:00,501209102,4,0,16,1,0
06:00:00,501209104,3,2,16,1,0
06:00:00,501209105,9,0,15,1,0
06:00:00,501209106,4,0,15,1,0
06:00:00,501211001,32,1,6,1,0
06:00:00,501211002,5,0,10,1,0
06:00:00,501211004,7,1,8,1,0
06:00:00,501211005,5,0,13,1,0
06:00:00,501211006,12,0,5,1,0
06:00:00,501211007,12,1,7,1,0
06:00:00,501211009,12,0,6,1,0
06:00:00,501211011,19,0,11,1,0
06:00:00,501211012,10,1,8,1,0
06:10:00,501201001,0,0,0,2,0
06:10:00,501201002,12,1,28,1,0
06:10:00,501201003,8,1,15,1,0
06:10:00,501201004,1,0,12,1,0
06:10:00,501201005,1,0,18,1,0
06:10:00,501201006,8,0,19,1,0
06:10:00,501201007,8,4,11,1,0
06:10:00,501201008,5,0,20,1,0
06:10:00,501201010,3,0,7,1,0
06:10:00,501201011,6,3,16,1,0
06:10:00,501201012,10,0,29,1,0
06:10:00,501201013,1,0,21,1,0
06:10:00,501201014,7,0,12,1,0
06:10:00,501201015,11,0,14,1,0
06:10:00,501201016,12,0,13,1,0
06:10:00,501201017,17,0,9,1,0
06:10:00,501201018,5,0,18,1,0
06:10:00,501201019,9,0,18,1,0
06:10:00,501201020,4,0,20,1,0
06:10:00,501201021,8,0,7,1,0
06:10:00,501201022,5,2,11,1,0
06:10:00,501201023,8,2,20,1,0
06:10:00,501201024,1,0,23,1,0
06:10:00,501201025,17,6,7,1,0
06:10:00,501201026,11,0,7,1,0
06:10:00,501201028,8,1,12,1,0
06:10:00,501201029,2,0,11,1,0
06:10:00,501201030,7,0,7,1,0
06:10:00,501201031,7,0,10,1,0
06:10:00,501202001,9,2,5,1,0
06:10:00,501202003,2,0,37,1,0
06:10:00,501202013,3,0,14,1,0
06:10:00,501202023,7,0,8,1,0
06:10:00,501202024,1,1,14,1,0
06:10:00,501202034,11,0,5,1,0
06:10:00,501202035,18,0,12,1,0
06:10:00,501202036,10,4,27,1,0
06:10:00,501202040,3,1,42,1,0
06:10:00,501202043,3,0,22,1,0
06:10:00,501202044,0,0,0,2,0
06:10:00,501202047,2,0,20,1,0
06:10:00,501202050,1,1,15,1,0
06:10:00,501202055,9,0,5,1,0
06:10:00,501202058,10,1,5,1,0
06:10:00,501202065,6,0,8,1,0
06:10:00,501202068,2,0,16,1,0
06:10:00,501202070,3,0,13,1,0
06:10:00,501202078,5,1,20,1,0
06:10:00,501202080,13,0,13,1,0
06:10:00,501202081,10,0,13,1,0
06:10:00,501202082,3,0,20,1,0
06:10:00,501202083,14,0,10,1,0
06:10:00,501202084,1,0,23,1,0
06:10:00,501202085,8,1,27,1,0
06:10:00,501202088,5,0,24,1,0
06:10:00,501202089,14,1,15,1,0
06:10:00,501202096,8,2,7,1,0
06:10:00,501203001,7,0,13,1,0
06:10:00,501203002,2,0,20,1,0
06:10:00,501203003,4,0,89,1,0
06:10:00,501203005,3,0,17,1,0
06:10:00,501203006,8,0,7,1,0
06:10:00,501203007,7,0,8,1,0
06:10:00,501203008,6,3,10,1,0
06:10:00,501203010,18,4,13,1,0
06:10:00,501203011,13,2,24,1,0
06:10:00,501203012,10,0,7,1,0
06:10:00,501203013,15,2,9,1,0
06:10:00,501203015,9,0,3,1,0
06:10:00,501203020,11,1,9,1,0
06:10:00,501203022,2,0,17,1,0
06:10:00,501203023,2,0,16,1,0
06:10:00,501203028,13,1,12,1,0
06:10:00,501203040,6,1,18,1,0
06:10:00,501203045,10,0,8,1,0
06:10:00,501203050,47,4,13,1,0
06:10:00,501203051,20,0,4,1,0
06:10:00,501203053,0,0,26,1,0
06:10:00,501203054,8,3,14,1,0
06:10:00,501203064,11,0,5,1,0
06:10:00,501203065,12,0,4,1,0
06:10:00,501203070,4,2,11,1,0
06:10:00,501203073,8,2,16,1,0
06:10:00,501203076,12,0,4,1,0
06:10:00,501203078,2,0,14,1,0
06:10:00,501203080,7,0,8,1,0
06:10:00,501203084,6,1,5,1,0
06:10:00,501203085,4,0,6,1,0
06:10:00,501203088,1,1,13,1,0
06:10:00,501203089,6,0,6,1,0
06:10:00,501203090,2,0,8,1,0
06:10:00,501203091,4,1,7,1,0
06:10:00,501203092,1,0,19,1,0
06:10:00,501203100,8,2,11,1,0
06:10:00,501203101,0,0,0,2,0
06:10:00,501203102,12,1,7,1,0
06:10:00,501203104,5,2,14,1,0
06:10:00,501203105,3,0,8,1,0
06:10:00,501203107,0,0,0,2,0
06:10:00,501203109,11,0,15,1,0
06:10:00,501203110,5,1,37,1,0
06:10:00,501203111,7,1,4,1,0
06:10:00,501203113,8,1,11,1,0
06:10:00,501203114,5,0,45,1,0
06:10:00,501203117,0,0,0,2,0
06:10:00,501203118,6,0,14,1,0
06:10:00,501203121,19,0,5,1,0
06:10:00,501203122,3,0,17,1,0
06:10:00,501203125,16,1,9,1,0
06:10:00,501203131,12,0,8,1,0
06:10:00,501203140,8,0,34,1,0
06:10:00,501203141,8,0,7,1,0
06:10:00,501203142,15,5,60,1,0
06:10:00,501203145,13,0,2,1,0
06:10:00,501203151,1,0,17,1,0
06:10:00,501203155,3,0,16,1,0
06:10:00,501203157,4,1,13,1,0
06:10:00,501203159,1,1,19,1,0
06:10:00,501203161,5,0,14,1,0
06:10:00,501203162,11,0,10,1,0
06:10:00,501203163,2,1,14,1,0
06:10:00,501204001,8,1,16,1,0
06:10:00,501204002,11,0,24,1,0
06:10:00,501204003,17,0,27,1,0
06:10:00,501204004,5,0,9,1,0
06:10:00,501204005,10,1,7,1,0
06:10:00,501204007,7,0,28,1,0
06:10:00,501204008,4,0,10,1,0
06:10:00,501204009,0,0,0,2,0
06:10:00,501204010,0,0,0,2,0
06:10:00,501204011,9,0,5,1,0
06:10:00,501204012,9,0,5,1,0
06:10:00,501204013,11,3,1,1,0
06:10:00,501204014,4,0,12,1,0
06:10:00,501204015,10,0,5,1,0
06:10:00,501204016,7,0,10,1,0
06:10:00,501204017,4,0,11,1,0
06:10:00,501204018,20,2,2,1,0
06:10:00,501204020,8,1,12,1,0
06:10:00,501204021,6,1,14,1,0
06:10:00,501204022,6,0,10,1,0
06:10:00,501204023,13,0,1,1,0
06:10:00,501204024,0,0,0,2,0
06:10:00,501204025,7,0,13,1,0
06:10:00,501205001,6,0,11,1,0
06:10:00,501205003,13,1,6,1,0
06:10:00,501205004,13,0,3,1,0
06:10:00,501205005,4,1,18,1,0
06:10:00,501205006,8,0,12,1,0
06:10:00,501205007,6,0,6,1,0
06:10:00,501205008,7,0,19,1,0
06:10:00,501205009,35,0,10,1,0
06:10:00,501205010,6,0,8,1,0
06:10:00,501205011,4,0,27,1,0
06:10:00,501205012,7,1,12,1,0
06:10:00,501205013,4,0,17,1,0
06:10:00,501205014,15,2,8,1,0
06:10:00,501205015,6,0,10,1,0
06:10:00,501205018,6,0,12,1,0
06:10:00,501205019,4,0,24,1,0
06:10:00,501205020,3,0,26,1,0
06:10:00,501205021,5,0,10,1,0
06:10:00,501205022,11,2,4,1,0
06:10:00,501205023,4,0,11,1,0
06:10:00,501205025,15,1,13,1,0
06:10:00,501205026,7,0,11,1,0
06:10:00,501205027,5,0,5,1,0
06:10:00,501205028,10,0,5,1,0
06:10:00,501205029,5,2,5,1,0
06:10:00,501205030,5,0,5,1,0
06:10:00,501205033,4,0,11,1,0
06:10:00,501205034,4,1,24,1,0
06:10:00,501205035,5,2,11,1,0
06:10:00,501205036,7,2,8,1,0
06:10:00,501205037,1,0,14,1,0
06:10:00,501205038,4,3,16,1,0
06:10:00,501205039,4,0,16,1,0
06:10:00,501205040,15,2,10,1,0
06:10:00,501205041,9,1,8,1,0
06:10:00,501205042,7,1,21,1,0
06:10:00,501208011,11,2,26,1,0
06:10:00,501208013,24,1,30,1,0
06:10:00,501208014,30,2,8,1,0
06:10:00,501208015,6,0,8,1,0
06:10:00,501208018,4,0,11,1,0
06:10:00,501208021,1,0,16,1,0
06:10:00,501208027,10,1,19,1,0
06:10:00,501208029,14,0,8,1,0
06:10:00,501208030,26,1,12,1,0
06:10:00,501208032,6,1,21,1,0
06:10:00,501208040,9,0,10,1,0
06:10:00,501208041,2,0,13,1,0
06:10:00,501208045,10,0,22,1,0
06:10:00,501208051,3,2,33,1,0
06:10:00,501208053,13,1,8,1,0
06:10:00,501208054,8,1,20,1,0
06:10:00,501208059,1,0,28,1,0
06:10:00,501208064,4,1,16,1,0
06:10:00,501208077,3,0,7,1,0
06:10:00,501208079,2,0,19,1,0
06:10:00,501208082,1,0,9,1,0
06:10:00,501208085,12,3,5,1,0
06:10:00,501208087,19,3,11,1,0
06:10:00,501208089,16,1,9,1,0
06:10:00,501208091,3,1,40,1,0
06:10:00,501208111,7,0,8,1,0
06:10:00,501208113,7,1,13,1,0
06:10:00,501208114,10,2,10,1,0
06:10:00,501208129,2,0,17,1,0
06:10:00,501208130,3,0,11,1,0
06:10:00,501209002,9,1,11,1,0
06:10:00,501209003,11,3,3,1,0
06:10:00,501209004,5,0,10,1,0
06:10:00,501209005,10,3,8,1,0
06:10:00,501209006,5,3,14,1,0
06:10:00,501209007,9,2,6,1,0
06:10:00,501209009,0,0,0,2,0
06:10:00,501209010,4,1,10,1,0
06:10:00,501209011,12,0,13,1,0
06:10:00,501209014,7,1,5,1,0
06:10:00,501209015,9,1,6,1,0
06:10:00,501209016,2,1,27,1,0
06:10:00,501209017,3,0,9,1,0
06:10:00,501209018,7,0,10,1,0
06:10:00,501209019,5,0,20,1,0
06:10:00,501209020,6,0,25,1,0
06:10:00,501209021,5,0,9,1,0
06:10:00,501209022,5,0,5,1,0
06:10:00,501209023,35,5,7,1,0
06:10:00,501209024,18,1,24,1,0
06:10:00,501209025,3,0,10,1,0
06:10:00,501209026,21,2,5,1,0
06:10:00,501209027,7,1,12,1,0
06:10:00,501209028,7,0,20,1,0
06:10:00,501209030,11,3,7,1,0
06:10:00,501209031,14,0,15,1,0
06:10:00,501209032,6,1,22,1,0
06:10:00,501209033,10,0,9,1,0
06:10:00,501209034,3,3,12,1,0
06:10:00,501209035,6,0,22,1,0
06:10:00,501209036,5,1,23,1,0
06:10:00,501209037,4,0,31,1,0
06:10:00,501209038,5,0,11,1,0
06:10:00,501209039,10,2,20,1,0
06:10:00,501209040,5,1,26,1,0
06:10:00,501209042,10,1,10,1,0
06:10:00,501209043,20,0,4,1,0
06:10:00,501209044,9,0,6,1,0
06:10:00,501209045,4,0,11,1,0
06:10:00,501209046,9,0,13,1,0
06:10:00,501209047,6,0,7,1,0
06:10:00,501209049,5,1,15,1,0
06:10:00,501209050,8,1,5,1,0
06:10:00,501209051,7,1,17,1,0
06:10:00,501209052,5,4,17,1,0
06:10:00,501209053,2,1,18,1,0
06:10:00,501209054,4,0,23,1,0
06:10:00,501209056,10,0,5,1,0
06:10:00,501209058,9,0,7,1,0
06:10:00,501209059,4,0,11,1,0
06:10:00,501209060,4,0,16,1,0
06:10:00,501209062,10,0,5,1,0
06:10:00,501209064,7,0,8,1,0
06:10:00,501209065,10,0,5,1,0
06:10:00,501209066,10,2,4,1,0
06:10:00,501209067,11,0,4,1,0
06:10:00,501209068,3,0,13,1,0
06:10:00,501209069,6,0,56,1,0
06:10:00,501209070,7,0,10,1,0
06:10:00,501209071,4,3,13,1,0
06:10:00,501209073,3,2,12,1,0
06:10:00,501209074,9,1,14,1,0
06:10:00,501209075,3,0,13,1,0
06:10:00,501209076,7,0,15,1,0
06:10:00,501209077,1,1,14,1,0
06:10:00,501209078,7,1,6,1,0
06:10:00,501209079,13,2,12,1,0
06:10:00,501209080,5,2,22,1,0
06:10:00,501209081,6,0,9,1,0
06:10:00,501209084,11,0,12,1,0
06:10:00,501209085,11,3,17,1,0
06:10:00,501209087,10,1,29,1,0
06:10:00,501209088,4,2,11,1,0
06:10:00,501209089,7,1,13,1,0
06:10:00,501209090,2,0,11,1,0
06:10:00,501209091,7,1,9,1,0
06:10:00,501209092,12,1,4,1,0
06:10:00,501209093,10,0,5,1,0
06:10:00,501209094,4,0,11,1,0
06:10:00,501209095,8,0,5,1,0
06:10:00,501209096,9,0,5,1,0
06:10:00,501209097,5,0,10,1,0
06:10:00,501209098,1,0,13,1,0
06:10:00,501209099,1,0,18,1,0
06:10:00,501209100,4,0,10,1,0
06:10:00,501209101,5,0,9,1,0
06:10:00,501209102,3,0,17,1,0
06:10:00,501209104,3,2,16,1,0
06:10:00,501209105,9,0,15,1,0
06:10:00,501209106,4,0,15,1,0
06:10:00,501211001,32,1,6,1,0
06:10:00,501211002,5,0,10,1,0
06:10:00,501211004,7,1,8,1,0
06:10:00,501211005,5,0,13,1,0
06:10:00,501211006,12,0,5,1,0
06:10:00,501211007,12,1,7,1,0
06:10:00,501211009,12,0,6,1,0
06:10:00,501211011,19,0,11,1,0
06:10:00,501211012,10,1,8,1,0
06:20:00,501201001,0,0,0,2,0
06:20:00,501201002,11,1,29,1,0
06:20:00,501201003,7,0,16,1,0
06:20:00,501201004,1,0,12,1,0
06:20:00,501201005,2,0,17,1,0
06:20:00,501201006,9,1,18,1,0
06:20:00,501201007,8,4,11,1,0
06:20:00,501201008,5,0,20,1,0
06:20:00,501201010,3,0,7,1,0
06:20:00,501201011,6,3,16,1,0
06:20:00,501201012,10,0,29,1,0
06:20:00,501201013,1,0,21,1,0
06:20:00,501201014,6,0,13,1,0
06:20:00,501201015,11,0,14,1,0
06:20:00,501201016,12,0,13,1,0
06:20:00,501201017,17,0,9,1,0
06:20:00,501201018,5,0,18,1,0
06:20:00,501201019,9,0,18,1,0
06:20:00,501201020,4,0,20,1,0
06:20:00,501201021,8,0,7,1,0
06:20:00,501201022,5,2,11,1,0
06:20:00,501201023,8,2,20,1,0
06:20:00,501201024,1,0,23,1,0
06:20:00,501201025,18,6,6,1,0
06:20:00,501201026,11,0,7,1,0
06:20:00,501201028,8,1,12,1,0
06:20:00,501201029,2,0,11,1,0
06:20:00,501201030,7,0,7,1,0
06:20:00,501201031,8,0,9,1,0
06:20:00,501202001,9,2,5,1,0
06:20:00,501202003,1,0,38,1,0
06:20:00,501202013,3,0,14,1,0
06:20:00,501202023,7,0,8,1,0
06:20:00,501202024,1,1,14,1,0
06:20:00,501202034,11,0,5,1,0
06:20:00,501202035,20,0,10,1,0
06:20:00,501202036,11,4,26,1,0
06:20:00,501202040,3,1,42,1,0
06:20:00,501202043,3,0,22,1,0
06:20:00,501202044,0,0,0,2,0
06:20:00,501202047,3,0,19,1,0
06:20:00,501202050,1,1,15,1,0
06:20:00,501202055,8,0,6,1,0
06:20:00,501202058,10,1,5,1,0
06:20:00,501202065,6,0,8,1,0
06:20:00,501202068,3,0,15,1,0
06:20:00,501202070,4,0,12,1,0
06:20:00,501202078,5,1,20,1,0
06:20:00,501202080,13,0,13,1,0
06:20:00,501202081,10,0,13,1,0
06:20:00,501202082,3,0,20,1,0
06:20:00,501202083,14,0,10,1,0
06:20:00,501202084,1,0,23,1,0
06:20:00,501202085,7,1,28,1,0
06:20:00,501202088,5,0,24,1,0
06:20:00,501202089,14,1,15,1,0
06:20:00,501202096,8,2,7,1,0
06:20:00,501203001,7,0,13,1,0
06:20:00,501203002,2,0,20,1,0
06:20:00,501203003,3,0,90,1,0
06:20:00,501203005,3,0,17,1,0
06:20:00,501203006,8,0,7,1,0
06:20:00,501203007,7,0,8,1,0
06:20:00,501203008,5,2,11,1,0
06:20:00,501203010,18,4,14,1,0
06:20:00,501203011,13,2,24,1,0
06:20:00,501203012,10,0,7,1,0
06:20:00,501203013,15,2,9,1,0
06:20:00,501203015,12,0,0,1,0
06:20:00,501203020,11,1,9,1,0
06:20:00,501203022,3,1,16,1,0
06:20:00,501203023,2,0,16,1,0
06:20:00,501203028,14,1,11,1,0
06:20:00,501203040,7,1,17,1,0
06:20:00,501203045,9,0,9,1,0
06:20:00,501203050,47,3,13,1,0
06:20:00,501203051,20,0,4,1,0
06:20:00,501203053,0,0,26,1,0
06:20:00,501203054,8,3,14,1,0
06:20:00,501203064,10,0,6,1,0
06:20:00,501203065,7,0,9,1,0
06:20:00,501203070,4,2,11,1,0
06:20:00,501203073,8,2,16,1,0
06:20:00,501203076,12,0,4,1,0
06:20:00,501203078,2,0,14,1,0
06:20:00,501203080,7,0,8,1,0
06:20:00,501203084,6,1,5,1,0
06:20:00,501203085,4,0,6,1,0
06:20:00,501203088,1,1,13,1,0
06:20:00,501203089,6,0,6,1,0
06:20:00,501203090,2,0,8,1,0
06:20:00,501203091,4,1,7,1,0
06:20:00,501203092,0,0,20,1,0
06:20:00,501203100,8,2,11,1,0
06:20:00,501203101,0,0,0,2,0
06:20:00,501203102,12,1,7,1,0
06:20:00,501203104,5,1,14,1,0
06:20:00,501203105,3,0,8,1,0
06:20:00,501203107,0,0,0,2,0
06:20:00,501203109,11,0,15,1,0
06:20:00,501203110,5,1,37,1,0
06:20:00,501203111,7,1,4,1,0
06:20:00,501203113,8,1,11,1,0
06:20:00,501203114,5,0,45,1,0
06:20:00,501203117,0,0,0,2,0
06:20:00,501203118,6,0,14,1,0
06:20:00,501203121,19,0,5,1,0
06:20:00,501203122,1,0,19,1,0
06:20:00,501203125,14,0,11,1,0
06:20:00,501203131,12,0,8,1,0
06:20:00,501203140,7,0,35,1,0
06:20:00,501203141,8,0,7,1,0
06:20:00,501203142,16,4,59,1,0
06:20:00,501203145,13,0,2,1,0
06:20:00,501203151,13,1,5,1,0
06:20:00,501203155,3,0,16,1,0
06:20:00,501203157,4,1,13,1,0
06:20:00,501203159,1,1,19,1,0
06:20:00,501203161,5,0,14,1,0
06:20:00,501203162,12,1,9,1,0
06:20:00,501203163,2,1,14,1,0
06:20:00,501204001,8,1,16,1,0
06:20:00,501204002,11,0,24,1,0
06:20:00,501204003,17,0,27,1,0
06:20:00,501204004,5,0,9,1,0
06:20:00,501204005,10,1,7,1,0
06:20:00,501204007,8,0,27,1,0
06:20:00,501204008,4,0,10,1,0
06:20:00,501204009,0,0,0,2,0
06:20:00,501204010,0,0,0,2,0
06:20:00,501204011,9,0,5,1,0
06:20:00,501204012,9,0,5,1,0
06:20:00,501204013,11,3,1,1,0
06:20:00,501204014,4,0,12,1,0
06:20:00,501204015,10,0,5,1,0
06:20:00,501204016,7,0,10,1,0
06:20:00,501204017,4,0,11,1,0
06:20:00,501204018,20,2,2,1,0
06:20:00,501204020,8,1,12,1,0
06:20:00,501204021,6,1,14,1,0
06:20:00,501204022,6,0,10,1,0
06:20:00,501204023,12,0,2,1,0
06:20:00,501204024,0,0,0,2,0
06:20:00,501204025,7,0,13,1,0
06:20:00,501205001,6,0,11,1,0
06:20:00,501205003,13,1,6,1,0
06:20:00,501205004,13,0,3,1,0
06:20:00,501205005,4,1,18,1,0
06:20:00,501205006,8,0,12,1,0
06:20:00,501205007,6,0,6,1,0
06:20:00,501205008,7,0,19,1,0
06:20:00,501205009,36,0,9,1,0
06:20:00,501205010,5,0,9,1,0
06:20:00,501205011,4,0,27,1,0
06:20:00,501205012,7,1,12,1,0
06:20:00,501205013,3,0,18,1,0
06:20:00,501205014,15,2,8,1,0
06:20:00,501205015,8,0,8,1,0
06:20:00,501205018,6,0,12,1,0
06:20:00,501205019,4,0,24,1,0
06:20:00,501205020,3,0,26,1,0
06:20:00,501205021,5,0,10,1,0
06:20:00,501205022,11,2,4,1,0
06:20:00,501205023,5,0,10,1,0
06:20:00,501205025,15,1,13,1,0
06:20:00,501205026,7,0,11,1,0
06:20:00,501205027,4,0,6,1,0
06:20:00,501205028,10,0,5,1,0
06:20:00,501205029,5,2,5,1,0
06:20:00,501205030,5,0,5,1,0
06:20:00,501205033,4,0,11,1,0
06:20:00,501205034,4,1,24,1,0
06:20:00,501205035,5,2,11,1,0
06:20:00,501205036,7,1,8,1,0
06:20:00,501205037,1,0,14,1,0
06:20:00,501205038,4,3,16,1,0
06:20:00,501205039,4,0,16,1,0
06:20:00,501205040,15,2,10,1,0
06:20:00,501205041,10,1,7,1,0
06:20:00,501205042,7,1,21,1,0
06:20:00,501208011,11,2,26,1,0
06:20:00,501208013,23,1,31,1,0
06:20:00,501208014,29,2,9,1,0
06:20:00,501208015,6,0,8,1,0
06:20:00,501208018,2,0,13,1,0
06:20:00,501208021,1,0,16,1,0
06:20:00,501208027,10,1,19,1,0
06:20:00,501208029,13,0,9,1,0
06:20:00,501208030,26,1,12,1,0
06:20:00,501208032,6,1,21,1,0
06:20:00,501208040,9,0,10,1,0
06:20:00,501208041,1,0,14,1,0
06:20:00,501208045,10,0,22,1,0
06:20:00,501208051,3,2,33,1,0
06:20:00,501208053,13,1,8,1,0
06:20:00,501208054,8,1,20,1,0
06:20:00,501208059,1,0,28,1,0
06:20:00,501208064,5,2,15,1,0
06:20:00,501208077,3,0,7,1,0
06:20:00,501208079,3,0,18,1,0
06:20:00,501208082,1,0,9,1,0
06:20:00,501208085,12,3,5,1,0
06:20:00,501208087,19,3,11,1,0
06:20:00,501208089,15,1,10,1,0
06:20:00,501208091,3,1,40,1,0
06:20:00,501208111,7,0,8,1,0
06:20:00,501208113,7,1,13,1,0
06:20:00,501208114,10,2,10,1,0
06:20:00,501208129,2,0,17,1,0
06:20:00,501208130,3,0,11,1,0
06:20:00,501209002,9,1,11,1,0
06:20:00,501209003,11,3,3,1,0
06:20:00,501209004,5,0,10,1,0
06:20:00,501209005,13,3,5,1,0
06:20:00,501209006,5,3,14,1,0
06:20:00,501209007,7,2,8,1,0
06:20:00,501209009,0,0,0,2,0
06:20:00,501209010,3,1,11,1,0
06:20:00,501209011,11,0,14,1,0
06:20:00,501209014,7,1,5,1,0
06:20:00,501209015,9,1,6,1,0
06:20:00,501209016,1,1,28,1,0
06:20:00,501209017,3,0,9,1,0
06:20:00,501209018,9,1,8,1,0
06:20:00,501209019,4,0,21,1,0
06:20:00,501209020,6,0,25,1,0
06:20:00,501209021,4,0,10,1,0
06:20:00,501209022,5,0,5,1,0
06:20:00,501209023,35,5,7,1,0
06:20:00,501209024,17,1,25,1,0
06:20:00,501209025,3,0,10,1,0
06:20:00,501209026,18,0,8,1,0
06:20:00,501209027,7,1,12,1,0
06:20:00,501209028,7,0,20,1,0
06:20:00,501209030,11,3,7,1,0
06:20:00,501209031,15,1,14,1,0
06:20:00,501209032,6,1,22,1,0
06:20:00,501209033,10,0,9,1,0
06:20:00,501209034,4,4,11,1,0
06:20:00,501209035,5,0,23,1,0
06:20:00,501209036,5,1,23,1,0
06:20:00,501209037,4,0,31,1,0
06:20:00,501209038,5,0,11,1,0
06:20:00,501209039,10,2,20,1,0
06:20:00,501209040,5,1,26,1,0
06:20:00,501209042,10,0,10,1,0
06:20:00,501209043,20,0,4,1,0
06:20:00,501209044,9,0,6,1,0
06:20:00,501209045,4,0,11,1,0
06:20:00,501209046,13,1,9,1,0
06:20:00,501209047,5,0,8,1,0
06:20:00,501209049,5,0,15,1,0
06:20:00,501209050,8,1,5,1,0
06:20:00,501209051,8,1,16,1,0
06:20:00,501209052,5,4,17,1,0
06:20:00,501209053,1,1,19,1,0
06:20:00,501209054,4,0,23,1,0
06:20:00,501209056,10,0,5,1,0
06:20:00,501209058,9,0,7,1,0
06:20:00,501209059,4,0,11,1,0
06:20:00,501209060,4,0,16,1,0
06:20:00,501209062,10,0,5,1,0
06:20:00,501209064,6,0,9,1,0
06:20:00,501209065,9,0,6,1,0
06:20:00,501209066,10,2,4,1,0
06:20:00,501209067,11,0,4,1,0
06:20:00,501209068,3,0,13,1,0
06:20:00,501209069,6,0,56,1,0
06:20:00,501209070,8,1,9,1,0
06:20:00,501209071,5,3,12,1,0
06:20:00,501209073,3,1,12,1,0
06:20:00,501209074,8,0,15,1,0
06:20:00,501209075,2,0,14,1,0
06:20:00,501209076,7,0,15,1,0
06:20:00,501209077,1,1,14,1,0
06:20:00,501209078,7,1,6,1,0
06:20:00,501209079,14,3,11,1,0
06:20:00,501209080,7,2,20,1,0
06:20:00,501209081,6,0,9,1,0
06:20:00,501209084,11,0,12,1,0
06:20:00,501209085,11,3,17,1,0
06:20:00,501209087,9,1,30,1,0
06:20:00,501209088,4,2,11,1,0
06:20:00,501209089,7,1,13,1,0
06:20:00,501209090,1,0,12,1,0
06:20:00,501209091,7,1,9,1,0
06:20:00,501209092,13,1,3,1,0
06:20:00,501209093,10,0,5,1,0
06:20:00,501209094,3,0,12,1,0
06:20:00,501209095,7,0,6,1,0
06:20:00,501209096,9,0,5,1,0
06:20:00,501209097,5,0,10,1,0
06:20:00,501209098,1,0,13,1,0
06:20:00,501209099,1,0,18,1,0
06:20:00,501209100,4,0,10,1,0
06:20:00,501209101,5,0,9,1,0
06:20:00,501209102,3,0,17,1,0
06:20:00,501209104,3,2,16,1,0
06:20:00,501209105,8,0,16,1,0
06:20:00,501209106,5,0,14,1,0
06:20:00,501211001,32,1,6,1,0
06:20:00,501211002,5,0,10,1,0
06:20:00,501211004,7,1,8,1,0
06:20:00,501211005,5,0,13,1,0
06:20:00,501211006,12,0,5,1,0
06:20:00,501211007,12,1,7,1,0
06:20:00,501211009,12,0,6,1,0
06:20:00,501211011,19,0,11,1,0
06:20:00,501211012,10,1,8,1,0
06:30:00,501201001,0,0,0,2,0
06:30:00,501201002,11,1,29,1,0
06:30:00,501201003,7,0,16,1,0
06:30:00,501201004,0,0,13,1,0
06:30:00,501201005,2,0,17,1,0
06:30:00,501201006,9,1,18,1,0
06:30:00,501201007,7,4,12,1,0
06:30:00,501201008,5,0,20,1,0
06:30:00,501201010,3,0,7,1,0
06:30:00,501201011,6,3,16,1,0
06:30:00,501201012,8,0,31,1,0
06:30:00,501201013,1,0,21,1,0
06:30:00,501201014,6,0,13,1,0
06:30:00,501201015,12,0,13,1,0
06:30:00,501201016,12,0,13,1,0
06:30:00,501201017,19,0,7,1,0
06:30:00,501201018,6,0,17,1,0
06:30:00,501201019,8,0,19,1,0
06:30:00,501201020,4,0,20,1,0
06:30:00,501201021,8,0,7,1,0
06:30:00,501201022,5,1,11,1,0
06:30:00,501201023,7,1,21,1,0
06:30:00,501201024,1,0,23,1,0
06:30:00,501201025,16,5,8,1,0
06:30:00,501201026,11,0,7,1,0
06:30:00,501201028,7,1,13,1,0
06:30:00,501201029,2,0,11,1,0
06:30:00,501201030,7,0,7,1,0
06:30:00,501201031,8,0,9,1,0
06:30:00,501202001,10,3,4,1,0
06:30:00,501202003,1,0,38,1,0
06:30:00,501202013,3,0,14,1,0
06:30:00,501202023,7,0,8,1,0
06:30:00,501202024,1,1,14,1,0
06:30:00,501202034,10,0,6,1,0
06:30:00,501202035,21,0,9,1,0
06:30:00,501202036,13,5,24,1,0
06:30:00,501202040,2,1,43,1,0
06:30:00,501202043,4,0,21,1,0
06:30:00,501202044,0,0,0,2,0
06:30:00,501202047,3,0,19,1,0
06:30:00,501202050,1,1,15,1,0
06:30:00,501202055,8,0,6,1,0
06:30:00,501202058,10,1,5,1,0
06:30:00,501202065,6,0,8,1,0
06:30:00,501202068,3,0,15,1,0
06:30:00,501202070,4,0,12,1,0
06:30:00,501202078,5,1,20,1,0
06:30:00,501202080,12,0,14,1,0
06:30:00,501202081,10,0,13,1,0
06:30:00,501202082,3,0,20,1,0
06:30:00,501202083,13,0,11,1,0
06:30:00,501202084,1,0,23,1,0
06:30:00,501202085,7,1,28,1,0
06:30:00,501202088,5,0,24,1,0
06:30:00,501202089,14,1,15,1,0
06:30:00,501202096,8,2,7,1,0
06:30:00,501203001,7,0,13,1,0
06:30:00,501203002,2,0,20,1,0
06:30:00,501203003,3,0,90,1,0
06:30:00,501203005,3,0,17,1,0
06:30:00,501203006,8,0,7,1,0
06:30:00,501203007,7,0,8,1,0
06:30:00,501203008,5,2,11,1,0
06:30:00,501203010,17,3,15,1,0
06:30:00,501203011,13,2,24,1,0
06:30:00,501203012,10,0,7,1,0
06:30:00,501203013,17,3,7,1,0
06:30:00,501203015,11,0,1,1,0
06:30:00,501203020,11,1,9,1,0
06:30:00,501203022,1,0,18,1,0
06:30:00,501203023,3,0,15,1,0
06:30:00,501203028,13,0,12,1,0
06:30:00,501203040,9,1,15,1,0
06:30:00,501203045,8,0,10,1,0
06:30:00,501203050,43,0,17,1,0
06:30:00,501203051,20,0,4,1,0
06:30:00,501203053,0,0,26,1,0
06:30:00,501203054,8,3,14,1,0
06:30:00,501203064,10,0,6,1,0
06:30:00,501203065,2,0,14,1,0
06:30:00,501203070,4,2,11,1,0
06:30:00,501203073,8,2,16,1,0
06:30:00,501203076,12,0,4,1,0
06:30:00,501203078,2,0,14,1,0
06:30:00,501203080,6,0,9,1,0
06:30:00,501203084,6,1,5,1,0
06:30:00,501203085,4,0,6,1,0
06:30:00,501203088,1,1,13,1,0
06:30:00,501203089,5,0,7,1,0
06:30:00,501203090,2,0,8,1,0
06:30:00,501203091,4,1,7,1,0
06:30:00,501203092,0,0,20,1,0
06:30:00,501203100,7,1,12,1,0
06:30:00,501203101,0,0,0,2,0
06:30:00,501203102,12,1,7,1,0
06:30:00,501203104,5,1,14,1,0
06:30:00,501203105,3,0,8,1,0
06:30:00,501203107,0,0,0,2,0
06:30:00,501203109,11,0,15,1,0
06:30:00,501203110,5,1,37,1,0
06:30:00,501203111,7,1,4,1,0
06:30:00,501203113,6,0,13,1,0
06:30:00,501203114,6,0,44,1,0
06:30:00,501203117,0,0,0,2,0
06:30:00,501203118,4,0,16,1,0
06:30:00,501203121,16,0,8,1,0
06:30:00,501203122,2,0,18,1,0
06:30:00,501203125,14,0,11,1,0
06:30:00,501203131,11,0,9,1,0
06:30:00,501203140,8,1,34,1,0
06:30:00,501203141,8,0,7,1,0
06:30:00,501203142,13,4,62,1,0
06:30:00,501203145,13,0,2,1,0
06:30:00,501203151,11,0,7,1,0
06:30:00,501203155,3,0,16,1,0
06:30:00,501203157,4,1,13,1,0
06:30:00,501203159,1,1,19,1,0
06:30:00,501203161,5,0,14,1,0
06:30:00,501203162,12,1,9,1,0
06:30:00,501203163,2,1,14,1,0
06:30:00,501204001,8,1,16,1,0
06:30:00,501204002,11,0,24,1,0
06:30:00,501204003,19,0,25,1,0
06:30:00,501204004,5,0,9,1,0
06:30:00,501204005,10,1,7,1,0
06:30:00,501204007,8,0,27,1,0
06:30:00,501204008,4,0,10,1,0
06:30:00,501204009,0,0,0,2,0
06:30:00,501204010,0,0,0,2,0
06:30:00,501204011,8,0,6,1,0
06:30:00,501204012,9,0,5,1,0
06:30:00,501204013,11,3,1,1,0
06:30:00,501204014,4,0,12,1,0
06:30:00,501204015,10,0,5,1,0
06:30:00,501204016,8,1,9,1,0
06:30:00,501204017,3,0,12,1,0
06:30:00,501204018,20,2,2,1,0
06:30:00,501204020,8,1,12,1,0
06:30:00,501204021,6,1,14,1,0
06:30:00,501204022,5,0,11,1,0
06:30:00,501204023,12,0,2,1,0
06:30:00,501204024,0,0,0,2,0
06:30:00,501204025,7,0,13,1,0
06:30:00,501205001,6,0,11,1,0
06:30:00,501205003,12,0,7,1,0
06:30:00,501205004,13,0,3,1,0
06:30:00,501205005,4,1,18,1,0
06:30:00,501205006,9,1,11,1,0
06:30:00,501205007,7,0,5,1,0
06:30:00,501205008,7,0,19,1,0
06:30:00,501205009,37,0,8,1,0
06:30:00,501205010,5,0,9,1,0
06:30:00,501205011,4,0,27,1,0
06:30:00,501205012,7,1,12,1,0
06:30:00,501205013,3,0,18,1,0
06:30:00,501205014,15,2,8,1,0
06:30:00,501205015,7,0,9,1,0
06:30:00,501205018,5,0,13,1,0
06:30:00,501205019,4,0,24,1,0
06:30:00,501205020,3,0,26,1,0
06:30:00,501205021,5,0,10,1,0
06:30:00,501205022,11,2,4,1,0
06:30:00,501205023,5,0,10,1,0
06:30:00,501205025,14,0,14,1,0
06:30:00,501205026,8,1,10,1,0
06:30:00,501205027,4,0,6,1,0
06:30:00,501205028,7,0,8,1,0
06:30:00,501205029,5,2,5,1,0
06:30:00,501205030,5,0,5,1,0
06:30:00,501205033,4,0,11,1,0
06:30:00,501205034,6,2,22,1,0
06:30:00,501205035,5,2,11,1,0
06:30:00,501205036,7,1,8,1,0
06:30:00,501205037,1,0,14,1,0
06:30:00,501205038,4,3,16,1,0
06:30:00,501205039,4,0,16,1,0
06:30:00,501205040,14,1,11,1,0
06:30:00,501205041,8,0,9,1,0
06:30:00,501205042,8,2,20,1,0
06:30:00,501208011,10,2,27,1,0
06:30:00,501208013,24,1,30,1,0
06:30:00,501208014,30,3,8,1,0
06:30:00,501208015,6,0,8,1,0
06:30:00,501208018,1,0,14,1,0
06:30:00,501208021,1,0,16,1,0
06:30:00,501208027,10,1,19,1,0
06:30:00,501208029,12,0,10,1,0
06:30:00,501208030,26,1,12,1,0
06:30:00,501208032,6,1,21,1,0
06:30:00,501208040,9,0,10,1,0
06:30:00,501208041,1,0,14,1,0
06:30:00,501208045,10,0,22,1,0
06:30:00,501208051,3,2,33,1,0
06:30:00,501208053,13,1,8,1,0
06:30:00,501208054,8,1,20,1,0
06:30:00,501208059,1,0,28,1,0
06:30:00,501208064,7,4,13,1,0
06:30:00,501208077,3,0,7,1,0
06:30:00,501208079,4,0,17,1,0
06:30:00,501208082,0,0,10,1,0
06:30:00,501208085,11,3,6,1,0
06:30:00,501208087,19,3,11,1,0
06:30:00,501208089,14,1,11,1,0
06:30:00,501208091,3,1,40,1,0
06:30:00,501208111,6,0,9,1,0
06:30:00,501208113,7,1,13,1,0
06:30:00,501208114,10,2,10,1,0
06:30:00,501208129,2,0,17,1,0
06:30:00,501208130,3,0,11,1,0
06:30:00,501209002,9,1,11,1,0
06:30:00,501209003,11,3,3,1,0
06:30:00,501209004,4,0,11,1,0
06:30:00,501209005,18,4,0,1,0
06:30:00,501209006,5,3,14,1,0
06:30:00,501209007,7,2,8,1,0
06:30:00,501209009,0,0,0,2,0
06:30:00,501209010,3,1,11,1,0
06:30:00,501209011,11,0,14,1,0
06:30:00,501209014,7,1,5,1,0
06:30:00,501209015,9,1,6,1,0
06:30:00,501209016,1,1,28,1,0
06:30:00,501209017,3,0,9,1,0
06:30:00,501209018,9,1,8,1,0
06:30:00,501209019,5,0,20,1,0
06:30:00,501209020,6,0,25,1,0
06:30:00,501209021,4,0,10,1,0
06:30:00,501209022,5,0,5,1,0
06:30:00,501209023,36,5,6,1,0
06:30:00,501209024,17,1,25,1,0
06:30:00,501209025,3,0,10,1,0
06:30:00,501209026,17,0,9,1,0
06:30:00,501209027,7,1,12,1,0
06:30:00,501209028,7,0,20,1,0
06:30:00,501209030,9,2,9,1,0
06:30:00,501209031,15,1,14,1,0
06:30:00,501209032,6,1,22,1,0
06:30:00,501209033,10,0,9,1,0
06:30:00,501209034,5,5,10,1,0
06:30:00,501209035,5,0,23,1,0
06:30:00,501209036,5,1,23,1,0
06:30:00,501209037,4,0,31,1,0
06:30:00,501209038,5,0,11,1,0
06:30:00,501209039,10,2,20,1,0
06:30:00,501209040,5,1,26,1,0
06:30:00,501209042,10,0,10,1,0
06:30:00,501209043,20,0,4,1,0
06:30:00,501209044,9,0,6,1,0
06:30:00,501209045,4,0,11,1,0
06:30:00,501209046,16,1,6,1,0
06:30:00,501209047,5,0,8,1,0
06:30:00,501209049,5,0,15,1,0
06:30:00,501209050,8,1,5,1,0
06:30:00,501209051,8,1,16,1,0
06:30:00,501209052,5,4,17,1,0
06:30:00,501209053,1,1,19,1,0
06:30:00,501209054,5,0,22,1,0
06:30:00,501209056,11,0,4,1,0
06:30:00,501209058,9,0,7,1,0
06:30:00,501209059,4,0,11,1,0
06:30:00,501209060,4,0,16,1,0
06:30:00,501209062,10,0,5,1,0
06:30:00,501209064,4,0,11,1,0
06:30:00,501209065,9,0,6,1,0
06:30:00,501209066,10,2,4,1,0
06:30:00,501209067,10,0,5,1,0
06:30:00,501209068,3,0,13,1,0
06:30:00,501209069,6,0,56,1,0
06:30:00,501209070,8,1,9,1,0
06:30:00,501209071,7,5,10,1,0
06:30:00,501209073,3,1,12,1,0
06:30:00,501209074,9,1,14,1,0
06:30:00,501209075,0,0,16,1,0
06:30:00,501209076,7,0,15,1,0
06:30:00,501209077,2,1,13,1,0
06:30:00,501209078,7,1,6,1,0
06:30:00,501209079,16,3,9,1,0
06:30:00,501209080,8,2,19,1,0
06:30:00,501209081,6,0,9,1,0
06:30:00,501209084,11,0,12,1,0
06:30:00,501209085,12,3,16,1,0
06:30:00,501209087,7,1,32,1,0
06:30:00,501209088,4,2,11,1,0
06:30:00,501209089,7,1,13,1,0
06:30:00,501209090,1,0,12,1,0
06:30:00,501209091,7,1,9,1,0
06:30:00,501209092,11,0,5,1,0
06:30:00,501209093,10,0,5,1,0
06:30:00,501209094,2,0,13,1,0
06:30:00,501209095,7,0,6,1,0
06:30:00,501209096,9,0,5,1,0
06:30:00,501209097,5,0,10,1,0
06:30:00,501209098,1,0,13,1,0
06:30:00,501209099,1,0,18,1,0
06:30:00,501209100,4,0,10,1,0
06:30:00,501209101,5,0,9,1,0
06:30:00,501209102,3,0,17,1,0
06:30:00,501209104,3,2,16,1,0
06:30:00,501209105,8,0,16,1,0
06:30:00,501209106,4,0,15,1,0
06:30:00,501211001,33,1,5,1,0
06:30:00,501211002,5,0,10,1,0
06:30:00,501211004,7,1,8,1,0
06:30:00,501211005,5,0,13,1,0
06:30:00,501211006,12,0,5,1,0
06:30:00,501211007,12,1,7,1,0
06:30:00,501211009,12,0,6,1,0
06:30:00,501211011,19,0,11,1,0
06:30:00,501211012,10,1,8,1,0
06:40:00,501201001,0,0,0,2,0
06:40:00,501201002,10,0,30,1,0
06:40:00,501201003,7,0,16,1,0
06:40:00,501201004,0,0,13,1,0
06:40:00,501201005,2,0,17,1,0
06:40:00,501201006,9,1,18,1,0
06:40:00,501201007,8,5,11,1,0
06:40:00,501201008,5,0,20,1,0
06:40:00,501201010,3,0,7,1,0
06:40:00,501201011,6,3,16,1,0
06:40:00,501201012,8,0,31,1,0
06:40:00,501201013,1,0,21,1,0
06:40:00,501201014,6,0,13,1,0
06:40:00,501201015,11,0,14,1,0
06:40:00,501201016,13,0,12,1,0
06:40:00,501201017,20,0,6,1,0
06:40:00,501201018,6,0,17,1,0
06:40:00,501201019,5,0,22,1,0
06:40:00,501201020,4,0,20,1,0
06:40:00,501201021,10,0,5,1,0
06:40:00,501201022,6,1,10,1,0
06:40:00,501201023,7,1,21,1,0
06:40:00,501201024,3,0,21,1,0
06:40:00,501201025,16,5,8,1,0
06:40:00,501201026,9,0,9,1,0
06:40:00,501201028,6,0,14,1,0
06:40:00,501201029,1,0,12,1,0
06:40:00,501201030,7,0,7,1,0
06:40:00,501201031,8,0,9,1,0
06:40:00,501202001,9,1,5,1,0
06:40:00,501202003,1,0,38,1,0
06:40:00,501202013,3,0,14,1,0
06:40:00,501202023,6,0,9,1,0
06:40:00,501202024,1,1,14,1,0
06:40:00,501202034,12,0,4,1,0
06:40:00,501202035,21,0,9,1,0
06:40:00,501202036,14,5,23,1,0
06:40:00,501202040,2,1,43,1,0
06:40:00,501202043,5,0,20,1,0
06:40:00,501202044,0,0,0,2,0
06:40:00,501202047,3,0,19,1,0
06:40:00,501202050,1,1,15,1,0
06:40:00,501202055,7,0,7,1,0
06:40:00,501202058,9,0,6,1,0
06:40:00,501202065,6,0,8,1,0
06:40:00,501202068,3,0,15,1,0
06:40:00,501202070,3,0,13,1,0
06:40:00,501202078,4,0,21,1,0
06:40:00,501202080,12,0,14,1,0
06:40:00,501202081,8,0,15,1,0
06:40:00,501202082,3,0,20,1,0
06:40:00,501202083,13,0,11,1,0
06:40:00,501202084,0,0,24,1,0
06:40:00,501202085,7,1,28,1,0
06:40:00,501202088,4,0,25,1,0
06:40:00,501202089,13,0,16,1,0
06:40:00,501202096,8,2,7,1,0
06:40:00,501203001,6,0,14,1,0
06:40:00,501203002,2,0,20,1,0
06:40:00,501203003,3,0,90,1,0
06:40:00,501203005,3,0,17,1,0
06:40:00,501203006,8,0,7,1,0
06:40:00,501203007,7,0,8,1,0
06:40:00,501203008,5,2,11,1,0
06:40:00,501203010,16,2,16,1,0
06:40:00,501203011,12,1,25,1,0
06:40:00,501203012,10,0,7,1,0
06:40:00,501203013,19,2,5,1,0
06:40:00,501203015,11,0,1,1,0
06:40:00,501203020,12,1,8,1,0
06:40:00,501203022,0,0,19,1,0
06:40:00,501203023,1,0,17,1,0
06:40:00,501203028,15,1,10,1,0
06:40:00,501203040,11,1,13,1,0
06:40:00,501203045,8,0,10,1,0
06:40:00,501203050,43,0,17,1,0
06:40:00,501203051,20,0,4,1,0
06:40:00,501203053,0,0,26,1,0
06:40:00,501203054,8,3,14,1,0
06:40:00,501203064,10,0,6,1,0
06:40:00,501203065,1,0,15,1,0
06:40:00,501203070,5,2,10,1,0
06:40:00,501203073,8,2,16,1,0
06:40:00,501203076,12,0,4,1,0
06:40:00,501203078,2,0,14,1,0
06:40:00,501203080,6,0,9,1,0
06:40:00,501203084,5,1,6,1,0
06:40:00,501203085,4,0,6,1,0
06:40:00,501203088,1,1,13,1,0
06:40:00,501203089,5,0,7,1,0
06:40:00,501203090,2,0,8,1,0
06:40:00,501203091,4,1,7,1,0
06:40:00,501203092,0,0,20,1,0
06:40:00,501203100,5,0,14,1,0
06:40:00,501203101,0,0,0,2,0
06:40:00,501203102,11,0,8,1,0
06:40:00,501203104,5,1,14,1,0
06:40:00,501203105,3,0,8,1,0
06:40:00,501203107,0,0,0,2,0
06:40:00,501203109,9,0,17,1,0
06:40:00,501203110,5,1,37,1,0
06:40:00,501203111,6,1,5,1,0
06:40:00,501203113,6,0,13,1,0
06:40:00,501203114,9,0,41,1,0
06:40:00,501203117,0,0,0,2,0
06:40:00,501203118,4,0,16,1,0
06:40:00,501203121,15,0,9,1,0
06:40:00,501203122,2,0,18,1,0
06:40:00,501203125,11,0,14,1,0
06:40:00,501203131,9,0,11,1,0
06:40:00,501203140,8,1,34,1,0
06:40:00,501203141,8,0,7,1,0
06:40:00,501203142,17,4,58,1,0
06:40:00,501203145,13,0,2,1,0
06:40:00,501203151,6,0,12,1,0
06:40:00,501203155,4,0,15,1,0
06:40:00,501203157,4,1,13,1,0
06:40:00,501203159,1,1,19,1,0
06:40:00,501203161,5,0,14,1,0
06:40:00,501203162,12,1,9,1,0
06:40:00,501203163,2,1,14,1,0
06:40:00,501204001,8,1,16,1,0
06:40:00,501204002,11,0,24,1,0
06:40:00,501204003,21,1,23,1,0
06:40:00,501204004,5,0,9,1,0
06:40:00,501204005,9,1,8,1,0
06:40:00,501204007,8,0,27,1,0
06:40:00,501204008,4,0,10,1,0
06:40:00,501204009,0,0,0,2,0
06:40:00,501204010,0,0,0,2,0
06:40:00,501204011,7,0,7,1,0
06:40:00,501204012,10,0,4,1,0
06:40:00,501204013,10,2,2,1,0
06:40:00,501204014,4,0,12,1,0
06:40:00,501204015,10,0,5,1,0
06:40:00,501204016,7,1,10,1,0
06:40:00,501204017,3,0,12,1,0
06:40:00,501204018,20,2,2,1,0
06:40:00,501204020,7,1,13,1,0
06:40:00,501204021,6,1,14,1,0
06:40:00,501204022,5,0,11,1,0
06:40:00,501204023,12,0,2,1,0
06:40:00,501204024,0,0,0,2,0
06:40:00,501204025,7,0,13,1,0
06:40:00,501205001,6,0,11,1,0
06:40:00,501205003,12,0,7,1,0
06:40:00,501205004,13,0,3,1,0
06:40:00,501205005,4,1,18,1,0
06:40:00,501205006,9,1,11,1,0
06:40:00,501205007,7,0,5,1,0
06:40:00,501205008,6,0,20,1,0
06:40:00,501205009,37,0,8,1,0
06:40:00,501205010,3,0,11,1,0
06:40:00,501205011,4,0,27,1,0
06:40:00,501205012,7,1,12,1,0
06:40:00,501205013,3,0,18,1,0
06:40:00,501205014,13,1,10,1,0
06:40:00,501205015,7,0,9,1,0
06:40:00,501205018,5,0,13,1,0
06:40:00,501205019,6,0,22,1,0
06:40:00,501205020,3,0,26,1,0
06:40:00,501205021,5,0,10,1,0
06:40:00,501205022,11,2,4,1,0
06:40:00,501205023,5,0,10,1,0
06:40:00,501205025,16,0,12,1,0
06:40:00,501205026,8,1,10,1,0
06:40:00,501205027,4,0,6,1,0
06:40:00,501205028,9,0,6,1,0
06:40:00,501205029,5,2,5,1,0
06:40:00,501205030,6,0,4,1,0
06:40:00,501205033,4,0,11,1,0
06:40:00,501205034,7,3,21,1,0
06:40:00,501205035,5,2,11,1,0
06:40:00,501205036,7,1,8,1,0
06:40:00,501205037,1,0,14,1,0
06:40:00,501205038,4,3,16,1,0
06:40:00,501205039,4,0,16,1,0
06:40:00,501205040,14,1,11,1,0
06:40:00,501205041,8,0,9,1,0
06:40:00,501205042,8,2,20,1,0
06:40:00,501208011,9,2,28,1,0
06:40:00,501208013,24,1,30,1,0
06:40:00,501208014,29,2,9,1,0
06:40:00,501208015,6,0,8,1,0
06:40:00,501208018,2,0,13,1,0
06:40:00,501208021,1,0,16,1,0
06:40:00,501208027,10,1,19,1,0
06:40:00,501208029,12,0,10,1,0
06:40:00,501208030,26,1,12,1,0
06:40:00,501208032,7,1,20,1,0
06:40:00,501208040,9,0,10,1,0
06:40:00,501208041,1,0,14,1,0
06:40:00,501208045,11,0,21,1,0
06:40:00,501208051,4,2,32,1,0
06:40:00,501208053,11,1,10,1,0
06:40:00,501208054,8,1,20,1,0
06:40:00,501208059,1,0,28,1,0
06:40:00,501208064,8,5,12,1,0
06:40:00,501208077,4,0,6,1,0
06:40:00,501208079,4,0,17,1,0
06:40:00,501208082,0,0,10,1,0
06:40:00,501208085,11,3,6,1,0
06:40:00,501208087,20,3,10,1,0
06:40:00,501208089,14,2,11,1,0
06:40:00,501208091,3,1,40,1,0
06:40:00,501208111,6,0,9,1,0
06:40:00,501208113,7,1,13,1,0
06:40:00,501208114,10,2,10,1,0
06:40:00,501208129,2,0,17,1,0
06:40:00,501208130,3,0,11,1,0
06:40:00,501209002,10,1,10,1,0
06:40:00,501209003,9,1,5,1,0
06:40:00,501209004,3,0,12,1,0
06:40:00,501209005,18,4,0,1,0
06:40:00,501209006,5,3,14,1,0
06:40:00,501209007,7,2,8,1,0
06:40:00,501209009,0,0,0,2,0
06:40:00,501209010,3,0,11,1,0
06:40:00,501209011,11,0,14,1,0
06:40:00,501209014,7,1,5,1,0
06:40:00,501209015,10,1,5,1,0
06:40:00,501209016,1,1,28,1,0
06:40:00,501209017,3,0,9,1,0
06:40:00,501209018,9,1,8,1,0
06:40:00,501209019,5,0,20,1,0
06:40:00,501209020,6,0,25,1,0
06:40:00,501209021,5,0,9,1,0
06:40:00,501209022,5,0,5,1,0
06:40:00,501209023,35,5,7,1,0
06:40:00,501209024,16,1,26,1,0
06:40:00,501209025,3,0,10,1,0
06:40:00,501209026,18,0,8,1,0
06:40:00,501209027,7,1,12,1,0
06:40:00,501209028,7,0,20,1,0
06:40:00,501209030,8,1,10,1,0
06:40:00,501209031,13,0,16,1,0
06:40:00,501209032,6,1,22,1,0
06:40:00,501209033,10,0,9,1,0
06:40:00,501209034,3,3,12,1,0
06:40:00,501209035,5,0,23,1,0
06:40:00,501209036,6,1,22,1,0
06:40:00,501209037,4,0,31,1,0
06:40:00,501209038,5,0,11,1,0
06:40:00,501209039,11,3,19,1,0
06:40:00,501209040,5,1,26,1,0
06:40:00,501209042,10,0,10,1,0
06:40:00,501209043,20,0,4,1,0
06:40:00,501209044,9,0,6,1,0
06:40:00,501209045,4,0,11,1,0
06:40:00,501209046,19,3,3,1,0
06:40:00,501209047,5,0,8,1,0
06:40:00,501209049,7,2,13,1,0
06:40:00,501209050,8,1,5,1,0
06:40:00,501209051,8,1,16,1,0
06:40:00,501209052,5,4,17,1,0
06:40:00,501209053,1,1,19,1,0
06:40:00,501209054,5,0,22,1,0
06:40:00,501209056,10,0,5,1,0
06:40:00,501209058,8,0,8,1,0
06:40:00,501209059,4,0,11,1,0
06:40:00,501209060,5,1,15,1,0
06:40:00,501209062,10,0,5,1,0
06:40:00,501209064,3,0,12,1,0
06:40:00,501209065,8,0,7,1,0
06:40:00,501209066,8,1,6,1,0
06:40:00,501209067,9,0,6,1,0
06:40:00,501209068,2,0,14,1,0
06:40:00,501209069,6,0,56,1,0
06:40:00,501209070,8,1,9,1,0
06:40:00,501209071,7,5,10,1,0
06:40:00,501209073,3,1,12,1,0
06:40:00,501209074,9,1,14,1,0
06:40:00,501209075,0,0,16,1,0
06:40:00,501209076,6,0,16,1,0
06:40:00,501209077,2,1,13,1,0
06:40:00,501209078,7,1,6,1,0
06:40:00,501209079,19,4,6,1,0
06:40:00,501209080,9,2,18,1,0
06:40:00,501209081,6,0,9,1,0
06:40:00,501209084,11,0,12,1,0
06:40:00,501209085,12,3,16,1,0
06:40:00,501209087,7,1,32,1,0
06:40:00,501209088,4,2,11,1,0
06:40:00,501209089,7,1,13,1,0
06:40:00,501209090,2,1,11,1,0
06:40:00,501209091,8,1,8,1,0
06:40:00,501209092,11,0,5,1,0
06:40:00,501209093,10,0,5,1,0
06:40:00,501209094,1,0,14,1,0
06:40:00,501209095,7,0,6,1,0
06:40:00,501209096,9,0,5,1,0
06:40:00,501209097,5,0,10,1,0
06:40:00,501209098,1,0,13,1,0
06:40:00,501209099,1,0,18,1,0
06:40:00,501209100,4,0,10,1,0
06:40:00,501209101,5,0,9,1,0
06:40:00,501209102,3,0,17,1,0
06:40:00,501209104,3,2,16,1,0
06:40:00,501209105,6,0,18,1,0
06:40:00,501209106,4,0,15,1,0
06:40:00,501211001,34,1,4,1,0
06:40:00,501211002,5,0,10,1,0
06:40:00,501211004,7,1,8,1,0
06:40:00,501211005,5,0,13,1,0
06:40:00,501211006,11,0,6,1,0
06:40:00,501211007,12,1,7,1,0
06:40:00,501211009,12,0,6,1,0
06:40:00,501211011,19,0,11,1,0
06:40:00,501211012,10,1,8,1,0
06:50:00,501201001,0,0,0,2,0
06:50:00,501201002,13,0,27,1,0
06:50:00,501201003,7,0,16,1,0
06:50:00,501201004,1,0,12,1,0
06:50:00,501201005,2,0,17,1,0
06:50:00,501201006,9,1,18,1,0
06:50:00,501201007,8,5,11,1,0
06:50:00,501201008,5,0,20,1,0
06:50:00,501201010,3,0,7,1,0
06:50:00,501201011,4,1,16,1,0
06:50:00,501201012,8,1,31,1,0
06:50:00,501201013,1,0,21,1,0
06:50:00,501201014,4,0,15,1,0
06:50:00,501201015,11,0,14,1,0
06:50:00,501201016,12,0,13,1,0
06:50:00,501201017,23,1,3,1,0
06:50:00,501201018,6,0,17,1,0
06:50:00,501201019,4,1,23,1,0
06:50:00,501201020,5,1,19,1,0
06:50:00,501201021,10,0,5,1,0
06:50:00,501201022,5,0,11,1,0
06:50:00,501201023,7,1,21,1,0
06:50:00,501201024,3,0,21,1,0
06:50:00,501201025,15,4,9,1,0
06:50:00,501201026,9,0,9,1,0
06:50:00,501201028,6,0,14,1,0
06:50:00,501201029,1,0,12,1,0
06:50:00,501201030,7,0,7,1,0
06:50:00,501201031,8,0,9,1,0
06:50:00,501202001,6,1,7,1,0
06:50:00,501202003,1,0,38,1,0
06:50:00,501202013,3,0,14,1,0
06:50:00,501202023,4,0,11,1,0
06:50:00,501202024,1,1,14,1,0
06:50:00,501202034,12,0,4,1,0
06:50:00,501202035,19,0,11,1,0
06:50:00,501202036,14,3,23,1,0
06:50:00,501202040,5,1,40,1,0
06:50:00,501202043,4,0,21,1,0
06:50:00,501202044,0,0,0,2,0
06:50:00,501202047,3,0,19,1,0
06:50:00,501202050,0,0,16,1,0
06:50:00,501202055,7,0,7,1,0
06:50:00,501202058,9,0,6,1,0
06:50:00,501202065,5,0,9,1,0
06:50:00,501202068,3,0,15,1,0
06:50:00,501202070,5,1,11,1,0
06:50:00,501202078,4,0,21,1,0
06:50:00,501202080,12,0,14,1,0
06:50:00,501202081,7,0,16,1,0
06:50:00,501202082,3,0,20,1,0
06:50:00,501202083,13,0,11,1,0
06:50:00,501202084,0,0,24,1,0
06:50:00,501202085,7,1,28,1,0
06:50:00,501202088,4,0,25,1,0
06:50:00,501202089,14,0,15,1,0
06:50:00,501202096,8,2,7,1,0
06:50:00,501203001,6,0,14,1,0
06:50:00,501203002,1,0,21,1,0
06:50:00,501203003,5,0,88,1,0
06:50:00,501203005,3,0,17,1,0
06:50:00,501203006,8,0,7,1,0
06:50:00,501203007,7,0,8,1,0
06:50:00,501203008,4,1,12,1,0
06:50:00,501203010,16,2,16,1,0
06:50:00,501203011,11,0,26,1,0
06:50:00,501203012,10,0,7,1,0
06:50:00,501203013,16,0,8,1,0
06:50:00,501203015,11,0,1,1,0
06:50:00,501203020,11,1,9,1,0
06:50:00,501203022,0,0,19,1,0
06:50:00,501203023,1,0,17,1,0
06:50:00,501203028,15,1,10,1,0
06:50:00,501203040,12,1,12,1,0
06:50:00,501203045,8,0,10,1,0
06:50:00,501203050,47,0,13,1,0
06:50:00,501203051,20,0,4,1,0
06:50:00,501203053,0,0,26,1,0
06:50:00,501203054,8,3,14,1,0
06:50:00,501203064,10,0,6,1,0
06:50:00,501203065,0,0,16,1,0
06:50:00,501203070,5,2,10,1,0
06:50:00,501203073,8,2,16,1,0
06:50:00,501203076,12,0,4,1,0
06:50:00,501203078,2,0,14,1,0
06:50:00,501203080,6,0,9,1,0
06:50:00,501203084,5,1,6,1,0
06:50:00,501203085,3,0,7,1,0
06:50:00,501203088,1,1,13,1,0
06:50:00,501203089,5,0,7,1,0
06:50:00,501203090,2,0,8,1,0
06:50:00,501203091,4,1,7,1,0
06:50:00,501203092,1,1,19,1,0
06:50:00,501203100,4,0,15,1,0
06:50:00,501203101,0,0,0,2,0
06:50:00,501203102,11,0,8,1,0
06:50:00,501203104,5,1,14,1,0
06:50:00,501203105,3,0,8,1,0
06:50:00,501203107,0,0,0,2,0
06:50:00,501203109,12,0,14,1,0
06:50:00,501203110,7,2,35,1,0
06:50:00,501203111,4,1,7,1,0
06:50:00,501203113,6,0,13,1,0
06:50:00,501203114,7,0,43,1,0
06:50:00,501203117,0,0,0,2,0
06:50:00,501203118,4,0,16,1,0
06:50:00,501203121,14,0,10,1,0
06:50:00,501203122,2,0,18,1,0
06:50:00,501203125,6,0,19,1,0
06:50:00,501203131,10,0,10,1,0
06:50:00,501203140,7,0,35,1,0
06:50:00,501203141,8,0,7,1,0
06:50:00,501203142,20,4,55,1,0
06:50:00,501203145,13,0,2,1,0
06:50:00,501203151,3,0,15,1,0
06:50:00,501203155,5,1,14,1,0
06:50:00,501203157,4,1,13,1,0
06:50:00,501203159,1,1,19,1,0
06:50:00,501203161,5,0,14,1,0
06:50:00,501203162,13,2,8,1,0
06:50:00,501203163,2,1,14,1,0
06:50:00,501204001,8,1,16,1,0
06:50:00,501204002,11,0,24,1,0
06:50:00,501204003,22,1,22,1,0
06:50:00,501204004,5,0,9,1,0
06:50:00,501204005,9,1,8,1,0
06:50:00,501204007,8,0,27,1,0
06:50:00,501204008,4,0,10,1,0
06:50:00,501204009,0,0,0,2,0
06:50:00,501204010,0,0,0,2,0
06:50:00,501204011,9,0,5,1,0
06:50:00,501204012,10,1,4,1,0
06:50:00,501204013,9,2,3,1,0
06:50:00,501204014,4,0,12,1,0
06:50:00,501204015,10,0,5,1,0
06:50:00,501204016,9,1,8,1,0
06:50:00,501204017,3,0,12,1,0
06:50:00,501204018,20,2,2,1,0
06:50:00,501204020,7,1,13,1,0
06:50:00,501204021,6,1,14,1,0
06:50:00,501204022,5,0,11,1,0
06:50:00,501204023,10,0,4,1,0
06:50:00,501204024,0,0,0,2,0
06:50:00,501204025,7,0,13,1,0
06:50:00,501205001,6,0,11,1,0
06:50:00,501205003,11,0,8,1,0
06:50:00,501205004,13,0,3,1,0
06:50:00,501205005,5,1,17,1,0
06:50:00,501205006,9,1,11,1,0
06:50:00,501205007,7,0,5,1,0
06:50:00,501205008,6,0,20,1,0
06:50:00,501205009,37,0,8,1,0
06:50:00,501205010,3,1,11,1,0
06:50:00,501205011,4,0,27,1,0
06:50:00,501205012,7,1,12,1,0
06:50:00,501205013,2,0,19,1,0
06:50:00,501205014,12,1,11,1,0
06:50:00,501205015,7,0,9,1,0
06:50:00,501205018,5,0,13,1,0
06:50:00,501205019,6,0,22,1,0
06:50:00,501205020,3,0,26,1,0
06:50:00,501205021,4,0,11,1,0
06:50:00,501205022,11,2,4,1,0
06:50:00,501205023,6,0,9,1,0
06:50:00,501205025,16,0,12,1,0
06:50:00,501205026,8,1,10,1,0
06:50:00,501205027,4,0,6,1,0
06:50:00,501205028,10,0,5,1,0
06:50:00,501205029,5,2,5,1,0
06:50:00,501205030,6,0,4,1,0
06:50:00,501205033,5,0,10,1,0
06:50:00,501205034,7,3,21,1,0
06:50:00,501205035,5,2,11,1,0
06:50:00,501205036,6,1,9,1,0
06:50:00,501205037,1,0,14,1,0
06:50:00,501205038,4,3,16,1,0
06:50:00,501205039,2,0,18,1,0
06:50:00,501205040,15,1,10,1,0
06:50:00,501205041,7,0,10,1,0
06:50:00,501205042,8,2,20,1,0
06:50:00,501208011,9,2,28,1,0
06:50:00,501208013,23,1,31,1,0
06:50:00,501208014,29,0,9,1,0
06:50:00,501208015,6,0,8,1,0
06:50:00,501208018,3,0,12,1,0
06:50:00,501208021,1,0,16,1,0
06:50:00,501208027,10,1,19,1,0
06:50:00,501208029,12,1,10,1,0
06:50:00,501208030,27,1,11,1,0
06:50:00,501208032,7,1,20,1,0
06:50:00,501208040,9,0,10,1,0
06:50:00,501208041,1,0,14,1,0
06:50:00,501208045,11,0,21,1,0
06:50:00,501208051,6,4,30,1,0
06:50:00,501208053,10,1,11,1,0
06:50:00,501208054,8,1,20,1,0
06:50:00,501208059,2,0,27,1,0
06:50:00,501208064,8,5,12,1,0
06:50:00,501208077,4,0,6,1,0
06:50:00,501208079,5,0,16,1,0
06:50:00,501208082,0,0,10,1,0
06:50:00,501208085,11,3,6,1,0
06:50:00,501208087,21,3,9,1,0
06:50:00,501208089,10,0,15,1,0
06:50:00,501208091,4,1,39,1,0
06:50:00,501208111,5,0,10,1,0
06:50:00,501208113,7,1,13,1,0
06:50:00,501208114,10,2,10,1,0
06:50:00,501208129,2,0,17,1,0
06:50:00,501208130,3,0,11,1,0
06:50:00,501209002,10,1,10,1,0
06:50:00,501209003,9,1,5,1,0
06:50:00,501209004,3,0,12,1,0
06:50:00,501209005,18,4,0,1,0
06:50:00,501209006,5,3,14,1,0
06:50:00,501209007,5,1,10,1,0
06:50:00,501209009,0,0,0,2,0
06:50:00,501209010,1,0,13,1,0
06:50:00,501209011,11,0,14,1,0
06:50:00,501209014,7,1,5,1,0
06:50:00,501209015,10,1,5,1,0
06:50:00,501209016,1,1,28,1,0
06:50:00,501209017,2,0,10,1,0
06:50:00,501209018,11,1,6,1,0
06:50:00,501209019,5,0,20,1,0
06:50:00,501209020,6,0,25,1,0
06:50:00,501209021,5,0,9,1,0
06:50:00,501209022,5,0,5,1,0
06:50:00,501209023,36,5,6,1,0
06:50:00,501209024,15,1,27,1,0
06:50:00,501209025,3,0,10,1,0
06:50:00,501209026,16,0,10,1,0
06:50:00,501209027,7,1,12,1,0
06:50:00,501209028,7,0,20,1,0
06:50:00,501209030,8,1,10,1,0
06:50:00,501209031,13,0,16,1,0
06:50:00,501209032,6,1,22,1,0
06:50:00,501209033,9,0,10,1,0
06:50:00,501209034,3,3,12,1,0
06:50:00,501209035,5,0,23,1,0
06:50:00,501209036,5,0,23,1,0
06:50:00,501209037,3,0,32,1,0
06:50:00,501209038,5,0,11,1,0
06:50:00,501209039,10,2,20,1,0
06:50:00,501209040,5,1,26,1,0
06:50:00,501209042,9,0,11,1,0
06:50:00,501209043,21,0,3,1,0
06:50:00,501209044,9,0,6,1,0
06:50:00,501209045,3,0,12,1,0
06:50:00,501209046,17,1,5,1,0
06:50:00,501209047,4,0,9,1,0
06:50:00,501209049,8,2,12,1,0
06:50:00,501209050,9,2,4,1,0
06:50:00,501209051,8,1,16,1,0
06:50:00,501209052,5,4,17,1,0
06:50:00,501209053,1,1,19,1,0
06:50:00,501209054,4,0,23,1,0
06:50:00,501209056,11,0,4,1,0
06:50:00,501209058,7,0,9,1,0
06:50:00,501209059,4,0,11,1,0
06:50:00,501209060,5,1,15,1,0
06:50:00,501209062,9,0,6,1,0
06:50:00,501209064,2,0,13,1,0
06:50:00,501209065,8,0,7,1,0
06:50:00,501209066,7,0,7,1,0
06:50:00,501209067,9,0,6,1,0
06:50:00,501209068,2,0,14,1,0
06:50:00,501209069,6,0,56,1,0
06:50:00,501209070,6,0,11,1,0
06:50:00,501209071,7,5,10,1,0
06:50:00,501209073,3,1,12,1,0
06:50:00,501209074,7,1,16,1,0
06:50:00,501209075,0,0,16,1,0
06:50:00,501209076,6,0,16,1,0
06:50:00,501209077,1,1,14,1,0
06:50:00,501209078,7,1,6,1,0
06:50:00,501209079,21,3,4,1,0
06:50:00,501209080,9,2,18,1,0
06:50:00,501209081,6,0,9,1,0
06:50:00,501209084,11,0,12,1,0
06:50:00,501209085,10,2,18,1,0
06:50:00,501209087,10,2,29,1,0
06:50:00,501209088,4,2,11,1,0
06:50:00,501209089,7,1,13,1,0
06:50:00,501209090,1,0,12,1,0
06:50:00,501209091,7,0,9,1,0
06:50:00,501209092,10,0,6,1,0
06:50:00,501209093,10,0,5,1,0
06:50:00,501209094,0,0,15,1,0
06:50:00,501209095,6,0,7,1,0
06:50:00,501209096,9,0,5,1,0
06:50:00,501209097,5,0,10,1,0
06:50:00,501209098,1,0,13,1,0
06:50:00,501209099,1,0,18,1,0
06:50:00,501209100,4,0,10,1,0
06:50:00,501209101,6,0,8,1,0
06:50:00,501209102,3,0,17,1,0
06:50:00,501209104,3,2,16,1,0
06:50:00,501209105,5,0,19,1,0
06:50:00,501209106,4,0,15,1,0
06:50:00,501211001,34,1,4,1,0
06:50:00,501211002,5,0,10,1,0
06:50:00,501211004,7,1,8,1,0
06:50:00,501211005,5,0,13,1,0
06:50:00,501211006,11,0,6,1,0
06:50:00,501211007,12,1,7,1,0
06:50:00,501211009,12,0,6,1,0
06:50:00,501211011,19,0,11,1,0
06:50:00,501211012,10,1,8,1,0
07:00:00,501201001,0,0,0,2,0
07:00:00,501201002,14,0,26,1,0
07:00:00,501201003,7,0,16,1,0
07:00:00,501201004,3,2,10,1,0
07:00:00,501201005,3,0,16,1,0
07:00:00,501201006,9,1,18,1,0
07:00:00,501201007,8,5,11,1,0
07:00:00,501201008,5,0,20,1,0
07:00:00,501201010,2,0,8,1,0
07:00:00,501201011,3,0,17,1,0
07:00:00,501201012,8,1,31,1,0
07:00:00,501201013,1,0,21,1,0
07:00:00,501201014,4,0,15,1,0
07:00:00,501201015,11,1,14,1,0
07:00:00,501201016,12,0,13,1,0
07:00:00,501201017,23,0,3,1,0
07:00:00,501201018,6,0,17,1,0
07:00:00,501201019,4,0,23,1,0
07:00:00,501201020,5,1,19,1,0
07:00:00,501201021,10,0,5,1,0
07:00:00,501201022,5,0,11,1,0
07:00:00,501201023,7,1,21,1,0
07:00:00,501201024,5,0,19,1,0
07:00:00,501201025,15,4,9,1,0
07:00:00,501201026,9,0,9,1,0
07:00:00,501201028,5,0,15,1,0
07:00:00,501201029,1,0,12,1,0
07:00:00,501201030,8,0,6,1,0
07:00:00,501201031,9,0,8,1,0
07:00:00,501202001,0,0,14,1,0
07:00:00,501202003,1,0,38,1,0
07:00:00,501202013,5,1,12,1,0
07:00:00,501202023,3,0,12,1,0
07:00:00,501202024,1,1,14,1,0
07:00:00,501202034,11,0,5,1,0
07:00:00,501202035,18,0,12,1,0
07:00:00,501202036,13,3,24,1,0
07:00:00,501202040,5,1,40,1,0
07:00:00,501202043,4,0,21,1,0
07:00:00,501202044,0,0,0,2,0
07:00:00,501202047,3,0,19,1,0
07:00:00,501202050,0,0,16,1,0
07:00:00,501202055,6,0,8,1,0
07:00:00,501202058,9,0,6,1,0
07:00:00,501202065,4,0,10,1,0
07:00:00,501202068,2,0,16,1,0
07:00:00,501202070,5,1,11,1,0
07:00:00,501202078,4,0,21,1,0
07:00:00,501202080,11,0,15,1,0
07:00:00,501202081,9,0,14,1,0
07:00:00,501202082,3,0,20,1,0
07:00:00,501202083,13,0,11,1,0
07:00:00,501202084,1,0,23,1,0
07:00:00,501202085,7,1,28,1,0
07:00:00,501202088,5,1,24,1,0
07:00:00,501202089,13,0,16,1,0
07:00:00,501202096,9,2,6,1,0
07:00:00,501203001,8,1,12,1,0
07:00:00,501203002,1,0,21,1,0
07:00:00,501203003,5,0,88,1,0
07:00:00,501203005,3,0,17,1,0
07:00:00,501203006,8,0,7,1,0
07:00:00,501203007,7,0,8,1,0
07:00:00,501203008,4,1,12,1,0
07:00:00,501203010,15,2,17,1,0
07:00:00,501203011,9,0,28,1,0
07:00:00,501203012,10,0,7,1,0
07:00:00,501203013,15,0,9,1,0
07:00:00,501203015,11,0,1,1,0
07:00:00,501203020,9,0,11,1,0
07:00:00,501203022,0,0,19,1,0
07:00:00,501203023,2,0,16,1,0
07:00:00,501203028,15,1,10,1,0
07:00:00,501203040,10,1,14,1,0
07:00:00,501203045,7,0,11,1,0
07:00:00,501203050,48,0,12,1,0
07:00:00,501203051,20,0,4,1,0
07:00:00,501203053,0,0,26,1,0
07:00:00,501203054,8,3,14,1,0
07:00:00,501203064,10,0,6,1,0
07:00:00,501203065,0,0,16,1,0
07:00:00,501203070,5,2,10,1,0
07:00:00,501203073,8,2,16,1,0
07:00:00,501203076,12,0,4,1,0
07:00:00,501203078,2,0,14,1,0
07:00:00,501203080,5,0,10,1,0
07:00:00,501203084,4,0,7,1,0
07:00:00,501203085,3,0,7,1,0
07:00:00,501203088,1,1,13,1,0
07:00:00,501203089,5,0,7,1,0
07:00:00,501203090,2,0,8,1,0
07:00:00,501203091,4,1,7,1,0
07:00:00,501203092,1,0,19,1,0
07:00:00,501203100,4,0,15,1,0
07:00:00,501203101,0,0,0,2,0
07:00:00,501203102,11,0,8,1,0
07:00:00,501203104,5,1,14,1,0
07:00:00,501203105,2,0,9,1,0
07:00:00,501203107,0,0,0,2,0
07:00:00,501203109,11,0,15,1,0
07:00:00,501203110,7,2,35,1,0
07:00:00,501203111,4,1,7,1,0
07:00:00,501203113,8,1,11,1,0
07:00:00,501203114,9,1,41,1,0
07:00:00,501203117,0,0,0,2,0
07:00:00,501203118,4,0,16,1,0
07:00:00,501203121,13,0,11,1,0
07:00:00,501203122,2,0,18,1,0
07:00:00,501203125,2,0,23,1,0
07:00:00,501203131,7,0,13,1,0
07:00:00,501203140,8,0,34,1,0
07:00:00,501203141,8,0,7,1,0
07:00:00,501203142,19,1,56,1,0
07:00:00,501203145,13,0,2,1,0
07:00:00,501203151,1,0,17,1,0
07:00:00,501203155,6,0,13,1,0
07:00:00,501203157,4,1,13,1,0
07:00:00,501203159,1,1,19,1,0
07:00:00,501203161,5,0,14,1,0
07:00:00,501203162,13,2,8,1,0
07:00:00,501203163,2,1,14,1,0
07:00:00,501204001,8,1,16,1,0
07:00:00,501204002,13,2,22,1,0
07:00:00,501204003,25,3,19,1,0
07:00:00,501204004,4,0,10,1,0
07:00:00,501204005,8,0,9,1,0
07:00:00,501204007,8,0,27,1,0
07:00:00,501204008,3,0,11,1,0
07:00:00,501204009,0,0,0,2,0
07:00:00,501204010,0,0,0,2,0
07:00:00,501204011,10,0,4,1,0
07:00:00,501204012,9,0,5,1,0
07:00:00,501204013,8,2,4,1,0
07:00:00,501204014,4,0,12,1,0
07:00:00,501204015,10,0,5,1,0
07:00:00,501204016,10,1,7,1,0
07:00:00,501204017,3,0,12,1,0
07:00:00,501204018,21,2,1,1,0
07:00:00,501204020,7,1,13,1,0
07:00:00,501204021,5,0,15,1,0
07:00:00,501204022,5,0,11,1,0
07:00:00,501204023,8,0,6,1,0
07:00:00,501204024,0,0,0,2,0
07:00:00,501204025,7,0,13,1,0
07:00:00,501205001,6,0,11,1,0
07:00:00,501205003,11,0,8,1,0
07:00:00,501205004,11,0,5,1,0
07:00:00,501205005,6,2,16,1,0
07:00:00,501205006,9,1,11,1,0
07:00:00,501205007,7,0,5,1,0
07:00:00,501205008,6,0,20,1,0
07:00:00,501205009,38,0,7,1,0
07:00:00,501205010,1,0,13,1,0
07:00:00,501205011,4,0,27,1,0
07:00:00,501205012,7,1,12,1,0
07:00:00,501205013,2,0,19,1,0
07:00:00,501205014,10,1,13,1,0
07:00:00,501205015,7,0,9,1,0
07:00:00,501205018,3,0,15,1,0
07:00:00,501205019,6,0,22,1,0
07:00:00,501205020,4,0,25,1,0
07:00:00,501205021,4,0,11,1,0
07:00:00,501205022,11,2,4,1,0
07:00:00,501205023,5,0,10,1,0
07:00:00,501205025,15,0,13,1,0
07:00:00,501205026,9,2,9,1,0
07:00:00,501205027,5,1,5,1,0
07:00:00,501205028,7,0,8,1,0
07:00:00,501205029,5,2,5,1,0
07:00:00,501205030,6,0,4,1,0
07:00:00,501205033,5,0,10,1,0
07:00:00,501205034,5,2,23,1,0
07:00:00,501205035,4,1,12,1,0
07:00:00,501205036,6,1,9,1,0
07:00:00,501205037,2,1,13,1,0
07:00:00,501205038,4,2,16,1,0
07:00:00,501205039,1,0,19,1,0
07:00:00,501205040,15,1,10,1,0
07:00:00,501205041,6,0,11,1,0
07:00:00,501205042,8,1,20,1,0
07:00:00,501208011,8,1,29,1,0
07:00:00,501208013,24,1,30,1,0
07:00:00,501208014,38,1,0,1,0
07:00:00,501208015,6,0,8,1,0
07:00:00,501208018,8,0,7,1,0
07:00:00,501208021,1,0,16,1,0
07:00:00,501208027,10,1,19,1,0
07:00:00,501208029,12,1,10,1,0
07:00:00,501208030,29,0,9,1,0
07:00:00,501208032,7,1,20,1,0
07:00:00,501208040,9,0,10,1,0
07:00:00,501208041,4,1,11,1,0
07:00:00,501208045,11,0,21,1,0
07:00:00,501208051,7,4,29,1,0
07:00:00,501208053,10,1,11,1,0
07:00:00,501208054,8,1,20,1,0
07:00:00,501208059,3,0,26,1,0
07:00:00,501208064,8,5,12,1,0
07:00:00,501208077,4,0,6,1,0
07:00:00,501208079,4,0,17,1,0
07:00:00,501208082,1,0,9,1,0
07:00:00,501208085,10,2,7,1,0
07:00:00,501208087,22,3,8,1,0
07:00:00,501208089,8,0,17,1,0
07:00:00,501208091,4,1,39,1,0
07:00:00,501208111,2,0,13,1,0
07:00:00,501208113,7,1,13,1,0
07:00:00,501208114,10,2,10,1,0
07:00:00,501208129,2,0,17,1,0
07:00:00,501208130,3,0,11,1,0
07:00:00,501209002,6,0,14,1,0
07:00:00,501209003,8,1,6,1,0
07:00:00,501209004,3,0,12,1,0
07:00:00,501209005,8,4,10,1,0
07:00:00,501209006,5,3,14,1,0
07:00:00,501209007,4,1,11,1,0
07:00:00,501209009,0,0,0,2,0
07:00:00,501209010,1,0,13,1,0
07:00:00,501209011,12,1,13,1,0
07:00:00,501209014,7,1,5,1,0
07:00:00,501209015,10,1,5,1,0
07:00:00,501209016,2,1,27,1,0
07:00:00,501209017,4,1,8,1,0
07:00:00,501209018,9,0,8,1,0
07:00:00,501209019,5,0,20,1,0
07:00:00,501209020,8,2,23,1,0
07:00:00,501209021,5,0,9,1,0
07:00:00,501209022,5,0,5,1,0
07:00:00,501209023,35,4,7,1,0
07:00:00,501209024,14,1,28,1,0
07:00:00,501209025,2,0,11,1,0
07:00:00,501209026,17,0,9,1,0
07:00:00,501209027,8,1,11,1,0
07:00:00,501209028,7,0,20,1,0
07:00:00,501209030,6,0,12,1,0
07:00:00,501209031,12,0,17,1,0
07:00:00,501209032,6,1,22,1,0
07:00:00,501209033,9,0,10,1,0
07:00:00,501209034,3,1,12,1,0
07:00:00,501209035,5,0,23,1,0
07:00:00,501209036,4,0,24,1,0
07:00:00,501209037,3,0,32,1,0
07:00:00,501209038,1,0,15,1,0
07:00:00,501209039,10,2,20,1,0
07:00:00,501209040,5,1,26,1,0
07:00:00,501209042,8,0,12,1,0
07:00:00,501209043,16,0,8,1,0
07:00:00,501209044,9,0,6,1,0
07:00:00,501209045,4,0,11,1,0
07:00:00,501209046,17,1,5,1,0
07:00:00,501209047,4,0,9,1,0
07:00:00,501209049,10,2,10,1,0
07:00:00,501209050,9,2,4,1,0
07:00:00,501209051,8,1,16,1,0
07:00:00,501209052,5,4,17,1,0
07:00:00,501209053,2,2,18,1,0
07:00:00,501209054,4,0,23,1,0
07:00:00,501209056,11,0,4,1,0
07:00:00,501209058,7,0,9,1,0
07:00:00,501209059,4,0,11,1,0
07:00:00,501209060,5,1,15,1,0
07:00:00,501209062,9,0,6,1,0
07:00:00,501209064,2,0,13,1,0
07:00:00,501209065,8,0,7,1,0
07:00:00,501209066,7,0,7,1,0
07:00:00,501209067,8,0,7,1,0
07:00:00,501209068,0,0,16,1,0
07:00:00,501209069,6,0,56,1,0
07:00:00,501209070,8,0,9,1,0
07:00:00,501209071,7,5,10,1,0
07:00:00,501209073,3,1,12,1,0
07:00:00,501209074,7,1,16,1,0
07:00:00,501209075,0,0,16,1,0
07:00:00,501209076,8,1,14,1,0
07:00:00,501209077,1,1,14,1,0
07:00:00,501209078,7,1,6,1,0
07:00:00,501209079,19,2,6,1,0
07:00:00,501209080,8,1,19,1,0
07:00:00,501209081,6,0,9,1,0
07:00:00,501209084,11,0,12,1,0
07:00:00,501209085,10,2,18,1,0
07:00:00,501209087,13,1,26,1,0
07:00:00,501209088,5,3,10,1,0
07:00:00,501209089,7,1,13,1,0
07:00:00,501209090,0,0,13,1,0
07:00:00,501209091,7,0,9,1,0
07:00:00,501209092,9,0,7,1,0
07:00:00,501209093,10,0,5,1,0
07:00:00,501209094,0,0,15,1,0
07:00:00,501209095,6,0,7,1,0
07:00:00,501209096,9,0,5,1,0
07:00:00,501209097,5,0,10,1,0
07:00:00,501209098,1,0,13,1,0
07:00:00,501209099,1,0,18,1,0
07:00:00,501209100,4,0,10,1,0
07:00:00,501209101,6,0,8,1,0
07:00:00,501209102,2,0,18,1,0
07:00:00,501209104,3,2,16,1,0
07:00:00,501209105,4,0,20,1,0
07:00:00,501209106,4,0,15,1,0
07:00:00,501211001,35,1,3,1,0
07:00:00,501211002,5,0,10,1,0
07:00:00,501211004,7,1,8,1,0
07:00:00,501211005,5,0,13,1,0
07:00:00,501211006,11,0,6,1,0
07:00:00,501211007,12,1,7,1,0
07:00:00,501211009,12,0,6,1,0
07:00:00,501211011,19,0,11,1,0
07:00:00,501211012,10,1,8,1,0
07:10:00,501201001,0,0,0,2,0
07:10:00,501201002,13,0,27,1,0
07:10:00,501201003,7,0,16,1,0
07:10:00,501201004,3,2,10,1,0
07:10:00,501201005,3,0,16,1,0
07:10:00,501201006,10,1,17,1,0
07:10:00,501201007,10,6,9,1,0
07:10:00,501201008,5,0,20,1,0
07:10:00,501201010,1,0,9,1,0
07:10:00,501201011,1,1,21,1,0
07:10:00,501201012,8,1,31,1,0
07:10:00,501201013,1,0,21,1,0
07:10:00,501201014,4,0,15,1,0
07:10:00,501201015,13,1,12,1,0
07:10:00,501201016,13,0,12,1,0
07:10:00,501201017,24,0,2,1,0
07:10:00,501201018,6,0,17,1,0
07:10:00,501201019,3,0,24,1,0
07:10:00,501201020,5,0,19,1,0
07:10:00,501201021,9,0,6,1,0
07:10:00,501201022,4,0,12,1,0
07:10:00,501201023,7,1,21,1,0
07:10:00,501201024,6,0,18,1,0
07:10:00,501201025,15,4,9,1,0
07:10:00,501201026,9,0,9,1,0
07:10:00,501201028,3,0,17,1,0
07:10:00,501201029,1,0,12,1,0
07:10:00,501201030,8,0,6,1,0
07:10:00,501201031,8,0,9,1,0
07:10:00,501202001,0,0,14,1,0
07:10:00,501202003,2,0,37,1,0
07:10:00,501202013,4,1,13,1,0
07:10:00,501202023,2,0,13,1,0
07:10:00,501202024,1,1,14,1,0
07:10:00,501202034,9,1,7,1,0
07:10:00,501202035,21,0,9,1,0
07:10:00,501202036,11,1,26,1,0
07:10:00,501202040,4,0,41,1,0
07:10:00,501202043,7,0,18,1,0
07:10:00,501202044,0,0,0,2,0
07:10:00,501202047,8,1,14,1,0
07:10:00,501202050,0,0,16,1,0
07:10:00,501202055,5,0,9,1,0
07:10:00,501202058,8,0,7,1,0
07:10:00,501202065,4,0,10,1,0
07:10:00,501202068,2,0,16,1,0
07:10:00,501202070,5,1,11,1,0
07:10:00,501202078,4,0,21,1,0
07:10:00,501202080,11,0,15,1,0
07:10:00,501202081,8,0,15,1,0
07:10:00,501202082,1,0,22,1,0
07:10:00,501202083,13,0,11,1,0
07:10:00,501202084,1,0,23,1,0
07:10:00,501202085,6,1,29,1,0
07:10:00,501202088,6,1,23,1,0
07:10:00,501202089,13,0,16,1,0
07:10:00,501202096,8,1,7,1,0
07:10:00,501203001,6,0,14,1,0
07:10:00,501203002,1,0,21,1,0
07:10:00,501203003,7,1,86,1,0
07:10:00,501203005,3,0,17,1,0
07:10:00,501203006,10,0,5,1,0
07:10:00,501203007,7,0,8,1,0
07:10:00,501203008,3,0,13,1,0
07:10:00,501203010,14,2,18,1,0
07:10:00,501203011,8,0,29,1,0
07:10:00,501203012,10,0,7,1,0
07:10:00,501203013,16,1,8,1,0
07:10:00,501203015,7,0,5,1,0
07:10:00,501203020,2,0,18,1,0
07:10:00,501203022,1,0,18,1,0
07:10:00,501203023,1,0,17,1,0
07:10:00,501203028,14,0,11,1,0
07:10:00,501203040,11,1,13,1,0
07:10:00,501203045,4,0,14,1,0
07:10:00,501203050,48,0,12,1,0
07:10:00,501203051,21,0,3,1,0
07:10:00,501203053,0,0,26,1,0
07:10:00,501203054,8,3,14,1,0
07:10:00,501203064,10,0,6,1,0
07:10:00,501203065,0,0,16,1,0
07:10:00,501203070,4,1,11,1,0
07:10:00,501203073,8,2,16,1,0
07:10:00,501203076,12,0,4,1,0
07:10:00,501203078,1,0,15,1,0
07:10:00,501203080,5,0,10,1,0
07:10:00,501203084,4,0,7,1,0
07:10:00,501203085,4,1,6,1,0
07:10:00,501203088,1,1,13,1,0
07:10:00,501203089,5,0,7,1,0
07:10:00,501203090,1,0,9,1,0
07:10:00,501203091,3,1,8,1,0
07:10:00,501203092,2,0,18,1,0
07:10:00,501203100,4,0,15,1,0
07:10:00,501203101,0,0,0,2,0
07:10:00,501203102,11,0,8,1,0
07:10:00,501203104,4,0,15,1,0
07:10:00,501203105,2,0,9,1,0
07:10:00,501203107,0,0,0,2,0
07:10:00,501203109,8,0,18,1,0
07:10:00,501203110,7,2,35,1,0
07:10:00,501203111,1,1,10,1,0
07:10:00,501203113,13,1,6,1,0
07:10:00,501203114,10,1,40,1,0
07:10:00,501203117,0,0,0,2,0
07:10:00,501203118,4,0,16,1,0
07:10:00,501203121,10,0,14,1,0
07:10:00,501203122,2,0,18,1,0
07:10:00,501203125,2,0,23,1,0
07:10:00,501203131,5,0,15,1,0
07:10:00,501203140,10,0,32,1,0
07:10:00,501203141,8,0,7,1,0
07:10:00,501203142,18,1,57,1,0
07:10:00,501203145,14,0,1,1,0
07:10:00,501203151,1,0,17,1,0
07:10:00,501203155,2,0,17,1,0
07:10:00,501203157,3,0,14,1,0
07:10:00,501203159,1,1,19,1,0
07:10:00,501203161,7,1,12,1,0
07:10:00,501203162,14,2,7,1,0
07:10:00,501203163,1,1,15,1,0
07:10:00,501204001,8,1,16,1,0
07:10:00,501204002,17,2,18,1,0
07:10:00,501204003,29,3,15,1,0
07:10:00,501204004,4,0,10,1,0
07:10:00,501204005,7,0,10,1,0
07:10:00,501204007,7,0,28,1,0
07:10:00,501204008,3,0,11,1,0
07:10:00,501204009,0,0,0,2,0
07:10:00,501204010,0,0,0,2,0
07:10:00,501204011,10,0,4,1,0
07:10:00,501204012,9,0,5,1,0
07:10:00,501204013,8,2,4,1,0
07:10:00,501204014,4,0,12,1,0
07:10:00,501204015,9,0,6,1,0
07:10:00,501204016,11,1,6,1,0
07:10:00,501204017,3,0,12,1,0
07:10:00,501204018,20,2,2,1,0
07:10:00,501204020,7,1,13,1,0
07:10:00,501204021,3,0,17,1,0
07:10:00,501204022,5,0,11,1,0
07:10:00,501204023,7,0,7,1,0
07:10:00,501204024,0,0,0,2,0
07:10:00,501204025,7,0,13,1,0
07:10:00,501205001,7,0,10,1,0
07:10:00,501205003,11,0,8,1,0
07:10:00,501205004,9,2,7,1,0
07:10:00,501205005,6,2,16,1,0
07:10:00,501205006,8,0,12,1,0
07:10:00,501205007,6,0,6,1,0
07:10:00,501205008,6,0,20,1,0
07:10:00,501205009,38,0,7,1,0
07:10:00,501205010,1,0,13,1,0
07:10:00,501205011,3,0,28,1,0
07:10:00,501205012,7,1,12,1,0
07:10:00,501205013,3,0,18,1,0
07:10:00,501205014,6,1,17,1,0
07:10:00,501205015,7,0,9,1,0
07:10:00,501205018,3,0,14,1,0
07:10:00,501205019,10,0,18,1,0
07:10:00,501205020,6,1,23,1,0
07:10:00,501205021,4,0,11,1,0
07:10:00,501205022,10,1,5,1,0
07:10:00,501205023,6,0,9,1,0
07:10:00,501205025,16,1,12,1,0
07:10:00,501205026,9,3,9,1,0
07:10:00,501205027,5,1,5,1,0
07:10:00,501205028,6,0,9,1,0
07:10:00,501205029,4,2,6,1,0
07:10:00,501205030,6,0,4,1,0
07:10:00,501205033,7,0,8,1,0
07:10:00,501205034,5,2,23,1,0
07:10:00,501205035,4,1,12,1,0
07:10:00,501205036,6,0,9,1,0
07:10:00,501205037,2,0,13,1,0
07:10:00,501205038,4,2,16,1,0
07:10:00,501205039,2,0,18,1,0
07:10:00,501205040,14,1,11,1,0
07:10:00,501205041,3,0,14,1,0
07:10:00,501205042,6,0,22,1,0
07:10:00,501208011,9,1,28,1,0
07:10:00,501208013,22,1,32,1,0
07:10:00,501208014,33,1,5,1,0
07:10:00,501208015,6,0,8,1,0
07:10:00,501208018,6,0,9,1,0
07:10:00,501208021,1,0,16,1,0
07:10:00,501208027,10,1,19,1,0
07:10:00,501208029,13,1,9,1,0
07:10:00,501208030,28,0,10,1,0
07:10:00,501208032,7,1,20,1,0
07:10:00,501208040,9,0,10,1,0
07:10:00,501208041,5,1,10,1,0
07:10:00,501208045,11,0,21,1,0
07:10:00,501208051,7,4,29,1,0
07:10:00,501208053,10,1,11,1,0
07:10:00,501208054,8,1,20,1,0
07:10:00,501208059,2,0,27,1,0
07:10:00,501208064,8,5,12,1,0
07:10:00,501208077,4,0,6,1,0
07:10:00,501208079,5,0,16,1,0
07:10:00,501208082,3,0,7,1,0
07:10:00,501208085,11,2,6,1,0
07:10:00,501208087,22,2,8,1,0
07:10:00,501208089,6,0,19,1,0
07:10:00,501208091,5,1,38,1,0
07:10:00,501208111,2,0,13,1,0
07:10:00,501208113,7,1,13,1,0
07:10:00,501208114,10,2,10,1,0
07:10:00,501208129,2,0,17,1,0
07:10:00,501208130,3,0,11,1,0
07:10:00,501209002,10,0,10,1,0
07:10:00,501209003,7,0,7,1,0
07:10:00,501209004,1,0,14,1,0
07:10:00,501209005,8,3,10,1,0
07:10:00,501209006,4,2,15,1,0
07:10:00,501209007,1,0,14,1,0
07:10:00,501209009,0,0,0,2,0
07:10:00,501209010,0,0,14,1,0
07:10:00,501209011,10,1,15,1,0
07:10:00,501209014,7,1,5,1,0
07:10:00,501209015,9,1,6,1,0
07:10:00,501209016,1,1,28,1,0
07:10:00,501209017,1,0,11,1,0
07:10:00,501209018,9,0,8,1,0
07:10:00,501209019,5,0,20,1,0
07:10:00,501209020,10,2,21,1,0
07:10:00,501209021,5,0,9,1,0
07:10:00,501209022,5,0,5,1,0
07:10:00,501209023,34,3,8,1,0
07:10:00,501209024,14,1,28,1,0
07:10:00,501209025,2,0,11,1,0
07:10:00,501209026,20,0,6,1,0
07:10:00,501209027,4,1,15,1,0
07:10:00,501209028,7,0,20,1,0
07:10:00,501209030,3,0,15,1,0
07:10:00,501209031,13,1,16,1,0
07:10:00,501209032,5,0,22,1,0
07:10:00,501209033,7,0,12,1,0
07:10:00,501209034,3,1,12,1,0
07:10:00,501209035,5,0,23,1,0
07:10:00,501209036,2,0,26,1,0
07:10:00,501209037,2,0,33,1,0
07:10:00,501209038,1,0,15,1,0
07:10:00,501209039,11,2,19,1,0
07:10:00,501209040,5,1,26,1,0
07:10:00,501209042,9,1,11,1,0
07:10:00,501209043,10,0,14,1,0
07:10:00,501209044,9,0,6,1,0
07:10:00,501209045,2,0,13,1,0
07:10:00,501209046,15,1,7,1,0
07:10:00,501209047,5,1,8,1,0
07:10:00,501209049,11,2,9,1,0
07:10:00,501209050,9,2,4,1,0
07:10:00,501209051,8,1,16,1,0
07:10:00,501209052,5,4,17,1,0
07:10:00,501209053,2,2,18,1,0
07:10:00,501209054,4,0,23,1,0
07:10:00,501209056,12,0,3,1,0
07:10:00,501209058,3,0,13,1,0
07:10:00,501209059,4,0,11,1,0
07:10:00,501209060,7,0,13,1,0
07:10:00,501209062,9,0,6,1,0
07:10:00,501209064,2,0,13,1,0
07:10:00,501209065,8,0,7,1,0
07:10:00,501209066,1,0,13,1,0
07:10:00,501209067,7,0,8,1,0
07:10:00,501209068,0,0,16,1,0
07:10:00,501209069,7,0,55,1,0
07:10:00,501209070,7,0,10,1,0
07:10:00,501209071,7,5,10,1,0
07:10:00,501209073,1,1,14,1,0
07:10:00,501209074,7,1,16,1,0
07:10:00,501209075,0,0,16,1,0
07:10:00,501209076,6,0,16,1,0
07:10:00,501209077,1,1,14,1,0
07:10:00,501209078,6,1,7,1,0
07:10:00,501209079,23,1,2,1,0
07:10:00,501209080,12,1,15,1,0
07:10:00,501209081,6,0,9,1,0
07:10:00,501209084,11,0,12,1,0
07:10:00,501209085,10,2,18,1,0
07:10:00,501209087,17,2,21,1,0
07:10:00,501209088,5,3,10,1,0
07:10:00,501209089,7,1,13,1,0
07:10:00,501209090,7,0,6,1,0
07:10:00,501209091,9,0,7,1,0
07:10:00,501209092,8,0,8,1,0
07:10:00,501209093,10,0,5,1,0
07:10:00,501209094,0,0,15,1,0
07:10:00,501209095,6,0,7,1,0
07:10:00,501209096,9,0,5,1,0
07:10:00,501209097,4,0,11,1,0
07:10:00,501209098,1,0,13,1,0
07:10:00,501209099,1,0,18,1,0
07:10:00,501209100,4,0,10,1,0
07:10:00,501209101,7,0,7,1,0
07:10:00,501209102,2,0,18,1,0
07:10:00,501209104,3,2,16,1,0
07:10:00,501209105,4,0,20,1,0
07:10:00,501209106,4,0,15,1,0
07:10:00,501211001,35,1,3,1,0
07:10:00,501211002,5,0,10,1,0
07:10:00,501211004,7,1,8,1,0
07:10:00,501211005,5,0,13,1,0
07:10:00,501211006,11,0,6,1,0
07:10:00,501211007,12,1,7,1,0
07:10:00,501211009,12,0,6,1,0
07:10:00,501211011,17,0,13,1,0
07:10:00,501211012,10,1,8,1,0
07:20:00,501201001,0,0,0,2,0
07:20:00,501201002,15,0,25,1,0
07:20:00,501201003,7,0,16,1,0
07:20:00,501201004,2,2,11,1,0
07:20:00,501201005,2,0,17,1,0
07:20:00,501201006,10,1,17,1,0
07:20:00,501201007,14,7,4,1,0
07:20:00,501201008,5,0,20,1,0
07:20:00,501201010,0,0,10,1,0
07:20:00,501201011,2,1,20,1,0
07:20:00,501201012,10,2,29,1,0
07:20:00,501201013,2,1,20,1,0
07:20:00,501201014,3,0,16,1,0
07:20:00,501201015,16,2,9,1,0
07:20:00,501201016,13,0,12,1,0
07:20:00,501201017,22,1,4,1,0
07:20:00,501201018,5,0,18,1,0
07:20:00,501201019,2,0,25,1,0
07:20:00,501201020,4,0,20,1,0
07:20:00,501201021,10,0,5,1,0
07:20:00,501201022,7,0,9,1,0
07:20:00,501201023,7,1,21,1,0
07:20:00,501201024,5,0,19,1,0
07:20:00,501201025,13,3,11,1,0
07:20:00,501201026,9,0,9,1,0
07:20:00,501201028,2,0,18,1,0
07:20:00,501201029,1,0,12,1,0
07:20:00,501201030,7,0,7,1,0
07:20:00,501201031,5,0,12,1,0
07:20:00,501202001,0,0,14,1,0
07:20:00,501202003,4,0,35,1,0
07:20:00,501202013,4,0,13,1,0
07:20:00,501202023,2,0,13,1,0
07:20:00,501202024,1,1,14,1,0
07:20:00,501202034,7,1,9,1,0
07:20:00,501202035,21,0,9,1,0
07:20:00,501202036,11,0,26,1,0
07:20:00,501202040,4,1,41,1,0
07:20:00,501202043,7,0,18,1,0
07:20:00,501202044,0,0,0,2,0
07:20:00,501202047,11,1,11,1,0
07:20:00,501202050,1,0,15,1,0
07:20:00,501202055,4,0,10,1,0
07:20:00,501202058,8,0,7,1,0
07:20:00,501202065,2,0,12,1,0
07:20:00,501202068,2,0,16,1,0
07:20:00,501202070,4,1,12,1,0
07:20:00,501202078,3,0,22,1,0
07:20:00,501202080,10,0,16,1,0
07:20:00,501202081,9,0,14,1,0
07:20:00,501202082,0,0,23,1,0
07:20:00,501202083,10,0,14,1,0
07:20:00,501202084,0,0,24,1,0
07:20:00,501202085,6,1,29,1,0
07:20:00,501202088,7,1,22,1,0
07:20:00,501202089,14,0,15,1,0
07:20:00,501202096,7,0,8,1,0
07:20:00,501203001,6,0,14,1,0
07:20:00,501203002,1,0,21,1,0
07:20:00,501203003,6,0,87,1,0
07:20:00,501203005,4,0,16,1,0
07:20:00,501203006,9,0,6,1,0
07:20:00,501203007,7,0,8,1,0
07:20:00,501203008,1,0,15,1,0
07:20:00,501203010,14,2,18,1,0
07:20:00,501203011,8,0,29,1,0
07:20:00,501203012,9,0,8,1,0
07:20:00,501203013,14,0,10,1,0
07:20:00,501203015,6,0,6,1,0
07:20:00,501203020,2,0,18,1,0
07:20:00,501203022,3,0,16,1,0
07:20:00,501203023,0,0,18,1,0
07:20:00,501203028,12,0,13,1,0
07:20:00,501203040,14,1,10,1,0
07:20:00,501203045,4,0,14,1,0
07:20:00,501203050,47,1,13,1,0
07:20:00,501203051,20,0,4,1,0
07:20:00,501203053,1,0,25,1,0
07:20:00,501203054,7,2,15,1,0
07:20:00,501203064,10,0,6,1,0
07:20:00,501203065,0,0,16,1,0
07:20:00,501203070,3,0,12,1,0
07:20:00,501203073,8,2,16,1,0
07:20:00,501203076,12,0,4,1,0
07:20:00,501203078,0,0,16,1,0
07:20:00,501203080,4,0,11,1,0
07:20:00,501203084,4,0,7,1,0
07:20:00,501203085,5,1,5,1,0
07:20:00,501203088,1,1,13,1,0
07:20:00,501203089,5,0,7,1,0
07:20:00,501203090,1,0,9,1,0
07:20:00,501203091,6,3,7,1,0
07:20:00,501203092,3,0,17,1,0
07:20:00,501203100,4,0,15,1,0
07:20:00,501203101,0,0,0,2,0
07:20:00,501203102,8,0,11,1,0
07:20:00,501203104,4,0,15,1,0
07:20:00,501203105,2,0,9,1,0
07:20:00,501203107,0,0,0,2,0
07:20:00,501203109,7,0,19,1,0
07:20:00,501203110,7,1,35,1,0
07:20:00,501203111,1,1,10,1,0
07:20:00,501203113,16,0,3,1,0
07:20:00,501203114,11,0,39,1,0
07:20:00,501203117,0,0,0,2,0
07:20:00,501203118,4,0,16,1,0
07:20:00,501203121,8,0,16,1,0
07:20:00,501203122,2,0,18,1,0
07:20:00,501203125,2,0,23,1,0
07:20:00,501203131,4,0,16,1,0
07:20:00,501203140,12,0,30,1,0
07:20:00,501203141,9,0,6,1,0
07:20:00,501203142,16,0,59,1,0
07:20:00,501203145,14,0,1,1,0
07:20:00,501203151,1,0,17,1,0
07:20:00,501203155,1,0,18,1,0
07:20:00,501203157,3,0,14,1,0
07:20:00,501203159,1,1,19,1,0
07:20:00,501203161,8,2,11,1,0
07:20:00,501203162,14,2,7,1,0
07:20:00,501203163,0,0,16,1,0
07:20:00,501204001,9,1,15,1,0
07:20:00,501204002,20,3,15,1,0
07:20:00,501204003,27,2,17,1,0
07:20:00,501204004,4,0,10,1,0
07:20:00,501204005,7,0,10,1,0
07:20:00,501204007,7,0,28,1,0
07:20:00,501204008,3,1,11,1,0
07:20:00,501204009,0,0,0,2,0
07:20:00,501204010,0,0,0,2,0
07:20:00,501204011,10,0,4,1,0
07:20:00,501204012,9,0,5,1,0
07:20:00,501204013,8,2,4,1,0
07:20:00,501204014,3,0,13,1,0
07:20:00,501204015,9,0,6,1,0
07:20:00,501204016,12,1,5,1,0
07:20:00,501204017,4,0,11,1,0
07:20:00,501204018,19,2,3,1,0
07:20:00,501204020,8,1,12,1,0
07:20:00,501204021,3,0,17,1,0
07:20:00,501204022,5,0,11,1,0
07:20:00,501204023,7,0,7,1,0
07:20:00,501204024,0,0,0,2,0
07:20:00,501204025,7,0,13,1,0
07:20:00,501205001,8,0,9,1,0
07:20:00,501205003,10,0,9,1,0
07:20:00,501205004,6,1,10,1,0
07:20:00,501205005,8,2,14,1,0
07:20:00,501205006,7,0,13,1,0
07:20:00,501205007,5,0,7,1,0
07:20:00,501205008,4,0,22,1,0
07:20:00,501205009,40,1,5,1,0
07:20:00,501205010,0,0,14,1,0
07:20:00,501205011,4,0,27,1,0
07:20:00,501205012,7,1,12,1,0
07:20:00,501205013,3,0,18,1,0
07:20:00,501205014,2,1,21,1,0
07:20:00,501205015,6,0,10,1,0
07:20:00,501205018,3,0,14,1,0
07:20:00,501205019,11,0,17,1,0
07:20:00,501205020,5,0,24,1,0
07:20:00,501205021,3,0,12,1,0
07:20:00,501205022,8,1,7,1,0
07:20:00,501205023,7,1,8,1,0
07:20:00,501205025,17,0,11,1,0
07:20:00,501205026,10,3,8,1,0
07:20:00,501205027,5,0,5,1,0
07:20:00,501205028,6,1,9,1,0
07:20:00,501205029,3,1,7,1,0
07:20:00,501205030,6,0,4,1,0
07:20:00,501205033,10,0,5,1,0
07:20:00,501205034,5,2,23,1,0
07:20:00,501205035,3,1,13,1,0
07:20:00,501205036,5,0,10,1,0
07:20:00,501205037,2,1,12,1,0
07:20:00,501205038,4,0,16,1,0
07:20:00,501205039,0,0,20,1,0
07:20:00,501205040,13,1,12,1,0
07:20:00,501205041,3,0,14,1,0
07:20:00,501205042,5,0,23,1,0
07:20:00,501208011,7,1,30,1,0
07:20:00,501208013,19,1,35,1,0
07:20:00,501208014,33,0,5,1,0
07:20:00,501208015,6,0,8,1,0
07:20:00,501208018,5,0,10,1,0
07:20:00,501208021,1,0,16,1,0
07:20:00,501208027,11,0,18,1,0
07:20:00,501208029,9,0,13,1,0
07:20:00,501208030,31,0,7,1,0
07:20:00,501208032,7,1,20,1,0
07:20:00,501208040,8,0,11,1,0
07:20:00,501208041,7,1,8,1,0
07:20:00,501208045,10,0,22,1,0
07:20:00,501208051,9,4,27,1,0
07:20:00,501208053,10,1,11,1,0
07:20:00,501208054,8,1,20,1,0
07:20:00,501208059,2,0,27,1,0
07:20:00,501208064,8,5,12,1,0
07:20:00,501208077,4,0,6,1,0
07:20:00,501208079,8,0,13,1,0
07:20:00,501208082,3,0,7,1,0
07:20:00,501208085,10,2,7,1,0
07:20:00,501208087,21,1,9,1,0
07:20:00,501208089,6,0,19,1,0
07:20:00,501208091,5,1,38,1,0
07:20:00,501208111,1,0,14,1,0
07:20:00,501208113,7,1,13,1,0
07:20:00,501208114,11,3,9,1,0
07:20:00,501208129,2,0,17,1,0
07:20:00,501208130,2,0,12,1,0
07:20:00,501209002,7,1,13,1,0
07:20:00,501209003,6,0,8,1,0
07:20:00,501209004,0,0,15,1,0
07:20:00,501209005,10,3,8,1,0
07:20:00,501209006,8,4,11,1,0
07:20:00,501209007,0,0,15,1,0
07:20:00,501209009,0,0,0,2,0
07:20:00,501209010,0,0,13,1,0
07:20:00,501209011,10,0,15,1,0
07:20:00,501209014,7,1,5,1,0
07:20:00,501209015,9,1,6,1,0
07:20:00,501209016,3,1,26,1,0
07:20:00,501209017,1,0,11,1,0
07:20:00,501209018,13,2,4,1,0
07:20:00,501209019,6,1,19,1,0
07:20:00,501209020,12,3,18,1,0
07:20:00,501209021,5,0,9,1,0
07:20:00,501209022,5,0,5,1,0
07:20:00,501209023,34,3,8,1,0
07:20:00,501209024,14,1,28,1,0
07:20:00,501209025,2,0,11,1,0
07:20:00,501209026,21,0,5,1,0
07:20:00,501209027,8,2,11,1,0
07:20:00,501209028,7,0,20,1,0
07:20:00,501209030,1,0,17,1,0
07:20:00,501209031,9,1,20,1,0
07:20:00,501209032,5,0,22,1,0
07:20:00,501209033,7,0,12,1,0
07:20:00,501209034,6,1,9,1,0
07:20:00,501209035,5,0,23,1,0
07:20:00,501209036,2,0,26,1,0
07:20:00,501209037,0,0,35,1,0
07:20:00,501209038,0,0,16,1,0
07:20:00,501209039,11,2,19,1,0
07:20:00,501209040,5,1,26,1,0
07:20:00,501209042,10,2,10,1,0
07:20:00,501209043,10,1,14,1,0
07:20:00,501209044,9,0,6,1,0
07:20:00,501209045,2,0,13,1,0
07:20:00,501209046,7,0,15,1,0
07:20:00,501209047,1,0,12,1,0
07:20:00,501209049,9,1,11,1,0
07:20:00,501209050,8,1,5,1,0
07:20:00,501209051,8,1,16,1,0
07:20:00,501209052,5,4,17,1,0
07:20:00,501209053,1,1,19,1,0
07:20:00,501209054,4,0,23,1,0
07:20:00,501209056,12,0,2,1,0
07:20:00,501209058,2,0,14,1,0
07:20:00,501209059,2,0,13,1,0
07:20:00,501209060,9,1,11,1,0
07:20:00,501209062,9,0,6,1,0
07:20:00,501209064,2,0,13,1,0
07:20:00,501209065,8,0,7,1,0
07:20:00,501209066,2,1,12,1,0
07:20:00,501209067,5,0,10,1,0
07:20:00,501209068,1,1,15,1,0
07:20:00,501209069,7,0,55,1,0
07:20:00,501209070,7,0,10,1,0
07:20:00,501209071,9,6,8,1,0
07:20:00,501209073,2,1,13,1,0
07:20:00,501209074,7,1,16,1,0
07:20:00,501209075,0,0,16,1,0
07:20:00,501209076,8,0,14,1,0
07:20:00,501209077,1,1,14,1,0
07:20:00,501209078,5,1,8,1,0
07:20:00,501209079,17,0,8,1,0
07:20:00,501209080,11,1,16,1,0
07:20:00,501209081,6,0,9,1,0
07:20:00,501209084,10,0,13,1,0
07:20:00,501209085,10,2,18,1,0
07:20:00,501209087,24,6,14,1,0
07:20:00,501209088,5,3,10,1,0
07:20:00,501209089,7,1,13,1,0
07:20:00,501209090,4,0,9,1,0
07:20:00,501209091,8,0,8,1,0
07:20:00,501209092,3,0,13,1,0
07:20:00,501209093,10,0,5,1,0
07:20:00,501209094,0,0,15,1,0
07:20:00,501209095,5,0,8,1,0
07:20:00,501209096,7,0,7,1,0
07:20:00,501209097,4,0,11,1,0
07:20:00,501209098,1,0,13,1,0
07:20:00,501209099,1,0,18,1,0
07:20:00,501209100,3,0,11,1,0
07:20:00,501209101,7,0,7,1,0
07:20:00,501209102,1,0,19,1,0
07:20:00,501209104,3,2,16,1,0
07:20:00,501209105,0,0,24,1,0
07:20:00,501209106,6,0,13,1,0
07:20:00,501211001,36,1,2,1,0
07:20:00,501211002,5,0,10,1,0
07:20:00,501211004,7,1,8,1,0
07:20:00,501211005,5,0,13,1,0
07:20:00,501211006,12,1,5,1,0
07:20:00,501211007,12,1,7,1,0
07:20:00,501211009,12,0,6,1,0
07:20:00,501211011,17,0,13,1,0
07:20:00,501211012,10,1,8,1,0
07:30:00,501201001,0,0,0,2,0
07:30:00,501201002,13,0,27,1,0
07:30:00,501201003,7,0,16,1,0
07:30:00,501201004,2,2,11,1,0
07:30:00,501201005,2,0,17,1,0
07:30:00,501201006,10,1,17,1,0
07:30:00,501201007,18,8,1,1,0
07:30:00,501201008,5,0,20,1,0
07:30:00,501201010,0,0,10,1,0
07:30:00,501201011,2,1,20,1,0
07:30:00,501201012,9,2,30,1,0
07:30:00,501201013,1,0,21,1,0
07:30:00,501201014,3,0,16,1,0
07:30:00,501201015,8,1,17,1,0
07:30:00,501201016,13,0,12,1,0
07:30:00,501201017,21,1,5,1,0
07:30:00,501201018,5,0,18,1,0
07:30:00,501201019,3,0,24,1,0
07:30:00,501201020,3,0,21,1,0
07:30:00,501201021,14,0,1,1,0
07:30:00,501201022,7,0,9,1,0
07:30:00,501201023,7,1,21,1,0
07:30:00,501201024,4,0,20,1,0
07:30:00,501201025,12,3,12,1,0
07:30:00,501201026,10,0,8,1,0
07:30:00,501201028,3,1,17,1,0
07:30:00,501201029,1,0,12,1,0
07:30:00,501201030,6,0,8,1,0
07:30:00,501201031,3,0,14,1,0
07:30:00,501202001,1,0,13,1,0
07:30:00,501202003,2,0,37,1,0
07:30:00,501202013,7,0,10,1,0
07:30:00,501202023,2,0,13,1,0
07:30:00,501202024,2,2,13,1,0
07:30:00,501202034,3,1,13,1,0
07:30:00,501202035,21,0,9,1,0
07:30:00,501202036,13,0,24,1,0
07:30:00,501202040,10,0,35,1,0
07:30:00,501202043,10,0,15,1,0
07:30:00,501202044,0,0,0,2,0
07:30:00,501202047,22,1,0,1,0
07:30:00,501202050,0,0,16,1,0
07:30:00,501202055,4,1,10,1,0
07:30:00,501202058,7,0,8,1,0
07:30:00,501202065,2,0,12,1,0
07:30:00,501202068,1,0,17,1,0
07:30:00,501202070,5,1,11,1,0
07:30:00,501202078,3,0,22,1,0
07:30:00,501202080,10,0,16,1,0
07:30:00,501202081,17,0,6,1,0
07:30:00,501202082,0,0,23,1,0
07:30:00,501202083,6,0,18,1,0
07:30:00,501202084,1,0,23,1,0
07:30:00,501202085,7,0,28,1,0
07:30:00,501202088,7,1,22,1,0
07:30:00,501202089,14,0,15,1,0
07:30:00,501202096,7,0,8,1,0
07:30:00,501203001,10,0,10,1,0
07:30:00,501203002,2,0,20,1,0
07:30:00,501203003,5,0,88,1,0
07:30:00,501203005,4,0,16,1,0
07:30:00,501203006,7,0,8,1,0
07:30:00,501203007,5,0,10,1,0
07:30:00,501203008,1,0,15,1,0
07:30:00,501203010,13,2,19,1,0
07:30:00,501203011,6,0,31,1,0
07:30:00,501203012,7,0,10,1,0
07:30:00,501203013,12,1,12,1,0
07:30:00,501203015,6,0,6,1,0
07:30:00,501203020,4,0,16,1,0
07:30:00,501203022,4,1,15,1,0
07:30:00,501203023,3,2,15,1,0
07:30:00,501203028,12,0,13,1,0
07:30:00,501203040,12,1,12,1,0
07:30:00,501203045,3,0,15,1,0
07:30:00,501203050,42,0,18,1,0
07:30:00,501203051,20,0,4,1,0
07:30:00,501203053,1,0,25,1,0
07:30:00,501203054,7,2,15,1,0
07:30:00,501203064,9,0,7,1,0
07:30:00,501203065,15,2,1,1,0
07:30:00,501203070,4,1,11,1,0
07:30:00,501203073,8,2,16,1,0
07:30:00,501203076,11,0,5,1,0
07:30:00,501203078,0,0,16,1,0
07:30:00,501203080,4,0,11,1,0
07:30:00,501203084,4,0,7,1,0
07:30:00,501203085,4,0,6,1,0
07:30:00,501203088,1,1,13,1,0
07:30:00,501203089,5,0,7,1,0
07:30:00,501203090,1,0,9,1,0
07:30:00,501203091,4,1,9,1,0
07:30:00,501203092,4,0,16,1,0
07:30:00,501203100,4,0,15,1,0
07:30:00,501203101,0,0,0,2,0
07:30:00,501203102,4,0,15,1,0
07:30:00,501203104,2,0,17,1,0
07:30:00,501203105,3,0,8,1,0
07:30:00,501203107,0,0,0,2,0
07:30:00,501203109,9,0,17,1,0
07:30:00,501203110,8,1,34,1,0
07:30:00,501203111,1,1,10,1,0
07:30:00,501203113,13,0,6,1,0
07:30:00,501203114,22,1,28,1,0
07:30:00,501203117,0,0,0,2,0
07:30:00,501203118,4,0,16,1,0
07:30:00,501203121,6,0,18,1,0
07:30:00,501203122,2,0,18,1,0
07:30:00,501203125,2,0,23,1,0
07:30:00,501203131,3,0,17,1,0
07:30:00,501203140,11,0,31,1,0
07:30:00,501203141,9,0,6,1,0
07:30:00,501203142,19,1,17,1,0
07:30:00,501203145,13,0,2,1,0
07:30:00,501203151,4,0,14,1,0
07:30:00,501203155,1,1,18,1,0
07:30:00,501203157,3,0,14,1,0
07:30:00,501203159,1,1,19,1,0
07:30:00,501203161,10,3,9,1,0
07:30:00,501203162,13,1,8,1,0
07:30:00,501203163,0,0,16,1,0
07:30:00,501204001,8,0,16,1,0
07:30:00,501204002,24,2,11,1,0
07:30:00,501204003,27,2,17,1,0
07:30:00,501204004,4,0,10,1,0
07:30:00,501204005,7,0,10,1,0
07:30:00,501204007,8,0,27,1,0
07:30:00,501204008,2,1,12,1,0
07:30:00,501204009,0,0,0,2,0
07:30:00,501204010,0,0,0,2,0
07:30:00,501204011,10,0,4,1,0
07:30:00,501204012,8,0,6,1,0
07:30:00,501204013,8,2,4,1,0
07:30:00,501204014,3,0,13,1,0
07:30:00,501204015,9,0,6,1,0
07:30:00,501204016,12,1,5,1,0
07:30:00,501204017,4,0,11,1,0
07:30:00,501204018,12,4,12,1,0
07:30:00,501204020,8,2,12,1,0
07:30:00,501204021,3,0,17,1,0
07:30:00,501204022,5,0,11,1,0
07:30:00,501204023,4,0,10,1,0
07:30:00,501204024,0,0,0,2,0
07:30:00,501204025,7,0,13,1,0
07:30:00,501205001,8,0,9,1,0
07:30:00,501205003,9,0,10,1,0
07:30:00,501205004,3,0,13,1,0
07:30:00,501205005,7,1,15,1,0
07:30:00,501205006,6,0,14,1,0
07:30:00,501205007,5,0,7,1,0
07:30:00,501205008,4,0,22,1,0
07:30:00,501205009,40,1,5,1,0
07:30:00,501205010,1,0,13,1,0
07:30:00,501205011,4,0,27,1,0
07:30:00,501205012,7,1,12,1,0
07:30:00,501205013,4,0,17,1,0
07:30:00,501205014,1,1,22,1,0
07:30:00,501205015,4,0,12,1,0
07:30:00,501205018,4,0,13,1,0
07:30:00,501205019,13,0,15,1,0
07:30:00,501205020,16,0,13,1,0
07:30:00,501205021,2,0,13,1,0
07:30:00,501205022,8,1,7,1,0
07:30:00,501205023,7,1,8,1,0
07:30:00,501205025,18,0,10,1,0
07:30:00,501205026,10,2,8,1,0
07:30:00,501205027,5,0,5,1,0
07:30:00,501205028,5,0,10,1,0
07:30:00,501205029,5,0,5,1,0
07:30:00,501205030,6,0,4,1,0
07:30:00,501205033,10,0,5,1,0
07:30:00,501205034,9,1,19,1,0
07:30:00,501205035,3,1,13,1,0
07:30:00,501205036,4,0,11,1,0
07:30:00,501205037,0,0,14,1,0
07:30:00,501205038,4,0,16,1,0
07:30:00,501205039,0,0,20,1,0
07:30:00,501205040,11,1,14,1,0
07:30:00,501205041,3,0,14,1,0
07:30:00,501205042,5,1,23,1,0
07:30:00,501208011,5,0,32,1,0
07:30:00,501208013,12,1,42,1,0
07:30:00,501208014,27,0,11,1,0
07:30:00,501208015,6,0,8,1,0
07:30:00,501208018,2,0,13,1,0
07:30:00,501208021,1,0,16,1,0
07:30:00,501208027,9,0,20,1,0
07:30:00,501208029,6,0,16,1,0
07:30:00,501208030,17,0,21,1,0
07:30:00,501208032,7,1,20,1,0
07:30:00,501208040,8,0,11,1,0
07:30:00,501208041,9,1,6,1,0
07:30:00,501208045,10,0,22,1,0
07:30:00,501208051,9,4,27,1,0
07:30:00,501208053,9,1,12,1,0
07:30:00,501208054,8,1,20,1,0
07:30:00,501208059,2,0,27,1,0
07:30:00,501208064,8,5,12,1,0
07:30:00,501208077,2,0,8,1,0
07:30:00,501208079,10,0,11,1,0
07:30:00,501208082,4,0,6,1,0
07:30:00,501208085,9,1,8,1,0
07:30:00,501208087,17,0,13,1,0
07:30:00,501208089,6,0,19,1,0
07:30:00,501208091,5,1,38,1,0
07:30:00,501208111,0,0,15,1,0
07:30:00,501208113,7,1,13,1,0
07:30:00,501208114,11,3,9,1,0
07:30:00,501208129,2,0,17,1,0
07:30:00,501208130,2,0,12,1,0
07:30:00,501209002,6,0,14,1,0
07:30:00,501209003,6,0,8,1,0
07:30:00,501209004,0,0,15,1,0
07:30:00,501209005,13,1,5,1,0
07:30:00,501209006,10,4,9,1,0
07:30:00,501209007,0,0,15,1,0
07:30:00,501209009,0,0,0,2,0
07:30:00,501209010,0,0,13,1,0
07:30:00,501209011,12,1,13,1,0
07:30:00,501209014,4,1,8,1,0
07:30:00,501209015,8,0,7,1,0
07:30:00,501209016,1,1,28,1,0
07:30:00,501209017,0,0,12,1,0
07:30:00,501209018,13,2,4,1,0
07:30:00,501209019,2,0,23,1,0
07:30:00,501209020,20,3,10,1,0
07:30:00,501209021,2,0,12,1,0
07:30:00,501209022,4,0,6,1,0
07:30:00,501209023,35,2,7,1,0
07:30:00,501209024,13,1,29,1,0
07:30:00,501209025,2,0,11,1,0
07:30:00,501209026,15,0,11,1,0
07:30:00,501209027,9,2,10,1,0
07:30:00,501209028,7,0,20,1,0
07:30:00,501209030,1,0,17,1,0
07:30:00,501209031,5,0,24,1,0
07:30:00,501209032,5,0,22,1,0
07:30:00,501209033,5,0,14,1,0
07:30:00,501209034,11,1,4,1,0
07:30:00,501209035,5,0,23,1,0
07:30:00,501209036,2,0,26,1,0
07:30:00,501209037,0,0,35,1,0
07:30:00,501209038,0,0,16,1,0
07:30:00,501209039,11,2,19,1,0
07:30:00,501209040,5,1,26,1,0
07:30:00,501209042,11,2,9,1,0
07:30:00,501209043,9,0,15,1,0
07:30:00,501209044,8,0,7,1,0
07:30:00,501209045,2,0,13,1,0
07:30:00,501209046,1,0,21,1,0
07:30:00,501209047,0,0,13,1,0
07:30:00,501209049,10,1,10,1,0
07:30:00,501209050,7,0,6,1,0
07:30:00,501209051,8,1,16,1,0
07:30:00,501209052,5,4,17,1,0
07:30:00,501209053,1,1,19,1,0
07:30:00,501209054,4,0,23,1,0
07:30:00,501209056,11,0,3,1,0
07:30:00,501209058,1,0,15,1,0
07:30:00,501209059,2,1,13,1,0
07:30:00,501209060,10,2,10,1,0
07:30:00,501209062,9,0,6,1,0
07:30:00,501209064,2,0,13,1,0
07:30:00,501209065,8,0,7,1,0
07:30:00,501209066,4,0,10,1,0
07:30:00,501209067,4,0,11,1,0
07:30:00,501209068,0,0,16,1,0
07:30:00,501209069,7,0,55,1,0
07:30:00,501209070,7,0,10,1,0
07:30:00,501209071,8,6,9,1,0
07:30:00,501209073,1,1,14,1,0
07:30:00,501209074,6,0,17,1,0
07:30:00,501209075,0,0,16,1,0
07:30:00,501209076,11,0,11,1,0
07:30:00,501209077,1,1,14,1,0
07:30:00,501209078,5,1,8,1,0
07:30:00,501209079,13,0,12,1,0
07:30:00,501209080,10,0,17,1,0
07:30:00,501209081,5,0,10,1,0
07:30:00,501209084,10,0,13,1,0
07:30:00,501209085,8,1,20,1,0
07:30:00,501209087,37,5,1,1,0
07:30:00,501209088,6,3,9,1,0
07:30:00,501209089,7,1,13,1,0
07:30:00,501209090,2,0,11,1,0
07:30:00,501209091,9,0,7,1,0
07:30:00,501209092,3,0,13,1,0
07:30:00,501209093,9,0,6,1,0
07:30:00,501209094,0,0,15,1,0
07:30:00,501209095,5,0,8,1,0
07:30:00,501209096,6,0,8,1,0
07:30:00,501209097,4,0,11,1,0
07:30:00,501209098,1,0,13,1,0
07:30:00,501209099,1,0,18,1,0
07:30:00,501209100,3,0,11,1,0
07:30:00,501209101,7,0,7,1,0
07:30:00,501209102,1,0,19,1,0
07:30:00,501209104,3,1,16,1,0
07:30:00,501209105,0,0,24,1,0
07:30:00,501209106,6,0,13,1,0
07:30:00,501211001,33,1,5,1,0
07:30:00,501211002,7,2,8,1,0
07:30:00,501211004,7,1,8,1,0
07:30:00,501211005,5,0,13,1,0
07:30:00,501211006,12,1,5,1,0
07:30:00,501211007,12,1,7,1,0
07:30:00,501211009,12,0,6,1,0
07:30:00,501211011,17,0,13,1,0
07:30:00,501211012,10,1,8,1,0
