time,sno,bikes,ebikes,empty,status,age
00:00:00,501201001,0,0,0,2,0
00:00:00,501201002,6,0,33,1,0
00:00:00,501201003,2,0,21,1,0
00:00:00,501201004,2,1,11,1,0
00:00:00,501201005,10,0,8,1,0
00:00:00,501201006,0,0,28,1,0
00:00:00,501201007,7,0,11,1,0
00:00:00,501201008,8,2,17,1,0
00:00:00,501201010,3,1,7,1,0
00:00:00,501201011,13,0,9,1,0
00:00:00,501201012,3,2,34,1,0
00:00:00,501201013,7,1,15,1,0
00:00:00,501201014,12,0,6,1,0
00:00:00,501201015,2,0,21,1,0
00:00:00,501201016,14,1,11,1,0
00:00:00,501201017,19,3,6,1,0
00:00:00,501201018,7,0,16,1,0
00:00:00,501201019,14,0,14,1,0
00:00:00,501201020,8,2,16,1,0
00:00:00,501201021,3,0,12,1,0
00:00:00,501201022,9,1,7,1,0
00:00:00,501201023,5,1,23,1,0
00:00:00,501201024,7,0,17,1,0
00:00:00,501201025,7,0,17,1,0
00:00:00,501201026,5,1,14,1,0
00:00:00,501201028,0,0,20,1,0
00:00:00,501201029,8,0,5,1,0
00:00:00,501201030,4,0,10,1,0
00:00:00,501201031,4,0,13,1,0
00:00:00,501202001,5,0,9,1,0
00:00:00,501202003,15,2,25,1,0
00:00:00,501202013,1,0,16,1,0
00:00:00,501202023,11,1,4,1,0
00:00:00,501202024,1,0,14,1,0
00:00:00,501202034,1,0,15,1,0
00:00:00,501202035,13,2,17,1,0
00:00:00,501202036,19,2,20,1,0
00:00:00,501202040,3,0,42,1,0
00:00:00,501202043,10,1,15,1,0
00:00:00,501202044,0,0,0,2,0
00:00:00,501202047,4,1,18,1,0
00:00:00,501202050,12,1,3,1,0
00:00:00,501202055,5,0,10,1,0
00:00:00,501202058,5,0,10,1,0
00:00:00,501202065,13,2,2,1,0
00:00:00,501202068,3,0,15,1,0
00:00:00,501202070,4,0,12,1,0
00:00:00,501202078,6,0,19,1,0
00:00:00,501202080,4,0,22,1,0
00:00:00,501202081,15,1,8,1,0
00:00:00,501202082,11,0,11,1,0
00:00:00,501202083,7,1,17,1,0
00:00:00,501202084,4,1,20,1,0
00:00:00,501202085,7,0,27,1,0
00:00:00,501202088,13,4,16,1,0
00:00:00,501202089,4,0,25,1,0
00:00:00,501202096,11,2,3,1,0
00:00:00,501203001,0,0,20,1,0
00:00:00,501203002,7,0,14,1,0
00:00:00,501203003,0,0,92,1,0
00:00:00,501203005,3,0,17,1,0
00:00:00,501203006,11,0,4,1,0
00:00:00,501203007,11,0,4,1,0
00:00:00,501203008,7,2,8,1,0
00:00:00,501203010,29,3,3,1,0
00:00:00,501203011,23,2,14,1,0
00:00:00,501203012,6,0,9,1,0
00:00:00,501203013,3,0,20,1,0
00:00:00,501203015,8,2,3,1,0
00:00:00,501203020,5,0,15,1,0
00:00:00,501203022,4,1,15,1,0
00:00:00,501203023,2,1,16,1,0
00:00:00,501203028,6,0,19,1,0
00:00:00,501203040,4,1,20,1,0
00:00:00,501203045,11,1,7,1,0
00:00:00,501203050,6,1,54,1,0
00:00:00,501203051,10,0,14,1,0
00:00:00,501203053,8,1,18,1,0
00:00:00,501203054,4,1,18,1,0
00:00:00,501203064,8,2,8,1,0
00:00:00,501203065,5,5,11,1,0
00:00:00,501203070,9,1,6,1,0
00:00:00,501203073,3,0,21,1,0
00:00:00,501203076,11,0,5,1,0
00:00:00,501203078,9,5,7,1,0
00:00:00,501203080,1,1,14,1,0
00:00:00,501203084,1,0,10,1,0
00:00:00,501203085,5,0,5,1,0
00:00:00,501203088,6,0,8,1,0
00:00:00,501203089,1,0,11,1,0
00:00:00,501203090,4,0,6,1,0
00:00:00,501203091,8,0,5,1,0
00:00:00,501203092,3,0,17,1,0
00:00:00,501203100,9,2,10,1,0
00:00:00,501203101,0,0,0,2,0
00:00:00,501203102,2,1,17,1,0
00:00:00,501203104,12,2,7,1,0
00:00:00,501203105,11,1,0,1,0
00:00:00,501203107,0,0,0,2,0
00:00:00,501203109,8,1,17,1,0
00:00:00,501203110,15,1,27,1,0
00:00:00,501203111,2,0,9,1,0
00:00:00,501203113,9,0,10,1,0
00:00:00,501203114,4,0,45,1,0
00:00:00,501203117,0,0,0,2,0
00:00:00,501203118,11,1,9,1,0
00:00:00,501203121,20,0,4,1,0
00:00:00,501203122,13,4,7,1,0
00:00:00,501203125,14,2,11,1,0
00:00:00,501203131,7,1,13,1,0
00:00:00,501203140,10,0,32,1,0
00:00:00,501203141,12,0,2,1,0
00:00:00,501203142,2,1,31,1,0
00:00:00,501203145,8,1,7,1,0
00:00:00,501203151,17,1,1,1,0
00:00:00,501203155,5,0,14,1,0
00:00:00,501203157,1,0,16,1,0
00:00:00,501203159,1,1,19,1,0
00:00:00,501203161,5,0,14,1,0
00:00:00,501203162,3,0,18,1,0
00:00:00,501203163,11,2,5,1,0
00:00:00,501204001,2,0,22,1,0
00:00:00,501204002,7,0,29,1,0
00:00:00,501204003,15,0,29,1,0
00:00:00,501204004,6,0,8,1,0
00:00:00,501204005,17,3,2,1,0
00:00:00,501204007,2,0,32,1,0
00:00:00,501204008,12,2,2,1,0
00:00:00,501204009,0,0,0,2,0
00:00:00,501204010,0,0,0,2,0
00:00:00,501204011,13,0,2,1,0
00:00:00,501204012,12,0,2,1,0
00:00:00,501204013,8,2,4,1,0
00:00:00,501204014,14,1,2,1,0
00:00:00,501204015,13,0,2,1,0
00:00:00,501204016,5,0,14,1,0
00:00:00,501204017,8,0,7,1,0
00:00:00,501204018,18,2,6,1,0
00:00:00,501204020,11,0,9,1,0
00:00:00,501204021,2,0,18,1,0
00:00:00,501204022,11,0,5,1,0
00:00:00,501204023,7,3,7,1,0
00:00:00,501204024,0,0,0,2,0
00:00:00,501204025,9,0,11,1,0
00:00:00,501205001,4,1,13,1,0
00:00:00,501205003,4,2,15,1,0
00:00:00,501205004,14,2,2,1,0
00:00:00,501205005,6,0,16,1,0
00:00:00,501205006,14,1,6,1,0
00:00:00,501205007,5,2,7,1,0
00:00:00,501205008,11,0,14,1,0
00:00:00,501205009,13,0,32,1,0
00:00:00,501205010,1,1,13,1,0
00:00:00,501205011,10,0,22,1,0
00:00:00,501205012,5,1,15,1,0
00:00:00,501205013,5,0,16,1,0
00:00:00,501205014,16,8,6,1,0
00:00:00,501205015,11,2,7,1,0
00:00:00,501205018,5,1,12,1,0
00:00:00,501205019,4,0,24,1,0
00:00:00,501205020,1,0,29,1,0
00:00:00,501205021,6,3,9,1,0
00:00:00,501205022,4,0,11,1,0
00:00:00,501205023,2,0,13,1,0
00:00:00,501205025,12,1,14,1,0
00:00:00,501205026,7,2,10,1,0
00:00:00,501205027,4,0,6,1,0
00:00:00,501205028,6,0,9,1,0
00:00:00,501205029,6,0,4,1,0
00:00:00,501205030,4,0,6,1,0
00:00:00,501205033,1,0,14,1,0
00:00:00,501205034,1,1,27,1,0
00:00:00,501205035,6,2,10,1,0
00:00:00,501205036,6,1,9,1,0
00:00:00,501205037,1,0,14,1,0
00:00:00,501205038,4,0,16,1,0
00:00:00,501205039,13,3,7,1,0
00:00:00,501205040,4,0,21,1,0
00:00:00,501205041,17,4,0,1,0
00:00:00,501205042,7,2,21,1,0
00:00:00,501208011,29,1,8,1,0
00:00:00,501208013,52,3,2,1,0
00:00:00,501208014,20,0,18,1,0
00:00:00,501208015,5,0,10,1,0
00:00:00,501208018,6,0,9,1,0
00:00:00,501208021,4,1,13,1,0
00:00:00,501208027,4,0,25,1,0
00:00:00,501208029,13,5,9,1,0
00:00:00,501208030,5,0,33,1,0
00:00:00,501208032,3,0,25,1,0
00:00:00,501208040,1,0,18,1,0
00:00:00,501208041,2,0,13,1,0
00:00:00,501208045,8,0,24,1,0
00:00:00,501208051,3,0,33,1,0
00:00:00,501208053,12,0,9,1,0
00:00:00,501208054,1,0,26,1,0
00:00:00,501208059,2,0,27,1,0
00:00:00,501208064,1,0,19,1,0
00:00:00,501208077,4,1,6,1,0
00:00:00,501208079,1,0,21,1,0
00:00:00,501208082,9,0,1,1,0
00:00:00,501208085,12,3,5,1,0
00:00:00,501208087,15,0,16,1,0
00:00:00,501208089,20,3,5,1,0
00:00:00,501208091,2,1,41,1,0
00:00:00,501208111,5,2,10,1,0
00:00:00,501208113,4,1,16,1,0
00:00:00,501208114,5,0,15,1,0
00:00:00,501208129,2,0,20,1,0
00:00:00,501208130,4,0,10,1,0
00:00:00,501209002,16,3,3,1,0
00:00:00,501209003,8,1,6,1,0
00:00:00,501209004,4,0,11,1,0
00:00:00,501209005,0,0,18,1,0
00:00:00,501209006,5,2,13,1,0
00:00:00,501209007,12,2,3,1,0
00:00:00,501209009,0,0,0,2,0
00:00:00,501209010,5,0,9,1,0
00:00:00,501209011,3,0,22,1,0
00:00:00,501209014,6,0,6,1,0
00:00:00,501209015,5,0,10,1,0
00:00:00,501209016,3,1,26,1,0
00:00:00,501209017,6,0,7,1,0
00:00:00,501209018,7,1,10,1,0
00:00:00,501209019,4,1,21,1,0
00:00:00,501209020,4,1,28,1,0
00:00:00,501209021,6,0,8,1,0
00:00:00,501209022,9,0,1,1,0
00:00:00,501209023,4,0,39,1,0
00:00:00,501209024,8,0,34,1,0
00:00:00,501209025,14,0,1,1,0
00:00:00,501209026,12,0,14,1,0
00:00:00,501209027,6,1,12,1,0
00:00:00,501209028,4,0,24,1,0
00:00:00,501209030,7,1,11,1,0
00:00:00,501209031,8,1,22,1,0
00:00:00,501209032,6,0,22,1,0
00:00:00,501209033,2,1,18,1,0
00:00:00,501209034,5,1,9,1,0
00:00:00,501209035,4,0,24,1,0
00:00:00,501209036,17,2,11,1,0
00:00:00,501209037,3,0,33,1,0
00:00:00,501209038,6,1,10,1,0
00:00:00,501209039,13,2,17,1,0
00:00:00,501209040,1,0,30,1,0
00:00:00,501209042,14,1,5,1,0
00:00:00,501209043,15,1,10,1,0
00:00:00,501209044,9,5,6,1,0
00:00:00,501209045,12,0,3,1,0
00:00:00,501209046,3,0,19,1,0
00:00:00,501209047,13,2,1,1,0
00:00:00,501209049,0,0,19,1,0
00:00:00,501209050,5,0,8,1,0
00:00:00,501209051,3,1,21,1,0
00:00:00,501209052,3,1,19,1,0
00:00:00,501209053,2,1,18,1,0
00:00:00,501209054,5,1,22,1,0
00:00:00,501209056,14,1,1,1,0
00:00:00,501209058,14,1,2,1,0
00:00:00,501209059,0,0,15,1,0
00:00:00,501209060,4,1,16,1,0
00:00:00,501209062,5,1,10,1,0
00:00:00,501209064,9,1,6,1,0
00:00:00,501209065,3,2,12,1,0
00:00:00,501209066,6,0,8,1,0
00:00:00,501209067,7,0,8,1,0
00:00:00,501209068,7,1,10,1,0
00:00:00,501209069,0,0,63,1,0
00:00:00,501209070,17,1,0,1,0
00:00:00,501209071,1,1,16,1,0
00:00:00,501209073,9,3,6,1,0
00:00:00,501209074,10,2,13,1,0
00:00:00,501209075,7,2,9,1,0
00:00:00,501209076,6,0,17,1,0
00:00:00,501209077,12,2,3,1,0
00:00:00,501209078,10,2,3,1,0
00:00:00,501209079,4,0,21,1,0
00:00:00,501209080,3,0,24,1,0
00:00:00,501209081,8,0,7,1,0
00:00:00,501209084,3,2,20,1,0
00:00:00,501209085,1,0,27,1,0
00:00:00,501209087,1,0,38,1,0
00:00:00,501209088,1,1,14,1,0
00:00:00,501209089,6,1,14,1,0
00:00:00,501209090,13,0,1,1,0
00:00:00,501209091,7,0,9,1,0
00:00:00,501209092,9,3,7,1,0
00:00:00,501209093,8,1,7,1,0
00:00:00,501209094,4,0,12,1,0
00:00:00,501209095,11,3,3,1,0
00:00:00,501209096,6,0,9,1,0
00:00:00,501209097,3,1,12,1,0
00:00:00,501209098,7,0,7,1,0
00:00:00,501209099,2,0,17,1,0
00:00:00,501209100,7,1,8,1,0
00:00:00,501209101,3,0,11,1,0
00:00:00,501209102,5,0,15,1,0
00:00:00,501209104,5,0,13,1,0
00:00:00,501209105,10,1,15,1,0
00:00:00,501209106,3,0,17,1,0
00:00:00,501211001,22,4,16,1,0
00:00:00,501211002,8,2,7,1,0
00:00:00,501211004,9,3,6,1,0
00:00:00,501211005,11,1,8,1,0
00:00:00,501211006,8,1,9,1,0
00:00:00,501211007,13,1,5,1,0
00:00:00,501211009,8,1,10,1,0
00:00:00,501211011,16,0,14,1,0
00:00:00,501211012,10,0,8,1,0
00:10:00,501201001,0,0,0,2,0
00:10:00,501201002,7,1,32,1,0
00:10:00,501201003,2,0,21,1,0
00:10:00,501201004,2,1,11,1,0
00:10:00,501201005,10,0,8,1,0
00:10:00,501201006,0,0,28,1,0
00:10:00,501201007,7,0,11,1,0
00:10:00,501201008,8,2,17,1,0
00:10:00,501201010,3,1,7,1,0
00:10:00,501201011,13,0,9,1,0
00:10:00,501201012,4,3,33,1,0
00:10:00,501201013,7,1,15,1,0
00:10:00,501201014,9,0,9,1,0
00:10:00,501201015,2,0,21,1,0
00:10:00,501201016,14,1,11,1,0
00:10:00,501201017,19,2,6,1,0
00:10:00,501201018,7,0,16,1,0
00:10:00,501201019,14,0,14,1,0
00:10:00,501201020,8,2,16,1,0
00:10:00,501201021,3,0,12,1,0
00:10:00,501201022,9,1,7,1,0
00:10:00,501201023,5,1,23,1,0
00:10:00,501201024,7,0,17,1,0
00:10:00,501201025,7,0,17,1,0
00:10:00,501201026,5,1,14,1,0
00:10:00,501201028,0,0,20,1,0
00:10:00,501201029,8,0,5,1,0
00:10:00,501201030,4,0,10,1,0
00:10:00,501201031,4,0,13,1,0
00:10:00,501202001,5,0,9,1,0
00:10:00,501202003,16,3,24,1,0
00:10:00,501202013,1,0,16,1,0
00:10:00,501202023,11,1,4,1,0
00:10:00,501202024,2,1,13,1,0
00:10:00,501202034,1,0,15,1,0
00:10:00,501202035,13,2,17,1,0
00:10:00,501202036,19,2,20,1,0
00:10:00,501202040,2,0,43,1,0
00:10:00,501202043,10,1,15,1,0
00:10:00,501202044,0,0,0,2,0
00:10:00,501202047,4,1,18,1,0
00:10:00,501202050,12,1,3,1,0
00:10:00,501202055,5,0,10,1,0
00:10:00,501202058,5,0,10,1,0
00:10:00,501202065,13,2,2,1,0
00:10:00,501202068,4,0,14,1,0
00:10:00,501202070,4,0,12,1,0
00:10:00,501202078,6,0,19,1,0
00:10:00,501202080,4,0,22,1,0
00:10:00,501202081,16,1,7,1,0
00:10:00,501202082,11,0,11,1,0
00:10:00,501202083,7,1,17,1,0
00:10:00,501202084,4,0,20,1,0
00:10:00,501202085,7,0,27,1,0
00:10:00,501202088,13,4,16,1,0
00:10:00,501202089,4,0,25,1,0
00:10:00,501202096,11,2,3,1,0
00:10:00,501203001,0,0,20,1,0
00:10:00,501203002,7,0,14,1,0
00:10:00,501203003,0,0,92,1,0
00:10:00,501203005,3,0,17,1,0
00:10:00,501203006,11,0,4,1,0
00:10:00,501203007,11,0,4,1,0
00:10:00,501203008,7,2,8,1,0
00:10:00,501203010,29,3,3,1,0
00:10:00,501203011,23,2,14,1,0
00:10:00,501203012,6,0,9,1,0
00:10:00,501203013,3,0,20,1,0
00:10:00,501203015,8,2,3,1,0
00:10:00,501203020,5,0,15,1,0
00:10:00,501203022,5,1,14,1,0
00:10:00,501203023,2,1,16,1,0
00:10:00,501203028,7,0,18,1,0
00:10:00,501203040,3,1,21,1,0
00:10:00,501203045,9,1,9,1,0
00:10:00,501203050,6,1,54,1,0
00:10:00,501203051,10,0,14,1,0
00:10:00,501203053,8,1,18,1,0
00:10:00,501203054,4,1,18,1,0
00:10:00,501203064,9,3,7,1,0
00:10:00,501203065,5,5,11,1,0
00:10:00,501203070,9,1,6,1,0
00:10:00,501203073,3,0,21,1,0
00:10:00,501203076,11,0,5,1,0
00:10:00,501203078,7,3,9,1,0
00:10:00,501203080,1,1,14,1,0
00:10:00,501203084,1,0,10,1,0
00:10:00,501203085,5,0,5,1,0
00:10:00,501203088,6,0,8,1,0
00:10:00,501203089,2,0,10,1,0
00:10:00,501203090,4,0,6,1,0
00:10:00,501203091,8,0,5,1,0
00:10:00,501203092,3,0,17,1,0
00:10:00,501203100,9,2,10,1,0
00:10:00,501203101,0,0,0,2,0
00:10:00,501203102,2,1,17,1,0
00:10:00,501203104,12,2,7,1,0
00:10:00,501203105,11,1,0,1,0
00:10:00,501203107,0,0,0,2,0
00:10:00,501203109,8,1,17,1,0
00:10:00,501203110,15,1,27,1,0
00:10:00,501203111,2,0,9,1,0
00:10:00,501203113,9,0,10,1,0
00:10:00,501203114,5,0,44,1,0
00:10:00,501203117,0,0,0,2,0
00:10:00,501203118,11,1,9,1,0
00:10:00,501203121,20,0,4,1,0
00:10:00,501203122,15,4,5,1,0
00:10:00,501203125,13,1,12,1,0
00:10:00,501203131,7,1,13,1,0
00:10:00,501203140,10,0,32,1,0
00:10:00,501203141,12,0,2,1,0
00:10:00,501203142,1,1,32,1,0
00:10:00,501203145,8,1,7,1,0
00:10:00,501203151,17,1,1,1,0
00:10:00,501203155,5,0,14,1,0
00:10:00,501203157,1,0,16,1,0
00:10:00,501203159,1,1,19,1,0
00:10:00,501203161,5,0,14,1,0
00:10:00,501203162,2,0,19,1,0
00:10:00,501203163,11,2,5,1,0
00:10:00,501204001,1,0,23,1,0
00:10:00,501204002,7,0,29,1,0
00:10:00,501204003,16,0,28,1,0
00:10:00,501204004,6,0,8,1,0
00:10:00,501204005,17,3,2,1,0
00:10:00,501204007,2,0,32,1,0
00:10:00,501204008,11,1,3,1,0
00:10:00,501204009,0,0,0,2,0
00:10:00,501204010,0,0,0,2,0
00:10:00,501204011,13,0,2,1,0
00:10:00,501204012,12,0,2,1,0
00:10:00,501204013,8,2,4,1,0
00:10:00,501204014,15,2,1,1,0
00:10:00,501204015,13,0,2,1,0
00:10:00,501204016,5,0,14,1,0
00:10:00,501204017,9,0,6,1,0
00:10:00,501204018,18,2,6,1,0
00:10:00,501204020,11,0,9,1,0
00:10:00,501204021,1,0,19,1,0
00:10:00,501204022,11,0,5,1,0
00:10:00,501204023,7,3,7,1,0
00:10:00,501204024,0,0,0,2,0
00:10:00,501204025,9,0,11,1,0
00:10:00,501205001,4,1,13,1,0
00:10:00,501205003,4,2,15,1,0
00:10:00,501205004,13,1,3,1,0
00:10:00,501205005,6,0,16,1,0
00:10:00,501205006,15,1,5,1,0
00:10:00,501205007,5,2,7,1,0
00:10:00,501205008,11,0,14,1,0
00:10:00,501205009,11,0,34,1,0
00:10:00,501205010,6,1,8,1,0
00:10:00,501205011,10,0,22,1,0
00:10:00,501205012,5,1,15,1,0
00:10:00,501205013,5,0,16,1,0
00:10:00,501205014,16,8,6,1,0
00:10:00,501205015,11,2,7,1,0
00:10:00,501205018,4,0,13,1,0
00:10:00,501205019,4,0,24,1,0
00:10:00,501205020,1,0,29,1,0
00:10:00,501205021,7,3,8,1,0
00:10:00,501205022,4,0,11,1,0
00:10:00,501205023,2,0,13,1,0
00:10:00,501205025,12,1,14,1,0
00:10:00,501205026,7,2,10,1,0
00:10:00,501205027,4,0,6,1,0
00:10:00,501205028,6,0,9,1,0
00:10:00,501205029,6,0,4,1,0
00:10:00,501205030,4,0,6,1,0
00:10:00,501205033,1,0,14,1,0
00:10:00,501205034,1,1,27,1,0
00:10:00,501205035,6,2,10,1,0
00:10:00,501205036,6,1,9,1,0
00:10:00,501205037,1,0,14,1,0
00:10:00,501205038,4,0,16,1,0
00:10:00,501205039,13,3,7,1,0
00:10:00,501205040,5,0,20,1,0
00:10:00,501205041,17,4,0,1,0
00:10:00,501205042,7,2,21,1,0
00:10:00,501208011,29,1,8,1,0
00:10:00,501208013,52,3,2,1,0
00:10:00,501208014,20,0,18,1,0
00:10:00,501208015,5,0,10,1,0
00:10:00,501208018,6,0,9,1,0
00:10:00,501208021,4,1,13,1,0
00:10:00,501208027,4,0,25,1,0
00:10:00,501208029,14,5,8,1,0
00:10:00,501208030,5,0,33,1,0
00:10:00,501208032,3,0,25,1,0
00:10:00,501208040,1,0,18,1,0
00:10:00,501208041,2,0,13,1,0
00:10:00,501208045,8,0,24,1,0
00:10:00,501208051,3,0,33,1,0
00:10:00,501208053,12,0,9,1,0
00:10:00,501208054,1,0,26,1,0
00:10:00,501208059,2,0,27,1,0
00:10:00,501208064,1,0,19,1,0
00:10:00,501208077,4,1,6,1,0
00:10:00,501208079,1,0,21,1,0
00:10:00,501208082,9,0,1,1,0
00:10:00,501208085,12,3,5,1,0
00:10:00,501208087,15,0,16,1,0
00:10:00,501208089,20,3,5,1,0
00:10:00,501208091,2,1,41,1,0
00:10:00,501208111,5,2,10,1,0
00:10:00,501208113,4,0,16,1,0
00:10:00,501208114,5,0,15,1,0
00:10:00,501208129,2,0,20,1,0
00:10:00,501208130,4,0,10,1,0
00:10:00,501209002,16,3,3,1,0
00:10:00,501209003,8,1,6,1,0
00:10:00,501209004,4,0,11,1,0
00:10:00,501209005,0,0,18,1,0
00:10:00,501209006,5,2,13,1,0
00:10:00,501209007,13,2,2,1,0
00:10:00,501209009,0,0,0,2,0
00:10:00,501209010,5,0,9,1,0
00:10:00,501209011,3,0,22,1,0
00:10:00,501209014,6,0,6,1,0
00:10:00,501209015,5,0,10,1,0
00:10:00,501209016,2,1,27,1,0
00:10:00,501209017,6,0,7,1,0
00:10:00,501209018,7,1,10,1,0
00:10:00,501209019,4,1,21,1,0
00:10:00,501209020,4,1,28,1,0
00:10:00,501209021,7,1,7,1,0
00:10:00,501209022,9,0,1,1,0
00:10:00,501209023,4,0,39,1,0
00:10:00,501209024,8,0,34,1,0
00:10:00,501209025,14,0,1,1,0
00:10:00,501209026,10,0,16,1,0
00:10:00,501209027,6,1,12,1,0
00:10:00,501209028,4,0,24,1,0
00:10:00,501209030,7,1,11,1,0
00:10:00,501209031,8,1,22,1,0
00:10:00,501209032,6,0,22,1,0
00:10:00,501209033,2,1,18,1,0
00:10:00,501209034,5,1,9,1,0
00:10:00,501209035,4,0,24,1,0
00:10:00,501209036,18,2,10,1,0
00:10:00,501209037,3,0,33,1,0
00:10:00,501209038,6,1,10,1,0
00:10:00,501209039,13,1,16,1,0
00:10:00,501209040,1,0,30,1,0
00:10:00,501209042,14,1,5,1,0
00:10:00,501209043,15,1,10,1,0
00:10:00,501209044,9,5,6,1,0
00:10:00,501209045,13,0,2,1,0
00:10:00,501209046,3,0,19,1,0
00:10:00,501209047,13,2,1,1,0
00:10:00,501209049,0,0,19,1,0
00:10:00,501209050,5,0,8,1,0
00:10:00,501209051,3,1,21,1,0
00:10:00,501209052,3,1,19,1,0
00:10:00,501209053,2,1,18,1,0
00:10:00,501209054,5,1,22,1,0
00:10:00,501209056,14,1,1,1,0
00:10:00,501209058,14,1,2,1,0
00:10:00,501209059,0,0,15,1,0
00:10:00,501209060,4,1,16,1,0
00:10:00,501209062,5,1,10,1,0
00:10:00,501209064,9,1,6,1,0
00:10:00,501209065,3,2,12,1,0
00:10:00,501209066,6,0,8,1,0
00:10:00,501209067,7,0,8,1,0
00:10:00,501209068,7,1,10,1,0
00:10:00,501209069,0,0,63,1,0
00:10:00,501209070,17,1,0,1,0
00:10:00,501209071,1,1,16,1,0
00:10:00,501209073,9,3,6,1,0
00:10:00,501209074,10,2,13,1,0
00:10:00,501209075,7,2,9,1,0
00:10:00,501209076,6,0,17,1,0
00:10:00,501209077,8,2,7,1,0
00:10:00,501209078,10,2,3,1,0
00:10:00,501209079,4,0,21,1,0
00:10:00,501209080,3,0,24,1,0
00:10:00,501209081,8,0,7,1,0
00:10:00,501209084,3,2,20,1,0
00:10:00,501209085,1,0,27,1,0
00:10:00,501209087,1,0,38,1,0
00:10:00,501209088,1,1,14,1,0
00:10:00,501209089,6,1,14,1,0
00:10:00,501209090,13,0,1,1,0
00:10:00,501209091,7,0,9,1,0
00:10:00,501209092,9,3,7,1,0
00:10:00,501209093,8,1,7,1,0
00:10:00,501209094,4,0,12,1,0
00:10:00,501209095,11,3,3,1,0
00:10:00,501209096,6,0,9,1,0
00:10:00,501209097,3,1,12,1,0
00:10:00,501209098,7,0,7,1,0
00:10:00,501209099,2,0,17,1,0
00:10:00,501209100,7,1,8,1,0
00:10:00,501209101,3,0,11,1,0
00:10:00,501209102,5,0,15,1,0
00:10:00,501209104,5,0,13,1,0
00:10:00,501209105,10,1,15,1,0
00:10:00,501209106,3,0,17,1,0
00:10:00,501211001,22,4,16,1,0
00:10:00,501211002,8,2,7,1,0
00:10:00,501211004,9,3,6,1,0
00:10:00,501211005,11,1,8,1,0
00:10:00,501211006,8,1,9,1,0
00:10:00,501211007,13,1,5,1,0
00:10:00,501211009,8,1,10,1,0
00:10:00,501211011,16,0,14,1,0
00:10:00,501211012,10,0,8,1,0
00:20:00,501201001,0,0,0,2,0
00:20:00,501201002,7,1,32,1,0
00:20:00,501201003,2,0,21,1,0
00:20:00,501201004,3,1,10,1,0
00:20:00,501201005,10,0,8,1,0
00:20:00,501201006,0,0,28,1,0
00:20:00,501201007,8,0,10,1,0
00:20:00,501201008,8,2,17,1,0
00:20:00,501201010,3,1,7,1,0
00:20:00,501201011,13,0,9,1,0
00:20:00,501201012,3,2,34,1,0
00:20:00,501201013,7,1,15,1,0
00:20:00,501201014,9,0,9,1,0
00:20:00,501201015,4,0,19,1,0
00:20:00,501201016,15,1,10,1,0
00:20:00,501201017,18,1,7,1,0
00:20:00,501201018,7,0,16,1,0
00:20:00,501201019,14,0,14,1,0
00:20:00,501201020,7,1,17,1,0
00:20:00,501201021,2,0,13,1,0
00:20:00,501201022,9,1,7,1,0
00:20:00,501201023,5,1,23,1,0
00:20:00,501201024,7,0,17,1,0
00:20:00,501201025,7,0,17,1,0
00:20:00,501201026,5,2,14,1,0
00:20:00,501201028,1,1,19,1,0
00:20:00,501201029,8,0,5,1,0
00:20:00,501201030,4,0,10,1,0
00:20:00,501201031,4,0,13,1,0
00:20:00,501202001,5,0,9,1,0
00:20:00,501202003,14,1,26,1,0
00:20:00,501202013,1,0,16,1,0
00:20:00,501202023,11,1,4,1,0
00:20:00,501202024,2,1,13,1,0
00:20:00,501202034,1,0,15,1,0
00:20:00,501202035,13,2,17,1,0
00:20:00,501202036,19,2,20,1,0
00:20:00,501202040,2,0,43,1,0
00:20:00,501202043,10,1,15,1,0
00:20:00,501202044,0,0,0,2,0
00:20:00,501202047,4,1,18,1,0
00:20:00,501202050,12,1,3,1,0
00:20:00,501202055,5,0,10,1,0
00:20:00,501202058,5,0,10,1,0
00:20:00,501202065,13,2,2,1,0
00:20:00,501202068,4,0,14,1,0
00:20:00,501202070,4,0,12,1,0
00:20:00,501202078,7,1,18,1,0
00:20:00,501202080,5,0,21,1,0
00:20:00,501202081,16,1,7,1,0
00:20:00,501202082,13,0,9,1,0
00:20:00,501202083,7,1,17,1,0
00:20:00,501202084,4,0,20,1,0
00:20:00,501202085,9,0,25,1,0
00:20:00,501202088,13,4,16,1,0
00:20:00,501202089,4,0,25,1,0
00:20:00,501202096,11,2,3,1,0
00:20:00,501203001,0,0,20,1,0
00:20:00,501203002,7,0,14,1,0
00:20:00,501203003,0,0,92,1,0
00:20:00,501203005,3,0,17,1,0
00:20:00,501203006,11,0,4,1,0
00:20:00,501203007,11,0,4,1,0
00:20:00,501203008,7,2,8,1,0
00:20:00,501203010,29,3,3,1,0
00:20:00,501203011,22,1,15,1,0
00:20:00,501203012,6,0,9,1,0
00:20:00,501203013,4,0,19,1,0
00:20:00,501203015,9,2,2,1,0
00:20:00,501203020,5,0,15,1,0
00:20:00,501203022,6,2,13,1,0
00:20:00,501203023,2,1,16,1,0
00:20:00,501203028,7,0,18,1,0
00:20:00,501203040,2,1,22,1,0
00:20:00,501203045,9,1,9,1,0
00:20:00,501203050,5,0,55,1,0
00:20:00,501203051,10,0,14,1,0
00:20:00,501203053,8,1,18,1,0
00:20:00,501203054,4,1,18,1,0
00:20:00,501203064,9,3,7,1,0
00:20:00,501203065,5,5,11,1,0
00:20:00,501203070,9,1,6,1,0
00:20:00,501203073,3,0,21,1,0
00:20:00,501203076,11,0,5,1,0
00:20:00,501203078,7,3,9,1,0
00:20:00,501203080,1,1,14,1,0
00:20:00,501203084,1,0,10,1,0
00:20:00,501203085,5,0,5,1,0
00:20:00,501203088,6,0,8,1,0
00:20:00,501203089,2,0,10,1,0
00:20:00,501203090,4,0,6,1,0
00:20:00,501203091,8,0,5,1,0
00:20:00,501203092,2,0,18,1,0
00:20:00,501203100,9,2,10,1,0
00:20:00,501203101,0,0,0,2,0
00:20:00,501203102,2,1,17,1,0
00:20:00,501203104,11,0,8,1,0
00:20:00,501203105,11,1,0,1,0
00:20:00,501203107,0,0,0,2,0
00:20:00,501203109,7,0,18,1,0
00:20:00,501203110,15,1,27,1,0
00:20:00,501203111,2,0,9,1,0
00:20:00,501203113,9,0,10,1,0
00:20:00,501203114,5,0,44,1,0
00:20:00,501203117,0,0,0,2,0
00:20:00,501203118,11,1,9,1,0
00:20:00,501203121,20,0,4,1,0
00:20:00,501203122,15,4,5,1,0
00:20:00,501203125,13,1,12,1,0
00:20:00,501203131,7,1,13,1,0
00:20:00,501203140,10,0,32,1,0
00:20:00,501203141,12,0,2,1,0
00:20:00,501203142,1,1,32,1,0
00:20:00,501203145,8,1,7,1,0
00:20:00,501203151,17,1,1,1,0
00:20:00,501203155,5,0,14,1,0
00:20:00,501203157,1,0,16,1,0
00:20:00,501203159,1,1,19,1,0
00:20:00,501203161,5,0,14,1,0
00:20:00,501203162,3,0,18,1,0
00:20:00,501203163,11,2,5,1,0
00:20:00,501204001,1,0,23,1,0
00:20:00,501204002,7,0,29,1,0
00:20:00,501204003,16,0,28,1,0
00:20:00,501204004,7,0,7,1,0
00:20:00,501204005,17,3,2,1,0
00:20:00,501204007,2,0,32,1,0
00:20:00,501204008,10,0,4,1,0
00:20:00,501204009,0,0,0,2,0
00:20:00,501204010,0,0,0,2,0
00:20:00,501204011,12,0,3,1,0
00:20:00,501204012,12,0,2,1,0
00:20:00,501204013,8,2,4,1,0
00:20:00,501204014,15,2,1,1,0
00:20:00,501204015,13,0,2,1,0
00:20:00,501204016,4,0,15,1,0
00:20:00,501204017,9,0,6,1,0
00:20:00,501204018,16,2,8,1,0
00:20:00,501204020,11,0,9,1,0
00:20:00,501204021,0,0,20,1,0
00:20:00,501204022,11,0,5,1,0
00:20:00,501204023,7,3,7,1,0
00:20:00,501204024,0,0,0,2,0
00:20:00,501204025,9,0,11,1,0
00:20:00,501205001,4,1,13,1,0
00:20:00,501205003,4,2,15,1,0
00:20:00,501205004,13,1,3,1,0
00:20:00,501205005,6,0,16,1,0
00:20:00,501205006,15,1,5,1,0
00:20:00,501205007,7,3,5,1,0
00:20:00,501205008,11,0,14,1,0
00:20:00,501205009,11,0,34,1,0
00:20:00,501205010,6,1,8,1,0
00:20:00,501205011,10,0,22,1,0
00:20:00,501205012,5,1,15,1,0
00:20:00,501205013,5,0,16,1,0
00:20:00,501205014,17,8,5,1,0
00:20:00,501205015,11,2,7,1,0
00:20:00,501205018,4,0,13,1,0
00:20:00,501205019,3,0,25,1,0
00:20:00,501205020,1,0,29,1,0
00:20:00,501205021,7,3,8,1,0
00:20:00,501205022,4,0,11,1,0
00:20:00,501205023,2,0,13,1,0
00:20:00,501205025,12,1,14,1,0
00:20:00,501205026,7,2,10,1,0
00:20:00,501205027,4,0,6,1,0
00:20:00,501205028,6,0,9,1,0
00:20:00,501205029,6,0,4,1,0
00:20:00,501205030,4,0,6,1,0
00:20:00,501205033,1,0,14,1,0
00:20:00,501205034,4,1,24,1,0
00:20:00,501205035,6,2,10,1,0
00:20:00,501205036,6,1,9,1,0
00:20:00,501205037,6,0,9,1,0
00:20:00,501205038,4,0,16,1,0
00:20:00,501205039,13,3,7,1,0
00:20:00,501205040,5,0,20,1,0
00:20:00,501205041,17,4,0,1,0
00:20:00,501205042,7,2,21,1,0
00:20:00,501208011,31,1,6,1,0
00:20:00,501208013,53,3,1,1,0
00:20:00,501208014,20,0,18,1,0
00:20:00,501208015,5,0,10,1,0
00:20:00,501208018,6,0,9,1,0
00:20:00,501208021,3,0,14,1,0
00:20:00,501208027,4,0,25,1,0
00:20:00,501208029,14,5,8,1,0
00:20:00,501208030,5,0,33,1,0
00:20:00,501208032,3,0,25,1,0
00:20:00,501208040,1,0,18,1,0
00:20:00,501208041,2,0,13,1,0
00:20:00,501208045,8,0,24,1,0
00:20:00,501208051,3,0,33,1,0
00:20:00,501208053,12,0,9,1,0
00:20:00,501208054,1,0,26,1,0
00:20:00,501208059,3,0,26,1,0
00:20:00,501208064,1,0,19,1,0
00:20:00,501208077,4,1,6,1,0
00:20:00,501208079,1,0,21,1,0
00:20:00,501208082,10,0,0,1,0
00:20:00,501208085,12,3,5,1,0
00:20:00,501208087,15,0,16,1,0
00:20:00,501208089,20,3,5,1,0
00:20:00,501208091,2,1,41,1,0
00:20:00,501208111,5,2,10,1,0
00:20:00,501208113,4,0,16,1,0
00:20:00,501208114,5,0,15,1,0
00:20:00,501208129,2,0,20,1,0
00:20:00,501208130,4,0,10,1,0
00:20:00,501209002,16,3,3,1,0
00:20:00,501209003,7,0,7,1,0
00:20:00,501209004,4,0,11,1,0
00:20:00,501209005,0,0,18,1,0
00:20:00,501209006,7,3,11,1,0
00:20:00,501209007,14,2,1,1,0
00:20:00,501209009,0,0,0,2,0
00:20:00,501209010,5,0,9,1,0
00:20:00,501209011,3,0,22,1,0
00:20:00,501209014,6,0,6,1,0
00:20:00,501209015,5,0,10,1,0
00:20:00,501209016,2,1,27,1,0
00:20:00,501209017,6,1,7,1,0
00:20:00,501209018,7,1,10,1,0
00:20:00,501209019,4,1,21,1,0
00:20:00,501209020,4,1,28,1,0
00:20:00,501209021,7,1,7,1,0
00:20:00,501209022,9,0,1,1,0
00:20:00,501209023,4,0,39,1,0
00:20:00,501209024,8,0,34,1,0
00:20:00,501209025,14,0,1,1,0
00:20:00,501209026,9,0,17,1,0
00:20:00,501209027,6,1,12,1,0
00:20:00,501209028,4,0,24,1,0
00:20:00,501209030,7,1,11,1,0
00:20:00,501209031,8,1,22,1,0
00:20:00,501209032,6,0,22,1,0
00:20:00,501209033,2,1,18,1,0
00:20:00,501209034,5,1,9,1,0
00:20:00,501209035,4,0,24,1,0
00:20:00,501209036,18,2,10,1,0
00:20:00,501209037,3,0,33,1,0
00:20:00,501209038,6,1,10,1,0
00:20:00,501209039,13,1,15,1,0
00:20:00,501209040,1,0,30,1,0
00:20:00,501209042,14,1,5,1,0
00:20:00,501209043,15,1,10,1,0
00:20:00,501209044,9,5,6,1,0
00:20:00,501209045,13,0,2,1,0
00:20:00,501209046,3,0,19,1,0
00:20:00,501209047,13,2,1,1,0
00:20:00,501209049,0,0,19,1,0
00:20:00,501209050,5,0,8,1,0
00:20:00,501209051,4,1,20,1,0
00:20:00,501209052,3,1,19,1,0
00:20:00,501209053,2,1,18,1,0
00:20:00,501209054,6,1,21,1,0
00:20:00,501209056,14,1,1,1,0
00:20:00,501209058,14,1,2,1,0
00:20:00,501209059,0,0,15,1,0
00:20:00,501209060,4,1,16,1,0
00:20:00,501209062,5,1,10,1,0
00:20:00,501209064,9,1,6,1,0
00:20:00,501209065,3,2,12,1,0
00:20:00,501209066,6,0,8,1,0
00:20:00,501209067,7,0,8,1,0
00:20:00,501209068,7,1,10,1,0
00:20:00,501209069,0,0,63,1,0
00:20:00,501209070,17,1,0,1,0
00:20:00,501209071,1,1,16,1,0
00:20:00,501209073,9,3,6,1,0
00:20:00,501209074,10,2,13,1,0
00:20:00,501209075,7,2,9,1,0
00:20:00,501209076,6,0,17,1,0
00:20:00,501209077,7,2,8,1,0
00:20:00,501209078,10,2,3,1,0
00:20:00,501209079,4,0,21,1,0
00:20:00,501209080,3,0,24,1,0
00:20:00,501209081,8,0,7,1,0
00:20:00,501209084,3,2,20,1,0
00:20:00,501209085,1,0,27,1,0
00:20:00,501209087,1,0,38,1,0
00:20:00,501209088,1,1,14,1,0
00:20:00,501209089,6,1,14,1,0
00:20:00,501209090,13,0,1,1,0
00:20:00,501209091,7,0,9,1,0
00:20:00,501209092,9,3,7,1,0
00:20:00,501209093,8,1,7,1,0
00:20:00,501209094,4,0,12,1,0
00:20:00,501209095,11,3,3,1,0
00:20:00,501209096,6,0,9,1,0
00:20:00,501209097,3,1,12,1,0
00:20:00,501209098,7,0,7,1,0
00:20:00,501209099,2,0,17,1,0
00:20:00,501209100,7,1,8,1,0
00:20:00,501209101,3,0,11,1,0
00:20:00,501209102,5,0,15,1,0
00:20:00,501209104,5,0,13,1,0
00:20:00,501209105,10,1,15,1,0
00:20:00,501209106,3,0,17,1,0
00:20:00,501211001,22,4,16,1,0
00:20:00,501211002,8,2,7,1,0
00:20:00,501211004,9,3,6,1,0
00:20:00,501211005,11,1,8,1,0
00:20:00,501211006,8,1,9,1,0
00:20:00,501211007,13,1,5,1,0
00:20:00,501211009,8,1,10,1,0
00:20:00,501211011,16,0,14,1,0
00:20:00,501211012,10,0,8,1,0
00:30:00,501201001,0,0,0,2,0
00:30:00,501201002,8,1,31,1,0
00:30:00,501201003,0,0,23,1,0
00:30:00,501201004,2,1,11,1,0
00:30:00,501201005,10,0,8,1,0
00:30:00,501201006,0,0,28,1,0
00:30:00,501201007,17,4,0,1,0
00:30:00,501201008,8,2,17,1,0
00:30:00,501201010,3,1,7,1,0
00:30:00,501201011,13,0,9,1,0
00:30:00,501201012,3,2,34,1,0
00:30:00,501201013,7,1,15,1,0
00:30:00,501201014,9,0,9,1,0
00:30:00,501201015,19,1,4,1,0
00:30:00,501201016,16,1,9,1,0
00:30:00,501201017,18,1,7,1,0
00:30:00,501201018,8,1,15,1,0
00:30:00,501201019,11,0,17,1,0
00:30:00,501201020,7,1,17,1,0
00:30:00,501201021,2,0,13,1,0
00:30:00,501201022,8,0,8,1,0
00:30:00,501201023,5,1,23,1,0
00:30:00,501201024,6,0,18,1,0
00:30:00,501201025,7,0,17,1,0
00:30:00,501201026,6,2,13,1,0
00:30:00,501201028,1,1,19,1,0
00:30:00,501201029,8,0,5,1,0
00:30:00,501201030,4,0,10,1,0
00:30:00,501201031,4,0,13,1,0
00:30:00,501202001,5,0,9,1,0
00:30:00,501202003,14,1,26,1,0
00:30:00,501202013,1,0,16,1,0
00:30:00,501202023,12,2,3,1,0
00:30:00,501202024,2,1,13,1,0
00:30:00,501202034,1,0,15,1,0
00:30:00,501202035,13,2,17,1,0
00:30:00,501202036,19,2,20,1,0
00:30:00,501202040,2,0,43,1,0
00:30:00,501202043,4,1,21,1,0
00:30:00,501202044,0,0,0,2,0
00:30:00,501202047,4,1,18,1,0
00:30:00,501202050,12,1,3,1,0
00:30:00,501202055,9,0,6,1,0
00:30:00,501202058,5,0,10,1,0
00:30:00,501202065,12,1,2,1,0
00:30:00,501202068,4,0,14,1,0
00:30:00,501202070,4,0,12,1,0
00:30:00,501202078,7,1,18,1,0
00:30:00,501202080,5,0,21,1,0
00:30:00,501202081,15,0,8,1,0
00:30:00,501202082,13,0,9,1,0
00:30:00,501202083,7,1,17,1,0
00:30:00,501202084,4,0,20,1,0
00:30:00,501202085,6,0,28,1,0
00:30:00,501202088,13,4,16,1,0
00:30:00,501202089,4,0,25,1,0
00:30:00,501202096,11,2,3,1,0
00:30:00,501203001,0,0,20,1,0
00:30:00,501203002,8,0,13,1,0
00:30:00,501203003,0,0,92,1,0
00:30:00,501203005,3,0,17,1,0
00:30:00,501203006,11,0,4,1,0
00:30:00,501203007,11,0,4,1,0
00:30:00,501203008,7,2,8,1,0
00:30:00,501203010,30,4,2,1,0
00:30:00,501203011,22,1,15,1,0
00:30:00,501203012,6,0,9,1,0
00:30:00,501203013,4,0,19,1,0
00:30:00,501203015,9,2,2,1,0
00:30:00,501203020,5,0,15,1,0
00:30:00,501203022,6,2,13,1,0
00:30:00,501203023,2,1,16,1,0
00:30:00,501203028,21,0,4,1,0
00:30:00,501203040,3,1,21,1,0
00:30:00,501203045,10,2,8,1,0
00:30:00,501203050,7,1,53,1,0
00:30:00,501203051,10,0,14,1,0
00:30:00,501203053,8,1,18,1,0
00:30:00,501203054,4,1,18,1,0
00:30:00,501203064,9,3,7,1,0
00:30:00,501203065,5,5,11,1,0
00:30:00,501203070,9,1,6,1,0
00:30:00,501203073,3,0,21,1,0
00:30:00,501203076,11,0,5,1,0
00:30:00,501203078,7,3,9,1,0
00:30:00,501203080,1,1,14,1,0
00:30:00,501203084,1,0,10,1,0
00:30:00,501203085,5,0,5,1,0
00:30:00,501203088,6,0,8,1,0
00:30:00,501203089,2,0,10,1,0
00:30:00,501203090,4,0,6,1,0
00:30:00,501203091,8,0,5,1,0
00:30:00,501203092,2,0,18,1,0
00:30:00,501203100,9,2,10,1,0
00:30:00,501203101,0,0,0,2,0
00:30:00,501203102,2,1,17,1,0
00:30:00,501203104,12,0,7,1,0
00:30:00,501203105,11,1,0,1,0
00:30:00,501203107,0,0,0,2,0
00:30:00,501203109,7,0,18,1,0
00:30:00,501203110,15,1,27,1,0
00:30:00,501203111,2,0,9,1,0
00:30:00,501203113,9,0,10,1,0
00:30:00,501203114,5,0,44,1,0
00:30:00,501203117,0,0,0,2,0
00:30:00,501203118,11,1,9,1,0
00:30:00,501203121,20,0,4,1,0
00:30:00,501203122,15,4,5,1,0
00:30:00,501203125,13,1,12,1,0
00:30:00,501203131,7,1,13,1,0
00:30:00,501203140,10,0,32,1,0
00:30:00,501203141,12,0,2,1,0
00:30:00,501203142,1,1,32,1,0
00:30:00,501203145,8,1,7,1,0
00:30:00,501203151,17,1,1,1,0
00:30:00,501203155,5,0,14,1,0
00:30:00,501203157,1,0,16,1,0
00:30:00,501203159,1,1,19,1,0
00:30:00,501203161,5,0,14,1,0
00:30:00,501203162,3,0,18,1,0
00:30:00,501203163,11,2,5,1,0
00:30:00,501204001,1,0,23,1,0
00:30:00,501204002,7,0,29,1,0
00:30:00,501204003,16,0,28,1,0
00:30:00,501204004,7,0,7,1,0
00:30:00,501204005,17,3,2,1,0
00:30:00,501204007,3,1,31,1,0
00:30:00,501204008,10,0,4,1,0
00:30:00,501204009,0,0,0,2,0
00:30:00,501204010,0,0,0,2,0
00:30:00,501204011,12,0,3,1,0
00:30:00,501204012,11,0,3,1,0
00:30:00,501204013,8,2,4,1,0
00:30:00,501204014,15,2,1,1,0
00:30:00,501204015,13,0,2,1,0
00:30:00,501204016,4,0,15,1,0
00:30:00,501204017,9,0,6,1,0
00:30:00,501204018,16,1,8,1,0
00:30:00,501204020,11,0,9,1,0
00:30:00,501204021,0,0,20,1,0
00:30:00,501204022,11,0,5,1,0
00:30:00,501204023,7,3,7,1,0
00:30:00,501204024,0,0,0,2,0
00:30:00,501204025,9,0,11,1,0
00:30:00,501205001,3,1,14,1,0
00:30:00,501205003,4,2,15,1,0
00:30:00,501205004,12,0,4,1,0
00:30:00,501205005,6,0,16,1,0
00:30:00,501205006,14,1,6,1,0
00:30:00,501205007,7,3,5,1,0
00:30:00,501205008,11,0,14,1,0
00:30:00,501205009,11,0,34,1,0
00:30:00,501205010,6,1,8,1,0
00:30:00,501205011,10,0,22,1,0
00:30:00,501205012,7,1,13,1,0
00:30:00,501205013,5,0,16,1,0
00:30:00,501205014,18,9,5,1,0
00:30:00,501205015,11,2,7,1,0
00:30:00,501205018,4,0,13,1,0
00:30:00,501205019,3,0,25,1,0
00:30:00,501205020,4,0,26,1,0
00:30:00,501205021,7,3,8,1,0
00:30:00,501205022,4,0,11,1,0
00:30:00,501205023,2,0,13,1,0
00:30:00,501205025,13,1,13,1,0
00:30:00,501205026,7,2,10,1,0
00:30:00,501205027,4,0,6,1,0
00:30:00,501205028,6,0,9,1,0
00:30:00,501205029,6,0,4,1,0
00:30:00,501205030,4,0,6,1,0
00:30:00,501205033,1,0,14,1,0
00:30:00,501205034,4,1,24,1,0
00:30:00,501205035,7,2,9,1,0
00:30:00,501205036,6,1,9,1,0
00:30:00,501205037,6,0,9,1,0
00:30:00,501205038,4,0,16,1,0
00:30:00,501205039,13,3,7,1,0
00:30:00,501205040,5,0,20,1,0
00:30:00,501205041,17,4,0,1,0
00:30:00,501205042,7,2,21,1,0
00:30:00,501208011,31,1,6,1,0
00:30:00,501208013,53,3,1,1,0
00:30:00,501208014,20,0,18,1,0
00:30:00,501208015,4,0,11,1,0
00:30:00,501208018,6,0,9,1,0
00:30:00,501208021,3,0,14,1,0
00:30:00,501208027,4,0,25,1,0
00:30:00,501208029,14,5,8,1,0
00:30:00,501208030,5,0,33,1,0
00:30:00,501208032,3,0,25,1,0
00:30:00,501208040,1,0,18,1,0
00:30:00,501208041,2,0,13,1,0
00:30:00,501208045,8,0,24,1,0
00:30:00,501208051,3,0,33,1,0
00:30:00,501208053,12,0,9,1,0
00:30:00,501208054,1,0,26,1,0
00:30:00,501208059,3,0,26,1,0
00:30:00,501208064,1,0,19,1,0
00:30:00,501208077,4,1,6,1,0
00:30:00,501208079,1,0,21,1,0
00:30:00,501208082,10,0,0,1,0
00:30:00,501208085,12,3,5,1,0
00:30:00,501208087,15,0,16,1,0
00:30:00,501208089,20,3,5,1,0
00:30:00,501208091,2,1,41,1,0
00:30:00,501208111,6,2,9,1,0
00:30:00,501208113,4,0,16,1,0
00:30:00,501208114,5,0,15,1,0
00:30:00,501208129,2,0,20,1,0
00:30:00,501208130,6,0,8,1,0
00:30:00,501209002,16,3,3,1,0
00:30:00,501209003,7,0,7,1,0
00:30:00,501209004,4,0,11,1,0
00:30:00,501209005,0,0,18,1,0
00:30:00,501209006,7,3,11,1,0
00:30:00,501209007,14,2,1,1,0
00:30:00,501209009,0,0,0,2,0
00:30:00,501209010,5,0,9,1,0
00:30:00,501209011,3,0,22,1,0
00:30:00,501209014,6,0,6,1,0
00:30:00,501209015,5,0,10,1,0
00:30:00,501209016,2,1,27,1,0
00:30:00,501209017,6,1,7,1,0
00:30:00,501209018,7,1,10,1,0
00:30:00,501209019,4,1,21,1,0
00:30:00,501209020,4,1,28,1,0
00:30:00,501209021,7,1,7,1,0
00:30:00,501209022,9,0,1,1,0
00:30:00,501209023,1,0,42,1,0
00:30:00,501209024,9,0,33,1,0
00:30:00,501209025,10,0,5,1,0
00:30:00,501209026,11,0,15,1,0
00:30:00,501209027,6,1,12,1,0
00:30:00,501209028,4,0,24,1,0
00:30:00,501209030,7,1,11,1,0
00:30:00,501209031,8,1,22,1,0
00:30:00,501209032,6,0,22,1,0
00:30:00,501209033,1,0,19,1,0
00:30:00,501209034,5,1,9,1,0
00:30:00,501209035,4,0,24,1,0
00:30:00,501209036,18,2,10,1,0
00:30:00,501209037,3,0,33,1,0
00:30:00,501209038,6,1,10,1,0
00:30:00,501209039,13,1,15,1,0
00:30:00,501209040,1,0,30,1,0
00:30:00,501209042,14,1,5,1,0
00:30:00,501209043,14,0,10,1,0
00:30:00,501209044,8,5,7,1,0
00:30:00,501209045,14,0,1,1,0
00:30:00,501209046,3,0,19,1,0
00:30:00,501209047,13,2,1,1,0
00:30:00,501209049,4,1,16,1,0
00:30:00,501209050,5,0,8,1,0
00:30:00,501209051,4,1,20,1,0
00:30:00,501209052,3,1,19,1,0
00:30:00,501209053,2,1,18,1,0
00:30:00,501209054,6,1,21,1,0
00:30:00,501209056,14,1,1,1,0
00:30:00,501209058,14,1,2,1,0
00:30:00,501209059,0,0,15,1,0
00:30:00,501209060,4,1,16,1,0
00:30:00,501209062,5,1,10,1,0
00:30:00,501209064,9,1,6,1,0
00:30:00,501209065,3,2,12,1,0
00:30:00,501209066,6,0,8,1,0
00:30:00,501209067,7,0,8,1,0
00:30:00,501209068,7,1,10,1,0
00:30:00,501209069,1,0,62,1,0
00:30:00,501209070,17,1,0,1,0
00:30:00,501209071,1,1,16,1,0
00:30:00,501209073,9,3,6,1,0
00:30:00,501209074,10,2,13,1,0
00:30:00,501209075,7,2,9,1,0
00:30:00,501209076,6,0,17,1,0
00:30:00,501209077,7,2,8,1,0
00:30:00,501209078,10,2,3,1,0
00:30:00,501209079,4,0,21,1,0
00:30:00,501209080,3,0,24,1,0
00:30:00,501209081,8,0,7,1,0
00:30:00,501209084,3,2,20,1,0
00:30:00,501209085,1,0,27,1,0
00:30:00,501209087,2,0,37,1,0
00:30:00,501209088,1,1,14,1,0
00:30:00,501209089,6,1,14,1,0
00:30:00,501209090,13,0,1,1,0
00:30:00,501209091,8,0,8,1,0
00:30:00,501209092,9,3,7,1,0
00:30:00,501209093,8,1,7,1,0
00:30:00,501209094,4,0,12,1,0
00:30:00,501209095,11,3,3,1,0
00:30:00,501209096,6,0,9,1,0
00:30:00,501209097,3,1,12,1,0
00:30:00,501209098,7,0,7,1,0
00:30:00,501209099,2,0,17,1,0
00:30:00,501209100,7,1,8,1,0
00:30:00,501209101,3,0,11,1,0
00:30:00,501209102,5,0,15,1,0
00:30:00,501209104,5,0,13,1,0
00:30:00,501209105,10,1,15,1,0
00:30:00,501209106,3,0,17,1,0
00:30:00,501211001,22,4,16,1,0
00:30:00,501211002,8,2,7,1,0
00:30:00,501211004,9,3,6,1,0
00:30:00,501211005,11,1,8,1,0
00:30:00,501211006,8,1,9,1,0
00:30:00,501211007,13,1,5,1,0
00:30:00,501211009,8,1,10,1,0
00:30:00,501211011,16,0,14,1,0
00:30:00,501211012,10,0,8,1,0
00:40:01,501201001,0,0,0,2,0
00:40:01,501201002,7,1,32,1,0
00:40:01,501201003,0,0,23,1,0
00:40:01,501201004,2,1,11,1,0
00:40:01,501201005,10,1,8,1,0
00:40:01,501201006,1,0,27,1,0
00:40:01,501201007,17,4,0,1,0
00:40:01,501201008,8,2,17,1,0
00:40:01,501201010,3,1,7,1,0
00:40:01,501201011,14,0,8,1,0
00:40:01,501201012,2,1,35,1,0
00:40:01,501201013,7,1,15,1,0
00:40:01,501201014,9,0,9,1,0
00:40:01,501201015,20,2,4,1,0
00:40:01,501201016,16,1,9,1,0
00:40:01,501201017,18,1,7,1,0
00:40:01,501201018,8,1,15,1,0
00:40:01,501201019,11,0,17,1,0
00:40:01,501201020,8,0,16,1,0
00:40:01,501201021,2,0,13,1,0
00:40:01,501201022,8,0,8,1,0
00:40:01,501201023,5,1,23,1,0
00:40:01,501201024,6,0,18,1,0
00:40:01,501201025,7,0,17,1,0
00:40:01,501201026,5,1,14,1,0
00:40:01,501201028,1,1,19,1,0
00:40:01,501201029,8,0,5,1,0
00:40:01,501201030,5,0,9,1,0
00:40:01,501201031,4,0,13,1,0
00:40:01,501202001,5,0,9,1,0
00:40:01,501202003,14,1,26,1,0
00:40:01,501202013,1,0,16,1,0
00:40:01,501202023,12,2,3,1,0
00:40:01,501202024,2,1,13,1,0
00:40:01,501202034,1,0,15,1,0
00:40:01,501202035,13,2,17,1,0
00:40:01,501202036,19,2,20,1,0
00:40:01,501202040,2,0,43,1,0
00:40:01,501202043,4,1,21,1,0
00:40:01,501202044,0,0,0,2,0
00:40:01,501202047,4,1,18,1,0
00:40:01,501202050,12,1,3,1,0
00:40:01,501202055,9,0,6,1,0
00:40:01,501202058,5,0,10,1,0
00:40:01,501202065,12,1,2,1,0
00:40:01,501202068,4,0,14,1,0
00:40:01,501202070,4,0,12,1,0
00:40:01,501202078,7,1,18,1,0
00:40:01,501202080,6,0,20,1,0
00:40:01,501202081,15,0,8,1,0
00:40:01,501202082,13,0,9,1,0
00:40:01,501202083,7,1,17,1,0
00:40:01,501202084,4,0,20,1,0
00:40:01,501202085,6,0,28,1,0
00:40:01,501202088,13,4,16,1,0
00:40:01,501202089,4,0,25,1,0
00:40:01,501202096,11,2,3,1,0
00:40:01,501203001,0,0,20,1,0
00:40:01,501203002,8,0,13,1,0
00:40:01,501203003,0,0,92,1,0
00:40:01,501203005,3,0,17,1,0
00:40:01,501203006,11,0,4,1,0
00:40:01,501203007,11,0,4,1,0
00:40:01,501203008,7,2,8,1,0
00:40:01,501203010,31,5,1,1,0
00:40:01,501203011,22,1,15,1,0
00:40:01,501203012,6,0,9,1,0
00:40:01,501203013,4,0,19,1,0
00:40:01,501203015,9,2,2,1,0
00:40:01,501203020,5,0,15,1,0
00:40:01,501203022,6,2,13,1,0
00:40:01,501203023,2,1,16,1,0
00:40:01,501203028,21,0,4,1,0
00:40:01,501203040,3,1,21,1,0
00:40:01,501203045,8,1,10,1,0
00:40:01,501203050,6,1,54,1,0
00:40:01,501203051,10,0,14,1,0
00:40:01,501203053,8,1,18,1,0
00:40:01,501203054,4,1,18,1,0
00:40:01,501203064,9,3,7,1,0
00:40:01,501203065,5,4,11,1,0
00:40:01,501203070,9,1,6,1,0
00:40:01,501203073,3,0,21,1,0
00:40:01,501203076,11,0,5,1,0
00:40:01,501203078,7,3,9,1,0
00:40:01,501203080,0,0,15,1,0
00:40:01,501203084,1,0,10,1,0
00:40:01,501203085,5,0,5,1,0
00:40:01,501203088,6,0,8,1,0
00:40:01,501203089,2,0,10,1,0
00:40:01,501203090,4,0,6,1,0
00:40:01,501203091,8,0,5,1,0
00:40:01,501203092,2,0,18,1,0
00:40:01,501203100,8,1,11,1,0
00:40:01,501203101,0,0,0,2,0
00:40:01,501203102,2,1,17,1,0
00:40:01,501203104,12,0,7,1,0
00:40:01,501203105,11,1,0,1,0
00:40:01,501203107,0,0,0,2,0
00:40:01,501203109,7,0,18,1,0
00:40:01,501203110,15,1,27,1,0
00:40:01,501203111,2,0,9,1,0
00:40:01,501203113,9,0,10,1,0
00:40:01,501203114,5,0,44,1,0
00:40:01,501203117,0,0,0,2,0
00:40:01,501203118,11,1,9,1,0
00:40:01,501203121,20,0,4,1,0
00:40:01,501203122,15,4,5,1,0
00:40:01,501203125,13,1,12,1,0
00:40:01,501203131,7,1,13,1,0
00:40:01,501203140,11,0,31,1,0
00:40:01,501203141,12,0,2,1,0
00:40:01,501203142,2,1,31,1,0
00:40:01,501203145,8,1,7,1,0
00:40:01,501203151,17,1,1,1,0
00:40:01,501203155,5,0,14,1,0
00:40:01,501203157,1,0,16,1,0
00:40:01,501203159,1,1,19,1,0
00:40:01,501203161,5,0,14,1,0
00:40:01,501203162,3,0,18,1,0
00:40:01,501203163,11,2,5,1,0
00:40:01,501204001,2,0,22,1,0
00:40:01,501204002,7,0,29,1,0
00:40:01,501204003,16,0,28,1,0
00:40:01,501204004,7,0,7,1,0
00:40:01,501204005,17,3,2,1,0
00:40:01,501204007,3,1,31,1,0
00:40:01,501204008,10,0,4,1,0
00:40:01,501204009,0,0,0,2,0
00:40:01,501204010,0,0,0,2,0
00:40:01,501204011,12,0,3,1,0
00:40:01,501204012,11,0,3,1,0
00:40:01,501204013,9,3,4,1,0
00:40:01,501204014,15,2,1,1,0
00:40:01,501204015,13,0,2,1,0
00:40:01,501204016,4,0,15,1,0
00:40:01,501204017,9,0,6,1,0
00:40:01,501204018,16,1,8,1,0
00:40:01,501204020,12,0,8,1,0
00:40:01,501204021,0,0,20,1,0
00:40:01,501204022,11,0,5,1,0
00:40:01,501204023,7,3,7,1,0
00:40:01,501204024,0,0,0,2,0
00:40:01,501204025,9,0,11,1,0
00:40:01,501205001,3,1,14,1,0
00:40:01,501205003,4,2,15,1,0
00:40:01,501205004,12,0,4,1,0
00:40:01,501205005,7,0,15,1,0
00:40:01,501205006,12,0,8,1,0
00:40:01,501205007,7,3,5,1,0
00:40:01,501205008,11,0,14,1,0
00:40:01,501205009,11,0,34,1,0
00:40:01,501205010,5,1,9,1,0
00:40:01,501205011,10,0,22,1,0
00:40:01,501205012,8,1,12,1,0
00:40:01,501205013,5,0,16,1,0
00:40:01,501205014,18,9,5,1,0
00:40:01,501205015,11,2,7,1,0
00:40:01,501205018,5,1,12,1,0
00:40:01,501205019,3,0,25,1,0
00:40:01,501205020,4,0,26,1,0
00:40:01,501205021,7,3,8,1,0
00:40:01,501205022,4,0,11,1,0
00:40:01,501205023,2,0,13,1,0
00:40:01,501205025,13,1,13,1,0
00:40:01,501205026,7,2,10,1,0
00:40:01,501205027,4,0,6,1,0
00:40:01,501205028,6,0,9,1,0
00:40:01,501205029,6,0,4,1,0
00:40:01,501205030,4,0,6,1,0
00:40:01,501205033,1,0,14,1,0
00:40:01,501205034,2,1,26,1,0
00:40:01,501205035,7,2,9,1,0
00:40:01,501205036,6,1,9,1,0
00:40:01,501205037,6,0,9,1,0
00:40:01,501205038,4,0,16,1,0
00:40:01,501205039,13,3,7,1,0
00:40:01,501205040,5,0,20,1,0
00:40:01,501205041,17,4,0,1,0
00:40:01,501205042,7,2,21,1,0
00:40:01,501208011,31,1,6,1,0
00:40:01,501208013,53,3,1,1,0
00:40:01,501208014,20,0,18,1,0
00:40:01,501208015,4,0,11,1,0
00:40:01,501208018,6,0,9,1,0
00:40:01,501208021,3,0,14,1,0
00:40:01,501208027,4,0,25,1,0
00:40:01,501208029,14,5,8,1,0
00:40:01,501208030,5,0,33,1,0
00:40:01,501208032,3,0,25,1,0
00:40:01,501208040,1,0,18,1,0
00:40:01,501208041,2,0,13,1,0
00:40:01,501208045,8,0,24,1,0
00:40:01,501208051,3,0,33,1,0
00:40:01,501208053,11,0,10,1,0
00:40:01,501208054,1,0,26,1,0
00:40:01,501208059,3,0,26,1,0
00:40:01,501208064,1,0,19,1,0
00:40:01,501208077,4,1,6,1,0
00:40:01,501208079,1,0,21,1,0
00:40:01,501208082,10,0,0,1,0
00:40:01,501208085,11,3,6,1,0
00:40:01,501208087,15,0,16,1,0
00:40:01,501208089,20,3,5,1,0
00:40:01,501208091,2,1,41,1,0
00:40:01,501208111,6,2,9,1,0
00:40:01,501208113,4,0,16,1,0
00:40:01,501208114,5,0,15,1,0
00:40:01,501208129,2,0,20,1,0
00:40:01,501208130,6,0,8,1,0
00:40:01,501209002,16,3,3,1,0
00:40:01,501209003,7,0,7,1,0
00:40:01,501209004,4,0,11,1,0
00:40:01,501209005,0,0,18,1,0
00:40:01,501209006,7,3,11,1,0
00:40:01,501209007,13,1,1,1,0
00:40:01,501209009,0,0,0,2,0
00:40:01,501209010,5,0,9,1,0
00:40:01,501209011,3,0,22,1,0
00:40:01,501209014,6,0,6,1,0
00:40:01,501209015,5,0,10,1,0
00:40:01,501209016,2,1,27,1,0
00:40:01,501209017,6,1,7,1,0
00:40:01,501209018,7,1,10,1,0
00:40:01,501209019,4,1,21,1,0
00:40:01,501209020,4,1,28,1,0
00:40:01,501209021,7,1,7,1,0
00:40:01,501209022,9,0,1,1,0
00:40:01,501209023,1,0,42,1,0
00:40:01,501209024,10,0,32,1,0
00:40:01,501209025,9,0,6,1,0
00:40:01,501209026,11,0,15,1,0
00:40:01,501209027,6,1,12,1,0
00:40:01,501209028,4,0,24,1,0
00:40:01,501209030,7,1,11,1,0
00:40:01,501209031,8,1,22,1,0
00:40:01,501209032,6,0,22,1,0
00:40:01,501209033,1,0,19,1,0
00:40:01,501209034,5,1,9,1,0
00:40:01,501209035,4,0,24,1,0
00:40:01,501209036,18,2,10,1,0
00:40:01,501209037,3,0,33,1,0
00:40:01,501209038,6,1,10,1,0
00:40:01,501209039,13,1,15,1,0
00:40:01,501209040,1,0,30,1,0
00:40:01,501209042,14,1,5,1,0
00:40:01,501209043,14,0,10,1,0
00:40:01,501209044,9,5,6,1,0
00:40:01,501209045,14,0,1,1,0
00:40:01,501209046,3,0,19,1,0
00:40:01,501209047,14,3,0,1,0
00:40:01,501209049,4,1,16,1,0
00:40:01,501209050,5,0,8,1,0
00:40:01,501209051,4,1,20,1,0
00:40:01,501209052,3,1,19,1,0
00:40:01,501209053,2,1,18,1,0
00:40:01,501209054,6,1,21,1,0
00:40:01,501209056,14,1,1,1,0
00:40:01,501209058,15,2,1,1,0
00:40:01,501209059,2,0,13,1,0
00:40:01,501209060,4,1,16,1,0
00:40:01,501209062,5,1,10,1,0
00:40:01,501209064,9,1,6,1,0
00:40:01,501209065,3,2,12,1,0
00:40:01,501209066,5,0,9,1,0
00:40:01,501209067,8,0,7,1,0
00:40:01,501209068,7,1,10,1,0
00:40:01,501209069,1,0,62,1,0
00:40:01,501209070,17,1,0,1,0
00:40:01,501209071,1,1,16,1,0
00:40:01,501209073,9,3,6,1,0
00:40:01,501209074,10,2,13,1,0
00:40:01,501209075,7,2,9,1,0
00:40:01,501209076,6,0,17,1,0
00:40:01,501209077,7,2,8,1,0
00:40:01,501209078,10,2,3,1,0
00:40:01,501209079,4,0,21,1,0
00:40:01,501209080,3,0,24,1,0
00:40:01,501209081,8,0,7,1,0
00:40:01,501209084,3,2,20,1,0
00:40:01,501209085,1,0,27,1,0
00:40:01,501209087,2,0,37,1,0
00:40:01,501209088,1,1,14,1,0
00:40:01,501209089,6,1,14,1,0
00:40:01,501209090,13,0,1,1,0
00:40:01,501209091,8,0,8,1,0
00:40:01,501209092,9,3,7,1,0
00:40:01,501209093,8,1,7,1,0
00:40:01,501209094,4,0,12,1,0
00:40:01,501209095,11,3,3,1,0
00:40:01,501209096,6,0,9,1,0
00:40:01,501209097,3,1,12,1,0
00:40:01,501209098,7,0,7,1,0
00:40:01,501209099,2,0,17,1,0
00:40:01,501209100,7,1,8,1,0
00:40:01,501209101,3,0,11,1,0
00:40:01,501209102,5,0,15,1,0
00:40:01,501209104,5,0,13,1,0
00:40:01,501209105,10,1,15,1,0
00:40:01,501209106,3,0,17,1,0
00:40:01,501211001,22,4,16,1,0
00:40:01,501211002,8,2,7,1,0
00:40:01,501211004,9,3,6,1,0
00:40:01,501211005,11,1,8,1,0
00:40:01,501211006,8,1,9,1,0
00:40:01,501211007,13,1,5,1,0
00:40:01,501211009,8,1,10,1,0
00:40:01,501211011,16,0,14,1,0
00:40:01,501211012,10,0,8,1,0
00:50:00,501201001,0,0,0,2,0
00:50:00,501201002,7,1,32,1,0
00:50:00,501201003,0,0,23,1,0
00:50:00,501201004,6,3,7,1,0
00:50:00,501201005,11,2,7,1,0
00:50:00,501201006,1,0,27,1,0
00:50:00,501201007,17,4,0,1,0
00:50:00,501201008,8,2,17,1,0
00:50:00,501201010,3,1,7,1,0
00:50:00,501201011,14,0,8,1,0
00:50:00,501201012,2,1,35,1,0
00:50:00,501201013,8,2,14,1,0
00:50:00,501201014,9,0,9,1,0
00:50:00,501201015,19,1,5,1,0
00:50:00,501201016,16,1,9,1,0
00:50:00,501201017,17,1,8,1,0
00:50:00,501201018,8,1,15,1,0
00:50:00,501201019,12,1,16,1,0
00:50:00,501201020,8,0,16,1,0
00:50:00,501201021,2,0,13,1,0
00:50:00,501201022,8,1,8,1,0
00:50:00,501201023,5,1,23,1,0
00:50:00,501201024,7,1,17,1,0
00:50:00,501201025,7,0,17,1,0
00:50:00,501201026,5,1,14,1,0
00:50:00,501201028,0,0,20,1,0
00:50:00,501201029,8,0,5,1,0
00:50:00,501201030,5,0,9,1,0
00:50:00,501201031,4,0,13,1,0
00:50:00,501202001,5,0,9,1,0
00:50:00,501202003,14,1,26,1,0
00:50:00,501202013,1,0,16,1,0
00:50:00,501202023,12,2,3,1,0
00:50:00,501202024,2,1,13,1,0
00:50:00,501202034,1,0,15,1,0
00:50:00,501202035,10,0,20,1,0
00:50:00,501202036,19,2,20,1,0
00:50:00,501202040,2,0,43,1,0
00:50:00,501202043,4,1,21,1,0
00:50:00,501202044,0,0,0,2,0
00:50:00,501202047,4,1,18,1,0
00:50:00,501202050,13,2,2,1,0
00:50:00,501202055,10,1,5,1,0
00:50:00,501202058,5,0,10,1,0
00:50:00,501202065,12,1,2,1,0
00:50:00,501202068,4,0,14,1,0
00:50:00,501202070,4,0,12,1,0
00:50:00,501202078,7,1,18,1,0
00:50:00,501202080,6,0,20,1,0
00:50:00,501202081,15,0,8,1,0
00:50:00,501202082,13,0,9,1,0
00:50:00,501202083,5,1,19,1,0
00:50:00,501202084,4,0,20,1,0
00:50:00,501202085,6,0,28,1,0
00:50:00,501202088,13,4,16,1,0
00:50:00,501202089,4,0,25,1,0
00:50:00,501202096,10,2,4,1,0
00:50:00,501203001,0,0,20,1,0
00:50:00,501203002,8,0,13,1,0
00:50:00,501203003,0,0,92,1,0
00:50:00,501203005,3,0,17,1,0
00:50:00,501203006,11,0,4,1,0
00:50:00,501203007,11,0,4,1,0
00:50:00,501203008,7,2,8,1,0
00:50:00,501203010,30,6,3,1,0
00:50:00,501203011,22,1,15,1,0
00:50:00,501203012,6,0,9,1,0
00:50:00,501203013,4,0,19,1,0
00:50:00,501203015,9,2,2,1,0
00:50:00,501203020,5,0,15,1,0
00:50:00,501203022,6,2,13,1,0
00:50:00,501203023,2,1,16,1,0
00:50:00,501203028,20,1,5,1,0
00:50:00,501203040,6,2,18,1,0
00:50:00,501203045,8,1,10,1,0
00:50:00,501203050,6,1,54,1,0
00:50:00,501203051,10,0,14,1,0
00:50:00,501203053,8,1,18,1,0
00:50:00,501203054,4,1,18,1,0
00:50:00,501203064,9,3,7,1,0
00:50:00,501203065,3,2,13,1,0
00:50:00,501203070,9,1,6,1,0
00:50:00,501203073,3,0,21,1,0
00:50:00,501203076,11,0,5,1,0
00:50:00,501203078,7,3,9,1,0
00:50:00,501203080,0,0,15,1,0
00:50:00,501203084,1,0,10,1,0
00:50:00,501203085,5,0,5,1,0
00:50:00,501203088,6,0,8,1,0
00:50:00,501203089,2,0,10,1,0
00:50:00,501203090,4,0,6,1,0
00:50:00,501203091,8,0,5,1,0
00:50:00,501203092,2,0,18,1,0
00:50:00,501203100,8,1,11,1,0
00:50:00,501203101,0,0,0,2,0
00:50:00,501203102,2,1,17,1,0
00:50:00,501203104,12,0,7,1,0
00:50:00,501203105,11,1,0,1,0
00:50:00,501203107,0,0,0,2,0
00:50:00,501203109,6,0,19,1,0
00:50:00,501203110,15,1,27,1,0
00:50:00,501203111,2,0,9,1,0
00:50:00,501203113,9,0,10,1,0
00:50:00,501203114,4,0,45,1,0
00:50:00,501203117,0,0,0,2,0
00:50:00,501203118,11,1,9,1,0
00:50:00,501203121,20,0,4,1,0
00:50:00,501203122,15,4,5,1,0
00:50:00,501203125,13,1,12,1,0
00:50:00,501203131,7,1,13,1,0
00:50:00,501203140,11,0,31,1,0
00:50:00,501203141,12,0,2,1,0
00:50:00,501203142,4,1,29,1,0
00:50:00,501203145,8,1,7,1,0
00:50:00,501203151,17,1,1,1,0
00:50:00,501203155,5,0,14,1,0
00:50:00,501203157,1,0,16,1,0
00:50:00,501203159,1,1,19,1,0
00:50:00,501203161,5,0,14,1,0
00:50:00,501203162,3,0,18,1,0
00:50:00,501203163,11,2,5,1,0
00:50:00,501204001,3,0,21,1,0
00:50:00,501204002,7,0,29,1,0
00:50:00,501204003,17,0,27,1,0
00:50:00,501204004,7,0,7,1,0
00:50:00,501204005,18,4,1,1,0
00:50:00,501204007,3,1,31,1,0
00:50:00,501204008,9,0,5,1,0
00:50:00,501204009,0,0,0,2,0
00:50:00,501204010,0,0,0,2,0
00:50:00,501204011,12,0,3,1,0
00:50:00,501204012,11,0,3,1,0
00:50:00,501204013,10,3,3,1,0
00:50:00,501204014,15,2,1,1,0
00:50:00,501204015,13,0,2,1,0
00:50:00,501204016,4,0,15,1,0
00:50:00,501204017,9,0,6,1,0
00:50:00,501204018,16,1,8,1,0
00:50:00,501204020,12,0,8,1,0
00:50:00,501204021,0,0,20,1,0
00:50:00,501204022,11,0,5,1,0
00:50:00,501204023,7,3,7,1,0
00:50:00,501204024,0,0,0,2,0
00:50:00,501204025,9,0,11,1,0
00:50:00,501205001,3,1,14,1,0
00:50:00,501205003,3,1,16,1,0
00:50:00,501205004,11,0,5,1,0
00:50:00,501205005,7,0,15,1,0
00:50:00,501205006,12,0,8,1,0
00:50:00,501205007,7,3,5,1,0
00:50:00,501205008,11,0,14,1,0
00:50:00,501205009,11,0,34,1,0
00:50:00,501205010,3,1,11,1,0
00:50:00,501205011,5,0,27,1,0
00:50:00,501205012,8,1,12,1,0
00:50:00,501205013,5,0,16,1,0
00:50:00,501205014,18,9,5,1,0
00:50:00,501205015,11,2,7,1,0
00:50:00,501205018,5,1,12,1,0
00:50:00,501205019,3,0,25,1,0
00:50:00,501205020,4,0,26,1,0
00:50:00,501205021,7,3,8,1,0
00:50:00,501205022,4,0,11,1,0
00:50:00,501205023,2,0,13,1,0
00:50:00,501205025,13,1,13,1,0
00:50:00,501205026,7,2,10,1,0
00:50:00,501205027,4,0,6,1,0
00:50:00,501205028,6,0,9,1,0
00:50:00,501205029,6,0,4,1,0
00:50:00,501205030,4,0,6,1,0
00:50:00,501205033,1,0,14,1,0
00:50:00,501205034,2,1,26,1,0
00:50:00,501205035,7,2,9,1,0
00:50:00,501205036,6,1,9,1,0
00:50:00,501205037,6,0,9,1,0
00:50:00,501205038,4,0,16,1,0
00:50:00,501205039,13,2,7,1,0
00:50:00,501205040,3,0,22,1,0
00:50:00,501205041,17,4,0,1,0
00:50:00,501205042,7,2,21,1,0
00:50:00,501208011,31,1,6,1,0
00:50:00,501208013,53,3,1,1,0
00:50:00,501208014,20,0,18,1,0
00:50:00,501208015,4,0,11,1,0
00:50:00,501208018,9,1,6,1,0
00:50:00,501208021,3,0,14,1,0
00:50:00,501208027,4,0,25,1,0
00:50:00,501208029,14,5,8,1,0
00:50:00,501208030,5,0,33,1,0
00:50:00,501208032,3,0,25,1,0
00:50:00,501208040,1,0,18,1,0
00:50:00,501208041,2,0,13,1,0
00:50:00,501208045,8,0,24,1,0
00:50:00,501208051,3,0,33,1,0
00:50:00,501208053,11,0,10,1,0
00:50:00,501208054,1,0,26,1,0
00:50:00,501208059,3,0,26,1,0
00:50:00,501208064,1,0,19,1,0
00:50:00,501208077,4,1,6,1,0
00:50:00,501208079,1,0,21,1,0
00:50:00,501208082,10,0,0,1,0
00:50:00,501208085,11,3,6,1,0
00:50:00,501208087,15,0,16,1,0
00:50:00,501208089,20,3,5,1,0
00:50:00,501208091,2,1,41,1,0
00:50:00,501208111,6,2,9,1,0
00:50:00,501208113,4,0,16,1,0
00:50:00,501208114,5,0,15,1,0
00:50:00,501208129,2,0,20,1,0
00:50:00,501208130,6,0,8,1,0
00:50:00,501209002,16,3,3,1,0
00:50:00,501209003,7,0,7,1,0
00:50:00,501209004,4,0,11,1,0
00:50:00,501209005,0,0,18,1,0
00:50:00,501209006,7,3,11,1,0
00:50:00,501209007,13,1,1,1,0
00:50:00,501209009,0,0,0,2,0
00:50:00,501209010,5,0,9,1,0
00:50:00,501209011,3,0,22,1,0
00:50:00,501209014,6,0,6,1,0
00:50:00,501209015,5,0,10,1,0
00:50:00,501209016,2,1,27,1,0
00:50:00,501209017,6,1,7,1,0
00:50:00,501209018,7,1,10,1,0
00:50:00,501209019,4,1,21,1,0
00:50:00,501209020,4,1,28,1,0
00:50:00,501209021,7,1,7,1,0
00:50:00,501209022,9,0,1,1,0
00:50:00,501209023,1,0,42,1,0
00:50:00,501209024,10,0,32,1,0
00:50:00,501209025,9,0,6,1,0
00:50:00,501209026,11,0,15,1,0
00:50:00,501209027,6,1,12,1,0
00:50:00,501209028,4,0,24,1,0
00:50:00,501209030,7,1,11,1,0
00:50:00,501209031,8,1,22,1,0
00:50:00,501209032,6,0,22,1,0
00:50:00,501209033,1,0,19,1,0
00:50:00,501209034,5,1,9,1,0
00:50:00,501209035,4,0,24,1,0
00:50:00,501209036,18,2,10,1,0
00:50:00,501209037,3,0,33,1,0
00:50:00,501209038,6,1,10,1,0
00:50:00,501209039,16,1,12,1,0
00:50:00,501209040,1,0,30,1,0
00:50:00,501209042,14,1,5,1,0
00:50:00,501209043,14,0,10,1,0
00:50:00,501209044,9,5,6,1,0
00:50:00,501209045,11,0,4,1,0
00:50:00,501209046,3,0,19,1,0
00:50:00,501209047,14,3,0,1,0
00:50:00,501209049,4,1,16,1,0
00:50:00,501209050,5,0,8,1,0
00:50:00,501209051,3,1,21,1,0
00:50:00,501209052,3,1,19,1,0
00:50:00,501209053,2,1,18,1,0
00:50:00,501209054,11,1,16,1,0
00:50:00,501209056,14,1,1,1,0
00:50:00,501209058,15,2,1,1,0
00:50:00,501209059,4,0,11,1,0
00:50:00,501209060,4,1,16,1,0
00:50:00,501209062,5,1,10,1,0
00:50:00,501209064,9,1,6,1,0
00:50:00,501209065,3,2,12,1,0
00:50:00,501209066,5,0,9,1,0
00:50:00,501209067,8,0,7,1,0
00:50:00,501209068,7,1,10,1,0
00:50:00,501209069,1,0,62,1,0
00:50:00,501209070,17,1,0,1,0
00:50:00,501209071,1,1,16,1,0
00:50:00,501209073,9,3,6,1,0
00:50:00,501209074,10,2,13,1,0
00:50:00,501209075,7,2,9,1,0
00:50:00,501209076,6,0,17,1,0
00:50:00,501209077,7,2,8,1,0
00:50:00,501209078,10,2,3,1,0
00:50:00,501209079,4,0,21,1,0
00:50:00,501209080,3,0,24,1,0
00:50:00,501209081,8,0,7,1,0
00:50:00,501209084,3,2,20,1,0
00:50:00,501209085,1,0,27,1,0
00:50:00,501209087,2,0,37,1,0
00:50:00,501209088,1,1,14,1,0
00:50:00,501209089,6,1,14,1,0
00:50:00,501209090,13,0,1,1,0
00:50:00,501209091,8,0,8,1,0
00:50:00,501209092,9,3,7,1,0
00:50:00,501209093,8,1,7,1,0
00:50:00,501209094,4,0,12,1,0
00:50:00,501209095,11,3,3,1,0
00:50:00,501209096,6,0,9,1,0
00:50:00,501209097,3,1,12,1,0
00:50:00,501209098,7,0,7,1,0
00:50:00,501209099,2,0,17,1,0
00:50:00,501209100,7,1,8,1,0
00:50:00,501209101,3,0,11,1,0
00:50:00,501209102,5,0,15,1,0
00:50:00,501209104,5,0,13,1,0
00:50:00,501209105,10,1,15,1,0
00:50:00,501209106,3,0,17,1,0
00:50:00,501211001,22,4,16,1,0
00:50:00,501211002,8,2,7,1,0
00:50:00,501211004,9,3,6,1,0
00:50:00,501211005,11,1,8,1,0
00:50:00,501211006,8,1,9,1,0
00:50:00,501211007,13,1,5,1,0
00:50:00,501211009,8,1,10,1,0
00:50:00,501211011,16,0,14,1,0
00:50:00,501211012,10,0,8,1,0
01:00:00,501201001,0,0,0,2,0
01:00:00,501201002,6,0,33,1,0
01:00:00,501201003,0,0,23,1,0
01:00:00,501201004,6,3,7,1,0
01:00:00,501201005,11,2,7,1,0
01:00:00,501201006,1,0,27,1,0
01:00:00,501201007,17,4,0,1,0
01:00:00,501201008,8,2,17,1,0
01:00:00,501201010,3,1,7,1,0
01:00:00,501201011,13,0,9,1,0
01:00:00,501201012,3,1,34,1,0
01:00:00,501201013,8,2,14,1,0
01:00:00,501201014,9,0,9,1,0
01:00:00,501201015,19,1,5,1,0
01:00:00,501201016,16,1,9,1,0
01:00:00,501201017,17,1,8,1,0
01:00:00,501201018,8,1,15,1,0
01:00:00,501201019,12,1,16,1,0
01:00:00,501201020,8,0,16,1,0
01:00:00,501201021,3,0,12,1,0
01:00:00,501201022,8,1,8,1,0
01:00:00,501201023,5,1,23,1,0
01:00:00,501201024,7,1,17,1,0
01:00:00,501201025,7,0,17,1,0
01:00:00,501201026,5,1,14,1,0
01:00:00,501201028,0,0,20,1,0
01:00:00,501201029,8,0,5,1,0
01:00:00,501201030,5,0,9,1,0
01:00:00,501201031,4,0,13,1,0
01:00:00,501202001,5,0,9,1,0
01:00:00,501202003,14,1,26,1,0
01:00:00,501202013,1,0,16,1,0
01:00:00,501202023,12,2,3,1,0
01:00:00,501202024,2,1,13,1,0
01:00:00,501202034,2,0,14,1,0
01:00:00,501202035,10,0,20,1,0
01:00:00,501202036,18,2,21,1,0
01:00:00,501202040,2,0,43,1,0
01:00:00,501202043,5,1,20,1,0
01:00:00,501202044,0,0,0,2,0
01:00:00,501202047,4,1,18,1,0
01:00:00,501202050,13,2,2,1,0
01:00:00,501202055,10,1,5,1,0
01:00:00,501202058,5,0,10,1,0
01:00:00,501202065,12,1,2,1,0
01:00:00,501202068,4,0,14,1,0
01:00:00,501202070,4,0,12,1,0
01:00:00,501202078,7,1,18,1,0
01:00:00,501202080,7,1,19,1,0
01:00:00,501202081,15,0,8,1,0
01:00:00,501202082,13,0,9,1,0
01:00:00,501202083,5,1,19,1,0
01:00:00,501202084,4,0,20,1,0
01:00:00,501202085,6,0,28,1,0
01:00:00,501202088,13,4,16,1,0
01:00:00,501202089,4,0,25,1,0
01:00:00,501202096,6,3,9,1,0
01:00:00,501203001,0,0,20,1,0
01:00:00,501203002,8,0,13,1,0
01:00:00,501203003,0,0,92,1,0
01:00:00,501203005,3,0,17,1,0
01:00:00,501203006,11,0,4,1,0
01:00:00,501203007,11,0,4,1,0
01:00:00,501203008,7,2,8,1,0
01:00:00,501203010,20,6,13,1,0
01:00:00,501203011,22,1,15,1,0
01:00:00,501203012,6,0,9,1,0
01:00:00,501203013,4,0,19,1,0
01:00:00,501203015,9,2,2,1,0
01:00:00,501203020,5,0,15,1,0
01:00:00,501203022,6,2,13,1,0
01:00:00,501203023,2,1,16,1,0
01:00:00,501203028,20,1,5,1,0
01:00:00,501203040,6,2,18,1,0
01:00:00,501203045,9,1,9,1,0
01:00:00,501203050,7,1,53,1,0
01:00:00,501203051,9,0,15,1,0
01:00:00,501203053,8,1,18,1,0
01:00:00,501203054,4,1,18,1,0
01:00:00,501203064,9,3,7,1,0
01:00:00,501203065,3,2,13,1,0
01:00:00,501203070,9,1,6,1,0
01:00:00,501203073,3,0,21,1,0
01:00:00,501203076,11,0,5,1,0
01:00:00,501203078,7,3,9,1,0
01:00:00,501203080,1,1,14,1,0
01:00:00,501203084,1,0,10,1,0
01:00:00,501203085,5,0,5,1,0
01:00:00,501203088,6,0,8,1,0
01:00:00,501203089,2,0,10,1,0
01:00:00,501203090,4,0,6,1,0
01:00:00,501203091,8,0,5,1,0
01:00:00,501203092,2,0,18,1,0
01:00:00,501203100,9,1,10,1,0
01:00:00,501203101,0,0,0,2,0
01:00:00,501203102,2,1,17,1,0
01:00:00,501203104,12,0,7,1,0
01:00:00,501203105,11,1,0,1,0
01:00:00,501203107,0,0,0,2,0
01:00:00,501203109,6,0,19,1,0
01:00:00,501203110,14,1,28,1,0
01:00:00,501203111,2,0,9,1,0
01:00:00,501203113,8,0,11,1,0
01:00:00,501203114,4,0,45,1,0
01:00:00,501203117,0,0,0,2,0
01:00:00,501203118,12,1,8,1,0
01:00:00,501203121,20,0,4,1,0
01:00:00,501203122,15,4,5,1,0
01:00:00,501203125,13,1,12,1,0
01:00:00,501203131,7,1,13,1,0
01:00:00,501203140,11,0,31,1,0
01:00:00,501203141,12,0,2,1,0
01:00:00,501203142,4,1,29,1,0
01:00:00,501203145,8,1,7,1,0
01:00:00,501203151,17,1,1,1,0
01:00:00,501203155,5,0,14,1,0
01:00:00,501203157,1,0,16,1,0
01:00:00,501203159,1,1,19,1,0
01:00:00,501203161,5,0,14,1,0
01:00:00,501203162,3,0,18,1,0
01:00:00,501203163,11,2,5,1,0
01:00:00,501204001,3,0,21,1,0
01:00:00,501204002,7,0,29,1,0
01:00:00,501204003,17,0,27,1,0
01:00:00,501204004,7,0,7,1,0
01:00:00,501204005,18,4,1,1,0
01:00:00,501204007,3,1,31,1,0
01:00:00,501204008,9,0,5,1,0
01:00:00,501204009,0,0,0,2,0
01:00:00,501204010,0,0,0,2,0
01:00:00,501204011,12,0,3,1,0
01:00:00,501204012,9,0,5,1,0
01:00:00,501204013,10,3,3,1,0
01:00:00,501204014,15,2,1,1,0
01:00:00,501204015,13,0,2,1,0
01:00:00,501204016,2,0,17,1,0
01:00:00,501204017,9,0,6,1,0
01:00:00,501204018,18,1,6,1,0
01:00:00,501204020,12,0,8,1,0
01:00:00,501204021,0,0,20,1,0
01:00:00,501204022,11,0,5,1,0
01:00:00,501204023,8,4,6,1,0
01:00:00,501204024,0,0,0,2,0
01:00:00,501204025,9,0,11,1,0
01:00:00,501205001,2,1,15,1,0
01:00:00,501205003,3,1,16,1,0
01:00:00,501205004,11,0,5,1,0
01:00:00,501205005,7,0,15,1,0
01:00:00,501205006,13,0,7,1,0
01:00:00,501205007,7,3,5,1,0
01:00:00,501205008,11,0,14,1,0
01:00:00,501205009,11,0,34,1,0
01:00:00,501205010,3,1,11,1,0
01:00:00,501205011,5,0,27,1,0
01:00:00,501205012,8,1,12,1,0
01:00:00,501205013,5,0,16,1,0
01:00:00,501205014,18,7,5,1,0
01:00:00,501205015,11,2,7,1,0
01:00:00,501205018,5,1,12,1,0
01:00:00,501205019,3,0,25,1,0
01:00:00,501205020,4,0,26,1,0
01:00:00,501205021,7,3,8,1,0
01:00:00,501205022,5,0,10,1,0
01:00:00,501205023,2,0,13,1,0
01:00:00,501205025,13,1,13,1,0
01:00:00,501205026,7,2,10,1,0
01:00:00,501205027,4,0,6,1,0
01:00:00,501205028,6,0,9,1,0
01:00:00,501205029,6,0,4,1,0
01:00:00,501205030,3,0,7,1,0
01:00:00,501205033,1,0,14,1,0
01:00:00,501205034,2,1,26,1,0
01:00:00,501205035,7,2,9,1,0
01:00:00,501205036,6,1,9,1,0
01:00:00,501205037,6,0,9,1,0
01:00:00,501205038,4,0,16,1,0
01:00:00,501205039,13,2,7,1,0
01:00:00,501205040,3,0,22,1,0
01:00:00,501205041,17,4,0,1,0
01:00:00,501205042,7,2,21,1,0
01:00:00,501208011,31,1,6,1,0
01:00:00,501208013,53,3,1,1,0
01:00:00,501208014,20,0,18,1,0
01:00:00,501208015,4,0,11,1,0
01:00:00,501208018,9,1,6,1,0
01:00:00,501208021,3,0,14,1,0
01:00:00,501208027,4,0,25,1,0
01:00:00,501208029,14,5,8,1,0
01:00:00,501208030,5,0,33,1,0
01:00:00,501208032,3,0,25,1,0
01:00:00,501208040,1,0,18,1,0
01:00:00,501208041,2,0,13,1,0
01:00:00,501208045,8,0,24,1,0
01:00:00,501208051,3,0,33,1,0
01:00:00,501208053,11,0,10,1,0
01:00:00,501208054,1,0,26,1,0
01:00:00,501208059,3,0,26,1,0
01:00:00,501208064,1,0,19,1,0
01:00:00,501208077,6,2,4,1,0
01:00:00,501208079,1,0,21,1,0
01:00:00,501208082,8,0,2,1,0
01:00:00,501208085,11,3,6,1,0
01:00:00,501208087,15,0,16,1,0
01:00:00,501208089,20,3,5,1,0
01:00:00,501208091,2,1,41,1,0
01:00:00,501208111,6,2,9,1,0
01:00:00,501208113,4,0,16,1,0
01:00:00,501208114,5,0,15,1,0
01:00:00,501208129,2,0,20,1,0
01:00:00,501208130,6,0,8,1,0
01:00:00,501209002,16,3,3,1,0
01:00:00,501209003,7,0,7,1,0
01:00:00,501209004,4,0,11,1,0
01:00:00,501209005,0,0,18,1,0
01:00:00,501209006,7,3,11,1,0
01:00:00,501209007,14,1,0,1,0
01:00:00,501209009,0,0,0,2,0
01:00:00,501209010,5,0,9,1,0
01:00:00,501209011,3,0,22,1,0
01:00:00,501209014,6,0,6,1,0
01:00:00,501209015,5,0,10,1,0
01:00:00,501209016,2,1,27,1,0
01:00:00,501209017,6,1,7,1,0
01:00:00,501209018,7,1,10,1,0
01:00:00,501209019,4,1,21,1,0
01:00:00,501209020,4,1,28,1,0
01:00:00,501209021,6,1,8,1,0
01:00:00,501209022,9,0,1,1,0
01:00:00,501209023,1,0,42,1,0
01:00:00,501209024,11,0,31,1,0
01:00:00,501209025,9,0,6,1,0
01:00:00,501209026,11,0,15,1,0
01:00:00,501209027,6,1,12,1,0
01:00:00,501209028,4,0,24,1,0
01:00:00,501209030,7,1,11,1,0
01:00:00,501209031,8,1,22,1,0
01:00:00,501209032,5,0,23,1,0
01:00:00,501209033,1,0,19,1,0
01:00:00,501209034,5,1,9,1,0
01:00:00,501209035,4,0,24,1,0
01:00:00,501209036,18,2,10,1,0
01:00:00,501209037,3,0,33,1,0
01:00:00,501209038,6,1,10,1,0
01:00:00,501209039,16,1,12,1,0
01:00:00,501209040,1,0,30,1,0
01:00:00,501209042,14,1,5,1,0
01:00:00,501209043,14,0,10,1,0
01:00:00,501209044,9,5,6,1,0
01:00:00,501209045,10,0,5,1,0
01:00:00,501209046,3,0,19,1,0
01:00:00,501209047,14,3,0,1,0
01:00:00,501209049,4,1,16,1,0
01:00:00,501209050,5,0,8,1,0
01:00:00,501209051,3,1,21,1,0
01:00:00,501209052,3,1,19,1,0
01:00:00,501209053,2,1,18,1,0
01:00:00,501209054,11,1,16,1,0
01:00:00,501209056,14,1,1,1,0
01:00:00,501209058,15,2,1,1,0
01:00:00,501209059,4,0,11,1,0
01:00:00,501209060,4,1,16,1,0
01:00:00,501209062,5,1,10,1,0
01:00:00,501209064,9,1,6,1,0
01:00:00,501209065,3,2,12,1,0
01:00:00,501209066,5,0,9,1,0
01:00:00,501209067,8,0,7,1,0
01:00:00,501209068,7,1,10,1,0
01:00:00,501209069,1,0,62,1,0
01:00:00,501209070,17,1,0,1,0
01:00:00,501209071,1,1,16,1,0
01:00:00,501209073,9,3,6,1,0
01:00:00,501209074,10,2,13,1,0
01:00:00,501209075,7,2,9,1,0
01:00:00,501209076,6,0,17,1,0
01:00:00,501209077,7,2,8,1,0
01:00:00,501209078,10,2,3,1,0
01:00:00,501209079,4,0,21,1,0
01:00:00,501209080,3,0,24,1,0
01:00:00,501209081,8,0,7,1,0
01:00:00,501209084,3,2,20,1,0
01:00:00,501209085,1,0,27,1,0
01:00:00,501209087,2,0,37,1,0
01:00:00,501209088,1,1,14,1,0
01:00:00,501209089,6,1,14,1,0
01:00:00,501209090,13,0,1,1,0
01:00:00,501209091,8,0,8,1,0
01:00:00,501209092,10,3,6,1,0
01:00:00,501209093,8,1,7,1,0
01:00:00,501209094,4,0,12,1,0
01:00:00,501209095,11,3,3,1,0
01:00:00,501209096,6,0,9,1,0
01:00:00,501209097,3,1,12,1,0
01:00:00,501209098,7,0,7,1,0
01:00:00,501209099,2,0,17,1,0
01:00:00,501209100,7,1,8,1,0
01:00:00,501209101,3,0,11,1,0
01:00:00,501209102,5,0,15,1,0
01:00:00,501209104,4,0,14,1,0
01:00:00,501209105,10,1,15,1,0
01:00:00,501209106,3,0,17,1,0
01:00:00,501211001,22,4,16,1,0
01:00:00,501211002,8,2,7,1,0
01:00:00,501211004,9,3,6,1,0
01:00:00,501211005,11,1,8,1,0
01:00:00,501211006,8,1,9,1,0
01:00:00,501211007,13,1,5,1,0
01:00:00,501211009,8,1,10,1,0
01:00:00,501211011,16,0,14,1,0
01:00:00,501211012,10,0,8,1,0
01:10:00,501201001,0,0,0,2,0
01:10:00,501201002,7,0,32,1,0
01:10:00,501201003,0,0,23,1,0
01:10:00,501201004,6,3,7,1,0
01:10:00,501201005,11,1,7,1,0
01:10:00,501201006,1,0,27,1,0
01:10:00,501201007,17,4,0,1,0
01:10:00,501201008,8,2,17,1,0
01:10:00,501201010,3,1,7,1,0
01:10:00,501201011,13,0,9,1,0
01:10:00,501201012,3,1,34,1,0
01:10:00,501201013,8,2,14,1,0
01:10:00,501201014,9,0,9,1,0
01:10:00,501201015,19,1,5,1,0
01:10:00,501201016,16,1,9,1,0
01:10:00,501201017,17,1,8,1,0
01:10:00,501201018,8,1,15,1,0
01:10:00,501201019,12,1,16,1,0
01:10:00,501201020,6,0,18,1,0
01:10:00,501201021,4,0,11,1,0
01:10:00,501201022,8,1,8,1,0
01:10:00,501201023,5,1,23,1,0
01:10:00,501201024,7,1,17,1,0
01:10:00,501201025,7,0,17,1,0
01:10:00,501201026,5,1,14,1,0
01:10:00,501201028,0,0,20,1,0
01:10:00,501201029,8,0,5,1,0
01:10:00,501201030,5,0,9,1,0
01:10:00,501201031,4,0,13,1,0
01:10:00,501202001,6,1,8,1,0
01:10:00,501202003,14,1,26,1,0
01:10:00,501202013,1,0,16,1,0
01:10:00,501202023,12,2,3,1,0
01:10:00,501202024,2,1,13,1,0
01:10:00,501202034,2,0,14,1,0
01:10:00,501202035,10,0,20,1,0
01:10:00,501202036,18,2,21,1,0
01:10:00,501202040,2,0,43,1,0
01:10:00,501202043,6,1,19,1,0
01:10:00,501202044,0,0,0,2,0
01:10:00,501202047,4,1,18,1,0
01:10:00,501202050,8,3,8,1,0
01:10:00,501202055,10,1,5,1,0
01:10:00,501202058,5,0,10,1,0
01:10:00,501202065,12,1,2,1,0
01:10:00,501202068,4,0,14,1,0
01:10:00,501202070,4,0,12,1,0
01:10:00,501202078,7,1,18,1,0
01:10:00,501202080,7,1,19,1,0
01:10:00,501202081,15,0,8,1,0
01:10:00,501202082,13,0,9,1,0
01:10:00,501202083,5,1,19,1,0
01:10:00,501202084,4,0,20,1,0
01:10:00,501202085,5,0,29,1,0
01:10:00,501202088,13,4,16,1,0
01:10:00,501202089,4,0,25,1,0
01:10:00,501202096,6,3,9,1,0
01:10:00,501203001,0,0,20,1,0
01:10:00,501203002,8,0,13,1,0
01:10:00,501203003,0,0,92,1,0
01:10:00,501203005,3,0,17,1,0
01:10:00,501203006,11,0,4,1,0
01:10:00,501203007,11,0,4,1,0
01:10:00,501203008,7,2,8,1,0
01:10:00,501203010,16,6,17,1,0
01:10:00,501203011,22,1,15,1,0
01:10:00,501203012,6,0,9,1,0
01:10:00,501203013,4,0,19,1,0
01:10:00,501203015,9,2,2,1,0
01:10:00,501203020,5,0,15,1,0
01:10:00,501203022,6,2,13,1,0
01:10:00,501203023,1,1,17,1,0
01:10:00,501203028,19,1,6,1,0
01:10:00,501203040,6,2,18,1,0
01:10:00,501203045,9,1,9,1,0
01:10:00,501203050,7,1,53,1,0
01:10:00,501203051,9,0,15,1,0
01:10:00,501203053,8,1,18,1,0
01:10:00,501203054,4,1,18,1,0
01:10:00,501203064,8,2,8,1,0
01:10:00,501203065,3,2,13,1,0
01:10:00,501203070,9,1,6,1,0
01:10:00,501203073,3,0,21,1,0
01:10:00,501203076,11,0,5,1,0
01:10:00,501203078,6,2,9,1,0
01:10:00,501203080,0,0,15,1,0
01:10:00,501203084,1,0,10,1,0
01:10:00,501203085,5,0,5,1,0
01:10:00,501203088,6,0,8,1,0
01:10:00,501203089,2,0,10,1,0
01:10:00,501203090,4,0,6,1,0
01:10:00,501203091,8,0,5,1,0
01:10:00,501203092,2,0,18,1,0
01:10:00,501203100,9,1,10,1,0
01:10:00,501203101,0,0,0,2,0
01:10:00,501203102,2,1,17,1,0
01:10:00,501203104,12,0,7,1,0
01:10:00,501203105,11,1,0,1,0
01:10:00,501203107,0,0,0,2,0
01:10:00,501203109,6,0,19,1,0
01:10:00,501203110,14,1,28,1,0
01:10:00,501203111,2,0,9,1,0
01:10:00,501203113,8,0,11,1,0
01:10:00,501203114,4,0,45,1,0
01:10:00,501203117,0,0,0,2,0
01:10:00,501203118,12,1,8,1,0
01:10:00,501203121,20,0,4,1,0
01:10:00,501203122,15,4,5,1,0
01:10:00,501203125,13,1,12,1,0
01:10:00,501203131,7,1,13,1,0
01:10:00,501203140,11,0,31,1,0
01:10:00,501203141,12,0,2,1,0
01:10:00,501203142,3,1,30,1,0
01:10:00,501203145,8,1,7,1,0
01:10:00,501203151,17,1,1,1,0
01:10:00,501203155,5,0,14,1,0
01:10:00,501203157,1,0,16,1,0
01:10:00,501203159,1,1,19,1,0
01:10:00,501203161,5,0,14,1,0
01:10:00,501203162,3,0,18,1,0
01:10:00,501203163,12,2,4,1,0
01:10:00,501204001,3,0,21,1,0
01:10:00,501204002,6,0,30,1,0
01:10:00,501204003,17,0,27,1,0
01:10:00,501204004,7,0,7,1,0
01:10:00,501204005,18,4,1,1,0
01:10:00,501204007,3,1,31,1,0
01:10:00,501204008,9,0,5,1,0
01:10:00,501204009,0,0,0,2,0
01:10:00,501204010,0,0,0,2,0
01:10:00,501204011,12,0,3,1,0
01:10:00,501204012,9,0,5,1,0
01:10:00,501204013,10,3,3,1,0
01:10:00,501204014,15,2,1,1,0
01:10:00,501204015,9,0,6,1,0
01:10:00,501204016,2,0,17,1,0
01:10:00,501204017,9,0,6,1,0
01:10:00,501204018,18,1,6,1,0
01:10:00,501204020,12,0,8,1,0
01:10:00,501204021,2,0,18,1,0
01:10:00,501204022,11,0,5,1,0
01:10:00,501204023,8,4,6,1,0
01:10:00,501204024,0,0,0,2,0
01:10:00,501204025,9,0,11,1,0
01:10:00,501205001,2,1,15,1,0
01:10:00,501205003,3,1,16,1,0
01:10:00,501205004,11,0,5,1,0
01:10:00,501205005,7,0,15,1,0
01:10:00,501205006,12,0,8,1,0
01:10:00,501205007,7,3,5,1,0
01:10:00,501205008,12,1,13,1,0
01:10:00,501205009,11,0,34,1,0
01:10:00,501205010,3,1,11,1,0
01:10:00,501205011,5,0,27,1,0
01:10:00,501205012,8,1,12,1,0
01:10:00,501205013,5,0,16,1,0
01:10:00,501205014,18,7,5,1,0
01:10:00,501205015,11,2,7,1,0
01:10:00,501205018,5,1,12,1,0
01:10:00,501205019,3,0,25,1,0
01:10:00,501205020,4,0,26,1,0
01:10:00,501205021,7,3,8,1,0
01:10:00,501205022,5,0,10,1,0
01:10:00,501205023,2,0,13,1,0
01:10:00,501205025,13,1,13,1,0
01:10:00,501205026,7,2,10,1,0
01:10:00,501205027,4,0,6,1,0
01:10:00,501205028,6,0,9,1,0
01:10:00,501205029,6,0,4,1,0
01:10:00,501205030,3,0,7,1,0
01:10:00,501205033,1,0,14,1,0
01:10:00,501205034,2,1,26,1,0
01:10:00,501205035,7,2,9,1,0
01:10:00,501205036,6,1,9,1,0
01:10:00,501205037,5,0,10,1,0
01:10:00,501205038,4,0,16,1,0
01:10:00,501205039,13,2,7,1,0
01:10:00,501205040,4,0,21,1,0
01:10:00,501205041,17,4,0,1,0
01:10:00,501205042,7,2,21,1,0
01:10:00,501208011,31,1,6,1,0
01:10:00,501208013,53,3,1,1,0
01:10:00,501208014,20,0,18,1,0
01:10:00,501208015,4,0,11,1,0
01:10:00,501208018,9,1,6,1,0
01:10:00,501208021,3,0,14,1,0
01:10:00,501208027,4,0,25,1,0
01:10:00,501208029,14,5,8,1,0
01:10:00,501208030,5,0,33,1,0
01:10:00,501208032,3,0,25,1,0
01:10:00,501208040,1,0,18,1,0
01:10:00,501208041,2,0,13,1,0
01:10:00,501208045,8,0,24,1,0
01:10:00,501208051,3,0,33,1,0
01:10:00,501208053,11,0,10,1,0
01:10:00,501208054,1,0,26,1,0
01:10:00,501208059,3,0,26,1,0
01:10:00,501208064,1,0,19,1,0
01:10:00,501208077,6,2,4,1,0
01:10:00,501208079,1,0,21,1,0
01:10:00,501208082,3,0,7,1,0
01:10:00,501208085,11,3,6,1,0
01:10:00,501208087,15,0,16,1,0
01:10:00,501208089,20,3,5,1,0
01:10:00,501208091,2,1,41,1,0
01:10:00,501208111,6,2,9,1,0
01:10:00,501208113,4,0,16,1,0
01:10:00,501208114,5,0,15,1,0
01:10:00,501208129,2,0,20,1,0
01:10:00,501208130,6,0,8,1,0
01:10:00,501209002,16,3,3,1,0
01:10:00,501209003,6,0,8,1,0
01:10:00,501209004,4,0,11,1,0
01:10:00,501209005,0,0,18,1,0
01:10:00,501209006,7,3,11,1,0
01:10:00,501209007,12,0,3,1,0
01:10:00,501209009,0,0,0,2,0
01:10:00,501209010,5,0,9,1,0
01:10:00,501209011,3,0,22,1,0
01:10:00,501209014,6,0,6,1,0
01:10:00,501209015,5,0,10,1,0
01:10:00,501209016,2,1,27,1,0
01:10:00,501209017,6,1,7,1,0
01:10:00,501209018,7,1,10,1,0
01:10:00,501209019,4,1,21,1,0
01:10:00,501209020,4,1,28,1,0
01:10:00,501209021,6,1,8,1,0
01:10:00,501209022,9,0,1,1,0
01:10:00,501209023,1,0,42,1,0
01:10:00,501209024,11,0,31,1,0
01:10:00,501209025,9,0,6,1,0
01:10:00,501209026,11,0,15,1,0
01:10:00,501209027,6,1,12,1,0
01:10:00,501209028,4,0,24,1,0
01:10:00,501209030,7,1,11,1,0
01:10:00,501209031,8,1,22,1,0
01:10:00,501209032,5,0,23,1,0
01:10:00,501209033,1,0,19,1,0
01:10:00,501209034,5,1,9,1,0
01:10:00,501209035,4,0,24,1,0
01:10:00,501209036,18,2,10,1,0
01:10:00,501209037,3,0,33,1,0
01:10:00,501209038,6,1,10,1,0
01:10:00,501209039,17,1,11,1,0
01:10:00,501209040,1,0,30,1,0
01:10:00,501209042,14,1,5,1,0
01:10:00,501209043,14,0,10,1,0
01:10:00,501209044,9,5,6,1,0
01:10:00,501209045,10,0,5,1,0
01:10:00,501209046,3,0,19,1,0
01:10:00,501209047,14,3,0,1,0
01:10:00,501209049,4,1,16,1,0
01:10:00,501209050,5,0,8,1,0
01:10:00,501209051,3,1,21,1,0
01:10:00,501209052,3,1,19,1,0
01:10:00,501209053,2,1,18,1,0
01:10:00,501209054,11,1,16,1,0
01:10:00,501209056,14,1,1,1,0
01:10:00,501209058,15,2,1,1,0
01:10:00,501209059,4,0,11,1,0
01:10:00,501209060,4,1,16,1,0
01:10:00,501209062,6,1,9,1,0
01:10:00,501209064,9,1,6,1,0
01:10:00,501209065,3,2,12,1,0
01:10:00,501209066,5,0,9,1,0
01:10:00,501209067,8,0,7,1,0
01:10:00,501209068,7,1,10,1,0
01:10:00,501209069,1,0,62,1,0
01:10:00,501209070,17,1,0,1,0
01:10:00,501209071,1,1,16,1,0
01:10:00,501209073,9,3,6,1,0
01:10:00,501209074,10,2,13,1,0
01:10:00,501209075,7,2,9,1,0
01:10:00,501209076,6,0,17,1,0
01:10:00,501209077,7,2,8,1,0
01:10:00,501209078,10,2,3,1,0
01:10:00,501209079,4,0,21,1,0
01:10:00,501209080,3,0,24,1,0
01:10:00,501209081,8,0,7,1,0
01:10:00,501209084,3,2,20,1,0
01:10:00,501209085,1,0,27,1,0
01:10:00,501209087,2,0,37,1,0
01:10:00,501209088,1,1,14,1,0
01:10:00,501209089,6,1,14,1,0
01:10:00,501209090,13,0,1,1,0
01:10:00,501209091,8,0,8,1,0
01:10:00,501209092,10,3,6,1,0
01:10:00,501209093,8,1,7,1,0
01:10:00,501209094,4,0,12,1,0
01:10:00,501209095,11,3,3,1,0
01:10:00,501209096,6,0,9,1,0
01:10:00,501209097,3,1,12,1,0
01:10:00,501209098,7,0,7,1,0
01:10:00,501209099,2,0,17,1,0
01:10:00,501209100,7,1,8,1,0
01:10:00,501209101,3,0,11,1,0
01:10:00,501209102,5,0,15,1,0
01:10:00,501209104,4,0,14,1,0
01:10:00,501209105,10,1,15,1,0
01:10:00,501209106,3,0,17,1,0
01:10:00,501211001,22,4,16,1,0
01:10:00,501211002,8,2,7,1,0
01:10:00,501211004,9,3,6,1,0
01:10:00,501211005,11,1,8,1,0
01:10:00,501211006,8,1,9,1,0
01:10:00,501211007,13,1,5,1,0
01:10:00,501211009,8,1,10,1,0
01:10:00,501211011,16,0,14,1,0
01:10:00,501211012,10,0,8,1,0
01:20:00,501201001,0,0,0,2,0
01:20:00,501201002,8,1,31,1,0
01:20:00,501201003,0,0,23,1,0
01:20:00,501201004,6,3,7,1,0
01:20:00,501201005,11,1,7,1,0
01:20:00,501201006,1,0,27,1,0
01:20:00,501201007,15,2,2,1,0
01:20:00,501201008,8,2,17,1,0
01:20:00,501201010,3,1,7,1,0
01:20:00,501201011,12,0,10,1,0
01:20:00,501201012,3,1,34,1,0
01:20:00,501201013,8,2,14,1,0
01:20:00,501201014,8,0,10,1,0
01:20:00,501201015,19,1,5,1,0
01:20:00,501201016,16,1,9,1,0
01:20:00,501201017,17,1,8,1,0
01:20:00,501201018,8,1,15,1,0
01:20:00,501201019,12,1,16,1,0
01:20:00,501201020,6,0,18,1,0
01:20:00,501201021,4,0,11,1,0
01:20:00,501201022,8,1,8,1,0
01:20:00,501201023,5,1,23,1,0
01:20:00,501201024,7,1,17,1,0
01:20:00,501201025,7,0,17,1,0
01:20:00,501201026,5,1,14,1,0
01:20:00,501201028,0,0,20,1,0
01:20:00,501201029,8,0,5,1,0
01:20:00,501201030,5,0,9,1,0
01:20:00,501201031,3,0,14,1,0
01:20:00,501202001,6,1,8,1,0
01:20:00,501202003,14,1,26,1,0
01:20:00,501202013,1,0,16,1,0
01:20:00,501202023,12,2,3,1,0
01:20:00,501202024,2,1,13,1,0
01:20:00,501202034,2,0,14,1,0
01:20:00,501202035,10,0,20,1,0
01:20:00,501202036,17,1,22,1,0
01:20:00,501202040,2,0,43,1,0
01:20:00,501202043,5,0,20,1,0
01:20:00,501202044,0,0,0,2,0
01:20:00,501202047,4,1,18,1,0
01:20:00,501202050,8,3,8,1,0
01:20:00,501202055,10,1,5,1,0
01:20:00,501202058,5,0,10,1,0
01:20:00,501202065,12,0,2,1,0
01:20:00,501202068,4,0,14,1,0
01:20:00,501202070,4,0,12,1,0
01:20:00,501202078,6,0,19,1,0
01:20:00,501202080,7,1,19,1,0
01:20:00,501202081,15,0,8,1,0
01:20:00,501202082,12,0,10,1,0
01:20:00,501202083,4,1,20,1,0
01:20:00,501202084,4,0,20,1,0
01:20:00,501202085,5,0,29,1,0
01:20:00,501202088,9,4,20,1,0
01:20:00,501202089,4,0,25,1,0
01:20:00,501202096,6,3,9,1,0
01:20:00,501203001,0,0,20,1,0
01:20:00,501203002,8,0,13,1,0
01:20:00,501203003,0,0,92,1,0
01:20:00,501203005,3,0,17,1,0
01:20:00,501203006,11,0,4,1,0
01:20:00,501203007,12,0,3,1,0
01:20:00,501203008,7,2,8,1,0
01:20:00,501203010,16,6,17,1,0
01:20:00,501203011,22,1,15,1,0
01:20:00,501203012,6,0,9,1,0
01:20:00,501203013,4,0,19,1,0
01:20:00,501203015,9,2,2,1,0
01:20:00,501203020,5,0,15,1,0
01:20:00,501203022,6,2,13,1,0
01:20:00,501203023,1,1,17,1,0
01:20:00,501203028,19,1,6,1,0
01:20:00,501203040,6,2,18,1,0
01:20:00,501203045,9,1,9,1,0
01:20:00,501203050,7,1,53,1,0
01:20:00,501203051,9,0,15,1,0
01:20:00,501203053,7,0,19,1,0
01:20:00,501203054,4,1,18,1,0
01:20:00,501203064,8,2,8,1,0
01:20:00,501203065,3,2,13,1,0
01:20:00,501203070,9,1,6,1,0
01:20:00,501203073,3,0,21,1,0
01:20:00,501203076,11,0,5,1,0
01:20:00,501203078,8,2,7,1,0
01:20:00,501203080,0,0,15,1,0
01:20:00,501203084,1,0,10,1,0
01:20:00,501203085,5,0,5,1,0
01:20:00,501203088,6,0,8,1,0
01:20:00,501203089,2,0,10,1,0
01:20:00,501203090,4,0,6,1,0
01:20:00,501203091,8,0,5,1,0
01:20:00,501203092,2,0,18,1,0
01:20:00,501203100,9,1,10,1,0
01:20:00,501203101,0,0,0,2,0
01:20:00,501203102,2,1,17,1,0
01:20:00,501203104,12,0,7,1,0
01:20:00,501203105,7,1,4,1,0
01:20:00,501203107,0,0,0,2,0
01:20:00,501203109,6,0,19,1,0
01:20:00,501203110,14,1,28,1,0
01:20:00,501203111,2,0,9,1,0
01:20:00,501203113,8,0,11,1,0
01:20:00,501203114,4,0,45,1,0
01:20:00,501203117,0,0,0,2,0
01:20:00,501203118,12,1,8,1,0
01:20:00,501203121,21,1,3,1,0
01:20:00,501203122,15,4,5,1,0
01:20:00,501203125,13,1,12,1,0
01:20:00,501203131,7,1,13,1,0
01:20:00,501203140,11,0,31,1,0
01:20:00,501203141,12,0,2,1,0
01:20:00,501203142,2,1,31,1,0
01:20:00,501203145,8,1,7,1,0
01:20:00,501203151,17,1,1,1,0
01:20:00,501203155,5,0,14,1,0
01:20:00,501203157,1,0,16,1,0
01:20:00,501203159,1,1,19,1,0
01:20:00,501203161,5,0,14,1,0
01:20:00,501203162,3,0,18,1,0
01:20:00,501203163,13,3,3,1,0
01:20:00,501204001,3,0,21,1,0
01:20:00,501204002,6,0,30,1,0
01:20:00,501204003,17,0,27,1,0
01:20:00,501204004,7,0,7,1,0
01:20:00,501204005,18,4,1,1,0
01:20:00,501204007,3,1,31,1,0
01:20:00,501204008,9,0,5,1,0
01:20:00,501204009,0,0,0,2,0
01:20:00,501204010,0,0,0,2,0
01:20:00,501204011,12,0,3,1,0
01:20:00,501204012,9,0,5,1,0
01:20:00,501204013,10,3,3,1,0
01:20:00,501204014,15,2,1,1,0
01:20:00,501204015,9,0,6,1,0
01:20:00,501204016,1,0,18,1,0
01:20:00,501204017,9,0,6,1,0
01:20:00,501204018,18,1,6,1,0
01:20:00,501204020,13,0,7,1,0
01:20:00,501204021,2,0,18,1,0
01:20:00,501204022,11,0,5,1,0
01:20:00,501204023,9,4,5,1,0
01:20:00,501204024,0,0,0,2,0
01:20:00,501204025,9,0,11,1,0
01:20:00,501205001,2,1,15,1,0
01:20:00,501205003,3,1,16,1,0
01:20:00,501205004,11,0,5,1,0
01:20:00,501205005,7,0,15,1,0
01:20:00,501205006,12,0,8,1,0
01:20:00,501205007,5,1,7,1,0
01:20:00,501205008,12,1,13,1,0
01:20:00,501205009,11,0,34,1,0
01:20:00,501205010,3,1,11,1,0
01:20:00,501205011,5,0,27,1,0
01:20:00,501205012,9,2,11,1,0
01:20:00,501205013,5,0,16,1,0
01:20:00,501205014,18,7,5,1,0
01:20:00,501205015,11,2,7,1,0
01:20:00,501205018,6,1,11,1,0
01:20:00,501205019,3,0,25,1,0
01:20:00,501205020,4,0,26,1,0
01:20:00,501205021,7,3,8,1,0
01:20:00,501205022,5,0,10,1,0
01:20:00,501205023,2,0,13,1,0
01:20:00,501205025,13,1,13,1,0
01:20:00,501205026,7,2,10,1,0
01:20:00,501205027,4,0,6,1,0
01:20:00,501205028,6,0,9,1,0
01:20:00,501205029,6,0,4,1,0
01:20:00,501205030,3,0,7,1,0
01:20:00,501205033,1,0,14,1,0
01:20:00,501205034,2,1,26,1,0
01:20:00,501205035,6,1,10,1,0
01:20:00,501205036,6,1,9,1,0
01:20:00,501205037,5,0,10,1,0
01:20:00,501205038,4,0,16,1,0
01:20:00,501205039,14,2,6,1,0
01:20:00,501205040,4,0,21,1,0
01:20:00,501205041,16,3,1,1,0
01:20:00,501205042,7,2,21,1,0
01:20:00,501208011,31,1,6,1,0
01:20:00,501208013,53,3,1,1,0
01:20:00,501208014,20,0,18,1,0
01:20:00,501208015,4,0,11,1,0
01:20:00,501208018,9,1,6,1,0
01:20:00,501208021,3,0,14,1,0
01:20:00,501208027,4,0,25,1,0
01:20:00,501208029,14,5,8,1,0
01:20:00,501208030,18,0,20,1,0
01:20:00,501208032,3,0,25,1,0
01:20:00,501208040,1,0,18,1,0
01:20:00,501208041,2,0,13,1,0
01:20:00,501208045,8,0,24,1,0
01:20:00,501208051,3,0,33,1,0
01:20:00,501208053,10,0,11,1,0
01:20:00,501208054,1,0,26,1,0
01:20:00,501208059,3,0,26,1,0
01:20:00,501208064,1,0,19,1,0
01:20:00,501208077,5,1,5,1,0
01:20:00,501208079,1,0,21,1,0
01:20:00,501208082,3,0,7,1,0
01:20:00,501208085,11,3,6,1,0
01:20:00,501208087,15,0,16,1,0
01:20:00,501208089,20,3,5,1,0
01:20:00,501208091,2,1,41,1,0
01:20:00,501208111,6,2,9,1,0
01:20:00,501208113,4,0,16,1,0
01:20:00,501208114,5,0,15,1,0
01:20:00,501208129,2,0,20,1,0
01:20:00,501208130,6,0,8,1,0
01:20:00,501209002,16,3,3,1,0
01:20:00,501209003,6,0,8,1,0
01:20:00,501209004,4,0,11,1,0
01:20:00,501209005,0,0,18,1,0
01:20:00,501209006,7,3,11,1,0
01:20:00,501209007,12,0,3,1,0
01:20:00,501209009,0,0,0,2,0
01:20:00,501209010,5,0,9,1,0
01:20:00,501209011,3,0,22,1,0
01:20:00,501209014,6,0,6,1,0
01:20:00,501209015,5,0,10,1,0
01:20:00,501209016,2,1,27,1,0
01:20:00,501209017,6,1,7,1,0
01:20:00,501209018,7,1,10,1,0
01:20:00,501209019,4,1,21,1,0
01:20:00,501209020,4,1,28,1,0
01:20:00,501209021,6,1,8,1,0
01:20:00,501209022,9,0,1,1,0
01:20:00,501209023,17,0,26,1,0
01:20:00,501209024,11,0,31,1,0
01:20:00,501209025,9,0,6,1,0
01:20:00,501209026,11,0,15,1,0
01:20:00,501209027,6,1,12,1,0
01:20:00,501209028,4,0,24,1,0
01:20:00,501209030,7,1,11,1,0
01:20:00,501209031,8,1,22,1,0
01:20:00,501209032,5,0,23,1,0
01:20:00,501209033,1,0,19,1,0
01:20:00,501209034,5,1,9,1,0
01:20:00,501209035,4,0,24,1,0
01:20:00,501209036,18,2,10,1,0
01:20:00,501209037,3,0,33,1,0
01:20:00,501209038,7,1,9,1,0
01:20:00,501209039,17,1,11,1,0
01:20:00,501209040,1,0,30,1,0
01:20:00,501209042,15,1,4,1,0
01:20:00,501209043,14,0,10,1,0
01:20:00,501209044,9,5,6,1,0
01:20:00,501209045,10,0,5,1,0
01:20:00,501209046,3,0,19,1,0
01:20:00,501209047,14,3,0,1,0
01:20:00,501209049,4,1,16,1,0
01:20:00,501209050,5,0,8,1,0
01:20:00,501209051,3,1,21,1,0
01:20:00,501209052,3,1,19,1,0
01:20:00,501209053,2,1,18,1,0
01:20:00,501209054,11,1,16,1,0
01:20:00,501209056,14,1,1,1,0
01:20:00,501209058,15,2,1,1,0
01:20:00,501209059,4,0,11,1,0
01:20:00,501209060,4,1,16,1,0
01:20:00,501209062,6,1,9,1,0
01:20:00,501209064,9,1,6,1,0
01:20:00,501209065,3,2,12,1,0
01:20:00,501209066,5,0,9,1,0
01:20:00,501209067,8,0,7,1,0
01:20:00,501209068,7,1,10,1,0
01:20:00,501209069,1,0,62,1,0
01:20:00,501209070,17,1,0,1,0
01:20:00,501209071,1,1,16,1,0
01:20:00,501209073,9,3,6,1,0
01:20:00,501209074,10,2,13,1,0
01:20:00,501209075,7,2,9,1,0
01:20:00,501209076,7,1,16,1,0
01:20:00,501209077,7,2,8,1,0
01:20:00,501209078,10,2,3,1,0
01:20:00,501209079,4,0,21,1,0
01:20:00,501209080,3,0,24,1,0
01:20:00,501209081,8,0,7,1,0
01:20:00,501209084,3,2,20,1,0
01:20:00,501209085,1,0,27,1,0
01:20:00,501209087,2,0,37,1,0
01:20:00,501209088,1,1,14,1,0
01:20:00,501209089,6,1,14,1,0
01:20:00,501209090,13,0,1,1,0
01:20:00,501209091,8,0,8,1,0
01:20:00,501209092,10,3,6,1,0
01:20:00,501209093,6,1,9,1,0
01:20:00,501209094,4,0,12,1,0
01:20:00,501209095,11,3,3,1,0
01:20:00,501209096,6,0,9,1,0
01:20:00,501209097,3,1,12,1,0
01:20:00,501209098,7,0,7,1,0
01:20:00,501209099,2,0,17,1,0
01:20:00,501209100,7,1,8,1,0
01:20:00,501209101,3,0,11,1,0
01:20:00,501209102,4,0,16,1,0
01:20:00,501209104,4,0,14,1,0
01:20:00,501209105,10,1,15,1,0
01:20:00,501209106,3,0,17,1,0
01:20:00,501211001,21,4,17,1,0
01:20:00,501211002,8,2,7,1,0
01:20:00,501211004,9,3,6,1,0
01:20:00,501211005,11,1,8,1,0
01:20:00,501211006,8,1,9,1,0
01:20:00,501211007,14,1,4,1,0
01:20:00,501211009,8,1,10,1,0
01:20:00,501211011,16,0,14,1,0
01:20:00,501211012,10,0,8,1,0
01:30:00,501201001,0,0,0,2,0
01:30:00,501201002,8,1,31,1,0
01:30:00,501201003,0,0,23,1,0
01:30:00,501201004,6,3,7,1,0
01:30:00,501201005,11,1,7,1,0
01:30:00,501201006,1,0,27,1,0
01:30:00,501201007,17,4,0,1,0
01:30:00,501201008,8,2,17,1,0
01:30:00,501201010,3,1,7,1,0
01:30:00,501201011,12,0,10,1,0
01:30:00,501201012,3,1,34,1,0
01:30:00,501201013,8,2,14,1,0
01:30:00,501201014,8,0,10,1,0
01:30:00,501201015,19,1,5,1,0
01:30:00,501201016,16,1,9,1,0
01:30:00,501201017,16,0,9,1,0
01:30:00,501201018,8,1,15,1,0
01:30:00,501201019,13,2,15,1,0
01:30:00,501201020,6,0,18,1,0
01:30:00,501201021,4,0,11,1,0
01:30:00,501201022,8,1,8,1,0
01:30:00,501201023,5,1,23,1,0
01:30:00,501201024,7,1,17,1,0
01:30:00,501201025,7,0,17,1,0
01:30:00,501201026,5,1,14,1,0
01:30:00,501201028,0,0,20,1,0
01:30:00,501201029,8,0,5,1,0
01:30:00,501201030,5,0,9,1,0
01:30:00,501201031,3,0,14,1,0
01:30:00,501202001,6,1,8,1,0
01:30:00,501202003,14,1,26,1,0
01:30:00,501202013,1,0,16,1,0
01:30:00,501202023,12,2,3,1,0
01:30:00,501202024,2,0,13,1,0
01:30:00,501202034,2,0,14,1,0
01:30:00,501202035,10,0,20,1,0
01:30:00,501202036,17,1,22,1,0
01:30:00,501202040,2,0,43,1,0
01:30:00,501202043,5,0,20,1,0
01:30:00,501202044,0,0,0,2,0
01:30:00,501202047,4,1,18,1,0
01:30:00,501202050,8,3,8,1,0
01:30:00,501202055,10,1,5,1,0
01:30:00,501202058,5,0,10,1,0
01:30:00,501202065,12,0,2,1,0
01:30:00,501202068,4,0,14,1,0
01:30:00,501202070,4,0,12,1,0
01:30:00,501202078,6,0,19,1,0
01:30:00,501202080,6,1,20,1,0
01:30:00,501202081,15,0,8,1,0
01:30:00,501202082,12,0,10,1,0
01:30:00,501202083,4,1,20,1,0
01:30:00,501202084,4,0,20,1,0
01:30:00,501202085,5,0,29,1,0
01:30:00,501202088,10,5,20,1,0
01:30:00,501202089,4,0,25,1,0
01:30:00,501202096,6,3,9,1,0
01:30:00,501203001,0,0,20,1,0
01:30:00,501203002,9,1,12,1,0
01:30:00,501203003,0,0,92,1,0
01:30:00,501203005,3,0,17,1,0
01:30:00,501203006,11,0,4,1,0
01:30:00,501203007,12,0,3,1,0
01:30:00,501203008,7,2,8,1,0
01:30:00,501203010,16,6,17,1,0
01:30:00,501203011,22,1,15,1,0
01:30:00,501203012,6,0,9,1,0
01:30:00,501203013,4,0,19,1,0
01:30:00,501203015,9,2,2,1,0
01:30:00,501203020,5,0,15,1,0
01:30:00,501203022,6,2,13,1,0
01:30:00,501203023,1,1,17,1,0
01:30:00,501203028,19,1,6,1,0
01:30:00,501203040,6,2,18,1,0
01:30:00,501203045,11,1,7,1,0
01:30:00,501203050,8,1,52,1,0
01:30:00,501203051,9,0,15,1,0
01:30:00,501203053,7,0,19,1,0
01:30:00,501203054,4,1,18,1,0
01:30:00,501203064,8,2,8,1,0
01:30:00,501203065,0,0,16,1,0
01:30:00,501203070,9,1,6,1,0
01:30:00,501203073,3,0,21,1,0
01:30:00,501203076,11,0,5,1,0
01:30:00,501203078,8,2,7,1,0
01:30:00,501203080,0,0,15,1,0
01:30:00,501203084,1,0,10,1,0
01:30:00,501203085,5,0,5,1,0
01:30:00,501203088,6,0,8,1,0
01:30:00,501203089,2,0,10,1,0
01:30:00,501203090,4,0,6,1,0
01:30:00,501203091,8,0,5,1,0
01:30:00,501203092,2,0,18,1,0
01:30:00,501203100,8,0,11,1,0
01:30:00,501203101,0,0,0,2,0
01:30:00,501203102,2,1,17,1,0
01:30:00,501203104,11,0,8,1,0
01:30:00,501203105,5,1,6,1,0
01:30:00,501203107,0,0,0,2,0
01:30:00,501203109,7,0,18,1,0
01:30:00,501203110,14,1,28,1,0
01:30:00,501203111,2,0,9,1,0
01:30:00,501203113,8,0,11,1,0
01:30:00,501203114,4,0,45,1,0
01:30:00,501203117,0,0,0,2,0
01:30:00,501203118,12,1,8,1,0
01:30:00,501203121,21,1,3,1,0
01:30:00,501203122,15,4,5,1,0
01:30:00,501203125,13,1,12,1,0
01:30:00,501203131,7,1,13,1,0
01:30:00,501203140,11,0,31,1,0
01:30:00,501203141,12,0,2,1,0
01:30:00,501203142,1,1,32,1,0
01:30:00,501203145,8,1,7,1,0
01:30:00,501203151,16,0,2,1,0
01:30:00,501203155,5,0,14,1,0
01:30:00,501203157,1,0,16,1,0
01:30:00,501203159,1,1,19,1,0
01:30:00,501203161,5,0,14,1,0
01:30:00,501203162,3,0,18,1,0
01:30:00,501203163,13,3,3,1,0
01:30:00,501204001,3,0,21,1,0
01:30:00,501204002,6,0,30,1,0
01:30:00,501204003,17,0,27,1,0
01:30:00,501204004,7,0,7,1,0
01:30:00,501204005,18,4,1,1,0
01:30:00,501204007,3,1,31,1,0
01:30:00,501204008,9,0,5,1,0
01:30:00,501204009,0,0,0,2,0
01:30:00,501204010,0,0,0,2,0
01:30:00,501204011,12,0,3,1,0
01:30:00,501204012,9,0,5,1,0
01:30:00,501204013,10,3,3,1,0
01:30:00,501204014,15,2,1,1,0
01:30:00,501204015,9,0,6,1,0
01:30:00,501204016,1,0,18,1,0
01:30:00,501204017,9,0,6,1,0
01:30:00,501204018,18,1,6,1,0
01:30:00,501204020,12,0,8,1,0
01:30:00,501204021,2,0,18,1,0
01:30:00,501204022,11,0,5,1,0
01:30:00,501204023,9,4,5,1,0
01:30:00,501204024,0,0,0,2,0
01:30:00,501204025,9,0,11,1,0
01:30:00,501205001,2,1,15,1,0
01:30:00,501205003,3,1,16,1,0
01:30:00,501205004,11,0,5,1,0
01:30:00,501205005,7,0,15,1,0
01:30:00,501205006,12,0,8,1,0
01:30:00,501205007,5,1,7,1,0
01:30:00,501205008,12,1,13,1,0
01:30:00,501205009,11,0,34,1,0
01:30:00,501205010,3,1,11,1,0
01:30:00,501205011,5,0,27,1,0
01:30:00,501205012,10,3,10,1,0
01:30:00,501205013,5,0,16,1,0
01:30:00,501205014,18,7,5,1,0
01:30:00,501205015,11,2,7,1,0
01:30:00,501205018,5,1,12,1,0
01:30:00,501205019,3,0,25,1,0
01:30:00,501205020,4,0,26,1,0
01:30:00,501205021,7,3,8,1,0
01:30:00,501205022,5,0,10,1,0
01:30:00,501205023,2,0,13,1,0
01:30:00,501205025,13,1,13,1,0
01:30:00,501205026,7,2,10,1,0
01:30:00,501205027,4,0,6,1,0
01:30:00,501205028,6,0,9,1,0
01:30:00,501205029,6,0,4,1,0
01:30:00,501205030,3,0,7,1,0
01:30:00,501205033,1,0,14,1,0
01:30:00,501205034,2,1,26,1,0
01:30:00,501205035,6,1,10,1,0
01:30:00,501205036,6,1,9,1,0
01:30:00,501205037,5,0,10,1,0
01:30:00,501205038,4,0,16,1,0
01:30:00,501205039,14,2,6,1,0
01:30:00,501205040,4,0,21,1,0
01:30:00,501205041,16,3,1,1,0
01:30:00,501205042,7,2,21,1,0
01:30:00,501208011,18,1,19,1,0
01:30:00,501208013,53,3,1,1,0
01:30:00,501208014,20,0,18,1,0
01:30:00,501208015,4,0,11,1,0
01:30:00,501208018,9,1,6,1,0
01:30:00,501208021,3,0,14,1,0
01:30:00,501208027,4,0,25,1,0
01:30:00,501208029,14,5,8,1,0
01:30:00,501208030,18,0,20,1,0
01:30:00,501208032,3,0,25,1,0
01:30:00,501208040,1,0,18,1,0
01:30:00,501208041,2,0,13,1,0
01:30:00,501208045,8,0,24,1,0
01:30:00,501208051,3,0,33,1,0
01:30:00,501208053,10,0,11,1,0
01:30:00,501208054,1,0,26,1,0
01:30:00,501208059,3,0,26,1,0
01:30:00,501208064,1,0,19,1,0
01:30:00,501208077,6,1,4,1,0
01:30:00,501208079,1,0,21,1,0
01:30:00,501208082,3,0,7,1,0
01:30:00,501208085,12,3,5,1,0
01:30:00,501208087,17,0,14,1,0
01:30:00,501208089,20,3,5,1,0
01:30:00,501208091,2,1,41,1,0
01:30:00,501208111,6,2,9,1,0
01:30:00,501208113,4,0,16,1,0
01:30:00,501208114,5,0,15,1,0
01:30:00,501208129,2,0,20,1,0
01:30:00,501208130,6,0,8,1,0
01:30:00,501209002,16,3,3,1,0
01:30:00,501209003,7,0,7,1,0
01:30:00,501209004,4,0,11,1,0
01:30:00,501209005,0,0,18,1,0
01:30:00,501209006,8,4,10,1,0
01:30:00,501209007,12,0,3,1,0
01:30:00,501209009,0,0,0,2,0
01:30:00,501209010,5,0,9,1,0
01:30:00,501209011,3,0,22,1,0
01:30:00,501209014,6,0,6,1,0
01:30:00,501209015,5,0,10,1,0
01:30:00,501209016,2,1,27,1,0
01:30:00,501209017,6,1,7,1,0
01:30:00,501209018,7,1,10,1,0
01:30:00,501209019,4,1,21,1,0
01:30:00,501209020,4,1,28,1,0
01:30:00,501209021,6,1,8,1,0
01:30:00,501209022,9,0,1,1,0
01:30:00,501209023,17,0,26,1,0
01:30:00,501209024,11,0,31,1,0
01:30:00,501209025,9,0,6,1,0
01:30:00,501209026,11,0,15,1,0
01:30:00,501209027,6,1,12,1,0
01:30:00,501209028,4,0,24,1,0
01:30:00,501209030,7,1,11,1,0
01:30:00,501209031,8,1,22,1,0
01:30:00,501209032,5,0,23,1,0
01:30:00,501209033,1,0,19,1,0
01:30:00,501209034,5,1,9,1,0
01:30:00,501209035,4,0,24,1,0
01:30:00,501209036,18,2,10,1,0
01:30:00,501209037,3,0,33,1,0
01:30:00,501209038,7,1,9,1,0
01:30:00,501209039,17,1,11,1,0
01:30:00,501209040,1,0,30,1,0
01:30:00,501209042,15,1,4,1,0
01:30:00,501209043,14,0,10,1,0
01:30:00,501209044,9,5,6,1,0
01:30:00,501209045,10,0,5,1,0
01:30:00,501209046,3,0,19,1,0
01:30:00,501209047,14,3,0,1,0
01:30:00,501209049,4,1,16,1,0
01:30:00,501209050,5,0,8,1,0
01:30:00,501209051,3,1,21,1,0
01:30:00,501209052,3,1,19,1,0
01:30:00,501209053,2,1,18,1,0
01:30:00,501209054,11,1,16,1,0
01:30:00,501209056,14,1,1,1,0
01:30:00,501209058,15,2,1,1,0
01:30:00,501209059,4,0,11,1,0
01:30:00,501209060,4,1,16,1,0
01:30:00,501209062,6,1,9,1,0
01:30:00,501209064,9,1,6,1,0
01:30:00,501209065,3,2,12,1,0
01:30:00,501209066,5,0,9,1,0
01:30:00,501209067,8,0,7,1,0
01:30:00,501209068,7,1,10,1,0
01:30:00,501209069,1,0,62,1,0
01:30:00,501209070,9,1,8,1,0
01:30:00,501209071,1,1,16,1,0
01:30:00,501209073,9,3,6,1,0
01:30:00,501209074,10,2,13,1,0
01:30:00,501209075,7,2,9,1,0
01:30:00,501209076,7,1,16,1,0
01:30:00,501209077,7,2,8,1,0
01:30:00,501209078,10,2,3,1,0
01:30:00,501209079,4,0,21,1,0
01:30:00,501209080,3,0,24,1,0
01:30:00,501209081,8,0,7,1,0
01:30:00,501209084,3,2,20,1,0
01:30:00,501209085,1,0,27,1,0
01:30:00,501209087,2,0,37,1,0
01:30:00,501209088,1,1,14,1,0
01:30:00,501209089,6,1,14,1,0
01:30:00,501209090,13,0,1,1,0
01:30:00,501209091,8,0,8,1,0
01:30:00,501209092,10,3,6,1,0
01:30:00,501209093,6,1,9,1,0
01:30:00,501209094,4,0,12,1,0
01:30:00,501209095,11,3,3,1,0
01:30:00,501209096,6,0,9,1,0
01:30:00,501209097,3,1,12,1,0
01:30:00,501209098,7,0,7,1,0
01:30:00,501209099,2,0,17,1,0
01:30:00,501209100,7,1,8,1,0
01:30:00,501209101,3,0,11,1,0
01:30:00,501209102,4,0,16,1,0
01:30:00,501209104,4,0,14,1,0
01:30:00,501209105,10,1,15,1,0
01:30:00,501209106,3,0,17,1,0
01:30:00,501211001,21,4,17,1,0
01:30:00,501211002,8,2,7,1,0
01:30:00,501211004,9,3,6,1,0
01:30:00,501211005,11,1,8,1,0
01:30:00,501211006,8,1,9,1,0
01:30:00,501211007,14,1,4,1,0
01:30:00,501211009,8,1,10,1,0
01:30:00,501211011,16,0,14,1,0
01:30:00,501211012,10,0,8,1,0
01:40:00,501201001,0,0,0,2,0
01:40:00,501201002,8,1,31,1,0
01:40:00,501201003,0,0,23,1,0
01:40:00,501201004,6,3,7,1,0
01:40:00,501201005,11,1,7,1,0
01:40:00,501201006,1,0,27,1,0
01:40:00,501201007,17,4,0,1,0
01:40:00,501201008,8,2,17,1,0
01:40:00,501201010,3,1,7,1,0
01:40:00,501201011,12,0,10,1,0
01:40:00,501201012,5,1,32,1,0
01:40:00,501201013,8,2,14,1,0
01:40:00,501201014,8,0,10,1,0
01:40:00,501201015,19,1,5,1,0
01:40:00,501201016,16,1,9,1,0
01:40:00,501201017,16,0,9,1,0
01:40:00,501201018,8,1,15,1,0
01:40:00,501201019,13,2,15,1,0
01:40:00,501201020,6,0,18,1,0
01:40:00,501201021,4,0,11,1,0
01:40:00,501201022,8,1,8,1,0
01:40:00,501201023,5,1,23,1,0
01:40:00,501201024,7,1,17,1,0
01:40:00,501201025,7,0,17,1,0
01:40:00,501201026,5,1,14,1,0
01:40:00,501201028,0,0,20,1,0
01:40:00,501201029,8,0,5,1,0
01:40:00,501201030,5,0,9,1,0
01:40:00,501201031,3,0,14,1,0
01:40:00,501202001,6,1,8,1,0
01:40:00,501202003,14,1,26,1,0
01:40:00,501202013,1,0,16,1,0
01:40:00,501202023,12,2,3,1,0
01:40:00,501202024,2,0,13,1,0
01:40:00,501202034,2,0,14,1,0
01:40:00,501202035,10,0,20,1,0
01:40:00,501202036,17,1,22,1,0
01:40:00,501202040,2,0,43,1,0
01:40:00,501202043,5,0,20,1,0
01:40:00,501202044,0,0,0,2,0
01:40:00,501202047,4,1,18,1,0
01:40:00,501202050,8,3,8,1,0
01:40:00,501202055,10,1,5,1,0
01:40:00,501202058,5,0,10,1,0
01:40:00,501202065,12,0,2,1,0
01:40:00,501202068,4,0,14,1,0
01:40:00,501202070,4,0,12,1,0
01:40:00,501202078,7,0,18,1,0
01:40:00,501202080,6,1,20,1,0
01:40:00,501202081,16,1,7,1,0
01:40:00,501202082,12,0,10,1,0
01:40:00,501202083,4,1,20,1,0
01:40:00,501202084,4,0,20,1,0
01:40:00,501202085,5,0,29,1,0
01:40:00,501202088,10,5,20,1,0
01:40:00,501202089,4,0,25,1,0
01:40:00,501202096,6,3,9,1,0
01:40:00,501203001,0,0,20,1,0
01:40:00,501203002,9,1,12,1,0
01:40:00,501203003,0,0,92,1,0
01:40:00,501203005,3,0,17,1,0
01:40:00,501203006,11,0,4,1,0
01:40:00,501203007,12,0,3,1,0
01:40:00,501203008,7,2,8,1,0
01:40:00,501203010,16,6,17,1,0
01:40:00,501203011,22,1,14,1,0
01:40:00,501203012,6,0,9,1,0
01:40:00,501203013,4,0,19,1,0
01:40:00,501203015,9,2,2,1,0
01:40:00,501203020,5,0,15,1,0
01:40:00,501203022,6,2,13,1,0
01:40:00,501203023,1,1,17,1,0
01:40:00,501203028,19,1,6,1,0
01:40:00,501203040,6,2,18,1,0
01:40:00,501203045,11,1,7,1,0
01:40:00,501203050,23,4,37,1,0
01:40:00,501203051,9,0,15,1,0
01:40:00,501203053,6,0,20,1,0
01:40:00,501203054,4,1,18,1,0
01:40:00,501203064,8,2,8,1,0
01:40:00,501203065,0,0,16,1,0
01:40:00,501203070,9,1,6,1,0
01:40:00,501203073,3,0,21,1,0
01:40:00,501203076,11,0,5,1,0
01:40:00,501203078,6,1,9,1,0
01:40:00,501203080,0,0,15,1,0
01:40:00,501203084,1,0,10,1,0
01:40:00,501203085,5,0,5,1,0
01:40:00,501203088,6,0,8,1,0
01:40:00,501203089,2,0,10,1,0
01:40:00,501203090,4,0,6,1,0
01:40:00,501203091,8,0,5,1,0
01:40:00,501203092,2,0,18,1,0
01:40:00,501203100,8,0,11,1,0
01:40:00,501203101,0,0,0,2,0
01:40:00,501203102,2,1,17,1,0
01:40:00,501203104,11,0,8,1,0
01:40:00,501203105,5,1,6,1,0
01:40:00,501203107,0,0,0,2,0
01:40:00,501203109,7,0,18,1,0
01:40:00,501203110,14,1,28,1,0
01:40:00,501203111,2,0,9,1,0
01:40:00,501203113,8,0,11,1,0
01:40:00,501203114,4,0,45,1,0
01:40:00,501203117,0,0,0,2,0
01:40:00,501203118,12,1,8,1,0
01:40:00,501203121,21,1,3,1,0
01:40:00,501203122,15,4,5,1,0
01:40:00,501203125,13,1,12,1,0
01:40:00,501203131,7,1,13,1,0
01:40:00,501203140,11,0,31,1,0
01:40:00,501203141,12,0,2,1,0
01:40:00,501203142,1,1,32,1,0
01:40:00,501203145,9,1,6,1,0
01:40:00,501203151,16,0,2,1,0
01:40:00,501203155,5,0,14,1,0
01:40:00,501203157,1,0,16,1,0
01:40:00,501203159,1,1,19,1,0
01:40:00,501203161,5,0,14,1,0
01:40:00,501203162,3,0,18,1,0
01:40:00,501203163,13,3,3,1,0
01:40:00,501204001,5,0,19,1,0
01:40:00,501204002,6,0,30,1,0
01:40:00,501204003,16,0,28,1,0
01:40:00,501204004,7,0,7,1,0
01:40:00,501204005,18,4,1,1,0
01:40:00,501204007,5,1,29,1,0
01:40:00,501204008,9,0,5,1,0
01:40:00,501204009,0,0,0,2,0
01:40:00,501204010,0,0,0,2,0
01:40:00,501204011,11,0,4,1,0
01:40:00,501204012,9,0,5,1,0
01:40:00,501204013,10,3,3,1,0
01:40:00,501204014,15,2,1,1,0
01:40:00,501204015,9,0,6,1,0
01:40:00,501204016,1,0,18,1,0
01:40:00,501204017,9,0,6,1,0
01:40:00,501204018,18,1,6,1,0
01:40:00,501204020,12,0,8,1,0
01:40:00,501204021,2,0,18,1,0
01:40:00,501204022,11,0,5,1,0
01:40:00,501204023,9,4,5,1,0
01:40:00,501204024,0,0,0,2,0
01:40:00,501204025,9,0,11,1,0
01:40:00,501205001,2,1,15,1,0
01:40:00,501205003,2,1,17,1,0
01:40:00,501205004,11,0,5,1,0
01:40:00,501205005,7,0,15,1,0
01:40:00,501205006,14,0,6,1,0
01:40:00,501205007,5,1,7,1,0
01:40:00,501205008,12,1,13,1,0
01:40:00,501205009,13,0,32,1,0
01:40:00,501205010,3,1,11,1,0
01:40:00,501205011,5,0,27,1,0
01:40:00,501205012,10,3,10,1,0
01:40:00,501205013,5,0,16,1,0
01:40:00,501205014,18,7,5,1,0
01:40:00,501205015,11,2,7,1,0
01:40:00,501205018,5,1,12,1,0
01:40:00,501205019,3,0,25,1,0
01:40:00,501205020,4,0,26,1,0
01:40:00,501205021,7,3,8,1,0
01:40:00,501205022,5,0,10,1,0
01:40:00,501205023,2,0,13,1,0
01:40:00,501205025,13,1,13,1,0
01:40:00,501205026,7,2,10,1,0
01:40:00,501205027,4,0,6,1,0
01:40:00,501205028,6,0,9,1,0
01:40:00,501205029,6,0,4,1,0
01:40:00,501205030,3,0,7,1,0
01:40:00,501205033,1,0,14,1,0
01:40:00,501205034,2,1,26,1,0
01:40:00,501205035,7,2,9,1,0
01:40:00,501205036,6,1,9,1,0
01:40:00,501205037,6,0,9,1,0
01:40:00,501205038,4,0,16,1,0
01:40:00,501205039,14,2,6,1,0
01:40:00,501205040,4,0,21,1,0
01:40:00,501205041,15,2,2,1,0
01:40:00,501205042,7,2,21,1,0
01:40:00,501208011,14,1,23,1,0
01:40:00,501208013,53,3,1,1,0
01:40:00,501208014,20,0,18,1,0
01:40:00,501208015,4,0,11,1,0
01:40:00,501208018,9,1,6,1,0
01:40:00,501208021,3,0,14,1,0
01:40:00,501208027,4,0,25,1,0
01:40:00,501208029,14,5,8,1,0
01:40:00,501208030,18,0,20,1,0
01:40:00,501208032,3,0,25,1,0
01:40:00,501208040,1,0,18,1,0
01:40:00,501208041,2,0,13,1,0
01:40:00,501208045,8,0,24,1,0
01:40:00,501208051,3,0,33,1,0
01:40:00,501208053,10,0,11,1,0
01:40:00,501208054,1,0,26,1,0
01:40:00,501208059,3,0,26,1,0
01:40:00,501208064,1,0,19,1,0
01:40:00,501208077,6,1,4,1,0
01:40:00,501208079,1,0,21,1,0
01:40:00,501208082,3,0,7,1,0
01:40:00,501208085,12,3,5,1,0
01:40:00,501208087,17,0,14,1,0
01:40:00,501208089,20,3,5,1,0
01:40:00,501208091,2,1,41,1,0
01:40:00,501208111,6,2,9,1,0
01:40:00,501208113,4,0,16,1,0
01:40:00,501208114,5,0,15,1,0
01:40:00,501208129,2,0,20,1,0
01:40:00,501208130,6,0,8,1,0
01:40:00,501209002,16,3,3,1,0
01:40:00,501209003,6,0,8,1,0
01:40:00,501209004,4,0,11,1,0
01:40:00,501209005,0,0,18,1,0
01:40:00,501209006,8,4,10,1,0
01:40:00,501209007,12,0,3,1,0
01:40:00,501209009,0,0,0,2,0
01:40:00,501209010,6,1,8,1,0
01:40:00,501209011,3,0,22,1,0
01:40:00,501209014,6,0,6,1,0
01:40:00,501209015,5,0,10,1,0
01:40:00,501209016,2,1,27,1,0
01:40:00,501209017,6,1,7,1,0
01:40:00,501209018,7,1,10,1,0
01:40:00,501209019,4,1,21,1,0
01:40:00,501209020,4,1,28,1,0
01:40:00,501209021,6,1,8,1,0
01:40:00,501209022,5,0,5,1,0
01:40:00,501209023,17,0,26,1,0
01:40:00,501209024,11,0,31,1,0
01:40:00,501209025,9,0,6,1,0
01:40:00,501209026,11,0,15,1,0
01:40:00,501209027,6,1,12,1,0
01:40:00,501209028,4,0,24,1,0
01:40:00,501209030,7,1,11,1,0
01:40:00,501209031,8,1,22,1,0
01:40:00,501209032,5,0,23,1,0
01:40:00,501209033,1,0,19,1,0
01:40:00,501209034,5,1,9,1,0
01:40:00,501209035,4,0,24,1,0
01:40:00,501209036,19,3,9,1,0
01:40:00,501209037,3,0,33,1,0
01:40:00,501209038,7,1,9,1,0
01:40:00,501209039,17,1,11,1,0
01:40:00,501209040,1,0,30,1,0
01:40:00,501209042,15,1,4,1,0
01:40:00,501209043,14,0,10,1,0
01:40:00,501209044,9,5,6,1,0
01:40:00,501209045,10,0,5,1,0
01:40:00,501209046,3,0,19,1,0
01:40:00,501209047,14,3,0,1,0
01:40:00,501209049,4,1,16,1,0
01:40:00,501209050,5,0,8,1,0
01:40:00,501209051,3,1,21,1,0
01:40:00,501209052,3,1,19,1,0
01:40:00,501209053,2,1,18,1,0
01:40:00,501209054,11,1,16,1,0
01:40:00,501209056,14,1,1,1,0
01:40:00,501209058,15,2,1,1,0
01:40:00,501209059,4,0,11,1,0
01:40:00,501209060,4,1,16,1,0
01:40:00,501209062,6,1,9,1,0
01:40:00,501209064,9,1,6,1,0
01:40:00,501209065,3,2,12,1,0
01:40:00,501209066,5,0,9,1,0
01:40:00,501209067,8,0,7,1,0
01:40:00,501209068,7,1,10,1,0
01:40:00,501209069,1,0,62,1,0
01:40:00,501209070,5,1,12,1,0
01:40:00,501209071,1,1,16,1,0
01:40:00,501209073,9,3,6,1,0
01:40:00,501209074,10,2,13,1,0
01:40:00,501209075,7,2,9,1,0
01:40:00,501209076,7,1,16,1,0
01:40:00,501209077,7,2,8,1,0
01:40:00,501209078,10,2,3,1,0
01:40:00,501209079,4,0,21,1,0
01:40:00,501209080,3,0,24,1,0
01:40:00,501209081,8,0,7,1,0
01:40:00,501209084,3,2,20,1,0
01:40:00,501209085,1,0,27,1,0
01:40:00,501209087,2,0,37,1,0
01:40:00,501209088,1,1,14,1,0
01:40:00,501209089,6,1,14,1,0
01:40:00,501209090,13,0,1,1,0
01:40:00,501209091,8,0,8,1,0
01:40:00,501209092,10,3,6,1,0
01:40:00,501209093,6,1,9,1,0
01:40:00,501209094,4,0,12,1,0
01:40:00,501209095,11,3,3,1,0
01:40:00,501209096,6,0,9,1,0
01:40:00,501209097,3,1,12,1,0
01:40:00,501209098,7,0,7,1,0
01:40:00,501209099,2,0,17,1,0
01:40:00,501209100,7,1,8,1,0
01:40:00,501209101,3,0,11,1,0
01:40:00,501209102,4,0,16,1,0
01:40:00,501209104,4,0,14,1,0
01:40:00,501209105,10,1,15,1,0
01:40:00,501209106,3,0,17,1,0
01:40:00,501211001,21,4,17,1,0
01:40:00,501211002,8,2,7,1,0
01:40:00,501211004,9,3,6,1,0
01:40:00,501211005,11,1,8,1,0
01:40:00,501211006,8,1,9,1,0
01:40:00,501211007,14,1,4,1,0
01:40:00,501211009,8,1,10,1,0
01:40:00,501211011,16,0,14,1,0
01:40:00,501211012,10,0,8,1,0
