time,sno,bikes,ebikes,empty,status,age
00:00:00,501201001,0,0,0,2,0
00:00:00,501201002,8,0,32,1,0
00:00:00,501201003,3,0,20,1,0
00:00:00,501201004,13,1,2,1,0
00:00:00,501201005,1,0,18,1,0
00:00:00,501201006,1,0,27,1,0
00:00:00,501201007,6,1,13,1,0
00:00:00,501201008,5,0,20,1,0
00:00:00,501201010,5,0,5,1,0
00:00:00,501201011,9,1,13,1,0
00:00:00,501201012,10,0,30,1,0
00:00:00,501201013,3,0,19,1,0
00:00:00,501201014,11,0,8,1,0
00:00:00,501201015,13,1,12,1,0
00:00:00,501201016,10,2,15,1,0
00:00:00,501201017,21,0,6,1,0
00:00:00,501201018,3,0,21,1,0
00:00:00,501201019,3,2,25,1,0
00:00:00,501201020,6,1,18,1,0
00:00:00,501201021,3,0,12,1,0
00:00:00,501201022,5,0,11,1,0
00:00:00,501201023,6,0,22,1,0
00:00:00,501201024,2,0,21,1,0
00:00:00,501201025,8,0,16,1,0
00:00:00,501201026,10,0,9,1,0
00:00:00,501201028,7,1,13,1,0
00:00:00,501201029,2,0,11,1,0
00:00:00,501201030,8,1,7,1,0
00:00:00,501201031,11,0,6,1,0
00:00:00,501202001,3,1,11,1,0
00:00:00,501202003,12,1,28,1,0
00:00:00,501202013,2,0,15,1,0
00:00:00,501202023,10,2,5,1,0
00:00:00,501202024,1,0,14,1,0
00:00:00,501202034,10,2,6,1,0
00:00:00,501202035,18,1,12,1,0
00:00:00,501202036,16,0,23,1,0
00:00:00,501202040,4,2,41,1,0
00:00:00,501202043,2,0,23,1,0
00:00:00,501202044,0,0,0,2,0
00:00:00,501202047,4,0,18,1,0
00:00:00,501202050,8,0,8,1,0
00:00:00,501202055,9,2,6,1,0
00:00:00,501202058,7,1,8,1,0
00:00:00,501202065,9,2,6,1,0
00:00:00,501202068,10,0,8,1,0
00:00:00,501202070,2,0,14,1,0
00:00:00,501202078,4,3,21,1,0
00:00:00,501202080,11,0,15,1,0
00:00:00,501202081,7,0,16,1,0
00:00:00,501202082,5,0,18,1,0
00:00:00,501202083,5,2,19,1,0
00:00:00,501202084,2,2,21,1,0
00:00:00,501202085,17,0,18,1,0
00:00:00,501202088,7,1,22,1,0
00:00:00,501202089,2,0,27,1,0
00:00:00,501202096,7,0,6,1,0
00:00:00,501203001,0,0,20,1,0
00:00:00,501203002,0,0,22,1,0
00:00:00,501203003,2,1,92,1,0
00:00:00,501203005,7,0,13,1,0
00:00:00,501203006,1,0,14,1,0
00:00:00,501203007,11,0,4,1,0
00:00:00,501203008,13,1,3,1,0
00:00:00,501203010,17,5,16,1,0
00:00:00,501203011,21,4,16,1,0
00:00:00,501203012,7,0,10,1,0
00:00:00,501203013,0,0,24,1,0
00:00:00,501203015,10,1,2,1,0
00:00:00,501203020,14,0,6,1,0
00:00:00,501203022,5,1,14,1,0
00:00:00,501203023,1,1,17,1,0
00:00:00,501203028,18,0,7,1,0
00:00:00,501203040,2,1,22,1,0
00:00:00,501203045,2,0,16,1,0
00:00:00,501203050,24,1,36,1,0
00:00:00,501203051,13,0,11,1,0
00:00:00,501203053,2,1,24,1,0
00:00:00,501203054,7,3,15,1,0
00:00:00,501203064,7,2,8,1,0
00:00:00,501203065,6,1,10,1,0
00:00:00,501203070,5,0,10,1,0
00:00:00,501203073,5,0,19,1,0
00:00:00,501203076,8,0,8,1,0
00:00:00,501203078,14,1,2,1,0
00:00:00,501203080,2,1,13,1,0
00:00:00,501203084,8,2,3,1,0
00:00:00,501203085,8,0,2,1,0
00:00:00,501203088,3,0,11,1,0
00:00:00,501203089,7,2,5,1,0
00:00:00,501203090,3,0,7,1,0
00:00:00,501203091,7,0,6,1,0
00:00:00,501203092,0,0,20,1,0
00:00:00,501203100,1,0,17,1,0
00:00:00,501203101,0,0,0,2,0
00:00:00,501203102,5,1,14,1,0
00:00:00,501203104,2,0,17,1,0
00:00:00,501203105,7,1,4,1,0
00:00:00,501203107,0,0,0,2,0
00:00:00,501203109,3,1,23,1,0
00:00:00,501203110,21,1,21,1,0
00:00:00,501203111,8,1,3,1,0
00:00:00,501203113,6,0,13,1,0
00:00:00,501203114,8,1,42,1,0
00:00:00,501203117,0,0,0,2,0
00:00:00,501203118,7,0,13,1,0
00:00:00,501203121,23,1,0,1,0
00:00:00,501203122,12,0,8,1,0
00:00:00,501203125,5,0,19,1,0
00:00:00,501203131,15,0,5,1,0
00:00:00,501203140,3,1,39,1,0
00:00:00,501203141,8,1,8,1,0
00:00:00,501203142,7,2,68,1,0
00:00:00,501203145,5,0,10,1,0
00:00:00,501203151,8,0,10,1,0
00:00:00,501203155,1,0,18,1,0
00:00:00,501203157,6,0,11,1,0
00:00:00,501203159,8,2,12,1,0
00:00:00,501203161,7,1,12,1,0
00:00:00,501203162,0,0,21,1,0
00:00:00,501203163,7,2,9,1,0
00:00:00,501204001,19,1,6,1,0
00:00:00,501204002,4,0,32,1,0
00:00:00,501204003,0,0,44,1,0
00:00:00,501204004,0,0,14,1,0
00:00:00,501204005,19,1,0,1,0
00:00:00,501204007,6,0,30,1,0
00:00:00,501204008,5,0,10,1,0
00:00:00,501204009,0,0,0,2,0
00:00:00,501204010,0,0,0,2,0
00:00:00,501204011,7,0,8,1,0
00:00:00,501204012,1,1,13,1,0
00:00:00,501204013,10,2,5,1,0
00:00:00,501204014,6,1,10,1,0
00:00:00,501204015,9,0,6,1,0
00:00:00,501204016,8,2,12,1,0
00:00:00,501204017,5,0,10,1,0
00:00:00,501204018,10,0,14,1,0
00:00:00,501204020,10,3,9,1,0
00:00:00,501204021,8,0,12,1,0
00:00:00,501204022,3,0,13,1,0
00:00:00,501204023,15,3,0,1,0
00:00:00,501204024,0,0,0,2,0
00:00:00,501204025,8,0,12,1,0
00:00:00,501205001,7,1,10,1,0
00:00:00,501205003,4,0,15,1,0
00:00:00,501205004,13,0,3,1,0
00:00:00,501205005,4,0,18,1,0
00:00:00,501205006,13,2,7,1,0
00:00:00,501205007,4,2,8,1,0
00:00:00,501205008,11,2,15,1,0
00:00:00,501205009,10,0,33,1,0
00:00:00,501205010,5,0,9,1,0
00:00:00,501205011,4,0,28,1,0
00:00:00,501205012,7,1,12,1,0
00:00:00,501205013,6,0,15,1,0
00:00:00,501205014,19,13,4,1,0
00:00:00,501205015,14,1,3,1,0
00:00:00,501205018,7,0,11,1,0
00:00:00,501205019,1,0,27,1,0
00:00:00,501205020,3,0,27,1,0
00:00:00,501205021,5,1,10,1,0
00:00:00,501205022,8,0,7,1,0
00:00:00,501205023,6,1,9,1,0
00:00:00,501205025,13,3,13,1,0
00:00:00,501205026,2,0,17,1,0
00:00:00,501205027,2,0,8,1,0
00:00:00,501205028,4,0,11,1,0
00:00:00,501205029,5,1,5,1,0
00:00:00,501205030,6,1,4,1,0
00:00:00,501205033,4,2,11,1,0
00:00:00,501205034,2,0,26,1,0
00:00:00,501205035,12,1,3,1,0
00:00:00,501205036,11,4,4,1,0
00:00:00,501205037,9,2,7,1,0
00:00:00,501205038,14,0,6,1,0
00:00:00,501205039,5,0,15,1,0
00:00:00,501205040,16,4,9,1,0
00:00:00,501205041,14,0,3,1,0
00:00:00,501205042,3,2,26,1,0
00:00:00,501208011,21,1,15,1,0
00:00:00,501208013,38,1,15,1,0
00:00:00,501208014,16,0,22,1,0
00:00:00,501208015,13,0,2,1,0
00:00:00,501208018,7,1,7,1,0
00:00:00,501208021,6,0,11,1,0
00:00:00,501208027,5,0,24,1,0
00:00:00,501208029,11,2,11,1,0
00:00:00,501208030,14,3,24,1,0
00:00:00,501208032,4,1,24,1,0
00:00:00,501208040,2,1,17,1,0
00:00:00,501208041,2,0,13,1,0
00:00:00,501208045,7,2,24,1,0
00:00:00,501208051,0,0,36,1,0
00:00:00,501208053,16,0,5,1,0
00:00:00,501208054,0,0,28,1,0
00:00:00,501208059,1,0,24,1,0
00:00:00,501208064,2,1,18,1,0
00:00:00,501208077,9,5,1,1,0
00:00:00,501208079,2,0,19,1,0
00:00:00,501208082,6,1,4,1,0
00:00:00,501208085,16,6,1,1,0
00:00:00,501208087,11,0,19,1,0
00:00:00,501208089,15,0,10,1,0
00:00:00,501208091,1,1,42,1,0
00:00:00,501208111,5,0,10,1,0
00:00:00,501208113,1,1,19,1,0
00:00:00,501208114,4,1,16,1,0
00:00:00,501208129,9,0,14,1,0
00:00:00,501208130,1,0,14,1,0
00:00:00,501209002,9,1,11,1,0
00:00:00,501209003,2,0,12,1,0
00:00:00,501209004,9,0,6,1,0
00:00:00,501209005,15,1,3,1,0
00:00:00,501209006,5,0,13,1,0
00:00:00,501209007,12,4,2,1,0
00:00:00,501209009,0,0,0,2,0
00:00:00,501209010,11,3,3,1,0
00:00:00,501209011,4,0,21,1,0
00:00:00,501209014,7,0,5,1,0
00:00:00,501209015,9,2,6,1,0
00:00:00,501209016,3,1,26,1,0
00:00:00,501209017,6,0,6,1,0
00:00:00,501209018,1,0,16,1,0
00:00:00,501209019,3,1,21,1,0
00:00:00,501209020,0,0,32,1,0
00:00:00,501209021,10,3,4,1,0
00:00:00,501209022,5,0,5,1,0
00:00:00,501209023,3,0,39,1,0
00:00:00,501209024,8,0,34,1,0
00:00:00,501209025,6,0,9,1,0
00:00:00,501209026,5,0,20,1,0
00:00:00,501209027,4,0,15,1,0
00:00:00,501209028,8,0,20,1,0
00:00:00,501209030,17,0,1,1,0
00:00:00,501209031,3,0,27,1,0
00:00:00,501209032,5,0,23,1,0
00:00:00,501209033,5,1,15,1,0
00:00:00,501209034,11,2,4,1,0
00:00:00,501209035,0,0,28,1,0
00:00:00,501209036,4,0,26,1,0
00:00:00,501209037,14,1,22,1,0
00:00:00,501209038,10,1,6,1,0
00:00:00,501209039,3,0,27,1,0
00:00:00,501209040,2,0,28,1,0
00:00:00,501209042,12,0,8,1,0
00:00:00,501209043,5,1,20,1,0
00:00:00,501209044,10,1,5,1,0
00:00:00,501209045,8,0,8,1,0
00:00:00,501209046,2,0,20,1,0
00:00:00,501209047,8,1,6,1,0
00:00:00,501209049,1,1,19,1,0
00:00:00,501209050,6,0,6,1,0
00:00:00,501209051,0,0,24,1,0
00:00:00,501209052,0,0,21,1,0
00:00:00,501209053,1,1,19,1,0
00:00:00,501209054,14,0,13,1,0
00:00:00,501209056,8,0,7,1,0
00:00:00,501209058,9,1,7,1,0
00:00:00,501209059,2,0,13,1,0
00:00:00,501209060,0,0,20,1,0
00:00:00,501209062,4,0,11,1,0
00:00:00,501209064,9,4,6,1,0
00:00:00,501209065,3,0,11,1,0
00:00:00,501209066,8,0,6,1,0
00:00:00,501209067,13,1,2,1,0
00:00:00,501209068,2,0,15,1,0
00:00:00,501209069,1,0,62,1,0
00:00:00,501209070,16,3,1,1,0
00:00:00,501209071,1,0,16,1,0
00:00:00,501209073,7,1,8,1,0
00:00:00,501209074,10,0,13,1,0
00:00:00,501209075,7,1,9,1,0
00:00:00,501209076,2,1,21,1,0
00:00:00,501209077,8,3,7,1,0
00:00:00,501209078,9,4,4,1,0
00:00:00,501209079,0,0,24,1,0
00:00:00,501209080,0,0,27,1,0
00:00:00,501209081,7,1,8,1,0
00:00:00,501209084,4,0,19,1,0
00:00:00,501209085,7,2,20,1,0
00:00:00,501209087,2,0,37,1,0
00:00:00,501209088,5,0,10,1,0
00:00:00,501209089,1,0,19,1,0
00:00:00,501209090,7,1,7,1,0
00:00:00,501209091,3,1,13,1,0
00:00:00,501209092,7,0,8,1,0
00:00:00,501209093,2,1,13,1,0
00:00:00,501209094,13,4,3,1,0
00:00:00,501209095,4,2,10,1,0
00:00:00,501209096,10,3,4,1,0
00:00:00,501209097,13,1,2,1,0
00:00:00,501209098,2,1,13,1,0
00:00:00,501209099,4,0,16,1,0
00:00:00,501209100,12,0,2,1,0
00:00:00,501209101,3,0,12,1,0
00:00:00,501209102,3,1,17,1,0
00:00:00,501209104,12,1,7,1,0
00:00:00,501209105,14,2,11,1,0
00:00:00,501209106,4,0,15,1,0
00:00:00,501211001,15,3,22,1,0
00:00:00,501211002,2,2,13,1,0
00:00:00,501211004,1,0,14,1,0
00:00:00,501211005,6,1,12,1,0
00:00:00,501211006,6,0,11,1,0
00:00:00,501211007,3,0,16,1,0
00:00:00,501211009,9,1,9,1,0
00:00:00,501211011,19,3,11,1,0
00:00:00,501211012,9,0,9,1,0
00:10:00,501201001,0,0,0,2,0
00:10:00,501201002,9,1,31,1,0
00:10:00,501201003,3,0,20,1,0
00:10:00,501201004,11,1,4,1,0
00:10:00,501201005,2,0,17,1,0
00:10:00,501201006,0,0,28,1,0
00:10:00,501201007,6,1,13,1,0
00:10:00,501201008,5,0,20,1,0
00:10:00,501201010,5,0,5,1,0
00:10:00,501201011,9,1,13,1,0
00:10:00,501201012,11,0,29,1,0
00:10:00,501201013,3,0,19,1,0
00:10:00,501201014,11,0,8,1,0
00:10:00,501201015,12,1,13,1,0
00:10:00,501201016,9,2,16,1,0
00:10:00,501201017,20,0,7,1,0
00:10:00,501201018,3,0,21,1,0
00:10:00,501201019,3,2,25,1,0
00:10:00,501201020,6,1,18,1,0
00:10:00,501201021,4,0,11,1,0
00:10:00,501201022,5,0,11,1,0
00:10:00,501201023,6,0,22,1,0
00:10:00,501201024,0,0,23,1,0
00:10:00,501201025,8,0,16,1,0
00:10:00,501201026,11,1,8,1,0
00:10:00,501201028,7,1,13,1,0
00:10:00,501201029,2,0,11,1,0
00:10:00,501201030,8,1,7,1,0
00:10:00,501201031,11,0,6,1,0
00:10:00,501202001,3,1,11,1,0
00:10:00,501202003,12,1,28,1,0
00:10:00,501202013,2,0,15,1,0
00:10:00,501202023,10,2,5,1,0
00:10:00,501202024,1,0,14,1,0
00:10:00,501202034,10,1,6,1,0
00:10:00,501202035,18,1,12,1,0
00:10:00,501202036,15,0,24,1,0
00:10:00,501202040,4,2,41,1,0
00:10:00,501202043,2,0,23,1,0
00:10:00,501202044,0,0,0,2,0
00:10:00,501202047,4,0,18,1,0
00:10:00,501202050,8,0,8,1,0
00:10:00,501202055,10,2,5,1,0
00:10:00,501202058,7,1,8,1,0
00:10:00,501202065,9,2,6,1,0
00:10:00,501202068,10,0,8,1,0
00:10:00,501202070,2,0,14,1,0
00:10:00,501202078,4,3,21,1,0
00:10:00,501202080,11,0,15,1,0
00:10:00,501202081,17,0,6,1,0
00:10:00,501202082,5,0,18,1,0
00:10:00,501202083,5,2,19,1,0
00:10:00,501202084,3,2,20,1,0
00:10:00,501202085,17,0,18,1,0
00:10:00,501202088,7,1,22,1,0
00:10:00,501202089,2,0,27,1,0
00:10:00,501202096,7,0,6,1,0
00:10:00,501203001,0,0,20,1,0
00:10:00,501203002,0,0,22,1,0
00:10:00,501203003,2,1,92,1,0
00:10:00,501203005,7,0,13,1,0
00:10:00,501203006,1,0,14,1,0
00:10:00,501203007,11,0,4,1,0
00:10:00,501203008,13,1,3,1,0
00:10:00,501203010,17,5,16,1,0
00:10:00,501203011,21,4,16,1,0
00:10:00,501203012,7,0,10,1,0
00:10:00,501203013,0,0,24,1,0
00:10:00,501203015,10,1,2,1,0
00:10:00,501203020,14,0,6,1,0
00:10:00,501203022,4,0,15,1,0
00:10:00,501203023,1,1,17,1,0
00:10:00,501203028,19,0,6,1,0
00:10:00,501203040,2,1,22,1,0
00:10:00,501203045,1,0,17,1,0
00:10:00,501203050,24,2,36,1,0
00:10:00,501203051,13,0,11,1,0
00:10:00,501203053,2,1,24,1,0
00:10:00,501203054,7,3,15,1,0
00:10:00,501203064,7,2,8,1,0
00:10:00,501203065,5,0,11,1,0
00:10:00,501203070,5,0,10,1,0
00:10:00,501203073,5,0,19,1,0
00:10:00,501203076,8,0,8,1,0
00:10:00,501203078,15,1,1,1,0
00:10:00,501203080,2,1,13,1,0
00:10:00,501203084,8,2,3,1,0
00:10:00,501203085,8,0,2,1,0
00:10:00,501203088,3,0,11,1,0
00:10:00,501203089,7,2,5,1,0
00:10:00,501203090,3,0,7,1,0
00:10:00,501203091,8,1,5,1,0
00:10:00,501203092,0,0,20,1,0
00:10:00,501203100,2,0,16,1,0
00:10:00,501203101,0,0,0,2,0
00:10:00,501203102,5,1,14,1,0
00:10:00,501203104,2,0,17,1,0
00:10:00,501203105,7,1,4,1,0
00:10:00,501203107,0,0,0,2,0
00:10:00,501203109,2,0,24,1,0
00:10:00,501203110,21,1,21,1,0
00:10:00,501203111,8,1,3,1,0
00:10:00,501203113,6,0,13,1,0
00:10:00,501203114,6,0,44,1,0
00:10:00,501203117,0,0,0,2,0
00:10:00,501203118,7,0,13,1,0
00:10:00,501203121,23,1,0,1,0
00:10:00,501203122,12,0,8,1,0
00:10:00,501203125,5,0,19,1,0
00:10:00,501203131,15,0,5,1,0
00:10:00,501203140,0,0,42,1,0
00:10:00,501203141,9,1,7,1,0
00:10:00,501203142,5,2,70,1,0
00:10:00,501203145,5,0,10,1,0
00:10:00,501203151,8,0,10,1,0
00:10:00,501203155,1,0,18,1,0
00:10:00,501203157,6,0,11,1,0
00:10:00,501203159,8,2,12,1,0
00:10:00,501203161,7,1,12,1,0
00:10:00,501203162,0,0,21,1,0
00:10:00,501203163,8,2,8,1,0
00:10:00,501204001,19,1,6,1,0
00:10:00,501204002,4,0,32,1,0
00:10:00,501204003,0,0,44,1,0
00:10:00,501204004,0,0,14,1,0
00:10:00,501204005,19,1,0,1,0
00:10:00,501204007,6,0,30,1,0
00:10:00,501204008,5,0,10,1,0
00:10:00,501204009,0,0,0,2,0
00:10:00,501204010,0,0,0,2,0
00:10:00,501204011,7,0,8,1,0
00:10:00,501204012,1,1,13,1,0
00:10:00,501204013,11,2,4,1,0
00:10:00,501204014,6,1,10,1,0
00:10:00,501204015,9,0,6,1,0
00:10:00,501204016,8,2,12,1,0
00:10:00,501204017,5,0,10,1,0
00:10:00,501204018,11,1,13,1,0
00:10:00,501204020,10,3,9,1,0
00:10:00,501204021,8,0,12,1,0
00:10:00,501204022,3,0,13,1,0
00:10:00,501204023,15,3,0,1,0
00:10:00,501204024,0,0,0,2,0
00:10:00,501204025,9,0,11,1,0
00:10:00,501205001,7,1,10,1,0
00:10:00,501205003,4,0,15,1,0
00:10:00,501205004,12,0,4,1,0
00:10:00,501205005,4,0,18,1,0
00:10:00,501205006,12,2,8,1,0
00:10:00,501205007,4,2,8,1,0
00:10:00,501205008,11,2,15,1,0
00:10:00,501205009,10,0,33,1,0
00:10:00,501205010,5,0,9,1,0
00:10:00,501205011,4,0,28,1,0
00:10:00,501205012,8,1,11,1,0
00:10:00,501205013,6,0,15,1,0
00:10:00,501205014,19,13,4,1,0
00:10:00,501205015,14,1,3,1,0
00:10:00,501205018,7,0,11,1,0
00:10:00,501205019,1,0,27,1,0
00:10:00,501205020,3,0,27,1,0
00:10:00,501205021,5,1,10,1,0
00:10:00,501205022,8,0,7,1,0
00:10:00,501205023,6,1,9,1,0
00:10:00,501205025,13,3,13,1,0
00:10:00,501205026,2,0,17,1,0
00:10:00,501205027,2,0,8,1,0
00:10:00,501205028,4,0,11,1,0
00:10:00,501205029,4,0,6,1,0
00:10:00,501205030,6,1,4,1,0
00:10:00,501205033,4,2,11,1,0
00:10:00,501205034,3,0,25,1,0
00:10:00,501205035,12,1,3,1,0
00:10:00,501205036,11,4,4,1,0
00:10:00,501205037,9,2,7,1,0
00:10:00,501205038,14,0,6,1,0
00:10:00,501205039,5,0,15,1,0
00:10:00,501205040,17,4,8,1,0
00:10:00,501205041,14,0,3,1,0
00:10:00,501205042,3,2,26,1,0
00:10:00,501208011,22,1,14,1,0
00:10:00,501208013,39,1,14,1,0
00:10:00,501208014,15,0,23,1,0
00:10:00,501208015,12,0,3,1,0
00:10:00,501208018,9,1,5,1,0
00:10:00,501208021,6,0,11,1,0
00:10:00,501208027,5,0,24,1,0
00:10:00,501208029,12,2,10,1,0
00:10:00,501208030,14,3,24,1,0
00:10:00,501208032,4,1,24,1,0
00:10:00,501208040,2,1,17,1,0
00:10:00,501208041,2,0,13,1,0
00:10:00,501208045,7,2,24,1,0
00:10:00,501208051,0,0,36,1,0
00:10:00,501208053,16,0,5,1,0
00:10:00,501208054,0,0,28,1,0
00:10:00,501208059,1,0,24,1,0
00:10:00,501208064,1,0,19,1,0
00:10:00,501208077,10,5,0,1,0
00:10:00,501208079,2,0,19,1,0
00:10:00,501208082,6,1,4,1,0
00:10:00,501208085,16,6,1,1,0
00:10:00,501208087,7,0,23,1,0
00:10:00,501208089,15,0,10,1,0
00:10:00,501208091,1,1,42,1,0
00:10:00,501208111,6,0,9,1,0
00:10:00,501208113,1,1,19,1,0
00:10:00,501208114,4,1,16,1,0
00:10:00,501208129,9,0,14,1,0
00:10:00,501208130,1,0,14,1,0
00:10:00,501209002,9,1,11,1,0
00:10:00,501209003,2,0,12,1,0
00:10:00,501209004,9,0,6,1,0
00:10:00,501209005,15,1,3,1,0
00:10:00,501209006,4,0,14,1,0
00:10:00,501209007,12,4,2,1,0
00:10:00,501209009,0,0,0,2,0
00:10:00,501209010,11,3,3,1,0
00:10:00,501209011,4,0,21,1,0
00:10:00,501209014,7,0,5,1,0
00:10:00,501209015,9,2,6,1,0
00:10:00,501209016,2,1,27,1,0
00:10:00,501209017,8,1,4,1,0
00:10:00,501209018,1,0,16,1,0
00:10:00,501209019,3,1,21,1,0
00:10:00,501209020,0,0,32,1,0
00:10:00,501209021,10,3,4,1,0
00:10:00,501209022,5,0,5,1,0
00:10:00,501209023,3,0,39,1,0
00:10:00,501209024,7,0,35,1,0
00:10:00,501209025,6,0,9,1,0
00:10:00,501209026,1,0,24,1,0
00:10:00,501209027,4,0,15,1,0
00:10:00,501209028,8,0,20,1,0
00:10:00,501209030,17,0,1,1,0
00:10:00,501209031,3,0,27,1,0
00:10:00,501209032,5,0,23,1,0
00:10:00,501209033,5,1,15,1,0
00:10:00,501209034,11,2,4,1,0
00:10:00,501209035,0,0,28,1,0
00:10:00,501209036,4,0,26,1,0
00:10:00,501209037,14,1,22,1,0
00:10:00,501209038,10,1,6,1,0
00:10:00,501209039,3,0,27,1,0
00:10:00,501209040,2,0,28,1,0
00:10:00,501209042,12,0,8,1,0
00:10:00,501209043,5,1,20,1,0
00:10:00,501209044,10,1,5,1,0
00:10:00,501209045,9,0,7,1,0
00:10:00,501209046,1,0,21,1,0
00:10:00,501209047,7,1,7,1,0
00:10:00,501209049,1,1,19,1,0
00:10:00,501209050,6,0,6,1,0
00:10:00,501209051,0,0,24,1,0
00:10:00,501209052,0,0,21,1,0
00:10:00,501209053,1,1,19,1,0
00:10:00,501209054,14,0,13,1,0
00:10:00,501209056,8,0,7,1,0
00:10:00,501209058,9,1,7,1,0
00:10:00,501209059,2,0,13,1,0
00:10:00,501209060,0,0,20,1,0
00:10:00,501209062,4,0,11,1,0
00:10:00,501209064,8,4,7,1,0
00:10:00,501209065,3,0,11,1,0
00:10:00,501209066,8,0,6,1,0
00:10:00,501209067,13,1,2,1,0
00:10:00,501209068,2,0,15,1,0
00:10:00,501209069,1,0,62,1,0
00:10:00,501209070,16,3,1,1,0
00:10:00,501209071,1,0,16,1,0
00:10:00,501209073,6,1,9,1,0
00:10:00,501209074,10,0,13,1,0
00:10:00,501209075,7,1,9,1,0
00:10:00,501209076,2,1,21,1,0
00:10:00,501209077,8,3,7,1,0
00:10:00,501209078,10,4,3,1,0
00:10:00,501209079,0,0,24,1,0
00:10:00,501209080,0,0,27,1,0
00:10:00,501209081,7,1,8,1,0
00:10:00,501209084,4,0,19,1,0
00:10:00,501209085,7,2,20,1,0
00:10:00,501209087,2,0,37,1,0
00:10:00,501209088,5,0,10,1,0
00:10:00,501209089,1,0,19,1,0
00:10:00,501209090,7,1,7,1,0
00:10:00,501209091,3,1,13,1,0
00:10:00,501209092,7,0,8,1,0
00:10:00,501209093,2,1,13,1,0
00:10:00,501209094,13,4,3,1,0
00:10:00,501209095,4,2,10,1,0
00:10:00,501209096,10,3,4,1,0
00:10:00,501209097,13,1,2,1,0
00:10:00,501209098,2,1,13,1,0
00:10:00,501209099,4,0,16,1,0
00:10:00,501209100,12,0,2,1,0
00:10:00,501209101,3,0,12,1,0
00:10:00,501209102,3,1,17,1,0
00:10:00,501209104,12,1,7,1,0
00:10:00,501209105,15,2,10,1,0
00:10:00,501209106,4,0,15,1,0
00:10:00,501211001,16,4,21,1,0
00:10:00,501211002,2,2,13,1,0
00:10:00,501211004,1,0,14,1,0
00:10:00,501211005,6,1,12,1,0
00:10:00,501211006,6,0,11,1,0
00:10:00,501211007,3,0,16,1,0
00:10:00,501211009,9,1,9,1,0
00:10:00,501211011,19,3,11,1,0
00:10:00,501211012,9,0,9,1,0
00:20:00,501201001,0,0,0,2,0
00:20:00,501201002,10,1,30,1,0
00:20:00,501201003,2,0,21,1,0
00:20:00,501201004,11,1,4,1,0
00:20:00,501201005,3,0,16,1,0
00:20:00,501201006,0,0,28,1,0
00:20:00,501201007,7,2,12,1,0
00:20:00,501201008,5,0,20,1,0
00:20:00,501201010,5,0,5,1,0
00:20:00,501201011,14,1,8,1,0
00:20:00,501201012,11,0,29,1,0
00:20:00,501201013,2,0,20,1,0
00:20:00,501201014,11,0,8,1,0
00:20:00,501201015,12,1,13,1,0
00:20:00,501201016,10,2,15,1,0
00:20:00,501201017,20,0,7,1,0
00:20:00,501201018,3,0,21,1,0
00:20:00,501201019,2,1,26,1,0
00:20:00,501201020,6,1,18,1,0
00:20:00,501201021,4,0,11,1,0
00:20:00,501201022,5,0,11,1,0
00:20:00,501201023,6,0,22,1,0
00:20:00,501201024,0,0,23,1,0
00:20:00,501201025,9,0,15,1,0
00:20:00,501201026,11,1,8,1,0
00:20:00,501201028,7,1,13,1,0
00:20:00,501201029,2,0,11,1,0
00:20:00,501201030,8,1,7,1,0
00:20:00,501201031,11,0,6,1,0
00:20:00,501202001,3,1,11,1,0
00:20:00,501202003,11,0,29,1,0
00:20:00,501202013,2,0,15,1,0
00:20:00,501202023,10,2,5,1,0
00:20:00,501202024,1,0,14,1,0
00:20:00,501202034,10,2,6,1,0
00:20:00,501202035,18,1,12,1,0
00:20:00,501202036,15,0,24,1,0
00:20:00,501202040,3,1,42,1,0
00:20:00,501202043,2,0,23,1,0
00:20:00,501202044,0,0,0,2,0
00:20:00,501202047,4,0,18,1,0
00:20:00,501202050,8,0,8,1,0
00:20:00,501202055,10,2,5,1,0
00:20:00,501202058,7,1,8,1,0
00:20:00,501202065,9,2,6,1,0
00:20:00,501202068,10,0,8,1,0
00:20:00,501202070,2,0,14,1,0
00:20:00,501202078,4,3,21,1,0
00:20:00,501202080,11,0,15,1,0
00:20:00,501202081,19,0,4,1,0
00:20:00,501202082,5,0,18,1,0
00:20:00,501202083,5,2,19,1,0
00:20:00,501202084,3,2,20,1,0
00:20:00,501202085,15,0,20,1,0
00:20:00,501202088,7,1,22,1,0
00:20:00,501202089,2,0,27,1,0
00:20:00,501202096,7,0,6,1,0
00:20:00,501203001,0,0,20,1,0
00:20:00,501203002,0,0,22,1,0
00:20:00,501203003,3,1,91,1,0
00:20:00,501203005,7,0,13,1,0
00:20:00,501203006,1,0,14,1,0
00:20:00,501203007,11,0,4,1,0
00:20:00,501203008,14,1,2,1,0
00:20:00,501203010,17,5,16,1,0
00:20:00,501203011,20,4,17,1,0
00:20:00,501203012,6,0,11,1,0
00:20:00,501203013,1,0,23,1,0
00:20:00,501203015,10,1,2,1,0
00:20:00,501203020,14,0,6,1,0
00:20:00,501203022,4,0,15,1,0
00:20:00,501203023,2,1,16,1,0
00:20:00,501203028,19,0,6,1,0
00:20:00,501203040,0,0,24,1,0
00:20:00,501203045,1,0,17,1,0
00:20:00,501203050,28,5,32,1,0
00:20:00,501203051,13,0,11,1,0
00:20:00,501203053,2,1,24,1,0
00:20:00,501203054,7,3,15,1,0
00:20:00,501203064,7,2,8,1,0
00:20:00,501203065,5,0,11,1,0
00:20:00,501203070,5,0,10,1,0
00:20:00,501203073,5,0,19,1,0
00:20:00,501203076,8,0,8,1,0
00:20:00,501203078,15,1,1,1,0
00:20:00,501203080,2,1,13,1,0
00:20:00,501203084,8,2,3,1,0
00:20:00,501203085,8,0,2,1,0
00:20:00,501203088,3,0,11,1,0
00:20:00,501203089,7,2,5,1,0
00:20:00,501203090,3,0,7,1,0
00:20:00,501203091,8,1,5,1,0
00:20:00,501203092,0,0,20,1,0
00:20:00,501203100,1,0,17,1,0
00:20:00,501203101,0,0,0,2,0
00:20:00,501203102,5,1,14,1,0
00:20:00,501203104,2,0,17,1,0
00:20:00,501203105,8,1,3,1,0
00:20:00,501203107,0,0,0,2,0
00:20:00,501203109,4,0,22,1,0
00:20:00,501203110,21,1,21,1,0
00:20:00,501203111,10,1,1,1,0
00:20:00,501203113,6,0,13,1,0
00:20:00,501203114,8,0,42,1,0
00:20:00,501203117,0,0,0,2,0
00:20:00,501203118,7,0,13,1,0
00:20:00,501203121,23,1,0,1,0
00:20:00,501203122,12,0,8,1,0
00:20:00,501203125,5,0,19,1,0
00:20:00,501203131,15,0,5,1,0
00:20:00,501203140,4,3,38,1,0
00:20:00,501203141,9,1,7,1,0
00:20:00,501203142,6,2,69,1,0
00:20:00,501203145,5,0,10,1,0
00:20:00,501203151,9,1,9,1,0
00:20:00,501203155,1,0,18,1,0
00:20:00,501203157,6,0,11,1,0
00:20:00,501203159,8,2,12,1,0
00:20:00,501203161,7,1,12,1,0
00:20:00,501203162,0,0,21,1,0
00:20:00,501203163,7,1,9,1,0
00:20:00,501204001,19,1,6,1,0
00:20:00,501204002,4,0,32,1,0
00:20:00,501204003,1,0,43,1,0
00:20:00,501204004,0,0,14,1,0
00:20:00,501204005,19,1,0,1,0
00:20:00,501204007,6,0,30,1,0
00:20:00,501204008,5,0,10,1,0
00:20:00,501204009,0,0,0,2,0
00:20:00,501204010,0,0,0,2,0
00:20:00,501204011,7,0,8,1,0
00:20:00,501204012,1,1,13,1,0
00:20:00,501204013,11,2,4,1,0
00:20:00,501204014,6,1,10,1,0
00:20:00,501204015,10,0,5,1,0
00:20:00,501204016,8,2,12,1,0
00:20:00,501204017,5,0,10,1,0
00:20:00,501204018,11,1,13,1,0
00:20:00,501204020,10,3,9,1,0
00:20:00,501204021,8,0,12,1,0
00:20:00,501204022,3,0,13,1,0
00:20:00,501204023,15,3,0,1,0
00:20:00,501204024,0,0,0,2,0
00:20:00,501204025,9,0,11,1,0
00:20:00,501205001,5,0,12,1,0
00:20:00,501205003,4,0,15,1,0
00:20:00,501205004,12,0,4,1,0
00:20:00,501205005,4,0,18,1,0
00:20:00,501205006,13,2,7,1,0
00:20:00,501205007,4,2,8,1,0
00:20:00,501205008,11,2,15,1,0
00:20:00,501205009,10,0,33,1,0
00:20:00,501205010,5,0,9,1,0
00:20:00,501205011,4,0,28,1,0
00:20:00,501205012,8,1,11,1,0
00:20:00,501205013,6,0,15,1,0
00:20:00,501205014,18,13,5,1,0
00:20:00,501205015,14,1,3,1,0
00:20:00,501205018,7,0,11,1,0
00:20:00,501205019,1,0,27,1,0
00:20:00,501205020,3,0,27,1,0
00:20:00,501205021,4,0,11,1,0
00:20:00,501205022,8,0,7,1,0
00:20:00,501205023,6,1,9,1,0
00:20:00,501205025,13,3,13,1,0
00:20:00,501205026,1,0,18,1,0
00:20:00,501205027,2,0,8,1,0
00:20:00,501205028,4,0,11,1,0
00:20:00,501205029,4,0,6,1,0
00:20:00,501205030,6,1,4,1,0
00:20:00,501205033,4,2,11,1,0
00:20:00,501205034,3,0,25,1,0
00:20:00,501205035,12,1,3,1,0
00:20:00,501205036,11,4,4,1,0
00:20:00,501205037,9,2,7,1,0
00:20:00,501205038,14,0,6,1,0
00:20:00,501205039,5,0,15,1,0
00:20:00,501205040,17,4,8,1,0
00:20:00,501205041,14,0,3,1,0
00:20:00,501205042,3,2,26,1,0
00:20:00,501208011,24,1,12,1,0
00:20:00,501208013,39,1,14,1,0
00:20:00,501208014,15,0,23,1,0
00:20:00,501208015,13,0,2,1,0
00:20:00,501208018,9,1,5,1,0
00:20:00,501208021,6,0,11,1,0
00:20:00,501208027,5,0,24,1,0
00:20:00,501208029,12,2,10,1,0
00:20:00,501208030,14,3,24,1,0
00:20:00,501208032,4,1,24,1,0
00:20:00,501208040,2,1,17,1,0
00:20:00,501208041,2,0,13,1,0
00:20:00,501208045,7,2,24,1,0
00:20:00,501208051,0,0,36,1,0
00:20:00,501208053,16,0,5,1,0
00:20:00,501208054,0,0,28,1,0
00:20:00,501208059,1,0,24,1,0
00:20:00,501208064,1,0,19,1,0
00:20:00,501208077,10,5,0,1,0
00:20:00,501208079,2,0,19,1,0
00:20:00,501208082,6,1,4,1,0
00:20:00,501208085,17,6,0,1,0
00:20:00,501208087,6,0,24,1,0
00:20:00,501208089,15,0,10,1,0
00:20:00,501208091,1,1,42,1,0
00:20:00,501208111,5,0,10,1,0
00:20:00,501208113,1,1,19,1,0
00:20:00,501208114,4,1,16,1,0
00:20:00,501208129,9,0,14,1,0
00:20:00,501208130,1,0,14,1,0
00:20:00,501209002,8,0,12,1,0
00:20:00,501209003,2,0,12,1,0
00:20:00,501209004,10,0,5,1,0
00:20:00,501209005,14,1,4,1,0
00:20:00,501209006,4,0,14,1,0
00:20:00,501209007,12,4,2,1,0
00:20:00,501209009,0,0,0,2,0
00:20:00,501209010,11,3,3,1,0
00:20:00,501209011,4,0,21,1,0
00:20:00,501209014,7,0,5,1,0
00:20:00,501209015,9,2,6,1,0
00:20:00,501209016,2,1,27,1,0
00:20:00,501209017,8,1,4,1,0
00:20:00,501209018,1,0,16,1,0
00:20:00,501209019,3,1,21,1,0
00:20:00,501209020,0,0,32,1,0
00:20:00,501209021,10,3,4,1,0
00:20:00,501209022,6,0,4,1,0
00:20:00,501209023,3,0,39,1,0
00:20:00,501209024,7,0,35,1,0
00:20:00,501209025,6,0,9,1,0
00:20:00,501209026,1,0,24,1,0
00:20:00,501209027,4,0,15,1,0
00:20:00,501209028,8,0,20,1,0
00:20:00,501209030,17,0,1,1,0
00:20:00,501209031,3,0,27,1,0
00:20:00,501209032,5,0,23,1,0
00:20:00,501209033,5,1,15,1,0
00:20:00,501209034,11,2,4,1,0
00:20:00,501209035,0,0,28,1,0
00:20:00,501209036,4,0,26,1,0
00:20:00,501209037,14,1,22,1,0
00:20:00,501209038,10,1,6,1,0
00:20:00,501209039,4,0,26,1,0
00:20:00,501209040,2,0,28,1,0
00:20:00,501209042,12,0,8,1,0
00:20:00,501209043,5,1,20,1,0
00:20:00,501209044,10,1,5,1,0
00:20:00,501209045,9,0,7,1,0
00:20:00,501209046,1,0,21,1,0
00:20:00,501209047,7,1,7,1,0
00:20:00,501209049,1,1,19,1,0
00:20:00,501209050,6,0,6,1,0
00:20:00,501209051,0,0,24,1,0
00:20:00,501209052,0,0,21,1,0
00:20:00,501209053,2,1,18,1,0
00:20:00,501209054,13,0,14,1,0
00:20:00,501209056,7,0,8,1,0
00:20:00,501209058,9,1,7,1,0
00:20:00,501209059,2,0,13,1,0
00:20:00,501209060,0,0,20,1,0
00:20:00,501209062,4,0,11,1,0
00:20:00,501209064,8,4,7,1,0
00:20:00,501209065,8,1,6,1,0
00:20:00,501209066,8,0,6,1,0
00:20:00,501209067,9,1,6,1,0
00:20:00,501209068,2,0,15,1,0
00:20:00,501209069,1,0,62,1,0
00:20:00,501209070,17,2,0,1,0
00:20:00,501209071,1,0,16,1,0
00:20:00,501209073,7,2,8,1,0
00:20:00,501209074,10,0,13,1,0
00:20:00,501209075,7,1,9,1,0
00:20:00,501209076,2,1,21,1,0
00:20:00,501209077,8,3,7,1,0
00:20:00,501209078,10,4,3,1,0
00:20:00,501209079,0,0,24,1,0
00:20:00,501209080,0,0,27,1,0
00:20:00,501209081,7,1,8,1,0
00:20:00,501209084,4,0,19,1,0
00:20:00,501209085,6,1,21,1,0
00:20:00,501209087,2,0,37,1,0
00:20:00,501209088,5,0,10,1,0
00:20:00,501209089,1,0,19,1,0
00:20:00,501209090,7,1,7,1,0
00:20:00,501209091,3,1,13,1,0
00:20:00,501209092,7,0,8,1,0
00:20:00,501209093,2,1,13,1,0
00:20:00,501209094,13,4,3,1,0
00:20:00,501209095,4,2,10,1,0
00:20:00,501209096,10,3,4,1,0
00:20:00,501209097,13,1,2,1,0
00:20:00,501209098,2,1,13,1,0
00:20:00,501209099,4,0,16,1,0
00:20:00,501209100,12,0,2,1,0
00:20:00,501209101,3,0,12,1,0
00:20:00,501209102,3,1,17,1,0
00:20:00,501209104,12,1,7,1,0
00:20:00,501209105,15,2,10,1,0
00:20:00,501209106,4,0,15,1,0
00:20:00,501211001,16,4,21,1,0
00:20:00,501211002,2,2,13,1,0
00:20:00,501211004,1,0,14,1,0
00:20:00,501211005,6,1,12,1,0
00:20:00,501211006,6,0,11,1,0
00:20:00,501211007,3,0,16,1,0
00:20:00,501211009,9,1,9,1,0
00:20:00,501211011,19,3,11,1,0
00:20:00,501211012,9,0,9,1,0
00:30:00,501201001,0,0,0,2,0
00:30:00,501201002,10,1,30,1,0
00:30:00,501201003,2,0,21,1,0
00:30:00,501201004,11,1,4,1,0
00:30:00,501201005,3,0,16,1,0
00:30:00,501201006,0,0,28,1,0
00:30:00,501201007,6,1,13,1,0
00:30:00,501201008,5,0,20,1,0
00:30:00,501201010,5,0,5,1,0
00:30:00,501201011,13,0,9,1,0
00:30:00,501201012,11,0,29,1,0
00:30:00,501201013,2,0,20,1,0
00:30:00,501201014,11,0,8,1,0
00:30:00,501201015,12,1,13,1,0
00:30:00,501201016,10,2,15,1,0
00:30:00,501201017,17,0,10,1,0
00:30:00,501201018,3,0,21,1,0
00:30:00,501201019,2,1,26,1,0
00:30:00,501201020,6,1,18,1,0
00:30:00,501201021,4,0,11,1,0
00:30:00,501201022,5,0,11,1,0
00:30:00,501201023,6,0,22,1,0
00:30:00,501201024,0,0,23,1,0
00:30:00,501201025,9,0,15,1,0
00:30:00,501201026,11,1,8,1,0
00:30:00,501201028,7,1,13,1,0
00:30:00,501201029,2,0,11,1,0
00:30:00,501201030,8,1,7,1,0
00:30:00,501201031,11,0,6,1,0
00:30:00,501202001,4,1,10,1,0
00:30:00,501202003,11,0,29,1,0
00:30:00,501202013,2,0,15,1,0
00:30:00,501202023,11,3,4,1,0
00:30:00,501202024,1,0,14,1,0
00:30:00,501202034,10,2,6,1,0
00:30:00,501202035,18,1,12,1,0
00:30:00,501202036,15,0,24,1,0
00:30:00,501202040,2,0,43,1,0
00:30:00,501202043,3,0,22,1,0
00:30:00,501202044,0,0,0,2,0
00:30:00,501202047,4,0,18,1,0
00:30:00,501202050,8,0,8,1,0
00:30:00,501202055,9,1,6,1,0
00:30:00,501202058,7,0,8,1,0
00:30:00,501202065,9,2,6,1,0
00:30:00,501202068,10,0,8,1,0
00:30:00,501202070,2,0,14,1,0
00:30:00,501202078,4,3,21,1,0
00:30:00,501202080,12,0,14,1,0
00:30:00,501202081,18,0,5,1,0
00:30:00,501202082,5,0,18,1,0
00:30:00,501202083,5,2,19,1,0
00:30:00,501202084,2,1,21,1,0
00:30:00,501202085,15,0,20,1,0
00:30:00,501202088,7,1,22,1,0
00:30:00,501202089,2,0,27,1,0
00:30:00,501202096,7,0,6,1,0
00:30:00,501203001,0,0,20,1,0
00:30:00,501203002,1,1,21,1,0
00:30:00,501203003,3,1,91,1,0
00:30:00,501203005,7,0,13,1,0
00:30:00,501203006,1,0,14,1,0
00:30:00,501203007,11,0,4,1,0
00:30:00,501203008,12,1,4,1,0
00:30:00,501203010,16,5,17,1,0
00:30:00,501203011,20,4,17,1,0
00:30:00,501203012,6,0,11,1,0
00:30:00,501203013,1,0,23,1,0
00:30:00,501203015,11,1,1,1,0
00:30:00,501203020,14,0,6,1,0
00:30:00,501203022,5,0,14,1,0
00:30:00,501203023,2,1,16,1,0
00:30:00,501203028,19,0,6,1,0
00:30:00,501203040,0,0,24,1,0
00:30:00,501203045,2,1,16,1,0
00:30:00,501203050,26,4,34,1,0
00:30:00,501203051,13,0,11,1,0
00:30:00,501203053,2,1,24,1,0
00:30:00,501203054,7,3,15,1,0
00:30:00,501203064,7,2,8,1,0
00:30:00,501203065,5,0,11,1,0
00:30:00,501203070,5,0,10,1,0
00:30:00,501203073,5,0,19,1,0
00:30:00,501203076,8,0,8,1,0
00:30:00,501203078,16,1,0,1,0
00:30:00,501203080,2,0,13,1,0
00:30:00,501203084,8,2,3,1,0
00:30:00,501203085,8,0,2,1,0
00:30:00,501203088,3,0,11,1,0
00:30:00,501203089,7,2,5,1,0
00:30:00,501203090,3,0,7,1,0
00:30:00,501203091,8,1,5,1,0
00:30:00,501203092,0,0,20,1,0
00:30:00,501203100,2,1,16,1,0
00:30:00,501203101,0,0,0,2,0
00:30:00,501203102,5,1,14,1,0
00:30:00,501203104,2,0,17,1,0
00:30:00,501203105,8,1,3,1,0
00:30:00,501203107,0,0,0,2,0
00:30:00,501203109,4,0,22,1,0
00:30:00,501203110,21,1,21,1,0
00:30:00,501203111,10,1,1,1,0
00:30:00,501203113,6,0,13,1,0
00:30:00,501203114,7,0,43,1,0
00:30:00,501203117,0,0,0,2,0
00:30:00,501203118,7,0,13,1,0
00:30:00,501203121,23,1,0,1,0
00:30:00,501203122,12,0,8,1,0
00:30:00,501203125,5,0,19,1,0
00:30:00,501203131,16,0,4,1,0
00:30:00,501203140,3,2,39,1,0
00:30:00,501203141,10,1,6,1,0
00:30:00,501203142,6,2,69,1,0
00:30:00,501203145,5,0,10,1,0
00:30:00,501203151,8,0,10,1,0
00:30:00,501203155,2,0,17,1,0
00:30:00,501203157,6,0,11,1,0
00:30:00,501203159,8,2,12,1,0
00:30:00,501203161,7,1,12,1,0
00:30:00,501203162,0,0,21,1,0
00:30:00,501203163,7,1,9,1,0
00:30:00,501204001,19,1,6,1,0
00:30:00,501204002,4,0,32,1,0
00:30:00,501204003,1,0,43,1,0
00:30:00,501204004,0,0,14,1,0
00:30:00,501204005,12,1,7,1,0
00:30:00,501204007,6,0,30,1,0
00:30:00,501204008,3,0,12,1,0
00:30:00,501204009,0,0,0,2,0
00:30:00,501204010,0,0,0,2,0
00:30:00,501204011,8,0,7,1,0
00:30:00,501204012,2,2,12,1,0
00:30:00,501204013,12,2,3,1,0
00:30:00,501204014,6,1,10,1,0
00:30:00,501204015,10,0,5,1,0
00:30:00,501204016,8,2,12,1,0
00:30:00,501204017,5,0,10,1,0
00:30:00,501204018,11,1,13,1,0
00:30:00,501204020,8,2,11,1,0
00:30:00,501204021,6,0,14,1,0
00:30:00,501204022,3,0,13,1,0
00:30:00,501204023,15,3,0,1,0
00:30:00,501204024,0,0,0,2,0
00:30:00,501204025,9,0,11,1,0
00:30:00,501205001,5,0,12,1,0
00:30:00,501205003,4,0,15,1,0
00:30:00,501205004,12,0,4,1,0
00:30:00,501205005,4,0,18,1,0
00:30:00,501205006,14,2,6,1,0
00:30:00,501205007,4,2,8,1,0
00:30:00,501205008,11,2,15,1,0
00:30:00,501205009,10,0,33,1,0
00:30:00,501205010,5,0,9,1,0
00:30:00,501205011,4,0,28,1,0
00:30:00,501205012,7,1,12,1,0
00:30:00,501205013,6,0,15,1,0
00:30:00,501205014,18,13,5,1,0
00:30:00,501205015,14,1,3,1,0
00:30:00,501205018,7,0,11,1,0
00:30:00,501205019,1,0,27,1,0
00:30:00,501205020,3,0,27,1,0
00:30:00,501205021,5,0,10,1,0
00:30:00,501205022,8,0,7,1,0
00:30:00,501205023,6,1,9,1,0
00:30:00,501205025,14,3,12,1,0
00:30:00,501205026,3,1,16,1,0
00:30:00,501205027,2,0,8,1,0
00:30:00,501205028,4,0,11,1,0
00:30:00,501205029,4,0,6,1,0
00:30:00,501205030,6,1,4,1,0
00:30:00,501205033,4,2,11,1,0
00:30:00,501205034,3,0,25,1,0
00:30:00,501205035,12,1,3,1,0
00:30:00,501205036,11,4,4,1,0
00:30:00,501205037,9,2,7,1,0
00:30:00,501205038,14,0,6,1,0
00:30:00,501205039,5,0,15,1,0
00:30:00,501205040,17,4,8,1,0
00:30:00,501205041,14,0,3,1,0
00:30:00,501205042,3,2,26,1,0
00:30:00,501208011,16,2,21,1,0
00:30:00,501208013,39,1,14,1,0
00:30:00,501208014,15,0,23,1,0
00:30:00,501208015,13,0,2,1,0
00:30:00,501208018,9,1,5,1,0
00:30:00,501208021,6,0,11,1,0
00:30:00,501208027,5,0,24,1,0
00:30:00,501208029,12,2,10,1,0
00:30:00,501208030,12,1,25,1,0
00:30:00,501208032,4,1,24,1,0
00:30:00,501208040,2,1,17,1,0
00:30:00,501208041,2,0,13,1,0
00:30:00,501208045,7,2,24,1,0
00:30:00,501208051,0,0,36,1,0
00:30:00,501208053,16,0,5,1,0
00:30:00,501208054,0,0,28,1,0
00:30:00,501208059,1,0,24,1,0
00:30:00,501208064,1,0,19,1,0
00:30:00,501208077,10,5,0,1,0
00:30:00,501208079,2,0,19,1,0
00:30:00,501208082,5,1,5,1,0
00:30:00,501208085,17,6,0,1,0
00:30:00,501208087,5,0,25,1,0
00:30:00,501208089,16,1,9,1,0
00:30:00,501208091,1,1,42,1,0
00:30:00,501208111,7,0,8,1,0
00:30:00,501208113,1,1,19,1,0
00:30:00,501208114,4,1,16,1,0
00:30:00,501208129,9,0,14,1,0
00:30:00,501208130,1,0,14,1,0
00:30:00,501209002,8,0,12,1,0
00:30:00,501209003,1,0,13,1,0
00:30:00,501209004,10,0,5,1,0
00:30:00,501209005,14,1,4,1,0
00:30:00,501209006,4,0,14,1,0
00:30:00,501209007,11,2,4,1,0
00:30:00,501209009,0,0,0,2,0
00:30:00,501209010,11,3,3,1,0
00:30:00,501209011,4,0,21,1,0
00:30:00,501209014,7,0,5,1,0
00:30:00,501209015,9,2,6,1,0
00:30:00,501209016,2,1,27,1,0
00:30:00,501209017,8,1,4,1,0
00:30:00,501209018,1,0,16,1,0
00:30:00,501209019,2,1,22,1,0
00:30:00,501209020,0,0,32,1,0
00:30:00,501209021,10,3,4,1,0
00:30:00,501209022,6,0,4,1,0
00:30:00,501209023,3,0,39,1,0
00:30:00,501209024,7,0,35,1,0
00:30:00,501209025,6,0,9,1,0
00:30:00,501209026,2,0,23,1,0
00:30:00,501209027,4,0,15,1,0
00:30:00,501209028,8,0,20,1,0
00:30:00,501209030,17,0,1,1,0
00:30:00,501209031,3,0,27,1,0
00:30:00,501209032,5,0,23,1,0
00:30:00,501209033,4,1,16,1,0
00:30:00,501209034,11,2,4,1,0
00:30:00,501209035,0,0,28,1,0
00:30:00,501209036,3,0,27,1,0
00:30:00,501209037,14,1,22,1,0
00:30:00,501209038,10,1,6,1,0
00:30:00,501209039,4,0,26,1,0
00:30:00,501209040,2,0,28,1,0
00:30:00,501209042,12,0,8,1,0
00:30:00,501209043,6,1,19,1,0
00:30:00,501209044,10,1,5,1,0
00:30:00,501209045,9,0,7,1,0
00:30:00,501209046,1,0,21,1,0
00:30:00,501209047,6,1,8,1,0
00:30:00,501209049,1,1,19,1,0
00:30:00,501209050,6,0,6,1,0
00:30:00,501209051,2,0,22,1,0
00:30:00,501209052,2,0,19,1,0
00:30:00,501209053,2,1,18,1,0
00:30:00,501209054,13,0,14,1,0
00:30:00,501209056,7,0,8,1,0
00:30:00,501209058,10,2,6,1,0
00:30:00,501209059,2,0,13,1,0
00:30:00,501209060,0,0,20,1,0
00:30:00,501209062,4,0,11,1,0
00:30:00,501209064,8,4,7,1,0
00:30:00,501209065,8,1,6,1,0
00:30:00,501209066,8,0,6,1,0
00:30:00,501209067,9,1,6,1,0
00:30:00,501209068,2,0,15,1,0
00:30:00,501209069,1,0,62,1,0
00:30:00,501209070,17,2,0,1,0
00:30:00,501209071,1,0,16,1,0
00:30:00,501209073,7,2,8,1,0
00:30:00,501209074,10,0,13,1,0
00:30:00,501209075,7,1,9,1,0
00:30:00,501209076,2,1,21,1,0
00:30:00,501209077,8,2,7,1,0
00:30:00,501209078,10,4,3,1,0
00:30:00,501209079,17,1,8,1,0
00:30:00,501209080,0,0,27,1,0
00:30:00,501209081,7,1,8,1,0
00:30:00,501209084,4,0,19,1,0
00:30:00,501209085,6,1,21,1,0
00:30:00,501209087,2,0,37,1,0
00:30:00,501209088,5,0,10,1,0
00:30:00,501209089,1,0,19,1,0
00:30:00,501209090,7,1,7,1,0
00:30:00,501209091,3,1,13,1,0
00:30:00,501209092,7,0,8,1,0
00:30:00,501209093,2,1,13,1,0
00:30:00,501209094,13,4,3,1,0
00:30:00,501209095,4,2,10,1,0
00:30:00,501209096,10,3,4,1,0
00:30:00,501209097,13,1,2,1,0
00:30:00,501209098,2,1,13,1,0
00:30:00,501209099,4,0,16,1,0
00:30:00,501209100,12,0,2,1,0
00:30:00,501209101,3,0,12,1,0
00:30:00,501209102,3,1,17,1,0
00:30:00,501209104,12,1,7,1,0
00:30:00,501209105,16,3,9,1,0
00:30:00,501209106,4,0,15,1,0
00:30:00,501211001,16,4,21,1,0
00:30:00,501211002,2,2,13,1,0
00:30:00,501211004,1,0,14,1,0
00:30:00,501211005,6,1,12,1,0
00:30:00,501211006,6,0,11,1,0
00:30:00,501211007,3,0,16,1,0
00:30:00,501211009,9,1,9,1,0
00:30:00,501211011,19,3,11,1,0
00:30:00,501211012,9,0,9,1,0
00:40:00,501201001,0,0,0,2,0
00:40:00,501201002,10,0,30,1,0
00:40:00,501201003,2,0,21,1,0
00:40:00,501201004,10,1,5,1,0
00:40:00,501201005,3,0,16,1,0
00:40:00,501201006,1,0,27,1,0
00:40:00,501201007,6,1,13,1,0
00:40:00,501201008,5,0,20,1,0
00:40:00,501201010,5,0,5,1,0
00:40:00,501201011,13,0,9,1,0
00:40:00,501201012,11,0,29,1,0
00:40:00,501201013,2,0,20,1,0
00:40:00,501201014,11,0,8,1,0
00:40:00,501201015,12,1,13,1,0
00:40:00,501201016,11,2,14,1,0
00:40:00,501201017,16,0,11,1,0
00:40:00,501201018,3,0,21,1,0
00:40:00,501201019,2,1,26,1,0
00:40:00,501201020,6,1,18,1,0
00:40:00,501201021,4,0,11,1,0
00:40:00,501201022,5,0,11,1,0
00:40:00,501201023,6,0,22,1,0
00:40:00,501201024,0,0,23,1,0
00:40:00,501201025,9,0,15,1,0
00:40:00,501201026,11,1,8,1,0
00:40:00,501201028,7,1,13,1,0
00:40:00,501201029,2,0,11,1,0
00:40:00,501201030,8,1,7,1,0
00:40:00,501201031,11,0,6,1,0
00:40:00,501202001,4,1,10,1,0
00:40:00,501202003,11,0,29,1,0
00:40:00,501202013,2,0,15,1,0
00:40:00,501202023,11,3,4,1,0
00:40:00,501202024,1,0,14,1,0
00:40:00,501202034,10,2,6,1,0
00:40:00,501202035,18,1,12,1,0
00:40:00,501202036,15,0,24,1,0
00:40:00,501202040,2,0,43,1,0
00:40:00,501202043,3,0,22,1,0
00:40:00,501202044,0,0,0,2,0
00:40:00,501202047,4,0,18,1,0
00:40:00,501202050,8,0,8,1,0
00:40:00,501202055,9,1,6,1,0
00:40:00,501202058,7,0,8,1,0
00:40:00,501202065,9,2,6,1,0
00:40:00,501202068,10,0,8,1,0
00:40:00,501202070,2,0,14,1,0
00:40:00,501202078,5,4,20,1,0
00:40:00,501202080,13,1,13,1,0
00:40:00,501202081,18,0,5,1,0
00:40:00,501202082,5,0,18,1,0
00:40:00,501202083,6,2,18,1,0
00:40:00,501202084,2,1,21,1,0
00:40:00,501202085,15,0,20,1,0
00:40:00,501202088,7,1,22,1,0
00:40:00,501202089,2,0,27,1,0
00:40:00,501202096,7,0,6,1,0
00:40:00,501203001,0,0,20,1,0
00:40:00,501203002,1,1,21,1,0
00:40:00,501203003,3,1,91,1,0
00:40:00,501203005,7,0,13,1,0
00:40:00,501203006,1,0,14,1,0
00:40:00,501203007,11,0,4,1,0
00:40:00,501203008,11,1,5,1,0
00:40:00,501203010,16,5,17,1,0
00:40:00,501203011,20,4,17,1,0
00:40:00,501203012,6,0,11,1,0
00:40:00,501203013,1,0,23,1,0
00:40:00,501203015,11,1,1,1,0
00:40:00,501203020,14,0,6,1,0
00:40:00,501203022,5,0,14,1,0
00:40:00,501203023,2,1,16,1,0
00:40:00,501203028,20,1,5,1,0
00:40:00,501203040,1,0,23,1,0
00:40:00,501203045,3,1,15,1,0
00:40:00,501203050,26,4,34,1,0
00:40:00,501203051,13,0,11,1,0
00:40:00,501203053,2,1,24,1,0
00:40:00,501203054,7,3,15,1,0
00:40:00,501203064,7,2,8,1,0
00:40:00,501203065,5,0,11,1,0
00:40:00,501203070,5,0,10,1,0
00:40:00,501203073,5,0,19,1,0
00:40:00,501203076,8,0,8,1,0
00:40:00,501203078,16,1,0,1,0
00:40:00,501203080,4,0,11,1,0
00:40:00,501203084,8,2,3,1,0
00:40:00,501203085,8,0,2,1,0
00:40:00,501203088,3,0,11,1,0
00:40:00,501203089,7,2,5,1,0
00:40:00,501203090,3,0,7,1,0
00:40:00,501203091,8,1,5,1,0
00:40:00,501203092,0,0,20,1,0
00:40:00,501203100,2,1,16,1,0
00:40:00,501203101,0,0,0,2,0
00:40:00,501203102,6,2,13,1,0
00:40:00,501203104,2,0,17,1,0
00:40:00,501203105,8,1,3,1,0
00:40:00,501203107,0,0,0,2,0
00:40:00,501203109,4,0,22,1,0
00:40:00,501203110,21,1,21,1,0
00:40:00,501203111,10,1,1,1,0
00:40:00,501203113,5,0,14,1,0
00:40:00,501203114,6,0,44,1,0
00:40:00,501203117,0,0,0,2,0
00:40:00,501203118,5,0,15,1,0
00:40:00,501203121,23,1,0,1,0
00:40:00,501203122,12,0,8,1,0
00:40:00,501203125,5,0,19,1,0
00:40:00,501203131,16,0,4,1,0
00:40:00,501203140,0,0,42,1,0
00:40:00,501203141,10,1,6,1,0
00:40:00,501203142,6,2,69,1,0
00:40:00,501203145,5,0,10,1,0
00:40:00,501203151,8,0,10,1,0
00:40:00,501203155,3,1,16,1,0
00:40:00,501203157,6,0,11,1,0
00:40:00,501203159,8,2,12,1,0
00:40:00,501203161,7,1,12,1,0
00:40:00,501203162,0,0,21,1,0
00:40:00,501203163,7,1,9,1,0
00:40:00,501204001,20,1,5,1,0
00:40:00,501204002,4,0,32,1,0
00:40:00,501204003,7,0,37,1,0
00:40:00,501204004,0,0,14,1,0
00:40:00,501204005,12,1,7,1,0
00:40:00,501204007,6,0,30,1,0
00:40:00,501204008,3,0,12,1,0
00:40:00,501204009,0,0,0,2,0
00:40:00,501204010,0,0,0,2,0
00:40:00,501204011,8,0,6,1,0
00:40:00,501204012,2,1,12,1,0
00:40:00,501204013,12,2,3,1,0
00:40:00,501204014,6,1,10,1,0
00:40:00,501204015,10,0,5,1,0
00:40:00,501204016,8,2,12,1,0
00:40:00,501204017,5,0,10,1,0
00:40:00,501204018,11,1,13,1,0
00:40:00,501204020,8,2,11,1,0
00:40:00,501204021,6,0,14,1,0
00:40:00,501204022,3,0,13,1,0
00:40:00,501204023,15,3,0,1,0
00:40:00,501204024,0,0,0,2,0
00:40:00,501204025,9,0,11,1,0
00:40:00,501205001,5,0,12,1,0
00:40:00,501205003,4,0,15,1,0
00:40:00,501205004,12,0,4,1,0
00:40:00,501205005,4,0,18,1,0
00:40:00,501205006,14,2,6,1,0
00:40:00,501205007,4,2,8,1,0
00:40:00,501205008,11,1,15,1,0
00:40:00,501205009,10,0,33,1,0
00:40:00,501205010,5,0,9,1,0
00:40:00,501205011,4,0,28,1,0
00:40:00,501205012,7,1,12,1,0
00:40:00,501205013,6,0,15,1,0
00:40:00,501205014,18,13,5,1,0
00:40:00,501205015,14,1,3,1,0
00:40:00,501205018,7,0,11,1,0
00:40:00,501205019,1,0,27,1,0
00:40:00,501205020,3,0,27,1,0
00:40:00,501205021,5,0,10,1,0
00:40:00,501205022,8,0,7,1,0
00:40:00,501205023,6,1,9,1,0
00:40:00,501205025,14,3,12,1,0
00:40:00,501205026,3,1,16,1,0
00:40:00,501205027,2,0,8,1,0
00:40:00,501205028,4,0,11,1,0
00:40:00,501205029,4,0,6,1,0
00:40:00,501205030,6,1,4,1,0
00:40:00,501205033,4,2,11,1,0
00:40:00,501205034,3,0,25,1,0
00:40:00,501205035,13,1,2,1,0
00:40:00,501205036,11,4,4,1,0
00:40:00,501205037,9,2,7,1,0
00:40:00,501205038,14,0,6,1,0
00:40:00,501205039,5,0,15,1,0
00:40:00,501205040,17,4,8,1,0
00:40:00,501205041,15,0,2,1,0
00:40:00,501205042,3,2,26,1,0
00:40:00,501208011,16,2,21,1,0
00:40:00,501208013,39,1,14,1,0
00:40:00,501208014,15,0,23,1,0
00:40:00,501208015,13,0,2,1,0
00:40:00,501208018,9,1,5,1,0
00:40:00,501208021,6,0,11,1,0
00:40:00,501208027,5,0,24,1,0
00:40:00,501208029,12,2,10,1,0
00:40:00,501208030,12,1,25,1,0
00:40:00,501208032,4,1,24,1,0
00:40:00,501208040,2,1,17,1,0
00:40:00,501208041,2,0,13,1,0
00:40:00,501208045,7,2,24,1,0
00:40:00,501208051,0,0,36,1,0
00:40:00,501208053,16,0,5,1,0
00:40:00,501208054,0,0,28,1,0
00:40:00,501208059,1,0,24,1,0
00:40:00,501208064,1,0,19,1,0
00:40:00,501208077,10,5,0,1,0
00:40:00,501208079,2,0,19,1,0
00:40:00,501208082,5,1,5,1,0
00:40:00,501208085,16,6,1,1,0
00:40:00,501208087,5,0,25,1,0
00:40:00,501208089,16,1,9,1,0
00:40:00,501208091,1,1,42,1,0
00:40:00,501208111,7,0,8,1,0
00:40:00,501208113,1,1,19,1,0
00:40:00,501208114,4,1,16,1,0
00:40:00,501208129,1,0,22,1,0
00:40:00,501208130,1,0,14,1,0
00:40:00,501209002,8,0,12,1,0
00:40:00,501209003,2,0,12,1,0
00:40:00,501209004,10,0,5,1,0
00:40:00,501209005,14,1,4,1,0
00:40:00,501209006,4,0,14,1,0
00:40:00,501209007,11,1,4,1,0
00:40:00,501209009,0,0,0,2,0
00:40:00,501209010,11,3,3,1,0
00:40:00,501209011,4,0,21,1,0
00:40:00,501209014,7,0,5,1,0
00:40:00,501209015,9,2,6,1,0
00:40:00,501209016,2,1,27,1,0
00:40:00,501209017,9,1,3,1,0
00:40:00,501209018,1,0,16,1,0
00:40:00,501209019,2,1,22,1,0
00:40:00,501209020,0,0,32,1,0
00:40:00,501209021,10,3,4,1,0
00:40:00,501209022,6,0,4,1,0
00:40:00,501209023,3,0,39,1,0
00:40:00,501209024,7,0,35,1,0
00:40:00,501209025,8,1,7,1,0
00:40:00,501209026,1,0,24,1,0
00:40:00,501209027,4,0,15,1,0
00:40:00,501209028,8,0,20,1,0
00:40:00,501209030,17,0,1,1,0
00:40:00,501209031,3,0,27,1,0
00:40:00,501209032,5,0,23,1,0
00:40:00,501209033,4,1,16,1,0
00:40:00,501209034,11,2,4,1,0
00:40:00,501209035,0,0,28,1,0
00:40:00,501209036,3,0,27,1,0
00:40:00,501209037,14,1,22,1,0
00:40:00,501209038,10,1,6,1,0
00:40:00,501209039,4,0,26,1,0
00:40:00,501209040,2,0,28,1,0
00:40:00,501209042,12,0,8,1,0
00:40:00,501209043,6,1,19,1,0
00:40:00,501209044,10,1,5,1,0
00:40:00,501209045,9,0,7,1,0
00:40:00,501209046,1,0,21,1,0
00:40:00,501209047,7,1,7,1,0
00:40:00,501209049,1,1,19,1,0
00:40:00,501209050,6,0,6,1,0
00:40:00,501209051,2,0,22,1,0
00:40:00,501209052,2,0,19,1,0
00:40:00,501209053,2,1,18,1,0
00:40:00,501209054,13,0,14,1,0
00:40:00,501209056,7,0,8,1,0
00:40:00,501209058,10,2,6,1,0
00:40:00,501209059,2,0,13,1,0
00:40:00,501209060,0,0,20,1,0
00:40:00,501209062,6,0,9,1,0
00:40:00,501209064,8,4,7,1,0
00:40:00,501209065,8,1,6,1,0
00:40:00,501209066,8,0,6,1,0
00:40:00,501209067,9,1,6,1,0
00:40:00,501209068,2,0,15,1,0
00:40:00,501209069,1,0,62,1,0
00:40:00,501209070,17,2,0,1,0
00:40:00,501209071,1,0,16,1,0
00:40:00,501209073,7,2,8,1,0
00:40:00,501209074,10,0,13,1,0
00:40:00,501209075,7,1,9,1,0
00:40:00,501209076,2,1,21,1,0
00:40:00,501209077,8,2,7,1,0
00:40:00,501209078,10,4,3,1,0
00:40:00,501209079,17,1,8,1,0
00:40:00,501209080,0,0,27,1,0
00:40:00,501209081,7,1,8,1,0
00:40:00,501209084,4,0,19,1,0
00:40:00,501209085,6,1,21,1,0
00:40:00,501209087,2,0,37,1,0
00:40:00,501209088,5,0,10,1,0
00:40:00,501209089,1,0,19,1,0
00:40:00,501209090,7,1,7,1,0
00:40:00,501209091,3,1,13,1,0
00:40:00,501209092,7,0,8,1,0
00:40:00,501209093,2,1,13,1,0
00:40:00,501209094,13,4,3,1,0
00:40:00,501209095,4,2,10,1,0
00:40:00,501209096,10,3,4,1,0
00:40:00,501209097,13,1,2,1,0
00:40:00,501209098,2,1,13,1,0
00:40:00,501209099,4,0,16,1,0
00:40:00,501209100,12,0,2,1,0
00:40:00,501209101,3,0,12,1,0
00:40:00,501209102,3,1,17,1,0
00:40:00,501209104,12,1,7,1,0
00:40:00,501209105,16,3,9,1,0
00:40:00,501209106,4,0,15,1,0
00:40:00,501211001,16,4,21,1,0
00:40:00,501211002,2,2,13,1,0
00:40:00,501211004,1,0,14,1,0
00:40:00,501211005,6,1,12,1,0
00:40:00,501211006,6,0,11,1,0
00:40:00,501211007,3,0,16,1,0
00:40:00,501211009,9,1,9,1,0
00:40:00,501211011,19,3,11,1,0
00:40:00,501211012,9,0,9,1,0
00:50:00,501201001,0,0,0,2,0
00:50:00,501201002,12,1,28,1,0
00:50:00,501201003,2,0,21,1,0
00:50:00,501201004,10,1,5,1,0
00:50:00,501201005,3,0,16,1,0
00:50:00,501201006,1,0,27,1,0
00:50:00,501201007,6,1,13,1,0
00:50:00,501201008,5,0,20,1,0
00:50:00,501201010,4,0,6,1,0
00:50:00,501201011,13,0,9,1,0
00:50:00,501201012,11,0,29,1,0
00:50:00,501201013,2,0,20,1,0
00:50:00,501201014,11,0,8,1,0
00:50:00,501201015,12,1,13,1,0
00:50:00,501201016,11,2,14,1,0
00:50:00,501201017,16,0,11,1,0
00:50:00,501201018,3,0,21,1,0
00:50:00,501201019,2,1,26,1,0
00:50:00,501201020,5,0,19,1,0
00:50:00,501201021,3,0,12,1,0
00:50:00,501201022,5,0,11,1,0
00:50:00,501201023,6,0,22,1,0
00:50:00,501201024,0,0,23,1,0
00:50:00,501201025,7,0,17,1,0
00:50:00,501201026,12,2,7,1,0
00:50:00,501201028,7,1,13,1,0
00:50:00,501201029,2,0,11,1,0
00:50:00,501201030,8,1,7,1,0
00:50:00,501201031,11,0,6,1,0
00:50:00,501202001,4,1,10,1,0
00:50:00,501202003,10,0,30,1,0
00:50:00,501202013,2,0,15,1,0
00:50:00,501202023,10,2,5,1,0
00:50:00,501202024,2,0,13,1,0
00:50:00,501202034,10,2,6,1,0
00:50:00,501202035,18,1,12,1,0
00:50:00,501202036,13,0,26,1,0
00:50:00,501202040,2,0,43,1,0
00:50:00,501202043,3,0,22,1,0
00:50:00,501202044,0,0,0,2,0
00:50:00,501202047,4,0,18,1,0
00:50:00,501202050,9,1,7,1,0
00:50:00,501202055,8,0,7,1,0
00:50:00,501202058,7,0,8,1,0
00:50:00,501202065,9,2,6,1,0
00:50:00,501202068,10,0,8,1,0
00:50:00,501202070,2,0,14,1,0
00:50:00,501202078,4,3,21,1,0
00:50:00,501202080,13,1,13,1,0
00:50:00,501202081,18,0,5,1,0
00:50:00,501202082,5,0,18,1,0
00:50:00,501202083,6,2,18,1,0
00:50:00,501202084,2,1,21,1,0
00:50:00,501202085,15,0,20,1,0
00:50:00,501202088,7,1,22,1,0
00:50:00,501202089,2,0,27,1,0
00:50:00,501202096,7,0,6,1,0
00:50:00,501203001,0,0,20,1,0
00:50:00,501203002,1,1,21,1,0
00:50:00,501203003,1,0,93,1,0
00:50:00,501203005,7,0,13,1,0
00:50:00,501203006,1,0,14,1,0
00:50:00,501203007,11,0,4,1,0
00:50:00,501203008,11,1,5,1,0
00:50:00,501203010,16,5,17,1,0
00:50:00,501203011,21,4,16,1,0
00:50:00,501203012,6,0,11,1,0
00:50:00,501203013,2,0,22,1,0
00:50:00,501203015,11,1,1,1,0
00:50:00,501203020,14,0,6,1,0
00:50:00,501203022,5,0,14,1,0
00:50:00,501203023,2,1,16,1,0
00:50:00,501203028,20,1,5,1,0
00:50:00,501203040,1,0,23,1,0
00:50:00,501203045,4,1,14,1,0
00:50:00,501203050,27,4,33,1,0
00:50:00,501203051,13,0,11,1,0
00:50:00,501203053,2,1,24,1,0
00:50:00,501203054,7,3,15,1,0
00:50:00,501203064,7,2,8,1,0
00:50:00,501203065,5,0,11,1,0
00:50:00,501203070,5,0,10,1,0
00:50:00,501203073,5,0,19,1,0
00:50:00,501203076,8,0,8,1,0
00:50:00,501203078,15,1,1,1,0
00:50:00,501203080,4,0,11,1,0
00:50:00,501203084,8,2,3,1,0
00:50:00,501203085,8,0,2,1,0
00:50:00,501203088,3,0,11,1,0
00:50:00,501203089,7,2,5,1,0
00:50:00,501203090,3,0,7,1,0
00:50:00,501203091,8,1,5,1,0
00:50:00,501203092,0,0,20,1,0
00:50:00,501203100,2,1,16,1,0
00:50:00,501203101,0,0,0,2,0
00:50:00,501203102,6,2,13,1,0
00:50:00,501203104,2,0,17,1,0
00:50:00,501203105,8,1,3,1,0
00:50:00,501203107,0,0,0,2,0
00:50:00,501203109,4,0,22,1,0
00:50:00,501203110,21,1,21,1,0
00:50:00,501203111,10,1,1,1,0
00:50:00,501203113,5,0,14,1,0
00:50:00,501203114,6,0,44,1,0
00:50:00,501203117,0,0,0,2,0
00:50:00,501203118,5,0,15,1,0
00:50:00,501203121,23,1,0,1,0
00:50:00,501203122,12,0,8,1,0
00:50:00,501203125,5,0,19,1,0
00:50:00,501203131,16,0,4,1,0
00:50:00,501203140,1,1,41,1,0
00:50:00,501203141,10,1,6,1,0
00:50:00,501203142,6,2,69,1,0
00:50:00,501203145,5,0,10,1,0
00:50:00,501203151,8,0,10,1,0
00:50:00,501203155,3,1,16,1,0
00:50:00,501203157,6,0,11,1,0
00:50:00,501203159,8,2,12,1,0
00:50:00,501203161,7,1,12,1,0
00:50:00,501203162,0,0,21,1,0
00:50:00,501203163,7,1,9,1,0
00:50:00,501204001,20,1,5,1,0
00:50:00,501204002,4,0,32,1,0
00:50:00,501204003,17,0,27,1,0
00:50:00,501204004,0,0,14,1,0
00:50:00,501204005,12,1,7,1,0
00:50:00,501204007,6,0,30,1,0
00:50:00,501204008,3,0,12,1,0
00:50:00,501204009,0,0,0,2,0
00:50:00,501204010,0,0,0,2,0
00:50:00,501204011,8,0,6,1,0
00:50:00,501204012,3,2,11,1,0
00:50:00,501204013,12,2,3,1,0
00:50:00,501204014,6,1,10,1,0
00:50:00,501204015,10,0,5,1,0
00:50:00,501204016,8,2,12,1,0
00:50:00,501204017,5,0,10,1,0
00:50:00,501204018,11,1,13,1,0
00:50:00,501204020,6,2,13,1,0
00:50:00,501204021,6,0,14,1,0
00:50:00,501204022,3,0,13,1,0
00:50:00,501204023,15,3,0,1,0
00:50:00,501204024,0,0,0,2,0
00:50:00,501204025,9,0,11,1,0
00:50:00,501205001,5,0,12,1,0
00:50:00,501205003,4,0,15,1,0
00:50:00,501205004,13,1,3,1,0
00:50:00,501205005,4,0,18,1,0
00:50:00,501205006,14,2,6,1,0
00:50:00,501205007,4,2,8,1,0
00:50:00,501205008,11,1,15,1,0
00:50:00,501205009,10,0,33,1,0
00:50:00,501205010,5,0,9,1,0
00:50:00,501205011,4,0,28,1,0
00:50:00,501205012,7,1,12,1,0
00:50:00,501205013,6,0,15,1,0
00:50:00,501205014,18,13,5,1,0
00:50:00,501205015,14,1,3,1,0
00:50:00,501205018,7,0,11,1,0
00:50:00,501205019,1,0,27,1,0
00:50:00,501205020,3,0,27,1,0
00:50:00,501205021,5,0,10,1,0
00:50:00,501205022,8,0,7,1,0
00:50:00,501205023,6,1,9,1,0
00:50:00,501205025,13,2,13,1,0
00:50:00,501205026,2,0,17,1,0
00:50:00,501205027,2,0,8,1,0
00:50:00,501205028,4,0,11,1,0
00:50:00,501205029,4,0,6,1,0
00:50:00,501205030,5,1,5,1,0
00:50:00,501205033,4,2,11,1,0
00:50:00,501205034,3,0,25,1,0
00:50:00,501205035,13,1,2,1,0
00:50:00,501205036,11,4,4,1,0
00:50:00,501205037,9,2,7,1,0
00:50:00,501205038,14,0,6,1,0
00:50:00,501205039,5,0,15,1,0
00:50:00,501205040,16,3,9,1,0
00:50:00,501205041,15,0,2,1,0
00:50:00,501205042,3,2,26,1,0
00:50:00,501208011,17,2,20,1,0
00:50:00,501208013,39,1,14,1,0
00:50:00,501208014,15,0,23,1,0
00:50:00,501208015,13,0,2,1,0
00:50:00,501208018,9,1,5,1,0
00:50:00,501208021,6,0,11,1,0
00:50:00,501208027,5,0,24,1,0
00:50:00,501208029,12,2,10,1,0
00:50:00,501208030,12,1,25,1,0
00:50:00,501208032,4,1,24,1,0
00:50:00,501208040,2,1,17,1,0
00:50:00,501208041,2,0,13,1,0
00:50:00,501208045,7,2,24,1,0
00:50:00,501208051,0,0,36,1,0
00:50:00,501208053,16,0,5,1,0
00:50:00,501208054,0,0,28,1,0
00:50:00,501208059,1,0,24,1,0
00:50:00,501208064,1,0,19,1,0
00:50:00,501208077,10,5,0,1,0
00:50:00,501208079,2,0,19,1,0
00:50:00,501208082,5,1,5,1,0
00:50:00,501208085,15,5,2,1,0
00:50:00,501208087,5,0,25,1,0
00:50:00,501208089,16,1,9,1,0
00:50:00,501208091,1,1,42,1,0
00:50:00,501208111,7,0,8,1,0
00:50:00,501208113,1,1,19,1,0
00:50:00,501208114,4,1,16,1,0
00:50:00,501208129,1,0,22,1,0
00:50:00,501208130,1,0,14,1,0
00:50:00,501209002,8,0,12,1,0
00:50:00,501209003,2,0,12,1,0
00:50:00,501209004,10,0,5,1,0
00:50:00,501209005,14,1,4,1,0
00:50:00,501209006,4,0,14,1,0
00:50:00,501209007,11,1,4,1,0
00:50:00,501209009,0,0,0,2,0
00:50:00,501209010,11,3,3,1,0
00:50:00,501209011,4,0,21,1,0
00:50:00,501209014,7,0,5,1,0
00:50:00,501209015,9,2,6,1,0
00:50:00,501209016,2,1,27,1,0
00:50:00,501209017,6,1,6,1,0
00:50:00,501209018,1,0,16,1,0
00:50:00,501209019,2,1,22,1,0
00:50:00,501209020,0,0,32,1,0
00:50:00,501209021,10,3,4,1,0
00:50:00,501209022,6,0,4,1,0
00:50:00,501209023,3,0,39,1,0
00:50:00,501209024,7,0,35,1,0
00:50:00,501209025,8,1,7,1,0
00:50:00,501209026,1,0,24,1,0
00:50:00,501209027,4,0,15,1,0
00:50:00,501209028,8,0,20,1,0
00:50:00,501209030,17,0,1,1,0
00:50:00,501209031,3,0,27,1,0
00:50:00,501209032,5,0,23,1,0
00:50:00,501209033,4,1,16,1,0
00:50:00,501209034,11,2,4,1,0
00:50:00,501209035,0,0,28,1,0
00:50:00,501209036,3,0,27,1,0
00:50:00,501209037,14,1,22,1,0
00:50:00,501209038,10,1,6,1,0
00:50:00,501209039,4,0,26,1,0
00:50:00,501209040,2,0,28,1,0
00:50:00,501209042,12,0,8,1,0
00:50:00,501209043,6,1,19,1,0
00:50:00,501209044,10,1,5,1,0
00:50:00,501209045,9,0,7,1,0
00:50:00,501209046,1,0,21,1,0
00:50:00,501209047,7,1,7,1,0
00:50:00,501209049,1,1,19,1,0
00:50:00,501209050,6,0,6,1,0
00:50:00,501209051,2,0,22,1,0
00:50:00,501209052,2,0,19,1,0
00:50:00,501209053,2,1,18,1,0
00:50:00,501209054,13,0,14,1,0
00:50:00,501209056,7,0,8,1,0
00:50:00,501209058,10,2,6,1,0
00:50:00,501209059,2,0,13,1,0
00:50:00,501209060,0,0,20,1,0
00:50:00,501209062,6,0,9,1,0
00:50:00,501209064,8,4,7,1,0
00:50:00,501209065,8,1,6,1,0
00:50:00,501209066,8,0,6,1,0
00:50:00,501209067,9,1,6,1,0
00:50:00,501209068,2,0,15,1,0
00:50:00,501209069,1,0,62,1,0
00:50:00,501209070,16,2,1,1,0
00:50:00,501209071,1,0,16,1,0
00:50:00,501209073,7,2,8,1,0
00:50:00,501209074,10,0,13,1,0
00:50:00,501209075,7,1,9,1,0
00:50:00,501209076,2,1,21,1,0
00:50:00,501209077,8,2,7,1,0
00:50:00,501209078,10,4,3,1,0
00:50:00,501209079,17,1,8,1,0
00:50:00,501209080,0,0,27,1,0
00:50:00,501209081,7,1,8,1,0
00:50:00,501209084,4,0,19,1,0
00:50:00,501209085,6,1,21,1,0
00:50:00,501209087,2,0,37,1,0
00:50:00,501209088,5,0,10,1,0
00:50:00,501209089,1,0,19,1,0
00:50:00,501209090,7,1,7,1,0
00:50:00,501209091,3,1,13,1,0
00:50:00,501209092,7,0,8,1,0
00:50:00,501209093,2,1,13,1,0
00:50:00,501209094,13,4,3,1,0
00:50:00,501209095,4,2,10,1,0
00:50:00,501209096,10,3,4,1,0
00:50:00,501209097,13,1,2,1,0
00:50:00,501209098,2,1,13,1,0
00:50:00,501209099,4,0,16,1,0
00:50:00,501209100,12,0,2,1,0
00:50:00,501209101,3,0,12,1,0
00:50:00,501209102,3,1,17,1,0
00:50:00,501209104,12,1,7,1,0
00:50:00,501209105,16,3,9,1,0
00:50:00,501209106,4,0,15,1,0
00:50:00,501211001,16,4,21,1,0
00:50:00,501211002,2,2,13,1,0
00:50:00,501211004,1,0,14,1,0
00:50:00,501211005,6,1,12,1,0
00:50:00,501211006,6,0,11,1,0
00:50:00,501211007,3,0,16,1,0
00:50:00,501211009,9,1,9,1,0
00:50:00,501211011,19,3,11,1,0
00:50:00,501211012,9,0,9,1,0
01:00:00,501201001,0,0,0,2,0
01:00:00,501201002,13,2,27,1,0
01:00:00,501201003,2,0,21,1,0
01:00:00,501201004,10,1,5,1,0
01:00:00,501201005,4,1,15,1,0
01:00:00,501201006,2,1,26,1,0
01:00:00,501201007,5,0,14,1,0
01:00:00,501201008,5,0,20,1,0
01:00:00,501201010,4,0,6,1,0
01:00:00,501201011,13,0,9,1,0
01:00:00,501201012,11,0,29,1,0
01:00:00,501201013,2,0,20,1,0
01:00:00,501201014,11,0,8,1,0
01:00:00,501201015,12,1,13,1,0
01:00:00,501201016,11,1,14,1,0
01:00:00,501201017,16,0,11,1,0
01:00:00,501201018,3,0,21,1,0
01:00:00,501201019,2,1,26,1,0
01:00:00,501201020,5,0,19,1,0
01:00:00,501201021,3,0,12,1,0
01:00:00,501201022,7,0,9,1,0
01:00:00,501201023,6,0,22,1,0
01:00:00,501201024,0,0,23,1,0
01:00:00,501201025,7,0,17,1,0
01:00:00,501201026,12,2,7,1,0
01:00:00,501201028,7,1,13,1,0
01:00:00,501201029,2,0,11,1,0
01:00:00,501201030,8,1,7,1,0
01:00:00,501201031,11,0,6,1,0
01:00:00,501202001,5,2,9,1,0
01:00:00,501202003,10,0,30,1,0
01:00:00,501202013,2,0,15,1,0
01:00:00,501202023,9,1,6,1,0
01:00:00,501202024,2,0,13,1,0
01:00:00,501202034,10,2,6,1,0
01:00:00,501202035,19,1,11,1,0
01:00:00,501202036,13,0,26,1,0
01:00:00,501202040,3,0,42,1,0
01:00:00,501202043,3,0,22,1,0
01:00:00,501202044,0,0,0,2,0
01:00:00,501202047,4,0,18,1,0
01:00:00,501202050,9,1,7,1,0
01:00:00,501202055,8,0,7,1,0
01:00:00,501202058,7,0,8,1,0
01:00:00,501202065,9,2,6,1,0
01:00:00,501202068,10,0,8,1,0
01:00:00,501202070,2,0,14,1,0
01:00:00,501202078,5,3,20,1,0
01:00:00,501202080,13,1,13,1,0
01:00:00,501202081,18,0,5,1,0
01:00:00,501202082,5,0,18,1,0
01:00:00,501202083,6,2,18,1,0
01:00:00,501202084,1,0,22,1,0
01:00:00,501202085,15,0,20,1,0
01:00:00,501202088,7,1,22,1,0
01:00:00,501202089,2,0,27,1,0
01:00:00,501202096,7,0,6,1,0
01:00:00,501203001,0,0,20,1,0
01:00:00,501203002,1,1,21,1,0
01:00:00,501203003,1,0,93,1,0
01:00:00,501203005,7,0,13,1,0
01:00:00,501203006,1,0,14,1,0
01:00:00,501203007,11,0,4,1,0
01:00:00,501203008,11,1,5,1,0
01:00:00,501203010,16,5,17,1,0
01:00:00,501203011,21,4,16,1,0
01:00:00,501203012,6,0,11,1,0
01:00:00,501203013,2,0,22,1,0
01:00:00,501203015,11,1,1,1,0
01:00:00,501203020,14,0,6,1,0
01:00:00,501203022,6,0,13,1,0
01:00:00,501203023,2,1,16,1,0
01:00:00,501203028,20,1,5,1,0
01:00:00,501203040,1,0,23,1,0
01:00:00,501203045,4,1,14,1,0
01:00:00,501203050,26,4,34,1,0
01:00:00,501203051,13,0,11,1,0
01:00:00,501203053,2,1,24,1,0
01:00:00,501203054,7,3,15,1,0
01:00:00,501203064,7,2,8,1,0
01:00:00,501203065,6,0,10,1,0
01:00:00,501203070,5,0,10,1,0
01:00:00,501203073,5,0,19,1,0
01:00:00,501203076,8,0,8,1,0
01:00:00,501203078,15,1,1,1,0
01:00:00,501203080,4,0,11,1,0
01:00:00,501203084,8,2,3,1,0
01:00:00,501203085,8,0,2,1,0
01:00:00,501203088,3,0,11,1,0
01:00:00,501203089,7,2,5,1,0
01:00:00,501203090,3,0,7,1,0
01:00:00,501203091,8,1,5,1,0
01:00:00,501203092,0,0,20,1,0
01:00:00,501203100,2,1,16,1,0
01:00:00,501203101,0,0,0,2,0
01:00:00,501203102,6,2,13,1,0
01:00:00,501203104,3,0,16,1,0
01:00:00,501203105,7,1,4,1,0
01:00:00,501203107,0,0,0,2,0
01:00:00,501203109,5,0,21,1,0
01:00:00,501203110,21,1,21,1,0
01:00:00,501203111,10,1,1,1,0
01:00:00,501203113,5,0,14,1,0
01:00:00,501203114,6,0,44,1,0
01:00:00,501203117,0,0,0,2,0
01:00:00,501203118,5,0,15,1,0
01:00:00,501203121,23,1,0,1,0
01:00:00,501203122,12,0,8,1,0
01:00:00,501203125,5,0,19,1,0
01:00:00,501203131,16,0,4,1,0
01:00:00,501203140,3,2,39,1,0
01:00:00,501203141,10,1,6,1,0
01:00:00,501203142,7,2,68,1,0
01:00:00,501203145,5,0,10,1,0
01:00:00,501203151,8,0,10,1,0
01:00:00,501203155,3,1,16,1,0
01:00:00,501203157,6,0,11,1,0
01:00:00,501203159,8,2,12,1,0
01:00:00,501203161,7,1,12,1,0
01:00:00,501203162,0,0,21,1,0
01:00:00,501203163,7,1,9,1,0
01:00:00,501204001,20,1,5,1,0
01:00:00,501204002,4,0,32,1,0
01:00:00,501204003,17,0,27,1,0
01:00:00,501204004,0,0,14,1,0
01:00:00,501204005,12,1,7,1,0
01:00:00,501204007,6,0,30,1,0
01:00:00,501204008,3,0,12,1,0
01:00:00,501204009,0,0,0,2,0
01:00:00,501204010,0,0,0,2,0
01:00:00,501204011,9,0,5,1,0
01:00:00,501204012,3,2,11,1,0
01:00:00,501204013,13,3,2,1,0
01:00:00,501204014,6,1,10,1,0
01:00:00,501204015,10,0,5,1,0
01:00:00,501204016,8,2,12,1,0
01:00:00,501204017,5,0,10,1,0
01:00:00,501204018,11,1,13,1,0
01:00:00,501204020,6,2,13,1,0
01:00:00,501204021,6,0,14,1,0
01:00:00,501204022,3,0,13,1,0
01:00:00,501204023,9,3,6,1,0
01:00:00,501204024,0,0,0,2,0
01:00:00,501204025,9,0,11,1,0
01:00:00,501205001,5,0,12,1,0
01:00:00,501205003,4,0,15,1,0
01:00:00,501205004,13,1,3,1,0
01:00:00,501205005,4,0,18,1,0
01:00:00,501205006,14,2,6,1,0
01:00:00,501205007,4,2,8,1,0
01:00:00,501205008,11,1,15,1,0
01:00:00,501205009,10,0,33,1,0
01:00:00,501205010,5,0,9,1,0
01:00:00,501205011,4,0,28,1,0
01:00:00,501205012,7,1,12,1,0
01:00:00,501205013,6,0,15,1,0
01:00:00,501205014,18,13,5,1,0
01:00:00,501205015,14,1,3,1,0
01:00:00,501205018,7,0,11,1,0
01:00:00,501205019,1,0,27,1,0
01:00:00,501205020,3,0,27,1,0
01:00:00,501205021,5,0,10,1,0
01:00:00,501205022,8,0,7,1,0
01:00:00,501205023,6,1,9,1,0
01:00:00,501205025,13,2,13,1,0
01:00:00,501205026,1,0,18,1,0
01:00:00,501205027,2,0,8,1,0
01:00:00,501205028,4,0,11,1,0
01:00:00,501205029,4,0,6,1,0
01:00:00,501205030,5,1,5,1,0
01:00:00,501205033,4,2,11,1,0
01:00:00,501205034,3,0,25,1,0
01:00:00,501205035,13,1,2,1,0
01:00:00,501205036,11,4,4,1,0
01:00:00,501205037,9,2,7,1,0
01:00:00,501205038,14,0,6,1,0
01:00:00,501205039,6,0,14,1,0
01:00:00,501205040,17,3,8,1,0
01:00:00,501205041,15,0,2,1,0
01:00:00,501205042,3,2,26,1,0
01:00:00,501208011,16,1,21,1,0
01:00:00,501208013,39,1,14,1,0
01:00:00,501208014,15,0,23,1,0
01:00:00,501208015,13,0,2,1,0
01:00:00,501208018,9,1,5,1,0
01:00:00,501208021,5,0,12,1,0
01:00:00,501208027,5,0,24,1,0
01:00:00,501208029,12,2,10,1,0
01:00:00,501208030,12,1,25,1,0
01:00:00,501208032,4,1,24,1,0
01:00:00,501208040,2,1,17,1,0
01:00:00,501208041,2,0,13,1,0
01:00:00,501208045,7,2,24,1,0
01:00:00,501208051,2,0,34,1,0
01:00:00,501208053,16,0,5,1,0
01:00:00,501208054,4,0,24,1,0
01:00:00,501208059,1,0,24,1,0
01:00:00,501208064,1,0,19,1,0
01:00:00,501208077,10,5,0,1,0
01:00:00,501208079,2,0,19,1,0
01:00:00,501208082,5,1,5,1,0
01:00:00,501208085,15,5,2,1,0
01:00:00,501208087,5,0,25,1,0
01:00:00,501208089,16,1,9,1,0
01:00:00,501208091,1,1,42,1,0
01:00:00,501208111,7,0,8,1,0
01:00:00,501208113,1,1,19,1,0
01:00:00,501208114,4,1,16,1,0
01:00:00,501208129,1,0,22,1,0
01:00:00,501208130,1,0,14,1,0
01:00:00,501209002,8,0,12,1,0
01:00:00,501209003,2,0,12,1,0
01:00:00,501209004,10,0,5,1,0
01:00:00,501209005,14,1,4,1,0
01:00:00,501209006,4,0,14,1,0
01:00:00,501209007,11,1,4,1,0
01:00:00,501209009,0,0,0,2,0
01:00:00,501209010,11,3,3,1,0
01:00:00,501209011,4,0,21,1,0
01:00:00,501209014,7,0,5,1,0
01:00:00,501209015,8,2,7,1,0
01:00:00,501209016,2,1,27,1,0
01:00:00,501209017,8,1,4,1,0
01:00:00,501209018,1,0,16,1,0
01:00:00,501209019,2,1,22,1,0
01:00:00,501209020,0,0,32,1,0
01:00:00,501209021,10,3,4,1,0
01:00:00,501209022,6,0,4,1,0
01:00:00,501209023,3,0,39,1,0
01:00:00,501209024,6,0,36,1,0
01:00:00,501209025,8,1,7,1,0
01:00:00,501209026,1,0,24,1,0
01:00:00,501209027,4,0,15,1,0
01:00:00,501209028,8,0,20,1,0
01:00:00,501209030,17,0,1,1,0
01:00:00,501209031,3,0,27,1,0
01:00:00,501209032,6,0,22,1,0
01:00:00,501209033,4,1,16,1,0
01:00:00,501209034,11,2,4,1,0
01:00:00,501209035,0,0,28,1,0
01:00:00,501209036,3,0,27,1,0
01:00:00,501209037,14,1,22,1,0
01:00:00,501209038,10,1,6,1,0
01:00:00,501209039,5,0,25,1,0
01:00:00,501209040,2,0,28,1,0
01:00:00,501209042,12,0,8,1,0
01:00:00,501209043,6,1,19,1,0
01:00:00,501209044,10,1,5,1,0
01:00:00,501209045,9,0,7,1,0
01:00:00,501209046,1,0,21,1,0
01:00:00,501209047,7,1,7,1,0
01:00:00,501209049,1,1,19,1,0
01:00:00,501209050,5,0,7,1,0
01:00:00,501209051,2,0,22,1,0
01:00:00,501209052,2,0,19,1,0
01:00:00,501209053,2,1,18,1,0
01:00:00,501209054,13,0,14,1,0
01:00:00,501209056,7,0,8,1,0
01:00:00,501209058,10,2,6,1,0
01:00:00,501209059,2,0,13,1,0
01:00:00,501209060,0,0,20,1,0
01:00:00,501209062,6,0,9,1,0
01:00:00,501209064,8,4,7,1,0
01:00:00,501209065,8,1,6,1,0
01:00:00,501209066,8,0,6,1,0
01:00:00,501209067,9,1,6,1,0
01:00:00,501209068,2,0,15,1,0
01:00:00,501209069,1,0,62,1,0
01:00:00,501209070,16,2,1,1,0
01:00:00,501209071,1,0,16,1,0
01:00:00,501209073,7,2,8,1,0
01:00:00,501209074,10,0,13,1,0
01:00:00,501209075,7,1,9,1,0
01:00:00,501209076,2,1,21,1,0
01:00:00,501209077,8,2,7,1,0
01:00:00,501209078,10,4,3,1,0
01:00:00,501209079,17,1,8,1,0
01:00:00,501209080,8,0,19,1,0
01:00:00,501209081,7,1,8,1,0
01:00:00,501209084,4,0,19,1,0
01:00:00,501209085,6,1,21,1,0
01:00:00,501209087,2,0,37,1,0
01:00:00,501209088,5,0,10,1,0
01:00:00,501209089,1,0,19,1,0
01:00:00,501209090,7,1,7,1,0
01:00:00,501209091,3,1,13,1,0
01:00:00,501209092,7,0,8,1,0
01:00:00,501209093,2,1,13,1,0
01:00:00,501209094,13,4,3,1,0
01:00:00,501209095,4,2,10,1,0
01:00:00,501209096,10,3,4,1,0
01:00:00,501209097,13,1,2,1,0
01:00:00,501209098,2,1,13,1,0
01:00:00,501209099,4,0,16,1,0
01:00:00,501209100,12,0,2,1,0
01:00:00,501209101,3,0,12,1,0
01:00:00,501209102,3,1,17,1,0
01:00:00,501209104,12,1,7,1,0
01:00:00,501209105,16,3,9,1,0
01:00:00,501209106,4,0,15,1,0
01:00:00,501211001,16,4,21,1,0
01:00:00,501211002,2,2,13,1,0
01:00:00,501211004,1,0,14,1,0
01:00:00,501211005,6,1,12,1,0
01:00:00,501211006,6,0,11,1,0
01:00:00,501211007,3,0,16,1,0
01:00:00,501211009,9,1,9,1,0
01:00:00,501211011,19,3,11,1,0
01:00:00,501211012,9,0,9,1,0
01:10:00,501201001,0,0,0,2,0
01:10:00,501201002,13,2,27,1,0
01:10:00,501201003,2,0,21,1,0
01:10:00,501201004,10,1,5,1,0
01:10:00,501201005,4,1,15,1,0
01:10:00,501201006,2,1,26,1,0
01:10:00,501201007,6,1,13,1,0
01:10:00,501201008,5,0,20,1,0
01:10:00,501201010,4,0,6,1,0
01:10:00,501201011,13,0,9,1,0
01:10:00,501201012,11,0,29,1,0
01:10:00,501201013,2,0,20,1,0
01:10:00,501201014,11,0,8,1,0
01:10:00,501201015,11,1,14,1,0
01:10:00,501201016,11,1,14,1,0
01:10:00,501201017,16,0,11,1,0
01:10:00,501201018,3,0,21,1,0
01:10:00,501201019,2,1,26,1,0
01:10:00,501201020,5,0,19,1,0
01:10:00,501201021,3,0,12,1,0
01:10:00,501201022,7,0,9,1,0
01:10:00,501201023,6,0,22,1,0
01:10:00,501201024,0,0,23,1,0
01:10:00,501201025,8,0,16,1,0
01:10:00,501201026,12,2,7,1,0
01:10:00,501201028,7,1,13,1,0
01:10:00,501201029,2,0,11,1,0
01:10:00,501201030,8,1,7,1,0
01:10:00,501201031,11,0,6,1,0
01:10:00,501202001,5,2,9,1,0
01:10:00,501202003,10,0,30,1,0
01:10:00,501202013,2,0,15,1,0
01:10:00,501202023,11,0,4,1,0
01:10:00,501202024,2,0,13,1,0
01:10:00,501202034,10,2,6,1,0
01:10:00,501202035,19,1,11,1,0
01:10:00,501202036,13,0,26,1,0
01:10:00,501202040,3,0,42,1,0
01:10:00,501202043,3,0,22,1,0
01:10:00,501202044,0,0,0,2,0
01:10:00,501202047,4,0,18,1,0
01:10:00,501202050,9,1,7,1,0
01:10:00,501202055,8,0,7,1,0
01:10:00,501202058,7,0,8,1,0
01:10:00,501202065,9,2,6,1,0
01:10:00,501202068,10,0,8,1,0
01:10:00,501202070,2,0,14,1,0
01:10:00,501202078,5,3,20,1,0
01:10:00,501202080,13,1,13,1,0
01:10:00,501202081,18,0,5,1,0
01:10:00,501202082,5,0,18,1,0
01:10:00,501202083,5,1,19,1,0
01:10:00,501202084,1,0,22,1,0
01:10:00,501202085,15,0,20,1,0
01:10:00,501202088,7,1,22,1,0
01:10:00,501202089,2,0,27,1,0
01:10:00,501202096,7,0,6,1,0
01:10:00,501203001,4,1,16,1,0
01:10:00,501203002,1,1,21,1,0
01:10:00,501203003,2,1,92,1,0
01:10:00,501203005,7,0,13,1,0
01:10:00,501203006,1,0,14,1,0
01:10:00,501203007,11,0,4,1,0
01:10:00,501203008,11,1,5,1,0
01:10:00,501203010,16,5,17,1,0
01:10:00,501203011,21,4,16,1,0
01:10:00,501203012,6,0,11,1,0
01:10:00,501203013,2,0,22,1,0
01:10:00,501203015,11,1,1,1,0
01:10:00,501203020,14,0,6,1,0
01:10:00,501203022,6,0,13,1,0
01:10:00,501203023,2,1,16,1,0
01:10:00,501203028,19,0,6,1,0
01:10:00,501203040,1,0,23,1,0
01:10:00,501203045,4,1,14,1,0
01:10:00,501203050,26,4,34,1,0
01:10:00,501203051,13,0,11,1,0
01:10:00,501203053,1,0,25,1,0
01:10:00,501203054,7,3,15,1,0
01:10:00,501203064,7,2,8,1,0
01:10:00,501203065,6,0,10,1,0
01:10:00,501203070,5,0,10,1,0
01:10:00,501203073,5,0,19,1,0
01:10:00,501203076,8,0,8,1,0
01:10:00,501203078,15,1,1,1,0
01:10:00,501203080,4,0,11,1,0
01:10:00,501203084,8,2,3,1,0
01:10:00,501203085,8,0,2,1,0
01:10:00,501203088,3,0,11,1,0
01:10:00,501203089,7,2,5,1,0
01:10:00,501203090,3,0,7,1,0
01:10:00,501203091,8,1,5,1,0
01:10:00,501203092,0,0,20,1,0
01:10:00,501203100,2,1,16,1,0
01:10:00,501203101,0,0,0,2,0
01:10:00,501203102,5,1,14,1,0
01:10:00,501203104,3,0,16,1,0
01:10:00,501203105,7,1,4,1,0
01:10:00,501203107,0,0,0,2,0
01:10:00,501203109,5,0,21,1,0
01:10:00,501203110,21,1,21,1,0
01:10:00,501203111,10,1,1,1,0
01:10:00,501203113,5,0,14,1,0
01:10:00,501203114,6,0,44,1,0
01:10:00,501203117,0,0,0,2,0
01:10:00,501203118,5,0,15,1,0
01:10:00,501203121,23,1,0,1,0
01:10:00,501203122,12,0,8,1,0
01:10:00,501203125,5,0,19,1,0
01:10:00,501203131,16,0,4,1,0
01:10:00,501203140,3,2,39,1,0
01:10:00,501203141,10,1,6,1,0
01:10:00,501203142,7,2,68,1,0
01:10:00,501203145,5,0,10,1,0
01:10:00,501203151,10,1,8,1,0
01:10:00,501203155,3,1,16,1,0
01:10:00,501203157,6,0,11,1,0
01:10:00,501203159,8,2,12,1,0
01:10:00,501203161,7,1,12,1,0
01:10:00,501203162,0,0,21,1,0
01:10:00,501203163,6,1,10,1,0
01:10:00,501204001,20,1,5,1,0
01:10:00,501204002,4,0,32,1,0
01:10:00,501204003,17,0,27,1,0
01:10:00,501204004,0,0,14,1,0
01:10:00,501204005,12,1,7,1,0
01:10:00,501204007,6,0,30,1,0
01:10:00,501204008,4,0,11,1,0
01:10:00,501204009,0,0,0,2,0
01:10:00,501204010,0,0,0,2,0
01:10:00,501204011,9,0,5,1,0
01:10:00,501204012,3,2,11,1,0
01:10:00,501204013,13,3,2,1,0
01:10:00,501204014,6,1,10,1,0
01:10:00,501204015,10,0,5,1,0
01:10:00,501204016,8,2,12,1,0
01:10:00,501204017,5,0,10,1,0
01:10:00,501204018,11,1,13,1,0
01:10:00,501204020,6,2,13,1,0
01:10:00,501204021,6,0,14,1,0
01:10:00,501204022,3,0,13,1,0
01:10:00,501204023,9,3,6,1,0
01:10:00,501204024,0,0,0,2,0
01:10:00,501204025,9,0,11,1,0
01:10:00,501205001,4,0,13,1,0
01:10:00,501205003,4,0,15,1,0
01:10:00,501205004,13,1,3,1,0
01:10:00,501205005,4,0,18,1,0
01:10:00,501205006,14,2,6,1,0
01:10:00,501205007,7,3,5,1,0
01:10:00,501205008,11,1,15,1,0
01:10:00,501205009,9,0,34,1,0
01:10:00,501205010,5,0,9,1,0
01:10:00,501205011,4,0,28,1,0
01:10:00,501205012,7,1,12,1,0
01:10:00,501205013,6,0,15,1,0
01:10:00,501205014,18,13,5,1,0
01:10:00,501205015,11,0,6,1,0
01:10:00,501205018,7,0,11,1,0
01:10:00,501205019,1,0,27,1,0
01:10:00,501205020,3,0,27,1,0
01:10:00,501205021,4,0,11,1,0
01:10:00,501205022,8,0,7,1,0
01:10:00,501205023,6,1,9,1,0
01:10:00,501205025,13,2,13,1,0
01:10:00,501205026,1,0,18,1,0
01:10:00,501205027,1,0,9,1,0
01:10:00,501205028,4,0,11,1,0
01:10:00,501205029,4,0,6,1,0
01:10:00,501205030,5,1,5,1,0
01:10:00,501205033,4,2,11,1,0
01:10:00,501205034,3,0,25,1,0
01:10:00,501205035,13,1,2,1,0
01:10:00,501205036,11,4,4,1,0
01:10:00,501205037,9,2,7,1,0
01:10:00,501205038,14,0,6,1,0
01:10:00,501205039,5,0,15,1,0
01:10:00,501205040,17,3,8,1,0
01:10:00,501205041,15,0,2,1,0
01:10:00,501205042,3,2,26,1,0
01:10:00,501208011,15,1,22,1,0
01:10:00,501208013,39,1,14,1,0
01:10:00,501208014,15,0,23,1,0
01:10:00,501208015,13,0,2,1,0
01:10:00,501208018,8,1,6,1,0
01:10:00,501208021,5,0,12,1,0
01:10:00,501208027,6,0,23,1,0
01:10:00,501208029,12,2,10,1,0
01:10:00,501208030,12,1,25,1,0
01:10:00,501208032,4,1,24,1,0
01:10:00,501208040,2,1,17,1,0
01:10:00,501208041,2,0,13,1,0
01:10:00,501208045,7,2,24,1,0
01:10:00,501208051,2,0,34,1,0
01:10:00,501208053,16,0,5,1,0
01:10:00,501208054,5,0,23,1,0
01:10:00,501208059,1,0,24,1,0
01:10:00,501208064,1,0,19,1,0
01:10:00,501208077,7,5,3,1,0
01:10:00,501208079,2,0,19,1,0
01:10:00,501208082,5,1,5,1,0
01:10:00,501208085,15,5,2,1,0
01:10:00,501208087,5,0,25,1,0
01:10:00,501208089,16,1,9,1,0
01:10:00,501208091,1,1,42,1,0
01:10:00,501208111,7,0,8,1,0
01:10:00,501208113,1,1,19,1,0
01:10:00,501208114,4,1,16,1,0
01:10:00,501208129,1,0,22,1,0
01:10:00,501208130,1,0,14,1,0
01:10:00,501209002,8,0,12,1,0
01:10:00,501209003,2,0,12,1,0
01:10:00,501209004,10,0,5,1,0
01:10:00,501209005,14,1,4,1,0
01:10:00,501209006,4,0,14,1,0
01:10:00,501209007,11,1,4,1,0
01:10:00,501209009,0,0,0,2,0
01:10:00,501209010,7,3,7,1,0
01:10:00,501209011,4,0,21,1,0
01:10:00,501209014,7,0,5,1,0
01:10:00,501209015,8,2,7,1,0
01:10:00,501209016,2,1,27,1,0
01:10:00,501209017,8,1,4,1,0
01:10:00,501209018,1,0,16,1,0
01:10:00,501209019,2,1,22,1,0
01:10:00,501209020,0,0,32,1,0
01:10:00,501209021,10,3,4,1,0
01:10:00,501209022,6,0,4,1,0
01:10:00,501209023,15,0,27,1,0
01:10:00,501209024,6,0,36,1,0
01:10:00,501209025,8,1,7,1,0
01:10:00,501209026,1,0,24,1,0
01:10:00,501209027,4,0,15,1,0
01:10:00,501209028,8,0,20,1,0
01:10:00,501209030,17,0,1,1,0
01:10:00,501209031,4,0,26,1,0
01:10:00,501209032,6,0,22,1,0
01:10:00,501209033,4,1,16,1,0
01:10:00,501209034,11,2,4,1,0
01:10:00,501209035,4,0,24,1,0
01:10:00,501209036,3,0,27,1,0
01:10:00,501209037,14,1,22,1,0
01:10:00,501209038,10,1,6,1,0
01:10:00,501209039,5,0,25,1,0
01:10:00,501209040,2,0,28,1,0
01:10:00,501209042,12,0,8,1,0
01:10:00,501209043,6,1,19,1,0
01:10:00,501209044,10,1,5,1,0
01:10:00,501209045,9,0,7,1,0
01:10:00,501209046,1,0,21,1,0
01:10:00,501209047,8,1,6,1,0
01:10:00,501209049,1,1,19,1,0
01:10:00,501209050,5,0,7,1,0
01:10:00,501209051,2,0,22,1,0
01:10:00,501209052,2,0,19,1,0
01:10:00,501209053,2,1,18,1,0
01:10:00,501209054,12,0,15,1,0
01:10:00,501209056,7,0,8,1,0
01:10:00,501209058,10,2,6,1,0
01:10:00,501209059,2,0,13,1,0
01:10:00,501209060,1,1,19,1,0
01:10:00,501209062,6,0,9,1,0
01:10:00,501209064,8,4,7,1,0
01:10:00,501209065,7,0,6,1,0
01:10:00,501209066,8,0,6,1,0
01:10:00,501209067,9,1,6,1,0
01:10:00,501209068,2,0,15,1,0
01:10:00,501209069,1,0,62,1,0
01:10:00,501209070,16,2,1,1,0
01:10:00,501209071,1,0,16,1,0
01:10:00,501209073,7,2,8,1,0
01:10:00,501209074,10,0,13,1,0
01:10:00,501209075,7,0,9,1,0
01:10:00,501209076,0,0,23,1,0
01:10:00,501209077,8,2,7,1,0
01:10:00,501209078,10,4,3,1,0
01:10:00,501209079,17,1,8,1,0
01:10:00,501209080,8,0,19,1,0
01:10:00,501209081,7,1,8,1,0
01:10:00,501209084,4,0,19,1,0
01:10:00,501209085,6,1,21,1,0
01:10:00,501209087,2,0,37,1,0
01:10:00,501209088,5,0,10,1,0
01:10:00,501209089,1,0,19,1,0
01:10:00,501209090,7,1,7,1,0
01:10:00,501209091,3,1,13,1,0
01:10:00,501209092,7,0,8,1,0
01:10:00,501209093,2,1,13,1,0
01:10:00,501209094,13,4,3,1,0
01:10:00,501209095,4,2,10,1,0
01:10:00,501209096,10,3,4,1,0
01:10:00,501209097,13,1,2,1,0
01:10:00,501209098,2,1,13,1,0
01:10:00,501209099,4,0,16,1,0
01:10:00,501209100,12,0,2,1,0
01:10:00,501209101,3,0,12,1,0
01:10:00,501209102,3,1,17,1,0
01:10:00,501209104,12,1,7,1,0
01:10:00,501209105,16,3,9,1,0
01:10:00,501209106,4,0,15,1,0
01:10:00,501211001,16,4,21,1,0
01:10:00,501211002,2,2,13,1,0
01:10:00,501211004,1,0,14,1,0
01:10:00,501211005,6,1,12,1,0
01:10:00,501211006,6,0,11,1,0
01:10:00,501211007,3,0,16,1,0
01:10:00,501211009,9,1,9,1,0
01:10:00,501211011,19,3,11,1,0
01:10:00,501211012,9,0,9,1,0
01:20:00,501201001,0,0,0,2,0
01:20:00,501201002,13,2,27,1,0
01:20:00,501201003,2,0,21,1,0
01:20:00,501201004,11,2,4,1,0
01:20:00,501201005,4,1,15,1,0
01:20:00,501201006,2,1,26,1,0
01:20:00,501201007,6,1,13,1,0
01:20:00,501201008,5,0,20,1,0
01:20:00,501201010,4,0,6,1,0
01:20:00,501201011,13,0,9,1,0
01:20:00,501201012,11,0,29,1,0
01:20:00,501201013,2,0,20,1,0
01:20:00,501201014,11,0,8,1,0
01:20:00,501201015,11,1,14,1,0
01:20:00,501201016,11,1,14,1,0
01:20:00,501201017,16,0,11,1,0
01:20:00,501201018,3,0,21,1,0
01:20:00,501201019,2,1,26,1,0
01:20:00,501201020,6,0,18,1,0
01:20:00,501201021,3,0,12,1,0
01:20:00,501201022,6,0,10,1,0
01:20:00,501201023,6,0,22,1,0
01:20:00,501201024,2,0,21,1,0
01:20:00,501201025,8,0,16,1,0
01:20:00,501201026,12,2,7,1,0
01:20:00,501201028,7,1,13,1,0
01:20:00,501201029,2,0,11,1,0
01:20:00,501201030,8,1,7,1,0
01:20:00,501201031,11,0,6,1,0
01:20:00,501202001,5,2,9,1,0
01:20:00,501202003,9,0,31,1,0
01:20:00,501202013,2,0,15,1,0
01:20:00,501202023,11,0,4,1,0
01:20:00,501202024,2,0,13,1,0
01:20:00,501202034,10,2,6,1,0
01:20:00,501202035,19,1,11,1,0
01:20:00,501202036,13,0,26,1,0
01:20:00,501202040,3,0,42,1,0
01:20:00,501202043,3,0,22,1,0
01:20:00,501202044,0,0,0,2,0
01:20:00,501202047,4,0,18,1,0
01:20:00,501202050,9,1,7,1,0
01:20:00,501202055,8,0,7,1,0
01:20:00,501202058,7,0,8,1,0
01:20:00,501202065,9,2,6,1,0
01:20:00,501202068,10,0,8,1,0
01:20:00,501202070,2,0,14,1,0
01:20:00,501202078,5,3,20,1,0
01:20:00,501202080,13,1,13,1,0
01:20:00,501202081,18,0,5,1,0
01:20:00,501202082,5,0,18,1,0
01:20:00,501202083,5,1,19,1,0
01:20:00,501202084,2,1,21,1,0
01:20:00,501202085,15,0,20,1,0
01:20:00,501202088,7,1,22,1,0
01:20:00,501202089,2,0,27,1,0
01:20:00,501202096,7,0,6,1,0
01:20:00,501203001,3,0,17,1,0
01:20:00,501203002,1,1,21,1,0
01:20:00,501203003,2,1,92,1,0
01:20:00,501203005,7,0,13,1,0
01:20:00,501203006,1,0,14,1,0
01:20:00,501203007,11,0,4,1,0
01:20:00,501203008,11,1,5,1,0
01:20:00,501203010,16,5,17,1,0
01:20:00,501203011,21,4,16,1,0
01:20:00,501203012,6,0,11,1,0
01:20:00,501203013,2,0,22,1,0
01:20:00,501203015,12,2,0,1,0
01:20:00,501203020,14,0,6,1,0
01:20:00,501203022,6,0,13,1,0
01:20:00,501203023,2,1,16,1,0
01:20:00,501203028,19,0,6,1,0
01:20:00,501203040,2,1,22,1,0
01:20:00,501203045,4,1,14,1,0
01:20:00,501203050,26,3,34,1,0
01:20:00,501203051,13,0,11,1,0
01:20:00,501203053,1,0,25,1,0
01:20:00,501203054,7,3,15,1,0
01:20:00,501203064,7,2,8,1,0
01:20:00,501203065,6,0,10,1,0
01:20:00,501203070,5,0,10,1,0
01:20:00,501203073,5,0,19,1,0
01:20:00,501203076,8,0,8,1,0
01:20:00,501203078,15,1,1,1,0
01:20:00,501203080,3,0,12,1,0
01:20:00,501203084,8,2,3,1,0
01:20:00,501203085,8,0,2,1,0
01:20:00,501203088,3,0,11,1,0
01:20:00,501203089,7,2,5,1,0
01:20:00,501203090,3,0,7,1,0
01:20:00,501203091,8,1,5,1,0
01:20:00,501203092,0,0,20,1,0
01:20:00,501203100,2,1,16,1,0
01:20:00,501203101,0,0,0,2,0
01:20:00,501203102,5,1,14,1,0
01:20:00,501203104,2,0,17,1,0
01:20:00,501203105,7,1,4,1,0
01:20:00,501203107,0,0,0,2,0
01:20:00,501203109,5,0,21,1,0
01:20:00,501203110,21,1,21,1,0
01:20:00,501203111,10,1,1,1,0
01:20:00,501203113,5,0,14,1,0
01:20:00,501203114,6,0,44,1,0
01:20:00,501203117,0,0,0,2,0
01:20:00,501203118,5,0,15,1,0
01:20:00,501203121,23,1,0,1,0
01:20:00,501203122,12,0,8,1,0
01:20:00,501203125,5,0,19,1,0
01:20:00,501203131,16,0,4,1,0
01:20:00,501203140,3,2,39,1,0
01:20:00,501203141,10,1,6,1,0
01:20:00,501203142,6,1,69,1,0
01:20:00,501203145,5,0,10,1,0
01:20:00,501203151,10,1,8,1,0
01:20:00,501203155,3,1,16,1,0
01:20:00,501203157,6,0,11,1,0
01:20:00,501203159,8,2,12,1,0
01:20:00,501203161,7,1,12,1,0
01:20:00,501203162,0,0,21,1,0
01:20:00,501203163,6,1,10,1,0
01:20:00,501204001,20,1,5,1,0
01:20:00,501204002,4,0,32,1,0
01:20:00,501204003,17,0,27,1,0
01:20:00,501204004,0,0,14,1,0
01:20:00,501204005,12,1,7,1,0
01:20:00,501204007,6,0,30,1,0
01:20:00,501204008,4,0,11,1,0
01:20:00,501204009,0,0,0,2,0
01:20:00,501204010,0,0,0,2,0
01:20:00,501204011,9,0,5,1,0
01:20:00,501204012,3,2,11,1,0
01:20:00,501204013,12,3,3,1,0
01:20:00,501204014,6,1,10,1,0
01:20:00,501204015,10,0,5,1,0
01:20:00,501204016,8,2,12,1,0
01:20:00,501204017,5,0,10,1,0
01:20:00,501204018,11,1,13,1,0
01:20:00,501204020,6,2,13,1,0
01:20:00,501204021,6,0,14,1,0
01:20:00,501204022,3,0,13,1,0
01:20:00,501204023,9,3,6,1,0
01:20:00,501204024,0,0,0,2,0
01:20:00,501204025,9,0,11,1,0
01:20:00,501205001,4,0,13,1,0
01:20:00,501205003,4,0,15,1,0
01:20:00,501205004,13,1,3,1,0
01:20:00,501205005,4,0,18,1,0
01:20:00,501205006,13,2,7,1,0
01:20:00,501205007,7,3,5,1,0
01:20:00,501205008,11,1,15,1,0
01:20:00,501205009,9,0,34,1,0
01:20:00,501205010,5,0,9,1,0
01:20:00,501205011,4,0,28,1,0
01:20:00,501205012,6,1,13,1,0
01:20:00,501205013,6,0,15,1,0
01:20:00,501205014,18,13,5,1,0
01:20:00,501205015,11,0,6,1,0
01:20:00,501205018,7,0,11,1,0
01:20:00,501205019,1,0,27,1,0
01:20:00,501205020,3,0,27,1,0
01:20:00,501205021,4,0,11,1,0
01:20:00,501205022,8,0,7,1,0
01:20:00,501205023,6,1,9,1,0
01:20:00,501205025,13,2,13,1,0
01:20:00,501205026,2,0,17,1,0
01:20:00,501205027,1,0,9,1,0
01:20:00,501205028,4,0,11,1,0
01:20:00,501205029,4,0,6,1,0
01:20:00,501205030,5,1,5,1,0
01:20:00,501205033,4,2,11,1,0
01:20:00,501205034,3,0,25,1,0
01:20:00,501205035,13,1,2,1,0
01:20:00,501205036,11,4,4,1,0
01:20:00,501205037,8,0,8,1,0
01:20:00,501205038,14,0,6,1,0
01:20:00,501205039,5,0,15,1,0
01:20:00,501205040,16,2,9,1,0
01:20:00,501205041,15,0,2,1,0
01:20:00,501205042,3,2,26,1,0
01:20:00,501208011,15,1,22,1,0
01:20:00,501208013,39,1,14,1,0
01:20:00,501208014,15,0,23,1,0
01:20:00,501208015,13,0,2,1,0
01:20:00,501208018,8,1,6,1,0
01:20:00,501208021,5,0,12,1,0
01:20:00,501208027,6,0,23,1,0
01:20:00,501208029,13,3,9,1,0
01:20:00,501208030,29,1,8,1,0
01:20:00,501208032,4,1,24,1,0
01:20:00,501208040,2,1,17,1,0
01:20:00,501208041,2,0,13,1,0
01:20:00,501208045,7,2,24,1,0
01:20:00,501208051,2,0,34,1,0
01:20:00,501208053,16,0,5,1,0
01:20:00,501208054,5,0,23,1,0
01:20:00,501208059,1,0,24,1,0
01:20:00,501208064,1,0,19,1,0
01:20:00,501208077,7,5,3,1,0
01:20:00,501208079,2,0,19,1,0
01:20:00,501208082,5,1,5,1,0
01:20:00,501208085,15,5,2,1,0
01:20:00,501208087,5,0,25,1,0
01:20:00,501208089,16,1,9,1,0
01:20:00,501208091,1,1,42,1,0
01:20:00,501208111,7,0,8,1,0
01:20:00,501208113,1,1,19,1,0
01:20:00,501208114,4,1,16,1,0
01:20:00,501208129,1,0,22,1,0
01:20:00,501208130,1,0,14,1,0
01:20:00,501209002,9,1,11,1,0
01:20:00,501209003,2,0,12,1,0
01:20:00,501209004,10,0,5,1,0
01:20:00,501209005,14,1,4,1,0
01:20:00,501209006,4,0,14,1,0
01:20:00,501209007,11,1,4,1,0
01:20:00,501209009,0,0,0,2,0
01:20:00,501209010,7,3,7,1,0
01:20:00,501209011,3,0,22,1,0
01:20:00,501209014,7,0,5,1,0
01:20:00,501209015,8,2,7,1,0
01:20:00,501209016,2,1,27,1,0
01:20:00,501209017,8,1,4,1,0
01:20:00,501209018,1,0,16,1,0
01:20:00,501209019,2,1,22,1,0
01:20:00,501209020,0,0,32,1,0
01:20:00,501209021,10,3,4,1,0
01:20:00,501209022,6,0,4,1,0
01:20:00,501209023,13,0,29,1,0
01:20:00,501209024,6,0,36,1,0
01:20:00,501209025,8,1,7,1,0
01:20:00,501209026,1,0,24,1,0
01:20:00,501209027,4,0,15,1,0
01:20:00,501209028,8,0,20,1,0
01:20:00,501209030,17,0,1,1,0
01:20:00,501209031,4,0,26,1,0
01:20:00,501209032,6,0,22,1,0
01:20:00,501209033,4,1,16,1,0
01:20:00,501209034,11,2,4,1,0
01:20:00,501209035,4,0,24,1,0
01:20:00,501209036,3,0,27,1,0
01:20:00,501209037,14,1,22,1,0
01:20:00,501209038,10,1,6,1,0
01:20:00,501209039,5,0,25,1,0
01:20:00,501209040,2,0,28,1,0
01:20:00,501209042,12,0,8,1,0
01:20:00,501209043,6,1,19,1,0
01:20:00,501209044,10,1,5,1,0
01:20:00,501209045,9,0,7,1,0
01:20:00,501209046,1,0,21,1,0
01:20:00,501209047,8,1,6,1,0
01:20:00,501209049,1,1,19,1,0
01:20:00,501209050,5,0,7,1,0
01:20:00,501209051,2,0,22,1,0
01:20:00,501209052,2,0,19,1,0
01:20:00,501209053,2,1,18,1,0
01:20:00,501209054,6,0,21,1,0
01:20:00,501209056,7,0,8,1,0
01:20:00,501209058,10,2,6,1,0
01:20:00,501209059,3,0,12,1,0
01:20:00,501209060,1,1,19,1,0
01:20:00,501209062,6,0,9,1,0
01:20:00,501209064,8,4,7,1,0
01:20:00,501209065,6,0,7,1,0
01:20:00,501209066,8,0,6,1,0
01:20:00,501209067,9,1,6,1,0
01:20:00,501209068,1,0,16,1,0
01:20:00,501209069,1,0,62,1,0
01:20:00,501209070,16,2,1,1,0
01:20:00,501209071,1,0,16,1,0
01:20:00,501209073,7,2,8,1,0
01:20:00,501209074,12,0,11,1,0
01:20:00,501209075,7,0,9,1,0
01:20:00,501209076,0,0,23,1,0
01:20:00,501209077,8,2,7,1,0
01:20:00,501209078,10,4,3,1,0
01:20:00,501209079,17,1,8,1,0
01:20:00,501209080,7,0,20,1,0
01:20:00,501209081,7,1,8,1,0
01:20:00,501209084,4,0,19,1,0
01:20:00,501209085,6,1,21,1,0
01:20:00,501209087,2,0,37,1,0
01:20:00,501209088,5,0,10,1,0
01:20:00,501209089,1,0,19,1,0
01:20:00,501209090,7,1,7,1,0
01:20:00,501209091,3,1,13,1,0
01:20:00,501209092,7,0,8,1,0
01:20:00,501209093,2,1,13,1,0
01:20:00,501209094,13,4,3,1,0
01:20:00,501209095,4,2,10,1,0
01:20:00,501209096,10,3,4,1,0
01:20:00,501209097,13,1,2,1,0
01:20:00,501209098,2,1,13,1,0
01:20:00,501209099,4,0,16,1,0
01:20:00,501209100,12,0,2,1,0
01:20:00,501209101,3,0,12,1,0
01:20:00,501209102,3,1,17,1,0
01:20:00,501209104,12,1,7,1,0
01:20:00,501209105,16,3,9,1,0
01:20:00,501209106,4,0,15,1,0
01:20:00,501211001,16,4,21,1,0
01:20:00,501211002,2,2,13,1,0
01:20:00,501211004,1,0,14,1,0
01:20:00,501211005,6,1,12,1,0
01:20:00,501211006,6,0,11,1,0
01:20:00,501211007,3,0,16,1,0
01:20:00,501211009,9,1,9,1,0
01:20:00,501211011,19,3,11,1,0
01:20:00,501211012,9,0,9,1,0
01:30:00,501201001,0,0,0,2,0
01:30:00,501201002,13,2,27,1,0
01:30:00,501201003,3,0,20,1,0
01:30:00,501201004,11,2,4,1,0
01:30:00,501201005,4,1,15,1,0
01:30:00,501201006,2,1,26,1,0
01:30:00,501201007,5,0,14,1,0
01:30:00,501201008,5,0,20,1,0
01:30:00,501201010,4,0,6,1,0
01:30:00,501201011,13,0,9,1,0
01:30:00,501201012,11,0,29,1,0
01:30:00,501201013,2,0,20,1,0
01:30:00,501201014,11,0,8,1,0
01:30:00,501201015,11,1,14,1,0
01:30:00,501201016,10,1,15,1,0
01:30:00,501201017,16,0,11,1,0
01:30:00,501201018,3,0,21,1,0
01:30:00,501201019,2,1,26,1,0
01:30:00,501201020,6,0,18,1,0
01:30:00,501201021,3,0,12,1,0
01:30:00,501201022,6,0,10,1,0
01:30:00,501201023,6,0,22,1,0
01:30:00,501201024,2,0,21,1,0
01:30:00,501201025,8,0,16,1,0
01:30:00,501201026,12,2,7,1,0
01:30:00,501201028,7,1,13,1,0
01:30:00,501201029,2,0,11,1,0
01:30:00,501201030,8,1,7,1,0
01:30:00,501201031,11,0,6,1,0
01:30:00,501202001,6,2,8,1,0
01:30:00,501202003,9,0,31,1,0
01:30:00,501202013,2,0,15,1,0
01:30:00,501202023,14,1,1,1,0
01:30:00,501202024,2,0,13,1,0
01:30:00,501202034,9,2,7,1,0
01:30:00,501202035,19,1,11,1,0
01:30:00,501202036,14,0,25,1,0
01:30:00,501202040,3,0,42,1,0
01:30:00,501202043,3,0,22,1,0
01:30:00,501202044,0,0,0,2,0
01:30:00,501202047,4,0,18,1,0
01:30:00,501202050,9,1,7,1,0
01:30:00,501202055,8,0,7,1,0
01:30:00,501202058,7,0,8,1,0
01:30:00,501202065,9,2,6,1,0
01:30:00,501202068,10,0,8,1,0
01:30:00,501202070,2,0,14,1,0
01:30:00,501202078,5,3,20,1,0
01:30:00,501202080,13,1,13,1,0
01:30:00,501202081,18,0,5,1,0
01:30:00,501202082,7,1,16,1,0
01:30:00,501202083,5,1,19,1,0
01:30:00,501202084,2,1,21,1,0
01:30:00,501202085,15,0,20,1,0
01:30:00,501202088,7,1,22,1,0
01:30:00,501202089,2,0,27,1,0
01:30:00,501202096,8,1,5,1,0
01:30:00,501203001,3,0,17,1,0
01:30:00,501203002,1,1,21,1,0
01:30:00,501203003,2,1,92,1,0
01:30:00,501203005,7,0,13,1,0
01:30:00,501203006,1,0,14,1,0
01:30:00,501203007,11,0,4,1,0
01:30:00,501203008,11,1,5,1,0
01:30:00,501203010,16,5,17,1,0
01:30:00,501203011,21,4,16,1,0
01:30:00,501203012,6,0,11,1,0
01:30:00,501203013,2,0,22,1,0
01:30:00,501203015,12,2,0,1,0
01:30:00,501203020,14,0,6,1,0
01:30:00,501203022,6,0,13,1,0
01:30:00,501203023,2,1,16,1,0
01:30:00,501203028,19,0,6,1,0
01:30:00,501203040,2,1,22,1,0
01:30:00,501203045,4,1,14,1,0
01:30:00,501203050,26,3,34,1,0
01:30:00,501203051,13,0,11,1,0
01:30:00,501203053,1,0,25,1,0
01:30:00,501203054,7,3,15,1,0
01:30:00,501203064,7,2,8,1,0
01:30:00,501203065,7,0,9,1,0
01:30:00,501203070,5,0,10,1,0
01:30:00,501203073,5,0,19,1,0
01:30:00,501203076,8,0,8,1,0
01:30:00,501203078,15,1,1,1,0
01:30:00,501203080,3,0,12,1,0
01:30:00,501203084,8,2,3,1,0
01:30:00,501203085,8,0,2,1,0
01:30:00,501203088,3,0,11,1,0
01:30:00,501203089,7,2,5,1,0
01:30:00,501203090,3,0,7,1,0
01:30:00,501203091,8,1,5,1,0
01:30:00,501203092,0,0,20,1,0
01:30:00,501203100,2,1,16,1,0
01:30:00,501203101,0,0,0,2,0
01:30:00,501203102,5,1,14,1,0
01:30:00,501203104,2,0,17,1,0
01:30:00,501203105,7,1,4,1,0
01:30:00,501203107,0,0,0,2,0
01:30:00,501203109,5,0,21,1,0
01:30:00,501203110,21,1,21,1,0
01:30:00,501203111,10,1,1,1,0
01:30:00,501203113,5,0,14,1,0
01:30:00,501203114,6,0,44,1,0
01:30:00,501203117,0,0,0,2,0
01:30:00,501203118,5,0,15,1,0
01:30:00,501203121,22,1,1,1,0
01:30:00,501203122,12,0,8,1,0
01:30:00,501203125,5,0,19,1,0
01:30:00,501203131,16,0,4,1,0
01:30:00,501203140,3,2,39,1,0
01:30:00,501203141,10,1,6,1,0
01:30:00,501203142,6,1,69,1,0
01:30:00,501203145,5,0,10,1,0
01:30:00,501203151,9,0,9,1,0
01:30:00,501203155,3,1,16,1,0
01:30:00,501203157,6,0,11,1,0
01:30:00,501203159,8,2,12,1,0
01:30:00,501203161,7,1,12,1,0
01:30:00,501203162,0,0,21,1,0
01:30:00,501203163,6,1,10,1,0
01:30:00,501204001,20,1,5,1,0
01:30:00,501204002,4,0,32,1,0
01:30:00,501204003,16,0,28,1,0
01:30:00,501204004,0,0,14,1,0
01:30:00,501204005,12,1,7,1,0
01:30:00,501204007,6,0,30,1,0
01:30:00,501204008,4,0,11,1,0
01:30:00,501204009,0,0,0,2,0
01:30:00,501204010,0,0,0,2,0
01:30:00,501204011,9,0,5,1,0
01:30:00,501204012,4,3,10,1,0
01:30:00,501204013,12,3,3,1,0
01:30:00,501204014,6,1,10,1,0
01:30:00,501204015,10,0,5,1,0
01:30:00,501204016,8,2,12,1,0
01:30:00,501204017,5,0,10,1,0
01:30:00,501204018,11,1,13,1,0
01:30:00,501204020,6,2,13,1,0
01:30:00,501204021,6,0,14,1,0
01:30:00,501204022,3,0,13,1,0
01:30:00,501204023,9,3,6,1,0
01:30:00,501204024,0,0,0,2,0
01:30:00,501204025,9,0,11,1,0
01:30:00,501205001,4,0,13,1,0
01:30:00,501205003,3,0,16,1,0
01:30:00,501205004,13,1,3,1,0
01:30:00,501205005,4,0,18,1,0
01:30:00,501205006,13,2,7,1,0
01:30:00,501205007,7,3,5,1,0
01:30:00,501205008,11,1,15,1,0
01:30:00,501205009,9,0,34,1,0
01:30:00,501205010,5,0,9,1,0
01:30:00,501205011,4,0,28,1,0
01:30:00,501205012,6,1,13,1,0
01:30:00,501205013,6,0,15,1,0
01:30:00,501205014,18,13,5,1,0
01:30:00,501205015,11,0,6,1,0
01:30:00,501205018,7,0,11,1,0
01:30:00,501205019,1,0,27,1,0
01:30:00,501205020,3,0,27,1,0
01:30:00,501205021,4,0,11,1,0
01:30:00,501205022,8,0,7,1,0
01:30:00,501205023,6,1,9,1,0
01:30:00,501205025,13,2,13,1,0
01:30:00,501205026,2,0,17,1,0
01:30:00,501205027,1,0,9,1,0
01:30:00,501205028,3,0,12,1,0
01:30:00,501205029,4,0,6,1,0
01:30:00,501205030,5,1,5,1,0
01:30:00,501205033,4,2,11,1,0
01:30:00,501205034,3,0,25,1,0
01:30:00,501205035,13,1,2,1,0
01:30:00,501205036,11,4,4,1,0
01:30:00,501205037,8,0,8,1,0
01:30:00,501205038,14,0,6,1,0
01:30:00,501205039,5,0,15,1,0
01:30:00,501205040,17,2,8,1,0
01:30:00,501205041,15,0,2,1,0
01:30:00,501205042,3,2,26,1,0
01:30:00,501208011,15,1,22,1,0
01:30:00,501208013,39,1,14,1,0
01:30:00,501208014,15,0,23,1,0
01:30:00,501208015,13,0,2,1,0
01:30:00,501208018,8,1,6,1,0
01:30:00,501208021,5,0,12,1,0
01:30:00,501208027,6,0,23,1,0
01:30:00,501208029,13,3,9,1,0
01:30:00,501208030,29,1,8,1,0
01:30:00,501208032,4,1,24,1,0
01:30:00,501208040,2,1,17,1,0
01:30:00,501208041,2,0,13,1,0
01:30:00,501208045,7,2,24,1,0
01:30:00,501208051,2,0,34,1,0
01:30:00,501208053,16,0,5,1,0
01:30:00,501208054,5,0,23,1,0
01:30:00,501208059,1,0,24,1,0
01:30:00,501208064,1,0,19,1,0
01:30:00,501208077,7,5,3,1,0
01:30:00,501208079,2,0,19,1,0
01:30:00,501208082,6,1,4,1,0
01:30:00,501208085,15,5,2,1,0
01:30:00,501208087,5,0,25,1,0
01:30:00,501208089,16,1,9,1,0
01:30:00,501208091,1,1,42,1,0
01:30:00,501208111,7,0,8,1,0
01:30:00,501208113,1,1,19,1,0
01:30:00,501208114,4,1,16,1,0
01:30:00,501208129,1,0,22,1,0
01:30:00,501208130,1,0,14,1,0
01:30:00,501209002,10,2,10,1,0
01:30:00,501209003,2,0,12,1,0
01:30:00,501209004,10,0,5,1,0
01:30:00,501209005,14,1,4,1,0
01:30:00,501209006,4,0,14,1,0
01:30:00,501209007,11,1,4,1,0
01:30:00,501209009,0,0,0,2,0
01:30:00,501209010,7,3,7,1,0
01:30:00,501209011,3,0,22,1,0
01:30:00,501209014,7,0,5,1,0
01:30:00,501209015,9,2,6,1,0
01:30:00,501209016,2,1,27,1,0
01:30:00,501209017,8,1,4,1,0
01:30:00,501209018,1,0,16,1,0
01:30:00,501209019,2,1,22,1,0
01:30:00,501209020,2,0,30,1,0
01:30:00,501209021,10,3,4,1,0
01:30:00,501209022,6,0,4,1,0
01:30:00,501209023,13,0,29,1,0
01:30:00,501209024,6,0,36,1,0
01:30:00,501209025,8,1,7,1,0
01:30:00,501209026,2,1,23,1,0
01:30:00,501209027,4,0,15,1,0
01:30:00,501209028,8,0,20,1,0
01:30:00,501209030,17,0,1,1,0
01:30:00,501209031,4,0,26,1,0
01:30:00,501209032,6,0,22,1,0
01:30:00,501209033,4,1,16,1,0
01:30:00,501209034,11,2,4,1,0
01:30:00,501209035,4,0,24,1,0
01:30:00,501209036,3,0,27,1,0
01:30:00,501209037,14,1,22,1,0
01:30:00,501209038,10,1,6,1,0
01:30:00,501209039,5,0,25,1,0
01:30:00,501209040,2,0,28,1,0
01:30:00,501209042,15,0,5,1,0
01:30:00,501209043,6,1,19,1,0
01:30:00,501209044,10,1,5,1,0
01:30:00,501209045,7,0,9,1,0
01:30:00,501209046,1,0,21,1,0
01:30:00,501209047,8,1,6,1,0
01:30:00,501209049,1,1,19,1,0
01:30:00,501209050,5,0,7,1,0
01:30:00,501209051,3,0,21,1,0
01:30:00,501209052,2,0,19,1,0
01:30:00,501209053,2,1,18,1,0
01:30:00,501209054,6,0,21,1,0
01:30:00,501209056,7,0,8,1,0
01:30:00,501209058,10,2,6,1,0
01:30:00,501209059,3,0,12,1,0
01:30:00,501209060,1,1,19,1,0
01:30:00,501209062,6,0,9,1,0
01:30:00,501209064,8,4,7,1,0
01:30:00,501209065,5,0,8,1,0
01:30:00,501209066,8,0,6,1,0
01:30:00,501209067,9,1,6,1,0
01:30:00,501209068,1,0,16,1,0
01:30:00,501209069,7,0,56,1,0
01:30:00,501209070,4,2,13,1,0
01:30:00,501209071,1,0,16,1,0
01:30:00,501209073,7,2,8,1,0
01:30:00,501209074,12,0,11,1,0
01:30:00,501209075,7,0,9,1,0
01:30:00,501209076,3,0,20,1,0
01:30:00,501209077,8,2,7,1,0
01:30:00,501209078,10,4,3,1,0
01:30:00,501209079,17,1,8,1,0
01:30:00,501209080,7,0,20,1,0
01:30:00,501209081,7,1,8,1,0
01:30:00,501209084,4,0,19,1,0
01:30:00,501209085,6,1,21,1,0
01:30:00,501209087,2,0,37,1,0
01:30:00,501209088,5,0,10,1,0
01:30:00,501209089,1,0,19,1,0
01:30:00,501209090,7,1,7,1,0
01:30:00,501209091,3,1,13,1,0
01:30:00,501209092,8,1,7,1,0
01:30:00,501209093,2,1,13,1,0
01:30:00,501209094,13,4,3,1,0
01:30:00,501209095,4,2,10,1,0
01:30:00,501209096,10,3,4,1,0
01:30:00,501209097,13,1,2,1,0
01:30:00,501209098,2,1,13,1,0
01:30:00,501209099,4,0,16,1,0
01:30:00,501209100,12,0,2,1,0
01:30:00,501209101,3,0,12,1,0
01:30:00,501209102,3,1,17,1,0
01:30:00,501209104,12,1,7,1,0
01:30:00,501209105,16,3,9,1,0
01:30:00,501209106,4,0,15,1,0
01:30:00,501211001,16,4,21,1,0
01:30:00,501211002,2,2,13,1,0
01:30:00,501211004,1,0,14,1,0
01:30:00,501211005,6,1,12,1,0
01:30:00,501211006,6,0,11,1,0
01:30:00,501211007,3,0,16,1,0
01:30:00,501211009,9,1,9,1,0
01:30:00,501211011,19,3,11,1,0
01:30:00,501211012,9,0,9,1,0
01:40:00,501201001,0,0,0,2,0
01:40:00,501201002,13,2,27,1,0
01:40:00,501201003,3,0,20,1,0
01:40:00,501201004,11,2,4,1,0
01:40:00,501201005,4,1,15,1,0
01:40:00,501201006,1,0,27,1,0
01:40:00,501201007,3,0,16,1,0
01:40:00,501201008,5,0,20,1,0
01:40:00,501201010,4,0,6,1,0
01:40:00,501201011,13,0,9,1,0
01:40:00,501201012,11,0,29,1,0
01:40:00,501201013,2,0,20,1,0
01:40:00,501201014,11,0,8,1,0
01:40:00,501201015,11,1,14,1,0
01:40:00,501201016,10,1,15,1,0
01:40:00,501201017,15,0,12,1,0
01:40:00,501201018,3,0,21,1,0
01:40:00,501201019,2,1,26,1,0
01:40:00,501201020,6,0,18,1,0
01:40:00,501201021,3,0,12,1,0
01:40:00,501201022,6,0,10,1,0
01:40:00,501201023,6,0,22,1,0
01:40:00,501201024,3,0,20,1,0
01:40:00,501201025,8,0,16,1,0
01:40:00,501201026,12,2,7,1,0
01:40:00,501201028,7,1,13,1,0
01:40:00,501201029,2,0,11,1,0
01:40:00,501201030,8,1,7,1,0
01:40:00,501201031,10,0,7,1,0
01:40:00,501202001,4,0,10,1,0
01:40:00,501202003,9,0,31,1,0
01:40:00,501202013,2,0,15,1,0
01:40:00,501202023,14,1,1,1,0
01:40:00,501202024,2,0,13,1,0
01:40:00,501202034,9,2,7,1,0
01:40:00,501202035,19,1,11,1,0
01:40:00,501202036,13,0,26,1,0
01:40:00,501202040,3,0,42,1,0
01:40:00,501202043,3,0,22,1,0
01:40:00,501202044,0,0,0,2,0
01:40:00,501202047,4,0,18,1,0
01:40:00,501202050,9,1,7,1,0
01:40:00,501202055,8,0,7,1,0
01:40:00,501202058,7,0,8,1,0
01:40:00,501202065,9,2,6,1,0
01:40:00,501202068,10,0,8,1,0
01:40:00,501202070,2,0,14,1,0
01:40:00,501202078,5,3,20,1,0
01:40:00,501202080,13,1,13,1,0
01:40:00,501202081,18,0,5,1,0
01:40:00,501202082,7,1,16,1,0
01:40:00,501202083,5,1,19,1,0
01:40:00,501202084,3,2,20,1,0
01:40:00,501202085,15,0,20,1,0
01:40:00,501202088,7,1,22,1,0
01:40:00,501202089,2,0,27,1,0
01:40:00,501202096,8,1,5,1,0
01:40:00,501203001,3,0,17,1,0
01:40:00,501203002,2,2,20,1,0
01:40:00,501203003,2,1,92,1,0
01:40:00,501203005,7,0,13,1,0
01:40:00,501203006,1,0,14,1,0
01:40:00,501203007,11,0,4,1,0
01:40:00,501203008,11,1,5,1,0
01:40:00,501203010,16,5,17,1,0
01:40:00,501203011,21,4,16,1,0
01:40:00,501203012,6,0,11,1,0
01:40:00,501203013,2,0,22,1,0
01:40:00,501203015,12,2,0,1,0
01:40:00,501203020,14,0,6,1,0
01:40:00,501203022,4,0,15,1,0
01:40:00,501203023,2,1,16,1,0
01:40:00,501203028,19,0,6,1,0
01:40:00,501203040,1,0,23,1,0
01:40:00,501203045,4,1,14,1,0
01:40:00,501203050,26,2,34,1,0
01:40:00,501203051,12,0,12,1,0
01:40:00,501203053,1,0,25,1,0
01:40:00,501203054,7,3,15,1,0
01:40:00,501203064,7,2,8,1,0
01:40:00,501203065,7,0,9,1,0
01:40:00,501203070,5,0,10,1,0
01:40:00,501203073,5,0,19,1,0
01:40:00,501203076,8,0,8,1,0
01:40:00,501203078,15,1,1,1,0
01:40:00,501203080,3,0,12,1,0
01:40:00,501203084,8,2,3,1,0
01:40:00,501203085,8,0,2,1,0
01:40:00,501203088,4,0,10,1,0
01:40:00,501203089,7,2,5,1,0
01:40:00,501203090,3,0,7,1,0
01:40:00,501203091,8,1,5,1,0
01:40:00,501203092,0,0,20,1,0
01:40:00,501203100,2,1,16,1,0
01:40:00,501203101,0,0,0,2,0
01:40:00,501203102,5,1,14,1,0
01:40:00,501203104,2,0,17,1,0
01:40:00,501203105,7,1,4,1,0
01:40:00,501203107,0,0,0,2,0
01:40:00,501203109,5,0,21,1,0
01:40:00,501203110,21,1,21,1,0
01:40:00,501203111,10,1,1,1,0
01:40:00,501203113,5,0,14,1,0
01:40:00,501203114,6,0,44,1,0
01:40:00,501203117,0,0,0,2,0
01:40:00,501203118,5,0,15,1,0
01:40:00,501203121,23,1,0,1,0
01:40:00,501203122,12,0,8,1,0
01:40:00,501203125,5,0,19,1,0
01:40:00,501203131,16,0,4,1,0
01:40:00,501203140,2,1,40,1,0
01:40:00,501203141,10,1,6,1,0
01:40:00,501203142,8,1,67,1,0
01:40:00,501203145,5,0,10,1,0
01:40:00,501203151,9,0,9,1,0
01:40:00,501203155,3,1,16,1,0
01:40:00,501203157,6,0,11,1,0
01:40:00,501203159,8,2,12,1,0
01:40:00,501203161,7,1,12,1,0
01:40:00,501203162,0,0,21,1,0
01:40:00,501203163,6,1,10,1,0
01:40:00,501204001,20,1,5,1,0
01:40:00,501204002,4,0,32,1,0
01:40:00,501204003,16,0,28,1,0
01:40:00,501204004,0,0,14,1,0
01:40:00,501204005,12,1,7,1,0
01:40:00,501204007,5,0,31,1,0
01:40:00,501204008,4,0,11,1,0
01:40:00,501204009,0,0,0,2,0
01:40:00,501204010,0,0,0,2,0
01:40:00,501204011,9,0,5,1,0
01:40:00,501204012,3,3,11,1,0
01:40:00,501204013,12,3,3,1,0
01:40:00,501204014,6,1,10,1,0
01:40:00,501204015,10,0,5,1,0
01:40:00,501204016,8,2,12,1,0
01:40:00,501204017,5,0,10,1,0
01:40:00,501204018,11,1,13,1,0
01:40:00,501204020,6,2,13,1,0
01:40:00,501204021,6,0,14,1,0
01:40:00,501204022,3,0,13,1,0
01:40:00,501204023,8,2,7,1,0
01:40:00,501204024,0,0,0,2,0
01:40:00,501204025,9,0,11,1,0
01:40:00,501205001,4,0,13,1,0
01:40:00,501205003,3,0,16,1,0
01:40:00,501205004,13,1,3,1,0
01:40:00,501205005,4,0,18,1,0
01:40:00,501205006,14,3,6,1,0
01:40:00,501205007,7,3,5,1,0
01:40:00,501205008,11,1,15,1,0
01:40:00,501205009,9,0,34,1,0
01:40:00,501205010,5,0,9,1,0
01:40:00,501205011,4,0,28,1,0
01:40:00,501205012,7,2,12,1,0
01:40:00,501205013,6,0,15,1,0
01:40:00,501205014,18,13,5,1,0
01:40:00,501205015,12,0,5,1,0
01:40:00,501205018,7,0,11,1,0
01:40:00,501205019,1,0,27,1,0
01:40:00,501205020,3,0,27,1,0
01:40:00,501205021,4,0,11,1,0
01:40:00,501205022,8,0,7,1,0
01:40:00,501205023,6,1,9,1,0
01:40:00,501205025,13,2,13,1,0
01:40:00,501205026,2,0,17,1,0
01:40:00,501205027,1,0,9,1,0
01:40:00,501205028,3,0,12,1,0
01:40:00,501205029,4,0,6,1,0
01:40:00,501205030,5,1,5,1,0
01:40:00,501205033,4,2,11,1,0
01:40:00,501205034,3,0,25,1,0
01:40:00,501205035,13,1,2,1,0
01:40:00,501205036,11,4,4,1,0
01:40:00,501205037,8,0,8,1,0
01:40:00,501205038,14,0,6,1,0
01:40:00,501205039,5,0,15,1,0
01:40:00,501205040,17,2,8,1,0
01:40:00,501205041,16,0,1,1,0
01:40:00,501205042,3,2,26,1,0
01:40:00,501208011,15,1,22,1,0
01:40:00,501208013,39,1,14,1,0
01:40:00,501208014,15,0,23,1,0
01:40:00,501208015,13,0,2,1,0
01:40:00,501208018,8,1,6,1,0
01:40:00,501208021,5,0,12,1,0
01:40:00,501208027,6,0,23,1,0
01:40:00,501208029,13,3,9,1,0
01:40:00,501208030,29,1,8,1,0
01:40:00,501208032,4,1,24,1,0
01:40:00,501208040,2,1,17,1,0
01:40:00,501208041,2,0,13,1,0
01:40:00,501208045,7,2,24,1,0
01:40:00,501208051,2,0,34,1,0
01:40:00,501208053,16,0,5,1,0
01:40:00,501208054,5,0,23,1,0
01:40:00,501208059,1,0,24,1,0
01:40:00,501208064,1,0,19,1,0
01:40:00,501208077,7,5,3,1,0
01:40:00,501208079,2,0,19,1,0
01:40:00,501208082,6,1,4,1,0
01:40:00,501208085,15,5,2,1,0
01:40:00,501208087,4,0,26,1,0
01:40:00,501208089,16,1,9,1,0
01:40:00,501208091,1,1,42,1,0
01:40:00,501208111,7,0,8,1,0
01:40:00,501208113,1,1,19,1,0
01:40:00,501208114,4,1,16,1,0
01:40:00,501208129,1,0,22,1,0
01:40:00,501208130,1,0,14,1,0
01:40:00,501209002,10,2,10,1,0
01:40:00,501209003,2,0,12,1,0
01:40:00,501209004,10,0,5,1,0
01:40:00,501209005,14,1,4,1,0
01:40:00,501209006,4,0,14,1,0
01:40:00,501209007,11,1,4,1,0
01:40:00,501209009,0,0,0,2,0
01:40:00,501209010,7,3,7,1,0
01:40:00,501209011,3,0,22,1,0
01:40:00,501209014,7,0,5,1,0
01:40:00,501209015,9,2,6,1,0
01:40:00,501209016,1,1,28,1,0
01:40:00,501209017,8,1,4,1,0
01:40:00,501209018,1,0,16,1,0
01:40:00,501209019,2,1,22,1,0
01:40:00,501209020,2,0,30,1,0
01:40:00,501209021,10,3,4,1,0
01:40:00,501209022,6,0,4,1,0
01:40:00,501209023,13,0,29,1,0
01:40:00,501209024,5,0,37,1,0
01:40:00,501209025,8,1,7,1,0
01:40:00,501209026,2,1,23,1,0
01:40:00,501209027,4,0,15,1,0
01:40:00,501209028,8,0,20,1,0
01:40:00,501209030,17,0,1,1,0
01:40:00,501209031,4,0,26,1,0
01:40:00,501209032,6,0,22,1,0
01:40:00,501209033,4,1,16,1,0
01:40:00,501209034,5,2,10,1,0
01:40:00,501209035,4,0,24,1,0
01:40:00,501209036,3,0,27,1,0
01:40:00,501209037,14,1,22,1,0
01:40:00,501209038,10,1,6,1,0
01:40:00,501209039,5,0,25,1,0
01:40:00,501209040,2,0,28,1,0
01:40:00,501209042,15,0,5,1,0
01:40:00,501209043,6,1,19,1,0
01:40:00,501209044,10,1,5,1,0
01:40:00,501209045,7,0,9,1,0
01:40:00,501209046,4,0,18,1,0
01:40:00,501209047,8,1,6,1,0
01:40:00,501209049,1,1,19,1,0
01:40:00,501209050,5,0,7,1,0
01:40:00,501209051,3,0,21,1,0
01:40:00,501209052,2,0,19,1,0
01:40:00,501209053,2,1,18,1,0
01:40:00,501209054,6,0,21,1,0
01:40:00,501209056,7,0,8,1,0
01:40:00,501209058,10,2,6,1,0
01:40:00,501209059,3,0,12,1,0
01:40:00,501209060,1,1,19,1,0
01:40:00,501209062,6,0,9,1,0
01:40:00,501209064,8,4,7,1,0
01:40:00,501209065,5,0,8,1,0
01:40:00,501209066,8,0,6,1,0
01:40:00,501209067,9,1,6,1,0
01:40:00,501209068,1,0,16,1,0
01:40:00,501209069,7,0,56,1,0
01:40:00,501209070,4,2,13,1,0
01:40:00,501209071,1,0,16,1,0
01:40:00,501209073,9,4,6,1,0
01:40:00,501209074,12,0,11,1,0
01:40:00,501209075,7,0,9,1,0
01:40:00,501209076,3,0,20,1,0
01:40:00,501209077,8,2,7,1,0
01:40:00,501209078,10,4,3,1,0
01:40:00,501209079,17,1,8,1,0
01:40:00,501209080,7,0,20,1,0
01:40:00,501209081,7,1,8,1,0
01:40:00,501209084,4,0,19,1,0
01:40:00,501209085,6,1,21,1,0
01:40:00,501209087,2,0,37,1,0
01:40:00,501209088,5,0,10,1,0
01:40:00,501209089,1,0,19,1,0
01:40:00,501209090,7,1,7,1,0
01:40:00,501209091,3,1,13,1,0
01:40:00,501209092,8,1,7,1,0
01:40:00,501209093,2,1,13,1,0
01:40:00,501209094,13,4,3,1,0
01:40:00,501209095,4,2,10,1,0
01:40:00,501209096,10,3,4,1,0
01:40:00,501209097,13,1,2,1,0
01:40:00,501209098,2,1,13,1,0
01:40:00,501209099,4,0,16,1,0
01:40:00,501209100,12,0,2,1,0
01:40:00,501209101,3,0,12,1,0
01:40:00,501209102,3,1,17,1,0
01:40:00,501209104,12,1,7,1,0
01:40:00,501209105,16,3,9,1,0
01:40:00,501209106,4,0,15,1,0
01:40:00,501211001,16,4,21,1,0
01:40:00,501211002,2,2,13,1,0
01:40:00,501211004,1,0,14,1,0
01:40:00,501211005,6,1,12,1,0
01:40:00,501211006,6,0,11,1,0
01:40:00,501211007,3,0,16,1,0
01:40:00,501211009,9,1,9,1,0
01:40:00,501211011,19,3,11,1,0
01:40:00,501211012,9,0,9,1,0
01:50:01,501201001,0,0,0,2,0
01:50:01,501201002,12,1,28,1,0
01:50:01,501201003,3,0,20,1,0
01:50:01,501201004,11,2,4,1,0
01:50:01,501201005,4,1,15,1,0
01:50:01,501201006,1,0,27,1,0
01:50:01,501201007,3,0,16,1,0
01:50:01,501201008,5,0,20,1,0
01:50:01,501201010,4,0,6,1,0
01:50:01,501201011,13,0,9,1,0
01:50:01,501201012,11,0,29,1,0
01:50:01,501201013,2,0,20,1,0
01:50:01,501201014,11,0,8,1,0
01:50:01,501201015,11,1,14,1,0
01:50:01,501201016,9,1,16,1,0
01:50:01,501201017,15,0,12,1,0
01:50:01,501201018,3,0,21,1,0
01:50:01,501201019,2,1,26,1,0
01:50:01,501201020,6,0,18,1,0
01:50:01,501201021,3,0,12,1,0
01:50:01,501201022,5,0,11,1,0
01:50:01,501201023,6,0,22,1,0
01:50:01,501201024,3,0,20,1,0
01:50:01,501201025,8,0,16,1,0
01:50:01,501201026,12,2,7,1,0
01:50:01,501201028,7,1,13,1,0
01:50:01,501201029,2,0,11,1,0
01:50:01,501201030,8,1,7,1,0
01:50:01,501201031,10,0,7,1,0
01:50:01,501202001,3,0,11,1,0
01:50:01,501202003,9,0,31,1,0
01:50:01,501202013,2,0,15,1,0
01:50:01,501202023,14,1,1,1,0
01:50:01,501202024,2,0,13,1,0
01:50:01,501202034,10,2,6,1,0
01:50:01,501202035,19,1,11,1,0
01:50:01,501202036,13,0,26,1,0
01:50:01,501202040,4,1,41,1,0
01:50:01,501202043,3,0,22,1,0
01:50:01,501202044,0,0,0,2,0
01:50:01,501202047,4,0,18,1,0
01:50:01,501202050,9,1,7,1,0
01:50:01,501202055,8,0,7,1,0
01:50:01,501202058,8,0,7,1,0
01:50:01,501202065,9,2,6,1,0
01:50:01,501202068,10,0,8,1,0
01:50:01,501202070,2,0,14,1,0
01:50:01,501202078,5,3,20,1,0
01:50:01,501202080,13,1,13,1,0
01:50:01,501202081,18,0,5,1,0
01:50:01,501202082,8,1,15,1,0
01:50:01,501202083,5,1,19,1,0
01:50:01,501202084,3,2,20,1,0
01:50:01,501202085,15,0,20,1,0
01:50:01,501202088,7,1,22,1,0
01:50:01,501202089,2,0,27,1,0
01:50:01,501202096,8,1,5,1,0
01:50:01,501203001,3,0,17,1,0
01:50:01,501203002,2,2,20,1,0
01:50:01,501203003,2,1,92,1,0
01:50:01,501203005,7,0,13,1,0
01:50:01,501203006,1,0,14,1,0
01:50:01,501203007,11,0,4,1,0
01:50:01,501203008,11,1,5,1,0
01:50:01,501203010,16,5,17,1,0
01:50:01,501203011,21,4,16,1,0
01:50:01,501203012,6,0,11,1,0
01:50:01,501203013,2,0,22,1,0
01:50:01,501203015,12,2,0,1,0
01:50:01,501203020,14,0,6,1,0
01:50:01,501203022,4,0,15,1,0
01:50:01,501203023,2,1,16,1,0
01:50:01,501203028,19,0,6,1,0
01:50:01,501203040,1,0,23,1,0
01:50:01,501203045,4,1,14,1,0
01:50:01,501203050,26,2,34,1,0
01:50:01,501203051,12,0,12,1,0
01:50:01,501203053,1,0,25,1,0
01:50:01,501203054,7,3,15,1,0
01:50:01,501203064,7,2,8,1,0
01:50:01,501203065,7,0,9,1,0
01:50:01,501203070,5,0,10,1,0
01:50:01,501203073,5,0,19,1,0
01:50:01,501203076,8,0,8,1,0
01:50:01,501203078,15,1,1,1,0
01:50:01,501203080,3,0,12,1,0
01:50:01,501203084,8,2,3,1,0
01:50:01,501203085,8,0,2,1,0
01:50:01,501203088,4,0,10,1,0
01:50:01,501203089,7,2,5,1,0
01:50:01,501203090,3,0,7,1,0
01:50:01,501203091,8,1,5,1,0
01:50:01,501203092,0,0,20,1,0
01:50:01,501203100,2,1,16,1,0
01:50:01,501203101,0,0,0,2,0
01:50:01,501203102,5,1,14,1,0
01:50:01,501203104,2,0,17,1,0
01:50:01,501203105,7,1,4,1,0
01:50:01,501203107,0,0,0,2,0
01:50:01,501203109,5,0,21,1,0
01:50:01,501203110,21,1,21,1,0
01:50:01,501203111,10,1,1,1,0
01:50:01,501203113,5,0,14,1,0
01:50:01,501203114,6,0,44,1,0
01:50:01,501203117,0,0,0,2,0
01:50:01,501203118,5,0,15,1,0
01:50:01,501203121,23,1,0,1,0
01:50:01,501203122,12,0,8,1,0
01:50:01,501203125,5,0,19,1,0
01:50:01,501203131,16,0,4,1,0
01:50:01,501203140,1,0,41,1,0
01:50:01,501203141,10,1,6,1,0
01:50:01,501203142,8,1,67,1,0
01:50:01,501203145,5,0,10,1,0
01:50:01,501203151,9,1,9,1,0
01:50:01,501203155,4,2,15,1,0
01:50:01,501203157,6,0,11,1,0
01:50:01,501203159,8,2,12,1,0
01:50:01,501203161,7,1,12,1,0
01:50:01,501203162,0,0,21,1,0
01:50:01,501203163,6,1,10,1,0
01:50:01,501204001,20,1,5,1,0
01:50:01,501204002,4,0,32,1,0
01:50:01,501204003,16,0,28,1,0
01:50:01,501204004,0,0,14,1,0
01:50:01,501204005,12,1,7,1,0
01:50:01,501204007,6,0,30,1,0
01:50:01,501204008,4,0,11,1,0
01:50:01,501204009,0,0,0,2,0
01:50:01,501204010,0,0,0,2,0
01:50:01,501204011,9,0,5,1,0
01:50:01,501204012,3,3,11,1,0
01:50:01,501204013,12,3,3,1,0
01:50:01,501204014,6,1,10,1,0
01:50:01,501204015,10,0,5,1,0
01:50:01,501204016,8,2,12,1,0
01:50:01,501204017,5,0,10,1,0
01:50:01,501204018,11,1,13,1,0
01:50:01,501204020,6,2,13,1,0
01:50:01,501204021,6,0,14,1,0
01:50:01,501204022,3,0,13,1,0
01:50:01,501204023,7,1,8,1,0
01:50:01,501204024,0,0,0,2,0
01:50:01,501204025,9,0,11,1,0
01:50:01,501205001,4,0,13,1,0
01:50:01,501205003,3,0,16,1,0
01:50:01,501205004,13,1,3,1,0
01:50:01,501205005,4,0,18,1,0
01:50:01,501205006,15,4,5,1,0
01:50:01,501205007,7,3,5,1,0
01:50:01,501205008,11,1,15,1,0
01:50:01,501205009,10,0,33,1,0
01:50:01,501205010,5,0,9,1,0
01:50:01,501205011,4,0,28,1,0
01:50:01,501205012,7,2,12,1,0
01:50:01,501205013,6,0,15,1,0
01:50:01,501205014,18,13,5,1,0
01:50:01,501205015,12,0,5,1,0
01:50:01,501205018,7,0,11,1,0
01:50:01,501205019,1,0,27,1,0
01:50:01,501205020,3,0,27,1,0
01:50:01,501205021,5,1,10,1,0
01:50:01,501205022,8,0,7,1,0
01:50:01,501205023,6,1,9,1,0
01:50:01,501205025,13,2,13,1,0
01:50:01,501205026,2,0,17,1,0
01:50:01,501205027,1,0,9,1,0
01:50:01,501205028,3,0,12,1,0
01:50:01,501205029,4,0,6,1,0
01:50:01,501205030,5,1,5,1,0
01:50:01,501205033,4,2,11,1,0
01:50:01,501205034,3,0,25,1,0
01:50:01,501205035,13,1,2,1,0
01:50:01,501205036,11,4,4,1,0
01:50:01,501205037,8,0,8,1,0
01:50:01,501205038,14,0,6,1,0
01:50:01,501205039,5,0,15,1,0
01:50:01,501205040,17,2,8,1,0
01:50:01,501205041,16,0,1,1,0
01:50:01,501205042,3,2,26,1,0
01:50:01,501208011,15,1,22,1,0
01:50:01,501208013,39,1,14,1,0
01:50:01,501208014,15,0,23,1,0
01:50:01,501208015,13,0,2,1,0
01:50:01,501208018,8,1,6,1,0
01:50:01,501208021,5,0,12,1,0
01:50:01,501208027,6,0,23,1,0
01:50:01,501208029,13,3,9,1,0
01:50:01,501208030,29,1,8,1,0
01:50:01,501208032,4,1,24,1,0
01:50:01,501208040,2,1,17,1,0
01:50:01,501208041,2,0,13,1,0
01:50:01,501208045,7,2,24,1,0
01:50:01,501208051,2,0,34,1,0
01:50:01,501208053,16,0,5,1,0
01:50:01,501208054,5,0,23,1,0
01:50:01,501208059,1,0,24,1,0
01:50:01,501208064,1,0,19,1,0
01:50:01,501208077,7,5,3,1,0
01:50:01,501208079,2,0,19,1,0
01:50:01,501208082,6,1,4,1,0
01:50:01,501208085,14,4,2,1,0
01:50:01,501208087,4,0,26,1,0
01:50:01,501208089,16,1,9,1,0
01:50:01,501208091,1,1,42,1,0
01:50:01,501208111,7,0,8,1,0
01:50:01,501208113,1,1,19,1,0
01:50:01,501208114,4,1,16,1,0
01:50:01,501208129,1,0,22,1,0
01:50:01,501208130,1,0,14,1,0
01:50:01,501209002,10,2,10,1,0
01:50:01,501209003,2,0,12,1,0
01:50:01,501209004,10,0,5,1,0
01:50:01,501209005,14,1,4,1,0
01:50:01,501209006,4,0,14,1,0
01:50:01,501209007,11,1,4,1,0
01:50:01,501209009,0,0,0,2,0
01:50:01,501209010,7,3,7,1,0
01:50:01,501209011,3,0,22,1,0
01:50:01,501209014,7,0,5,1,0
01:50:01,501209015,9,2,6,1,0
01:50:01,501209016,1,1,28,1,0
01:50:01,501209017,8,1,4,1,0
01:50:01,501209018,1,0,16,1,0
01:50:01,501209019,2,1,22,1,0
01:50:01,501209020,2,0,30,1,0
01:50:01,501209021,10,3,4,1,0
01:50:01,501209022,6,0,4,1,0
01:50:01,501209023,13,0,29,1,0
01:50:01,501209024,6,0,36,1,0
01:50:01,501209025,9,1,6,1,0
01:50:01,501209026,13,1,12,1,0
01:50:01,501209027,5,0,14,1,0
01:50:01,501209028,8,0,20,1,0
01:50:01,501209030,17,0,1,1,0
01:50:01,501209031,4,0,26,1,0
01:50:01,501209032,6,0,22,1,0
01:50:01,501209033,3,0,17,1,0
01:50:01,501209034,6,2,9,1,0
01:50:01,501209035,4,0,24,1,0
01:50:01,501209036,3,0,27,1,0
01:50:01,501209037,14,1,22,1,0
01:50:01,501209038,10,1,6,1,0
01:50:01,501209039,5,0,25,1,0
01:50:01,501209040,2,0,28,1,0
01:50:01,501209042,15,0,5,1,0
01:50:01,501209043,6,1,19,1,0
01:50:01,501209044,10,1,5,1,0
01:50:01,501209045,7,0,9,1,0
01:50:01,501209046,10,0,12,1,0
01:50:01,501209047,8,1,6,1,0
01:50:01,501209049,1,1,19,1,0
01:50:01,501209050,5,0,7,1,0
01:50:01,501209051,3,0,21,1,0
01:50:01,501209052,2,0,19,1,0
01:50:01,501209053,2,1,18,1,0
01:50:01,501209054,7,0,20,1,0
01:50:01,501209056,7,0,8,1,0
01:50:01,501209058,9,1,7,1,0
01:50:01,501209059,3,0,12,1,0
01:50:01,501209060,1,1,19,1,0
01:50:01,501209062,6,0,9,1,0
01:50:01,501209064,8,4,7,1,0
01:50:01,501209065,5,0,8,1,0
01:50:01,501209066,8,0,6,1,0
01:50:01,501209067,9,1,6,1,0
01:50:01,501209068,1,0,16,1,0
01:50:01,501209069,7,0,56,1,0
01:50:01,501209070,4,2,13,1,0
01:50:01,501209071,1,0,16,1,0
01:50:01,501209073,9,4,6,1,0
01:50:01,501209074,12,0,11,1,0
01:50:01,501209075,7,0,9,1,0
01:50:01,501209076,3,0,20,1,0
01:50:01,501209077,8,2,7,1,0
01:50:01,501209078,10,4,3,1,0
01:50:01,501209079,17,1,8,1,0
01:50:01,501209080,7,0,20,1,0
01:50:01,501209081,7,1,8,1,0
01:50:01,501209084,4,0,19,1,0
01:50:01,501209085,7,2,20,1,0
01:50:01,501209087,2,0,37,1,0
01:50:01,501209088,5,0,10,1,0
01:50:01,501209089,1,0,19,1,0
01:50:01,501209090,7,1,7,1,0
01:50:01,501209091,3,1,13,1,0
01:50:01,501209092,8,1,7,1,0
01:50:01,501209093,2,1,13,1,0
01:50:01,501209094,13,4,3,1,0
01:50:01,501209095,4,2,10,1,0
01:50:01,501209096,10,3,4,1,0
01:50:01,501209097,13,1,2,1,0
01:50:01,501209098,2,1,13,1,0
01:50:01,501209099,4,0,16,1,0
01:50:01,501209100,12,0,2,1,0
01:50:01,501209101,3,0,12,1,0
01:50:01,501209102,3,1,17,1,0
01:50:01,501209104,8,1,11,1,0
01:50:01,501209105,16,3,9,1,0
01:50:01,501209106,4,0,15,1,0
01:50:01,501211001,16,4,21,1,0
01:50:01,501211002,2,2,13,1,0
01:50:01,501211004,1,0,14,1,0
01:50:01,501211005,6,1,12,1,0
01:50:01,501211006,6,0,11,1,0
01:50:01,501211007,3,0,16,1,0
01:50:01,501211009,9,1,9,1,0
01:50:01,501211011,19,3,11,1,0
01:50:01,501211012,9,0,9,1,0
02:00:01,501201001,0,0,0,2,0
02:00:01,501201002,10,1,30,1,0
02:00:01,501201003,4,0,19,1,0
02:00:01,501201004,11,2,4,1,0
02:00:01,501201005,4,1,15,1,0
02:00:01,501201006,1,0,27,1,0
02:00:01,501201007,3,0,16,1,0
02:00:01,501201008,5,0,20,1,0
02:00:01,501201010,4,0,6,1,0
02:00:01,501201011,13,0,9,1,0
02:00:01,501201012,11,0,29,1,0
02:00:01,501201013,2,0,20,1,0
02:00:01,501201014,11,0,8,1,0
02:00:01,501201015,11,1,14,1,0
02:00:01,501201016,9,1,16,1,0
02:00:01,501201017,15,0,12,1,0
02:00:01,501201018,3,0,21,1,0
02:00:01,501201019,3,1,25,1,0
02:00:01,501201020,6,0,18,1,0
02:00:01,501201021,3,0,12,1,0
02:00:01,501201022,5,0,11,1,0
02:00:01,501201023,6,0,22,1,0
02:00:01,501201024,3,0,20,1,0
02:00:01,501201025,8,0,16,1,0
02:00:01,501201026,12,2,7,1,0
02:00:01,501201028,7,1,13,1,0
02:00:01,501201029,2,0,11,1,0
02:00:01,501201030,8,1,7,1,0
02:00:01,501201031,10,0,7,1,0
02:00:01,501202001,3,0,11,1,0
02:00:01,501202003,9,0,31,1,0
02:00:01,501202013,2,0,15,1,0
02:00:01,501202023,14,1,1,1,0
02:00:01,501202024,2,0,13,1,0
02:00:01,501202034,10,2,6,1,0
02:00:01,501202035,18,1,12,1,0
02:00:01,501202036,13,0,26,1,0
02:00:01,501202040,4,1,41,1,0
02:00:01,501202043,3,0,22,1,0
02:00:01,501202044,0,0,0,2,0
02:00:01,501202047,4,0,18,1,0
02:00:01,501202050,9,1,7,1,0
02:00:01,501202055,8,0,7,1,0
02:00:01,501202058,8,0,7,1,0
02:00:01,501202065,9,2,6,1,0
02:00:01,501202068,10,0,8,1,0
02:00:01,501202070,2,0,14,1,0
02:00:01,501202078,5,3,20,1,0
02:00:01,501202080,13,0,13,1,0
02:00:01,501202081,18,0,5,1,0
02:00:01,501202082,7,1,16,1,0
02:00:01,501202083,5,1,19,1,0
02:00:01,501202084,2,2,21,1,0
02:00:01,501202085,15,0,20,1,0
02:00:01,501202088,7,1,22,1,0
02:00:01,501202089,2,0,27,1,0
02:00:01,501202096,8,1,5,1,0
02:00:01,501203001,3,0,17,1,0
02:00:01,501203002,2,2,20,1,0
02:00:01,501203003,2,1,92,1,0
02:00:01,501203005,7,0,13,1,0
02:00:01,501203006,1,0,14,1,0
02:00:01,501203007,11,0,4,1,0
02:00:01,501203008,11,1,5,1,0
02:00:01,501203010,16,5,17,1,0
02:00:01,501203011,20,3,16,1,0
02:00:01,501203012,6,0,11,1,0
02:00:01,501203013,2,0,22,1,0
02:00:01,501203015,12,2,0,1,0
02:00:01,501203020,14,0,6,1,0
02:00:01,501203022,4,0,15,1,0
02:00:01,501203023,2,1,16,1,0
02:00:01,501203028,19,0,6,1,0
02:00:01,501203040,1,0,23,1,0
02:00:01,501203045,4,1,14,1,0
02:00:01,501203050,26,2,34,1,0
02:00:01,501203051,12,0,12,1,0
02:00:01,501203053,0,0,26,1,0
02:00:01,501203054,7,3,15,1,0
02:00:01,501203064,7,2,8,1,0
02:00:01,501203065,7,0,9,1,0
02:00:01,501203070,5,0,10,1,0
02:00:01,501203073,5,0,19,1,0
02:00:01,501203076,8,0,8,1,0
02:00:01,501203078,15,1,1,1,0
02:00:01,501203080,3,0,12,1,0
02:00:01,501203084,8,2,3,1,0
02:00:01,501203085,8,0,2,1,0
02:00:01,501203088,4,0,10,1,0
02:00:01,501203089,7,2,5,1,0
02:00:01,501203090,3,0,7,1,0
02:00:01,501203091,8,1,5,1,0
02:00:01,501203092,0,0,20,1,0
02:00:01,501203100,2,1,16,1,0
02:00:01,501203101,0,0,0,2,0
02:00:01,501203102,6,2,13,1,0
02:00:01,501203104,2,0,17,1,0
02:00:01,501203105,7,1,4,1,0
02:00:01,501203107,0,0,0,2,0
02:00:01,501203109,5,0,21,1,0
02:00:01,501203110,21,1,21,1,0
02:00:01,501203111,10,1,1,1,0
02:00:01,501203113,5,0,14,1,0
02:00:01,501203114,6,0,44,1,0
02:00:01,501203117,0,0,0,2,0
02:00:01,501203118,5,0,15,1,0
02:00:01,501203121,23,1,0,1,0
02:00:01,501203122,12,0,8,1,0
02:00:01,501203125,5,0,19,1,0
02:00:01,501203131,16,0,4,1,0
02:00:01,501203140,1,0,41,1,0
02:00:01,501203141,10,1,6,1,0
02:00:01,501203142,8,1,67,1,0
02:00:01,501203145,5,0,10,1,0
02:00:01,501203151,9,1,9,1,0
02:00:01,501203155,4,2,15,1,0
02:00:01,501203157,6,0,11,1,0
02:00:01,501203159,8,2,12,1,0
02:00:01,501203161,7,1,12,1,0
02:00:01,501203162,0,0,21,1,0
02:00:01,501203163,6,1,10,1,0
02:00:01,501204001,20,1,5,1,0
02:00:01,501204002,4,0,32,1,0
02:00:01,501204003,16,0,28,1,0
02:00:01,501204004,0,0,14,1,0
02:00:01,501204005,12,1,7,1,0
02:00:01,501204007,6,0,30,1,0
02:00:01,501204008,4,0,11,1,0
02:00:01,501204009,0,0,0,2,0
02:00:01,501204010,0,0,0,2,0
02:00:01,501204011,9,0,5,1,0
02:00:01,501204012,3,3,11,1,0
02:00:01,501204013,12,3,3,1,0
02:00:01,501204014,6,1,10,1,0
02:00:01,501204015,10,0,5,1,0
02:00:01,501204016,8,2,12,1,0
02:00:01,501204017,5,0,10,1,0
02:00:01,501204018,11,1,13,1,0
02:00:01,501204020,7,3,13,1,0
02:00:01,501204021,6,0,14,1,0
02:00:01,501204022,3,0,13,1,0
02:00:01,501204023,7,1,8,1,0
02:00:01,501204024,0,0,0,2,0
02:00:01,501204025,9,0,11,1,0
02:00:01,501205001,4,0,13,1,0
02:00:01,501205003,3,0,16,1,0
02:00:01,501205004,13,1,3,1,0
02:00:01,501205005,4,0,18,1,0
02:00:01,501205006,14,3,6,1,0
02:00:01,501205007,7,3,5,1,0
02:00:01,501205008,11,1,15,1,0
02:00:01,501205009,10,0,33,1,0
02:00:01,501205010,5,0,9,1,0
02:00:01,501205011,4,0,28,1,0
02:00:01,501205012,7,2,12,1,0
02:00:01,501205013,6,0,15,1,0
02:00:01,501205014,19,13,4,1,0
02:00:01,501205015,12,0,5,1,0
02:00:01,501205018,7,0,11,1,0
02:00:01,501205019,1,0,27,1,0
02:00:01,501205020,3,0,27,1,0
02:00:01,501205021,5,1,10,1,0
02:00:01,501205022,8,0,7,1,0
02:00:01,501205023,6,1,9,1,0
02:00:01,501205025,13,2,13,1,0
02:00:01,501205026,2,0,17,1,0
02:00:01,501205027,1,0,9,1,0
02:00:01,501205028,4,1,11,1,0
02:00:01,501205029,4,0,6,1,0
02:00:01,501205030,5,1,5,1,0
02:00:01,501205033,4,2,11,1,0
02:00:01,501205034,3,0,25,1,0
02:00:01,501205035,13,1,2,1,0
02:00:01,501205036,11,4,4,1,0
02:00:01,501205037,8,0,8,1,0
02:00:01,501205038,14,0,6,1,0
02:00:01,501205039,5,0,15,1,0
02:00:01,501205040,17,2,8,1,0
02:00:01,501205041,16,0,1,1,0
02:00:01,501205042,3,2,26,1,0
02:00:01,501208011,15,1,22,1,0
02:00:01,501208013,39,1,14,1,0
02:00:01,501208014,15,0,23,1,0
02:00:01,501208015,13,0,2,1,0
02:00:01,501208018,8,1,6,1,0
02:00:01,501208021,5,0,12,1,0
02:00:01,501208027,6,0,23,1,0
02:00:01,501208029,13,3,9,1,0
02:00:01,501208030,29,1,8,1,0
02:00:01,501208032,4,1,24,1,0
02:00:01,501208040,2,1,17,1,0
02:00:01,501208041,2,0,13,1,0
02:00:01,501208045,7,2,24,1,0
02:00:01,501208051,2,0,34,1,0
02:00:01,501208053,16,0,5,1,0
02:00:01,501208054,5,0,23,1,0
02:00:01,501208059,1,0,24,1,0
02:00:01,501208064,1,0,19,1,0
02:00:01,501208077,7,5,3,1,0
02:00:01,501208079,2,0,19,1,0
02:00:01,501208082,6,1,4,1,0
02:00:01,501208085,14,4,2,1,0
02:00:01,501208087,4,0,26,1,0
02:00:01,501208089,16,1,9,1,0
02:00:01,501208091,1,1,42,1,0
02:00:01,501208111,7,0,8,1,0
02:00:01,501208113,1,1,19,1,0
02:00:01,501208114,4,1,16,1,0
02:00:01,501208129,1,0,22,1,0
02:00:01,501208130,1,0,14,1,0
02:00:01,501209002,10,2,10,1,0
02:00:01,501209003,2,0,12,1,0
02:00:01,501209004,10,0,5,1,0
02:00:01,501209005,14,1,4,1,0
02:00:01,501209006,4,0,14,1,0
02:00:01,501209007,11,1,4,1,0
02:00:01,501209009,0,0,0,2,0
02:00:01,501209010,7,3,7,1,0
02:00:01,501209011,3,0,22,1,0
02:00:01,501209014,7,0,5,1,0
02:00:01,501209015,9,2,6,1,0
02:00:01,501209016,1,1,28,1,0
02:00:01,501209017,8,1,4,1,0
02:00:01,501209018,1,0,16,1,0
02:00:01,501209019,2,1,22,1,0
02:00:01,501209020,2,0,30,1,0
02:00:01,501209021,10,3,4,1,0
02:00:01,501209022,6,0,4,1,0
02:00:01,501209023,13,0,29,1,0
02:00:01,501209024,6,0,36,1,0
02:00:01,501209025,9,1,6,1,0
02:00:01,501209026,18,2,8,1,0
02:00:01,501209027,5,0,14,1,0
02:00:01,501209028,8,0,20,1,0
02:00:01,501209030,17,0,1,1,0
02:00:01,501209031,4,0,26,1,0
02:00:01,501209032,6,0,22,1,0
02:00:01,501209033,3,0,17,1,0
02:00:01,501209034,6,2,9,1,0
02:00:01,501209035,4,0,24,1,0
02:00:01,501209036,3,0,27,1,0
02:00:01,501209037,14,1,22,1,0
02:00:01,501209038,10,1,6,1,0
02:00:01,501209039,5,0,25,1,0
02:00:01,501209040,2,0,28,1,0
02:00:01,501209042,15,0,5,1,0
02:00:01,501209043,6,1,19,1,0
02:00:01,501209044,10,1,5,1,0
02:00:01,501209045,7,0,9,1,0
02:00:01,501209046,10,0,12,1,0
02:00:01,501209047,8,1,6,1,0
02:00:01,501209049,1,1,19,1,0
02:00:01,501209050,5,0,7,1,0
02:00:01,501209051,3,0,21,1,0
02:00:01,501209052,2,0,19,1,0
02:00:01,501209053,2,1,18,1,0
02:00:01,501209054,4,0,23,1,0
02:00:01,501209056,7,0,8,1,0
02:00:01,501209058,9,1,7,1,0
02:00:01,501209059,3,0,12,1,0
02:00:01,501209060,1,1,19,1,0
02:00:01,501209062,6,0,9,1,0
02:00:01,501209064,8,4,7,1,0
02:00:01,501209065,5,0,8,1,0
02:00:01,501209066,8,0,6,1,0
02:00:01,501209067,9,1,6,1,0
02:00:01,501209068,1,0,16,1,0
02:00:01,501209069,7,0,56,1,0
02:00:01,501209070,5,2,12,1,0
02:00:01,501209071,1,0,16,1,0
02:00:01,501209073,9,4,6,1,0
02:00:01,501209074,12,0,11,1,0
02:00:01,501209075,9,2,7,1,0
02:00:01,501209076,3,0,20,1,0
02:00:01,501209077,8,2,7,1,0
02:00:01,501209078,9,3,4,1,0
02:00:01,501209079,17,1,8,1,0
02:00:01,501209080,7,0,20,1,0
02:00:01,501209081,7,1,8,1,0
02:00:01,501209084,4,0,19,1,0
02:00:01,501209085,7,2,20,1,0
02:00:01,501209087,2,0,37,1,0
02:00:01,501209088,5,0,10,1,0
02:00:01,501209089,1,0,19,1,0
02:00:01,501209090,7,1,7,1,0
02:00:01,501209091,3,1,13,1,0
02:00:01,501209092,8,1,7,1,0
02:00:01,501209093,2,1,13,1,0
02:00:01,501209094,13,4,3,1,0
02:00:01,501209095,4,2,10,1,0
02:00:01,501209096,10,3,4,1,0
02:00:01,501209097,13,1,2,1,0
02:00:01,501209098,2,1,13,1,0
02:00:01,501209099,4,0,16,1,0
02:00:01,501209100,12,0,2,1,0
02:00:01,501209101,3,0,12,1,0
02:00:01,501209102,3,1,17,1,0
02:00:01,501209104,8,1,11,1,0
02:00:01,501209105,16,3,9,1,0
02:00:01,501209106,4,0,15,1,0
02:00:01,501211001,16,4,21,1,0
02:00:01,501211002,2,2,13,1,0
02:00:01,501211004,1,0,14,1,0
02:00:01,501211005,6,1,12,1,0
02:00:01,501211006,6,0,11,1,0
02:00:01,501211007,3,0,16,1,0
02:00:01,501211009,9,1,9,1,0
02:00:01,501211011,19,3,11,1,0
02:00:01,501211012,9,0,9,1,0
02:10:00,501201001,0,0,0,2,0
02:10:00,501201002,10,1,30,1,0
02:10:00,501201003,4,0,19,1,0
02:10:00,501201004,11,2,4,1,0
02:10:00,501201005,4,1,15,1,0
02:10:00,501201006,2,0,26,1,0
02:10:00,501201007,5,0,14,1,0
02:10:00,501201008,5,0,20,1,0
02:10:00,501201010,4,0,6,1,0
02:10:00,501201011,13,0,9,1,0
02:10:00,501201012,11,0,29,1,0
02:10:00,501201013,2,0,20,1,0
02:10:00,501201014,11,0,8,1,0
02:10:00,501201015,11,1,14,1,0
02:10:00,501201016,9,1,16,1,0
02:10:00,501201017,14,0,13,1,0
02:10:00,501201018,3,0,21,1,0
02:10:00,501201019,3,1,25,1,0
02:10:00,501201020,6,0,18,1,0
02:10:00,501201021,3,0,12,1,0
02:10:00,501201022,6,0,10,1,0
02:10:00,501201023,6,0,22,1,0
02:10:00,501201024,3,0,20,1,0
02:10:00,501201025,8,0,16,1,0
02:10:00,501201026,12,2,7,1,0
02:10:00,501201028,7,1,13,1,0
02:10:00,501201029,2,0,11,1,0
02:10:00,501201030,8,1,7,1,0
02:10:00,501201031,10,0,7,1,0
02:10:00,501202001,3,0,11,1,0
02:10:00,501202003,9,0,31,1,0
02:10:00,501202013,2,0,15,1,0
02:10:00,501202023,14,1,1,1,0
02:10:00,501202024,2,0,13,1,0
02:10:00,501202034,10,2,6,1,0
02:10:00,501202035,18,1,12,1,0
02:10:00,501202036,13,0,26,1,0
02:10:00,501202040,4,1,41,1,0
02:10:00,501202043,3,0,22,1,0
02:10:00,501202044,0,0,0,2,0
02:10:00,501202047,4,0,18,1,0
02:10:00,501202050,9,1,7,1,0
02:10:00,501202055,8,0,7,1,0
02:10:00,501202058,8,0,7,1,0
02:10:00,501202065,9,2,6,1,0
02:10:00,501202068,10,0,8,1,0
02:10:00,501202070,2,0,14,1,0
02:10:00,501202078,5,3,20,1,0
02:10:00,501202080,13,0,13,1,0
02:10:00,501202081,18,0,5,1,0
02:10:00,501202082,7,1,16,1,0
02:10:00,501202083,5,1,19,1,0
02:10:00,501202084,2,2,21,1,0
02:10:00,501202085,15,0,20,1,0
02:10:00,501202088,7,1,22,1,0
02:10:00,501202089,2,0,27,1,0
02:10:00,501202096,8,1,5,1,0
02:10:00,501203001,3,0,17,1,0
02:10:00,501203002,2,2,20,1,0
02:10:00,501203003,2,1,92,1,0
02:10:00,501203005,7,0,13,1,0
02:10:00,501203006,1,0,14,1,0
02:10:00,501203007,11,0,4,1,0
02:10:00,501203008,11,1,5,1,0
02:10:00,501203010,16,5,17,1,0
02:10:00,501203011,20,3,16,1,0
02:10:00,501203012,6,0,11,1,0
02:10:00,501203013,2,0,22,1,0
02:10:00,501203015,12,2,0,1,0
02:10:00,501203020,14,0,6,1,0
02:10:00,501203022,4,0,15,1,0
02:10:00,501203023,2,1,16,1,0
02:10:00,501203028,19,0,6,1,0
02:10:00,501203040,1,0,23,1,0
02:10:00,501203045,5,2,13,1,0
02:10:00,501203050,26,2,34,1,0
02:10:00,501203051,12,0,12,1,0
02:10:00,501203053,0,0,26,1,0
02:10:00,501203054,7,3,15,1,0
02:10:00,501203064,7,2,8,1,0
02:10:00,501203065,7,0,9,1,0
02:10:00,501203070,5,0,10,1,0
02:10:00,501203073,5,0,19,1,0
02:10:00,501203076,8,0,8,1,0
02:10:00,501203078,15,1,1,1,0
02:10:00,501203080,3,0,12,1,0
02:10:00,501203084,8,2,3,1,0
02:10:00,501203085,8,0,2,1,0
02:10:00,501203088,4,0,10,1,0
02:10:00,501203089,7,2,5,1,0
02:10:00,501203090,3,0,7,1,0
02:10:00,501203091,8,1,5,1,0
02:10:00,501203092,0,0,20,1,0
02:10:00,501203100,2,1,16,1,0
02:10:00,501203101,0,0,0,2,0
02:10:00,501203102,6,2,13,1,0
02:10:00,501203104,2,0,17,1,0
02:10:00,501203105,7,1,4,1,0
02:10:00,501203107,0,0,0,2,0
02:10:00,501203109,5,0,21,1,0
02:10:00,501203110,21,1,21,1,0
02:10:00,501203111,10,1,1,1,0
02:10:00,501203113,5,0,14,1,0
02:10:00,501203114,6,0,44,1,0
02:10:00,501203117,0,0,0,2,0
02:10:00,501203118,5,0,15,1,0
02:10:00,501203121,23,1,0,1,0
02:10:00,501203122,12,0,8,1,0
02:10:00,501203125,5,0,19,1,0
02:10:00,501203131,16,0,4,1,0
02:10:00,501203140,3,0,39,1,0
02:10:00,501203141,10,1,6,1,0
02:10:00,501203142,8,1,67,1,0
02:10:00,501203145,5,0,10,1,0
02:10:00,501203151,9,1,9,1,0
02:10:00,501203155,4,2,15,1,0
02:10:00,501203157,6,0,11,1,0
02:10:00,501203159,8,2,12,1,0
02:10:00,501203161,7,1,12,1,0
02:10:00,501203162,0,0,21,1,0
02:10:00,501203163,6,1,10,1,0
02:10:00,501204001,14,1,11,1,0
02:10:00,501204002,4,0,32,1,0
02:10:00,501204003,16,0,28,1,0
02:10:00,501204004,0,0,14,1,0
02:10:00,501204005,12,1,7,1,0
02:10:00,501204007,6,0,30,1,0
02:10:00,501204008,4,0,11,1,0
02:10:00,501204009,0,0,0,2,0
02:10:00,501204010,0,0,0,2,0
02:10:00,501204011,9,0,5,1,0
02:10:00,501204012,3,3,11,1,0
02:10:00,501204013,12,3,3,1,0
02:10:00,501204014,6,1,10,1,0
02:10:00,501204015,10,0,5,1,0
02:10:00,501204016,8,2,12,1,0
02:10:00,501204017,5,0,10,1,0
02:10:00,501204018,11,1,13,1,0
02:10:00,501204020,7,3,13,1,0
02:10:00,501204021,6,0,14,1,0
02:10:00,501204022,3,0,13,1,0
02:10:00,501204023,7,1,8,1,0
02:10:00,501204024,0,0,0,2,0
02:10:00,501204025,9,0,11,1,0
02:10:00,501205001,4,0,13,1,0
02:10:00,501205003,3,0,16,1,0
02:10:00,501205004,13,1,3,1,0
02:10:00,501205005,4,0,18,1,0
02:10:00,501205006,13,2,7,1,0
02:10:00,501205007,7,3,5,1,0
02:10:00,501205008,11,1,15,1,0
02:10:00,501205009,10,0,33,1,0
02:10:00,501205010,5,0,9,1,0
02:10:00,501205011,4,0,28,1,0
02:10:00,501205012,7,2,12,1,0
02:10:00,501205013,6,0,15,1,0
02:10:00,501205014,19,13,4,1,0
02:10:00,501205015,12,0,5,1,0
02:10:00,501205018,7,0,11,1,0
02:10:00,501205019,1,0,27,1,0
02:10:00,501205020,3,0,27,1,0
02:10:00,501205021,5,1,10,1,0
02:10:00,501205022,8,0,7,1,0
02:10:00,501205023,6,1,9,1,0
02:10:00,501205025,13,2,13,1,0
02:10:00,501205026,2,0,17,1,0
02:10:00,501205027,1,0,9,1,0
02:10:00,501205028,4,1,11,1,0
02:10:00,501205029,4,0,6,1,0
02:10:00,501205030,5,1,5,1,0
02:10:00,501205033,4,2,11,1,0
02:10:00,501205034,3,0,25,1,0
02:10:00,501205035,13,1,2,1,0
02:10:00,501205036,11,4,4,1,0
02:10:00,501205037,8,0,8,1,0
02:10:00,501205038,14,0,6,1,0
02:10:00,501205039,5,0,15,1,0
02:10:00,501205040,17,2,8,1,0
02:10:00,501205041,15,0,2,1,0
02:10:00,501205042,3,2,26,1,0
02:10:00,501208011,15,1,22,1,0
02:10:00,501208013,39,1,14,1,0
02:10:00,501208014,15,0,23,1,0
02:10:00,501208015,13,0,2,1,0
02:10:00,501208018,8,1,6,1,0
02:10:00,501208021,5,0,12,1,0
02:10:00,501208027,6,0,23,1,0
02:10:00,501208029,13,3,9,1,0
02:10:00,501208030,29,1,8,1,0
02:10:00,501208032,4,1,24,1,0
02:10:00,501208040,2,1,17,1,0
02:10:00,501208041,2,0,13,1,0
02:10:00,501208045,7,2,24,1,0
02:10:00,501208051,2,0,34,1,0
02:10:00,501208053,16,0,5,1,0
02:10:00,501208054,5,0,23,1,0
02:10:00,501208059,1,0,24,1,0
02:10:00,501208064,1,0,19,1,0
02:10:00,501208077,7,5,3,1,0
02:10:00,501208079,2,0,19,1,0
02:10:00,501208082,6,1,4,1,0
02:10:00,501208085,14,4,2,1,0
02:10:00,501208087,4,0,26,1,0
02:10:00,501208089,16,1,9,1,0
02:10:00,501208091,1,1,42,1,0
02:10:00,501208111,7,0,8,1,0
02:10:00,501208113,1,1,19,1,0
02:10:00,501208114,4,1,16,1,0
02:10:00,501208129,1,0,22,1,0
02:10:00,501208130,1,0,14,1,0
02:10:00,501209002,10,2,10,1,0
02:10:00,501209003,2,0,12,1,0
02:10:00,501209004,10,0,5,1,0
02:10:00,501209005,14,1,4,1,0
02:10:00,501209006,4,0,14,1,0
02:10:00,501209007,11,1,4,1,0
02:10:00,501209009,0,0,0,2,0
02:10:00,501209010,7,3,7,1,0
02:10:00,501209011,3,0,22,1,0
02:10:00,501209014,7,0,5,1,0
02:10:00,501209015,9,2,6,1,0
02:10:00,501209016,1,1,28,1,0
02:10:00,501209017,8,1,4,1,0
02:10:00,501209018,1,0,16,1,0
02:10:00,501209019,2,1,22,1,0
02:10:00,501209020,2,0,30,1,0
02:10:00,501209021,10,3,4,1,0
02:10:00,501209022,6,0,4,1,0
02:10:00,501209023,13,0,29,1,0
02:10:00,501209024,6,0,36,1,0
02:10:00,501209025,9,1,6,1,0
02:10:00,501209026,18,2,8,1,0
02:10:00,501209027,4,0,15,1,0
02:10:00,501209028,8,0,20,1,0
02:10:00,501209030,17,0,1,1,0
02:10:00,501209031,4,0,26,1,0
02:10:00,501209032,6,0,22,1,0
02:10:00,501209033,3,0,17,1,0
02:10:00,501209034,6,2,9,1,0
02:10:00,501209035,3,0,25,1,0
02:10:00,501209036,3,0,27,1,0
02:10:00,501209037,14,1,22,1,0
02:10:00,501209038,10,1,6,1,0
02:10:00,501209039,5,0,25,1,0
02:10:00,501209040,2,0,28,1,0
02:10:00,501209042,15,0,5,1,0
02:10:00,501209043,6,1,19,1,0
02:10:00,501209044,10,1,5,1,0
02:10:00,501209045,7,0,9,1,0
02:10:00,501209046,10,0,12,1,0
02:10:00,501209047,8,1,6,1,0
02:10:00,501209049,1,1,19,1,0
02:10:00,501209050,5,0,7,1,0
02:10:00,501209051,3,0,21,1,0
02:10:00,501209052,2,0,19,1,0
02:10:00,501209053,2,1,18,1,0
02:10:00,501209054,4,0,23,1,0
02:10:00,501209056,7,0,8,1,0
02:10:00,501209058,9,1,7,1,0
02:10:00,501209059,3,0,12,1,0
02:10:00,501209060,1,1,19,1,0
02:10:00,501209062,6,0,9,1,0
02:10:00,501209064,8,4,7,1,0
02:10:00,501209065,5,0,8,1,0
02:10:00,501209066,8,0,6,1,0
02:10:00,501209067,9,1,6,1,0
02:10:00,501209068,1,0,16,1,0
02:10:00,501209069,6,0,57,1,0
02:10:00,501209070,5,2,12,1,0
02:10:00,501209071,1,0,16,1,0
02:10:00,501209073,9,4,6,1,0
02:10:00,501209074,12,0,11,1,0
02:10:00,501209075,9,2,7,1,0
02:10:00,501209076,3,0,20,1,0
02:10:00,501209077,8,2,7,1,0
02:10:00,501209078,10,4,3,1,0
02:10:00,501209079,17,1,8,1,0
02:10:00,501209080,7,0,20,1,0
02:10:00,501209081,7,1,8,1,0
02:10:00,501209084,4,0,19,1,0
02:10:00,501209085,7,2,20,1,0
02:10:00,501209087,2,0,37,1,0
02:10:00,501209088,5,0,10,1,0
02:10:00,501209089,1,0,19,1,0
02:10:00,501209090,7,1,7,1,0
02:10:00,501209091,3,1,13,1,0
02:10:00,501209092,8,1,7,1,0
02:10:00,501209093,2,1,13,1,0
02:10:00,501209094,13,4,3,1,0
02:10:00,501209095,4,2,10,1,0
02:10:00,501209096,10,3,4,1,0
02:10:00,501209097,13,1,2,1,0
02:10:00,501209098,2,1,13,1,0
02:10:00,501209099,4,0,16,1,0
02:10:00,501209100,12,0,2,1,0
02:10:00,501209101,3,0,12,1,0
02:10:00,501209102,3,1,17,1,0
02:10:00,501209104,8,1,11,1,0
02:10:00,501209105,16,3,9,1,0
02:10:00,501209106,4,0,15,1,0
02:10:00,501211001,17,4,20,1,0
02:10:00,501211002,2,2,13,1,0
02:10:00,501211004,1,0,14,1,0
02:10:00,501211005,6,1,12,1,0
02:10:00,501211006,6,0,11,1,0
02:10:00,501211007,3,0,16,1,0
02:10:00,501211009,9,1,9,1,0
02:10:00,501211011,19,3,11,1,0
02:10:00,501211012,9,0,9,1,0
02:20:00,501201001,0,0,0,2,0
02:20:00,501201002,11,1,29,1,0
02:20:00,501201003,3,0,20,1,0
02:20:00,501201004,11,2,4,1,0
02:20:00,501201005,4,1,15,1,0
02:20:00,501201006,3,1,25,1,0
02:20:00,501201007,5,0,14,1,0
02:20:00,501201008,5,0,20,1,0
02:20:00,501201010,4,0,6,1,0
02:20:00,501201011,13,0,9,1,0
02:20:00,501201012,11,0,29,1,0
02:20:00,501201013,2,0,20,1,0
02:20:00,501201014,12,0,7,1,0
02:20:00,501201015,11,1,14,1,0
02:20:00,501201016,9,1,16,1,0
02:20:00,501201017,15,0,12,1,0
02:20:00,501201018,3,0,21,1,0
02:20:00,501201019,3,1,25,1,0
02:20:00,501201020,6,0,18,1,0
02:20:00,501201021,3,0,12,1,0
02:20:00,501201022,6,0,10,1,0
02:20:00,501201023,6,0,22,1,0
02:20:00,501201024,3,0,20,1,0
02:20:00,501201025,8,0,16,1,0
02:20:00,501201026,12,2,7,1,0
02:20:00,501201028,7,1,13,1,0
02:20:00,501201029,2,0,11,1,0
02:20:00,501201030,8,1,7,1,0
02:20:00,501201031,10,0,7,1,0
02:20:00,501202001,3,0,11,1,0
02:20:00,501202003,9,0,31,1,0
02:20:00,501202013,2,0,15,1,0
02:20:00,501202023,14,1,1,1,0
02:20:00,501202024,2,0,13,1,0
02:20:00,501202034,10,2,6,1,0
02:20:00,501202035,18,1,12,1,0
02:20:00,501202036,13,0,26,1,0
02:20:00,501202040,4,1,41,1,0
02:20:00,501202043,3,0,22,1,0
02:20:00,501202044,0,0,0,2,0
02:20:00,501202047,4,0,18,1,0
02:20:00,501202050,9,1,7,1,0
02:20:00,501202055,8,0,7,1,0
02:20:00,501202058,8,0,7,1,0
02:20:00,501202065,9,2,6,1,0
02:20:00,501202068,10,0,8,1,0
02:20:00,501202070,2,0,14,1,0
02:20:00,501202078,5,3,20,1,0
02:20:00,501202080,13,0,13,1,0
02:20:00,501202081,18,0,5,1,0
02:20:00,501202082,7,1,16,1,0
02:20:00,501202083,5,1,19,1,0
02:20:00,501202084,2,2,21,1,0
02:20:00,501202085,15,0,20,1,0
02:20:00,501202088,7,1,22,1,0
02:20:00,501202089,2,0,27,1,0
02:20:00,501202096,8,1,5,1,0
02:20:00,501203001,3,0,17,1,0
02:20:00,501203002,3,2,19,1,0
02:20:00,501203003,2,1,92,1,0
02:20:00,501203005,7,0,13,1,0
02:20:00,501203006,1,0,14,1,0
02:20:00,501203007,11,0,4,1,0
02:20:00,501203008,14,1,2,1,0
02:20:00,501203010,16,5,17,1,0
02:20:00,501203011,20,3,16,1,0
02:20:00,501203012,6,0,11,1,0
02:20:00,501203013,2,0,22,1,0
02:20:00,501203015,12,2,0,1,0
02:20:00,501203020,14,0,6,1,0
02:20:00,501203022,4,0,15,1,0
02:20:00,501203023,2,1,16,1,0
02:20:00,501203028,19,0,6,1,0
02:20:00,501203040,1,0,23,1,0
02:20:00,501203045,5,2,13,1,0
02:20:00,501203050,26,2,34,1,0
02:20:00,501203051,12,0,12,1,0
02:20:00,501203053,0,0,26,1,0
02:20:00,501203054,7,3,15,1,0
02:20:00,501203064,7,2,8,1,0
02:20:00,501203065,7,0,9,1,0
02:20:00,501203070,5,0,10,1,0
02:20:00,501203073,5,0,19,1,0
02:20:00,501203076,8,0,8,1,0
02:20:00,501203078,15,1,1,1,0
02:20:00,501203080,3,0,12,1,0
02:20:00,501203084,8,2,3,1,0
02:20:00,501203085,8,0,2,1,0
02:20:00,501203088,4,0,10,1,0
02:20:00,501203089,7,2,5,1,0
02:20:00,501203090,3,0,7,1,0
02:20:00,501203091,8,1,5,1,0
02:20:00,501203092,0,0,20,1,0
02:20:00,501203100,2,0,16,1,0
02:20:00,501203101,0,0,0,2,0
02:20:00,501203102,6,2,13,1,0
02:20:00,501203104,2,0,17,1,0
02:20:00,501203105,7,1,4,1,0
02:20:00,501203107,0,0,0,2,0
02:20:00,501203109,4,0,22,1,0
02:20:00,501203110,21,1,21,1,0
02:20:00,501203111,10,1,1,1,0
02:20:00,501203113,5,0,14,1,0
02:20:00,501203114,6,0,44,1,0
02:20:00,501203117,0,0,0,2,0
02:20:00,501203118,5,0,15,1,0
02:20:00,501203121,23,1,0,1,0
02:20:00,501203122,12,0,8,1,0
02:20:00,501203125,5,0,19,1,0
02:20:00,501203131,16,0,4,1,0
02:20:00,501203140,3,0,39,1,0
02:20:00,501203141,10,1,6,1,0
02:20:00,501203142,7,1,68,1,0
02:20:00,501203145,5,0,10,1,0
02:20:00,501203151,8,0,10,1,0
02:20:00,501203155,4,2,15,1,0
02:20:00,501203157,6,0,11,1,0
02:20:00,501203159,8,2,12,1,0
02:20:00,501203161,7,1,12,1,0
02:20:00,501203162,0,0,21,1,0
02:20:00,501203163,6,1,10,1,0
02:20:00,501204001,6,1,19,1,0
02:20:00,501204002,4,0,32,1,0
02:20:00,501204003,16,0,28,1,0
02:20:00,501204004,0,0,14,1,0
02:20:00,501204005,12,1,7,1,0
02:20:00,501204007,6,0,30,1,0
02:20:00,501204008,4,0,11,1,0
02:20:00,501204009,0,0,0,2,0
02:20:00,501204010,0,0,0,2,0
02:20:00,501204011,10,1,5,1,0
02:20:00,501204012,3,3,11,1,0
02:20:00,501204013,12,3,3,1,0
02:20:00,501204014,6,1,10,1,0
02:20:00,501204015,10,0,5,1,0
02:20:00,501204016,8,2,12,1,0
02:20:00,501204017,5,0,10,1,0
02:20:00,501204018,11,1,13,1,0
02:20:00,501204020,7,3,13,1,0
02:20:00,501204021,6,0,14,1,0
02:20:00,501204022,3,0,13,1,0
02:20:00,501204023,11,1,4,1,0
02:20:00,501204024,0,0,0,2,0
02:20:00,501204025,9,0,11,1,0
02:20:00,501205001,4,0,13,1,0
02:20:00,501205003,3,0,16,1,0
02:20:00,501205004,13,1,3,1,0
02:20:00,501205005,4,0,18,1,0
02:20:00,501205006,14,3,6,1,0
02:20:00,501205007,7,3,5,1,0
02:20:00,501205008,11,1,15,1,0
02:20:00,501205009,10,0,33,1,0
02:20:00,501205010,5,0,9,1,0
02:20:00,501205011,4,0,28,1,0
02:20:00,501205012,7,2,12,1,0
02:20:00,501205013,6,0,15,1,0
02:20:00,501205014,19,13,4,1,0
02:20:00,501205015,12,0,5,1,0
02:20:00,501205018,7,0,11,1,0
02:20:00,501205019,1,0,27,1,0
02:20:00,501205020,3,0,27,1,0
02:20:00,501205021,5,1,10,1,0
02:20:00,501205022,8,0,7,1,0
02:20:00,501205023,6,1,9,1,0
02:20:00,501205025,13,2,13,1,0
02:20:00,501205026,2,0,17,1,0
02:20:00,501205027,1,0,9,1,0
02:20:00,501205028,4,1,11,1,0
02:20:00,501205029,4,0,6,1,0
02:20:00,501205030,5,1,5,1,0
02:20:00,501205033,4,2,11,1,0
02:20:00,501205034,4,0,24,1,0
02:20:00,501205035,13,1,2,1,0
02:20:00,501205036,11,4,4,1,0
02:20:00,501205037,8,0,8,1,0
02:20:00,501205038,14,0,6,1,0
02:20:00,501205039,5,0,15,1,0
02:20:00,501205040,17,2,8,1,0
02:20:00,501205041,14,0,3,1,0
02:20:00,501205042,2,2,27,1,0
02:20:00,501208011,15,1,22,1,0
02:20:00,501208013,39,1,14,1,0
02:20:00,501208014,15,0,23,1,0
02:20:00,501208015,13,0,2,1,0
02:20:00,501208018,7,1,7,1,0
02:20:00,501208021,5,0,12,1,0
02:20:00,501208027,6,0,23,1,0
02:20:00,501208029,13,3,9,1,0
02:20:00,501208030,29,1,8,1,0
02:20:00,501208032,4,1,24,1,0
02:20:00,501208040,2,1,17,1,0
02:20:00,501208041,2,0,13,1,0
02:20:00,501208045,7,2,24,1,0
02:20:00,501208051,2,0,34,1,0
02:20:00,501208053,16,0,5,1,0
02:20:00,501208054,5,0,23,1,0
02:20:00,501208059,1,0,24,1,0
02:20:00,501208064,1,0,19,1,0
02:20:00,501208077,7,5,3,1,0
02:20:00,501208079,2,0,19,1,0
02:20:00,501208082,6,1,4,1,0
02:20:00,501208085,14,4,2,1,0
02:20:00,501208087,4,0,26,1,0
02:20:00,501208089,16,1,9,1,0
02:20:00,501208091,1,1,42,1,0
02:20:00,501208111,7,0,8,1,0
02:20:00,501208113,1,1,19,1,0
02:20:00,501208114,4,1,16,1,0
02:20:00,501208129,1,0,22,1,0
02:20:00,501208130,1,0,14,1,0
02:20:00,501209002,10,2,10,1,0
02:20:00,501209003,2,0,12,1,0
02:20:00,501209004,10,0,5,1,0
02:20:00,501209005,14,1,4,1,0
02:20:00,501209006,4,0,14,1,0
02:20:00,501209007,11,1,4,1,0
02:20:00,501209009,0,0,0,2,0
02:20:00,501209010,7,3,7,1,0
02:20:00,501209011,3,0,22,1,0
02:20:00,501209014,7,0,5,1,0
02:20:00,501209015,9,2,6,1,0
02:20:00,501209016,1,1,28,1,0
02:20:00,501209017,8,1,4,1,0
02:20:00,501209018,1,0,16,1,0
02:20:00,501209019,2,1,22,1,0
02:20:00,501209020,2,0,30,1,0
02:20:00,501209021,10,3,4,1,0
02:20:00,501209022,6,0,4,1,0
02:20:00,501209023,13,0,29,1,0
02:20:00,501209024,6,0,36,1,0
02:20:00,501209025,9,1,6,1,0
02:20:00,501209026,18,2,8,1,0
02:20:00,501209027,4,0,15,1,0
02:20:00,501209028,7,0,21,1,0
02:20:00,501209030,17,0,1,1,0
02:20:00,501209031,4,0,26,1,0
02:20:00,501209032,6,0,22,1,0
02:20:00,501209033,4,1,16,1,0
02:20:00,501209034,6,2,9,1,0
02:20:00,501209035,3,0,25,1,0
02:20:00,501209036,3,0,27,1,0
02:20:00,501209037,14,1,22,1,0
02:20:00,501209038,10,1,6,1,0
02:20:00,501209039,5,0,25,1,0
02:20:00,501209040,2,0,28,1,0
02:20:00,501209042,15,0,5,1,0
02:20:00,501209043,6,1,19,1,0
02:20:00,501209044,10,1,5,1,0
02:20:00,501209045,7,0,9,1,0
02:20:00,501209046,10,0,12,1,0
02:20:00,501209047,7,0,7,1,0
02:20:00,501209049,5,1,15,1,0
02:20:00,501209050,5,0,7,1,0
02:20:00,501209051,3,0,21,1,0
02:20:00,501209052,2,0,19,1,0
02:20:00,501209053,2,1,18,1,0
02:20:00,501209054,4,0,23,1,0
02:20:00,501209056,7,0,8,1,0
02:20:00,501209058,9,1,6,1,0
02:20:00,501209059,3,0,12,1,0
02:20:00,501209060,8,1,12,1,0
02:20:00,501209062,6,0,9,1,0
02:20:00,501209064,8,4,7,1,0
02:20:00,501209065,6,0,7,1,0
02:20:00,501209066,8,0,6,1,0
02:20:00,501209067,9,1,6,1,0
02:20:00,501209068,1,0,16,1,0
02:20:00,501209069,6,0,57,1,0
02:20:00,501209070,5,2,12,1,0
02:20:00,501209071,1,0,16,1,0
02:20:00,501209073,9,4,6,1,0
02:20:00,501209074,12,0,11,1,0
02:20:00,501209075,9,2,7,1,0
02:20:00,501209076,3,0,20,1,0
02:20:00,501209077,8,2,7,1,0
02:20:00,501209078,10,4,3,1,0
02:20:00,501209079,17,1,8,1,0
02:20:00,501209080,7,0,20,1,0
02:20:00,501209081,7,1,8,1,0
02:20:00,501209084,4,0,19,1,0
02:20:00,501209085,7,2,20,1,0
02:20:00,501209087,2,0,37,1,0
02:20:00,501209088,5,0,10,1,0
02:20:00,501209089,1,0,19,1,0
02:20:00,501209090,7,1,7,1,0
02:20:00,501209091,3,1,13,1,0
02:20:00,501209092,8,1,7,1,0
02:20:00,501209093,2,1,13,1,0
02:20:00,501209094,13,4,3,1,0
02:20:00,501209095,4,2,10,1,0
02:20:00,501209096,10,3,4,1,0
02:20:00,501209097,13,1,2,1,0
02:20:00,501209098,2,1,13,1,0
02:20:00,501209099,4,0,16,1,0
02:20:00,501209100,12,0,2,1,0
02:20:00,501209101,3,0,12,1,0
02:20:00,501209102,3,1,17,1,0
02:20:00,501209104,8,1,11,1,0
02:20:00,501209105,16,3,9,1,0
02:20:00,501209106,4,0,15,1,0
02:20:00,501211001,17,4,20,1,0
02:20:00,501211002,2,2,13,1,0
02:20:00,501211004,1,0,14,1,0
02:20:00,501211005,6,1,12,1,0
02:20:00,501211006,6,0,11,1,0
02:20:00,501211007,3,0,16,1,0
02:20:00,501211009,9,1,9,1,0
02:20:00,501211011,19,3,11,1,0
02:20:00,501211012,9,0,9,1,0
02:30:00,501201001,0,0,0,2,0
02:30:00,501201002,11,1,29,1,0
02:30:00,501201003,3,0,20,1,0
02:30:00,501201004,11,2,4,1,0
02:30:00,501201005,5,2,14,1,0
02:30:00,501201006,2,1,26,1,0
02:30:00,501201007,5,0,14,1,0
02:30:00,501201008,5,0,20,1,0
02:30:00,501201010,4,0,6,1,0
02:30:00,501201011,13,0,9,1,0
02:30:00,501201012,11,0,29,1,0
02:30:00,501201013,2,0,20,1,0
02:30:00,501201014,12,0,7,1,0
02:30:00,501201015,11,1,14,1,0
02:30:00,501201016,9,1,16,1,0
02:30:00,501201017,15,0,12,1,0
02:30:00,501201018,3,0,21,1,0
02:30:00,501201019,3,1,25,1,0
02:30:00,501201020,6,0,18,1,0
02:30:00,501201021,3,0,12,1,0
02:30:00,501201022,6,0,10,1,0
02:30:00,501201023,6,0,22,1,0
02:30:00,501201024,3,0,20,1,0
02:30:00,501201025,8,0,16,1,0
02:30:00,501201026,12,2,7,1,0
02:30:00,501201028,7,1,13,1,0
02:30:00,501201029,2,0,11,1,0
02:30:00,501201030,9,1,6,1,0
02:30:00,501201031,11,0,6,1,0
02:30:00,501202001,3,0,11,1,0
02:30:00,501202003,9,0,31,1,0
02:30:00,501202013,2,0,15,1,0
02:30:00,501202023,14,1,1,1,0
02:30:00,501202024,2,0,13,1,0
02:30:00,501202034,10,2,6,1,0
02:30:00,501202035,18,1,12,1,0
02:30:00,501202036,13,0,26,1,0
02:30:00,501202040,4,1,41,1,0
02:30:00,501202043,3,0,22,1,0
02:30:00,501202044,0,0,0,2,0
02:30:00,501202047,4,0,18,1,0
02:30:00,501202050,9,1,7,1,0
02:30:00,501202055,8,0,7,1,0
02:30:00,501202058,8,0,7,1,0
02:30:00,501202065,9,2,6,1,0
02:30:00,501202068,10,0,8,1,0
02:30:00,501202070,2,0,14,1,0
02:30:00,501202078,5,3,20,1,0
02:30:00,501202080,13,0,13,1,0
02:30:00,501202081,18,0,5,1,0
02:30:00,501202082,7,1,16,1,0
02:30:00,501202083,4,0,20,1,0
02:30:00,501202084,2,2,21,1,0
02:30:00,501202085,15,0,20,1,0
02:30:00,501202088,7,1,22,1,0
02:30:00,501202089,2,0,27,1,0
02:30:00,501202096,8,1,5,1,0
02:30:00,501203001,3,0,17,1,0
02:30:00,501203002,3,2,19,1,0
02:30:00,501203003,2,1,92,1,0
02:30:00,501203005,7,0,13,1,0
02:30:00,501203006,1,0,14,1,0
02:30:00,501203007,11,0,4,1,0
02:30:00,501203008,14,1,2,1,0
02:30:00,501203010,16,5,17,1,0
02:30:00,501203011,20,3,16,1,0
02:30:00,501203012,6,0,11,1,0
02:30:00,501203013,2,0,22,1,0
02:30:00,501203015,12,2,0,1,0
02:30:00,501203020,14,0,6,1,0
02:30:00,501203022,4,0,15,1,0
02:30:00,501203023,2,1,16,1,0
02:30:00,501203028,19,0,6,1,0
02:30:00,501203040,1,0,23,1,0
02:30:00,501203045,5,2,13,1,0
02:30:00,501203050,28,2,32,1,0
02:30:00,501203051,12,0,12,1,0
02:30:00,501203053,0,0,26,1,0
02:30:00,501203054,7,3,15,1,0
02:30:00,501203064,7,2,8,1,0
02:30:00,501203065,7,0,9,1,0
02:30:00,501203070,5,0,10,1,0
02:30:00,501203073,5,0,19,1,0
02:30:00,501203076,8,0,8,1,0
02:30:00,501203078,15,1,1,1,0
02:30:00,501203080,3,0,12,1,0
02:30:00,501203084,8,2,3,1,0
02:30:00,501203085,8,0,2,1,0
02:30:00,501203088,4,0,10,1,0
02:30:00,501203089,7,2,5,1,0
02:30:00,501203090,3,0,7,1,0
02:30:00,501203091,8,1,5,1,0
02:30:00,501203092,0,0,20,1,0
02:30:00,501203100,2,0,16,1,0
02:30:00,501203101,0,0,0,2,0
02:30:00,501203102,6,2,13,1,0
02:30:00,501203104,2,0,17,1,0
02:30:00,501203105,7,1,4,1,0
02:30:00,501203107,0,0,0,2,0
02:30:00,501203109,4,0,22,1,0
02:30:00,501203110,21,1,21,1,0
02:30:00,501203111,10,1,1,1,0
02:30:00,501203113,5,0,14,1,0
02:30:00,501203114,6,0,44,1,0
02:30:00,501203117,0,0,0,2,0
02:30:00,501203118,5,0,15,1,0
02:30:00,501203121,23,1,0,1,0
02:30:00,501203122,12,0,8,1,0
02:30:00,501203125,5,0,19,1,0
02:30:00,501203131,16,0,4,1,0
02:30:00,501203140,3,0,39,1,0
02:30:00,501203141,10,1,6,1,0
02:30:00,501203142,7,1,68,1,0
02:30:00,501203145,5,0,10,1,0
02:30:00,501203151,8,0,10,1,0
02:30:00,501203155,4,2,15,1,0
02:30:00,501203157,6,0,11,1,0
02:30:00,501203159,8,2,12,1,0
02:30:00,501203161,7,1,12,1,0
02:30:00,501203162,0,0,21,1,0
02:30:00,501203163,6,1,10,1,0
02:30:00,501204001,6,1,19,1,0
02:30:00,501204002,4,0,32,1,0
02:30:00,501204003,15,0,29,1,0
02:30:00,501204004,5,0,9,1,0
02:30:00,501204005,12,1,7,1,0
02:30:00,501204007,6,0,30,1,0
02:30:00,501204008,4,0,11,1,0
02:30:00,501204009,0,0,0,2,0
02:30:00,501204010,0,0,0,2,0
02:30:00,501204011,10,1,5,1,0
02:30:00,501204012,9,3,5,1,0
02:30:00,501204013,12,3,3,1,0
02:30:00,501204014,6,1,10,1,0
02:30:00,501204015,10,0,5,1,0
02:30:00,501204016,8,2,12,1,0
02:30:00,501204017,5,0,10,1,0
02:30:00,501204018,11,1,13,1,0
02:30:00,501204020,7,3,13,1,0
02:30:00,501204021,6,0,14,1,0
02:30:00,501204022,3,0,13,1,0
02:30:00,501204023,13,1,2,1,0
02:30:00,501204024,0,0,0,2,0
02:30:00,501204025,9,0,11,1,0
02:30:00,501205001,4,0,13,1,0
02:30:00,501205003,3,0,16,1,0
02:30:00,501205004,13,1,3,1,0
02:30:00,501205005,4,0,18,1,0
02:30:00,501205006,13,2,7,1,0
02:30:00,501205007,7,3,5,1,0
02:30:00,501205008,11,1,15,1,0
02:30:00,501205009,10,0,33,1,0
02:30:00,501205010,5,0,9,1,0
02:30:00,501205011,4,0,28,1,0
02:30:00,501205012,7,2,12,1,0
02:30:00,501205013,6,0,15,1,0
02:30:00,501205014,19,13,4,1,0
02:30:00,501205015,12,0,5,1,0
02:30:00,501205018,7,0,11,1,0
02:30:00,501205019,1,0,27,1,0
02:30:00,501205020,3,0,27,1,0
02:30:00,501205021,5,1,10,1,0
02:30:00,501205022,8,0,7,1,0
02:30:00,501205023,6,1,9,1,0
02:30:00,501205025,13,2,13,1,0
02:30:00,501205026,2,0,17,1,0
02:30:00,501205027,1,0,9,1,0
02:30:00,501205028,4,0,11,1,0
02:30:00,501205029,4,0,6,1,0
02:30:00,501205030,5,1,5,1,0
02:30:00,501205033,4,2,11,1,0
02:30:00,501205034,4,0,24,1,0
02:30:00,501205035,13,1,2,1,0
02:30:00,501205036,11,4,4,1,0
02:30:00,501205037,8,0,8,1,0
02:30:00,501205038,14,0,6,1,0
02:30:00,501205039,4,0,16,1,0
02:30:00,501205040,16,2,9,1,0
02:30:00,501205041,14,0,3,1,0
02:30:00,501205042,2,2,27,1,0
02:30:00,501208011,15,1,22,1,0
02:30:00,501208013,39,1,14,1,0
02:30:00,501208014,15,0,23,1,0
02:30:00,501208015,13,0,2,1,0
02:30:00,501208018,7,1,7,1,0
02:30:00,501208021,5,0,12,1,0
02:30:00,501208027,6,0,23,1,0
02:30:00,501208029,13,3,9,1,0
02:30:00,501208030,29,1,8,1,0
02:30:00,501208032,4,1,24,1,0
02:30:00,501208040,2,1,17,1,0
02:30:00,501208041,2,0,13,1,0
02:30:00,501208045,7,2,24,1,0
02:30:00,501208051,2,0,34,1,0
02:30:00,501208053,16,0,5,1,0
02:30:00,501208054,5,0,23,1,0
02:30:00,501208059,1,0,24,1,0
02:30:00,501208064,1,0,19,1,0
02:30:00,501208077,7,5,3,1,0
02:30:00,501208079,2,0,19,1,0
02:30:00,501208082,6,1,4,1,0
02:30:00,501208085,14,4,2,1,0
02:30:00,501208087,4,0,26,1,0
02:30:00,501208089,16,1,9,1,0
02:30:00,501208091,1,1,42,1,0
02:30:00,501208111,7,0,8,1,0
02:30:00,501208113,1,1,19,1,0
02:30:00,501208114,4,1,16,1,0
02:30:00,501208129,1,0,22,1,0
02:30:00,501208130,1,0,14,1,0
02:30:00,501209002,10,2,10,1,0
02:30:00,501209003,3,0,11,1,0
02:30:00,501209004,10,0,5,1,0
02:30:00,501209005,14,1,4,1,0
02:30:00,501209006,4,0,14,1,0
02:30:00,501209007,11,1,4,1,0
02:30:00,501209009,0,0,0,2,0
02:30:00,501209010,7,3,7,1,0
02:30:00,501209011,3,0,22,1,0
02:30:00,501209014,7,0,5,1,0
02:30:00,501209015,9,2,6,1,0
02:30:00,501209016,1,1,28,1,0
02:30:00,501209017,8,1,4,1,0
02:30:00,501209018,1,0,16,1,0
02:30:00,501209019,1,0,23,1,0
02:30:00,501209020,2,0,30,1,0
02:30:00,501209021,10,3,4,1,0
02:30:00,501209022,6,0,4,1,0
02:30:00,501209023,17,0,25,1,0
02:30:00,501209024,6,0,36,1,0
02:30:00,501209025,9,1,6,1,0
02:30:00,501209026,21,2,5,1,0
02:30:00,501209027,4,0,15,1,0
02:30:00,501209028,7,0,21,1,0
02:30:00,501209030,17,0,1,1,0
02:30:00,501209031,4,0,26,1,0
02:30:00,501209032,6,0,22,1,0
02:30:00,501209033,4,1,16,1,0
02:30:00,501209034,6,2,9,1,0
02:30:00,501209035,3,0,25,1,0
02:30:00,501209036,3,0,27,1,0
02:30:00,501209037,14,1,22,1,0
02:30:00,501209038,10,1,6,1,0
02:30:00,501209039,5,0,25,1,0
02:30:00,501209040,2,0,28,1,0
02:30:00,501209042,15,0,5,1,0
02:30:00,501209043,6,1,19,1,0
02:30:00,501209044,10,1,5,1,0
02:30:00,501209045,7,0,9,1,0
02:30:00,501209046,10,0,12,1,0
02:30:00,501209047,7,0,7,1,0
02:30:00,501209049,5,1,15,1,0
02:30:00,501209050,5,0,7,1,0
02:30:00,501209051,3,0,21,1,0
02:30:00,501209052,2,0,19,1,0
02:30:00,501209053,2,1,18,1,0
02:30:00,501209054,4,0,23,1,0
02:30:00,501209056,7,0,8,1,0
02:30:00,501209058,9,1,6,1,0
02:30:00,501209059,3,0,12,1,0
02:30:00,501209060,8,1,12,1,0
02:30:00,501209062,6,0,9,1,0
02:30:00,501209064,8,4,7,1,0
02:30:00,501209065,6,0,7,1,0
02:30:00,501209066,8,0,6,1,0
02:30:00,501209067,9,1,6,1,0
02:30:00,501209068,1,0,16,1,0
02:30:00,501209069,6,0,57,1,0
02:30:00,501209070,5,2,12,1,0
02:30:00,501209071,1,0,16,1,0
02:30:00,501209073,9,4,6,1,0
02:30:00,501209074,12,0,11,1,0
02:30:00,501209075,9,2,7,1,0
02:30:00,501209076,3,0,20,1,0
02:30:00,501209077,8,2,7,1,0
02:30:00,501209078,10,4,3,1,0
02:30:00,501209079,17,1,8,1,0
02:30:00,501209080,7,0,20,1,0
02:30:00,501209081,7,1,8,1,0
02:30:00,501209084,4,0,19,1,0
02:30:00,501209085,7,2,20,1,0
02:30:00,501209087,2,0,37,1,0
02:30:00,501209088,5,0,10,1,0
02:30:00,501209089,1,0,19,1,0
02:30:00,501209090,7,1,7,1,0
02:30:00,501209091,3,1,13,1,0
02:30:00,501209092,8,1,7,1,0
02:30:00,501209093,2,1,13,1,0
02:30:00,501209094,13,4,3,1,0
02:30:00,501209095,4,2,10,1,0
02:30:00,501209096,10,3,4,1,0
02:30:00,501209097,13,1,2,1,0
02:30:00,501209098,2,1,13,1,0
02:30:00,501209099,4,0,16,1,0
02:30:00,501209100,12,0,2,1,0
02:30:00,501209101,3,0,12,1,0
02:30:00,501209102,3,1,17,1,0
02:30:00,501209104,8,1,11,1,0
02:30:00,501209105,16,3,9,1,0
02:30:00,501209106,4,0,15,1,0
02:30:00,501211001,17,4,20,1,0
02:30:00,501211002,2,2,13,1,0
02:30:00,501211004,1,0,14,1,0
02:30:00,501211005,6,1,12,1,0
02:30:00,501211006,6,0,11,1,0
02:30:00,501211007,3,0,16,1,0
02:30:00,501211009,9,1,9,1,0
02:30:00,501211011,19,3,11,1,0
02:30:00,501211012,9,0,9,1,0
02:40:00,501201001,0,0,0,2,0
02:40:00,501201002,11,1,29,1,0
02:40:00,501201003,3,0,20,1,0
02:40:00,501201004,11,2,4,1,0
02:40:00,501201005,5,2,14,1,0
02:40:00,501201006,2,1,26,1,0
02:40:00,501201007,5,0,14,1,0
02:40:00,501201008,5,0,20,1,0
02:40:00,501201010,5,1,5,1,0
02:40:00,501201011,13,0,9,1,0
02:40:00,501201012,11,0,29,1,0
02:40:00,501201013,2,0,20,1,0
02:40:00,501201014,12,0,7,1,0
02:40:00,501201015,11,1,14,1,0
02:40:00,501201016,9,1,16,1,0
02:40:00,501201017,15,0,12,1,0
02:40:00,501201018,3,0,21,1,0
02:40:00,501201019,3,1,25,1,0
02:40:00,501201020,6,0,18,1,0
02:40:00,501201021,3,0,12,1,0
02:40:00,501201022,6,0,10,1,0
02:40:00,501201023,6,0,22,1,0
02:40:00,501201024,3,0,20,1,0
02:40:00,501201025,8,0,16,1,0
02:40:00,501201026,13,2,6,1,0
02:40:00,501201028,7,1,13,1,0
02:40:00,501201029,2,0,11,1,0
02:40:00,501201030,8,1,7,1,0
02:40:00,501201031,11,0,6,1,0
02:40:00,501202001,3,0,11,1,0
02:40:00,501202003,9,0,31,1,0
02:40:00,501202013,2,0,15,1,0
02:40:00,501202023,14,1,1,1,0
02:40:00,501202024,2,0,13,1,0
02:40:00,501202034,10,2,6,1,0
02:40:00,501202035,18,1,12,1,0
02:40:00,501202036,13,0,26,1,0
02:40:00,501202040,4,1,41,1,0
02:40:00,501202043,3,0,22,1,0
02:40:00,501202044,0,0,0,2,0
02:40:00,501202047,4,0,18,1,0
02:40:00,501202050,9,1,7,1,0
02:40:00,501202055,8,0,7,1,0
02:40:00,501202058,8,0,7,1,0
02:40:00,501202065,9,2,6,1,0
02:40:00,501202068,10,0,8,1,0
02:40:00,501202070,2,0,14,1,0
02:40:00,501202078,5,3,20,1,0
02:40:00,501202080,13,0,13,1,0
02:40:00,501202081,18,0,5,1,0
02:40:00,501202082,7,1,16,1,0
02:40:00,501202083,4,0,20,1,0
02:40:00,501202084,2,2,21,1,0
02:40:00,501202085,15,0,20,1,0
02:40:00,501202088,8,2,22,1,0
02:40:00,501202089,2,0,27,1,0
02:40:00,501202096,8,1,5,1,0
02:40:00,501203001,3,0,17,1,0
02:40:00,501203002,3,2,19,1,0
02:40:00,501203003,2,1,92,1,0
02:40:00,501203005,7,0,13,1,0
02:40:00,501203006,1,0,14,1,0
02:40:00,501203007,11,0,4,1,0
02:40:00,501203008,14,1,2,1,0
02:40:00,501203010,16,5,17,1,0
02:40:00,501203011,20,3,16,1,0
02:40:00,501203012,6,0,11,1,0
02:40:00,501203013,2,0,22,1,0
02:40:00,501203015,12,2,0,1,0
02:40:00,501203020,14,0,6,1,0
02:40:00,501203022,4,0,15,1,0
02:40:00,501203023,2,1,16,1,0
02:40:00,501203028,19,0,6,1,0
02:40:00,501203040,1,0,23,1,0
02:40:00,501203045,5,2,13,1,0
02:40:00,501203050,39,1,21,1,0
02:40:00,501203051,12,0,12,1,0
02:40:00,501203053,0,0,26,1,0
02:40:00,501203054,7,3,15,1,0
02:40:00,501203064,7,2,8,1,0
02:40:00,501203065,7,0,9,1,0
02:40:00,501203070,5,0,10,1,0
02:40:00,501203073,5,0,19,1,0
02:40:00,501203076,8,0,8,1,0
02:40:00,501203078,15,1,1,1,0
02:40:00,501203080,3,0,12,1,0
02:40:00,501203084,8,2,3,1,0
02:40:00,501203085,8,0,2,1,0
02:40:00,501203088,4,0,10,1,0
02:40:00,501203089,7,2,5,1,0
02:40:00,501203090,3,0,7,1,0
02:40:00,501203091,8,1,5,1,0
02:40:00,501203092,0,0,20,1,0
02:40:00,501203100,2,0,16,1,0
02:40:00,501203101,0,0,0,2,0
02:40:00,501203102,6,2,13,1,0
02:40:00,501203104,2,0,17,1,0
02:40:00,501203105,7,1,4,1,0
02:40:00,501203107,0,0,0,2,0
02:40:00,501203109,4,0,22,1,0
02:40:00,501203110,21,1,21,1,0
02:40:00,501203111,10,1,1,1,0
02:40:00,501203113,5,0,14,1,0
02:40:00,501203114,6,0,44,1,0
02:40:00,501203117,0,0,0,2,0
02:40:00,501203118,5,0,15,1,0
02:40:00,501203121,23,1,0,1,0
02:40:00,501203122,12,0,8,1,0
02:40:00,501203125,5,0,19,1,0
02:40:00,501203131,16,0,4,1,0
02:40:00,501203140,3,0,39,1,0
02:40:00,501203141,10,1,6,1,0
02:40:00,501203142,8,2,67,1,0
02:40:00,501203145,5,0,10,1,0
02:40:00,501203151,8,0,10,1,0
02:40:00,501203155,4,2,15,1,0
02:40:00,501203157,6,0,11,1,0
02:40:00,501203159,8,2,12,1,0
02:40:00,501203161,7,1,12,1,0
02:40:00,501203162,0,0,21,1,0
02:40:00,501203163,7,1,9,1,0
02:40:00,501204001,6,1,19,1,0
02:40:00,501204002,4,0,32,1,0
02:40:00,501204003,15,0,29,1,0
02:40:00,501204004,5,0,9,1,0
02:40:00,501204005,12,1,7,1,0
02:40:00,501204007,6,0,30,1,0
02:40:00,501204008,4,0,11,1,0
02:40:00,501204009,0,0,0,2,0
02:40:00,501204010,0,0,0,2,0
02:40:00,501204011,10,1,5,1,0
02:40:00,501204012,9,3,5,1,0
02:40:00,501204013,12,3,3,1,0
02:40:00,501204014,6,1,10,1,0
02:40:00,501204015,10,0,5,1,0
02:40:00,501204016,8,2,12,1,0
02:40:00,501204017,5,0,10,1,0
02:40:00,501204018,11,1,13,1,0
02:40:00,501204020,7,3,13,1,0
02:40:00,501204021,6,0,14,1,0
02:40:00,501204022,3,0,13,1,0
02:40:00,501204023,13,1,2,1,0
02:40:00,501204024,0,0,0,2,0
02:40:00,501204025,9,0,11,1,0
02:40:00,501205001,4,0,13,1,0
02:40:00,501205003,3,0,16,1,0
02:40:00,501205004,13,1,3,1,0
02:40:00,501205005,4,0,18,1,0
02:40:00,501205006,14,2,6,1,0
02:40:00,501205007,7,3,5,1,0
02:40:00,501205008,11,1,15,1,0
02:40:00,501205009,9,0,34,1,0
02:40:00,501205010,5,0,9,1,0
02:40:00,501205011,4,0,28,1,0
02:40:00,501205012,7,2,12,1,0
02:40:00,501205013,6,0,15,1,0
02:40:00,501205014,19,13,4,1,0
02:40:00,501205015,12,0,5,1,0
02:40:00,501205018,7,0,11,1,0
02:40:00,501205019,1,0,27,1,0
02:40:00,501205020,3,0,27,1,0
02:40:00,501205021,5,1,10,1,0
02:40:00,501205022,8,0,7,1,0
02:40:00,501205023,6,1,9,1,0
02:40:00,501205025,13,2,13,1,0
02:40:00,501205026,2,0,17,1,0
02:40:00,501205027,1,0,9,1,0
02:40:00,501205028,4,0,11,1,0
02:40:00,501205029,4,0,6,1,0
02:40:00,501205030,5,1,5,1,0
02:40:00,501205033,4,2,11,1,0
02:40:00,501205034,4,0,24,1,0
02:40:00,501205035,13,1,2,1,0
02:40:00,501205036,11,4,4,1,0
02:40:00,501205037,8,0,8,1,0
02:40:00,501205038,14,0,6,1,0
02:40:00,501205039,5,1,15,1,0
02:40:00,501205040,16,2,9,1,0
02:40:00,501205041,13,0,4,1,0
02:40:00,501205042,2,2,27,1,0
02:40:00,501208011,16,1,21,1,0
02:40:00,501208013,39,1,14,1,0
02:40:00,501208014,15,0,23,1,0
02:40:00,501208015,13,0,2,1,0
02:40:00,501208018,7,1,7,1,0
02:40:00,501208021,5,0,12,1,0
02:40:00,501208027,6,0,23,1,0
02:40:00,501208029,13,3,9,1,0
02:40:00,501208030,30,2,8,1,0
02:40:00,501208032,4,1,24,1,0
02:40:00,501208040,2,1,17,1,0
02:40:00,501208041,2,0,13,1,0
02:40:00,501208045,7,2,24,1,0
02:40:00,501208051,2,0,34,1,0
02:40:00,501208053,16,0,5,1,0
02:40:00,501208054,5,0,23,1,0
02:40:00,501208059,1,0,24,1,0
02:40:00,501208064,1,0,19,1,0
02:40:00,501208077,7,5,3,1,0
02:40:00,501208079,2,0,19,1,0
02:40:00,501208082,6,1,4,1,0
02:40:00,501208085,14,4,2,1,0
02:40:00,501208087,4,0,26,1,0
02:40:00,501208089,16,1,9,1,0
02:40:00,501208091,1,1,42,1,0
02:40:00,501208111,7,0,8,1,0
02:40:00,501208113,1,1,19,1,0
02:40:00,501208114,4,1,16,1,0
02:40:00,501208129,1,0,22,1,0
02:40:00,501208130,1,0,14,1,0
02:40:00,501209002,10,2,10,1,0
02:40:00,501209003,3,0,11,1,0
02:40:00,501209004,10,0,5,1,0
02:40:00,501209005,14,1,4,1,0
02:40:00,501209006,4,0,14,1,0
02:40:00,501209007,11,1,4,1,0
02:40:00,501209009,0,0,0,2,0
02:40:00,501209010,7,3,7,1,0
02:40:00,501209011,3,0,22,1,0
02:40:00,501209014,7,0,5,1,0
02:40:00,501209015,9,2,6,1,0
02:40:00,501209016,1,1,28,1,0
02:40:00,501209017,8,1,4,1,0
02:40:00,501209018,1,0,16,1,0
02:40:00,501209019,1,0,23,1,0
02:40:00,501209020,2,0,30,1,0
02:40:00,501209021,10,3,4,1,0
02:40:00,501209022,6,0,4,1,0
02:40:00,501209023,17,0,25,1,0
02:40:00,501209024,6,0,36,1,0
02:40:00,501209025,9,1,6,1,0
02:40:00,501209026,21,2,5,1,0
02:40:00,501209027,4,0,15,1,0
02:40:00,501209028,7,0,21,1,0
02:40:00,501209030,17,0,1,1,0
02:40:00,501209031,4,0,26,1,0
02:40:00,501209032,6,0,22,1,0
02:40:00,501209033,4,1,16,1,0
02:40:00,501209034,6,2,9,1,0
02:40:00,501209035,3,0,25,1,0
02:40:00,501209036,3,0,27,1,0
02:40:00,501209037,14,1,22,1,0
02:40:00,501209038,10,1,6,1,0
02:40:00,501209039,5,0,25,1,0
02:40:00,501209040,2,0,28,1,0
02:40:00,501209042,15,0,5,1,0
02:40:00,501209043,7,1,18,1,0
02:40:00,501209044,10,1,5,1,0
02:40:00,501209045,7,0,9,1,0
02:40:00,501209046,10,0,12,1,0
02:40:00,501209047,7,0,7,1,0
02:40:00,501209049,5,1,15,1,0
02:40:00,501209050,5,0,7,1,0
02:40:00,501209051,3,0,21,1,0
02:40:00,501209052,2,0,19,1,0
02:40:00,501209053,2,1,18,1,0
02:40:00,501209054,4,0,23,1,0
02:40:00,501209056,7,0,8,1,0
02:40:00,501209058,9,1,6,1,0
02:40:00,501209059,3,0,12,1,0
02:40:00,501209060,8,1,12,1,0
02:40:00,501209062,6,0,9,1,0
02:40:00,501209064,8,4,7,1,0
02:40:00,501209065,6,0,7,1,0
02:40:00,501209066,8,0,6,1,0
02:40:00,501209067,9,1,6,1,0
02:40:00,501209068,1,0,16,1,0
02:40:00,501209069,6,0,57,1,0
02:40:00,501209070,5,2,12,1,0
02:40:00,501209071,1,0,16,1,0
02:40:00,501209073,9,4,6,1,0
02:40:00,501209074,12,0,11,1,0
02:40:00,501209075,9,2,7,1,0
02:40:00,501209076,3,0,20,1,0
02:40:00,501209077,8,2,7,1,0
02:40:00,501209078,10,4,3,1,0
02:40:00,501209079,17,1,8,1,0
02:40:00,501209080,7,0,20,1,0
02:40:00,501209081,7,1,8,1,0
02:40:00,501209084,4,0,19,1,0
02:40:00,501209085,7,2,20,1,0
02:40:00,501209087,2,0,37,1,0
02:40:00,501209088,5,0,10,1,0
02:40:00,501209089,1,0,19,1,0
02:40:00,501209090,7,1,7,1,0
02:40:00,501209091,3,1,13,1,0
02:40:00,501209092,9,2,7,1,0
02:40:00,501209093,2,1,13,1,0
02:40:00,501209094,13,4,3,1,0
02:40:00,501209095,4,2,10,1,0
02:40:00,501209096,10,3,4,1,0
02:40:00,501209097,13,1,2,1,0
02:40:00,501209098,2,1,13,1,0
02:40:00,501209099,4,0,16,1,0
02:40:00,501209100,12,0,2,1,0
02:40:00,501209101,3,0,12,1,0
02:40:00,501209102,3,1,17,1,0
02:40:00,501209104,8,1,11,1,0
02:40:00,501209105,16,3,9,1,0
02:40:00,501209106,4,0,15,1,0
02:40:00,501211001,17,4,20,1,0
02:40:00,501211002,2,2,13,1,0
02:40:00,501211004,1,0,14,1,0
02:40:00,501211005,6,1,12,1,0
02:40:00,501211006,6,0,11,1,0
02:40:00,501211007,3,0,16,1,0
02:40:00,501211009,9,1,9,1,0
02:40:00,501211011,19,3,11,1,0
02:40:00,501211012,9,0,9,1,0
02:50:00,501201001,0,0,0,2,0
02:50:00,501201002,12,1,28,1,0
02:50:00,501201003,3,0,20,1,0
02:50:00,501201004,11,2,4,1,0
02:50:00,501201005,5,2,14,1,0
02:50:00,501201006,2,1,26,1,0
02:50:00,501201007,5,0,14,1,0
02:50:00,501201008,5,0,20,1,0
02:50:00,501201010,5,1,5,1,0
02:50:00,501201011,13,0,9,1,0
02:50:00,501201012,11,0,29,1,0
02:50:00,501201013,2,0,20,1,0
02:50:00,501201014,12,0,7,1,0
02:50:00,501201015,11,1,14,1,0
02:50:00,501201016,9,1,16,1,0
02:50:00,501201017,14,0,13,1,0
02:50:00,501201018,3,0,21,1,0
02:50:00,501201019,3,1,25,1,0
02:50:00,501201020,6,0,18,1,0
02:50:00,501201021,3,0,12,1,0
02:50:00,501201022,6,0,10,1,0
02:50:00,501201023,6,0,22,1,0
02:50:00,501201024,3,0,20,1,0
02:50:00,501201025,8,0,16,1,0
02:50:00,501201026,13,2,6,1,0
02:50:00,501201028,7,1,13,1,0
02:50:00,501201029,2,0,11,1,0
02:50:00,501201030,8,1,7,1,0
02:50:00,501201031,11,0,6,1,0
02:50:00,501202001,3,0,11,1,0
02:50:00,501202003,9,0,31,1,0
02:50:00,501202013,2,0,15,1,0
02:50:00,501202023,14,1,1,1,0
02:50:00,501202024,2,0,13,1,0
02:50:00,501202034,11,2,5,1,0
02:50:00,501202035,18,1,12,1,0
02:50:00,501202036,13,0,26,1,0
02:50:00,501202040,4,1,41,1,0
02:50:00,501202043,3,0,22,1,0
02:50:00,501202044,0,0,0,2,0
02:50:00,501202047,4,0,18,1,0
02:50:00,501202050,9,1,7,1,0
02:50:00,501202055,6,0,9,1,0
02:50:00,501202058,8,0,7,1,0
02:50:00,501202065,9,2,6,1,0
02:50:00,501202068,10,0,8,1,0
02:50:00,501202070,2,0,14,1,0
02:50:00,501202078,5,3,20,1,0
02:50:00,501202080,13,0,13,1,0
02:50:00,501202081,19,1,4,1,0
02:50:00,501202082,7,1,16,1,0
02:50:00,501202083,4,0,20,1,0
02:50:00,501202084,2,2,21,1,0
02:50:00,501202085,15,0,20,1,0
02:50:00,501202088,8,2,22,1,0
02:50:00,501202089,2,0,27,1,0
02:50:00,501202096,8,1,5,1,0
02:50:00,501203001,3,0,17,1,0
02:50:00,501203002,3,2,19,1,0
02:50:00,501203003,2,0,92,1,0
02:50:00,501203005,7,0,13,1,0
02:50:00,501203006,1,0,14,1,0
02:50:00,501203007,11,0,4,1,0
02:50:00,501203008,14,1,2,1,0
02:50:00,501203010,16,5,17,1,0
02:50:00,501203011,20,3,16,1,0
02:50:00,501203012,6,0,11,1,0
02:50:00,501203013,2,0,22,1,0
02:50:00,501203015,12,2,0,1,0
02:50:00,501203020,14,0,6,1,0
02:50:00,501203022,4,0,15,1,0
02:50:00,501203023,2,1,16,1,0
02:50:00,501203028,19,0,6,1,0
02:50:00,501203040,1,0,23,1,0
02:50:00,501203045,5,2,13,1,0
02:50:00,501203050,39,1,21,1,0
02:50:00,501203051,12,0,12,1,0
02:50:00,501203053,0,0,26,1,0
02:50:00,501203054,7,3,15,1,0
02:50:00,501203064,7,2,8,1,0
02:50:00,501203065,7,0,9,1,0
02:50:00,501203070,5,0,10,1,0
02:50:00,501203073,5,0,19,1,0
02:50:00,501203076,8,0,8,1,0
02:50:00,501203078,15,1,1,1,0
02:50:00,501203080,3,0,12,1,0
02:50:00,501203084,8,2,3,1,0
02:50:00,501203085,8,0,2,1,0
02:50:00,501203088,4,0,10,1,0
02:50:00,501203089,7,2,5,1,0
02:50:00,501203090,3,0,7,1,0
02:50:00,501203091,8,1,5,1,0
02:50:00,501203092,0,0,20,1,0
02:50:00,501203100,2,0,16,1,0
02:50:00,501203101,0,0,0,2,0
02:50:00,501203102,6,2,13,1,0
02:50:00,501203104,2,0,17,1,0
02:50:00,501203105,7,1,4,1,0
02:50:00,501203107,0,0,0,2,0
02:50:00,501203109,4,0,22,1,0
02:50:00,501203110,21,1,21,1,0
02:50:00,501203111,10,1,1,1,0
02:50:00,501203113,5,0,14,1,0
02:50:00,501203114,5,0,45,1,0
02:50:00,501203117,0,0,0,2,0
02:50:00,501203118,5,0,15,1,0
02:50:00,501203121,23,1,0,1,0
02:50:00,501203122,12,0,8,1,0
02:50:00,501203125,5,0,19,1,0
02:50:00,501203131,16,0,4,1,0
02:50:00,501203140,3,0,39,1,0
02:50:00,501203141,10,1,6,1,0
02:50:00,501203142,8,2,67,1,0
02:50:00,501203145,5,0,10,1,0
02:50:00,501203151,8,0,10,1,0
02:50:00,501203155,5,2,14,1,0
02:50:00,501203157,6,0,11,1,0
02:50:00,501203159,8,2,12,1,0
02:50:00,501203161,7,1,12,1,0
02:50:00,501203162,0,0,21,1,0
02:50:00,501203163,7,1,9,1,0
02:50:00,501204001,6,1,19,1,0
02:50:00,501204002,4,0,32,1,0
02:50:00,501204003,15,0,29,1,0
02:50:00,501204004,5,0,9,1,0
02:50:00,501204005,12,1,7,1,0
02:50:00,501204007,6,0,30,1,0
02:50:00,501204008,4,0,11,1,0
02:50:00,501204009,0,0,0,2,0
02:50:00,501204010,0,0,0,2,0
02:50:00,501204011,10,1,5,1,0
02:50:00,501204012,9,3,5,1,0
02:50:00,501204013,12,3,3,1,0
02:50:00,501204014,6,1,10,1,0
02:50:00,501204015,10,0,5,1,0
02:50:00,501204016,8,2,12,1,0
02:50:00,501204017,5,0,10,1,0
02:50:00,501204018,11,1,13,1,0
02:50:00,501204020,7,3,13,1,0
02:50:00,501204021,6,0,14,1,0
02:50:00,501204022,3,0,13,1,0
02:50:00,501204023,13,1,2,1,0
02:50:00,501204024,0,0,0,2,0
02:50:00,501204025,9,0,11,1,0
02:50:00,501205001,4,0,13,1,0
02:50:00,501205003,3,0,16,1,0
02:50:00,501205004,13,1,3,1,0
02:50:00,501205005,4,0,18,1,0
02:50:00,501205006,13,1,7,1,0
02:50:00,501205007,7,2,5,1,0
02:50:00,501205008,11,1,15,1,0
02:50:00,501205009,9,0,34,1,0
02:50:00,501205010,5,0,9,1,0
02:50:00,501205011,4,0,28,1,0
02:50:00,501205012,7,2,12,1,0
02:50:00,501205013,6,0,15,1,0
02:50:00,501205014,19,13,4,1,0
02:50:00,501205015,13,0,4,1,0
02:50:00,501205018,7,0,11,1,0
02:50:00,501205019,1,0,27,1,0
02:50:00,501205020,3,0,27,1,0
02:50:00,501205021,5,1,10,1,0
02:50:00,501205022,8,0,7,1,0
02:50:00,501205023,6,1,9,1,0
02:50:00,501205025,13,2,13,1,0
02:50:00,501205026,2,0,17,1,0
02:50:00,501205027,1,0,9,1,0
02:50:00,501205028,4,0,11,1,0
02:50:00,501205029,4,0,6,1,0
02:50:00,501205030,5,1,5,1,0
02:50:00,501205033,4,2,11,1,0
02:50:00,501205034,4,0,24,1,0
02:50:00,501205035,13,1,2,1,0
02:50:00,501205036,11,4,4,1,0
02:50:00,501205037,8,0,8,1,0
02:50:00,501205038,14,0,6,1,0
02:50:00,501205039,5,1,15,1,0
02:50:00,501205040,16,2,9,1,0
02:50:00,501205041,13,0,4,1,0
02:50:00,501205042,2,2,27,1,0
02:50:00,501208011,18,1,19,1,0
02:50:00,501208013,39,1,14,1,0
02:50:00,501208014,15,0,23,1,0
02:50:00,501208015,13,0,2,1,0
02:50:00,501208018,7,1,7,1,0
02:50:00,501208021,5,0,12,1,0
02:50:00,501208027,6,0,23,1,0
02:50:00,501208029,13,3,9,1,0
02:50:00,501208030,30,2,8,1,0
02:50:00,501208032,4,1,24,1,0
02:50:00,501208040,2,1,17,1,0
02:50:00,501208041,2,0,13,1,0
02:50:00,501208045,7,2,24,1,0
02:50:00,501208051,2,0,34,1,0
02:50:00,501208053,16,0,5,1,0
02:50:00,501208054,5,0,23,1,0
02:50:00,501208059,1,0,24,1,0
02:50:00,501208064,1,0,19,1,0
02:50:00,501208077,7,5,3,1,0
02:50:00,501208079,2,0,19,1,0
02:50:00,501208082,6,1,4,1,0
02:50:00,501208085,14,4,2,1,0
02:50:00,501208087,4,0,26,1,0
02:50:00,501208089,16,1,9,1,0
02:50:00,501208091,1,1,42,1,0
02:50:00,501208111,7,0,8,1,0
02:50:00,501208113,1,1,19,1,0
02:50:00,501208114,4,1,16,1,0
02:50:00,501208129,1,0,22,1,0
02:50:00,501208130,1,0,14,1,0
02:50:00,501209002,10,2,10,1,0
02:50:00,501209003,3,0,11,1,0
02:50:00,501209004,10,0,5,1,0
02:50:00,501209005,2,1,16,1,0
02:50:00,501209006,4,0,14,1,0
02:50:00,501209007,11,1,4,1,0
02:50:00,501209009,0,0,0,2,0
02:50:00,501209010,7,3,7,1,0
02:50:00,501209011,3,0,22,1,0
02:50:00,501209014,7,0,5,1,0
02:50:00,501209015,9,2,6,1,0
02:50:00,501209016,1,1,28,1,0
02:50:00,501209017,8,1,4,1,0
02:50:00,501209018,1,0,16,1,0
02:50:00,501209019,1,0,23,1,0
02:50:00,501209020,2,0,30,1,0
02:50:00,501209021,10,3,4,1,0
02:50:00,501209022,6,0,4,1,0
02:50:00,501209023,17,0,25,1,0
02:50:00,501209024,6,0,36,1,0
02:50:00,501209025,9,1,6,1,0
02:50:00,501209026,21,2,5,1,0
02:50:00,501209027,4,0,15,1,0
02:50:00,501209028,7,0,21,1,0
02:50:00,501209030,17,0,1,1,0
02:50:00,501209031,4,0,26,1,0
02:50:00,501209032,6,0,22,1,0
02:50:00,501209033,4,1,16,1,0
02:50:00,501209034,6,2,9,1,0
02:50:00,501209035,3,0,25,1,0
02:50:00,501209036,3,0,27,1,0
02:50:00,501209037,14,1,22,1,0
02:50:00,501209038,10,1,6,1,0
02:50:00,501209039,5,0,25,1,0
02:50:00,501209040,2,0,28,1,0
02:50:00,501209042,15,0,5,1,0
02:50:00,501209043,6,1,19,1,0
02:50:00,501209044,10,1,5,1,0
02:50:00,501209045,7,0,9,1,0
02:50:00,501209046,10,0,12,1,0
02:50:00,501209047,7,0,7,1,0
02:50:00,501209049,5,1,15,1,0
02:50:00,501209050,5,0,7,1,0
02:50:00,501209051,2,0,22,1,0
02:50:00,501209052,2,0,19,1,0
02:50:00,501209053,2,1,18,1,0
02:50:00,501209054,4,0,23,1,0
02:50:00,501209056,7,0,8,1,0
02:50:00,501209058,9,1,6,1,0
02:50:00,501209059,3,0,12,1,0
02:50:00,501209060,8,1,12,1,0
02:50:00,501209062,6,0,9,1,0
02:50:00,501209064,8,4,7,1,0
02:50:00,501209065,6,0,7,1,0
02:50:00,501209066,8,0,6,1,0
02:50:00,501209067,9,1,6,1,0
02:50:00,501209068,1,0,16,1,0
02:50:00,501209069,6,0,57,1,0
02:50:00,501209070,5,2,12,1,0
02:50:00,501209071,1,0,16,1,0
02:50:00,501209073,9,4,6,1,0
02:50:00,501209074,12,0,11,1,0
02:50:00,501209075,9,2,7,1,0
02:50:00,501209076,3,0,20,1,0
02:50:00,501209077,8,2,7,1,0
02:50:00,501209078,10,4,3,1,0
02:50:00,501209079,17,1,8,1,0
02:50:00,501209080,7,0,20,1,0
02:50:00,501209081,7,1,8,1,0
02:50:00,501209084,4,0,19,1,0
02:50:00,501209085,7,2,20,1,0
02:50:00,501209087,2,0,37,1,0
02:50:00,501209088,5,0,10,1,0
02:50:00,501209089,1,0,19,1,0
02:50:00,501209090,7,1,7,1,0
02:50:00,501209091,3,1,13,1,0
02:50:00,501209092,9,2,7,1,0
02:50:00,501209093,2,1,13,1,0
02:50:00,501209094,13,4,3,1,0
02:50:00,501209095,5,3,9,1,0
02:50:00,501209096,10,3,4,1,0
02:50:00,501209097,13,1,2,1,0
02:50:00,501209098,2,1,13,1,0
02:50:00,501209099,4,0,16,1,0
02:50:00,501209100,12,0,2,1,0
02:50:00,501209101,3,0,12,1,0
02:50:00,501209102,3,1,17,1,0
02:50:00,501209104,8,1,11,1,0
02:50:00,501209105,16,3,9,1,0
02:50:00,501209106,4,0,15,1,0
02:50:00,501211001,17,4,20,1,0
02:50:00,501211002,2,2,13,1,0
02:50:00,501211004,1,0,14,1,0
02:50:00,501211005,6,1,12,1,0
02:50:00,501211006,6,0,11,1,0
02:50:00,501211007,3,0,16,1,0
02:50:00,501211009,9,1,9,1,0
02:50:00,501211011,19,3,11,1,0
02:50:00,501211012,9,0,9,1,0
03:00:00,501201001,0,0,0,2,0
03:00:00,501201002,12,1,28,1,0
03:00:00,501201003,3,0,20,1,0
03:00:00,501201004,11,2,4,1,0
03:00:00,501201005,5,2,14,1,0
03:00:00,501201006,2,1,26,1,0
03:00:00,501201007,5,0,14,1,0
03:00:00,501201008,5,0,20,1,0
03:00:00,501201010,5,1,5,1,0
03:00:00,501201011,13,0,9,1,0
03:00:00,501201012,11,0,29,1,0
03:00:00,501201013,2,0,20,1,0
03:00:00,501201014,12,0,7,1,0
03:00:00,501201015,11,1,14,1,0
03:00:00,501201016,9,1,16,1,0
03:00:00,501201017,14,0,13,1,0
03:00:00,501201018,3,0,21,1,0
03:00:00,501201019,3,1,25,1,0
03:00:00,501201020,6,0,18,1,0
03:00:00,501201021,3,0,12,1,0
03:00:00,501201022,6,0,10,1,0
03:00:00,501201023,6,0,22,1,0
03:00:00,501201024,3,0,20,1,0
03:00:00,501201025,8,0,16,1,0
03:00:00,501201026,13,2,6,1,0
03:00:00,501201028,7,1,13,1,0
03:00:00,501201029,2,0,11,1,0
03:00:00,501201030,7,1,8,1,0
03:00:00,501201031,11,0,6,1,0
03:00:00,501202001,3,0,11,1,0
03:00:00,501202003,9,0,31,1,0
03:00:00,501202013,2,0,15,1,0
03:00:00,501202023,14,1,1,1,0
03:00:00,501202024,2,0,13,1,0
03:00:00,501202034,11,2,5,1,0
03:00:00,501202035,18,1,12,1,0
03:00:00,501202036,13,0,26,1,0
03:00:00,501202040,4,1,41,1,0
03:00:00,501202043,3,0,22,1,0
03:00:00,501202044,0,0,0,2,0
03:00:00,501202047,4,0,18,1,0
03:00:00,501202050,9,1,7,1,0
03:00:00,501202055,6,0,9,1,0
03:00:00,501202058,8,0,7,1,0
03:00:00,501202065,9,2,6,1,0
03:00:00,501202068,10,0,8,1,0
03:00:00,501202070,2,0,14,1,0
03:00:00,501202078,5,3,20,1,0
03:00:00,501202080,12,0,14,1,0
03:00:00,501202081,19,1,4,1,0
03:00:00,501202082,7,1,16,1,0
03:00:00,501202083,4,0,20,1,0
03:00:00,501202084,2,2,21,1,0
03:00:00,501202085,15,0,20,1,0
03:00:00,501202088,8,2,22,1,0
03:00:00,501202089,2,0,27,1,0
03:00:00,501202096,8,1,5,1,0
03:00:00,501203001,2,0,18,1,0
03:00:00,501203002,4,2,18,1,0
03:00:00,501203003,2,0,92,1,0
03:00:00,501203005,7,0,13,1,0
03:00:00,501203006,1,0,14,1,0
03:00:00,501203007,11,0,4,1,0
03:00:00,501203008,14,1,2,1,0
03:00:00,501203010,16,5,17,1,0
03:00:00,501203011,20,3,16,1,0
03:00:00,501203012,6,0,11,1,0
03:00:00,501203013,2,0,22,1,0
03:00:00,501203015,12,2,0,1,0
03:00:00,501203020,14,0,6,1,0
03:00:00,501203022,4,0,15,1,0
03:00:00,501203023,2,1,16,1,0
03:00:00,501203028,19,0,6,1,0
03:00:00,501203040,1,0,23,1,0
03:00:00,501203045,5,2,13,1,0
03:00:00,501203050,39,1,21,1,0
03:00:00,501203051,12,0,12,1,0
03:00:00,501203053,0,0,26,1,0
03:00:00,501203054,7,3,15,1,0
03:00:00,501203064,7,2,8,1,0
03:00:00,501203065,7,0,9,1,0
03:00:00,501203070,5,0,10,1,0
03:00:00,501203073,5,0,19,1,0
03:00:00,501203076,8,0,8,1,0
03:00:00,501203078,15,1,1,1,0
03:00:00,501203080,3,0,12,1,0
03:00:00,501203084,8,2,3,1,0
03:00:00,501203085,8,0,2,1,0
03:00:00,501203088,4,0,10,1,0
03:00:00,501203089,7,2,5,1,0
03:00:00,501203090,3,0,7,1,0
03:00:00,501203091,8,1,5,1,0
03:00:00,501203092,0,0,20,1,0
03:00:00,501203100,2,0,16,1,0
03:00:00,501203101,0,0,0,2,0
03:00:00,501203102,6,2,13,1,0
03:00:00,501203104,2,0,17,1,0
03:00:00,501203105,7,1,4,1,0
03:00:00,501203107,0,0,0,2,0
03:00:00,501203109,4,0,22,1,0
03:00:00,501203110,21,1,21,1,0
03:00:00,501203111,10,1,1,1,0
03:00:00,501203113,5,0,14,1,0
03:00:00,501203114,5,0,45,1,0
03:00:00,501203117,0,0,0,2,0
03:00:00,501203118,5,0,15,1,0
03:00:00,501203121,17,1,6,1,0
03:00:00,501203122,12,0,8,1,0
03:00:00,501203125,5,0,19,1,0
03:00:00,501203131,16,0,4,1,0
03:00:00,501203140,3,0,39,1,0
03:00:00,501203141,10,1,6,1,0
03:00:00,501203142,8,2,67,1,0
03:00:00,501203145,5,0,10,1,0
03:00:00,501203151,8,0,10,1,0
03:00:00,501203155,6,2,13,1,0
03:00:00,501203157,6,0,11,1,0
03:00:00,501203159,8,2,12,1,0
03:00:00,501203161,7,1,12,1,0
03:00:00,501203162,0,0,21,1,0
03:00:00,501203163,7,1,9,1,0
03:00:00,501204001,6,1,19,1,0
03:00:00,501204002,4,0,32,1,0
03:00:00,501204003,15,0,29,1,0
03:00:00,501204004,5,0,9,1,0
03:00:00,501204005,12,1,7,1,0
03:00:00,501204007,6,0,30,1,0
03:00:00,501204008,4,0,11,1,0
03:00:00,501204009,0,0,0,2,0
03:00:00,501204010,0,0,0,2,0
03:00:00,501204011,10,1,5,1,0
03:00:00,501204012,9,3,5,1,0
03:00:00,501204013,12,3,3,1,0
03:00:00,501204014,6,1,10,1,0
03:00:00,501204015,10,0,5,1,0
03:00:00,501204016,8,2,12,1,0
03:00:00,501204017,5,0,10,1,0
03:00:00,501204018,11,1,13,1,0
03:00:00,501204020,7,3,13,1,0
03:00:00,501204021,6,0,14,1,0
03:00:00,501204022,3,0,13,1,0
03:00:00,501204023,13,1,2,1,0
03:00:00,501204024,0,0,0,2,0
03:00:00,501204025,9,0,11,1,0
03:00:00,501205001,4,0,13,1,0
03:00:00,501205003,3,0,16,1,0
03:00:00,501205004,13,1,3,1,0
03:00:00,501205005,4,0,18,1,0
03:00:00,501205006,13,1,7,1,0
03:00:00,501205007,7,2,5,1,0
03:00:00,501205008,11,1,15,1,0
03:00:00,501205009,9,0,34,1,0
03:00:00,501205010,5,0,9,1,0
03:00:00,501205011,4,0,28,1,0
03:00:00,501205012,8,2,11,1,0
03:00:00,501205013,6,0,15,1,0
03:00:00,501205014,19,13,4,1,0
03:00:00,501205015,13,0,4,1,0
03:00:00,501205018,7,0,11,1,0
03:00:00,501205019,2,1,26,1,0
03:00:00,501205020,3,0,27,1,0
03:00:00,501205021,5,1,10,1,0
03:00:00,501205022,8,0,7,1,0
03:00:00,501205023,6,1,9,1,0
03:00:00,501205025,13,2,13,1,0
03:00:00,501205026,2,0,17,1,0
03:00:00,501205027,1,0,9,1,0
03:00:00,501205028,4,0,11,1,0
03:00:00,501205029,4,0,6,1,0
03:00:00,501205030,5,1,5,1,0
03:00:00,501205033,4,2,11,1,0
03:00:00,501205034,4,0,24,1,0
03:00:00,501205035,13,1,2,1,0
03:00:00,501205036,11,4,4,1,0
03:00:00,501205037,8,0,8,1,0
03:00:00,501205038,14,0,6,1,0
03:00:00,501205039,5,1,15,1,0
03:00:00,501205040,16,2,9,1,0
03:00:00,501205041,13,0,4,1,0
03:00:00,501205042,2,2,27,1,0
03:00:00,501208011,18,1,19,1,0
03:00:00,501208013,39,1,14,1,0
03:00:00,501208014,15,0,23,1,0
03:00:00,501208015,13,0,2,1,0
03:00:00,501208018,7,1,7,1,0
03:00:00,501208021,5,0,12,1,0
03:00:00,501208027,6,0,23,1,0
03:00:00,501208029,13,3,9,1,0
03:00:00,501208030,30,2,8,1,0
03:00:00,501208032,4,1,24,1,0
03:00:00,501208040,2,1,17,1,0
03:00:00,501208041,2,0,13,1,0
03:00:00,501208045,7,2,24,1,0
03:00:00,501208051,2,0,34,1,0
03:00:00,501208053,16,0,5,1,0
03:00:00,501208054,5,0,23,1,0
03:00:00,501208059,1,0,24,1,0
03:00:00,501208064,1,0,19,1,0
03:00:00,501208077,7,5,3,1,0
03:00:00,501208079,2,0,19,1,0
03:00:00,501208082,6,1,4,1,0
03:00:00,501208085,14,4,2,1,0
03:00:00,501208087,4,0,26,1,0
03:00:00,501208089,16,1,9,1,0
03:00:00,501208091,1,1,42,1,0
03:00:00,501208111,7,0,8,1,0
03:00:00,501208113,1,1,19,1,0
03:00:00,501208114,4,1,16,1,0
03:00:00,501208129,1,0,22,1,0
03:00:00,501208130,1,0,14,1,0
03:00:00,501209002,10,2,10,1,0
03:00:00,501209003,3,0,11,1,0
03:00:00,501209004,10,0,5,1,0
03:00:00,501209005,2,1,16,1,0
03:00:00,501209006,4,0,14,1,0
03:00:00,501209007,11,1,4,1,0
03:00:00,501209009,0,0,0,2,0
03:00:00,501209010,7,3,7,1,0
03:00:00,501209011,3,0,22,1,0
03:00:00,501209014,7,0,5,1,0
03:00:00,501209015,9,2,6,1,0
03:00:00,501209016,1,1,28,1,0
03:00:00,501209017,8,1,4,1,0
03:00:00,501209018,1,0,16,1,0
03:00:00,501209019,1,0,23,1,0
03:00:00,501209020,2,0,30,1,0
03:00:00,501209021,10,3,4,1,0
03:00:00,501209022,6,0,4,1,0
03:00:00,501209023,17,0,25,1,0
03:00:00,501209024,7,0,35,1,0
03:00:00,501209025,9,1,6,1,0
03:00:00,501209026,21,2,5,1,0
03:00:00,501209027,4,0,15,1,0
03:00:00,501209028,7,0,21,1,0
03:00:00,501209030,17,0,1,1,0
03:00:00,501209031,4,0,26,1,0
03:00:00,501209032,6,0,22,1,0
03:00:00,501209033,4,1,16,1,0
03:00:00,501209034,6,2,9,1,0
03:00:00,501209035,3,0,25,1,0
03:00:00,501209036,3,0,27,1,0
03:00:00,501209037,14,1,22,1,0
03:00:00,501209038,10,1,6,1,0
03:00:00,501209039,5,0,25,1,0
03:00:00,501209040,2,0,28,1,0
03:00:00,501209042,15,0,5,1,0
03:00:00,501209043,6,1,19,1,0
03:00:00,501209044,10,1,5,1,0
03:00:00,501209045,7,0,9,1,0
03:00:00,501209046,10,0,12,1,0
03:00:00,501209047,7,0,7,1,0
03:00:00,501209049,5,1,15,1,0
03:00:00,501209050,5,0,7,1,0
03:00:00,501209051,2,0,22,1,0
03:00:00,501209052,2,0,19,1,0
03:00:00,501209053,2,1,18,1,0
03:00:00,501209054,4,0,23,1,0
03:00:00,501209056,7,0,8,1,0
03:00:00,501209058,9,1,6,1,0
03:00:00,501209059,3,0,12,1,0
03:00:00,501209060,8,1,12,1,0
03:00:00,501209062,6,0,9,1,0
03:00:00,501209064,8,4,7,1,0
03:00:00,501209065,6,0,7,1,0
03:00:00,501209066,8,0,6,1,0
03:00:00,501209067,9,1,6,1,0
03:00:00,501209068,1,0,16,1,0
03:00:00,501209069,6,0,57,1,0
03:00:00,501209070,5,2,12,1,0
03:00:00,501209071,1,0,16,1,0
03:00:00,501209073,9,4,6,1,0
03:00:00,501209074,12,0,11,1,0
03:00:00,501209075,9,2,7,1,0
03:00:00,501209076,3,0,20,1,0
03:00:00,501209077,8,2,7,1,0
03:00:00,501209078,10,4,3,1,0
03:00:00,501209079,17,1,8,1,0
03:00:00,501209080,7,0,20,1,0
03:00:00,501209081,7,1,8,1,0
03:00:00,501209084,4,0,19,1,0
03:00:00,501209085,7,2,20,1,0
03:00:00,501209087,2,0,37,1,0
03:00:00,501209088,5,0,10,1,0
03:00:00,501209089,1,0,19,1,0
03:00:00,501209090,7,1,7,1,0
03:00:00,501209091,3,1,13,1,0
03:00:00,501209092,9,2,7,1,0
03:00:00,501209093,2,1,13,1,0
03:00:00,501209094,13,4,3,1,0
03:00:00,501209095,5,3,9,1,0
03:00:00,501209096,10,3,4,1,0
03:00:00,501209097,13,1,2,1,0
03:00:00,501209098,2,1,13,1,0
03:00:00,501209099,4,0,16,1,0
03:00:00,501209100,12,0,2,1,0
03:00:00,501209101,3,0,12,1,0
03:00:00,501209102,3,1,17,1,0
03:00:00,501209104,8,1,11,1,0
03:00:00,501209105,16,3,9,1,0
03:00:00,501209106,4,0,15,1,0
03:00:00,501211001,17,4,20,1,0
03:00:00,501211002,2,2,13,1,0
03:00:00,501211004,1,0,14,1,0
03:00:00,501211005,6,1,12,1,0
03:00:00,501211006,6,0,11,1,0
03:00:00,501211007,3,0,16,1,0
03:00:00,501211009,9,1,9,1,0
03:00:00,501211011,19,3,11,1,0
03:00:00,501211012,9,0,9,1,0
03:10:00,501201001,0,0,0,2,0
03:10:00,501201002,12,1,28,1,0
03:10:00,501201003,3,0,20,1,0
03:10:00,501201004,11,2,4,1,0
03:10:00,501201005,5,2,14,1,0
03:10:00,501201006,2,1,26,1,0
03:10:00,501201007,5,0,14,1,0
03:10:00,501201008,5,0,20,1,0
03:10:00,501201010,5,1,5,1,0
03:10:00,501201011,13,0,9,1,0
03:10:00,501201012,11,0,29,1,0
03:10:00,501201013,2,0,20,1,0
03:10:00,501201014,12,0,7,1,0
03:10:00,501201015,11,1,14,1,0
03:10:00,501201016,9,1,16,1,0
03:10:00,501201017,12,0,15,1,0
03:10:00,501201018,3,0,21,1,0
03:10:00,501201019,3,1,25,1,0
03:10:00,501201020,6,0,18,1,0
03:10:00,501201021,3,0,12,1,0
03:10:00,501201022,6,0,10,1,0
03:10:00,501201023,6,0,22,1,0
03:10:00,501201024,3,0,20,1,0
03:10:00,501201025,8,0,16,1,0
03:10:00,501201026,13,2,6,1,0
03:10:00,501201028,7,1,13,1,0
03:10:00,501201029,2,0,11,1,0
03:10:00,501201030,7,1,8,1,0
03:10:00,501201031,11,0,6,1,0
03:10:00,501202001,3,0,11,1,0
03:10:00,501202003,9,0,31,1,0
03:10:00,501202013,2,0,15,1,0
03:10:00,501202023,14,1,1,1,0
03:10:00,501202024,2,0,13,1,0
03:10:00,501202034,11,2,5,1,0
03:10:00,501202035,18,1,12,1,0
03:10:00,501202036,13,0,26,1,0
03:10:00,501202040,4,1,41,1,0
03:10:00,501202043,3,0,22,1,0
03:10:00,501202044,0,0,0,2,0
03:10:00,501202047,4,0,18,1,0
03:10:00,501202050,9,1,7,1,0
03:10:00,501202055,6,0,9,1,0
03:10:00,501202058,8,0,7,1,0
03:10:00,501202065,9,2,6,1,0
03:10:00,501202068,10,0,8,1,0
03:10:00,501202070,2,0,14,1,0
03:10:00,501202078,5,3,20,1,0
03:10:00,501202080,12,0,14,1,0
03:10:00,501202081,19,1,4,1,0
03:10:00,501202082,7,1,16,1,0
03:10:00,501202083,4,0,20,1,0
03:10:00,501202084,2,2,21,1,0
03:10:00,501202085,15,0,20,1,0
03:10:00,501202088,8,2,22,1,0
03:10:00,501202089,2,0,27,1,0
03:10:00,501202096,8,1,5,1,0
03:10:00,501203001,2,0,18,1,0
03:10:00,501203002,4,2,18,1,0
03:10:00,501203003,2,0,92,1,0
03:10:00,501203005,7,0,13,1,0
03:10:00,501203006,1,0,14,1,0
03:10:00,501203007,11,0,4,1,0
03:10:00,501203008,14,1,2,1,0
03:10:00,501203010,16,5,17,1,0
03:10:00,501203011,20,3,16,1,0
03:10:00,501203012,6,0,11,1,0
03:10:00,501203013,2,0,22,1,0
03:10:00,501203015,12,2,0,1,0
03:10:00,501203020,14,0,6,1,0
03:10:00,501203022,4,0,15,1,0
03:10:00,501203023,2,1,16,1,0
03:10:00,501203028,19,0,6,1,0
03:10:00,501203040,1,0,23,1,0
03:10:00,501203045,5,2,13,1,0
03:10:00,501203050,39,1,21,1,0
03:10:00,501203051,12,0,12,1,0
03:10:00,501203053,0,0,26,1,0
03:10:00,501203054,7,3,15,1,0
03:10:00,501203064,7,2,8,1,0
03:10:00,501203065,7,0,9,1,0
03:10:00,501203070,5,0,10,1,0
03:10:00,501203073,5,0,19,1,0
03:10:00,501203076,8,0,8,1,0
03:10:00,501203078,15,1,1,1,0
03:10:00,501203080,3,0,12,1,0
03:10:00,501203084,8,2,3,1,0
03:10:00,501203085,4,0,6,1,0
03:10:00,501203088,4,0,10,1,0
03:10:00,501203089,7,2,5,1,0
03:10:00,501203090,3,0,7,1,0
03:10:00,501203091,8,1,5,1,0
03:10:00,501203092,0,0,20,1,0
03:10:00,501203100,2,0,16,1,0
03:10:00,501203101,0,0,0,2,0
03:10:00,501203102,6,2,13,1,0
03:10:00,501203104,2,0,17,1,0
03:10:00,501203105,7,1,4,1,0
03:10:00,501203107,0,0,0,2,0
03:10:00,501203109,4,0,22,1,0
03:10:00,501203110,21,1,21,1,0
03:10:00,501203111,10,1,1,1,0
03:10:00,501203113,5,0,14,1,0
03:10:00,501203114,5,0,45,1,0
03:10:00,501203117,0,0,0,2,0
03:10:00,501203118,5,0,15,1,0
03:10:00,501203121,18,2,6,1,0
03:10:00,501203122,12,0,8,1,0
03:10:00,501203125,5,0,19,1,0
03:10:00,501203131,16,0,4,1,0
03:10:00,501203140,3,0,39,1,0
03:10:00,501203141,10,1,6,1,0
03:10:00,501203142,8,2,67,1,0
03:10:00,501203145,5,0,10,1,0
03:10:00,501203151,8,0,10,1,0
03:10:00,501203155,6,2,13,1,0
03:10:00,501203157,6,0,11,1,0
03:10:00,501203159,8,2,12,1,0
03:10:00,501203161,7,1,12,1,0
03:10:00,501203162,0,0,21,1,0
03:10:00,501203163,8,2,8,1,0
03:10:00,501204001,6,1,19,1,0
03:10:00,501204002,4,0,32,1,0
03:10:00,501204003,15,0,29,1,0
03:10:00,501204004,5,0,9,1,0
03:10:00,501204005,12,1,7,1,0
03:10:00,501204007,6,0,30,1,0
03:10:00,501204008,4,0,11,1,0
03:10:00,501204009,0,0,0,2,0
03:10:00,501204010,0,0,0,2,0
03:10:00,501204011,10,1,5,1,0
03:10:00,501204012,9,3,5,1,0
03:10:00,501204013,12,3,3,1,0
03:10:00,501204014,6,1,10,1,0
03:10:00,501204015,10,0,5,1,0
03:10:00,501204016,8,2,12,1,0
03:10:00,501204017,5,0,10,1,0
03:10:00,501204018,11,1,13,1,0
03:10:00,501204020,7,3,13,1,0
03:10:00,501204021,6,0,14,1,0
03:10:00,501204022,3,0,13,1,0
03:10:00,501204023,13,1,2,1,0
03:10:00,501204024,0,0,0,2,0
03:10:00,501204025,9,0,11,1,0
03:10:00,501205001,4,0,13,1,0
03:10:00,501205003,3,0,16,1,0
03:10:00,501205004,13,1,3,1,0
03:10:00,501205005,4,0,18,1,0
03:10:00,501205006,14,1,6,1,0
03:10:00,501205007,7,2,5,1,0
03:10:00,501205008,11,1,15,1,0
03:10:00,501205009,9,0,34,1,0
03:10:00,501205010,5,0,9,1,0
03:10:00,501205011,4,0,28,1,0
03:10:00,501205012,8,2,11,1,0
03:10:00,501205013,6,0,15,1,0
03:10:00,501205014,19,13,4,1,0
03:10:00,501205015,13,0,4,1,0
03:10:00,501205018,7,0,11,1,0
03:10:00,501205019,2,1,26,1,0
03:10:00,501205020,3,0,27,1,0
03:10:00,501205021,5,1,10,1,0
03:10:00,501205022,8,0,7,1,0
03:10:00,501205023,6,1,9,1,0
03:10:00,501205025,13,2,13,1,0
03:10:00,501205026,2,0,17,1,0
03:10:00,501205027,1,0,9,1,0
03:10:00,501205028,4,0,11,1,0
03:10:00,501205029,4,0,6,1,0
03:10:00,501205030,5,1,5,1,0
03:10:00,501205033,4,2,11,1,0
03:10:00,501205034,4,0,24,1,0
03:10:00,501205035,13,1,2,1,0
03:10:00,501205036,11,4,4,1,0
03:10:00,501205037,8,0,8,1,0
03:10:00,501205038,14,0,6,1,0
03:10:00,501205039,5,1,15,1,0
03:10:00,501205040,16,2,9,1,0
03:10:00,501205041,13,0,4,1,0
03:10:00,501205042,2,2,27,1,0
03:10:00,501208011,18,1,19,1,0
03:10:00,501208013,39,1,14,1,0
03:10:00,501208014,15,0,23,1,0
03:10:00,501208015,13,0,2,1,0
03:10:00,501208018,7,1,7,1,0
03:10:00,501208021,5,0,12,1,0
03:10:00,501208027,6,0,23,1,0
03:10:00,501208029,13,3,9,1,0
03:10:00,501208030,30,2,8,1,0
03:10:00,501208032,4,1,24,1,0
03:10:00,501208040,2,1,17,1,0
03:10:00,501208041,2,0,13,1,0
03:10:00,501208045,7,2,24,1,0
03:10:00,501208051,2,0,34,1,0
03:10:00,501208053,16,0,5,1,0
03:10:00,501208054,5,0,23,1,0
03:10:00,501208059,1,0,24,1,0
03:10:00,501208064,1,0,19,1,0
03:10:00,501208077,7,5,3,1,0
03:10:00,501208079,2,0,19,1,0
03:10:00,501208082,6,1,4,1,0
03:10:00,501208085,14,4,2,1,0
03:10:00,501208087,4,0,26,1,0
03:10:00,501208089,16,1,9,1,0
03:10:00,501208091,1,1,42,1,0
03:10:00,501208111,7,0,8,1,0
03:10:00,501208113,1,1,19,1,0
03:10:00,501208114,4,1,16,1,0
03:10:00,501208129,1,0,22,1,0
03:10:00,501208130,1,0,14,1,0
03:10:00,501209002,10,2,10,1,0
03:10:00,501209003,3,0,11,1,0
03:10:00,501209004,10,0,5,1,0
03:10:00,501209005,2,1,16,1,0
03:10:00,501209006,4,0,14,1,0
03:10:00,501209007,11,1,4,1,0
03:10:00,501209009,0,0,0,2,0
03:10:00,501209010,7,3,7,1,0
03:10:00,501209011,3,0,22,1,0
03:10:00,501209014,7,0,5,1,0
03:10:00,501209015,9,2,6,1,0
03:10:00,501209016,1,1,28,1,0
03:10:00,501209017,8,1,4,1,0
03:10:00,501209018,1,0,16,1,0
03:10:00,501209019,1,0,23,1,0
03:10:00,501209020,2,0,30,1,0
03:10:00,501209021,10,3,4,1,0
03:10:00,501209022,6,0,4,1,0
03:10:00,501209023,17,0,25,1,0
03:10:00,501209024,7,0,35,1,0
03:10:00,501209025,9,1,6,1,0
03:10:00,501209026,19,2,7,1,0
03:10:00,501209027,4,0,15,1,0
03:10:00,501209028,7,0,21,1,0
03:10:00,501209030,17,0,1,1,0
03:10:00,501209031,4,0,26,1,0
03:10:00,501209032,6,0,22,1,0
03:10:00,501209033,4,1,16,1,0
03:10:00,501209034,6,2,9,1,0
03:10:00,501209035,3,0,25,1,0
03:10:00,501209036,3,0,27,1,0
03:10:00,501209037,14,1,22,1,0
03:10:00,501209038,10,1,6,1,0
03:10:00,501209039,5,0,25,1,0
03:10:00,501209040,2,0,28,1,0
03:10:00,501209042,15,0,5,1,0
03:10:00,501209043,18,1,7,1,0
03:10:00,501209044,10,1,5,1,0
03:10:00,501209045,7,0,9,1,0
03:10:00,501209046,10,0,12,1,0
03:10:00,501209047,7,0,7,1,0
03:10:00,501209049,5,1,15,1,0
03:10:00,501209050,5,0,7,1,0
03:10:00,501209051,2,0,22,1,0
03:10:00,501209052,2,0,19,1,0
03:10:00,501209053,2,1,18,1,0
03:10:00,501209054,4,0,23,1,0
03:10:00,501209056,7,0,8,1,0
03:10:00,501209058,9,1,6,1,0
03:10:00,501209059,3,0,12,1,0
03:10:00,501209060,8,1,12,1,0
03:10:00,501209062,6,0,9,1,0
03:10:00,501209064,8,4,7,1,0
03:10:00,501209065,6,0,7,1,0
03:10:00,501209066,8,0,6,1,0
03:10:00,501209067,9,1,6,1,0
03:10:00,501209068,1,0,16,1,0
03:10:00,501209069,6,0,57,1,0
03:10:00,501209070,5,2,12,1,0
03:10:00,501209071,1,0,16,1,0
03:10:00,501209073,9,4,6,1,0
03:10:00,501209074,12,0,11,1,0
03:10:00,501209075,9,2,7,1,0
03:10:00,501209076,3,0,20,1,0
03:10:00,501209077,8,2,7,1,0
03:10:00,501209078,10,4,3,1,0
03:10:00,501209079,17,1,8,1,0
03:10:00,501209080,7,0,20,1,0
03:10:00,501209081,7,1,8,1,0
03:10:00,501209084,4,0,19,1,0
03:10:00,501209085,7,2,20,1,0
03:10:00,501209087,2,0,37,1,0
03:10:00,501209088,5,0,10,1,0
03:10:00,501209089,1,0,19,1,0
03:10:00,501209090,7,1,7,1,0
03:10:00,501209091,3,1,13,1,0
03:10:00,501209092,9,2,7,1,0
03:10:00,501209093,2,1,13,1,0
03:10:00,501209094,13,4,3,1,0
03:10:00,501209095,5,3,9,1,0
03:10:00,501209096,10,3,4,1,0
03:10:00,501209097,13,1,2,1,0
03:10:00,501209098,2,1,13,1,0
03:10:00,501209099,4,0,16,1,0
03:10:00,501209100,12,0,2,1,0
03:10:00,501209101,3,0,12,1,0
03:10:00,501209102,3,1,17,1,0
03:10:00,501209104,8,1,11,1,0
03:10:00,501209105,16,3,9,1,0
03:10:00,501209106,4,0,15,1,0
03:10:00,501211001,17,4,20,1,0
03:10:00,501211002,2,2,13,1,0
03:10:00,501211004,1,0,14,1,0
03:10:00,501211005,6,1,12,1,0
03:10:00,501211006,6,0,11,1,0
03:10:00,501211007,3,0,16,1,0
03:10:00,501211009,9,1,9,1,0
03:10:00,501211011,19,3,11,1,0
03:10:00,501211012,9,0,9,1,0
03:20:00,501201001,0,0,0,2,0
03:20:00,501201002,12,1,28,1,0
03:20:00,501201003,3,0,20,1,0
03:20:00,501201004,11,2,4,1,0
03:20:00,501201005,4,1,15,1,0
03:20:00,501201006,4,1,24,1,0
03:20:00,501201007,5,0,14,1,0
03:20:00,501201008,5,0,20,1,0
03:20:00,501201010,5,1,5,1,0
03:20:00,501201011,13,0,9,1,0
03:20:00,501201012,11,0,29,1,0
03:20:00,501201013,2,0,20,1,0
03:20:00,501201014,12,0,7,1,0
03:20:00,501201015,11,1,14,1,0
03:20:00,501201016,10,2,15,1,0
03:20:00,501201017,12,0,15,1,0
03:20:00,501201018,3,0,21,1,0
03:20:00,501201019,3,1,25,1,0
03:20:00,501201020,6,0,18,1,0
03:20:00,501201021,3,0,12,1,0
03:20:00,501201022,6,0,10,1,0
03:20:00,501201023,6,0,22,1,0
03:20:00,501201024,3,0,20,1,0
03:20:00,501201025,8,0,16,1,0
03:20:00,501201026,13,2,6,1,0
03:20:00,501201028,7,1,13,1,0
03:20:00,501201029,2,0,11,1,0
03:20:00,501201030,7,1,8,1,0
03:20:00,501201031,11,0,6,1,0
03:20:00,501202001,3,0,11,1,0
03:20:00,501202003,9,0,31,1,0
03:20:00,501202013,2,0,15,1,0
03:20:00,501202023,14,1,1,1,0
03:20:00,501202024,2,0,13,1,0
03:20:00,501202034,10,1,6,1,0
03:20:00,501202035,18,1,12,1,0
03:20:00,501202036,13,0,26,1,0
03:20:00,501202040,4,1,41,1,0
03:20:00,501202043,3,0,22,1,0
03:20:00,501202044,0,0,0,2,0
03:20:00,501202047,4,0,18,1,0
03:20:00,501202050,9,1,7,1,0
03:20:00,501202055,6,0,9,1,0
03:20:00,501202058,8,0,7,1,0
03:20:00,501202065,9,2,6,1,0
03:20:00,501202068,10,0,8,1,0
03:20:00,501202070,2,0,14,1,0
03:20:00,501202078,5,3,20,1,0
03:20:00,501202080,12,0,14,1,0
03:20:00,501202081,19,1,4,1,0
03:20:00,501202082,7,1,16,1,0
03:20:00,501202083,4,0,20,1,0
03:20:00,501202084,2,2,21,1,0
03:20:00,501202085,15,0,20,1,0
03:20:00,501202088,10,4,20,1,0
03:20:00,501202089,2,0,27,1,0
03:20:00,501202096,8,1,5,1,0
03:20:00,501203001,2,0,18,1,0
03:20:00,501203002,4,2,18,1,0
03:20:00,501203003,2,0,92,1,0
03:20:00,501203005,7,0,13,1,0
03:20:00,501203006,1,0,14,1,0
03:20:00,501203007,11,0,4,1,0
03:20:00,501203008,14,1,2,1,0
03:20:00,501203010,16,5,17,1,0
03:20:00,501203011,20,3,16,1,0
03:20:00,501203012,6,0,11,1,0
03:20:00,501203013,2,0,22,1,0
03:20:00,501203015,12,2,0,1,0
03:20:00,501203020,14,0,6,1,0
03:20:00,501203022,4,0,15,1,0
03:20:00,501203023,2,1,16,1,0
03:20:00,501203028,19,0,6,1,0
03:20:00,501203040,1,0,23,1,0
03:20:00,501203045,5,2,13,1,0
03:20:00,501203050,39,1,21,1,0
03:20:00,501203051,12,0,12,1,0
03:20:00,501203053,0,0,26,1,0
03:20:00,501203054,7,3,15,1,0
03:20:00,501203064,7,2,8,1,0
03:20:00,501203065,7,0,9,1,0
03:20:00,501203070,5,0,10,1,0
03:20:00,501203073,5,0,19,1,0
03:20:00,501203076,8,0,8,1,0
03:20:00,501203078,15,1,1,1,0
03:20:00,501203080,3,0,12,1,0
03:20:00,501203084,8,2,3,1,0
03:20:00,501203085,4,0,6,1,0
03:20:00,501203088,4,0,10,1,0
03:20:00,501203089,7,2,5,1,0
03:20:00,501203090,3,0,7,1,0
03:20:00,501203091,8,1,5,1,0
03:20:00,501203092,0,0,20,1,0
03:20:00,501203100,2,0,16,1,0
03:20:00,501203101,0,0,0,2,0
03:20:00,501203102,6,2,13,1,0
03:20:00,501203104,2,0,17,1,0
03:20:00,501203105,7,1,4,1,0
03:20:00,501203107,0,0,0,2,0
03:20:00,501203109,4,0,22,1,0
03:20:00,501203110,21,1,21,1,0
03:20:00,501203111,10,1,1,1,0
03:20:00,501203113,5,0,14,1,0
03:20:00,501203114,6,0,44,1,0
03:20:00,501203117,0,0,0,2,0
03:20:00,501203118,5,0,15,1,0
03:20:00,501203121,18,2,6,1,0
03:20:00,501203122,12,0,8,1,0
03:20:00,501203125,5,0,19,1,0
03:20:00,501203131,16,0,4,1,0
03:20:00,501203140,3,0,39,1,0
03:20:00,501203141,10,1,6,1,0
03:20:00,501203142,7,2,68,1,0
03:20:00,501203145,5,0,10,1,0
03:20:00,501203151,8,0,10,1,0
03:20:00,501203155,6,2,13,1,0
03:20:00,501203157,6,0,11,1,0
03:20:00,501203159,8,2,12,1,0
03:20:00,501203161,7,1,12,1,0
03:20:00,501203162,0,0,21,1,0
03:20:00,501203163,8,2,8,1,0
03:20:00,501204001,6,1,19,1,0
03:20:00,501204002,4,0,32,1,0
03:20:00,501204003,15,0,29,1,0
03:20:00,501204004,5,0,9,1,0
03:20:00,501204005,12,1,7,1,0
03:20:00,501204007,6,0,30,1,0
03:20:00,501204008,4,0,11,1,0
03:20:00,501204009,0,0,0,2,0
03:20:00,501204010,0,0,0,2,0
03:20:00,501204011,10,1,5,1,0
03:20:00,501204012,8,2,6,1,0
03:20:00,501204013,12,3,3,1,0
03:20:00,501204014,6,1,10,1,0
03:20:00,501204015,10,0,5,1,0
03:20:00,501204016,8,2,12,1,0
03:20:00,501204017,5,0,10,1,0
03:20:00,501204018,11,1,13,1,0
03:20:00,501204020,7,3,13,1,0
03:20:00,501204021,6,0,14,1,0
03:20:00,501204022,3,0,13,1,0
03:20:00,501204023,13,1,2,1,0
03:20:00,501204024,0,0,0,2,0
03:20:00,501204025,9,0,11,1,0
03:20:00,501205001,4,0,13,1,0
03:20:00,501205003,3,0,16,1,0
03:20:00,501205004,13,1,3,1,0
03:20:00,501205005,4,0,18,1,0
03:20:00,501205006,14,1,6,1,0
03:20:00,501205007,7,2,5,1,0
03:20:00,501205008,11,1,15,1,0
03:20:00,501205009,9,0,34,1,0
03:20:00,501205010,5,0,9,1,0
03:20:00,501205011,4,0,28,1,0
03:20:00,501205012,8,2,11,1,0
03:20:00,501205013,6,0,15,1,0
03:20:00,501205014,19,13,4,1,0
03:20:00,501205015,13,0,4,1,0
03:20:00,501205018,7,0,11,1,0
03:20:00,501205019,2,1,26,1,0
03:20:00,501205020,3,0,27,1,0
03:20:00,501205021,5,1,10,1,0
03:20:00,501205022,8,0,7,1,0
03:20:00,501205023,6,1,9,1,0
03:20:00,501205025,13,2,13,1,0
03:20:00,501205026,2,0,17,1,0
03:20:00,501205027,1,0,9,1,0
03:20:00,501205028,4,0,11,1,0
03:20:00,501205029,4,0,6,1,0
03:20:00,501205030,5,1,5,1,0
03:20:00,501205033,4,2,11,1,0
03:20:00,501205034,4,0,24,1,0
03:20:00,501205035,7,1,8,1,0
03:20:00,501205036,11,4,4,1,0
03:20:00,501205037,8,0,8,1,0
03:20:00,501205038,14,0,6,1,0
03:20:00,501205039,5,1,15,1,0
03:20:00,501205040,15,1,10,1,0
03:20:00,501205041,13,0,4,1,0
03:20:00,501205042,2,2,27,1,0
03:20:00,501208011,18,1,19,1,0
03:20:00,501208013,39,1,14,1,0
03:20:00,501208014,15,0,23,1,0
03:20:00,501208015,13,0,2,1,0
03:20:00,501208018,7,1,7,1,0
03:20:00,501208021,5,0,12,1,0
03:20:00,501208027,6,0,23,1,0
03:20:00,501208029,13,3,9,1,0
03:20:00,501208030,30,2,8,1,0
03:20:00,501208032,4,1,24,1,0
03:20:00,501208040,2,1,17,1,0
03:20:00,501208041,2,0,13,1,0
03:20:00,501208045,7,2,24,1,0
03:20:00,501208051,2,0,34,1,0
03:20:00,501208053,16,0,5,1,0
03:20:00,501208054,5,0,23,1,0
03:20:00,501208059,1,0,24,1,0
03:20:00,501208064,1,0,19,1,0
03:20:00,501208077,7,5,3,1,0
03:20:00,501208079,2,0,19,1,0
03:20:00,501208082,6,1,4,1,0
03:20:00,501208085,14,4,2,1,0
03:20:00,501208087,4,0,26,1,0
03:20:00,501208089,16,1,9,1,0
03:20:00,501208091,1,1,42,1,0
03:20:00,501208111,7,0,8,1,0
03:20:00,501208113,1,1,19,1,0
03:20:00,501208114,4,1,16,1,0
03:20:00,501208129,1,0,22,1,0
03:20:00,501208130,1,0,14,1,0
03:20:00,501209002,10,2,10,1,0
03:20:00,501209003,3,0,11,1,0
03:20:00,501209004,10,0,5,1,0
03:20:00,501209005,2,1,16,1,0
03:20:00,501209006,4,0,14,1,0
03:20:00,501209007,11,1,4,1,0
03:20:00,501209009,0,0,0,2,0
03:20:00,501209010,7,3,7,1,0
03:20:00,501209011,3,0,22,1,0
03:20:00,501209014,7,0,5,1,0
03:20:00,501209015,9,2,6,1,0
03:20:00,501209016,1,1,28,1,0
03:20:00,501209017,8,1,4,1,0
03:20:00,501209018,1,0,16,1,0
03:20:00,501209019,1,0,23,1,0
03:20:00,501209020,2,0,30,1,0
03:20:00,501209021,10,3,4,1,0
03:20:00,501209022,6,0,4,1,0
03:20:00,501209023,17,0,25,1,0
03:20:00,501209024,7,0,35,1,0
03:20:00,501209025,9,1,6,1,0
03:20:00,501209026,19,2,7,1,0
03:20:00,501209027,4,0,15,1,0
03:20:00,501209028,7,0,21,1,0
03:20:00,501209030,17,0,1,1,0
03:20:00,501209031,4,0,26,1,0
03:20:00,501209032,6,0,22,1,0
03:20:00,501209033,4,1,16,1,0
03:20:00,501209034,6,2,9,1,0
03:20:00,501209035,3,0,25,1,0
03:20:00,501209036,3,0,27,1,0
03:20:00,501209037,14,1,22,1,0
03:20:00,501209038,10,1,6,1,0
03:20:00,501209039,5,0,25,1,0
03:20:00,501209040,2,0,28,1,0
03:20:00,501209042,15,0,5,1,0
03:20:00,501209043,18,1,7,1,0
03:20:00,501209044,10,1,5,1,0
03:20:00,501209045,7,0,9,1,0
03:20:00,501209046,10,0,12,1,0
03:20:00,501209047,7,0,7,1,0
03:20:00,501209049,5,1,15,1,0
03:20:00,501209050,6,1,7,1,0
03:20:00,501209051,2,0,22,1,0
03:20:00,501209052,2,0,19,1,0
03:20:00,501209053,2,1,18,1,0
03:20:00,501209054,4,0,23,1,0
03:20:00,501209056,7,0,8,1,0
03:20:00,501209058,9,1,6,1,0
03:20:00,501209059,3,0,12,1,0
03:20:00,501209060,8,1,12,1,0
03:20:00,501209062,6,0,9,1,0
03:20:00,501209064,8,4,7,1,0
03:20:00,501209065,7,1,6,1,0
03:20:00,501209066,8,0,6,1,0
03:20:00,501209067,9,1,6,1,0
03:20:00,501209068,1,0,16,1,0
03:20:00,501209069,6,0,57,1,0
03:20:00,501209070,5,2,12,1,0
03:20:00,501209071,1,0,16,1,0
03:20:00,501209073,9,4,6,1,0
03:20:00,501209074,12,0,11,1,0
03:20:00,501209075,9,2,7,1,0
03:20:00,501209076,3,0,20,1,0
03:20:00,501209077,8,2,7,1,0
03:20:00,501209078,10,4,3,1,0
03:20:00,501209079,17,1,8,1,0
03:20:00,501209080,7,0,20,1,0
03:20:00,501209081,7,1,8,1,0
03:20:00,501209084,4,0,19,1,0
03:20:00,501209085,7,2,20,1,0
03:20:00,501209087,2,0,37,1,0
03:20:00,501209088,5,0,10,1,0
03:20:00,501209089,1,0,19,1,0
03:20:00,501209090,7,1,7,1,0
03:20:00,501209091,3,1,13,1,0
03:20:00,501209092,9,2,7,1,0
03:20:00,501209093,2,1,13,1,0
03:20:00,501209094,13,4,3,1,0
03:20:00,501209095,5,3,9,1,0
03:20:00,501209096,10,3,4,1,0
03:20:00,501209097,13,1,2,1,0
03:20:00,501209098,2,1,13,1,0
03:20:00,501209099,4,0,16,1,0
03:20:00,501209100,12,0,2,1,0
03:20:00,501209101,3,0,12,1,0
03:20:00,501209102,3,1,17,1,0
03:20:00,501209104,8,1,11,1,0
03:20:00,501209105,16,3,9,1,0
03:20:00,501209106,4,0,15,1,0
03:20:00,501211001,17,4,20,1,0
03:20:00,501211002,2,2,13,1,0
03:20:00,501211004,1,0,14,1,0
03:20:00,501211005,6,1,12,1,0
03:20:00,501211006,6,0,11,1,0
03:20:00,501211007,3,0,16,1,0
03:20:00,501211009,9,1,9,1,0
03:20:00,501211011,19,3,11,1,0
03:20:00,501211012,9,0,9,1,0
03:30:01,501201001,0,0,0,2,0
03:30:01,501201002,12,1,28,1,0
03:30:01,501201003,3,0,20,1,0
03:30:01,501201004,11,2,4,1,0
03:30:01,501201005,4,1,15,1,0
03:30:01,501201006,4,1,24,1,0
03:30:01,501201007,5,0,14,1,0
03:30:01,501201008,5,0,20,1,0
03:30:01,501201010,5,1,5,1,0
03:30:01,501201011,13,0,9,1,0
03:30:01,501201012,11,0,29,1,0
03:30:01,501201013,2,0,20,1,0
03:30:01,501201014,11,0,8,1,0
03:30:01,501201015,11,1,14,1,0
03:30:01,501201016,9,1,16,1,0
03:30:01,501201017,13,0,14,1,0
03:30:01,501201018,3,0,21,1,0
03:30:01,501201019,3,1,25,1,0
03:30:01,501201020,6,0,18,1,0
03:30:01,501201021,3,0,12,1,0
03:30:01,501201022,6,0,10,1,0
03:30:01,501201023,6,0,22,1,0
03:30:01,501201024,3,0,20,1,0
03:30:01,501201025,8,0,16,1,0
03:30:01,501201026,13,2,6,1,0
03:30:01,501201028,7,1,13,1,0
03:30:01,501201029,2,0,11,1,0
03:30:01,501201030,7,1,8,1,0
03:30:01,501201031,11,0,6,1,0
03:30:01,501202001,3,0,11,1,0
03:30:01,501202003,9,0,31,1,0
03:30:01,501202013,2,0,15,1,0
03:30:01,501202023,14,1,1,1,0
03:30:01,501202024,2,0,13,1,0
03:30:01,501202034,10,1,6,1,0
03:30:01,501202035,18,1,12,1,0
03:30:01,501202036,13,0,26,1,0
03:30:01,501202040,4,1,41,1,0
03:30:01,501202043,3,0,22,1,0
03:30:01,501202044,0,0,0,2,0
03:30:01,501202047,4,0,18,1,0
03:30:01,501202050,9,1,7,1,0
03:30:01,501202055,6,0,9,1,0
03:30:01,501202058,8,0,7,1,0
03:30:01,501202065,9,2,6,1,0
03:30:01,501202068,10,0,8,1,0
03:30:01,501202070,2,0,14,1,0
03:30:01,501202078,5,3,20,1,0
03:30:01,501202080,12,0,14,1,0
03:30:01,501202081,19,1,4,1,0
03:30:01,501202082,7,1,16,1,0
03:30:01,501202083,4,0,20,1,0
03:30:01,501202084,2,2,21,1,0
03:30:01,501202085,15,0,20,1,0
03:30:01,501202088,8,2,22,1,0
03:30:01,501202089,2,0,27,1,0
03:30:01,501202096,8,1,5,1,0
03:30:01,501203001,2,0,18,1,0
03:30:01,501203002,4,2,18,1,0
03:30:01,501203003,2,0,92,1,0
03:30:01,501203005,7,0,13,1,0
03:30:01,501203006,1,0,14,1,0
03:30:01,501203007,11,0,4,1,0
03:30:01,501203008,14,1,2,1,0
03:30:01,501203010,16,5,17,1,0
03:30:01,501203011,20,3,16,1,0
03:30:01,501203012,6,0,11,1,0
03:30:01,501203013,10,0,14,1,0
03:30:01,501203015,12,2,0,1,0
03:30:01,501203020,14,0,6,1,0
03:30:01,501203022,4,0,15,1,0
03:30:01,501203023,2,1,16,1,0
03:30:01,501203028,19,0,6,1,0
03:30:01,501203040,1,0,23,1,0
03:30:01,501203045,5,2,13,1,0
03:30:01,501203050,39,1,21,1,0
03:30:01,501203051,12,0,12,1,0
03:30:01,501203053,0,0,26,1,0
03:30:01,501203054,7,3,15,1,0
03:30:01,501203064,7,2,8,1,0
03:30:01,501203065,7,0,9,1,0
03:30:01,501203070,5,0,10,1,0
03:30:01,501203073,5,0,19,1,0
03:30:01,501203076,8,0,8,1,0
03:30:01,501203078,15,1,1,1,0
03:30:01,501203080,3,0,12,1,0
03:30:01,501203084,8,2,3,1,0
03:30:01,501203085,4,0,6,1,0
03:30:01,501203088,4,0,10,1,0
03:30:01,501203089,7,2,5,1,0
03:30:01,501203090,3,0,7,1,0
03:30:01,501203091,8,1,5,1,0
03:30:01,501203092,3,0,17,1,0
03:30:01,501203100,2,0,16,1,0
03:30:01,501203101,0,0,0,2,0
03:30:01,501203102,6,2,13,1,0
03:30:01,501203104,2,0,17,1,0
03:30:01,501203105,7,1,4,1,0
03:30:01,501203107,0,0,0,2,0
03:30:01,501203109,4,0,22,1,0
03:30:01,501203110,21,1,21,1,0
03:30:01,501203111,10,1,1,1,0
03:30:01,501203113,5,0,14,1,0
03:30:01,501203114,6,0,44,1,0
03:30:01,501203117,0,0,0,2,0
03:30:01,501203118,5,0,15,1,0
03:30:01,501203121,18,2,6,1,0
03:30:01,501203122,12,0,8,1,0
03:30:01,501203125,5,0,19,1,0
03:30:01,501203131,16,0,4,1,0
03:30:01,501203140,3,0,39,1,0
03:30:01,501203141,10,1,6,1,0
03:30:01,501203142,8,2,67,1,0
03:30:01,501203145,5,0,10,1,0
03:30:01,501203151,8,0,10,1,0
03:30:01,501203155,6,2,13,1,0
03:30:01,501203157,6,0,11,1,0
03:30:01,501203159,8,2,12,1,0
03:30:01,501203161,7,1,12,1,0
03:30:01,501203162,0,0,21,1,0
03:30:01,501203163,7,1,9,1,0
03:30:01,501204001,6,1,19,1,0
03:30:01,501204002,4,0,32,1,0
03:30:01,501204003,15,0,29,1,0
03:30:01,501204004,5,0,9,1,0
03:30:01,501204005,12,1,7,1,0
03:30:01,501204007,6,0,30,1,0
03:30:01,501204008,4,0,11,1,0
03:30:01,501204009,0,0,0,2,0
03:30:01,501204010,0,0,0,2,0
03:30:01,501204011,10,1,5,1,0
03:30:01,501204012,8,2,6,1,0
03:30:01,501204013,12,3,3,1,0
03:30:01,501204014,6,1,10,1,0
03:30:01,501204015,10,0,5,1,0
03:30:01,501204016,8,2,12,1,0
03:30:01,501204017,5,0,10,1,0
03:30:01,501204018,11,1,13,1,0
03:30:01,501204020,7,3,13,1,0
03:30:01,501204021,6,0,14,1,0
03:30:01,501204022,3,0,13,1,0
03:30:01,501204023,13,1,2,1,0
03:30:01,501204024,0,0,0,2,0
03:30:01,501204025,9,0,11,1,0
03:30:01,501205001,4,0,13,1,0
03:30:01,501205003,3,0,16,1,0
03:30:01,501205004,13,1,3,1,0
03:30:01,501205005,4,0,18,1,0
03:30:01,501205006,14,1,6,1,0
03:30:01,501205007,7,2,5,1,0
03:30:01,501205008,11,1,15,1,0
03:30:01,501205009,9,0,34,1,0
03:30:01,501205010,5,0,9,1,0
03:30:01,501205011,4,0,28,1,0
03:30:01,501205012,8,2,11,1,0
03:30:01,501205013,6,0,15,1,0
03:30:01,501205014,19,13,4,1,0
03:30:01,501205015,13,0,4,1,0
03:30:01,501205018,7,0,11,1,0
03:30:01,501205019,2,1,26,1,0
03:30:01,501205020,3,0,27,1,0
03:30:01,501205021,5,1,10,1,0
03:30:01,501205022,8,0,7,1,0
03:30:01,501205023,6,1,9,1,0
03:30:01,501205025,14,2,12,1,0
03:30:01,501205026,2,0,17,1,0
03:30:01,501205027,1,0,9,1,0
03:30:01,501205028,4,0,11,1,0
03:30:01,501205029,4,0,6,1,0
03:30:01,501205030,5,1,5,1,0
03:30:01,501205033,4,2,11,1,0
03:30:01,501205034,4,0,24,1,0
03:30:01,501205035,7,1,8,1,0
03:30:01,501205036,11,4,4,1,0
03:30:01,501205037,8,0,8,1,0
03:30:01,501205038,14,0,6,1,0
03:30:01,501205039,5,1,15,1,0
03:30:01,501205040,15,1,10,1,0
03:30:01,501205041,13,0,4,1,0
03:30:01,501205042,2,2,27,1,0
03:30:01,501208011,18,1,19,1,0
03:30:01,501208013,39,1,14,1,0
03:30:01,501208014,15,0,23,1,0
03:30:01,501208015,13,0,2,1,0
03:30:01,501208018,7,1,7,1,0
03:30:01,501208021,5,0,12,1,0
03:30:01,501208027,6,0,23,1,0
03:30:01,501208029,13,3,9,1,0
03:30:01,501208030,30,2,8,1,0
03:30:01,501208032,4,1,24,1,0
03:30:01,501208040,2,1,17,1,0
03:30:01,501208041,2,0,13,1,0
03:30:01,501208045,7,2,24,1,0
03:30:01,501208051,2,0,34,1,0
03:30:01,501208053,16,0,5,1,0
03:30:01,501208054,5,0,23,1,0
03:30:01,501208059,1,0,24,1,0
03:30:01,501208064,1,0,19,1,0
03:30:01,501208077,7,5,3,1,0
03:30:01,501208079,2,0,19,1,0
03:30:01,501208082,5,1,5,1,0
03:30:01,501208085,14,4,2,1,0
03:30:01,501208087,4,0,26,1,0
03:30:01,501208089,16,1,9,1,0
03:30:01,501208091,1,1,42,1,0
03:30:01,501208111,7,0,8,1,0
03:30:01,501208113,1,1,19,1,0
03:30:01,501208114,4,1,16,1,0
03:30:01,501208129,1,0,22,1,0
03:30:01,501208130,1,0,14,1,0
03:30:01,501209002,10,2,10,1,0
03:30:01,501209003,3,0,11,1,0
03:30:01,501209004,10,0,5,1,0
03:30:01,501209005,2,1,16,1,0
03:30:01,501209006,4,0,14,1,0
03:30:01,501209007,11,1,4,1,0
03:30:01,501209009,0,0,0,2,0
03:30:01,501209010,7,3,7,1,0
03:30:01,501209011,3,0,22,1,0
03:30:01,501209014,7,0,5,1,0
03:30:01,501209015,9,2,6,1,0
03:30:01,501209016,1,1,28,1,0
03:30:01,501209017,8,1,4,1,0
03:30:01,501209018,1,0,16,1,0
03:30:01,501209019,1,0,23,1,0
03:30:01,501209020,2,0,30,1,0
03:30:01,501209021,10,3,4,1,0
03:30:01,501209022,6,0,4,1,0
03:30:01,501209023,17,0,25,1,0
03:30:01,501209024,7,0,35,1,0
03:30:01,501209025,9,1,6,1,0
03:30:01,501209026,19,2,7,1,0
03:30:01,501209027,4,0,15,1,0
03:30:01,501209028,7,0,21,1,0
03:30:01,501209030,17,0,1,1,0
03:30:01,501209031,4,0,26,1,0
03:30:01,501209032,6,0,22,1,0
03:30:01,501209033,4,1,16,1,0
03:30:01,501209034,6,2,9,1,0
03:30:01,501209035,3,0,25,1,0
03:30:01,501209036,3,0,27,1,0
03:30:01,501209037,14,1,22,1,0
03:30:01,501209038,10,1,6,1,0
03:30:01,501209039,5,0,25,1,0
03:30:01,501209040,2,0,28,1,0
03:30:01,501209042,15,0,5,1,0
03:30:01,501209043,18,1,7,1,0
03:30:01,501209044,10,1,5,1,0
03:30:01,501209045,7,0,9,1,0
03:30:01,501209046,10,0,12,1,0
03:30:01,501209047,7,0,7,1,0
03:30:01,501209049,5,1,15,1,0
03:30:01,501209050,6,1,7,1,0
03:30:01,501209051,2,0,22,1,0
03:30:01,501209052,2,0,19,1,0
03:30:01,501209053,2,1,18,1,0
03:30:01,501209054,4,0,23,1,0
03:30:01,501209056,7,0,8,1,0
03:30:01,501209058,9,1,6,1,0
03:30:01,501209059,3,0,12,1,0
03:30:01,501209060,8,1,12,1,0
03:30:01,501209062,6,0,9,1,0
03:30:01,501209064,8,4,7,1,0
03:30:01,501209065,7,1,6,1,0
03:30:01,501209066,8,0,6,1,0
03:30:01,501209067,9,1,6,1,0
03:30:01,501209068,1,0,16,1,0
03:30:01,501209069,6,0,57,1,0
03:30:01,501209070,5,2,12,1,0
03:30:01,501209071,1,0,16,1,0
03:30:01,501209073,9,4,6,1,0
03:30:01,501209074,12,0,11,1,0
03:30:01,501209075,9,2,7,1,0
03:30:01,501209076,3,0,20,1,0
03:30:01,501209077,8,2,7,1,0
03:30:01,501209078,10,4,3,1,0
03:30:01,501209079,17,1,8,1,0
03:30:01,501209080,7,0,20,1,0
03:30:01,501209081,7,1,8,1,0
03:30:01,501209084,4,0,19,1,0
03:30:01,501209085,7,2,20,1,0
03:30:01,501209087,2,0,37,1,0
03:30:01,501209088,5,0,10,1,0
03:30:01,501209089,1,0,19,1,0
03:30:01,501209090,7,1,7,1,0
03:30:01,501209091,3,1,13,1,0
03:30:01,501209092,9,2,7,1,0
03:30:01,501209093,2,1,13,1,0
03:30:01,501209094,13,4,3,1,0
03:30:01,501209095,5,3,9,1,0
03:30:01,501209096,10,3,4,1,0
03:30:01,501209097,13,1,2,1,0
03:30:01,501209098,2,1,13,1,0
03:30:01,501209099,4,0,16,1,0
03:30:01,501209100,12,0,2,1,0
03:30:01,501209101,3,0,12,1,0
03:30:01,501209102,3,1,17,1,0
03:30:01,501209104,8,1,11,1,0
03:30:01,501209105,16,3,9,1,0
03:30:01,501209106,4,0,15,1,0
03:30:01,501211001,17,4,20,1,0
03:30:01,501211002,2,2,13,1,0
03:30:01,501211004,1,0,14,1,0
03:30:01,501211005,6,1,12,1,0
03:30:01,501211006,6,0,11,1,0
03:30:01,501211007,3,0,16,1,0
03:30:01,501211009,9,1,9,1,0
03:30:01,501211011,19,3,11,1,0
03:30:01,501211012,9,0,9,1,0
03:40:00,501201001,0,0,0,2,0
03:40:00,501201002,11,0,29,1,0
03:40:00,501201003,3,0,20,1,0
03:40:00,501201004,11,2,4,1,0
03:40:00,501201005,4,1,15,1,0
03:40:00,501201006,4,1,24,1,0
03:40:00,501201007,5,0,14,1,0
03:40:00,501201008,5,0,20,1,0
03:40:00,501201010,5,1,5,1,0
03:40:00,501201011,13,0,9,1,0
03:40:00,501201012,11,0,29,1,0
03:40:00,501201013,2,0,20,1,0
03:40:00,501201014,11,0,8,1,0
03:40:00,501201015,11,1,14,1,0
03:40:00,501201016,9,1,16,1,0
03:40:00,501201017,13,0,14,1,0
03:40:00,501201018,3,0,21,1,0
03:40:00,501201019,3,1,25,1,0
03:40:00,501201020,6,0,18,1,0
03:40:00,501201021,3,0,12,1,0
03:40:00,501201022,6,0,10,1,0
03:40:00,501201023,6,0,22,1,0
03:40:00,501201024,3,0,20,1,0
03:40:00,501201025,8,0,16,1,0
03:40:00,501201026,13,2,6,1,0
03:40:00,501201028,7,1,13,1,0
03:40:00,501201029,2,0,11,1,0
03:40:00,501201030,7,1,8,1,0
03:40:00,501201031,11,0,6,1,0
03:40:00,501202001,3,0,11,1,0
03:40:00,501202003,9,0,31,1,0
03:40:00,501202013,2,0,15,1,0
03:40:00,501202023,12,2,3,1,0
03:40:00,501202024,2,0,13,1,0
03:40:00,501202034,10,1,6,1,0
03:40:00,501202035,18,1,12,1,0
03:40:00,501202036,13,0,26,1,0
03:40:00,501202040,4,1,41,1,0
03:40:00,501202043,3,0,22,1,0
03:40:00,501202044,0,0,0,2,0
03:40:00,501202047,4,0,18,1,0
03:40:00,501202050,9,1,7,1,0
03:40:00,501202055,6,0,9,1,0
03:40:00,501202058,8,0,7,1,0
03:40:00,501202065,9,2,6,1,0
03:40:00,501202068,10,0,8,1,0
03:40:00,501202070,2,0,14,1,0
03:40:00,501202078,5,3,20,1,0
03:40:00,501202080,12,0,14,1,0
03:40:00,501202081,19,1,4,1,0
03:40:00,501202082,7,1,16,1,0
03:40:00,501202083,4,0,20,1,0
03:40:00,501202084,2,2,21,1,0
03:40:00,501202085,15,0,20,1,0
03:40:00,501202088,8,2,22,1,0
03:40:00,501202089,2,0,27,1,0
03:40:00,501202096,8,1,5,1,0
03:40:00,501203001,2,0,18,1,0
03:40:00,501203002,4,2,18,1,0
03:40:00,501203003,2,0,92,1,0
03:40:00,501203005,7,0,13,1,0
03:40:00,501203006,1,0,14,1,0
03:40:00,501203007,11,0,4,1,0
03:40:00,501203008,14,1,2,1,0
03:40:00,501203010,16,5,17,1,0
03:40:00,501203011,20,3,16,1,0
03:40:00,501203012,6,0,11,1,0
03:40:00,501203013,10,0,14,1,0
03:40:00,501203015,12,2,0,1,0
03:40:00,501203020,14,0,6,1,0
03:40:00,501203022,4,0,15,1,0
03:40:00,501203023,2,1,16,1,0
03:40:00,501203028,19,0,6,1,0
03:40:00,501203040,1,0,23,1,0
03:40:00,501203045,5,2,13,1,0
03:40:00,501203050,39,1,21,1,0
03:40:00,501203051,12,0,12,1,0
03:40:00,501203053,0,0,26,1,0
03:40:00,501203054,7,3,15,1,0
03:40:00,501203064,7,2,8,1,0
03:40:00,501203065,7,0,9,1,0
03:40:00,501203070,5,0,10,1,0
03:40:00,501203073,5,0,19,1,0
03:40:00,501203076,8,0,8,1,0
03:40:00,501203078,15,1,1,1,0
03:40:00,501203080,3,0,12,1,0
03:40:00,501203084,8,2,3,1,0
03:40:00,501203085,4,0,6,1,0
03:40:00,501203088,3,0,11,1,0
03:40:00,501203089,7,2,5,1,0
03:40:00,501203090,3,0,7,1,0
03:40:00,501203091,8,1,5,1,0
03:40:00,501203092,3,0,17,1,0
03:40:00,501203100,2,0,16,1,0
03:40:00,501203101,0,0,0,2,0
03:40:00,501203102,6,2,13,1,0
03:40:00,501203104,2,0,17,1,0
03:40:00,501203105,7,1,4,1,0
03:40:00,501203107,0,0,0,2,0
03:40:00,501203109,4,0,22,1,0
03:40:00,501203110,8,0,33,1,0
03:40:00,501203111,10,1,1,1,0
03:40:00,501203113,5,0,14,1,0
03:40:00,501203114,6,0,44,1,0
03:40:00,501203117,0,0,0,2,0
03:40:00,501203118,4,0,16,1,0
03:40:00,501203121,18,2,6,1,0
03:40:00,501203122,12,0,8,1,0
03:40:00,501203125,5,0,19,1,0
03:40:00,501203131,16,0,4,1,0
03:40:00,501203140,3,0,39,1,0
03:40:00,501203141,10,1,6,1,0
03:40:00,501203142,8,2,67,1,0
03:40:00,501203145,5,0,10,1,0
03:40:00,501203151,8,0,10,1,0
03:40:00,501203155,6,2,13,1,0
03:40:00,501203157,6,0,11,1,0
03:40:00,501203159,8,2,12,1,0
03:40:00,501203161,7,1,12,1,0
03:40:00,501203162,0,0,21,1,0
03:40:00,501203163,7,1,9,1,0
03:40:00,501204001,6,1,19,1,0
03:40:00,501204002,4,0,32,1,0
03:40:00,501204003,15,0,29,1,0
03:40:00,501204004,5,0,9,1,0
03:40:00,501204005,12,1,7,1,0
03:40:00,501204007,6,0,30,1,0
03:40:00,501204008,4,0,11,1,0
03:40:00,501204009,0,0,0,2,0
03:40:00,501204010,0,0,0,2,0
03:40:00,501204011,10,1,5,1,0
03:40:00,501204012,8,2,6,1,0
03:40:00,501204013,12,3,3,1,0
03:40:00,501204014,6,1,10,1,0
03:40:00,501204015,10,0,5,1,0
03:40:00,501204016,8,2,12,1,0
03:40:00,501204017,5,0,10,1,0
03:40:00,501204018,11,1,13,1,0
03:40:00,501204020,7,3,13,1,0
03:40:00,501204021,6,0,14,1,0
03:40:00,501204022,3,0,13,1,0
03:40:00,501204023,13,1,2,1,0
03:40:00,501204024,0,0,0,2,0
03:40:00,501204025,9,0,11,1,0
03:40:00,501205001,4,0,13,1,0
03:40:00,501205003,3,0,16,1,0
03:40:00,501205004,13,1,3,1,0
03:40:00,501205005,4,0,18,1,0
03:40:00,501205006,13,0,7,1,0
03:40:00,501205007,7,2,5,1,0
03:40:00,501205008,11,1,15,1,0
03:40:00,501205009,9,0,34,1,0
03:40:00,501205010,5,0,9,1,0
03:40:00,501205011,4,0,28,1,0
03:40:00,501205012,8,2,11,1,0
03:40:00,501205013,6,0,15,1,0
03:40:00,501205014,19,13,4,1,0
03:40:00,501205015,13,0,4,1,0
03:40:00,501205018,7,0,11,1,0
03:40:00,501205019,2,1,26,1,0
03:40:00,501205020,3,0,27,1,0
03:40:00,501205021,5,1,10,1,0
03:40:00,501205022,8,0,7,1,0
03:40:00,501205023,6,1,9,1,0
03:40:00,501205025,14,2,12,1,0
03:40:00,501205026,2,0,17,1,0
03:40:00,501205027,1,0,9,1,0
03:40:00,501205028,4,0,11,1,0
03:40:00,501205029,4,0,6,1,0
03:40:00,501205030,5,1,5,1,0
03:40:00,501205033,4,2,11,1,0
03:40:00,501205034,4,0,24,1,0
03:40:00,501205035,7,1,8,1,0
03:40:00,501205036,11,4,4,1,0
03:40:00,501205037,8,0,8,1,0
03:40:00,501205038,14,0,6,1,0
03:40:00,501205039,5,1,15,1,0
03:40:00,501205040,15,1,10,1,0
03:40:00,501205041,13,0,4,1,0
03:40:00,501205042,2,2,27,1,0
03:40:00,501208011,18,1,19,1,0
03:40:00,501208013,39,1,14,1,0
03:40:00,501208014,15,0,23,1,0
03:40:00,501208015,13,0,2,1,0
03:40:00,501208018,7,1,7,1,0
03:40:00,501208021,6,1,11,1,0
03:40:00,501208027,6,0,23,1,0
03:40:00,501208029,13,3,9,1,0
03:40:00,501208030,30,2,8,1,0
03:40:00,501208032,4,1,24,1,0
03:40:00,501208040,2,1,17,1,0
03:40:00,501208041,2,0,13,1,0
03:40:00,501208045,7,2,24,1,0
03:40:00,501208051,2,0,34,1,0
03:40:00,501208053,16,0,5,1,0
03:40:00,501208054,5,0,23,1,0
03:40:00,501208059,1,0,24,1,0
03:40:00,501208064,1,0,19,1,0
03:40:00,501208077,6,4,4,1,0
03:40:00,501208079,2,0,19,1,0
03:40:00,501208082,5,1,5,1,0
03:40:00,501208085,14,4,2,1,0
03:40:00,501208087,4,0,26,1,0
03:40:00,501208089,16,1,9,1,0
03:40:00,501208091,1,1,42,1,0
03:40:00,501208111,7,0,8,1,0
03:40:00,501208113,1,1,19,1,0
03:40:00,501208114,4,1,16,1,0
03:40:00,501208129,1,0,22,1,0
03:40:00,501208130,1,0,14,1,0
03:40:00,501209002,10,2,10,1,0
03:40:00,501209003,3,0,11,1,0
03:40:00,501209004,10,0,5,1,0
03:40:00,501209005,2,1,16,1,0
03:40:00,501209006,5,1,14,1,0
03:40:00,501209007,11,1,4,1,0
03:40:00,501209009,0,0,0,2,0
03:40:00,501209010,7,3,7,1,0
03:40:00,501209011,3,0,22,1,0
03:40:00,501209014,7,0,5,1,0
03:40:00,501209015,9,2,6,1,0
03:40:00,501209016,1,1,28,1,0
03:40:00,501209017,8,1,4,1,0
03:40:00,501209018,1,0,16,1,0
03:40:00,501209019,1,0,23,1,0
03:40:00,501209020,2,0,30,1,0
03:40:00,501209021,10,3,4,1,0
03:40:00,501209022,6,0,4,1,0
03:40:00,501209023,17,0,25,1,0
03:40:00,501209024,7,0,35,1,0
03:40:00,501209025,9,1,6,1,0
03:40:00,501209026,19,2,7,1,0
03:40:00,501209027,4,0,15,1,0
03:40:00,501209028,7,0,21,1,0
03:40:00,501209030,17,0,1,1,0
03:40:00,501209031,4,0,26,1,0
03:40:00,501209032,6,0,22,1,0
03:40:00,501209033,4,1,16,1,0
03:40:00,501209034,6,2,9,1,0
03:40:00,501209035,3,0,25,1,0
03:40:00,501209036,3,0,27,1,0
03:40:00,501209037,14,1,22,1,0
03:40:00,501209038,10,1,6,1,0
03:40:00,501209039,5,0,25,1,0
03:40:00,501209040,2,0,28,1,0
03:40:00,501209042,15,0,5,1,0
03:40:00,501209043,18,1,7,1,0
03:40:00,501209044,10,1,5,1,0
03:40:00,501209045,7,0,9,1,0
03:40:00,501209046,11,0,11,1,0
03:40:00,501209047,7,0,7,1,0
03:40:00,501209049,5,1,15,1,0
03:40:00,501209050,6,1,7,1,0
03:40:00,501209051,2,0,22,1,0
03:40:00,501209052,2,0,19,1,0
03:40:00,501209053,2,1,18,1,0
03:40:00,501209054,4,0,23,1,0
03:40:00,501209056,7,0,8,1,0
03:40:00,501209058,9,1,6,1,0
03:40:00,501209059,3,0,12,1,0
03:40:00,501209060,8,1,12,1,0
03:40:00,501209062,6,0,9,1,0
03:40:00,501209064,8,4,7,1,0
03:40:00,501209065,7,1,6,1,0
03:40:00,501209066,8,0,6,1,0
03:40:00,501209067,9,1,6,1,0
03:40:00,501209068,1,0,16,1,0
03:40:00,501209069,6,0,57,1,0
03:40:00,501209070,5,2,12,1,0
03:40:00,501209071,1,0,16,1,0
03:40:00,501209073,9,4,6,1,0
03:40:00,501209074,12,0,11,1,0
03:40:00,501209075,9,2,7,1,0
03:40:00,501209076,3,0,20,1,0
03:40:00,501209077,8,2,7,1,0
03:40:00,501209078,10,4,3,1,0
03:40:00,501209079,17,1,8,1,0
03:40:00,501209080,7,0,20,1,0
03:40:00,501209081,8,2,7,1,0
03:40:00,501209084,4,0,19,1,0
03:40:00,501209085,7,2,20,1,0
03:40:00,501209087,2,0,37,1,0
03:40:00,501209088,5,0,10,1,0
03:40:00,501209089,1,0,19,1,0
03:40:00,501209090,7,1,7,1,0
03:40:00,501209091,3,1,13,1,0
03:40:00,501209092,9,2,7,1,0
03:40:00,501209093,2,1,13,1,0
03:40:00,501209094,13,4,3,1,0
03:40:00,501209095,5,3,9,1,0
03:40:00,501209096,10,3,4,1,0
03:40:00,501209097,13,1,2,1,0
03:40:00,501209098,2,1,13,1,0
03:40:00,501209099,4,0,16,1,0
03:40:00,501209100,12,0,2,1,0
03:40:00,501209101,3,0,12,1,0
03:40:00,501209102,3,1,17,1,0
03:40:00,501209104,8,1,11,1,0
03:40:00,501209105,16,3,9,1,0
03:40:00,501209106,4,0,15,1,0
03:40:00,501211001,17,4,20,1,0
03:40:00,501211002,2,2,13,1,0
03:40:00,501211004,1,0,14,1,0
03:40:00,501211005,6,1,12,1,0
03:40:00,501211006,6,0,11,1,0
03:40:00,501211007,3,0,16,1,0
03:40:00,501211009,9,1,9,1,0
03:40:00,501211011,19,3,11,1,0
03:40:00,501211012,9,0,9,1,0
03:50:00,501201001,0,0,0,2,0
03:50:00,501201002,11,0,29,1,0
03:50:00,501201003,3,0,20,1,0
03:50:00,501201004,11,2,4,1,0
03:50:00,501201005,4,1,15,1,0
03:50:00,501201006,4,1,24,1,0
03:50:00,501201007,5,0,14,1,0
03:50:00,501201008,5,0,20,1,0
03:50:00,501201010,5,1,5,1,0
03:50:00,501201011,13,0,9,1,0
03:50:00,501201012,11,0,29,1,0
03:50:00,501201013,2,0,20,1,0
03:50:00,501201014,11,0,8,1,0
03:50:00,501201015,11,1,14,1,0
03:50:00,501201016,9,1,16,1,0
03:50:00,501201017,13,0,14,1,0
03:50:00,501201018,3,0,21,1,0
03:50:00,501201019,2,0,26,1,0
03:50:00,501201020,6,0,18,1,0
03:50:00,501201021,3,0,12,1,0
03:50:00,501201022,5,0,11,1,0
03:50:00,501201023,6,0,22,1,0
03:50:00,501201024,3,0,20,1,0
03:50:00,501201025,8,0,16,1,0
03:50:00,501201026,13,2,6,1,0
03:50:00,501201028,7,1,13,1,0
03:50:00,501201029,2,0,11,1,0
03:50:00,501201030,7,1,8,1,0
03:50:00,501201031,11,0,6,1,0
03:50:00,501202001,3,0,11,1,0
03:50:00,501202003,9,0,31,1,0
03:50:00,501202013,2,0,15,1,0
03:50:00,501202023,12,2,3,1,0
03:50:00,501202024,2,0,13,1,0
03:50:00,501202034,10,1,6,1,0
03:50:00,501202035,18,1,12,1,0
03:50:00,501202036,13,0,26,1,0
03:50:00,501202040,4,1,41,1,0
03:50:00,501202043,4,1,21,1,0
03:50:00,501202044,0,0,0,2,0
03:50:00,501202047,4,0,18,1,0
03:50:00,501202050,9,1,7,1,0
03:50:00,501202055,6,0,9,1,0
03:50:00,501202058,8,0,7,1,0
03:50:00,501202065,9,2,6,1,0
03:50:00,501202068,10,0,8,1,0
03:50:00,501202070,2,0,14,1,0
03:50:00,501202078,5,3,20,1,0
03:50:00,501202080,12,0,14,1,0
03:50:00,501202081,19,1,4,1,0
03:50:00,501202082,7,1,16,1,0
03:50:00,501202083,4,0,20,1,0
03:50:00,501202084,2,2,21,1,0
03:50:00,501202085,15,0,20,1,0
03:50:00,501202088,8,2,22,1,0
03:50:00,501202089,2,0,27,1,0
03:50:00,501202096,8,1,5,1,0
03:50:00,501203001,4,0,16,1,0
03:50:00,501203002,4,2,18,1,0
03:50:00,501203003,2,0,92,1,0
03:50:00,501203005,7,0,13,1,0
03:50:00,501203006,1,0,14,1,0
03:50:00,501203007,11,0,4,1,0
03:50:00,501203008,14,1,2,1,0
03:50:00,501203010,16,5,17,1,0
03:50:00,501203011,20,3,16,1,0
03:50:00,501203012,6,0,11,1,0
03:50:00,501203013,10,0,14,1,0
03:50:00,501203015,12,2,0,1,0
03:50:00,501203020,14,0,6,1,0
03:50:00,501203022,4,0,15,1,0
03:50:00,501203023,2,1,16,1,0
03:50:00,501203028,19,0,6,1,0
03:50:00,501203040,1,0,23,1,0
03:50:00,501203045,5,2,13,1,0
03:50:00,501203050,38,0,22,1,0
03:50:00,501203051,12,0,12,1,0
03:50:00,501203053,0,0,26,1,0
03:50:00,501203054,7,3,15,1,0
03:50:00,501203064,7,2,8,1,0
03:50:00,501203065,7,0,9,1,0
03:50:00,501203070,5,0,10,1,0
03:50:00,501203073,5,0,19,1,0
03:50:00,501203076,8,0,8,1,0
03:50:00,501203078,15,1,1,1,0
03:50:00,501203080,2,0,13,1,0
03:50:00,501203084,8,2,3,1,0
03:50:00,501203085,4,0,6,1,0
03:50:00,501203088,3,0,11,1,0
03:50:00,501203089,7,2,5,1,0
03:50:00,501203090,3,0,7,1,0
03:50:00,501203091,8,1,5,1,0
03:50:00,501203092,3,0,17,1,0
03:50:00,501203100,2,0,16,1,0
03:50:00,501203101,0,0,0,2,0
03:50:00,501203102,5,2,14,1,0
03:50:00,501203104,2,0,17,1,0
03:50:00,501203105,7,1,4,1,0
03:50:00,501203107,0,0,0,2,0
03:50:00,501203109,4,0,22,1,0
03:50:00,501203110,8,0,33,1,0
03:50:00,501203111,10,1,1,1,0
03:50:00,501203113,5,0,14,1,0
03:50:00,501203114,6,0,44,1,0
03:50:00,501203117,0,0,0,2,0
03:50:00,501203118,4,0,16,1,0
03:50:00,501203121,18,2,6,1,0
03:50:00,501203122,12,0,8,1,0
03:50:00,501203125,5,0,19,1,0
03:50:00,501203131,16,0,4,1,0
03:50:00,501203140,3,0,39,1,0
03:50:00,501203141,10,1,6,1,0
03:50:00,501203142,9,3,66,1,0
03:50:00,501203145,5,0,10,1,0
03:50:00,501203151,7,0,11,1,0
03:50:00,501203155,6,2,13,1,0
03:50:00,501203157,6,0,11,1,0
03:50:00,501203159,8,2,12,1,0
03:50:00,501203161,7,0,12,1,0
03:50:00,501203162,10,0,11,1,0
03:50:00,501203163,7,1,9,1,0
03:50:00,501204001,6,1,19,1,0
03:50:00,501204002,4,0,32,1,0
03:50:00,501204003,15,0,29,1,0
03:50:00,501204004,5,0,9,1,0
03:50:00,501204005,12,1,7,1,0
03:50:00,501204007,6,0,30,1,0
03:50:00,501204008,4,0,11,1,0
03:50:00,501204009,0,0,0,2,0
03:50:00,501204010,0,0,0,2,0
03:50:00,501204011,10,1,5,1,0
03:50:00,501204012,8,2,6,1,0
03:50:00,501204013,12,3,3,1,0
03:50:00,501204014,6,1,10,1,0
03:50:00,501204015,10,0,5,1,0
03:50:00,501204016,8,2,12,1,0
03:50:00,501204017,5,0,10,1,0
03:50:00,501204018,11,1,13,1,0
03:50:00,501204020,7,3,13,1,0
03:50:00,501204021,6,0,14,1,0
03:50:00,501204022,3,0,13,1,0
03:50:00,501204023,13,1,2,1,0
03:50:00,501204024,0,0,0,2,0
03:50:00,501204025,9,0,11,1,0
03:50:00,501205001,4,0,13,1,0
03:50:00,501205003,3,0,16,1,0
03:50:00,501205004,13,1,3,1,0
03:50:00,501205005,4,0,18,1,0
03:50:00,501205006,13,0,7,1,0
03:50:00,501205007,7,2,5,1,0
03:50:00,501205008,11,1,15,1,0
03:50:00,501205009,9,0,34,1,0
03:50:00,501205010,5,0,9,1,0
03:50:00,501205011,4,0,28,1,0
03:50:00,501205012,8,2,11,1,0
03:50:00,501205013,6,0,15,1,0
03:50:00,501205014,19,13,4,1,0
03:50:00,501205015,13,0,4,1,0
03:50:00,501205018,7,0,11,1,0
03:50:00,501205019,2,1,26,1,0
03:50:00,501205020,3,0,27,1,0
03:50:00,501205021,5,1,10,1,0
03:50:00,501205022,8,0,7,1,0
03:50:00,501205023,6,1,9,1,0
03:50:00,501205025,14,2,12,1,0
03:50:00,501205026,2,0,17,1,0
03:50:00,501205027,1,0,9,1,0
03:50:00,501205028,4,0,11,1,0
03:50:00,501205029,4,0,6,1,0
03:50:00,501205030,5,1,5,1,0
03:50:00,501205033,4,2,11,1,0
03:50:00,501205034,4,0,24,1,0
03:50:00,501205035,7,1,8,1,0
03:50:00,501205036,11,4,4,1,0
03:50:00,501205037,8,0,8,1,0
03:50:00,501205038,14,0,6,1,0
03:50:00,501205039,5,1,15,1,0
03:50:00,501205040,15,1,10,1,0
03:50:00,501205041,13,0,4,1,0
03:50:00,501205042,2,2,27,1,0
03:50:00,501208011,18,1,19,1,0
03:50:00,501208013,39,1,14,1,0
03:50:00,501208014,30,0,8,1,0
03:50:00,501208015,13,0,2,1,0
03:50:00,501208018,7,1,7,1,0
03:50:00,501208021,6,1,11,1,0
03:50:00,501208027,6,0,23,1,0
03:50:00,501208029,13,3,9,1,0
03:50:00,501208030,30,2,8,1,0
03:50:00,501208032,4,1,24,1,0
03:50:00,501208040,2,1,17,1,0
03:50:00,501208041,2,0,13,1,0
03:50:00,501208045,7,2,24,1,0
03:50:00,501208051,2,0,34,1,0
03:50:00,501208053,16,0,5,1,0
03:50:00,501208054,5,0,23,1,0
03:50:00,501208059,1,0,24,1,0
03:50:00,501208064,1,0,19,1,0
03:50:00,501208077,6,4,4,1,0
03:50:00,501208079,2,0,19,1,0
03:50:00,501208082,5,1,5,1,0
03:50:00,501208085,14,4,2,1,0
03:50:00,501208087,4,0,26,1,0
03:50:00,501208089,16,1,9,1,0
03:50:00,501208091,1,1,42,1,0
03:50:00,501208111,7,0,8,1,0
03:50:00,501208113,1,1,19,1,0
03:50:00,501208114,4,1,16,1,0
03:50:00,501208129,1,0,22,1,0
03:50:00,501208130,1,0,14,1,0
03:50:00,501209002,10,2,10,1,0
03:50:00,501209003,3,0,11,1,0
03:50:00,501209004,10,0,5,1,0
03:50:00,501209005,2,1,16,1,0
03:50:00,501209006,5,1,14,1,0
03:50:00,501209007,11,1,4,1,0
03:50:00,501209009,0,0,0,2,0
03:50:00,501209010,7,3,7,1,0
03:50:00,501209011,3,0,22,1,0
03:50:00,501209014,7,0,5,1,0
03:50:00,501209015,9,2,6,1,0
03:50:00,501209016,1,1,28,1,0
03:50:00,501209017,8,1,4,1,0
03:50:00,501209018,1,0,16,1,0
03:50:00,501209019,1,0,23,1,0
03:50:00,501209020,2,0,30,1,0
03:50:00,501209021,10,3,4,1,0
03:50:00,501209022,6,0,4,1,0
03:50:00,501209023,17,0,25,1,0
03:50:00,501209024,7,0,35,1,0
03:50:00,501209025,9,1,6,1,0
03:50:00,501209026,19,2,7,1,0
03:50:00,501209027,4,0,15,1,0
03:50:00,501209028,7,0,21,1,0
03:50:00,501209030,17,0,1,1,0
03:50:00,501209031,4,0,26,1,0
03:50:00,501209032,6,0,22,1,0
03:50:00,501209033,4,1,16,1,0
03:50:00,501209034,6,2,9,1,0
03:50:00,501209035,3,0,25,1,0
03:50:00,501209036,3,0,27,1,0
03:50:00,501209037,14,1,22,1,0
03:50:00,501209038,10,1,6,1,0
03:50:00,501209039,5,0,25,1,0
03:50:00,501209040,2,0,28,1,0
03:50:00,501209042,15,0,5,1,0
03:50:00,501209043,18,1,7,1,0
03:50:00,501209044,10,1,5,1,0
03:50:00,501209045,7,0,9,1,0
03:50:00,501209046,11,0,11,1,0
03:50:00,501209047,7,0,7,1,0
03:50:00,501209049,5,1,15,1,0
03:50:00,501209050,5,0,8,1,0
03:50:00,501209051,2,0,22,1,0
03:50:00,501209052,1,0,20,1,0
03:50:00,501209053,2,1,18,1,0
03:50:00,501209054,4,0,23,1,0
03:50:00,501209056,7,0,8,1,0
03:50:00,501209058,8,0,7,1,0
03:50:00,501209059,3,0,12,1,0
03:50:00,501209060,8,1,12,1,0
03:50:00,501209062,6,0,9,1,0
03:50:00,501209064,8,4,7,1,0
03:50:00,501209065,7,1,6,1,0
03:50:00,501209066,8,0,6,1,0
03:50:00,501209067,9,1,6,1,0
03:50:00,501209068,1,0,16,1,0
03:50:00,501209069,6,0,57,1,0
03:50:00,501209070,5,2,12,1,0
03:50:00,501209071,1,0,16,1,0
03:50:00,501209073,9,4,6,1,0
03:50:00,501209074,12,0,11,1,0
03:50:00,501209075,9,2,7,1,0
03:50:00,501209076,3,0,20,1,0
03:50:00,501209077,8,2,7,1,0
03:50:00,501209078,10,4,3,1,0
03:50:00,501209079,17,1,8,1,0
03:50:00,501209080,7,0,20,1,0
03:50:00,501209081,8,2,7,1,0
03:50:00,501209084,4,0,19,1,0
03:50:00,501209085,7,2,20,1,0
03:50:00,501209087,2,0,37,1,0
03:50:00,501209088,5,0,10,1,0
03:50:00,501209089,1,0,19,1,0
03:50:00,501209090,7,1,7,1,0
03:50:00,501209091,3,1,13,1,0
03:50:00,501209092,9,2,7,1,0
03:50:00,501209093,2,1,13,1,0
03:50:00,501209094,13,4,3,1,0
03:50:00,501209095,5,3,9,1,0
03:50:00,501209096,10,3,4,1,0
03:50:00,501209097,13,1,2,1,0
03:50:00,501209098,2,1,13,1,0
03:50:00,501209099,4,0,16,1,0
03:50:00,501209100,12,0,2,1,0
03:50:00,501209101,3,0,12,1,0
03:50:00,501209102,3,1,17,1,0
03:50:00,501209104,8,1,11,1,0
03:50:00,501209105,16,3,9,1,0
03:50:00,501209106,4,0,15,1,0
03:50:00,501211001,17,4,20,1,0
03:50:00,501211002,2,2,13,1,0
03:50:00,501211004,1,0,14,1,0
03:50:00,501211005,6,1,12,1,0
03:50:00,501211006,6,0,11,1,0
03:50:00,501211007,3,0,16,1,0
03:50:00,501211009,9,1,9,1,0
03:50:00,501211011,19,3,11,1,0
03:50:00,501211012,9,0,9,1,0
04:00:00,501201001,0,0,0,2,0
04:00:00,501201002,11,0,29,1,0
04:00:00,501201003,3,0,20,1,0
04:00:00,501201004,11,2,4,1,0
04:00:00,501201005,3,1,16,1,0
04:00:00,501201006,4,1,24,1,0
04:00:00,501201007,5,0,14,1,0
04:00:00,501201008,5,0,20,1,0
04:00:00,501201010,5,1,5,1,0
04:00:00,501201011,14,0,8,1,0
04:00:00,501201012,11,0,29,1,0
04:00:00,501201013,2,0,20,1,0
04:00:00,501201014,11,0,8,1,0
04:00:00,501201015,11,1,14,1,0
04:00:00,501201016,9,1,16,1,0
04:00:00,501201017,13,0,14,1,0
04:00:00,501201018,3,0,21,1,0
04:00:00,501201019,2,0,26,1,0
04:00:00,501201020,6,0,18,1,0
04:00:00,501201021,3,0,12,1,0
04:00:00,501201022,5,0,11,1,0
04:00:00,501201023,6,0,22,1,0
04:00:00,501201024,4,0,19,1,0
04:00:00,501201025,8,0,16,1,0
04:00:00,501201026,13,2,6,1,0
04:00:00,501201028,7,1,13,1,0
04:00:00,501201029,2,0,11,1,0
04:00:00,501201030,7,1,8,1,0
04:00:00,501201031,11,0,6,1,0
04:00:00,501202001,3,0,11,1,0
04:00:00,501202003,9,0,31,1,0
04:00:00,501202013,2,0,15,1,0
04:00:00,501202023,12,2,3,1,0
04:00:00,501202024,2,0,13,1,0
04:00:00,501202034,10,1,6,1,0
04:00:00,501202035,18,1,12,1,0
04:00:00,501202036,13,0,26,1,0
04:00:00,501202040,4,1,41,1,0
04:00:00,501202043,4,1,21,1,0
04:00:00,501202044,0,0,0,2,0
04:00:00,501202047,4,0,18,1,0
04:00:00,501202050,9,1,7,1,0
04:00:00,501202055,6,0,9,1,0
04:00:00,501202058,8,0,7,1,0
04:00:00,501202065,9,2,6,1,0
04:00:00,501202068,10,0,8,1,0
04:00:00,501202070,2,0,14,1,0
04:00:00,501202078,5,3,20,1,0
04:00:00,501202080,12,0,14,1,0
04:00:00,501202081,19,1,4,1,0
04:00:00,501202082,7,1,16,1,0
04:00:00,501202083,4,0,20,1,0
04:00:00,501202084,2,2,21,1,0
04:00:00,501202085,15,0,20,1,0
04:00:00,501202088,8,2,22,1,0
04:00:00,501202089,2,0,27,1,0
04:00:00,501202096,8,1,5,1,0
04:00:00,501203001,4,0,16,1,0
04:00:00,501203002,4,2,18,1,0
04:00:00,501203003,2,0,92,1,0
04:00:00,501203005,7,0,13,1,0
04:00:00,501203006,1,0,14,1,0
04:00:00,501203007,11,0,4,1,0
04:00:00,501203008,14,1,2,1,0
04:00:00,501203010,16,5,17,1,0
04:00:00,501203011,20,3,16,1,0
04:00:00,501203012,6,0,11,1,0
04:00:00,501203013,10,0,14,1,0
04:00:00,501203015,12,2,0,1,0
04:00:00,501203020,14,0,6,1,0
04:00:00,501203022,4,0,15,1,0
04:00:00,501203023,2,1,16,1,0
04:00:00,501203028,19,0,6,1,0
04:00:00,501203040,1,0,23,1,0
04:00:00,501203045,5,2,13,1,0
04:00:00,501203050,38,0,22,1,0
04:00:00,501203051,12,0,12,1,0
04:00:00,501203053,4,0,22,1,0
04:00:00,501203054,7,3,15,1,0
04:00:00,501203064,7,2,8,1,0
04:00:00,501203065,7,0,9,1,0
04:00:00,501203070,5,0,10,1,0
04:00:00,501203073,5,0,19,1,0
04:00:00,501203076,8,0,8,1,0
04:00:00,501203078,9,1,7,1,0
04:00:00,501203080,2,0,13,1,0
04:00:00,501203084,8,2,3,1,0
04:00:00,501203085,4,0,6,1,0
04:00:00,501203088,3,0,11,1,0
04:00:00,501203089,7,2,5,1,0
04:00:00,501203090,3,0,7,1,0
04:00:00,501203091,8,1,5,1,0
04:00:00,501203092,3,0,17,1,0
04:00:00,501203100,2,0,16,1,0
04:00:00,501203101,0,0,0,2,0
04:00:00,501203102,5,2,14,1,0
04:00:00,501203104,2,0,17,1,0
04:00:00,501203105,7,1,4,1,0
04:00:00,501203107,0,0,0,2,0
04:00:00,501203109,4,0,22,1,0
04:00:00,501203110,8,0,33,1,0
04:00:00,501203111,10,1,1,1,0
04:00:00,501203113,5,0,14,1,0
04:00:00,501203114,6,0,44,1,0
04:00:00,501203117,0,0,0,2,0
04:00:00,501203118,4,0,16,1,0
04:00:00,501203121,18,2,6,1,0
04:00:00,501203122,12,0,8,1,0
04:00:00,501203125,5,0,19,1,0
04:00:00,501203131,16,0,4,1,0
04:00:00,501203140,3,0,39,1,0
04:00:00,501203141,10,1,6,1,0
04:00:00,501203142,9,3,66,1,0
04:00:00,501203145,5,0,10,1,0
04:00:00,501203151,8,0,10,1,0
04:00:00,501203155,6,2,13,1,0
04:00:00,501203157,6,0,11,1,0
04:00:00,501203159,8,2,12,1,0
04:00:00,501203161,7,0,12,1,0
04:00:00,501203162,10,0,11,1,0
04:00:00,501203163,7,1,9,1,0
04:00:00,501204001,6,1,19,1,0
04:00:00,501204002,4,0,32,1,0
04:00:00,501204003,15,0,29,1,0
04:00:00,501204004,5,0,9,1,0
04:00:00,501204005,12,1,7,1,0
04:00:00,501204007,6,0,30,1,0
04:00:00,501204008,4,0,11,1,0
04:00:00,501204009,0,0,0,2,0
04:00:00,501204010,0,0,0,2,0
04:00:00,501204011,10,1,5,1,0
04:00:00,501204012,8,2,6,1,0
04:00:00,501204013,12,3,3,1,0
04:00:00,501204014,6,1,10,1,0
04:00:00,501204015,10,0,5,1,0
04:00:00,501204016,8,2,12,1,0
04:00:00,501204017,5,0,10,1,0
04:00:00,501204018,11,1,13,1,0
04:00:00,501204020,7,3,13,1,0
04:00:00,501204021,6,0,14,1,0
04:00:00,501204022,3,0,13,1,0
04:00:00,501204023,13,1,2,1,0
04:00:00,501204024,0,0,0,2,0
04:00:00,501204025,9,0,11,1,0
04:00:00,501205001,4,0,13,1,0
04:00:00,501205003,3,0,16,1,0
04:00:00,501205004,13,1,3,1,0
04:00:00,501205005,4,0,18,1,0
04:00:00,501205006,12,0,8,1,0
04:00:00,501205007,7,2,5,1,0
04:00:00,501205008,11,1,15,1,0
04:00:00,501205009,9,0,34,1,0
04:00:00,501205010,5,0,9,1,0
04:00:00,501205011,4,0,28,1,0
04:00:00,501205012,8,2,11,1,0
04:00:00,501205013,6,0,15,1,0
04:00:00,501205014,20,13,3,1,0
04:00:00,501205015,7,0,10,1,0
04:00:00,501205018,7,0,11,1,0
04:00:00,501205019,2,1,26,1,0
04:00:00,501205020,2,0,28,1,0
04:00:00,501205021,5,1,10,1,0
04:00:00,501205022,8,0,7,1,0
04:00:00,501205023,6,1,9,1,0
04:00:00,501205025,14,2,12,1,0
04:00:00,501205026,2,0,17,1,0
04:00:00,501205027,1,0,9,1,0
04:00:00,501205028,4,0,11,1,0
04:00:00,501205029,4,0,6,1,0
04:00:00,501205030,5,1,5,1,0
04:00:00,501205033,4,2,11,1,0
04:00:00,501205034,4,0,24,1,0
04:00:00,501205035,7,1,8,1,0
04:00:00,501205036,11,4,4,1,0
04:00:00,501205037,8,0,8,1,0
04:00:00,501205038,14,0,6,1,0
04:00:00,501205039,5,1,15,1,0
04:00:00,501205040,15,1,10,1,0
04:00:00,501205041,13,0,4,1,0
04:00:00,501205042,2,2,27,1,0
04:00:00,501208011,17,1,20,1,0
04:00:00,501208013,39,1,14,1,0
04:00:00,501208014,30,0,8,1,0
04:00:00,501208015,13,0,2,1,0
04:00:00,501208018,7,1,7,1,0
04:00:00,501208021,5,1,12,1,0
04:00:00,501208027,6,0,23,1,0
04:00:00,501208029,13,3,9,1,0
04:00:00,501208030,30,2,8,1,0
04:00:00,501208032,4,1,24,1,0
04:00:00,501208040,2,1,17,1,0
04:00:00,501208041,2,0,13,1,0
04:00:00,501208045,7,2,24,1,0
04:00:00,501208051,2,0,34,1,0
04:00:00,501208053,15,0,6,1,0
04:00:00,501208054,5,0,23,1,0
04:00:00,501208059,1,0,24,1,0
04:00:00,501208064,1,0,19,1,0
04:00:00,501208077,6,4,4,1,0
04:00:00,501208079,2,0,19,1,0
04:00:00,501208082,5,1,5,1,0
04:00:00,501208085,14,4,2,1,0
04:00:00,501208087,4,0,26,1,0
04:00:00,501208089,16,1,9,1,0
04:00:00,501208091,1,1,42,1,0
04:00:00,501208111,7,0,8,1,0
04:00:00,501208113,1,1,19,1,0
04:00:00,501208114,4,1,16,1,0
04:00:00,501208129,1,0,22,1,0
04:00:00,501208130,1,0,14,1,0
04:00:00,501209002,10,2,10,1,0
04:00:00,501209003,3,0,11,1,0
04:00:00,501209004,10,0,5,1,0
04:00:00,501209005,2,1,16,1,0
04:00:00,501209006,5,1,14,1,0
04:00:00,501209007,11,1,4,1,0
04:00:00,501209009,0,0,0,2,0
04:00:00,501209010,7,3,7,1,0
04:00:00,501209011,3,0,22,1,0
04:00:00,501209014,7,0,5,1,0
04:00:00,501209015,9,2,6,1,0
04:00:00,501209016,1,1,28,1,0
04:00:00,501209017,4,1,8,1,0
04:00:00,501209018,1,0,16,1,0
04:00:00,501209019,1,0,23,1,0
04:00:00,501209020,2,0,30,1,0
04:00:00,501209021,10,3,4,1,0
04:00:00,501209022,6,0,4,1,0
04:00:00,501209023,17,0,25,1,0
04:00:00,501209024,7,0,35,1,0
04:00:00,501209025,9,1,6,1,0
04:00:00,501209026,20,2,6,1,0
04:00:00,501209027,4,0,15,1,0
04:00:00,501209028,7,0,21,1,0
04:00:00,501209030,17,0,1,1,0
04:00:00,501209031,4,0,26,1,0
04:00:00,501209032,6,0,22,1,0
04:00:00,501209033,4,1,16,1,0
04:00:00,501209034,6,2,9,1,0
04:00:00,501209035,3,0,25,1,0
04:00:00,501209036,3,0,27,1,0
04:00:00,501209037,14,1,22,1,0
04:00:00,501209038,10,1,6,1,0
04:00:00,501209039,5,0,25,1,0
04:00:00,501209040,2,0,28,1,0
04:00:00,501209042,15,0,5,1,0
04:00:00,501209043,18,1,7,1,0
04:00:00,501209044,10,1,5,1,0
04:00:00,501209045,7,0,9,1,0
04:00:00,501209046,11,0,11,1,0
04:00:00,501209047,7,0,7,1,0
04:00:00,501209049,5,1,15,1,0
04:00:00,501209050,5,0,8,1,0
04:00:00,501209051,2,0,22,1,0
04:00:00,501209052,1,0,20,1,0
04:00:00,501209053,2,1,18,1,0
04:00:00,501209054,4,0,23,1,0
04:00:00,501209056,7,0,8,1,0
04:00:00,501209058,8,0,7,1,0
04:00:00,501209059,3,0,12,1,0
04:00:00,501209060,8,1,12,1,0
04:00:00,501209062,6,0,9,1,0
04:00:00,501209064,8,4,7,1,0
04:00:00,501209065,6,0,7,1,0
04:00:00,501209066,8,0,6,1,0
04:00:00,501209067,9,1,6,1,0
04:00:00,501209068,1,0,16,1,0
04:00:00,501209069,6,0,57,1,0
04:00:00,501209070,5,2,12,1,0
04:00:00,501209071,1,0,16,1,0
04:00:00,501209073,9,4,6,1,0
04:00:00,501209074,12,0,11,1,0
04:00:00,501209075,9,2,7,1,0
04:00:00,501209076,3,0,20,1,0
04:00:00,501209077,8,2,7,1,0
04:00:00,501209078,10,4,3,1,0
04:00:00,501209079,17,1,8,1,0
04:00:00,501209080,7,0,20,1,0
04:00:00,501209081,8,2,7,1,0
04:00:00,501209084,4,0,19,1,0
04:00:00,501209085,7,2,20,1,0
04:00:00,501209087,2,0,37,1,0
04:00:00,501209088,5,0,10,1,0
04:00:00,501209089,1,0,19,1,0
04:00:00,501209090,8,1,6,1,0
04:00:00,501209091,3,1,13,1,0
04:00:00,501209092,9,2,7,1,0
04:00:00,501209093,2,1,13,1,0
04:00:00,501209094,13,4,3,1,0
04:00:00,501209095,5,3,9,1,0
04:00:00,501209096,10,3,4,1,0
04:00:00,501209097,13,1,2,1,0
04:00:00,501209098,2,1,13,1,0
04:00:00,501209099,4,0,16,1,0
04:00:00,501209100,12,0,2,1,0
04:00:00,501209101,3,0,12,1,0
04:00:00,501209102,3,1,17,1,0
04:00:00,501209104,8,1,11,1,0
04:00:00,501209105,16,3,9,1,0
04:00:00,501209106,4,0,15,1,0
04:00:00,501211001,17,4,20,1,0
04:00:00,501211002,2,2,13,1,0
04:00:00,501211004,1,0,14,1,0
04:00:00,501211005,6,1,12,1,0
04:00:00,501211006,6,0,11,1,0
04:00:00,501211007,3,0,16,1,0
04:00:00,501211009,9,1,9,1,0
04:00:00,501211011,19,3,11,1,0
04:00:00,501211012,9,0,9,1,0
04:10:00,501201001,0,0,0,2,0
04:10:00,501201002,11,0,29,1,0
04:10:00,501201003,3,0,20,1,0
04:10:00,501201004,11,2,4,1,0
04:10:00,501201005,3,1,16,1,0
04:10:00,501201006,4,1,24,1,0
04:10:00,501201007,5,0,14,1,0
04:10:00,501201008,5,0,20,1,0
04:10:00,501201010,5,1,5,1,0
04:10:00,501201011,14,0,8,1,0
04:10:00,501201012,11,0,29,1,0
04:10:00,501201013,2,0,20,1,0
04:10:00,501201014,10,0,9,1,0
04:10:00,501201015,11,1,14,1,0
04:10:00,501201016,9,1,16,1,0
04:10:00,501201017,13,0,14,1,0
04:10:00,501201018,3,0,21,1,0
04:10:00,501201019,2,0,26,1,0
04:10:00,501201020,6,0,18,1,0
04:10:00,501201021,3,0,12,1,0
04:10:00,501201022,7,1,9,1,0
04:10:00,501201023,6,0,22,1,0
04:10:00,501201024,3,0,20,1,0
04:10:00,501201025,8,0,16,1,0
04:10:00,501201026,13,2,6,1,0
04:10:00,501201028,7,1,13,1,0
04:10:00,501201029,2,0,11,1,0
04:10:00,501201030,7,1,8,1,0
04:10:00,501201031,11,0,6,1,0
04:10:00,501202001,3,0,11,1,0
04:10:00,501202003,9,0,31,1,0
04:10:00,501202013,2,0,15,1,0
04:10:00,501202023,10,0,5,1,0
04:10:00,501202024,2,0,13,1,0
04:10:00,501202034,10,1,6,1,0
04:10:00,501202035,18,1,12,1,0
04:10:00,501202036,13,0,26,1,0
04:10:00,501202040,4,1,41,1,0
04:10:00,501202043,4,1,21,1,0
04:10:00,501202044,0,0,0,2,0
04:10:00,501202047,4,0,18,1,0
04:10:00,501202050,9,1,7,1,0
04:10:00,501202055,6,0,9,1,0
04:10:00,501202058,8,0,7,1,0
04:10:00,501202065,9,2,6,1,0
04:10:00,501202068,10,0,8,1,0
04:10:00,501202070,2,0,14,1,0
04:10:00,501202078,5,3,20,1,0
04:10:00,501202080,12,0,14,1,0
04:10:00,501202081,19,1,4,1,0
04:10:00,501202082,7,1,16,1,0
04:10:00,501202083,4,0,20,1,0
04:10:00,501202084,2,2,21,1,0
04:10:00,501202085,15,0,20,1,0
04:10:00,501202088,8,2,22,1,0
04:10:00,501202089,2,0,27,1,0
04:10:00,501202096,8,1,5,1,0
04:10:00,501203001,4,0,16,1,0
04:10:00,501203002,3,1,19,1,0
04:10:00,501203003,2,0,92,1,0
04:10:00,501203005,7,0,13,1,0
04:10:00,501203006,1,0,14,1,0
04:10:00,501203007,11,0,4,1,0
04:10:00,501203008,14,1,2,1,0
04:10:00,501203010,16,5,17,1,0
04:10:00,501203011,20,3,16,1,0
04:10:00,501203012,6,0,11,1,0
04:10:00,501203013,10,0,14,1,0
04:10:00,501203015,12,2,0,1,0
04:10:00,501203020,14,0,6,1,0
04:10:00,501203022,4,0,15,1,0
04:10:00,501203023,2,1,16,1,0
04:10:00,501203028,19,0,6,1,0
04:10:00,501203040,0,0,24,1,0
04:10:00,501203045,5,2,13,1,0
04:10:00,501203050,37,0,23,1,0
04:10:00,501203051,12,0,12,1,0
04:10:00,501203053,4,0,22,1,0
04:10:00,501203054,7,3,15,1,0
04:10:00,501203064,7,2,8,1,0
04:10:00,501203065,7,0,9,1,0
04:10:00,501203070,5,0,10,1,0
04:10:00,501203073,5,0,19,1,0
04:10:00,501203076,8,0,8,1,0
04:10:00,501203078,7,1,9,1,0
04:10:00,501203080,2,0,13,1,0
04:10:00,501203084,8,2,3,1,0
04:10:00,501203085,4,0,6,1,0
04:10:00,501203088,3,0,11,1,0
04:10:00,501203089,7,2,5,1,0
04:10:00,501203090,3,0,7,1,0
04:10:00,501203091,8,1,5,1,0
04:10:00,501203092,3,0,17,1,0
04:10:00,501203100,2,0,16,1,0
04:10:00,501203101,0,0,0,2,0
04:10:00,501203102,5,2,14,1,0
04:10:00,501203104,2,0,17,1,0
04:10:00,501203105,7,1,4,1,0
04:10:00,501203107,0,0,0,2,0
04:10:00,501203109,4,0,22,1,0
04:10:00,501203110,8,0,33,1,0
04:10:00,501203111,10,1,1,1,0
04:10:00,501203113,5,0,14,1,0
04:10:00,501203114,6,0,44,1,0
04:10:00,501203117,0,0,0,2,0
04:10:00,501203118,4,0,16,1,0
04:10:00,501203121,18,2,6,1,0
04:10:00,501203122,12,0,8,1,0
04:10:00,501203125,5,0,19,1,0
04:10:00,501203131,16,0,4,1,0
04:10:00,501203140,3,0,39,1,0
04:10:00,501203141,10,1,6,1,0
04:10:00,501203142,9,3,66,1,0
04:10:00,501203145,5,0,10,1,0
04:10:00,501203151,8,0,10,1,0
04:10:00,501203155,6,2,13,1,0
04:10:00,501203157,6,0,11,1,0
04:10:00,501203159,8,2,12,1,0
04:10:00,501203161,7,0,12,1,0
04:10:00,501203162,10,0,11,1,0
04:10:00,501203163,7,1,9,1,0
04:10:00,501204001,6,1,19,1,0
04:10:00,501204002,4,0,32,1,0
04:10:00,501204003,15,0,29,1,0
04:10:00,501204004,5,0,9,1,0
04:10:00,501204005,12,1,7,1,0
04:10:00,501204007,6,0,30,1,0
04:10:00,501204008,4,0,11,1,0
04:10:00,501204009,0,0,0,2,0
04:10:00,501204010,0,0,0,2,0
04:10:00,501204011,10,1,5,1,0
04:10:00,501204012,9,3,5,1,0
04:10:00,501204013,12,3,3,1,0
04:10:00,501204014,6,1,10,1,0
04:10:00,501204015,10,0,5,1,0
04:10:00,501204016,8,2,12,1,0
04:10:00,501204017,5,0,10,1,0
04:10:00,501204018,11,1,13,1,0
04:10:00,501204020,7,3,13,1,0
04:10:00,501204021,6,0,14,1,0
04:10:00,501204022,3,0,13,1,0
04:10:00,501204023,13,1,2,1,0
04:10:00,501204024,0,0,0,2,0
04:10:00,501204025,9,0,11,1,0
04:10:00,501205001,4,0,13,1,0
04:10:00,501205003,3,0,16,1,0
04:10:00,501205004,13,1,3,1,0
04:10:00,501205005,4,0,18,1,0
04:10:00,501205006,12,0,8,1,0
04:10:00,501205007,7,2,5,1,0
04:10:00,501205008,11,2,15,1,0
04:10:00,501205009,9,0,34,1,0
04:10:00,501205010,5,0,9,1,0
04:10:00,501205011,4,0,28,1,0
04:10:00,501205012,8,2,11,1,0
04:10:00,501205013,6,0,15,1,0
04:10:00,501205014,20,13,3,1,0
04:10:00,501205015,7,0,10,1,0
04:10:00,501205018,7,0,11,1,0
04:10:00,501205019,2,1,26,1,0
04:10:00,501205020,2,0,28,1,0
04:10:00,501205021,6,1,9,1,0
04:10:00,501205022,8,0,7,1,0
04:10:00,501205023,6,1,9,1,0
04:10:00,501205025,14,2,12,1,0
04:10:00,501205026,2,0,17,1,0
04:10:00,501205027,1,0,9,1,0
04:10:00,501205028,4,0,11,1,0
04:10:00,501205029,4,0,6,1,0
04:10:00,501205030,5,1,5,1,0
04:10:00,501205033,4,2,11,1,0
04:10:00,501205034,4,0,24,1,0
04:10:00,501205035,7,1,8,1,0
04:10:00,501205036,11,4,4,1,0
04:10:00,501205037,7,0,9,1,0
04:10:00,501205038,14,0,6,1,0
04:10:00,501205039,5,1,15,1,0
04:10:00,501205040,16,2,9,1,0
04:10:00,501205041,13,0,4,1,0
04:10:00,501205042,2,2,27,1,0
04:10:00,501208011,17,1,20,1,0
04:10:00,501208013,39,1,14,1,0
04:10:00,501208014,30,0,8,1,0
04:10:00,501208015,13,0,2,1,0
04:10:00,501208018,7,1,7,1,0
04:10:00,501208021,5,1,12,1,0
04:10:00,501208027,6,0,23,1,0
04:10:00,501208029,13,3,9,1,0
04:10:00,501208030,30,2,8,1,0
04:10:00,501208032,4,1,24,1,0
04:10:00,501208040,2,1,17,1,0
04:10:00,501208041,2,0,13,1,0
04:10:00,501208045,7,2,24,1,0
04:10:00,501208051,2,0,34,1,0
04:10:00,501208053,15,0,6,1,0
04:10:00,501208054,5,0,23,1,0
04:10:00,501208059,1,0,24,1,0
04:10:00,501208064,1,0,19,1,0
04:10:00,501208077,7,4,3,1,0
04:10:00,501208079,2,0,19,1,0
04:10:00,501208082,5,1,5,1,0
04:10:00,501208085,14,4,2,1,0
04:10:00,501208087,4,0,26,1,0
04:10:00,501208089,16,1,9,1,0
04:10:00,501208091,1,1,42,1,0
04:10:00,501208111,7,0,8,1,0
04:10:00,501208113,1,1,19,1,0
04:10:00,501208114,4,1,16,1,0
04:10:00,501208129,1,0,22,1,0
04:10:00,501208130,1,0,14,1,0
04:10:00,501209002,10,2,10,1,0
04:10:00,501209003,3,0,11,1,0
04:10:00,501209004,10,0,5,1,0
04:10:00,501209005,2,1,16,1,0
04:10:00,501209006,5,1,14,1,0
04:10:00,501209007,11,1,4,1,0
04:10:00,501209009,0,0,0,2,0
04:10:00,501209010,7,3,7,1,0
04:10:00,501209011,3,0,22,1,0
04:10:00,501209014,7,0,5,1,0
04:10:00,501209015,9,2,6,1,0
04:10:00,501209016,1,1,28,1,0
04:10:00,501209017,4,1,8,1,0
04:10:00,501209018,1,0,16,1,0
04:10:00,501209019,1,0,23,1,0
04:10:00,501209020,2,0,30,1,0
04:10:00,501209021,10,3,4,1,0
04:10:00,501209022,6,0,4,1,0
04:10:00,501209023,17,0,25,1,0
04:10:00,501209024,7,0,35,1,0
04:10:00,501209025,9,1,6,1,0
04:10:00,501209026,20,2,6,1,0
04:10:00,501209027,4,0,15,1,0
04:10:00,501209028,7,0,21,1,0
04:10:00,501209030,17,0,1,1,0
04:10:00,501209031,4,0,26,1,0
04:10:00,501209032,6,0,22,1,0
04:10:00,501209033,4,1,16,1,0
04:10:00,501209034,6,2,9,1,0
04:10:00,501209035,3,0,25,1,0
04:10:00,501209036,3,0,27,1,0
04:10:00,501209037,14,1,22,1,0
04:10:00,501209038,10,1,6,1,0
04:10:00,501209039,5,0,25,1,0
04:10:00,501209040,2,0,28,1,0
04:10:00,501209042,15,0,5,1,0
04:10:00,501209043,18,1,7,1,0
04:10:00,501209044,10,1,5,1,0
04:10:00,501209045,7,0,9,1,0
04:10:00,501209046,11,0,11,1,0
04:10:00,501209047,7,0,7,1,0
04:10:00,501209049,5,1,15,1,0
04:10:00,501209050,5,0,8,1,0
04:10:00,501209051,2,0,22,1,0
04:10:00,501209052,1,0,20,1,0
04:10:00,501209053,2,1,18,1,0
04:10:00,501209054,4,0,23,1,0
04:10:00,501209056,7,0,8,1,0
04:10:00,501209058,8,0,7,1,0
04:10:00,501209059,3,0,12,1,0
04:10:00,501209060,8,1,12,1,0
04:10:00,501209062,6,0,9,1,0
04:10:00,501209064,8,4,7,1,0
04:10:00,501209065,6,0,7,1,0
04:10:00,501209066,8,0,6,1,0
04:10:00,501209067,9,1,6,1,0
04:10:00,501209068,1,0,16,1,0
04:10:00,501209069,6,0,57,1,0
04:10:00,501209070,5,2,12,1,0
04:10:00,501209071,1,0,16,1,0
04:10:00,501209073,9,4,6,1,0
04:10:00,501209074,12,0,11,1,0
04:10:00,501209075,9,2,7,1,0
04:10:00,501209076,3,0,20,1,0
04:10:00,501209077,8,2,7,1,0
04:10:00,501209078,10,4,3,1,0
04:10:00,501209079,17,1,8,1,0
04:10:00,501209080,7,0,20,1,0
04:10:00,501209081,8,2,7,1,0
04:10:00,501209084,4,0,19,1,0
04:10:00,501209085,7,2,20,1,0
04:10:00,501209087,2,0,37,1,0
04:10:00,501209088,5,0,10,1,0
04:10:00,501209089,1,0,19,1,0
04:10:00,501209090,8,1,6,1,0
04:10:00,501209091,3,1,13,1,0
04:10:00,501209092,9,2,7,1,0
04:10:00,501209093,2,1,13,1,0
04:10:00,501209094,13,4,3,1,0
04:10:00,501209095,5,3,9,1,0
04:10:00,501209096,9,3,4,1,0
04:10:00,501209097,13,1,2,1,0
04:10:00,501209098,2,1,13,1,0
04:10:00,501209099,4,0,16,1,0
04:10:00,501209100,12,0,2,1,0
04:10:00,501209101,3,0,12,1,0
04:10:00,501209102,3,1,17,1,0
04:10:00,501209104,8,1,11,1,0
04:10:00,501209105,16,3,9,1,0
04:10:00,501209106,4,0,15,1,0
04:10:00,501211001,17,4,20,1,0
04:10:00,501211002,2,2,13,1,0
04:10:00,501211004,1,0,14,1,0
04:10:00,501211005,6,1,12,1,0
04:10:00,501211006,6,0,11,1,0
04:10:00,501211007,3,0,16,1,0
04:10:00,501211009,9,1,9,1,0
04:10:00,501211011,19,3,11,1,0
04:10:00,501211012,9,0,9,1,0
04:20:00,501201001,0,0,0,2,0
04:20:00,501201002,11,0,29,1,0
04:20:00,501201003,3,0,20,1,0
04:20:00,501201004,11,2,4,1,0
04:20:00,501201005,2,0,17,1,0
04:20:00,501201006,4,1,24,1,0
04:20:00,501201007,5,0,14,1,0
04:20:00,501201008,4,0,21,1,0
04:20:00,501201010,5,1,5,1,0
04:20:00,501201011,14,0,8,1,0
04:20:00,501201012,11,0,29,1,0
04:20:00,501201013,2,0,20,1,0
04:20:00,501201014,10,0,9,1,0
04:20:00,501201015,11,1,14,1,0
04:20:00,501201016,9,1,16,1,0
04:20:00,501201017,13,0,14,1,0
04:20:00,501201018,3,0,21,1,0
04:20:00,501201019,2,0,26,1,0
04:20:00,501201020,6,0,18,1,0
04:20:00,501201021,3,0,12,1,0
04:20:00,501201022,7,1,9,1,0
04:20:00,501201023,6,0,22,1,0
04:20:00,501201024,3,0,20,1,0
04:20:00,501201025,8,0,16,1,0
04:20:00,501201026,13,2,6,1,0
04:20:00,501201028,7,1,13,1,0
04:20:00,501201029,2,0,11,1,0
04:20:00,501201030,7,1,8,1,0
04:20:00,501201031,11,0,6,1,0
04:20:00,501202001,3,0,11,1,0
04:20:00,501202003,10,0,30,1,0
04:20:00,501202013,2,0,15,1,0
04:20:00,501202023,10,0,5,1,0
04:20:00,501202024,2,0,13,1,0
04:20:00,501202034,10,1,6,1,0
04:20:00,501202035,18,1,12,1,0
04:20:00,501202036,13,0,26,1,0
04:20:00,501202040,4,1,41,1,0
04:20:00,501202043,4,1,21,1,0
04:20:00,501202044,0,0,0,2,0
04:20:00,501202047,4,0,18,1,0
04:20:00,501202050,9,1,7,1,0
04:20:00,501202055,6,0,9,1,0
04:20:00,501202058,8,0,7,1,0
04:20:00,501202065,9,2,6,1,0
04:20:00,501202068,10,0,8,1,0
04:20:00,501202070,2,0,14,1,0
04:20:00,501202078,5,3,20,1,0
04:20:00,501202080,12,0,14,1,0
04:20:00,501202081,19,1,4,1,0
04:20:00,501202082,7,1,16,1,0
04:20:00,501202083,4,0,20,1,0
04:20:00,501202084,2,2,21,1,0
04:20:00,501202085,15,0,20,1,0
04:20:00,501202088,8,2,22,1,0
04:20:00,501202089,2,0,27,1,0
04:20:00,501202096,8,1,5,1,0
04:20:00,501203001,3,0,17,1,0
04:20:00,501203002,3,1,19,1,0
04:20:00,501203003,2,0,92,1,0
04:20:00,501203005,7,0,13,1,0
04:20:00,501203006,1,0,14,1,0
04:20:00,501203007,11,0,4,1,0
04:20:00,501203008,14,1,2,1,0
04:20:00,501203010,16,5,17,1,0
04:20:00,501203011,20,3,16,1,0
04:20:00,501203012,6,0,11,1,0
04:20:00,501203013,10,0,14,1,0
04:20:00,501203015,12,2,0,1,0
04:20:00,501203020,14,0,6,1,0
04:20:00,501203022,4,0,15,1,0
04:20:00,501203023,2,1,16,1,0
04:20:00,501203028,19,0,6,1,0
04:20:00,501203040,0,0,24,1,0
04:20:00,501203045,5,2,13,1,0
04:20:00,501203050,38,0,22,1,0
04:20:00,501203051,12,0,12,1,0
04:20:00,501203053,4,0,22,1,0
04:20:00,501203054,7,3,15,1,0
04:20:00,501203064,7,2,8,1,0
04:20:00,501203065,7,0,9,1,0
04:20:00,501203070,5,0,10,1,0
04:20:00,501203073,5,0,19,1,0
04:20:00,501203076,8,0,8,1,0
04:20:00,501203078,7,1,9,1,0
04:20:00,501203080,2,0,13,1,0
04:20:00,501203084,8,2,3,1,0
04:20:00,501203085,4,0,6,1,0
04:20:00,501203088,3,0,11,1,0
04:20:00,501203089,7,2,5,1,0
04:20:00,501203090,3,0,7,1,0
04:20:00,501203091,8,1,5,1,0
04:20:00,501203092,3,0,17,1,0
04:20:00,501203100,2,0,16,1,0
04:20:00,501203101,0,0,0,2,0
04:20:00,501203102,5,2,14,1,0
04:20:00,501203104,2,0,17,1,0
04:20:00,501203105,7,1,4,1,0
04:20:00,501203107,0,0,0,2,0
04:20:00,501203109,4,0,22,1,0
04:20:00,501203110,8,0,33,1,0
04:20:00,501203111,10,1,1,1,0
04:20:00,501203113,5,0,14,1,0
04:20:00,501203114,6,0,44,1,0
04:20:00,501203117,0,0,0,2,0
04:20:00,501203118,4,0,16,1,0
04:20:00,501203121,18,2,6,1,0
04:20:00,501203122,12,0,8,1,0
04:20:00,501203125,5,0,19,1,0
04:20:00,501203131,16,0,4,1,0
04:20:00,501203140,3,0,39,1,0
04:20:00,501203141,10,1,6,1,0
04:20:00,501203142,10,3,65,1,0
04:20:00,501203145,5,0,10,1,0
04:20:00,501203151,18,0,0,1,0
04:20:00,501203155,6,2,13,1,0
04:20:00,501203157,6,0,11,1,0
04:20:00,501203159,8,2,12,1,0
04:20:00,501203161,7,0,12,1,0
04:20:00,501203162,10,0,11,1,0
04:20:00,501203163,7,1,9,1,0
04:20:00,501204001,6,1,19,1,0
04:20:00,501204002,4,0,32,1,0
04:20:00,501204003,15,0,29,1,0
04:20:00,501204004,5,0,9,1,0
04:20:00,501204005,12,1,7,1,0
04:20:00,501204007,7,1,29,1,0
04:20:00,501204008,4,0,11,1,0
04:20:00,501204009,0,0,0,2,0
04:20:00,501204010,0,0,0,2,0
04:20:00,501204011,10,1,5,1,0
04:20:00,501204012,8,2,6,1,0
04:20:00,501204013,12,3,3,1,0
04:20:00,501204014,6,1,10,1,0
04:20:00,501204015,10,0,5,1,0
04:20:00,501204016,8,2,12,1,0
04:20:00,501204017,5,0,10,1,0
04:20:00,501204018,11,1,13,1,0
04:20:00,501204020,7,3,13,1,0
04:20:00,501204021,6,0,14,1,0
04:20:00,501204022,3,0,13,1,0
04:20:00,501204023,13,1,2,1,0
04:20:00,501204024,0,0,0,2,0
04:20:00,501204025,9,0,11,1,0
04:20:00,501205001,4,0,13,1,0
04:20:00,501205003,3,0,16,1,0
04:20:00,501205004,13,1,3,1,0
04:20:00,501205005,4,0,18,1,0
04:20:00,501205006,12,0,8,1,0
04:20:00,501205007,7,2,5,1,0
04:20:00,501205008,11,2,15,1,0
04:20:00,501205009,9,0,34,1,0
04:20:00,501205010,5,0,9,1,0
04:20:00,501205011,4,0,28,1,0
04:20:00,501205012,8,2,11,1,0
04:20:00,501205013,6,0,15,1,0
04:20:00,501205014,20,13,3,1,0
04:20:00,501205015,7,0,10,1,0
04:20:00,501205018,7,0,11,1,0
04:20:00,501205019,2,1,26,1,0
04:20:00,501205020,2,0,28,1,0
04:20:00,501205021,6,1,9,1,0
04:20:00,501205022,8,0,7,1,0
04:20:00,501205023,6,1,9,1,0
04:20:00,501205025,14,2,12,1,0
04:20:00,501205026,2,0,17,1,0
04:20:00,501205027,1,0,9,1,0
04:20:00,501205028,4,0,11,1,0
04:20:00,501205029,4,0,6,1,0
04:20:00,501205030,5,1,5,1,0
04:20:00,501205033,4,2,11,1,0
04:20:00,501205034,4,0,24,1,0
04:20:00,501205035,7,1,8,1,0
04:20:00,501205036,11,4,4,1,0
04:20:00,501205037,7,0,9,1,0
04:20:00,501205038,14,0,6,1,0
04:20:00,501205039,5,1,15,1,0
04:20:00,501205040,15,1,10,1,0
04:20:00,501205041,13,0,4,1,0
04:20:00,501205042,2,2,27,1,0
04:20:00,501208011,17,1,20,1,0
04:20:00,501208013,39,1,14,1,0
04:20:00,501208014,30,0,8,1,0
04:20:00,501208015,13,0,2,1,0
04:20:00,501208018,7,1,7,1,0
04:20:00,501208021,5,1,12,1,0
04:20:00,501208027,6,0,23,1,0
04:20:00,501208029,13,3,9,1,0
04:20:00,501208030,30,2,8,1,0
04:20:00,501208032,4,1,24,1,0
04:20:00,501208040,2,1,17,1,0
04:20:00,501208041,2,0,13,1,0
04:20:00,501208045,7,2,24,1,0
04:20:00,501208051,3,1,33,1,0
04:20:00,501208053,16,0,5,1,0
04:20:00,501208054,5,0,23,1,0
04:20:00,501208059,1,0,24,1,0
04:20:00,501208064,1,0,19,1,0
04:20:00,501208077,7,4,3,1,0
04:20:00,501208079,2,0,19,1,0
04:20:00,501208082,5,1,5,1,0
04:20:00,501208085,14,4,2,1,0
04:20:00,501208087,4,0,26,1,0
04:20:00,501208089,16,1,9,1,0
04:20:00,501208091,1,1,42,1,0
04:20:00,501208111,7,0,8,1,0
04:20:00,501208113,1,1,19,1,0
04:20:00,501208114,4,1,16,1,0
04:20:00,501208129,1,0,22,1,0
04:20:00,501208130,1,0,14,1,0
04:20:00,501209002,10,2,10,1,0
04:20:00,501209003,3,0,11,1,0
04:20:00,501209004,10,0,5,1,0
04:20:00,501209005,2,1,16,1,0
04:20:00,501209006,5,1,14,1,0
04:20:00,501209007,11,1,4,1,0
04:20:00,501209009,0,0,0,2,0
04:20:00,501209010,7,3,7,1,0
04:20:00,501209011,3,0,22,1,0
04:20:00,501209014,7,0,5,1,0
04:20:00,501209015,9,2,6,1,0
04:20:00,501209016,1,1,28,1,0
04:20:00,501209017,4,1,8,1,0
04:20:00,501209018,1,0,16,1,0
04:20:00,501209019,2,1,23,1,0
04:20:00,501209020,2,0,30,1,0
04:20:00,501209021,10,3,4,1,0
04:20:00,501209022,6,0,4,1,0
04:20:00,501209023,17,0,25,1,0
04:20:00,501209024,7,0,35,1,0
04:20:00,501209025,9,1,6,1,0
04:20:00,501209026,16,1,10,1,0
04:20:00,501209027,4,0,15,1,0
04:20:00,501209028,7,0,21,1,0
04:20:00,501209030,17,0,1,1,0
04:20:00,501209031,4,0,26,1,0
04:20:00,501209032,6,0,22,1,0
04:20:00,501209033,4,1,16,1,0
04:20:00,501209034,6,2,9,1,0
04:20:00,501209035,3,0,25,1,0
04:20:00,501209036,3,0,27,1,0
04:20:00,501209037,14,1,22,1,0
04:20:00,501209038,10,1,6,1,0
04:20:00,501209039,5,0,25,1,0
04:20:00,501209040,2,0,28,1,0
04:20:00,501209042,15,0,5,1,0
04:20:00,501209043,18,1,7,1,0
04:20:00,501209044,10,1,5,1,0
04:20:00,501209045,7,0,9,1,0
04:20:00,501209046,11,0,11,1,0
04:20:00,501209047,7,0,7,1,0
04:20:00,501209049,5,1,15,1,0
04:20:00,501209050,5,0,8,1,0
04:20:00,501209051,2,0,22,1,0
04:20:00,501209052,1,0,20,1,0
04:20:00,501209053,2,1,18,1,0
04:20:00,501209054,4,0,23,1,0
04:20:00,501209056,7,0,8,1,0
04:20:00,501209058,8,0,7,1,0
04:20:00,501209059,3,0,12,1,0
04:20:00,501209060,8,1,12,1,0
04:20:00,501209062,6,0,9,1,0
04:20:00,501209064,8,4,7,1,0
04:20:00,501209065,6,0,7,1,0
04:20:00,501209066,8,0,6,1,0
04:20:00,501209067,9,1,6,1,0
04:20:00,501209068,1,0,16,1,0
04:20:00,501209069,6,0,57,1,0
04:20:00,501209070,5,2,12,1,0
04:20:00,501209071,1,0,16,1,0
04:20:00,501209073,9,4,6,1,0
04:20:00,501209074,12,0,11,1,0
04:20:00,501209075,9,2,7,1,0
04:20:00,501209076,3,0,20,1,0
04:20:00,501209077,8,2,7,1,0
04:20:00,501209078,10,4,3,1,0
04:20:00,501209079,17,1,8,1,0
04:20:00,501209080,7,0,20,1,0
04:20:00,501209081,8,2,7,1,0
04:20:00,501209084,4,0,19,1,0
04:20:00,501209085,7,2,20,1,0
04:20:00,501209087,2,0,37,1,0
04:20:00,501209088,5,0,10,1,0
04:20:00,501209089,1,0,19,1,0
04:20:00,501209090,8,1,6,1,0
04:20:00,501209091,3,1,13,1,0
04:20:00,501209092,9,2,7,1,0
04:20:00,501209093,2,1,13,1,0
04:20:00,501209094,13,4,3,1,0
04:20:00,501209095,5,3,9,1,0
04:20:00,501209096,9,3,4,1,0
04:20:00,501209097,13,1,2,1,0
04:20:00,501209098,2,1,13,1,0
04:20:00,501209099,4,0,16,1,0
04:20:00,501209100,12,0,2,1,0
04:20:00,501209101,3,0,12,1,0
04:20:00,501209102,3,1,17,1,0
04:20:00,501209104,8,1,11,1,0
04:20:00,501209105,16,3,9,1,0
04:20:00,501209106,4,0,15,1,0
04:20:00,501211001,17,4,20,1,0
04:20:00,501211002,2,2,13,1,0
04:20:00,501211004,1,0,14,1,0
04:20:00,501211005,6,1,12,1,0
04:20:00,501211006,6,0,11,1,0
04:20:00,501211007,3,0,16,1,0
04:20:00,501211009,9,1,9,1,0
04:20:00,501211011,19,3,11,1,0
04:20:00,501211012,9,0,9,1,0
04:30:00,501201001,0,0,0,2,0
04:30:00,501201002,11,0,29,1,0
04:30:00,501201003,3,0,20,1,0
04:30:00,501201004,11,2,4,1,0
04:30:00,501201005,2,0,17,1,0
04:30:00,501201006,4,1,24,1,0
04:30:00,501201007,5,0,14,1,0
04:30:00,501201008,4,0,21,1,0
04:30:00,501201010,5,1,5,1,0
04:30:00,501201011,14,0,8,1,0
04:30:00,501201012,11,0,29,1,0
04:30:00,501201013,2,0,20,1,0
04:30:00,501201014,10,0,9,1,0
04:30:00,501201015,11,1,14,1,0
04:30:00,501201016,9,1,16,1,0
04:30:00,501201017,13,0,14,1,0
04:30:00,501201018,3,0,21,1,0
04:30:00,501201019,2,0,26,1,0
04:30:00,501201020,6,0,18,1,0
04:30:00,501201021,3,0,12,1,0
04:30:00,501201022,7,1,9,1,0
04:30:00,501201023,6,0,22,1,0
04:30:00,501201024,3,0,20,1,0
04:30:00,501201025,8,0,16,1,0
04:30:00,501201026,13,2,6,1,0
04:30:00,501201028,7,1,13,1,0
04:30:00,501201029,2,0,11,1,0
04:30:00,501201030,7,1,8,1,0
04:30:00,501201031,11,0,6,1,0
04:30:00,501202001,3,0,11,1,0
04:30:00,501202003,10,0,30,1,0
04:30:00,501202013,2,0,15,1,0
04:30:00,501202023,10,0,5,1,0
04:30:00,501202024,2,0,13,1,0
04:30:00,501202034,10,1,6,1,0
04:30:00,501202035,18,1,12,1,0
04:30:00,501202036,13,0,26,1,0
04:30:00,501202040,4,1,41,1,0
04:30:00,501202043,4,1,21,1,0
04:30:00,501202044,0,0,0,2,0
04:30:00,501202047,4,0,18,1,0
04:30:00,501202050,9,1,7,1,0
04:30:00,501202055,6,0,9,1,0
04:30:00,501202058,8,0,7,1,0
04:30:00,501202065,9,2,6,1,0
04:30:00,501202068,10,0,8,1,0
04:30:00,501202070,2,0,14,1,0
04:30:00,501202078,5,3,20,1,0
04:30:00,501202080,12,0,14,1,0
04:30:00,501202081,19,1,4,1,0
04:30:00,501202082,7,1,16,1,0
04:30:00,501202083,4,0,20,1,0
04:30:00,501202084,2,2,21,1,0
04:30:00,501202085,15,0,20,1,0
04:30:00,501202088,8,2,22,1,0
04:30:00,501202089,2,0,27,1,0
04:30:00,501202096,8,1,5,1,0
04:30:00,501203001,2,0,18,1,0
04:30:00,501203002,3,1,19,1,0
04:30:00,501203003,2,0,92,1,0
04:30:00,501203005,7,0,13,1,0
04:30:00,501203006,1,0,14,1,0
04:30:00,501203007,11,0,4,1,0
04:30:00,501203008,10,1,6,1,0
04:30:00,501203010,16,5,17,1,0
04:30:00,501203011,22,5,16,1,0
04:30:00,501203012,6,0,11,1,0
04:30:00,501203013,10,0,14,1,0
04:30:00,501203015,12,2,0,1,0
04:30:00,501203020,14,0,6,1,0
04:30:00,501203022,4,0,15,1,0
04:30:00,501203023,2,1,16,1,0
04:30:00,501203028,20,0,5,1,0
04:30:00,501203040,4,0,20,1,0
04:30:00,501203045,5,2,13,1,0
04:30:00,501203050,38,0,22,1,0
04:30:00,501203051,12,0,12,1,0
04:30:00,501203053,3,0,23,1,0
04:30:00,501203054,7,3,15,1,0
04:30:00,501203064,7,2,8,1,0
04:30:00,501203065,7,0,9,1,0
04:30:00,501203070,5,0,10,1,0
04:30:00,501203073,5,0,19,1,0
04:30:00,501203076,8,0,8,1,0
04:30:00,501203078,7,1,9,1,0
04:30:00,501203080,2,0,13,1,0
04:30:00,501203084,8,2,3,1,0
04:30:00,501203085,4,0,6,1,0
04:30:00,501203088,4,0,10,1,0
04:30:00,501203089,7,2,5,1,0
04:30:00,501203090,3,0,7,1,0
04:30:00,501203091,8,1,5,1,0
04:30:00,501203092,4,1,16,1,0
04:30:00,501203100,2,0,16,1,0
04:30:00,501203101,0,0,0,2,0
04:30:00,501203102,5,2,14,1,0
04:30:00,501203104,2,0,17,1,0
04:30:00,501203105,7,1,4,1,0
04:30:00,501203107,0,0,0,2,0
04:30:00,501203109,4,0,22,1,0
04:30:00,501203110,8,0,33,1,0
04:30:00,501203111,10,1,1,1,0
04:30:00,501203113,1,0,18,1,0
04:30:00,501203114,6,0,44,1,0
04:30:00,501203117,0,0,0,2,0
04:30:00,501203118,4,0,16,1,0
04:30:00,501203121,18,2,6,1,0
04:30:00,501203122,12,0,8,1,0
04:30:00,501203125,5,0,19,1,0
04:30:00,501203131,16,0,4,1,0
04:30:00,501203140,1,0,41,1,0
04:30:00,501203141,10,1,6,1,0
04:30:00,501203142,10,3,65,1,0
04:30:00,501203145,5,0,10,1,0
04:30:00,501203151,18,0,0,1,0
04:30:00,501203155,6,2,13,1,0
04:30:00,501203157,6,0,11,1,0
04:30:00,501203159,8,2,12,1,0
04:30:00,501203161,7,0,12,1,0
04:30:00,501203162,11,1,10,1,0
04:30:00,501203163,7,1,9,1,0
04:30:00,501204001,6,1,19,1,0
04:30:00,501204002,4,0,32,1,0
04:30:00,501204003,15,0,29,1,0
04:30:00,501204004,5,0,9,1,0
04:30:00,501204005,12,1,7,1,0
04:30:00,501204007,7,1,29,1,0
04:30:00,501204008,4,0,11,1,0
04:30:00,501204009,0,0,0,2,0
04:30:00,501204010,0,0,0,2,0
04:30:00,501204011,10,1,5,1,0
04:30:00,501204012,8,2,6,1,0
04:30:00,501204013,13,4,2,1,0
04:30:00,501204014,6,1,10,1,0
04:30:00,501204015,10,0,5,1,0
04:30:00,501204016,8,2,12,1,0
04:30:00,501204017,5,0,10,1,0
04:30:00,501204018,11,1,13,1,0
04:30:00,501204020,7,3,13,1,0
04:30:00,501204021,6,0,14,1,0
04:30:00,501204022,3,0,13,1,0
04:30:00,501204023,13,1,2,1,0
04:30:00,501204024,0,0,0,2,0
04:30:00,501204025,9,0,11,1,0
04:30:00,501205001,4,0,13,1,0
04:30:00,501205003,3,0,16,1,0
04:30:00,501205004,13,1,3,1,0
04:30:00,501205005,4,0,18,1,0
04:30:00,501205006,12,0,8,1,0
04:30:00,501205007,7,2,5,1,0
04:30:00,501205008,11,2,15,1,0
04:30:00,501205009,9,0,34,1,0
04:30:00,501205010,4,0,10,1,0
04:30:00,501205011,4,0,28,1,0
04:30:00,501205012,8,2,11,1,0
04:30:00,501205013,6,0,15,1,0
04:30:00,501205014,20,13,3,1,0
04:30:00,501205015,7,0,10,1,0
04:30:00,501205018,7,0,11,1,0
04:30:00,501205019,2,1,26,1,0
04:30:00,501205020,2,0,28,1,0
04:30:00,501205021,7,1,8,1,0
04:30:00,501205022,8,0,7,1,0
04:30:00,501205023,6,1,9,1,0
04:30:00,501205025,14,2,12,1,0
04:30:00,501205026,3,0,16,1,0
04:30:00,501205027,1,0,9,1,0
04:30:00,501205028,4,0,11,1,0
04:30:00,501205029,4,0,6,1,0
04:30:00,501205030,5,1,5,1,0
04:30:00,501205033,4,2,11,1,0
04:30:00,501205034,4,0,24,1,0
04:30:00,501205035,7,1,8,1,0
04:30:00,501205036,11,4,4,1,0
04:30:00,501205037,7,0,9,1,0
04:30:00,501205038,14,0,6,1,0
04:30:00,501205039,5,1,15,1,0
04:30:00,501205040,15,1,10,1,0
04:30:00,501205041,13,0,4,1,0
04:30:00,501205042,2,2,27,1,0
04:30:00,501208011,17,1,20,1,0
04:30:00,501208013,39,1,14,1,0
04:30:00,501208014,30,0,8,1,0
04:30:00,501208015,13,0,2,1,0
04:30:00,501208018,7,1,7,1,0
04:30:00,501208021,5,1,12,1,0
04:30:00,501208027,6,0,23,1,0
04:30:00,501208029,13,3,9,1,0
04:30:00,501208030,30,2,8,1,0
04:30:00,501208032,4,1,24,1,0
04:30:00,501208040,2,1,17,1,0
04:30:00,501208041,2,0,13,1,0
04:30:00,501208045,7,2,24,1,0
04:30:00,501208051,3,1,33,1,0
04:30:00,501208053,16,0,5,1,0
04:30:00,501208054,5,0,23,1,0
04:30:00,501208059,1,0,24,1,0
04:30:00,501208064,1,0,19,1,0
04:30:00,501208077,7,4,3,1,0
04:30:00,501208079,2,0,19,1,0
04:30:00,501208082,5,1,5,1,0
04:30:00,501208085,14,4,2,1,0
04:30:00,501208087,4,0,26,1,0
04:30:00,501208089,16,1,9,1,0
04:30:00,501208091,1,1,42,1,0
04:30:00,501208111,7,0,8,1,0
04:30:00,501208113,1,1,19,1,0
04:30:00,501208114,4,1,16,1,0
04:30:00,501208129,1,0,22,1,0
04:30:00,501208130,1,0,14,1,0
04:30:00,501209002,10,2,10,1,0
04:30:00,501209003,3,0,11,1,0
04:30:00,501209004,10,0,5,1,0
04:30:00,501209005,2,1,16,1,0
04:30:00,501209006,5,1,14,1,0
04:30:00,501209007,11,1,4,1,0
04:30:00,501209009,0,0,0,2,0
04:30:00,501209010,7,3,7,1,0
04:30:00,501209011,3,0,22,1,0
04:30:00,501209014,7,0,5,1,0
04:30:00,501209015,9,2,6,1,0
04:30:00,501209016,1,1,28,1,0
04:30:00,501209017,4,1,8,1,0
04:30:00,501209018,1,0,16,1,0
04:30:00,501209019,2,1,23,1,0
04:30:00,501209020,2,0,30,1,0
04:30:00,501209021,10,3,4,1,0
04:30:00,501209022,6,0,4,1,0
04:30:00,501209023,17,0,25,1,0
04:30:00,501209024,7,0,35,1,0
04:30:00,501209025,9,1,6,1,0
04:30:00,501209026,16,1,10,1,0
04:30:00,501209027,4,0,15,1,0
04:30:00,501209028,7,0,21,1,0
04:30:00,501209030,17,0,1,1,0
04:30:00,501209031,4,0,26,1,0
04:30:00,501209032,6,0,22,1,0
04:30:00,501209033,4,1,16,1,0
04:30:00,501209034,6,2,9,1,0
04:30:00,501209035,3,0,25,1,0
04:30:00,501209036,3,0,27,1,0
04:30:00,501209037,14,1,22,1,0
04:30:00,501209038,10,1,6,1,0
04:30:00,501209039,5,0,25,1,0
04:30:00,501209040,2,0,28,1,0
04:30:00,501209042,15,0,5,1,0
04:30:00,501209043,18,1,7,1,0
04:30:00,501209044,10,1,5,1,0
04:30:00,501209045,7,0,9,1,0
04:30:00,501209046,11,0,11,1,0
04:30:00,501209047,7,0,7,1,0
04:30:00,501209049,5,1,15,1,0
04:30:00,501209050,5,0,8,1,0
04:30:00,501209051,2,0,22,1,0
04:30:00,501209052,1,0,20,1,0
04:30:00,501209053,2,1,18,1,0
04:30:00,501209054,4,0,23,1,0
04:30:00,501209056,7,0,8,1,0
04:30:00,501209058,8,0,7,1,0
04:30:00,501209059,3,0,12,1,0
04:30:00,501209060,8,1,12,1,0
04:30:00,501209062,6,0,9,1,0
04:30:00,501209064,8,4,7,1,0
04:30:00,501209065,6,0,7,1,0
04:30:00,501209066,8,0,6,1,0
04:30:00,501209067,9,1,6,1,0
04:30:00,501209068,1,0,16,1,0
04:30:00,501209069,10,1,53,1,0
04:30:00,501209070,5,2,12,1,0
04:30:00,501209071,1,0,16,1,0
04:30:00,501209073,9,4,6,1,0
04:30:00,501209074,12,0,11,1,0
04:30:00,501209075,9,2,7,1,0
04:30:00,501209076,3,0,20,1,0
04:30:00,501209077,8,2,7,1,0
04:30:00,501209078,10,4,3,1,0
04:30:00,501209079,17,1,8,1,0
04:30:00,501209080,7,0,20,1,0
04:30:00,501209081,8,2,7,1,0
04:30:00,501209084,4,0,19,1,0
04:30:00,501209085,7,2,20,1,0
04:30:00,501209087,2,0,37,1,0
04:30:00,501209088,5,0,10,1,0
04:30:00,501209089,1,0,19,1,0
04:30:00,501209090,8,1,6,1,0
04:30:00,501209091,3,1,13,1,0
04:30:00,501209092,9,2,7,1,0
04:30:00,501209093,2,1,13,1,0
04:30:00,501209094,13,4,3,1,0
04:30:00,501209095,5,3,9,1,0
04:30:00,501209096,9,3,4,1,0
04:30:00,501209097,13,1,2,1,0
04:30:00,501209098,2,1,13,1,0
04:30:00,501209099,4,0,16,1,0
04:30:00,501209100,12,0,2,1,0
04:30:00,501209101,3,0,12,1,0
04:30:00,501209102,3,1,17,1,0
04:30:00,501209104,8,1,11,1,0
04:30:00,501209105,16,3,9,1,0
04:30:00,501209106,4,0,15,1,0
04:30:00,501211001,17,4,20,1,0
04:30:00,501211002,2,2,13,1,0
04:30:00,501211004,1,0,14,1,0
04:30:00,501211005,6,1,12,1,0
04:30:00,501211006,6,0,11,1,0
04:30:00,501211007,3,0,16,1,0
04:30:00,501211009,9,1,9,1,0
04:30:00,501211011,19,3,11,1,0
04:30:00,501211012,9,0,9,1,0
