time,sno,bikes,ebikes,empty,status,age
00:00:00,501201001,0,0,0,2,0
00:00:00,501201002,12,0,27,1,0
00:00:00,501201003,2,0,21,1,0
00:00:00,501201004,5,2,8,1,0
00:00:00,501201005,0,0,18,1,0
00:00:00,501201006,3,1,25,1,0
00:00:00,501201007,6,1,12,1,0
00:00:00,501201008,10,3,15,1,0
00:00:00,501201010,5,1,5,1,0
00:00:00,501201011,10,1,12,1,0
00:00:00,501201012,1,0,35,1,0
00:00:00,501201013,5,0,17,1,0
00:00:00,501201014,8,2,11,1,0
00:00:00,501201015,12,1,13,1,0
00:00:00,501201016,6,1,18,1,0
00:00:00,501201017,13,0,11,1,0
00:00:00,501201018,4,0,19,1,0
00:00:00,501201019,16,0,10,1,0
00:00:00,501201020,9,0,15,1,0
00:00:00,501201021,7,0,7,1,0
00:00:00,501201022,4,0,12,1,0
00:00:00,501201023,8,1,20,1,0
00:00:00,501201024,12,1,12,1,0
00:00:00,501201025,12,0,12,1,0
00:00:00,501201026,9,1,10,1,0
00:00:00,501201028,15,0,5,1,0
00:00:00,501201029,8,1,5,1,0
00:00:00,501201030,3,0,11,1,0
00:00:00,501201031,7,0,10,1,0
00:00:00,501202001,3,1,11,1,0
00:00:00,501202003,13,0,27,1,0
00:00:00,501202013,1,0,16,1,0
00:00:00,501202023,10,1,5,1,0
00:00:00,501202024,6,1,9,1,0
00:00:00,501202034,13,0,3,1,0
00:00:00,501202035,2,1,28,1,0
00:00:00,501202036,15,0,24,1,0
00:00:00,501202040,11,0,31,1,0
00:00:00,501202043,5,1,20,1,0
00:00:00,501202044,0,0,0,2,0
00:00:00,501202047,6,2,16,1,0
00:00:00,501202050,5,0,10,1,0
00:00:00,501202055,12,0,3,1,0
00:00:00,501202058,6,0,9,1,0
00:00:00,501202065,9,0,6,1,0
00:00:00,501202068,11,0,7,1,0
00:00:00,501202070,5,0,11,1,0
00:00:00,501202078,2,0,23,1,0
00:00:00,501202080,9,2,17,1,0
00:00:00,501202081,8,1,15,1,0
00:00:00,501202082,0,0,22,1,0
00:00:00,501202083,17,2,7,1,0
00:00:00,501202084,10,0,14,1,0
00:00:00,501202085,14,0,21,1,0
00:00:00,501202088,6,2,24,1,0
00:00:00,501202089,3,0,26,1,0
00:00:00,501202096,14,2,1,1,0
00:00:00,501203001,0,0,19,1,0
00:00:00,501203002,0,0,22,1,0
00:00:00,501203003,1,0,92,1,0
00:00:00,501203005,11,0,9,1,0
00:00:00,501203006,8,0,7,1,0
00:00:00,501203007,12,1,2,1,0
00:00:00,501203008,6,0,10,1,0
00:00:00,501203010,19,1,14,1,0
00:00:00,501203011,30,7,8,1,0
00:00:00,501203012,9,0,8,1,0
00:00:00,501203013,4,2,20,1,0
00:00:00,501203015,12,3,0,1,0
00:00:00,501203020,13,0,6,1,0
00:00:00,501203022,2,1,17,1,0
00:00:00,501203023,3,1,15,1,0
00:00:00,501203028,12,0,13,1,0
00:00:00,501203040,3,1,20,1,0
00:00:00,501203045,8,0,10,1,0
00:00:00,501203050,32,0,28,1,0
00:00:00,501203051,6,0,18,1,0
00:00:00,501203053,1,0,25,1,0
00:00:00,501203054,10,2,12,1,0
00:00:00,501203064,7,1,8,1,0
00:00:00,501203065,12,0,4,1,0
00:00:00,501203070,8,0,6,1,0
00:00:00,501203073,0,0,24,1,0
00:00:00,501203076,6,0,10,1,0
00:00:00,501203078,8,1,8,1,0
00:00:00,501203080,6,0,9,1,0
00:00:00,501203084,2,0,9,1,0
00:00:00,501203085,5,0,5,1,0
00:00:00,501203088,11,1,3,1,0
00:00:00,501203089,5,0,7,1,0
00:00:00,501203090,1,0,9,1,0
00:00:00,501203091,9,0,4,1,0
00:00:00,501203092,0,0,18,1,0
00:00:00,501203100,9,2,10,1,0
00:00:00,501203101,0,0,0,2,0
00:00:00,501203102,6,2,13,1,0
00:00:00,501203104,3,1,16,1,0
00:00:00,501203105,6,2,3,1,0
00:00:00,501203107,0,0,0,2,0
00:00:00,501203109,3,2,23,1,0
00:00:00,501203110,3,0,38,1,0
00:00:00,501203111,10,0,1,1,0
00:00:00,501203113,5,0,14,1,0
00:00:00,501203114,6,1,44,1,0
00:00:00,501203117,0,0,0,2,0
00:00:00,501203118,18,3,2,1,0
00:00:00,501203121,21,1,3,1,0
00:00:00,501203122,10,1,10,1,0
00:00:00,501203125,20,1,5,1,0
00:00:00,501203131,19,5,1,1,0
00:00:00,501203140,1,0,41,1,0
00:00:00,501203141,6,0,10,1,0
00:00:00,501203142,4,1,32,1,0
00:00:00,501203145,9,1,6,1,0
00:00:00,501203151,11,2,7,1,0
00:00:00,501203155,5,0,14,1,0
00:00:00,501203157,4,1,13,1,0
00:00:00,501203159,4,1,16,1,0
00:00:00,501203161,1,0,18,1,0
00:00:00,501203162,1,0,20,1,0
00:00:00,501203163,14,3,2,1,0
00:00:00,501204001,1,0,23,1,0
00:00:00,501204002,9,0,27,1,0
00:00:00,501204003,2,0,42,1,0
00:00:00,501204004,3,1,11,1,0
00:00:00,501204005,17,0,2,1,0
00:00:00,501204007,1,0,35,1,0
00:00:00,501204008,4,0,11,1,0
00:00:00,501204009,0,0,0,2,0
00:00:00,501204010,0,0,0,2,0
00:00:00,501204011,3,2,12,1,0
00:00:00,501204012,9,0,4,1,0
00:00:00,501204013,13,2,0,1,0
00:00:00,501204014,7,2,9,1,0
00:00:00,501204015,13,0,2,1,0
00:00:00,501204016,1,0,19,1,0
00:00:00,501204017,6,3,9,1,0
00:00:00,501204018,20,3,4,1,0
00:00:00,501204020,7,0,13,1,0
00:00:00,501204021,0,0,20,1,0
00:00:00,501204022,8,0,8,1,0
00:00:00,501204023,14,2,1,1,0
00:00:00,501204024,0,0,0,2,0
00:00:00,501204025,9,0,11,1,0
00:00:00,501205001,7,0,10,1,0
00:00:00,501205003,4,0,14,1,0
00:00:00,501205004,11,1,5,1,0
00:00:00,501205005,5,0,17,1,0
00:00:00,501205006,15,1,5,1,0
00:00:00,501205007,7,2,5,1,0
00:00:00,501205008,12,1,14,1,0
00:00:00,501205009,26,0,19,1,0
00:00:00,501205010,7,1,6,1,0
00:00:00,501205011,9,0,23,1,0
00:00:00,501205012,5,0,15,1,0
00:00:00,501205013,2,0,19,1,0
00:00:00,501205014,19,9,4,1,0
00:00:00,501205015,4,0,14,1,0
00:00:00,501205018,11,3,7,1,0
00:00:00,501205019,5,0,23,1,0
00:00:00,501205020,1,0,29,1,0
00:00:00,501205021,12,1,3,1,0
00:00:00,501205022,6,0,9,1,0
00:00:00,501205023,4,0,11,1,0
00:00:00,501205025,26,0,1,1,0
00:00:00,501205026,8,2,11,1,0
00:00:00,501205027,2,0,8,1,0
00:00:00,501205028,4,0,11,1,0
00:00:00,501205029,0,0,10,1,0
00:00:00,501205030,6,1,4,1,0
00:00:00,501205033,3,0,12,1,0
00:00:00,501205034,1,1,27,1,0
00:00:00,501205035,13,3,3,1,0
00:00:00,501205036,4,0,10,1,0
00:00:00,501205037,4,0,11,1,0
00:00:00,501205038,6,1,14,1,0
00:00:00,501205039,9,1,11,1,0
00:00:00,501205040,12,0,13,1,0
00:00:00,501205041,16,0,1,1,0
00:00:00,501205042,6,2,23,1,0
00:00:00,501208011,36,2,0,1,0
00:00:00,501208013,32,5,22,1,0
00:00:00,501208014,6,0,32,1,0
00:00:00,501208015,8,1,7,1,0
00:00:00,501208018,12,2,3,1,0
00:00:00,501208021,1,0,16,1,0
00:00:00,501208027,4,0,26,1,0
00:00:00,501208029,15,1,6,1,0
00:00:00,501208030,13,0,25,1,0
00:00:00,501208032,23,0,5,1,0
00:00:00,501208040,7,1,12,1,0
00:00:00,501208041,2,0,13,1,0
00:00:00,501208045,13,0,19,1,0
00:00:00,501208051,1,0,35,1,0
00:00:00,501208053,12,0,9,1,0
00:00:00,501208054,1,1,27,1,0
00:00:00,501208059,4,0,25,1,0
00:00:00,501208064,5,0,15,1,0
00:00:00,501208077,4,0,6,1,0
00:00:00,501208079,0,0,22,1,0
00:00:00,501208082,1,1,9,1,0
00:00:00,501208085,16,0,1,1,0
00:00:00,501208087,1,0,30,1,0
00:00:00,501208089,15,1,10,1,0
00:00:00,501208091,1,0,42,1,0
00:00:00,501208111,7,2,8,1,0
00:00:00,501208113,6,0,14,1,0
00:00:00,501208114,6,0,14,1,0
00:00:00,501208129,4,0,18,1,0
00:00:00,501208130,8,0,6,1,0
00:00:00,501209002,18,2,2,1,0
00:00:00,501209003,2,0,12,1,0
00:00:00,501209004,9,1,6,1,0
00:00:00,501209005,1,1,17,1,0
00:00:00,501209006,0,0,19,1,0
00:00:00,501209007,15,1,0,1,0
00:00:00,501209009,0,0,0,2,0
00:00:00,501209010,6,1,8,1,0
00:00:00,501209011,7,1,18,1,0
00:00:00,501209014,3,0,9,1,0
00:00:00,501209015,9,1,6,1,0
00:00:00,501209016,11,1,18,1,0
00:00:00,501209017,7,0,6,1,0
00:00:00,501209018,1,0,15,1,0
00:00:00,501209019,6,0,18,1,0
00:00:00,501209020,5,1,27,1,0
00:00:00,501209021,5,0,9,1,0
00:00:00,501209022,8,2,2,1,0
00:00:00,501209023,35,0,8,1,0
00:00:00,501209024,4,0,38,1,0
00:00:00,501209025,14,0,1,1,0
00:00:00,501209026,12,0,14,1,0
00:00:00,501209027,1,1,18,1,0
00:00:00,501209028,5,1,23,1,0
00:00:00,501209030,18,2,0,1,0
00:00:00,501209031,16,0,14,1,0
00:00:00,501209032,7,0,20,1,0
00:00:00,501209033,8,1,11,1,0
00:00:00,501209034,12,2,2,1,0
00:00:00,501209035,2,0,26,1,0
00:00:00,501209036,4,1,27,1,0
00:00:00,501209037,19,1,16,1,0
00:00:00,501209038,12,3,3,1,0
00:00:00,501209039,1,0,29,1,0
00:00:00,501209040,7,0,24,1,0
00:00:00,501209042,9,3,11,1,0
00:00:00,501209043,17,0,8,1,0
00:00:00,501209044,11,4,4,1,0
00:00:00,501209045,7,1,8,1,0
00:00:00,501209046,5,0,16,1,0
00:00:00,501209047,10,3,4,1,0
00:00:00,501209049,6,0,14,1,0
00:00:00,501209050,9,1,4,1,0
00:00:00,501209051,2,1,22,1,0
00:00:00,501209052,1,0,21,1,0
00:00:00,501209053,3,1,17,1,0
00:00:00,501209054,1,1,26,1,0
00:00:00,501209056,7,0,8,1,0
00:00:00,501209058,14,3,1,1,0
00:00:00,501209059,5,0,10,1,0
00:00:00,501209060,2,0,18,1,0
00:00:00,501209062,9,0,6,1,0
00:00:00,501209064,8,0,7,1,0
00:00:00,501209065,5,1,10,1,0
00:00:00,501209066,9,0,5,1,0
00:00:00,501209067,13,1,2,1,0
00:00:00,501209068,5,1,12,1,0
00:00:00,501209069,0,0,63,1,0
00:00:00,501209070,13,3,3,1,0
00:00:00,501209071,5,0,12,1,0
00:00:00,501209073,9,1,6,1,0
00:00:00,501209074,19,2,4,1,0
00:00:00,501209075,4,1,12,1,0
00:00:00,501209076,3,0,19,1,0
00:00:00,501209077,6,1,9,1,0
00:00:00,501209078,9,1,4,1,0
00:00:00,501209079,1,0,23,1,0
00:00:00,501209080,1,0,25,1,0
00:00:00,501209081,4,2,11,1,0
00:00:00,501209084,8,1,15,1,0
00:00:00,501209085,1,0,26,1,0
00:00:00,501209087,0,0,39,1,0
00:00:00,501209088,4,1,11,1,0
00:00:00,501209089,3,0,16,1,0
00:00:00,501209090,6,2,8,1,0
00:00:00,501209091,0,0,15,1,0
00:00:00,501209092,7,0,9,1,0
00:00:00,501209093,2,1,13,1,0
00:00:00,501209094,6,0,10,1,0
00:00:00,501209095,5,4,8,1,0
00:00:00,501209096,10,1,5,1,0
00:00:00,501209097,3,1,12,1,0
00:00:00,501209098,6,0,9,1,0
00:00:00,501209099,5,1,14,1,0
00:00:00,501209100,8,0,7,1,0
00:00:00,501209101,3,0,12,1,0
00:00:00,501209102,6,1,14,1,0
00:00:00,501209104,1,0,18,1,0
00:00:00,501209105,16,4,10,1,0
00:00:00,501209106,2,0,18,1,0
00:00:00,501211001,21,7,17,1,0
00:00:00,501211002,5,3,10,1,0
00:00:00,501211004,10,1,5,1,0
00:00:00,501211005,8,0,11,1,0
00:00:00,501211006,10,0,7,1,0
00:00:00,501211007,13,0,5,1,0
00:00:00,501211009,6,1,12,1,0
00:00:00,501211011,9,1,21,1,0
00:00:00,501211012,7,1,11,1,0
00:10:00,501201001,0,0,0,2,0
00:10:00,501201002,11,0,28,1,0
00:10:00,501201003,3,0,20,1,0
00:10:00,501201004,4,2,9,1,0
00:10:00,501201005,1,0,17,1,0
00:10:00,501201006,3,1,25,1,0
00:10:00,501201007,7,2,11,1,0
00:10:00,501201008,10,3,15,1,0
00:10:00,501201010,5,1,5,1,0
00:10:00,501201011,10,1,12,1,0
00:10:00,501201012,10,1,26,1,0
00:10:00,501201013,5,0,17,1,0
00:10:00,501201014,8,2,11,1,0
00:10:00,501201015,13,1,12,1,0
00:10:00,501201016,5,1,19,1,0
00:10:00,501201017,12,0,12,1,0
00:10:00,501201018,4,0,19,1,0
00:10:00,501201019,17,1,9,1,0
00:10:00,501201020,9,0,15,1,0
00:10:00,501201021,7,0,7,1,0
00:10:00,501201022,4,0,12,1,0
00:10:00,501201023,8,1,20,1,0
00:10:00,501201024,12,1,12,1,0
00:10:00,501201025,12,0,12,1,0
00:10:00,501201026,10,1,9,1,0
00:10:00,501201028,15,0,5,1,0
00:10:00,501201029,8,1,5,1,0
00:10:00,501201030,3,0,11,1,0
00:10:00,501201031,7,0,10,1,0
00:10:00,501202001,3,1,11,1,0
00:10:00,501202003,13,0,27,1,0
00:10:00,501202013,1,0,16,1,0
00:10:00,501202023,10,1,5,1,0
00:10:00,501202024,6,1,9,1,0
00:10:00,501202034,11,0,5,1,0
00:10:00,501202035,3,1,27,1,0
00:10:00,501202036,15,0,24,1,0
00:10:00,501202040,11,0,31,1,0
00:10:00,501202043,5,1,20,1,0
00:10:00,501202044,0,0,0,2,0
00:10:00,501202047,5,2,17,1,0
00:10:00,501202050,5,0,10,1,0
00:10:00,501202055,10,0,5,1,0
00:10:00,501202058,6,0,9,1,0
00:10:00,501202065,9,0,6,1,0
00:10:00,501202068,11,0,7,1,0
00:10:00,501202070,5,0,11,1,0
00:10:00,501202078,2,0,23,1,0
00:10:00,501202080,10,2,16,1,0
00:10:00,501202081,7,1,16,1,0
00:10:00,501202082,0,0,22,1,0
00:10:00,501202083,17,2,7,1,0
00:10:00,501202084,10,0,14,1,0
00:10:00,501202085,14,0,21,1,0
00:10:00,501202088,6,2,24,1,0
00:10:00,501202089,3,0,26,1,0
00:10:00,501202096,15,3,0,1,0
00:10:00,501203001,0,0,19,1,0
00:10:00,501203002,1,0,21,1,0
00:10:00,501203003,1,1,92,1,0
00:10:00,501203005,11,0,9,1,0
00:10:00,501203006,8,0,7,1,0
00:10:00,501203007,12,1,2,1,0
00:10:00,501203008,8,2,8,1,0
00:10:00,501203010,19,1,14,1,0
00:10:00,501203011,30,7,8,1,0
00:10:00,501203012,9,0,8,1,0
00:10:00,501203013,4,2,20,1,0
00:10:00,501203015,12,3,0,1,0
00:10:00,501203020,13,0,6,1,0
00:10:00,501203022,2,1,17,1,0
00:10:00,501203023,3,1,15,1,0
00:10:00,501203028,12,0,13,1,0
00:10:00,501203040,4,1,19,1,0
00:10:00,501203045,9,0,9,1,0
00:10:00,501203050,34,1,26,1,0
00:10:00,501203051,6,0,18,1,0
00:10:00,501203053,3,2,23,1,0
00:10:00,501203054,10,2,12,1,0
00:10:00,501203064,7,1,8,1,0
00:10:00,501203065,12,0,4,1,0
00:10:00,501203070,8,0,6,1,0
00:10:00,501203073,0,0,24,1,0
00:10:00,501203076,6,0,10,1,0
00:10:00,501203078,8,1,8,1,0
00:10:00,501203080,7,0,8,1,0
00:10:00,501203084,3,0,8,1,0
00:10:00,501203085,5,0,5,1,0
00:10:00,501203088,11,1,3,1,0
00:10:00,501203089,5,0,7,1,0
00:10:00,501203090,1,0,9,1,0
00:10:00,501203091,9,0,4,1,0
00:10:00,501203092,0,0,18,1,0
00:10:00,501203100,9,2,10,1,0
00:10:00,501203101,0,0,0,2,0
00:10:00,501203102,6,2,13,1,0
00:10:00,501203104,3,1,16,1,0
00:10:00,501203105,6,2,3,1,0
00:10:00,501203107,0,0,0,2,0
00:10:00,501203109,2,1,24,1,0
00:10:00,501203110,3,0,38,1,0
00:10:00,501203111,10,0,1,1,0
00:10:00,501203113,5,0,14,1,0
00:10:00,501203114,5,0,45,1,0
00:10:00,501203117,0,0,0,2,0
00:10:00,501203118,18,3,2,1,0
00:10:00,501203121,22,1,2,1,0
00:10:00,501203122,10,1,10,1,0
00:10:00,501203125,20,1,5,1,0
00:10:00,501203131,19,5,1,1,0
00:10:00,501203140,1,0,41,1,0
00:10:00,501203141,6,0,10,1,0
00:10:00,501203142,4,1,32,1,0
00:10:00,501203145,9,1,6,1,0
00:10:00,501203151,9,1,9,1,0
00:10:00,501203155,5,0,14,1,0
00:10:00,501203157,4,1,13,1,0
00:10:00,501203159,4,1,16,1,0
00:10:00,501203161,1,0,18,1,0
00:10:00,501203162,1,0,20,1,0
00:10:00,501203163,15,3,1,1,0
00:10:00,501204001,1,0,23,1,0
00:10:00,501204002,9,0,27,1,0
00:10:00,501204003,2,0,42,1,0
00:10:00,501204004,3,1,11,1,0
00:10:00,501204005,17,0,2,1,0
00:10:00,501204007,2,0,34,1,0
00:10:00,501204008,5,0,10,1,0
00:10:00,501204009,0,0,0,2,0
00:10:00,501204010,0,0,0,2,0
00:10:00,501204011,3,2,12,1,0
00:10:00,501204012,9,0,4,1,0
00:10:00,501204013,13,2,0,1,0
00:10:00,501204014,7,2,9,1,0
00:10:00,501204015,12,0,3,1,0
00:10:00,501204016,1,0,19,1,0
00:10:00,501204017,6,3,9,1,0
00:10:00,501204018,20,3,4,1,0
00:10:00,501204020,7,0,13,1,0
00:10:00,501204021,0,0,20,1,0
00:10:00,501204022,8,0,8,1,0
00:10:00,501204023,15,2,0,1,0
00:10:00,501204024,0,0,0,2,0
00:10:00,501204025,9,0,11,1,0
00:10:00,501205001,7,0,10,1,0
00:10:00,501205003,4,0,14,1,0
00:10:00,501205004,10,0,6,1,0
00:10:00,501205005,5,0,17,1,0
00:10:00,501205006,15,1,5,1,0
00:10:00,501205007,5,2,7,1,0
00:10:00,501205008,12,1,14,1,0
00:10:00,501205009,26,0,19,1,0
00:10:00,501205010,4,0,9,1,0
00:10:00,501205011,9,0,23,1,0
00:10:00,501205012,6,0,14,1,0
00:10:00,501205013,2,0,19,1,0
00:10:00,501205014,20,10,3,1,0
00:10:00,501205015,4,0,14,1,0
00:10:00,501205018,11,3,7,1,0
00:10:00,501205019,5,0,23,1,0
00:10:00,501205020,1,0,29,1,0
00:10:00,501205021,11,1,4,1,0
00:10:00,501205022,6,0,9,1,0
00:10:00,501205023,4,0,11,1,0
00:10:00,501205025,26,0,1,1,0
00:10:00,501205026,8,2,11,1,0
00:10:00,501205027,2,0,8,1,0
00:10:00,501205028,4,0,11,1,0
00:10:00,501205029,0,0,10,1,0
00:10:00,501205030,5,0,5,1,0
00:10:00,501205033,3,0,12,1,0
00:10:00,501205034,1,1,27,1,0
00:10:00,501205035,13,3,3,1,0
00:10:00,501205036,4,0,10,1,0
00:10:00,501205037,6,0,9,1,0
00:10:00,501205038,6,1,14,1,0
00:10:00,501205039,9,1,11,1,0
00:10:00,501205040,12,0,13,1,0
00:10:00,501205041,16,0,1,1,0
00:10:00,501205042,6,2,23,1,0
00:10:00,501208011,36,2,0,1,0
00:10:00,501208013,32,5,22,1,0
00:10:00,501208014,6,0,32,1,0
00:10:00,501208015,7,1,8,1,0
00:10:00,501208018,12,2,3,1,0
00:10:00,501208021,1,0,16,1,0
00:10:00,501208027,4,0,26,1,0
00:10:00,501208029,15,1,6,1,0
00:10:00,501208030,13,0,25,1,0
00:10:00,501208032,25,0,3,1,0
00:10:00,501208040,7,1,12,1,0
00:10:00,501208041,2,0,13,1,0
00:10:00,501208045,13,0,19,1,0
00:10:00,501208051,1,0,35,1,0
00:10:00,501208053,12,0,9,1,0
00:10:00,501208054,1,1,27,1,0
00:10:00,501208059,4,0,25,1,0
00:10:00,501208064,5,0,15,1,0
00:10:00,501208077,4,0,6,1,0
00:10:00,501208079,0,0,22,1,0
00:10:00,501208082,1,1,9,1,0
00:10:00,501208085,16,0,1,1,0
00:10:00,501208087,1,0,30,1,0
00:10:00,501208089,15,1,10,1,0
00:10:00,501208091,1,0,42,1,0
00:10:00,501208111,7,2,8,1,0
00:10:00,501208113,6,0,14,1,0
00:10:00,501208114,6,0,14,1,0
00:10:00,501208129,4,0,18,1,0
00:10:00,501208130,8,0,6,1,0
00:10:00,501209002,18,2,2,1,0
00:10:00,501209003,2,0,12,1,0
00:10:00,501209004,9,1,6,1,0
00:10:00,501209005,1,1,17,1,0
00:10:00,501209006,2,0,17,1,0
00:10:00,501209007,15,1,0,1,0
00:10:00,501209009,0,0,0,2,0
00:10:00,501209010,6,1,8,1,0
00:10:00,501209011,7,1,18,1,0
00:10:00,501209014,3,0,9,1,0
00:10:00,501209015,9,1,6,1,0
00:10:00,501209016,11,1,18,1,0
00:10:00,501209017,8,0,5,1,0
00:10:00,501209018,2,0,14,1,0
00:10:00,501209019,5,0,19,1,0
00:10:00,501209020,5,1,27,1,0
00:10:00,501209021,5,0,9,1,0
00:10:00,501209022,8,2,2,1,0
00:10:00,501209023,35,0,8,1,0
00:10:00,501209024,4,0,38,1,0
00:10:00,501209025,14,0,1,1,0
00:10:00,501209026,14,0,12,1,0
00:10:00,501209027,1,1,18,1,0
00:10:00,501209028,5,1,23,1,0
00:10:00,501209030,18,2,0,1,0
00:10:00,501209031,16,0,14,1,0
00:10:00,501209032,7,0,20,1,0
00:10:00,501209033,8,1,11,1,0
00:10:00,501209034,12,2,2,1,0
00:10:00,501209035,2,0,26,1,0
00:10:00,501209036,4,1,27,1,0
00:10:00,501209037,19,1,16,1,0
00:10:00,501209038,12,3,3,1,0
00:10:00,501209039,1,0,29,1,0
00:10:00,501209040,7,0,24,1,0
00:10:00,501209042,8,3,12,1,0
00:10:00,501209043,17,0,8,1,0
00:10:00,501209044,11,4,4,1,0
00:10:00,501209045,7,1,8,1,0
00:10:00,501209046,5,0,16,1,0
00:10:00,501209047,9,2,5,1,0
00:10:00,501209049,5,0,15,1,0
00:10:00,501209050,9,1,4,1,0
00:10:00,501209051,2,1,22,1,0
00:10:00,501209052,1,0,21,1,0
00:10:00,501209053,3,1,17,1,0
00:10:00,501209054,2,1,25,1,0
00:10:00,501209056,7,0,8,1,0
00:10:00,501209058,14,3,1,1,0
00:10:00,501209059,5,0,10,1,0
00:10:00,501209060,2,0,18,1,0
00:10:00,501209062,9,0,6,1,0
00:10:00,501209064,8,0,7,1,0
00:10:00,501209065,5,1,10,1,0
00:10:00,501209066,9,0,5,1,0
00:10:00,501209067,13,1,2,1,0
00:10:00,501209068,5,0,12,1,0
00:10:00,501209069,0,0,63,1,0
00:10:00,501209070,14,4,2,1,0
00:10:00,501209071,5,0,12,1,0
00:10:00,501209073,9,1,6,1,0
00:10:00,501209074,19,2,4,1,0
00:10:00,501209075,4,1,12,1,0
00:10:00,501209076,3,0,19,1,0
00:10:00,501209077,6,1,9,1,0
00:10:00,501209078,9,1,4,1,0
00:10:00,501209079,1,0,23,1,0
00:10:00,501209080,1,0,25,1,0
00:10:00,501209081,4,2,11,1,0
00:10:00,501209084,8,1,15,1,0
00:10:00,501209085,2,0,25,1,0
00:10:00,501209087,0,0,39,1,0
00:10:00,501209088,4,1,11,1,0
00:10:00,501209089,3,0,16,1,0
00:10:00,501209090,6,2,8,1,0
00:10:00,501209091,4,0,11,1,0
00:10:00,501209092,7,0,9,1,0
00:10:00,501209093,2,1,13,1,0
00:10:00,501209094,6,0,10,1,0
00:10:00,501209095,5,4,8,1,0
00:10:00,501209096,10,1,5,1,0
00:10:00,501209097,3,1,12,1,0
00:10:00,501209098,6,0,9,1,0
00:10:00,501209099,5,1,14,1,0
00:10:00,501209100,8,0,7,1,0
00:10:00,501209101,4,0,11,1,0
00:10:00,501209102,6,1,14,1,0
00:10:00,501209104,1,0,18,1,0
00:10:00,501209105,16,4,10,1,0
00:10:00,501209106,2,0,18,1,0
00:10:00,501211001,22,8,16,1,0
00:10:00,501211002,5,3,10,1,0
00:10:00,501211004,10,1,5,1,0
00:10:00,501211005,8,0,11,1,0
00:10:00,501211006,10,0,7,1,0
00:10:00,501211007,13,0,5,1,0
00:10:00,501211009,6,1,12,1,0
00:10:00,501211011,9,1,21,1,0
00:10:00,501211012,7,1,11,1,0
00:20:00,501201001,0,0,0,2,0
00:20:00,501201002,10,0,29,1,0
00:20:00,501201003,3,0,20,1,0
00:20:00,501201004,4,2,9,1,0
00:20:00,501201005,1,0,17,1,0
00:20:00,501201006,3,1,25,1,0
00:20:00,501201007,7,2,11,1,0
00:20:00,501201008,10,3,15,1,0
00:20:00,501201010,5,1,5,1,0
00:20:00,501201011,8,1,14,1,0
00:20:00,501201012,10,1,26,1,0
00:20:00,501201013,5,0,17,1,0
00:20:00,501201014,8,2,11,1,0
00:20:00,501201015,12,0,13,1,0
00:20:00,501201016,4,0,20,1,0
00:20:00,501201017,12,0,12,1,0
00:20:00,501201018,4,0,19,1,0
00:20:00,501201019,17,2,9,1,0
00:20:00,501201020,9,0,15,1,0
00:20:00,501201021,8,0,6,1,0
00:20:00,501201022,4,0,12,1,0
00:20:00,501201023,8,1,20,1,0
00:20:00,501201024,11,0,13,1,0
00:20:00,501201025,12,0,12,1,0
00:20:00,501201026,10,1,9,1,0
00:20:00,501201028,15,0,5,1,0
00:20:00,501201029,8,1,5,1,0
00:20:00,501201030,3,0,11,1,0
00:20:00,501201031,7,0,10,1,0
00:20:00,501202001,3,1,11,1,0
00:20:00,501202003,14,0,26,1,0
00:20:00,501202013,1,0,16,1,0
00:20:00,501202023,10,1,5,1,0
00:20:00,501202024,6,1,9,1,0
00:20:00,501202034,10,0,6,1,0
00:20:00,501202035,3,1,27,1,0
00:20:00,501202036,15,0,24,1,0
00:20:00,501202040,11,0,31,1,0
00:20:00,501202043,5,1,20,1,0
00:20:00,501202044,0,0,0,2,0
00:20:00,501202047,6,2,16,1,0
00:20:00,501202050,5,0,10,1,0
00:20:00,501202055,10,0,5,1,0
00:20:00,501202058,7,0,8,1,0
00:20:00,501202065,9,0,6,1,0
00:20:00,501202068,11,0,7,1,0
00:20:00,501202070,6,1,10,1,0
00:20:00,501202078,2,0,23,1,0
00:20:00,501202080,9,1,17,1,0
00:20:00,501202081,7,1,16,1,0
00:20:00,501202082,0,0,22,1,0
00:20:00,501202083,17,2,7,1,0
00:20:00,501202084,11,1,13,1,0
00:20:00,501202085,14,0,21,1,0
00:20:00,501202088,6,2,24,1,0
00:20:00,501202089,3,0,26,1,0
00:20:00,501202096,15,3,0,1,0
00:20:00,501203001,0,0,19,1,0
00:20:00,501203002,1,0,21,1,0
00:20:00,501203003,2,2,91,1,0
00:20:00,501203005,11,0,9,1,0
00:20:00,501203006,8,0,7,1,0
00:20:00,501203007,12,1,2,1,0
00:20:00,501203008,8,2,8,1,0
00:20:00,501203010,19,1,14,1,0
00:20:00,501203011,30,7,8,1,0
00:20:00,501203012,9,0,8,1,0
00:20:00,501203013,4,2,20,1,0
00:20:00,501203015,12,3,0,1,0
00:20:00,501203020,14,0,5,1,0
00:20:00,501203022,2,1,17,1,0
00:20:00,501203023,3,1,15,1,0
00:20:00,501203028,13,1,12,1,0
00:20:00,501203040,4,1,19,1,0
00:20:00,501203045,10,0,8,1,0
00:20:00,501203050,32,0,28,1,0
00:20:00,501203051,6,0,18,1,0
00:20:00,501203053,2,2,24,1,0
00:20:00,501203054,10,2,12,1,0
00:20:00,501203064,7,1,8,1,0
00:20:00,501203065,12,0,4,1,0
00:20:00,501203070,8,0,6,1,0
00:20:00,501203073,0,0,24,1,0
00:20:00,501203076,6,0,10,1,0
00:20:00,501203078,8,1,8,1,0
00:20:00,501203080,7,0,8,1,0
00:20:00,501203084,3,0,8,1,0
00:20:00,501203085,5,0,5,1,0
00:20:00,501203088,11,1,3,1,0
00:20:00,501203089,5,0,7,1,0
00:20:00,501203090,1,0,9,1,0
00:20:00,501203091,9,0,4,1,0
00:20:00,501203092,0,0,18,1,0
00:20:00,501203100,8,1,11,1,0
00:20:00,501203101,0,0,0,2,0
00:20:00,501203102,6,2,13,1,0
00:20:00,501203104,3,1,16,1,0
00:20:00,501203105,6,2,3,1,0
00:20:00,501203107,0,0,0,2,0
00:20:00,501203109,2,1,24,1,0
00:20:00,501203110,3,0,38,1,0
00:20:00,501203111,10,0,1,1,0
00:20:00,501203113,5,0,14,1,0
00:20:00,501203114,3,0,47,1,0
00:20:00,501203117,0,0,0,2,0
00:20:00,501203118,18,3,2,1,0
00:20:00,501203121,22,1,2,1,0
00:20:00,501203122,10,1,10,1,0
00:20:00,501203125,20,1,5,1,0
00:20:00,501203131,19,5,1,1,0
00:20:00,501203140,1,0,41,1,0
00:20:00,501203141,6,0,10,1,0
00:20:00,501203142,4,1,32,1,0
00:20:00,501203145,9,1,6,1,0
00:20:00,501203151,10,2,8,1,0
00:20:00,501203155,5,0,14,1,0
00:20:00,501203157,4,1,13,1,0
00:20:00,501203159,4,1,16,1,0
00:20:00,501203161,1,0,18,1,0
00:20:00,501203162,2,0,19,1,0
00:20:00,501203163,16,4,0,1,0
00:20:00,501204001,1,0,23,1,0
00:20:00,501204002,9,0,27,1,0
00:20:00,501204003,2,0,42,1,0
00:20:00,501204004,3,1,11,1,0
00:20:00,501204005,18,1,1,1,0
00:20:00,501204007,2,0,34,1,0
00:20:00,501204008,4,0,11,1,0
00:20:00,501204009,0,0,0,2,0
00:20:00,501204010,0,0,0,2,0
00:20:00,501204011,3,1,12,1,0
00:20:00,501204012,9,0,4,1,0
00:20:00,501204013,9,2,4,1,0
00:20:00,501204014,7,2,9,1,0
00:20:00,501204015,12,0,3,1,0
00:20:00,501204016,1,0,19,1,0
00:20:00,501204017,6,3,9,1,0
00:20:00,501204018,20,3,4,1,0
00:20:00,501204020,7,0,13,1,0
00:20:00,501204021,0,0,20,1,0
00:20:00,501204022,8,0,8,1,0
00:20:00,501204023,15,2,0,1,0
00:20:00,501204024,0,0,0,2,0
00:20:00,501204025,9,0,11,1,0
00:20:00,501205001,7,0,10,1,0
00:20:00,501205003,5,0,13,1,0
00:20:00,501205004,10,0,6,1,0
00:20:00,501205005,5,0,17,1,0
00:20:00,501205006,16,1,4,1,0
00:20:00,501205007,5,2,7,1,0
00:20:00,501205008,12,1,14,1,0
00:20:00,501205009,26,0,19,1,0
00:20:00,501205010,4,0,9,1,0
00:20:00,501205011,9,0,23,1,0
00:20:00,501205012,6,0,14,1,0
00:20:00,501205013,2,0,19,1,0
00:20:00,501205014,20,10,3,1,0
00:20:00,501205015,4,0,14,1,0
00:20:00,501205018,11,3,7,1,0
00:20:00,501205019,5,0,23,1,0
00:20:00,501205020,2,0,28,1,0
00:20:00,501205021,13,1,2,1,0
00:20:00,501205022,6,0,9,1,0
00:20:00,501205023,4,0,11,1,0
00:20:00,501205025,26,0,1,1,0
00:20:00,501205026,8,2,11,1,0
00:20:00,501205027,2,0,8,1,0
00:20:00,501205028,4,0,11,1,0
00:20:00,501205029,0,0,10,1,0
00:20:00,501205030,5,0,5,1,0
00:20:00,501205033,3,0,12,1,0
00:20:00,501205034,1,1,27,1,0
00:20:00,501205035,13,3,3,1,0
00:20:00,501205036,4,0,10,1,0
00:20:00,501205037,6,0,9,1,0
00:20:00,501205038,6,1,14,1,0
00:20:00,501205039,9,1,11,1,0
00:20:00,501205040,13,0,12,1,0
00:20:00,501205041,15,0,2,1,0
00:20:00,501205042,7,2,22,1,0
00:20:00,501208011,36,2,0,1,0
00:20:00,501208013,32,5,22,1,0
00:20:00,501208014,6,0,32,1,0
00:20:00,501208015,7,1,8,1,0
00:20:00,501208018,12,2,3,1,0
00:20:00,501208021,1,0,16,1,0
00:20:00,501208027,4,0,26,1,0
00:20:00,501208029,15,1,6,1,0
00:20:00,501208030,13,0,25,1,0
00:20:00,501208032,28,0,0,1,0
00:20:00,501208040,7,1,12,1,0
00:20:00,501208041,2,0,13,1,0
00:20:00,501208045,13,0,19,1,0
00:20:00,501208051,1,0,35,1,0
00:20:00,501208053,12,0,9,1,0
00:20:00,501208054,1,1,27,1,0
00:20:00,501208059,4,0,25,1,0
00:20:00,501208064,5,0,15,1,0
00:20:00,501208077,4,0,6,1,0
00:20:00,501208079,0,0,22,1,0
00:20:00,501208082,1,1,9,1,0
00:20:00,501208085,16,0,1,1,0
00:20:00,501208087,1,0,30,1,0
00:20:00,501208089,15,1,10,1,0
00:20:00,501208091,1,0,42,1,0
00:20:00,501208111,7,2,8,1,0
00:20:00,501208113,6,0,14,1,0
00:20:00,501208114,6,0,14,1,0
00:20:00,501208129,4,0,18,1,0
00:20:00,501208130,8,0,6,1,0
00:20:00,501209002,18,2,2,1,0
00:20:00,501209003,2,0,12,1,0
00:20:00,501209004,9,1,6,1,0
00:20:00,501209005,1,1,17,1,0
00:20:00,501209006,8,0,11,1,0
00:20:00,501209007,15,1,0,1,0
00:20:00,501209009,0,0,0,2,0
00:20:00,501209010,6,1,8,1,0
00:20:00,501209011,7,1,18,1,0
00:20:00,501209014,3,0,9,1,0
00:20:00,501209015,9,1,6,1,0
00:20:00,501209016,11,1,18,1,0
00:20:00,501209017,8,0,5,1,0
00:20:00,501209018,2,0,14,1,0
00:20:00,501209019,4,0,20,1,0
00:20:00,501209020,4,0,27,1,0
00:20:00,501209021,5,0,9,1,0
00:20:00,501209022,8,2,2,1,0
00:20:00,501209023,35,0,8,1,0
00:20:00,501209024,5,0,37,1,0
00:20:00,501209025,8,0,7,1,0
00:20:00,501209026,14,0,12,1,0
00:20:00,501209027,1,1,18,1,0
00:20:00,501209028,5,1,23,1,0
00:20:00,501209030,18,2,0,1,0
00:20:00,501209031,16,0,14,1,0
00:20:00,501209032,7,0,20,1,0
00:20:00,501209033,8,1,11,1,0
00:20:00,501209034,12,2,2,1,0
00:20:00,501209035,2,0,26,1,0
00:20:00,501209036,3,1,28,1,0
00:20:00,501209037,19,1,16,1,0
00:20:00,501209038,12,3,3,1,0
00:20:00,501209039,1,0,29,1,0
00:20:00,501209040,7,0,24,1,0
00:20:00,501209042,8,3,12,1,0
00:20:00,501209043,17,0,8,1,0
00:20:00,501209044,11,4,4,1,0
00:20:00,501209045,7,1,8,1,0
00:20:00,501209046,5,0,16,1,0
00:20:00,501209047,9,2,5,1,0
00:20:00,501209049,5,0,15,1,0
00:20:00,501209050,9,1,4,1,0
00:20:00,501209051,3,1,21,1,0
00:20:00,501209052,1,0,21,1,0
00:20:00,501209053,3,1,17,1,0
00:20:00,501209054,2,1,25,1,0
00:20:00,501209056,7,0,8,1,0
00:20:00,501209058,13,2,2,1,0
00:20:00,501209059,5,0,10,1,0
00:20:00,501209060,3,0,17,1,0
00:20:00,501209062,9,0,6,1,0
00:20:00,501209064,8,0,7,1,0
00:20:00,501209065,5,1,10,1,0
00:20:00,501209066,9,0,5,1,0
00:20:00,501209067,13,1,2,1,0
00:20:00,501209068,6,1,11,1,0
00:20:00,501209069,0,0,63,1,0
00:20:00,501209070,14,4,2,1,0
00:20:00,501209071,5,0,12,1,0
00:20:00,501209073,10,2,5,1,0
00:20:00,501209074,19,2,4,1,0
00:20:00,501209075,4,1,12,1,0
00:20:00,501209076,3,0,19,1,0
00:20:00,501209077,6,1,9,1,0
00:20:00,501209078,9,1,4,1,0
00:20:00,501209079,1,0,23,1,0
00:20:00,501209080,1,0,25,1,0
00:20:00,501209081,4,2,11,1,0
00:20:00,501209084,8,1,15,1,0
00:20:00,501209085,2,0,25,1,0
00:20:00,501209087,4,0,35,1,0
00:20:00,501209088,4,1,11,1,0
00:20:00,501209089,3,0,16,1,0
00:20:00,501209090,7,2,7,1,0
00:20:00,501209091,4,0,11,1,0
00:20:00,501209092,7,0,9,1,0
00:20:00,501209093,2,1,13,1,0
00:20:00,501209094,6,0,10,1,0
00:20:00,501209095,5,4,8,1,0
00:20:00,501209096,10,1,5,1,0
00:20:00,501209097,3,1,12,1,0
00:20:00,501209098,6,0,9,1,0
00:20:00,501209099,5,1,14,1,0
00:20:00,501209100,8,0,7,1,0
00:20:00,501209101,4,0,11,1,0
00:20:00,501209102,6,1,14,1,0
00:20:00,501209104,1,0,18,1,0
00:20:00,501209105,16,4,10,1,0
00:20:00,501209106,2,0,18,1,0
00:20:00,501211001,23,8,15,1,0
00:20:00,501211002,5,3,10,1,0
00:20:00,501211004,10,1,5,1,0
00:20:00,501211005,8,0,11,1,0
00:20:00,501211006,10,0,7,1,0
00:20:00,501211007,13,0,5,1,0
00:20:00,501211009,6,1,12,1,0
00:20:00,501211011,9,1,21,1,0
00:20:00,501211012,7,1,11,1,0
00:30:00,501201001,0,0,0,2,0
00:30:00,501201002,9,0,30,1,0
00:30:00,501201003,3,0,20,1,0
00:30:00,501201004,4,2,9,1,0
00:30:00,501201005,1,0,17,1,0
00:30:00,501201006,3,1,25,1,0
00:30:00,501201007,7,2,11,1,0
00:30:00,501201008,10,3,15,1,0
00:30:00,501201010,4,0,6,1,0
00:30:00,501201011,8,1,14,1,0
00:30:00,501201012,10,1,26,1,0
00:30:00,501201013,5,0,17,1,0
00:30:00,501201014,8,2,11,1,0
00:30:00,501201015,11,0,14,1,0
00:30:00,501201016,4,0,20,1,0
00:30:00,501201017,13,0,11,1,0
00:30:00,501201018,4,0,19,1,0
00:30:00,501201019,17,2,9,1,0
00:30:00,501201020,8,0,16,1,0
00:30:00,501201021,7,0,7,1,0
00:30:00,501201022,4,0,12,1,0
00:30:00,501201023,8,1,20,1,0
00:30:00,501201024,11,0,13,1,0
00:30:00,501201025,12,0,12,1,0
00:30:00,501201026,10,1,9,1,0
00:30:00,501201028,15,0,5,1,0
00:30:00,501201029,8,1,5,1,0
00:30:00,501201030,3,0,11,1,0
00:30:00,501201031,7,0,10,1,0
00:30:00,501202001,3,1,11,1,0
00:30:00,501202003,14,0,26,1,0
00:30:00,501202013,1,0,16,1,0
00:30:00,501202023,10,1,5,1,0
00:30:00,501202024,6,1,9,1,0
00:30:00,501202034,8,0,8,1,0
00:30:00,501202035,3,1,27,1,0
00:30:00,501202036,16,1,23,1,0
00:30:00,501202040,11,0,31,1,0
00:30:00,501202043,5,1,20,1,0
00:30:00,501202044,0,0,0,2,0
00:30:00,501202047,6,2,16,1,0
00:30:00,501202050,5,0,10,1,0
00:30:00,501202055,10,0,5,1,0
00:30:00,501202058,7,0,8,1,0
00:30:00,501202065,9,0,6,1,0
00:30:00,501202068,11,0,7,1,0
00:30:00,501202070,6,1,10,1,0
00:30:00,501202078,2,0,23,1,0
00:30:00,501202080,6,0,20,1,0
00:30:00,501202081,6,0,17,1,0
00:30:00,501202082,0,0,22,1,0
00:30:00,501202083,18,2,6,1,0
00:30:00,501202084,11,1,13,1,0
00:30:00,501202085,7,0,28,1,0
00:30:00,501202088,6,2,24,1,0
00:30:00,501202089,2,0,27,1,0
00:30:00,501202096,15,3,0,1,0
00:30:00,501203001,0,0,19,1,0
00:30:00,501203002,1,0,21,1,0
00:30:00,501203003,2,2,91,1,0
00:30:00,501203005,11,0,9,1,0
00:30:00,501203006,8,0,7,1,0
00:30:00,501203007,12,1,2,1,0
00:30:00,501203008,8,2,8,1,0
00:30:00,501203010,20,2,13,1,0
00:30:00,501203011,30,7,8,1,0
00:30:00,501203012,9,0,8,1,0
00:30:00,501203013,4,2,20,1,0
00:30:00,501203015,12,3,0,1,0
00:30:00,501203020,15,0,4,1,0
00:30:00,501203022,2,1,17,1,0
00:30:00,501203023,3,1,15,1,0
00:30:00,501203028,12,1,13,1,0
00:30:00,501203040,3,1,20,1,0
00:30:00,501203045,10,0,8,1,0
00:30:00,501203050,33,0,27,1,0
00:30:00,501203051,6,0,18,1,0
00:30:00,501203053,1,1,25,1,0
00:30:00,501203054,10,2,12,1,0
00:30:00,501203064,7,1,8,1,0
00:30:00,501203065,12,0,4,1,0
00:30:00,501203070,8,0,6,1,0
00:30:00,501203073,0,0,24,1,0
00:30:00,501203076,6,0,10,1,0
00:30:00,501203078,8,1,8,1,0
00:30:00,501203080,7,0,8,1,0
00:30:00,501203084,3,0,8,1,0
00:30:00,501203085,5,0,5,1,0
00:30:00,501203088,11,1,3,1,0
00:30:00,501203089,5,0,7,1,0
00:30:00,501203090,1,0,9,1,0
00:30:00,501203091,9,0,4,1,0
00:30:00,501203092,0,0,18,1,0
00:30:00,501203100,8,1,11,1,0
00:30:00,501203101,0,0,0,2,0
00:30:00,501203102,6,2,13,1,0
00:30:00,501203104,3,1,16,1,0
00:30:00,501203105,6,2,3,1,0
00:30:00,501203107,0,0,0,2,0
00:30:00,501203109,4,2,22,1,0
00:30:00,501203110,3,0,38,1,0
00:30:00,501203111,10,0,1,1,0
00:30:00,501203113,5,0,14,1,0
00:30:00,501203114,3,0,47,1,0
00:30:00,501203117,0,0,0,2,0
00:30:00,501203118,18,3,2,1,0
00:30:00,501203121,22,1,2,1,0
00:30:00,501203122,10,1,10,1,0
00:30:00,501203125,20,1,5,1,0
00:30:00,501203131,19,5,1,1,0
00:30:00,501203140,1,0,41,1,0
00:30:00,501203141,6,0,10,1,0
00:30:00,501203142,4,1,32,1,0
00:30:00,501203145,9,1,6,1,0
00:30:00,501203151,8,0,10,1,0
00:30:00,501203155,5,0,14,1,0
00:30:00,501203157,4,1,13,1,0
00:30:00,501203159,5,1,15,1,0
00:30:00,501203161,1,0,18,1,0
00:30:00,501203162,2,0,19,1,0
00:30:00,501203163,16,4,0,1,0
00:30:00,501204001,1,0,23,1,0
00:30:00,501204002,11,0,25,1,0
00:30:00,501204003,1,0,43,1,0
00:30:00,501204004,3,1,11,1,0
00:30:00,501204005,18,1,1,1,0
00:30:00,501204007,2,0,34,1,0
00:30:00,501204008,4,0,11,1,0
00:30:00,501204009,0,0,0,2,0
00:30:00,501204010,0,0,0,2,0
00:30:00,501204011,3,1,12,1,0
00:30:00,501204012,9,0,4,1,0
00:30:00,501204013,9,2,4,1,0
00:30:00,501204014,7,2,9,1,0
00:30:00,501204015,12,0,3,1,0
00:30:00,501204016,1,0,19,1,0
00:30:00,501204017,6,3,9,1,0
00:30:00,501204018,20,3,4,1,0
00:30:00,501204020,7,0,13,1,0
00:30:00,501204021,0,0,20,1,0
00:30:00,501204022,8,0,8,1,0
00:30:00,501204023,14,1,1,1,0
00:30:00,501204024,0,0,0,2,0
00:30:00,501204025,9,0,11,1,0
00:30:00,501205001,7,0,10,1,0
00:30:00,501205003,5,0,13,1,0
00:30:00,501205004,10,0,6,1,0
00:30:00,501205005,5,0,17,1,0
00:30:00,501205006,16,1,4,1,0
00:30:00,501205007,5,2,7,1,0
00:30:00,501205008,12,1,14,1,0
00:30:00,501205009,26,0,19,1,0
00:30:00,501205010,3,0,10,1,0
00:30:00,501205011,9,0,23,1,0
00:30:00,501205012,6,0,14,1,0
00:30:00,501205013,2,0,19,1,0
00:30:00,501205014,20,10,3,1,0
00:30:00,501205015,4,0,14,1,0
00:30:00,501205018,11,3,7,1,0
00:30:00,501205019,5,0,23,1,0
00:30:00,501205020,2,0,28,1,0
00:30:00,501205021,15,2,0,1,0
00:30:00,501205022,6,0,9,1,0
00:30:00,501205023,4,0,11,1,0
00:30:00,501205025,26,1,1,1,0
00:30:00,501205026,8,2,11,1,0
00:30:00,501205027,2,0,8,1,0
00:30:00,501205028,4,0,11,1,0
00:30:00,501205029,0,0,10,1,0
00:30:00,501205030,5,0,5,1,0
00:30:00,501205033,3,0,12,1,0
00:30:00,501205034,1,1,27,1,0
00:30:00,501205035,13,3,3,1,0
00:30:00,501205036,4,0,10,1,0
00:30:00,501205037,6,0,9,1,0
00:30:00,501205038,6,1,14,1,0
00:30:00,501205039,9,1,11,1,0
00:30:00,501205040,13,0,12,1,0
00:30:00,501205041,15,0,2,1,0
00:30:00,501205042,6,2,23,1,0
00:30:00,501208011,36,2,0,1,0
00:30:00,501208013,32,5,22,1,0
00:30:00,501208014,6,0,32,1,0
00:30:00,501208015,7,1,8,1,0
00:30:00,501208018,12,2,3,1,0
00:30:00,501208021,1,0,16,1,0
00:30:00,501208027,5,0,25,1,0
00:30:00,501208029,15,1,6,1,0
00:30:00,501208030,12,0,26,1,0
00:30:00,501208032,28,0,0,1,0
00:30:00,501208040,7,1,12,1,0
00:30:00,501208041,2,0,13,1,0
00:30:00,501208045,13,0,19,1,0
00:30:00,501208051,1,0,35,1,0
00:30:00,501208053,12,0,9,1,0
00:30:00,501208054,0,0,28,1,0
00:30:00,501208059,4,0,25,1,0
00:30:00,501208064,5,0,15,1,0
00:30:00,501208077,4,0,6,1,0
00:30:00,501208079,0,0,22,1,0
00:30:00,501208082,1,1,9,1,0
00:30:00,501208085,16,0,1,1,0
00:30:00,501208087,1,0,30,1,0
00:30:00,501208089,15,1,10,1,0
00:30:00,501208091,1,0,42,1,0
00:30:00,501208111,7,2,8,1,0
00:30:00,501208113,6,0,14,1,0
00:30:00,501208114,6,0,14,1,0
00:30:00,501208129,4,0,18,1,0
00:30:00,501208130,8,0,6,1,0
00:30:00,501209002,18,2,2,1,0
00:30:00,501209003,2,0,12,1,0
00:30:00,501209004,9,1,6,1,0
00:30:00,501209005,1,1,17,1,0
00:30:00,501209006,5,0,14,1,0
00:30:00,501209007,15,1,0,1,0
00:30:00,501209009,0,0,0,2,0
00:30:00,501209010,6,1,8,1,0
00:30:00,501209011,7,1,18,1,0
00:30:00,501209014,4,0,8,1,0
00:30:00,501209015,9,1,6,1,0
00:30:00,501209016,11,1,18,1,0
00:30:00,501209017,8,0,5,1,0
00:30:00,501209018,2,0,14,1,0
00:30:00,501209019,4,0,20,1,0
00:30:00,501209020,4,0,27,1,0
00:30:00,501209021,5,0,9,1,0
00:30:00,501209022,8,2,2,1,0
00:30:00,501209023,31,0,12,1,0
00:30:00,501209024,5,0,37,1,0
00:30:00,501209025,8,0,7,1,0
00:30:00,501209026,15,0,11,1,0
00:30:00,501209027,1,1,18,1,0
00:30:00,501209028,5,1,23,1,0
00:30:00,501209030,18,2,0,1,0
00:30:00,501209031,16,0,14,1,0
00:30:00,501209032,7,0,20,1,0
00:30:00,501209033,8,1,11,1,0
00:30:00,501209034,13,2,1,1,0
00:30:00,501209035,1,0,27,1,0
00:30:00,501209036,3,1,28,1,0
00:30:00,501209037,19,1,16,1,0
00:30:00,501209038,12,3,3,1,0
00:30:00,501209039,1,0,29,1,0
00:30:00,501209040,7,0,24,1,0
00:30:00,501209042,8,3,12,1,0
00:30:00,501209043,17,0,8,1,0
00:30:00,501209044,10,4,5,1,0
00:30:00,501209045,8,1,7,1,0
00:30:00,501209046,5,0,16,1,0
00:30:00,501209047,9,2,5,1,0
00:30:00,501209049,5,0,15,1,0
00:30:00,501209050,9,1,4,1,0
00:30:00,501209051,5,1,19,1,0
00:30:00,501209052,0,0,22,1,0
00:30:00,501209053,3,1,17,1,0
00:30:00,501209054,7,1,20,1,0
00:30:00,501209056,7,0,8,1,0
00:30:00,501209058,14,2,1,1,0
00:30:00,501209059,5,0,10,1,0
00:30:00,501209060,3,0,17,1,0
00:30:00,501209062,9,0,6,1,0
00:30:00,501209064,8,0,7,1,0
00:30:00,501209065,5,1,10,1,0
00:30:00,501209066,9,0,5,1,0
00:30:00,501209067,13,1,2,1,0
00:30:00,501209068,6,1,11,1,0
00:30:00,501209069,0,0,63,1,0
00:30:00,501209070,14,4,2,1,0
00:30:00,501209071,5,0,12,1,0
00:30:00,501209073,11,2,4,1,0
00:30:00,501209074,19,2,4,1,0
00:30:00,501209075,4,1,12,1,0
00:30:00,501209076,3,0,19,1,0
00:30:00,501209077,6,1,9,1,0
00:30:00,501209078,9,1,4,1,0
00:30:00,501209079,1,0,23,1,0
00:30:00,501209080,1,0,25,1,0
00:30:00,501209081,4,2,11,1,0
00:30:00,501209084,8,1,15,1,0
00:30:00,501209085,2,0,25,1,0
00:30:00,501209087,4,0,35,1,0
00:30:00,501209088,4,1,11,1,0
00:30:00,501209089,3,0,16,1,0
00:30:00,501209090,7,2,7,1,0
00:30:00,501209091,4,0,11,1,0
00:30:00,501209092,7,0,9,1,0
00:30:00,501209093,1,0,13,1,0
00:30:00,501209094,6,0,10,1,0
00:30:00,501209095,5,4,8,1,0
00:30:00,501209096,10,1,5,1,0
00:30:00,501209097,3,1,12,1,0
00:30:00,501209098,6,0,9,1,0
00:30:00,501209099,5,1,14,1,0
00:30:00,501209100,8,0,7,1,0
00:30:00,501209101,4,0,11,1,0
00:30:00,501209102,6,1,14,1,0
00:30:00,501209104,1,0,18,1,0
00:30:00,501209105,16,4,10,1,0
00:30:00,501209106,2,0,18,1,0
00:30:00,501211001,23,8,15,1,0
00:30:00,501211002,5,3,10,1,0
00:30:00,501211004,10,1,5,1,0
00:30:00,501211005,8,0,11,1,0
00:30:00,501211006,10,0,7,1,0
00:30:00,501211007,13,0,5,1,0
00:30:00,501211009,6,1,12,1,0
00:30:00,501211011,9,1,21,1,0
00:30:00,501211012,7,1,11,1,0
00:40:00,501201001,0,0,0,2,0
00:40:00,501201002,10,0,29,1,0
00:40:00,501201003,3,0,20,1,0
00:40:00,501201004,4,2,9,1,0
00:40:00,501201005,1,0,17,1,0
00:40:00,501201006,3,1,25,1,0
00:40:00,501201007,9,3,9,1,0
00:40:00,501201008,10,3,15,1,0
00:40:00,501201010,5,1,5,1,0
00:40:00,501201011,8,1,14,1,0
00:40:00,501201012,9,0,27,1,0
00:40:00,501201013,5,0,17,1,0
00:40:00,501201014,8,2,11,1,0
00:40:00,501201015,11,0,14,1,0
00:40:00,501201016,3,0,21,1,0
00:40:00,501201017,13,0,11,1,0
00:40:00,501201018,4,0,19,1,0
00:40:00,501201019,17,2,9,1,0
00:40:00,501201020,8,0,16,1,0
00:40:00,501201021,7,0,7,1,0
00:40:00,501201022,4,0,12,1,0
00:40:00,501201023,8,1,20,1,0
00:40:00,501201024,11,0,13,1,0
00:40:00,501201025,8,0,16,1,0
00:40:00,501201026,11,1,8,1,0
00:40:00,501201028,15,0,5,1,0
00:40:00,501201029,8,1,5,1,0
00:40:00,501201030,3,0,11,1,0
00:40:00,501201031,7,0,10,1,0
00:40:00,501202001,3,1,11,1,0
00:40:00,501202003,15,0,25,1,0
00:40:00,501202013,1,0,16,1,0
00:40:00,501202023,10,1,5,1,0
00:40:00,501202024,6,1,9,1,0
00:40:00,501202034,8,0,8,1,0
00:40:00,501202035,3,1,27,1,0
00:40:00,501202036,16,1,23,1,0
00:40:00,501202040,11,0,31,1,0
00:40:00,501202043,4,0,20,1,0
00:40:00,501202044,0,0,0,2,0
00:40:00,501202047,6,2,16,1,0
00:40:00,501202050,6,1,10,1,0
00:40:00,501202055,10,0,5,1,0
00:40:00,501202058,7,0,8,1,0
00:40:00,501202065,9,0,6,1,0
00:40:00,501202068,11,0,7,1,0
00:40:00,501202070,6,1,10,1,0
00:40:00,501202078,2,0,23,1,0
00:40:00,501202080,6,0,20,1,0
00:40:00,501202081,6,0,17,1,0
00:40:00,501202082,7,1,16,1,0
00:40:00,501202083,18,2,6,1,0
00:40:00,501202084,11,1,13,1,0
00:40:00,501202085,6,0,29,1,0
00:40:00,501202088,5,2,25,1,0
00:40:00,501202089,2,0,27,1,0
00:40:00,501202096,15,3,0,1,0
00:40:00,501203001,0,0,19,1,0
00:40:00,501203002,1,0,21,1,0
00:40:00,501203003,1,1,92,1,0
00:40:00,501203005,11,0,9,1,0
00:40:00,501203006,8,0,7,1,0
00:40:00,501203007,12,1,2,1,0
00:40:00,501203008,8,2,8,1,0
00:40:00,501203010,20,2,13,1,0
00:40:00,501203011,30,7,8,1,0
00:40:00,501203012,9,0,8,1,0
00:40:00,501203013,4,2,20,1,0
00:40:00,501203015,12,3,0,1,0
00:40:00,501203020,15,0,4,1,0
00:40:00,501203022,2,1,17,1,0
00:40:00,501203023,3,1,15,1,0
00:40:00,501203028,12,2,13,1,0
00:40:00,501203040,3,1,20,1,0
00:40:00,501203045,9,0,9,1,0
00:40:00,501203050,32,0,28,1,0
00:40:00,501203051,6,0,18,1,0
00:40:00,501203053,1,1,25,1,0
00:40:00,501203054,10,2,12,1,0
00:40:00,501203064,7,1,8,1,0
00:40:00,501203065,12,0,4,1,0
00:40:00,501203070,8,0,6,1,0
00:40:00,501203073,0,0,24,1,0
00:40:00,501203076,6,0,10,1,0
00:40:00,501203078,8,1,8,1,0
00:40:00,501203080,8,1,7,1,0
00:40:00,501203084,3,0,8,1,0
00:40:00,501203085,5,0,5,1,0
00:40:00,501203088,11,1,3,1,0
00:40:00,501203089,5,0,7,1,0
00:40:00,501203090,1,0,9,1,0
00:40:00,501203091,9,0,4,1,0
00:40:00,501203092,0,0,18,1,0
00:40:00,501203100,8,1,11,1,0
00:40:00,501203101,0,0,0,2,0
00:40:00,501203102,7,2,12,1,0
00:40:00,501203104,3,1,16,1,0
00:40:00,501203105,6,2,3,1,0
00:40:00,501203107,0,0,0,2,0
00:40:00,501203109,2,1,24,1,0
00:40:00,501203110,3,0,38,1,0
00:40:00,501203111,10,0,1,1,0
00:40:00,501203113,5,0,14,1,0
00:40:00,501203114,3,0,47,1,0
00:40:00,501203117,0,0,0,2,0
00:40:00,501203118,18,2,2,1,0
00:40:00,501203121,22,1,2,1,0
00:40:00,501203122,10,1,10,1,0
00:40:00,501203125,20,1,5,1,0
00:40:00,501203131,19,5,1,1,0
00:40:00,501203140,1,0,41,1,0
00:40:00,501203141,6,0,10,1,0
00:40:00,501203142,4,1,32,1,0
00:40:00,501203145,9,1,6,1,0
00:40:00,501203151,8,0,10,1,0
00:40:00,501203155,5,0,14,1,0
00:40:00,501203157,4,1,13,1,0
00:40:00,501203159,5,1,15,1,0
00:40:00,501203161,1,0,18,1,0
00:40:00,501203162,2,0,19,1,0
00:40:00,501203163,16,4,0,1,0
00:40:00,501204001,1,0,23,1,0
00:40:00,501204002,11,0,25,1,0
00:40:00,501204003,1,0,43,1,0
00:40:00,501204004,3,1,11,1,0
00:40:00,501204005,18,1,1,1,0
00:40:00,501204007,2,0,34,1,0
00:40:00,501204008,4,0,11,1,0
00:40:00,501204009,0,0,0,2,0
00:40:00,501204010,0,0,0,2,0
00:40:00,501204011,3,1,12,1,0
00:40:00,501204012,9,0,4,1,0
00:40:00,501204013,9,2,4,1,0
00:40:00,501204014,7,2,9,1,0
00:40:00,501204015,12,0,3,1,0
00:40:00,501204016,1,0,19,1,0
00:40:00,501204017,6,3,9,1,0
00:40:00,501204018,20,3,4,1,0
00:40:00,501204020,7,0,13,1,0
00:40:00,501204021,1,0,19,1,0
00:40:00,501204022,8,0,8,1,0
00:40:00,501204023,13,2,2,1,0
00:40:00,501204024,0,0,0,2,0
00:40:00,501204025,9,0,11,1,0
00:40:00,501205001,7,0,10,1,0
00:40:00,501205003,5,0,13,1,0
00:40:00,501205004,10,0,6,1,0
00:40:00,501205005,5,0,17,1,0
00:40:00,501205006,15,0,5,1,0
00:40:00,501205007,5,2,7,1,0
00:40:00,501205008,11,1,15,1,0
00:40:00,501205009,26,0,19,1,0
00:40:00,501205010,2,0,11,1,0
00:40:00,501205011,9,0,23,1,0
00:40:00,501205012,6,0,14,1,0
00:40:00,501205013,2,0,19,1,0
00:40:00,501205014,19,10,4,1,0
00:40:00,501205015,4,0,14,1,0
00:40:00,501205018,11,3,7,1,0
00:40:00,501205019,5,0,23,1,0
00:40:00,501205020,2,0,28,1,0
00:40:00,501205021,15,2,0,1,0
00:40:00,501205022,6,0,9,1,0
00:40:00,501205023,4,0,11,1,0
00:40:00,501205025,27,1,0,1,0
00:40:00,501205026,9,2,10,1,0
00:40:00,501205027,2,0,8,1,0
00:40:00,501205028,4,0,11,1,0
00:40:00,501205029,0,0,10,1,0
00:40:00,501205030,5,0,5,1,0
00:40:00,501205033,3,0,12,1,0
00:40:00,501205034,1,1,27,1,0
00:40:00,501205035,13,3,3,1,0
00:40:00,501205036,4,0,10,1,0
00:40:00,501205037,6,0,9,1,0
00:40:00,501205038,6,1,14,1,0
00:40:00,501205039,9,1,11,1,0
00:40:00,501205040,13,0,12,1,0
00:40:00,501205041,15,0,2,1,0
00:40:00,501205042,6,2,23,1,0
00:40:00,501208011,33,0,3,1,0
00:40:00,501208013,32,5,22,1,0
00:40:00,501208014,6,0,32,1,0
00:40:00,501208015,7,1,8,1,0
00:40:00,501208018,12,2,3,1,0
00:40:00,501208021,1,0,16,1,0
00:40:00,501208027,5,0,25,1,0
00:40:00,501208029,15,1,6,1,0
00:40:00,501208030,12,0,26,1,0
00:40:00,501208032,28,0,0,1,0
00:40:00,501208040,7,1,12,1,0
00:40:00,501208041,2,0,13,1,0
00:40:00,501208045,13,0,19,1,0
00:40:00,501208051,1,0,35,1,0
00:40:00,501208053,12,0,9,1,0
00:40:00,501208054,0,0,28,1,0
00:40:00,501208059,4,0,25,1,0
00:40:00,501208064,5,0,15,1,0
00:40:00,501208077,4,0,6,1,0
00:40:00,501208079,0,0,22,1,0
00:40:00,501208082,1,1,9,1,0
00:40:00,501208085,16,0,1,1,0
00:40:00,501208087,1,0,30,1,0
00:40:00,501208089,15,1,10,1,0
00:40:00,501208091,1,0,42,1,0
00:40:00,501208111,7,2,8,1,0
00:40:00,501208113,6,0,14,1,0
00:40:00,501208114,6,0,14,1,0
00:40:00,501208129,4,0,18,1,0
00:40:00,501208130,7,0,7,1,0
00:40:00,501209002,18,2,2,1,0
00:40:00,501209003,2,0,12,1,0
00:40:00,501209004,9,1,6,1,0
00:40:00,501209005,1,1,17,1,0
00:40:00,501209006,5,0,14,1,0
00:40:00,501209007,15,1,0,1,0
00:40:00,501209009,0,0,0,2,0
00:40:00,501209010,6,1,8,1,0
00:40:00,501209011,7,1,18,1,0
00:40:00,501209014,4,0,8,1,0
00:40:00,501209015,9,1,6,1,0
00:40:00,501209016,11,1,18,1,0
00:40:00,501209017,8,0,5,1,0
00:40:00,501209018,2,0,14,1,0
00:40:00,501209019,3,0,21,1,0
00:40:00,501209020,4,0,27,1,0
00:40:00,501209021,5,0,9,1,0
00:40:00,501209022,8,2,2,1,0
00:40:00,501209023,30,0,13,1,0
00:40:00,501209024,8,0,34,1,0
00:40:00,501209025,8,0,7,1,0
00:40:00,501209026,16,1,10,1,0
00:40:00,501209027,1,1,18,1,0
00:40:00,501209028,5,1,23,1,0
00:40:00,501209030,18,2,0,1,0
00:40:00,501209031,16,0,14,1,0
00:40:00,501209032,7,0,20,1,0
00:40:00,501209033,8,1,11,1,0
00:40:00,501209034,13,2,1,1,0
00:40:00,501209035,1,0,27,1,0
00:40:00,501209036,4,1,27,1,0
00:40:00,501209037,19,1,16,1,0
00:40:00,501209038,12,3,3,1,0
00:40:00,501209039,1,0,29,1,0
00:40:00,501209040,7,0,24,1,0
00:40:00,501209042,8,3,12,1,0
00:40:00,501209043,17,0,8,1,0
00:40:00,501209044,11,4,4,1,0
00:40:00,501209045,9,1,6,1,0
00:40:00,501209046,5,0,16,1,0
00:40:00,501209047,9,2,5,1,0
00:40:00,501209049,5,0,15,1,0
00:40:00,501209050,9,1,4,1,0
00:40:00,501209051,5,1,19,1,0
00:40:00,501209052,0,0,22,1,0
00:40:00,501209053,3,1,17,1,0
00:40:00,501209054,7,1,20,1,0
00:40:00,501209056,7,0,8,1,0
00:40:00,501209058,13,2,2,1,0
00:40:00,501209059,5,0,10,1,0
00:40:00,501209060,3,0,17,1,0
00:40:00,501209062,10,0,5,1,0
00:40:00,501209064,8,0,7,1,0
00:40:00,501209065,4,0,11,1,0
00:40:00,501209066,9,0,5,1,0
00:40:00,501209067,13,1,2,1,0
00:40:00,501209068,6,1,11,1,0
00:40:00,501209069,1,0,62,1,0
00:40:00,501209070,14,4,2,1,0
00:40:00,501209071,5,0,12,1,0
00:40:00,501209073,11,2,4,1,0
00:40:00,501209074,19,2,4,1,0
00:40:00,501209075,4,1,12,1,0
00:40:00,501209076,3,0,19,1,0
00:40:00,501209077,6,1,9,1,0
00:40:00,501209078,9,1,4,1,0
00:40:00,501209079,1,0,23,1,0
00:40:00,501209080,1,0,25,1,0
00:40:00,501209081,4,2,11,1,0
00:40:00,501209084,8,1,15,1,0
00:40:00,501209085,2,0,25,1,0
00:40:00,501209087,4,0,35,1,0
00:40:00,501209088,4,1,11,1,0
00:40:00,501209089,3,0,16,1,0
00:40:00,501209090,7,2,7,1,0
00:40:00,501209091,4,0,11,1,0
00:40:00,501209092,7,0,9,1,0
00:40:00,501209093,1,0,13,1,0
00:40:00,501209094,6,0,10,1,0
00:40:00,501209095,5,4,8,1,0
00:40:00,501209096,10,1,5,1,0
00:40:00,501209097,3,1,12,1,0
00:40:00,501209098,6,0,9,1,0
00:40:00,501209099,5,1,14,1,0
00:40:00,501209100,8,0,7,1,0
00:40:00,501209101,5,0,10,1,0
00:40:00,501209102,6,1,14,1,0
00:40:00,501209104,1,0,18,1,0
00:40:00,501209105,16,4,10,1,0
00:40:00,501209106,2,0,18,1,0
00:40:00,501211001,23,8,15,1,0
00:40:00,501211002,5,3,10,1,0
00:40:00,501211004,10,1,5,1,0
00:40:00,501211005,8,0,11,1,0
00:40:00,501211006,10,0,7,1,0
00:40:00,501211007,13,0,5,1,0
00:40:00,501211009,6,1,12,1,0
00:40:00,501211011,9,1,21,1,0
00:40:00,501211012,7,1,11,1,0
00:50:00,501201001,0,0,0,2,0
00:50:00,501201002,10,0,29,1,0
00:50:00,501201003,3,0,20,1,0
00:50:00,501201004,5,2,8,1,0
00:50:00,501201005,1,0,17,1,0
00:50:00,501201006,2,1,26,1,0
00:50:00,501201007,8,2,10,1,0
00:50:00,501201008,10,3,15,1,0
00:50:00,501201010,5,1,5,1,0
00:50:00,501201011,8,1,14,1,0
00:50:00,501201012,9,0,27,1,0
00:50:00,501201013,5,0,17,1,0
00:50:00,501201014,8,2,11,1,0
00:50:00,501201015,11,0,14,1,0
00:50:00,501201016,3,0,21,1,0
00:50:00,501201017,12,0,12,1,0
00:50:00,501201018,4,0,19,1,0
00:50:00,501201019,17,2,9,1,0
00:50:00,501201020,8,0,16,1,0
00:50:00,501201021,7,0,7,1,0
00:50:00,501201022,4,0,12,1,0
00:50:00,501201023,8,1,20,1,0
00:50:00,501201024,12,0,12,1,0
00:50:00,501201025,8,0,16,1,0
00:50:00,501201026,12,1,7,1,0
00:50:00,501201028,15,0,5,1,0
00:50:00,501201029,8,1,5,1,0
00:50:00,501201030,3,0,11,1,0
00:50:00,501201031,7,0,10,1,0
00:50:00,501202001,4,2,10,1,0
00:50:00,501202003,15,0,25,1,0
00:50:00,501202013,1,0,16,1,0
00:50:00,501202023,10,1,5,1,0
00:50:00,501202024,6,1,9,1,0
00:50:00,501202034,8,0,8,1,0
00:50:00,501202035,2,0,28,1,0
00:50:00,501202036,16,1,23,1,0
00:50:00,501202040,11,0,31,1,0
00:50:00,501202043,6,0,18,1,0
00:50:00,501202044,0,0,0,2,0
00:50:00,501202047,6,2,16,1,0
00:50:00,501202050,6,1,10,1,0
00:50:00,501202055,11,1,4,1,0
00:50:00,501202058,7,0,8,1,0
00:50:00,501202065,8,0,7,1,0
00:50:00,501202068,11,0,7,1,0
00:50:00,501202070,6,1,10,1,0
00:50:00,501202078,2,0,23,1,0
00:50:00,501202080,6,0,20,1,0
00:50:00,501202081,6,0,17,1,0
00:50:00,501202082,7,1,16,1,0
00:50:00,501202083,18,2,6,1,0
00:50:00,501202084,11,1,13,1,0
00:50:00,501202085,6,0,29,1,0
00:50:00,501202088,4,2,26,1,0
00:50:00,501202089,2,0,27,1,0
00:50:00,501202096,15,3,0,1,0
00:50:00,501203001,0,0,19,1,0
00:50:00,501203002,1,0,21,1,0
00:50:00,501203003,0,0,93,1,0
00:50:00,501203005,10,0,10,1,0
00:50:00,501203006,8,0,7,1,0
00:50:00,501203007,12,1,2,1,0
00:50:00,501203008,8,2,8,1,0
00:50:00,501203010,20,2,13,1,0
00:50:00,501203011,30,7,8,1,0
00:50:00,501203012,9,0,8,1,0
00:50:00,501203013,4,2,20,1,0
00:50:00,501203015,12,3,0,1,0
00:50:00,501203020,15,0,4,1,0
00:50:00,501203022,2,1,17,1,0
00:50:00,501203023,3,1,15,1,0
00:50:00,501203028,12,2,13,1,0
00:50:00,501203040,4,1,19,1,0
00:50:00,501203045,9,0,9,1,0
00:50:00,501203050,32,0,28,1,0
00:50:00,501203051,6,0,18,1,0
00:50:00,501203053,0,0,26,1,0
00:50:00,501203054,10,2,12,1,0
00:50:00,501203064,8,1,7,1,0
00:50:00,501203065,12,0,4,1,0
00:50:00,501203070,8,0,6,1,0
00:50:00,501203073,1,0,23,1,0
00:50:00,501203076,6,0,10,1,0
00:50:00,501203078,7,1,9,1,0
00:50:00,501203080,7,1,8,1,0
00:50:00,501203084,3,0,8,1,0
00:50:00,501203085,5,0,5,1,0
00:50:00,501203088,11,1,3,1,0
00:50:00,501203089,5,0,7,1,0
00:50:00,501203090,1,0,9,1,0
00:50:00,501203091,9,0,4,1,0
00:50:00,501203092,0,0,18,1,0
00:50:00,501203100,8,1,11,1,0
00:50:00,501203101,0,0,0,2,0
00:50:00,501203102,7,2,12,1,0
00:50:00,501203104,4,1,15,1,0
00:50:00,501203105,6,2,3,1,0
00:50:00,501203107,0,0,0,2,0
00:50:00,501203109,2,1,24,1,0
00:50:00,501203110,3,0,38,1,0
00:50:00,501203111,10,0,1,1,0
00:50:00,501203113,5,0,14,1,0
00:50:00,501203114,3,0,47,1,0
00:50:00,501203117,0,0,0,2,0
00:50:00,501203118,18,1,2,1,0
00:50:00,501203121,22,1,2,1,0
00:50:00,501203122,11,1,9,1,0
00:50:00,501203125,20,1,5,1,0
00:50:00,501203131,19,5,1,1,0
00:50:00,501203140,1,0,41,1,0
00:50:00,501203141,6,0,10,1,0
00:50:00,501203142,4,1,32,1,0
00:50:00,501203145,9,1,6,1,0
00:50:00,501203151,8,0,10,1,0
00:50:00,501203155,5,0,14,1,0
00:50:00,501203157,4,1,13,1,0
00:50:00,501203159,5,1,15,1,0
00:50:00,501203161,1,0,18,1,0
00:50:00,501203162,1,0,20,1,0
00:50:00,501203163,16,4,0,1,0
00:50:00,501204001,1,0,23,1,0
00:50:00,501204002,11,0,25,1,0
00:50:00,501204003,1,0,43,1,0
00:50:00,501204004,3,1,11,1,0
00:50:00,501204005,18,1,1,1,0
00:50:00,501204007,2,0,34,1,0
00:50:00,501204008,4,0,11,1,0
00:50:00,501204009,0,0,0,2,0
00:50:00,501204010,0,0,0,2,0
00:50:00,501204011,3,1,12,1,0
00:50:00,501204012,9,0,4,1,0
00:50:00,501204013,9,2,4,1,0
00:50:00,501204014,7,2,9,1,0
00:50:00,501204015,10,0,5,1,0
00:50:00,501204016,1,0,19,1,0
00:50:00,501204017,6,2,9,1,0
00:50:00,501204018,20,3,4,1,0
00:50:00,501204020,6,0,14,1,0
00:50:00,501204021,1,0,19,1,0
00:50:00,501204022,8,0,8,1,0
00:50:00,501204023,13,2,2,1,0
00:50:00,501204024,0,0,0,2,0
00:50:00,501204025,9,0,11,1,0
00:50:00,501205001,8,0,9,1,0
00:50:00,501205003,5,0,13,1,0
00:50:00,501205004,10,0,6,1,0
00:50:00,501205005,5,0,17,1,0
00:50:00,501205006,15,0,5,1,0
00:50:00,501205007,5,2,7,1,0
00:50:00,501205008,12,1,14,1,0
00:50:00,501205009,25,0,20,1,0
00:50:00,501205010,3,1,10,1,0
00:50:00,501205011,9,0,23,1,0
00:50:00,501205012,6,0,14,1,0
00:50:00,501205013,2,0,19,1,0
00:50:00,501205014,19,10,4,1,0
00:50:00,501205015,6,0,12,1,0
00:50:00,501205018,11,3,7,1,0
00:50:00,501205019,5,0,23,1,0
00:50:00,501205020,2,0,28,1,0
00:50:00,501205021,15,2,0,1,0
00:50:00,501205022,6,0,9,1,0
00:50:00,501205023,3,0,12,1,0
00:50:00,501205025,27,1,0,1,0
00:50:00,501205026,9,2,10,1,0
00:50:00,501205027,2,0,8,1,0
00:50:00,501205028,4,0,11,1,0
00:50:00,501205029,0,0,10,1,0
00:50:00,501205030,5,0,5,1,0
00:50:00,501205033,3,0,12,1,0
00:50:00,501205034,1,1,27,1,0
00:50:00,501205035,13,3,3,1,0
00:50:00,501205036,5,1,10,1,0
00:50:00,501205037,6,0,9,1,0
00:50:00,501205038,6,1,14,1,0
00:50:00,501205039,9,1,11,1,0
00:50:00,501205040,13,0,12,1,0
00:50:00,501205041,13,0,4,1,0
00:50:00,501205042,6,2,23,1,0
00:50:00,501208011,33,0,3,1,0
00:50:00,501208013,32,5,22,1,0
00:50:00,501208014,6,0,32,1,0
00:50:00,501208015,7,1,8,1,0
00:50:00,501208018,12,2,3,1,0
00:50:00,501208021,1,0,16,1,0
00:50:00,501208027,5,0,25,1,0
00:50:00,501208029,15,1,6,1,0
00:50:00,501208030,12,0,26,1,0
00:50:00,501208032,28,0,0,1,0
00:50:00,501208040,7,1,12,1,0
00:50:00,501208041,2,0,13,1,0
00:50:00,501208045,13,0,19,1,0
00:50:00,501208051,1,0,35,1,0
00:50:00,501208053,12,0,9,1,0
00:50:00,501208054,0,0,28,1,0
00:50:00,501208059,4,0,25,1,0
00:50:00,501208064,5,0,15,1,0
00:50:00,501208077,4,0,6,1,0
00:50:00,501208079,0,0,22,1,0
00:50:00,501208082,1,1,9,1,0
00:50:00,501208085,16,0,1,1,0
00:50:00,501208087,1,0,30,1,0
00:50:00,501208089,15,1,10,1,0
00:50:00,501208091,1,0,42,1,0
00:50:00,501208111,7,2,8,1,0
00:50:00,501208113,6,0,14,1,0
00:50:00,501208114,6,0,14,1,0
00:50:00,501208129,4,0,18,1,0
00:50:00,501208130,7,0,7,1,0
00:50:00,501209002,18,2,2,1,0
00:50:00,501209003,2,0,12,1,0
00:50:00,501209004,9,1,6,1,0
00:50:00,501209005,1,1,17,1,0
00:50:00,501209006,5,0,14,1,0
00:50:00,501209007,15,1,0,1,0
00:50:00,501209009,0,0,0,2,0
00:50:00,501209010,6,1,8,1,0
00:50:00,501209011,6,0,19,1,0
00:50:00,501209014,4,0,8,1,0
00:50:00,501209015,9,1,6,1,0
00:50:00,501209016,11,1,18,1,0
00:50:00,501209017,8,0,5,1,0
00:50:00,501209018,2,0,14,1,0
00:50:00,501209019,3,0,21,1,0
00:50:00,501209020,4,0,27,1,0
00:50:00,501209021,5,0,9,1,0
00:50:00,501209022,8,2,2,1,0
00:50:00,501209023,30,0,13,1,0
00:50:00,501209024,7,0,35,1,0
00:50:00,501209025,8,0,7,1,0
00:50:00,501209026,16,1,10,1,0
00:50:00,501209027,1,1,18,1,0
00:50:00,501209028,5,1,23,1,0
00:50:00,501209030,18,2,0,1,0
00:50:00,501209031,16,0,14,1,0
00:50:00,501209032,7,0,20,1,0
00:50:00,501209033,8,1,11,1,0
00:50:00,501209034,13,2,1,1,0
00:50:00,501209035,1,0,27,1,0
00:50:00,501209036,5,1,26,1,0
00:50:00,501209037,19,1,16,1,0
00:50:00,501209038,12,3,3,1,0
00:50:00,501209039,1,0,29,1,0
00:50:00,501209040,7,0,24,1,0
00:50:00,501209042,8,3,12,1,0
00:50:00,501209043,17,0,8,1,0
00:50:00,501209044,11,4,4,1,0
00:50:00,501209045,9,1,6,1,0
00:50:00,501209046,5,0,16,1,0
00:50:00,501209047,9,2,5,1,0
00:50:00,501209049,5,0,15,1,0
00:50:00,501209050,12,1,1,1,0
00:50:00,501209051,5,1,19,1,0
00:50:00,501209052,0,0,22,1,0
00:50:00,501209053,3,1,17,1,0
00:50:00,501209054,7,1,20,1,0
00:50:00,501209056,7,0,8,1,0
00:50:00,501209058,13,2,2,1,0
00:50:00,501209059,5,0,10,1,0
00:50:00,501209060,3,0,17,1,0
00:50:00,501209062,10,0,5,1,0
00:50:00,501209064,8,0,7,1,0
00:50:00,501209065,4,0,11,1,0
00:50:00,501209066,10,0,4,1,0
00:50:00,501209067,13,1,2,1,0
00:50:00,501209068,6,1,11,1,0
00:50:00,501209069,1,0,62,1,0
00:50:00,501209070,14,4,2,1,0
00:50:00,501209071,5,0,12,1,0
00:50:00,501209073,11,2,4,1,0
00:50:00,501209074,19,2,4,1,0
00:50:00,501209075,4,1,12,1,0
00:50:00,501209076,3,0,19,1,0
00:50:00,501209077,6,1,9,1,0
00:50:00,501209078,9,1,4,1,0
00:50:00,501209079,1,0,23,1,0
00:50:00,501209080,1,0,25,1,0
00:50:00,501209081,4,2,11,1,0
00:50:00,501209084,8,1,15,1,0
00:50:00,501209085,2,0,25,1,0
00:50:00,501209087,4,0,35,1,0
00:50:00,501209088,4,1,11,1,0
00:50:00,501209089,3,0,16,1,0
00:50:00,501209090,7,2,7,1,0
00:50:00,501209091,4,0,11,1,0
00:50:00,501209092,7,0,9,1,0
00:50:00,501209093,1,0,13,1,0
00:50:00,501209094,6,0,10,1,0
00:50:00,501209095,5,4,8,1,0
00:50:00,501209096,10,1,5,1,0
00:50:00,501209097,3,1,12,1,0
00:50:00,501209098,6,0,9,1,0
00:50:00,501209099,5,1,14,1,0
00:50:00,501209100,8,0,7,1,0
00:50:00,501209101,5,0,10,1,0
00:50:00,501209102,6,1,14,1,0
00:50:00,501209104,1,0,18,1,0
00:50:00,501209105,16,4,10,1,0
00:50:00,501209106,2,0,18,1,0
00:50:00,501211001,24,8,14,1,0
00:50:00,501211002,5,3,10,1,0
00:50:00,501211004,10,1,5,1,0
00:50:00,501211005,8,0,11,1,0
00:50:00,501211006,10,0,7,1,0
00:50:00,501211007,13,0,5,1,0
00:50:00,501211009,6,1,12,1,0
00:50:00,501211011,9,1,21,1,0
00:50:00,501211012,7,1,11,1,0
01:00:00,501201001,0,0,0,2,0
01:00:00,501201002,10,0,29,1,0
01:00:00,501201003,3,0,20,1,0
01:00:00,501201004,5,2,8,1,0
01:00:00,501201005,1,0,17,1,0
01:00:00,501201006,2,1,26,1,0
01:00:00,501201007,8,2,10,1,0
01:00:00,501201008,10,3,15,1,0
01:00:00,501201010,5,1,5,1,0
01:00:00,501201011,8,1,14,1,0
01:00:00,501201012,9,0,27,1,0
01:00:00,501201013,5,0,17,1,0
01:00:00,501201014,8,2,11,1,0
01:00:00,501201015,11,0,14,1,0
01:00:00,501201016,3,0,21,1,0
01:00:00,501201017,11,0,13,1,0
01:00:00,501201018,4,0,19,1,0
01:00:00,501201019,17,2,9,1,0
01:00:00,501201020,8,0,16,1,0
01:00:00,501201021,7,0,7,1,0
01:00:00,501201022,4,0,12,1,0
01:00:00,501201023,8,1,20,1,0
01:00:00,501201024,12,0,12,1,0
01:00:00,501201025,8,0,16,1,0
01:00:00,501201026,12,1,7,1,0
01:00:00,501201028,15,0,5,1,0
01:00:00,501201029,8,1,5,1,0
01:00:00,501201030,3,0,11,1,0
01:00:00,501201031,7,0,10,1,0
01:00:00,501202001,4,2,10,1,0
01:00:00,501202003,15,0,25,1,0
01:00:00,501202013,1,0,16,1,0
01:00:00,501202023,10,1,5,1,0
01:00:00,501202024,6,1,9,1,0
01:00:00,501202034,8,0,8,1,0
01:00:00,501202035,1,0,29,1,0
01:00:00,501202036,16,1,23,1,0
01:00:00,501202040,11,0,31,1,0
01:00:00,501202043,6,0,18,1,0
01:00:00,501202044,0,0,0,2,0
01:00:00,501202047,6,2,16,1,0
01:00:00,501202050,6,1,10,1,0
01:00:00,501202055,11,1,4,1,0
01:00:00,501202058,7,0,8,1,0
01:00:00,501202065,8,0,7,1,0
01:00:00,501202068,11,0,7,1,0
01:00:00,501202070,6,1,10,1,0
01:00:00,501202078,2,0,23,1,0
01:00:00,501202080,6,0,20,1,0
01:00:00,501202081,6,0,17,1,0
01:00:00,501202082,7,1,16,1,0
01:00:00,501202083,18,2,6,1,0
01:00:00,501202084,11,1,13,1,0
01:00:00,501202085,6,0,29,1,0
01:00:00,501202088,3,2,27,1,0
01:00:00,501202089,2,0,27,1,0
01:00:00,501202096,15,3,0,1,0
01:00:00,501203001,0,0,19,1,0
01:00:00,501203002,1,0,21,1,0
01:00:00,501203003,0,0,93,1,0
01:00:00,501203005,10,0,10,1,0
01:00:00,501203006,4,0,11,1,0
01:00:00,501203007,12,1,2,1,0
01:00:00,501203008,8,2,8,1,0
01:00:00,501203010,20,2,13,1,0
01:00:00,501203011,30,7,8,1,0
01:00:00,501203012,9,0,8,1,0
01:00:00,501203013,4,2,20,1,0
01:00:00,501203015,12,3,0,1,0
01:00:00,501203020,15,0,4,1,0
01:00:00,501203022,2,1,17,1,0
01:00:00,501203023,3,1,15,1,0
01:00:00,501203028,13,2,12,1,0
01:00:00,501203040,4,1,19,1,0
01:00:00,501203045,9,0,9,1,0
01:00:00,501203050,32,0,28,1,0
01:00:00,501203051,6,0,18,1,0
01:00:00,501203053,0,0,26,1,0
01:00:00,501203054,10,2,12,1,0
01:00:00,501203064,8,1,7,1,0
01:00:00,501203065,12,0,4,1,0
01:00:00,501203070,9,1,6,1,0
01:00:00,501203073,4,0,20,1,0
01:00:00,501203076,6,0,10,1,0
01:00:00,501203078,7,1,9,1,0
01:00:00,501203080,7,1,8,1,0
01:00:00,501203084,3,0,8,1,0
01:00:00,501203085,5,0,5,1,0
01:00:00,501203088,11,1,3,1,0
01:00:00,501203089,5,0,7,1,0
01:00:00,501203090,1,0,9,1,0
01:00:00,501203091,9,0,4,1,0
01:00:00,501203092,0,0,18,1,0
01:00:00,501203100,8,1,11,1,0
01:00:00,501203101,0,0,0,2,0
01:00:00,501203102,8,2,11,1,0
01:00:00,501203104,4,1,15,1,0
01:00:00,501203105,6,2,3,1,0
01:00:00,501203107,0,0,0,2,0
01:00:00,501203109,2,1,24,1,0
01:00:00,501203110,3,0,38,1,0
01:00:00,501203111,10,0,1,1,0
01:00:00,501203113,5,0,14,1,0
01:00:00,501203114,1,0,49,1,0
01:00:00,501203117,0,0,0,2,0
01:00:00,501203118,18,1,2,1,0
01:00:00,501203121,18,1,6,1,0
01:00:00,501203122,11,1,9,1,0
01:00:00,501203125,20,1,5,1,0
01:00:00,501203131,20,5,0,1,0
01:00:00,501203140,2,0,40,1,0
01:00:00,501203141,6,0,10,1,0
01:00:00,501203142,4,1,32,1,0
01:00:00,501203145,9,1,6,1,0
01:00:00,501203151,8,0,10,1,0
01:00:00,501203155,5,0,14,1,0
01:00:00,501203157,4,1,13,1,0
01:00:00,501203159,5,1,15,1,0
01:00:00,501203161,1,0,18,1,0
01:00:00,501203162,1,0,20,1,0
01:00:00,501203163,12,4,4,1,0
01:00:00,501204001,1,0,23,1,0
01:00:00,501204002,11,0,25,1,0
01:00:00,501204003,11,0,33,1,0
01:00:00,501204004,3,1,11,1,0
01:00:00,501204005,18,1,1,1,0
01:00:00,501204007,2,0,34,1,0
01:00:00,501204008,4,0,11,1,0
01:00:00,501204009,0,0,0,2,0
01:00:00,501204010,0,0,0,2,0
01:00:00,501204011,3,1,12,1,0
01:00:00,501204012,9,0,4,1,0
01:00:00,501204013,9,2,4,1,0
01:00:00,501204014,6,1,9,1,0
01:00:00,501204015,10,0,5,1,0
01:00:00,501204016,1,0,19,1,0
01:00:00,501204017,8,2,7,1,0
01:00:00,501204018,20,3,4,1,0
01:00:00,501204020,6,0,14,1,0
01:00:00,501204021,1,0,19,1,0
01:00:00,501204022,8,0,8,1,0
01:00:00,501204023,13,2,2,1,0
01:00:00,501204024,0,0,0,2,0
01:00:00,501204025,9,0,11,1,0
01:00:00,501205001,8,0,9,1,0
01:00:00,501205003,5,0,13,1,0
01:00:00,501205004,10,0,6,1,0
01:00:00,501205005,5,0,17,1,0
01:00:00,501205006,15,0,5,1,0
01:00:00,501205007,5,2,7,1,0
01:00:00,501205008,12,1,14,1,0
01:00:00,501205009,26,0,19,1,0
01:00:00,501205010,3,1,10,1,0
01:00:00,501205011,9,0,23,1,0
01:00:00,501205012,5,0,15,1,0
01:00:00,501205013,2,0,19,1,0
01:00:00,501205014,20,11,3,1,0
01:00:00,501205015,6,0,12,1,0
01:00:00,501205018,11,3,7,1,0
01:00:00,501205019,5,0,23,1,0
01:00:00,501205020,2,0,28,1,0
01:00:00,501205021,15,2,0,1,0
01:00:00,501205022,6,0,9,1,0
01:00:00,501205023,3,0,12,1,0
01:00:00,501205025,27,1,0,1,0
01:00:00,501205026,9,2,10,1,0
01:00:00,501205027,2,0,8,1,0
01:00:00,501205028,4,0,11,1,0
01:00:00,501205029,0,0,10,1,0
01:00:00,501205030,5,0,5,1,0
01:00:00,501205033,3,0,12,1,0
01:00:00,501205034,1,1,27,1,0
01:00:00,501205035,13,3,3,1,0
01:00:00,501205036,5,1,10,1,0
01:00:00,501205037,6,0,9,1,0
01:00:00,501205038,6,1,14,1,0
01:00:00,501205039,9,1,11,1,0
01:00:00,501205040,13,0,12,1,0
01:00:00,501205041,13,0,4,1,0
01:00:00,501205042,6,2,23,1,0
01:00:00,501208011,33,0,3,1,0
01:00:00,501208013,32,5,22,1,0
01:00:00,501208014,6,0,32,1,0
01:00:00,501208015,7,1,8,1,0
01:00:00,501208018,12,2,3,1,0
01:00:00,501208021,1,0,16,1,0
01:00:00,501208027,5,0,25,1,0
01:00:00,501208029,15,1,6,1,0
01:00:00,501208030,12,0,26,1,0
01:00:00,501208032,28,0,0,1,0
01:00:00,501208040,7,1,12,1,0
01:00:00,501208041,2,0,13,1,0
01:00:00,501208045,12,0,20,1,0
01:00:00,501208051,1,0,35,1,0
01:00:00,501208053,12,0,9,1,0
01:00:00,501208054,0,0,28,1,0
01:00:00,501208059,4,0,25,1,0
01:00:00,501208064,5,0,15,1,0
01:00:00,501208077,4,0,6,1,0
01:00:00,501208079,0,0,22,1,0
01:00:00,501208082,1,1,9,1,0
01:00:00,501208085,16,0,1,1,0
01:00:00,501208087,1,0,30,1,0
01:00:00,501208089,15,1,10,1,0
01:00:00,501208091,1,0,42,1,0
01:00:00,501208111,7,2,8,1,0
01:00:00,501208113,6,0,14,1,0
01:00:00,501208114,6,0,14,1,0
01:00:00,501208129,4,0,18,1,0
01:00:00,501208130,7,0,7,1,0
01:00:00,501209002,18,2,2,1,0
01:00:00,501209003,2,0,12,1,0
01:00:00,501209004,8,1,7,1,0
01:00:00,501209005,1,1,17,1,0
01:00:00,501209006,5,0,14,1,0
01:00:00,501209007,15,1,0,1,0
01:00:00,501209009,0,0,0,2,0
01:00:00,501209010,6,1,8,1,0
01:00:00,501209011,6,0,19,1,0
01:00:00,501209014,4,0,8,1,0
01:00:00,501209015,9,1,6,1,0
01:00:00,501209016,11,1,18,1,0
01:00:00,501209017,8,0,5,1,0
01:00:00,501209018,2,0,14,1,0
01:00:00,501209019,3,0,21,1,0
01:00:00,501209020,4,0,27,1,0
01:00:00,501209021,5,0,9,1,0
01:00:00,501209022,8,2,2,1,0
01:00:00,501209023,30,0,13,1,0
01:00:00,501209024,7,0,35,1,0
01:00:00,501209025,8,0,7,1,0
01:00:00,501209026,16,1,10,1,0
01:00:00,501209027,1,1,18,1,0
01:00:00,501209028,5,1,23,1,0
01:00:00,501209030,16,0,2,1,0
01:00:00,501209031,16,0,14,1,0
01:00:00,501209032,7,0,20,1,0
01:00:00,501209033,8,1,11,1,0
01:00:00,501209034,3,3,12,1,0
01:00:00,501209035,1,0,27,1,0
01:00:00,501209036,5,1,26,1,0
01:00:00,501209037,19,1,16,1,0
01:00:00,501209038,11,2,4,1,0
01:00:00,501209039,1,0,29,1,0
01:00:00,501209040,7,0,24,1,0
01:00:00,501209042,8,3,12,1,0
01:00:00,501209043,17,0,8,1,0
01:00:00,501209044,11,4,4,1,0
01:00:00,501209045,9,1,6,1,0
01:00:00,501209046,5,0,16,1,0
01:00:00,501209047,9,2,5,1,0
01:00:00,501209049,5,0,15,1,0
01:00:00,501209050,12,1,1,1,0
01:00:00,501209051,5,1,19,1,0
01:00:00,501209052,0,0,22,1,0
01:00:00,501209053,3,1,17,1,0
01:00:00,501209054,7,1,20,1,0
01:00:00,501209056,7,0,8,1,0
01:00:00,501209058,13,2,2,1,0
01:00:00,501209059,5,0,10,1,0
01:00:00,501209060,3,0,17,1,0
01:00:00,501209062,10,0,5,1,0
01:00:00,501209064,8,0,7,1,0
01:00:00,501209065,4,0,11,1,0
01:00:00,501209066,10,0,4,1,0
01:00:00,501209067,13,1,2,1,0
01:00:00,501209068,6,1,11,1,0
01:00:00,501209069,1,0,62,1,0
01:00:00,501209070,12,2,4,1,0
01:00:00,501209071,5,0,12,1,0
01:00:00,501209073,11,2,4,1,0
01:00:00,501209074,19,2,4,1,0
01:00:00,501209075,4,1,12,1,0
01:00:00,501209076,3,0,19,1,0
01:00:00,501209077,6,1,9,1,0
01:00:00,501209078,9,1,4,1,0
01:00:00,501209079,1,0,23,1,0
01:00:00,501209080,1,0,25,1,0
01:00:00,501209081,4,2,11,1,0
01:00:00,501209084,8,1,15,1,0
01:00:00,501209085,2,0,25,1,0
01:00:00,501209087,4,0,35,1,0
01:00:00,501209088,4,1,11,1,0
01:00:00,501209089,3,0,16,1,0
01:00:00,501209090,7,2,7,1,0
01:00:00,501209091,4,0,11,1,0
01:00:00,501209092,7,0,9,1,0
01:00:00,501209093,1,0,13,1,0
01:00:00,501209094,6,0,10,1,0
01:00:00,501209095,5,4,8,1,0
01:00:00,501209096,10,1,5,1,0
01:00:00,501209097,3,1,12,1,0
01:00:00,501209098,6,0,9,1,0
01:00:00,501209099,5,1,14,1,0
01:00:00,501209100,8,0,7,1,0
01:00:00,501209101,5,0,10,1,0
01:00:00,501209102,6,1,14,1,0
01:00:00,501209104,1,0,18,1,0
01:00:00,501209105,16,4,10,1,0
01:00:00,501209106,2,0,18,1,0
01:00:00,501211001,24,8,14,1,0
01:00:00,501211002,5,3,10,1,0
01:00:00,501211004,10,1,5,1,0
01:00:00,501211005,8,0,11,1,0
01:00:00,501211006,10,0,7,1,0
01:00:00,501211007,13,0,5,1,0
01:00:00,501211009,6,1,12,1,0
01:00:00,501211011,9,1,21,1,0
01:00:00,501211012,7,1,11,1,0
01:10:00,501201001,0,0,0,2,0
01:10:00,501201002,10,0,29,1,0
01:10:00,501201003,3,0,20,1,0
01:10:00,501201004,5,2,8,1,0
01:10:00,501201005,1,0,17,1,0
01:10:00,501201006,2,1,26,1,0
01:10:00,501201007,8,3,10,1,0
01:10:00,501201008,10,3,15,1,0
01:10:00,501201010,5,1,5,1,0
01:10:00,501201011,8,1,14,1,0
01:10:00,501201012,9,0,27,1,0
01:10:00,501201013,5,0,17,1,0
01:10:00,501201014,8,2,11,1,0
01:10:00,501201015,11,0,14,1,0
01:10:00,501201016,3,0,21,1,0
01:10:00,501201017,11,0,13,1,0
01:10:00,501201018,4,0,19,1,0
01:10:00,501201019,17,2,9,1,0
01:10:00,501201020,8,0,16,1,0
01:10:00,501201021,7,0,7,1,0
01:10:00,501201022,4,0,12,1,0
01:10:00,501201023,8,1,20,1,0
01:10:00,501201024,11,0,13,1,0
01:10:00,501201025,8,0,16,1,0
01:10:00,501201026,12,1,7,1,0
01:10:00,501201028,15,0,5,1,0
01:10:00,501201029,8,1,5,1,0
01:10:00,501201030,3,0,11,1,0
01:10:00,501201031,7,0,10,1,0
01:10:00,501202001,4,2,10,1,0
01:10:00,501202003,15,0,25,1,0
01:10:00,501202013,1,0,16,1,0
01:10:00,501202023,10,1,5,1,0
01:10:00,501202024,6,1,9,1,0
01:10:00,501202034,8,0,8,1,0
01:10:00,501202035,1,0,29,1,0
01:10:00,501202036,16,1,23,1,0
01:10:00,501202040,11,0,31,1,0
01:10:00,501202043,6,0,18,1,0
01:10:00,501202044,0,0,0,2,0
01:10:00,501202047,6,2,16,1,0
01:10:00,501202050,5,0,11,1,0
01:10:00,501202055,12,1,3,1,0
01:10:00,501202058,7,0,8,1,0
01:10:00,501202065,8,0,7,1,0
01:10:00,501202068,12,0,6,1,0
01:10:00,501202070,6,1,10,1,0
01:10:00,501202078,2,0,23,1,0
01:10:00,501202080,6,0,20,1,0
01:10:00,501202081,6,0,17,1,0
01:10:00,501202082,6,1,17,1,0
01:10:00,501202083,17,1,7,1,0
01:10:00,501202084,11,1,13,1,0
01:10:00,501202085,6,0,29,1,0
01:10:00,501202088,3,2,27,1,0
01:10:00,501202089,2,0,27,1,0
01:10:00,501202096,14,2,1,1,0
01:10:00,501203001,0,0,19,1,0
01:10:00,501203002,1,0,21,1,0
01:10:00,501203003,0,0,93,1,0
01:10:00,501203005,10,0,10,1,0
01:10:00,501203006,4,0,11,1,0
01:10:00,501203007,12,1,2,1,0
01:10:00,501203008,8,2,8,1,0
01:10:00,501203010,20,2,13,1,0
01:10:00,501203011,30,7,8,1,0
01:10:00,501203012,9,0,8,1,0
01:10:00,501203013,4,2,20,1,0
01:10:00,501203015,12,3,0,1,0
01:10:00,501203020,15,0,4,1,0
01:10:00,501203022,2,1,17,1,0
01:10:00,501203023,3,1,15,1,0
01:10:00,501203028,13,2,12,1,0
01:10:00,501203040,4,1,19,1,0
01:10:00,501203045,10,1,8,1,0
01:10:00,501203050,32,0,28,1,0
01:10:00,501203051,6,0,18,1,0
01:10:00,501203053,0,0,26,1,0
01:10:00,501203054,10,2,12,1,0
01:10:00,501203064,8,1,7,1,0
01:10:00,501203065,12,0,4,1,0
01:10:00,501203070,9,1,6,1,0
01:10:00,501203073,4,0,20,1,0
01:10:00,501203076,6,0,10,1,0
01:10:00,501203078,7,1,9,1,0
01:10:00,501203080,7,1,8,1,0
01:10:00,501203084,3,0,8,1,0
01:10:00,501203085,5,0,5,1,0
01:10:00,501203088,11,1,3,1,0
01:10:00,501203089,5,0,7,1,0
01:10:00,501203090,1,0,9,1,0
01:10:00,501203091,9,0,4,1,0
01:10:00,501203092,0,0,18,1,0
01:10:00,501203100,8,1,11,1,0
01:10:00,501203101,0,0,0,2,0
01:10:00,501203102,8,2,11,1,0
01:10:00,501203104,4,1,15,1,0
01:10:00,501203105,6,2,3,1,0
01:10:00,501203107,0,0,0,2,0
01:10:00,501203109,2,1,24,1,0
01:10:00,501203110,3,0,38,1,0
01:10:00,501203111,10,0,1,1,0
01:10:00,501203113,5,0,14,1,0
01:10:00,501203114,1,0,49,1,0
01:10:00,501203117,0,0,0,2,0
01:10:00,501203118,18,1,2,1,0
01:10:00,501203121,16,1,8,1,0
01:10:00,501203122,11,1,9,1,0
01:10:00,501203125,20,1,5,1,0
01:10:00,501203131,16,5,4,1,0
01:10:00,501203140,1,0,41,1,0
01:10:00,501203141,6,0,10,1,0
01:10:00,501203142,4,1,32,1,0
01:10:00,501203145,9,1,6,1,0
01:10:00,501203151,8,0,10,1,0
01:10:00,501203155,5,0,14,1,0
01:10:00,501203157,4,1,13,1,0
01:10:00,501203159,5,1,15,1,0
01:10:00,501203161,1,0,18,1,0
01:10:00,501203162,1,0,20,1,0
01:10:00,501203163,12,4,4,1,0
01:10:00,501204001,1,0,23,1,0
01:10:00,501204002,11,0,25,1,0
01:10:00,501204003,17,0,27,1,0
01:10:00,501204004,3,1,11,1,0
01:10:00,501204005,18,1,1,1,0
01:10:00,501204007,2,0,34,1,0
01:10:00,501204008,4,0,11,1,0
01:10:00,501204009,0,0,0,2,0
01:10:00,501204010,0,0,0,2,0
01:10:00,501204011,2,1,13,1,0
01:10:00,501204012,9,0,4,1,0
01:10:00,501204013,9,2,4,1,0
01:10:00,501204014,6,1,9,1,0
01:10:00,501204015,10,0,5,1,0
01:10:00,501204016,2,1,18,1,0
01:10:00,501204017,8,2,7,1,0
01:10:00,501204018,20,3,4,1,0
01:10:00,501204020,6,0,14,1,0
01:10:00,501204021,1,0,19,1,0
01:10:00,501204022,8,0,8,1,0
01:10:00,501204023,13,2,2,1,0
01:10:00,501204024,0,0,0,2,0
01:10:00,501204025,9,0,11,1,0
01:10:00,501205001,8,0,9,1,0
01:10:00,501205003,5,0,13,1,0
01:10:00,501205004,10,0,6,1,0
01:10:00,501205005,5,0,17,1,0
01:10:00,501205006,16,1,4,1,0
01:10:00,501205007,5,2,7,1,0
01:10:00,501205008,12,1,14,1,0
01:10:00,501205009,26,0,19,1,0
01:10:00,501205010,3,1,10,1,0
01:10:00,501205011,9,0,23,1,0
01:10:00,501205012,5,0,15,1,0
01:10:00,501205013,2,0,19,1,0
01:10:00,501205014,21,11,2,1,0
01:10:00,501205015,6,0,12,1,0
01:10:00,501205018,11,3,7,1,0
01:10:00,501205019,5,0,23,1,0
01:10:00,501205020,2,0,28,1,0
01:10:00,501205021,15,2,0,1,0
01:10:00,501205022,6,0,9,1,0
01:10:00,501205023,4,0,11,1,0
01:10:00,501205025,27,1,0,1,0
01:10:00,501205026,9,2,10,1,0
01:10:00,501205027,1,0,9,1,0
01:10:00,501205028,4,0,11,1,0
01:10:00,501205029,0,0,10,1,0
01:10:00,501205030,7,0,3,1,0
01:10:00,501205033,3,0,12,1,0
01:10:00,501205034,1,1,27,1,0
01:10:00,501205035,13,3,3,1,0
01:10:00,501205036,5,1,10,1,0
01:10:00,501205037,6,0,9,1,0
01:10:00,501205038,6,1,14,1,0
01:10:00,501205039,9,1,11,1,0
01:10:00,501205040,13,0,12,1,0
01:10:00,501205041,13,0,4,1,0
01:10:00,501205042,6,2,23,1,0
01:10:00,501208011,33,0,3,1,0
01:10:00,501208013,32,5,22,1,0
01:10:00,501208014,6,0,32,1,0
01:10:00,501208015,7,1,8,1,0
01:10:00,501208018,12,2,3,1,0
01:10:00,501208021,1,0,16,1,0
01:10:00,501208027,5,0,25,1,0
01:10:00,501208029,15,1,6,1,0
01:10:00,501208030,12,0,26,1,0
01:10:00,501208032,28,0,0,1,0
01:10:00,501208040,7,1,12,1,0
01:10:00,501208041,2,0,13,1,0
01:10:00,501208045,12,0,20,1,0
01:10:00,501208051,1,0,35,1,0
01:10:00,501208053,12,0,9,1,0
01:10:00,501208054,0,0,28,1,0
01:10:00,501208059,4,0,25,1,0
01:10:00,501208064,5,0,15,1,0
01:10:00,501208077,6,0,4,1,0
01:10:00,501208079,0,0,22,1,0
01:10:00,501208082,1,1,9,1,0
01:10:00,501208085,16,0,1,1,0
01:10:00,501208087,1,0,30,1,0
01:10:00,501208089,15,1,10,1,0
01:10:00,501208091,1,0,42,1,0
01:10:00,501208111,7,2,8,1,0
01:10:00,501208113,6,0,14,1,0
01:10:00,501208114,6,0,14,1,0
01:10:00,501208129,4,0,18,1,0
01:10:00,501208130,7,0,7,1,0
01:10:00,501209002,18,2,2,1,0
01:10:00,501209003,2,0,12,1,0
01:10:00,501209004,8,1,7,1,0
01:10:00,501209005,1,1,17,1,0
01:10:00,501209006,6,1,13,1,0
01:10:00,501209007,11,0,4,1,0
01:10:00,501209009,0,0,0,2,0
01:10:00,501209010,6,1,8,1,0
01:10:00,501209011,5,0,20,1,0
01:10:00,501209014,4,0,8,1,0
01:10:00,501209015,9,1,6,1,0
01:10:00,501209016,11,1,18,1,0
01:10:00,501209017,8,0,5,1,0
01:10:00,501209018,2,0,14,1,0
01:10:00,501209019,3,0,21,1,0
01:10:00,501209020,4,0,27,1,0
01:10:00,501209021,5,0,9,1,0
01:10:00,501209022,10,4,0,1,0
01:10:00,501209023,30,0,13,1,0
01:10:00,501209024,9,0,33,1,0
01:10:00,501209025,8,0,7,1,0
01:10:00,501209026,16,1,10,1,0
01:10:00,501209027,1,1,18,1,0
01:10:00,501209028,5,1,23,1,0
01:10:00,501209030,16,0,2,1,0
01:10:00,501209031,16,0,14,1,0
01:10:00,501209032,7,0,20,1,0
01:10:00,501209033,8,1,11,1,0
01:10:00,501209034,3,3,12,1,0
01:10:00,501209035,1,0,27,1,0
01:10:00,501209036,2,0,29,1,0
01:10:00,501209037,19,1,16,1,0
01:10:00,501209038,11,2,4,1,0
01:10:00,501209039,1,0,29,1,0
01:10:00,501209040,7,0,24,1,0
01:10:00,501209042,8,3,12,1,0
01:10:00,501209043,17,0,8,1,0
01:10:00,501209044,11,4,4,1,0
01:10:00,501209045,9,1,6,1,0
01:10:00,501209046,12,0,9,1,0
01:10:00,501209047,9,2,5,1,0
01:10:00,501209049,5,0,15,1,0
01:10:00,501209050,12,1,1,1,0
01:10:00,501209051,5,1,19,1,0
01:10:00,501209052,0,0,22,1,0
01:10:00,501209053,3,1,17,1,0
01:10:00,501209054,7,1,20,1,0
01:10:00,501209056,7,0,8,1,0
01:10:00,501209058,13,2,2,1,0
01:10:00,501209059,5,0,10,1,0
01:10:00,501209060,3,0,17,1,0
01:10:00,501209062,10,0,5,1,0
01:10:00,501209064,8,0,7,1,0
01:10:00,501209065,4,0,11,1,0
01:10:00,501209066,10,0,4,1,0
01:10:00,501209067,13,1,2,1,0
01:10:00,501209068,6,1,11,1,0
01:10:00,501209069,1,0,62,1,0
01:10:00,501209070,12,2,4,1,0
01:10:00,501209071,5,0,12,1,0
01:10:00,501209073,11,2,4,1,0
01:10:00,501209074,19,2,4,1,0
01:10:00,501209075,4,1,12,1,0
01:10:00,501209076,4,1,18,1,0
01:10:00,501209077,6,1,9,1,0
01:10:00,501209078,9,1,4,1,0
01:10:00,501209079,1,0,23,1,0
01:10:00,501209080,1,0,25,1,0
01:10:00,501209081,4,2,11,1,0
01:10:00,501209084,8,1,15,1,0
01:10:00,501209085,2,0,25,1,0
01:10:00,501209087,4,0,35,1,0
01:10:00,501209088,4,1,11,1,0
01:10:00,501209089,3,0,16,1,0
01:10:00,501209090,7,2,7,1,0
01:10:00,501209091,4,0,11,1,0
01:10:00,501209092,7,0,9,1,0
01:10:00,501209093,1,0,13,1,0
01:10:00,501209094,6,0,10,1,0
01:10:00,501209095,5,4,8,1,0
01:10:00,501209096,10,1,5,1,0
01:10:00,501209097,3,1,12,1,0
01:10:00,501209098,6,0,9,1,0
01:10:00,501209099,5,1,14,1,0
01:10:00,501209100,8,0,7,1,0
01:10:00,501209101,5,0,10,1,0
01:10:00,501209102,6,1,14,1,0
01:10:00,501209104,1,0,18,1,0
01:10:00,501209105,16,4,10,1,0
01:10:00,501209106,2,0,18,1,0
01:10:00,501211001,24,8,14,1,0
01:10:00,501211002,5,3,10,1,0
01:10:00,501211004,10,1,5,1,0
01:10:00,501211005,8,0,11,1,0
01:10:00,501211006,10,0,7,1,0
01:10:00,501211007,13,0,5,1,0
01:10:00,501211009,6,1,12,1,0
01:10:00,501211011,9,1,21,1,0
01:10:00,501211012,7,1,11,1,0
01:21:08,501201001,0,0,0,2,0
01:21:08,501201002,9,0,30,1,0
01:21:08,501201003,3,0,20,1,0
01:21:08,501201004,5,2,8,1,0
01:21:08,501201005,1,0,17,1,0
01:21:08,501201006,3,2,25,1,0
01:21:08,501201007,8,3,10,1,0
01:21:08,501201008,10,3,15,1,0
01:21:08,501201010,5,1,5,1,0
01:21:08,501201011,8,1,14,1,0
01:21:08,501201012,9,0,27,1,0
01:21:08,501201013,5,0,17,1,0
01:21:08,501201014,8,1,11,1,0
01:21:08,501201015,11,0,14,1,0
01:21:08,501201016,3,0,21,1,0
01:21:08,501201017,11,0,13,1,0
01:21:08,501201018,4,0,19,1,0
01:21:08,501201019,16,1,10,1,0
01:21:08,501201020,8,0,16,1,0
01:21:08,501201021,7,0,7,1,0
01:21:08,501201022,4,0,12,1,0
01:21:08,501201023,8,1,20,1,0
01:21:08,501201024,11,0,13,1,0
01:21:08,501201025,8,0,16,1,0
01:21:08,501201026,11,0,8,1,0
01:21:08,501201028,15,0,5,1,0
01:21:08,501201029,8,1,5,1,0
01:21:08,501201030,3,0,11,1,0
01:21:08,501201031,7,0,10,1,0
01:21:08,501202001,4,2,10,1,0
01:21:08,501202003,15,0,25,1,0
01:21:08,501202013,1,0,16,1,0
01:21:08,501202023,10,1,5,1,0
01:21:08,501202024,6,1,9,1,0
01:21:08,501202034,8,0,8,1,0
01:21:08,501202035,1,0,29,1,0
01:21:08,501202036,16,1,23,1,0
01:21:08,501202040,11,0,31,1,0
01:21:08,501202043,4,0,20,1,0
01:21:08,501202044,0,0,0,2,0
01:21:08,501202047,6,2,16,1,0
01:21:08,501202050,5,0,11,1,0
01:21:08,501202055,12,1,3,1,0
01:21:08,501202058,7,0,8,1,0
01:21:08,501202065,8,0,7,1,0
01:21:08,501202068,12,0,6,1,0
01:21:08,501202070,6,1,10,1,0
01:21:08,501202078,2,0,23,1,0
01:21:08,501202080,6,0,20,1,0
01:21:08,501202081,6,0,17,1,0
01:21:08,501202082,6,1,17,1,0
01:21:08,501202083,17,1,7,1,0
01:21:08,501202084,11,1,13,1,0
01:21:08,501202085,6,0,29,1,0
01:21:08,501202088,3,2,27,1,0
01:21:08,501202089,2,0,27,1,0
01:21:08,501202096,14,2,1,1,0
01:21:08,501203001,0,0,19,1,0
01:21:08,501203002,1,0,21,1,0
01:21:08,501203003,0,0,93,1,0
01:21:08,501203005,10,0,10,1,0
01:21:08,501203006,4,0,11,1,0
01:21:08,501203007,12,1,2,1,0
01:21:08,501203008,8,2,8,1,0
01:21:08,501203010,20,2,13,1,0
01:21:08,501203011,31,7,7,1,0
01:21:08,501203012,9,0,8,1,0
01:21:08,501203013,4,2,20,1,0
01:21:08,501203015,12,3,0,1,0
01:21:08,501203020,15,0,4,1,0
01:21:08,501203022,2,1,17,1,0
01:21:08,501203023,3,1,15,1,0
01:21:08,501203028,13,2,12,1,0
01:21:08,501203040,4,1,19,1,0
01:21:08,501203045,10,1,8,1,0
01:21:08,501203050,32,0,28,1,0
01:21:08,501203051,6,0,18,1,0
01:21:08,501203053,0,0,26,1,0
01:21:08,501203054,10,2,12,1,0
01:21:08,501203064,7,1,8,1,0
01:21:08,501203065,12,0,4,1,0
01:21:08,501203070,9,1,6,1,0
01:21:08,501203073,4,0,20,1,0
01:21:08,501203076,6,0,10,1,0
01:21:08,501203078,7,1,9,1,0
01:21:08,501203080,7,1,8,1,0
01:21:08,501203084,3,0,8,1,0
01:21:08,501203085,5,0,5,1,0
01:21:08,501203088,11,1,3,1,0
01:21:08,501203089,5,0,7,1,0
01:21:08,501203090,1,0,9,1,0
01:21:08,501203091,9,0,4,1,0
01:21:08,501203092,0,0,18,1,0
01:21:08,501203100,10,3,9,1,0
01:21:08,501203101,0,0,0,2,0
01:21:08,501203102,8,2,11,1,0
01:21:08,501203104,4,1,15,1,0
01:21:08,501203105,7,3,3,1,0
01:21:08,501203107,0,0,0,2,0
01:21:08,501203109,2,1,24,1,0
01:21:08,501203110,3,0,38,1,0
01:21:08,501203111,10,0,1,1,0
01:21:08,501203113,5,0,14,1,0
01:21:08,501203114,1,0,49,1,0
01:21:08,501203117,0,0,0,2,0
01:21:08,501203118,18,1,2,1,0
01:21:08,501203121,16,1,8,1,0
01:21:08,501203122,11,1,9,1,0
01:21:08,501203125,20,1,5,1,0
01:21:08,501203131,16,5,4,1,0
01:21:08,501203140,1,0,41,1,0
01:21:08,501203141,6,0,10,1,0
01:21:08,501203142,3,1,33,1,0
01:21:08,501203145,9,1,6,1,0
01:21:08,501203151,8,0,10,1,0
01:21:08,501203155,5,0,14,1,0
01:21:08,501203157,4,1,13,1,0
01:21:08,501203159,5,1,15,1,0
01:21:08,501203161,1,0,18,1,0
01:21:08,501203162,1,0,20,1,0
01:21:08,501203163,10,3,6,1,0
01:21:08,501204001,1,0,23,1,0
01:21:08,501204002,11,0,25,1,0
01:21:08,501204003,17,0,27,1,0
01:21:08,501204004,3,1,11,1,0
01:21:08,501204005,18,1,1,1,0
01:21:08,501204007,2,0,34,1,0
01:21:08,501204008,4,0,11,1,0
01:21:08,501204009,0,0,0,2,0
01:21:08,501204010,0,0,0,2,0
01:21:08,501204011,2,1,13,1,0
01:21:08,501204012,10,0,3,1,0
01:21:08,501204013,10,2,3,1,0
01:21:08,501204014,6,1,9,1,0
01:21:08,501204015,10,0,5,1,0
01:21:08,501204016,2,1,18,1,0
01:21:08,501204017,8,2,7,1,0
01:21:08,501204018,20,3,4,1,0
01:21:08,501204020,6,0,14,1,0
01:21:08,501204021,1,0,19,1,0
01:21:08,501204022,8,0,8,1,0
01:21:08,501204023,13,2,2,1,0
01:21:08,501204024,0,0,0,2,0
01:21:08,501204025,9,0,11,1,0
01:21:08,501205001,8,0,9,1,0
01:21:08,501205003,5,0,13,1,0
01:21:08,501205004,11,1,5,1,0
01:21:08,501205005,5,0,17,1,0
01:21:08,501205006,16,1,4,1,0
01:21:08,501205007,5,2,7,1,0
01:21:08,501205008,12,1,14,1,0
01:21:08,501205009,25,0,20,1,0
01:21:08,501205010,3,1,10,1,0
01:21:08,501205011,9,0,23,1,0
01:21:08,501205012,5,0,15,1,0
01:21:08,501205013,2,0,19,1,0
01:21:08,501205014,21,11,2,1,0
01:21:08,501205015,6,0,12,1,0
01:21:08,501205018,12,3,6,1,0
01:21:08,501205019,5,0,23,1,0
01:21:08,501205020,2,0,28,1,0
01:21:08,501205021,15,2,0,1,0
01:21:08,501205022,6,0,9,1,0
01:21:08,501205023,4,0,11,1,0
01:21:08,501205025,27,1,0,1,0
01:21:08,501205026,10,3,9,1,0
01:21:08,501205027,1,0,9,1,0
01:21:08,501205028,4,0,11,1,0
01:21:08,501205029,0,0,10,1,0
01:21:08,501205030,7,0,3,1,0
01:21:08,501205033,3,0,12,1,0
01:21:08,501205034,1,1,27,1,0
01:21:08,501205035,7,3,9,1,0
01:21:08,501205036,5,1,10,1,0
01:21:08,501205037,5,0,10,1,0
01:21:08,501205038,6,1,14,1,0
01:21:08,501205039,9,1,11,1,0
01:21:08,501205040,13,0,12,1,0
01:21:08,501205041,13,0,4,1,0
01:21:08,501205042,6,2,23,1,0
01:21:08,501208011,31,0,5,1,0
01:21:08,501208013,32,5,22,1,0
01:21:08,501208014,6,0,32,1,0
01:21:08,501208015,7,1,8,1,0
01:21:08,501208018,12,2,3,1,0
01:21:08,501208021,1,0,16,1,0
01:21:08,501208027,5,0,25,1,0
01:21:08,501208029,15,1,6,1,0
01:21:08,501208030,12,0,26,1,0
01:21:08,501208032,28,0,0,1,0
01:21:08,501208040,7,1,12,1,0
01:21:08,501208041,2,0,13,1,0
01:21:08,501208045,12,0,20,1,0
01:21:08,501208051,1,0,35,1,0
01:21:08,501208053,12,0,9,1,0
01:21:08,501208054,0,0,28,1,0
01:21:08,501208059,4,0,25,1,0
01:21:08,501208064,5,0,15,1,0
01:21:08,501208077,6,0,4,1,0
01:21:08,501208079,0,0,22,1,0
01:21:08,501208082,1,1,9,1,0
01:21:08,501208085,16,0,1,1,0
01:21:08,501208087,1,0,30,1,0
01:21:08,501208089,15,1,10,1,0
01:21:08,501208091,1,0,42,1,0
01:21:08,501208111,7,2,8,1,0
01:21:08,501208113,6,0,14,1,0
01:21:08,501208114,6,0,14,1,0
01:21:08,501208129,4,0,18,1,0
01:21:08,501208130,7,0,7,1,0
01:21:08,501209002,18,2,2,1,0
01:21:08,501209003,2,0,12,1,0
01:21:08,501209004,8,1,7,1,0
01:21:08,501209005,1,1,17,1,0
01:21:08,501209006,6,1,13,1,0
01:21:08,501209007,11,0,4,1,0
01:21:08,501209009,0,0,0,2,0
01:21:08,501209010,6,1,8,1,0
01:21:08,501209011,5,0,20,1,0
01:21:08,501209014,4,0,8,1,0
01:21:08,501209015,9,1,6,1,0
01:21:08,501209016,11,1,18,1,0
01:21:08,501209017,9,0,4,1,0
01:21:08,501209018,2,0,14,1,0
01:21:08,501209019,3,0,21,1,0
01:21:08,501209020,4,0,27,1,0
01:21:08,501209021,5,0,9,1,0
01:21:08,501209022,10,4,0,1,0
01:21:08,501209023,30,0,13,1,0
01:21:08,501209024,9,0,33,1,0
01:21:08,501209025,8,0,7,1,0
01:21:08,501209026,16,1,10,1,0
01:21:08,501209027,1,1,18,1,0
01:21:08,501209028,5,1,23,1,0
01:21:08,501209030,17,0,1,1,0
01:21:08,501209031,16,0,14,1,0
01:21:08,501209032,7,0,20,1,0
01:21:08,501209033,8,1,11,1,0
01:21:08,501209034,3,3,12,1,0
01:21:08,501209035,1,0,27,1,0
01:21:08,501209036,2,0,29,1,0
01:21:08,501209037,19,1,16,1,0
01:21:08,501209038,12,3,3,1,0
01:21:08,501209039,1,0,29,1,0
01:21:08,501209040,7,0,24,1,0
01:21:08,501209042,8,3,12,1,0
01:21:08,501209043,17,0,8,1,0
01:21:08,501209044,11,4,4,1,0
01:21:08,501209045,10,1,5,1,0
01:21:08,501209046,16,0,5,1,0
01:21:08,501209047,9,2,5,1,0
01:21:08,501209049,5,0,15,1,0
01:21:08,501209050,12,1,1,1,0
01:21:08,501209051,5,1,19,1,0
01:21:08,501209052,0,0,22,1,0
01:21:08,501209053,3,1,17,1,0
01:21:08,501209054,9,2,18,1,0
01:21:08,501209056,7,0,8,1,0
01:21:08,501209058,13,2,2,1,0
01:21:08,501209059,5,0,10,1,0
01:21:08,501209060,3,0,17,1,0
01:21:08,501209062,10,0,5,1,0
01:21:08,501209064,8,0,7,1,0
01:21:08,501209065,4,0,11,1,0
01:21:08,501209066,10,0,4,1,0
01:21:08,501209067,14,1,1,1,0
01:21:08,501209068,6,1,11,1,0
01:21:08,501209069,1,0,62,1,0
01:21:08,501209070,12,2,4,1,0
01:21:08,501209071,5,0,12,1,0
01:21:08,501209073,11,3,4,1,0
01:21:08,501209074,19,2,4,1,0
01:21:08,501209075,4,1,12,1,0
01:21:08,501209076,4,1,18,1,0
01:21:08,501209077,6,1,9,1,0
01:21:08,501209078,9,1,4,1,0
01:21:08,501209079,1,0,23,1,0
01:21:08,501209080,1,0,25,1,0
01:21:08,501209081,4,2,11,1,0
01:21:08,501209084,8,1,15,1,0
01:21:08,501209085,2,0,25,1,0
01:21:08,501209087,4,0,35,1,0
01:21:08,501209088,4,1,11,1,0
01:21:08,501209089,3,0,16,1,0
01:21:08,501209090,7,2,7,1,0
01:21:08,501209091,4,0,11,1,0
01:21:08,501209092,7,0,9,1,0
01:21:08,501209093,1,0,13,1,0
01:21:08,501209094,6,0,10,1,0
01:21:08,501209095,5,4,8,1,0
01:21:08,501209096,10,1,5,1,0
01:21:08,501209097,3,1,12,1,0
01:21:08,501209098,6,0,9,1,0
01:21:08,501209099,5,1,14,1,0
01:21:08,501209100,8,0,7,1,0
01:21:08,501209101,5,0,10,1,0
01:21:08,501209102,6,1,14,1,0
01:21:08,501209104,1,0,18,1,0
01:21:08,501209105,16,4,10,1,0
01:21:08,501209106,2,0,18,1,0
01:21:08,501211001,24,8,14,1,0
01:21:08,501211002,5,3,10,1,0
01:21:08,501211004,10,1,5,1,0
01:21:08,501211005,8,0,11,1,0
01:21:08,501211006,10,0,7,1,0
01:21:08,501211007,13,0,5,1,0
01:21:08,501211009,6,1,12,1,0
01:21:08,501211011,9,1,21,1,0
01:21:08,501211012,7,1,11,1,0
01:30:00,501201001,0,0,0,2,0
01:30:00,501201002,9,0,30,1,0
01:30:00,501201003,3,0,20,1,0
01:30:00,501201004,5,2,8,1,0
01:30:00,501201005,1,0,17,1,0
01:30:00,501201006,3,2,25,1,0
01:30:00,501201007,8,3,10,1,0
01:30:00,501201008,10,3,15,1,0
01:30:00,501201010,5,1,5,1,0
01:30:00,501201011,8,1,14,1,0
01:30:00,501201012,9,0,27,1,0
01:30:00,501201013,5,0,17,1,0
01:30:00,501201014,8,1,11,1,0
01:30:00,501201015,11,0,14,1,0
01:30:00,501201016,3,0,21,1,0
01:30:00,501201017,11,0,13,1,0
01:30:00,501201018,4,0,19,1,0
01:30:00,501201019,15,1,11,1,0
01:30:00,501201020,8,0,16,1,0
01:30:00,501201021,6,0,8,1,0
01:30:00,501201022,4,0,12,1,0
01:30:00,501201023,8,1,20,1,0
01:30:00,501201024,11,0,13,1,0
01:30:00,501201025,8,0,16,1,0
01:30:00,501201026,10,0,9,1,0
01:30:00,501201028,15,0,5,1,0
01:30:00,501201029,7,0,6,1,0
01:30:00,501201030,3,0,11,1,0
01:30:00,501201031,7,0,10,1,0
01:30:00,501202001,4,2,10,1,0
01:30:00,501202003,15,0,25,1,0
01:30:00,501202013,1,0,16,1,0
01:30:00,501202023,10,0,5,1,0
01:30:00,501202024,6,1,9,1,0
01:30:00,501202034,8,0,8,1,0
01:30:00,501202035,1,0,29,1,0
01:30:00,501202036,16,1,23,1,0
01:30:00,501202040,12,1,30,1,0
01:30:00,501202043,4,0,20,1,0
01:30:00,501202044,0,0,0,2,0
01:30:00,501202047,6,2,16,1,0
01:30:00,501202050,5,0,11,1,0
01:30:00,501202055,12,1,3,1,0
01:30:00,501202058,7,0,8,1,0
01:30:00,501202065,8,0,7,1,0
01:30:00,501202068,12,0,6,1,0
01:30:00,501202070,6,1,10,1,0
01:30:00,501202078,2,0,23,1,0
01:30:00,501202080,6,0,20,1,0
01:30:00,501202081,6,0,17,1,0
01:30:00,501202082,3,1,20,1,0
01:30:00,501202083,17,1,7,1,0
01:30:00,501202084,12,2,12,1,0
01:30:00,501202085,6,0,29,1,0
01:30:00,501202088,3,2,27,1,0
01:30:00,501202089,2,0,27,1,0
01:30:00,501202096,14,2,1,1,0
01:30:00,501203001,0,0,19,1,0
01:30:00,501203002,1,0,21,1,0
01:30:00,501203003,0,0,93,1,0
01:30:00,501203005,10,0,10,1,0
01:30:00,501203006,4,0,11,1,0
01:30:00,501203007,12,1,2,1,0
01:30:00,501203008,8,2,8,1,0
01:30:00,501203010,20,2,13,1,0
01:30:00,501203011,31,7,7,1,0
01:30:00,501203012,9,0,8,1,0
01:30:00,501203013,4,2,20,1,0
01:30:00,501203015,12,3,0,1,0
01:30:00,501203020,15,0,4,1,0
01:30:00,501203022,2,1,17,1,0
01:30:00,501203023,3,1,15,1,0
01:30:00,501203028,11,0,14,1,0
01:30:00,501203040,4,1,19,1,0
01:30:00,501203045,10,1,8,1,0
01:30:00,501203050,42,0,18,1,0
01:30:00,501203051,6,0,18,1,0
01:30:00,501203053,0,0,26,1,0
01:30:00,501203054,10,2,12,1,0
01:30:00,501203064,7,1,8,1,0
01:30:00,501203065,12,0,4,1,0
01:30:00,501203070,10,2,5,1,0
01:30:00,501203073,4,0,20,1,0
01:30:00,501203076,6,0,10,1,0
01:30:00,501203078,7,1,9,1,0
01:30:00,501203080,7,1,8,1,0
01:30:00,501203084,3,0,8,1,0
01:30:00,501203085,5,0,5,1,0
01:30:00,501203088,11,1,3,1,0
01:30:00,501203089,5,0,7,1,0
01:30:00,501203090,1,0,9,1,0
01:30:00,501203091,9,0,4,1,0
01:30:00,501203092,0,0,18,1,0
01:30:00,501203100,10,3,9,1,0
01:30:00,501203101,0,0,0,2,0
01:30:00,501203102,8,2,11,1,0
01:30:00,501203104,4,1,15,1,0
01:30:00,501203105,7,3,3,1,0
01:30:00,501203107,0,0,0,2,0
01:30:00,501203109,1,0,25,1,0
01:30:00,501203110,3,0,38,1,0
01:30:00,501203111,10,0,1,1,0
01:30:00,501203113,5,0,14,1,0
01:30:00,501203114,1,0,49,1,0
01:30:00,501203117,0,0,0,2,0
01:30:00,501203118,18,1,2,1,0
01:30:00,501203121,16,1,8,1,0
01:30:00,501203122,11,1,9,1,0
01:30:00,501203125,20,1,5,1,0
01:30:00,501203131,16,5,4,1,0
01:30:00,501203140,1,0,41,1,0
01:30:00,501203141,6,0,10,1,0
01:30:00,501203142,3,1,33,1,0
01:30:00,501203145,9,1,6,1,0
01:30:00,501203151,6,0,11,1,0
01:30:00,501203155,5,0,14,1,0
01:30:00,501203157,4,1,13,1,0
01:30:00,501203159,5,1,15,1,0
01:30:00,501203161,1,0,18,1,0
01:30:00,501203162,1,0,20,1,0
01:30:00,501203163,10,3,6,1,0
01:30:00,501204001,1,0,23,1,0
01:30:00,501204002,11,0,25,1,0
01:30:00,501204003,17,0,27,1,0
01:30:00,501204004,3,1,11,1,0
01:30:00,501204005,18,1,1,1,0
01:30:00,501204007,2,0,34,1,0
01:30:00,501204008,4,0,11,1,0
01:30:00,501204009,0,0,0,2,0
01:30:00,501204010,0,0,0,2,0
01:30:00,501204011,2,1,13,1,0
01:30:00,501204012,10,0,3,1,0
01:30:00,501204013,10,2,3,1,0
01:30:00,501204014,6,1,9,1,0
01:30:00,501204015,10,0,5,1,0
01:30:00,501204016,2,1,18,1,0
01:30:00,501204017,9,3,6,1,0
01:30:00,501204018,20,3,4,1,0
01:30:00,501204020,6,0,14,1,0
01:30:00,501204021,1,0,19,1,0
01:30:00,501204022,8,0,8,1,0
01:30:00,501204023,13,2,2,1,0
01:30:00,501204024,0,0,0,2,0
01:30:00,501204025,9,0,11,1,0
01:30:00,501205001,8,0,9,1,0
01:30:00,501205003,5,0,13,1,0
01:30:00,501205004,11,1,5,1,0
01:30:00,501205005,5,0,17,1,0
01:30:00,501205006,16,1,4,1,0
01:30:00,501205007,5,2,7,1,0
01:30:00,501205008,12,1,14,1,0
01:30:00,501205009,25,0,20,1,0
01:30:00,501205010,3,1,10,1,0
01:30:00,501205011,9,0,23,1,0
01:30:00,501205012,5,0,15,1,0
01:30:00,501205013,2,0,19,1,0
01:30:00,501205014,21,11,2,1,0
01:30:00,501205015,6,0,12,1,0
01:30:00,501205018,12,3,6,1,0
01:30:00,501205019,5,0,23,1,0
01:30:00,501205020,2,0,28,1,0
01:30:00,501205021,15,2,0,1,0
01:30:00,501205022,6,0,9,1,0
01:30:00,501205023,4,0,11,1,0
01:30:00,501205025,27,1,0,1,0
01:30:00,501205026,11,3,8,1,0
01:30:00,501205027,1,0,9,1,0
01:30:00,501205028,4,0,11,1,0
01:30:00,501205029,4,0,6,1,0
01:30:00,501205030,7,0,3,1,0
01:30:00,501205033,3,0,12,1,0
01:30:00,501205034,1,1,27,1,0
01:30:00,501205035,7,3,9,1,0
01:30:00,501205036,5,1,10,1,0
01:30:00,501205037,5,0,10,1,0
01:30:00,501205038,6,1,14,1,0
01:30:00,501205039,9,1,11,1,0
01:30:00,501205040,13,0,12,1,0
01:30:00,501205041,13,0,4,1,0
01:30:00,501205042,6,2,23,1,0
01:30:00,501208011,31,0,5,1,0
01:30:00,501208013,32,5,22,1,0
01:30:00,501208014,6,0,32,1,0
01:30:00,501208015,7,1,8,1,0
01:30:00,501208018,12,2,3,1,0
01:30:00,501208021,1,0,16,1,0
01:30:00,501208027,5,0,25,1,0
01:30:00,501208029,15,1,6,1,0
01:30:00,501208030,12,0,26,1,0
01:30:00,501208032,28,0,0,1,0
01:30:00,501208040,7,1,12,1,0
01:30:00,501208041,2,0,13,1,0
01:30:00,501208045,12,0,20,1,0
01:30:00,501208051,1,0,35,1,0
01:30:00,501208053,12,0,9,1,0
01:30:00,501208054,0,0,28,1,0
01:30:00,501208059,4,0,25,1,0
01:30:00,501208064,5,0,15,1,0
01:30:00,501208077,8,0,2,1,0
01:30:00,501208079,2,0,20,1,0
01:30:00,501208082,1,1,9,1,0
01:30:00,501208085,16,0,1,1,0
01:30:00,501208087,1,0,30,1,0
01:30:00,501208089,15,1,10,1,0
01:30:00,501208091,1,0,42,1,0
01:30:00,501208111,7,2,8,1,0
01:30:00,501208113,6,0,14,1,0
01:30:00,501208114,6,0,14,1,0
01:30:00,501208129,4,0,18,1,0
01:30:00,501208130,7,0,7,1,0
01:30:00,501209002,18,2,2,1,0
01:30:00,501209003,2,0,12,1,0
01:30:00,501209004,8,1,7,1,0
01:30:00,501209005,1,1,17,1,0
01:30:00,501209006,6,1,13,1,0
01:30:00,501209007,11,0,4,1,0
01:30:00,501209009,0,0,0,2,0
01:30:00,501209010,6,1,8,1,0
01:30:00,501209011,5,0,20,1,0
01:30:00,501209014,4,0,8,1,0
01:30:00,501209015,9,1,6,1,0
01:30:00,501209016,9,1,20,1,0
01:30:00,501209017,9,0,4,1,0
01:30:00,501209018,2,0,14,1,0
01:30:00,501209019,3,0,21,1,0
01:30:00,501209020,4,0,27,1,0
01:30:00,501209021,5,0,9,1,0
01:30:00,501209022,6,4,4,1,0
01:30:00,501209023,30,0,13,1,0
01:30:00,501209024,9,0,33,1,0
01:30:00,501209025,8,0,7,1,0
01:30:00,501209026,17,1,9,1,0
01:30:00,501209027,1,1,18,1,0
01:30:00,501209028,5,1,23,1,0
01:30:00,501209030,17,0,1,1,0
01:30:00,501209031,16,0,14,1,0
01:30:00,501209032,7,0,20,1,0
01:30:00,501209033,9,2,10,1,0
01:30:00,501209034,3,3,12,1,0
01:30:00,501209035,1,0,27,1,0
01:30:00,501209036,2,0,29,1,0
01:30:00,501209037,19,1,16,1,0
01:30:00,501209038,12,3,3,1,0
01:30:00,501209039,1,0,29,1,0
01:30:00,501209040,7,0,24,1,0
01:30:00,501209042,8,3,12,1,0
01:30:00,501209043,17,0,8,1,0
01:30:00,501209044,11,4,4,1,0
01:30:00,501209045,10,1,5,1,0
01:30:00,501209046,16,0,5,1,0
01:30:00,501209047,9,2,5,1,0
01:30:00,501209049,5,0,15,1,0
01:30:00,501209050,12,1,1,1,0
01:30:00,501209051,5,1,19,1,0
01:30:00,501209052,0,0,22,1,0
01:30:00,501209053,3,1,17,1,0
01:30:00,501209054,9,2,18,1,0
01:30:00,501209056,7,0,8,1,0
01:30:00,501209058,13,2,2,1,0
01:30:00,501209059,5,0,10,1,0
01:30:00,501209060,3,0,17,1,0
01:30:00,501209062,10,0,5,1,0
01:30:00,501209064,8,0,7,1,0
01:30:00,501209065,4,0,11,1,0
01:30:00,501209066,10,0,4,1,0
01:30:00,501209067,14,1,1,1,0
01:30:00,501209068,6,1,11,1,0
01:30:00,501209069,3,0,60,1,0
01:30:00,501209070,12,2,4,1,0
01:30:00,501209071,5,0,12,1,0
01:30:00,501209073,11,3,4,1,0
01:30:00,501209074,19,2,4,1,0
01:30:00,501209075,4,1,12,1,0
01:30:00,501209076,4,1,18,1,0
01:30:00,501209077,6,1,9,1,0
01:30:00,501209078,9,1,4,1,0
01:30:00,501209079,1,0,23,1,0
01:30:00,501209080,1,0,25,1,0
01:30:00,501209081,4,2,11,1,0
01:30:00,501209084,8,1,15,1,0
01:30:00,501209085,2,0,25,1,0
01:30:00,501209087,4,0,35,1,0
01:30:00,501209088,4,1,11,1,0
01:30:00,501209089,3,0,16,1,0
01:30:00,501209090,7,2,7,1,0
01:30:00,501209091,4,0,11,1,0
01:30:00,501209092,7,0,9,1,0
01:30:00,501209093,1,0,13,1,0
01:30:00,501209094,6,0,10,1,0
01:30:00,501209095,5,4,8,1,0
01:30:00,501209096,10,1,5,1,0
01:30:00,501209097,3,1,12,1,0
01:30:00,501209098,6,0,9,1,0
01:30:00,501209099,4,0,15,1,0
01:30:00,501209100,8,0,7,1,0
01:30:00,501209101,5,0,10,1,0
01:30:00,501209102,6,1,14,1,0
01:30:00,501209104,1,0,18,1,0
01:30:00,501209105,16,4,10,1,0
01:30:00,501209106,2,0,18,1,0
01:30:00,501211001,24,8,14,1,0
01:30:00,501211002,5,3,10,1,0
01:30:00,501211004,10,1,5,1,0
01:30:00,501211005,8,0,11,1,0
01:30:00,501211006,10,0,7,1,0
01:30:00,501211007,13,0,5,1,0
01:30:00,501211009,6,1,12,1,0
01:30:00,501211011,9,1,21,1,0
01:30:00,501211012,7,1,11,1,0
01:40:00,501201001,0,0,0,2,0
01:40:00,501201002,9,0,30,1,0
01:40:00,501201003,3,0,20,1,0
01:40:00,501201004,5,2,8,1,0
01:40:00,501201005,1,0,17,1,0
01:40:00,501201006,2,1,26,1,0
01:40:00,501201007,8,3,10,1,0
01:40:00,501201008,10,3,15,1,0
01:40:00,501201010,5,1,5,1,0
01:40:00,501201011,8,1,14,1,0
01:40:00,501201012,9,0,27,1,0
01:40:00,501201013,5,0,17,1,0
01:40:00,501201014,9,1,10,1,0
01:40:00,501201015,11,0,14,1,0
01:40:00,501201016,4,0,20,1,0
01:40:00,501201017,12,0,12,1,0
01:40:00,501201018,4,0,19,1,0
01:40:00,501201019,15,1,11,1,0
01:40:00,501201020,8,0,16,1,0
01:40:00,501201021,6,0,8,1,0
01:40:00,501201022,4,0,12,1,0
01:40:00,501201023,8,1,20,1,0
01:40:00,501201024,13,1,11,1,0
01:40:00,501201025,8,0,16,1,0
01:40:00,501201026,11,1,8,1,0
01:40:00,501201028,15,0,5,1,0
01:40:00,501201029,7,0,6,1,0
01:40:00,501201030,3,0,11,1,0
01:40:00,501201031,7,0,10,1,0
01:40:00,501202001,4,2,10,1,0
01:40:00,501202003,15,0,25,1,0
01:40:00,501202013,1,0,16,1,0
01:40:00,501202023,10,0,5,1,0
01:40:00,501202024,6,1,9,1,0
01:40:00,501202034,8,0,8,1,0
01:40:00,501202035,1,0,29,1,0
01:40:00,501202036,16,1,23,1,0
01:40:00,501202040,12,1,30,1,0
01:40:00,501202043,4,0,20,1,0
01:40:00,501202044,0,0,0,2,0
01:40:00,501202047,6,2,16,1,0
01:40:00,501202050,6,1,10,1,0
01:40:00,501202055,12,1,3,1,0
01:40:00,501202058,7,0,8,1,0
01:40:00,501202065,8,0,7,1,0
01:40:00,501202068,11,0,7,1,0
01:40:00,501202070,6,1,10,1,0
01:40:00,501202078,2,0,23,1,0
01:40:00,501202080,6,0,20,1,0
01:40:00,501202081,6,0,17,1,0
01:40:00,501202082,3,1,20,1,0
01:40:00,501202083,17,1,7,1,0
01:40:00,501202084,12,2,12,1,0
01:40:00,501202085,6,0,29,1,0
01:40:00,501202088,3,2,27,1,0
01:40:00,501202089,2,0,27,1,0
01:40:00,501202096,14,2,1,1,0
01:40:00,501203001,0,0,19,1,0
01:40:00,501203002,1,0,21,1,0
01:40:00,501203003,0,0,93,1,0
01:40:00,501203005,10,0,10,1,0
01:40:00,501203006,4,0,11,1,0
01:40:00,501203007,12,1,2,1,0
01:40:00,501203008,8,2,8,1,0
01:40:00,501203010,20,2,13,1,0
01:40:00,501203011,31,7,7,1,0
01:40:00,501203012,9,0,8,1,0
01:40:00,501203013,4,2,20,1,0
01:40:00,501203015,12,3,0,1,0
01:40:00,501203020,15,0,4,1,0
01:40:00,501203022,2,1,17,1,0
01:40:00,501203023,3,1,15,1,0
01:40:00,501203028,11,0,14,1,0
01:40:00,501203040,3,1,20,1,0
01:40:00,501203045,10,1,8,1,0
01:40:00,501203050,48,0,12,1,0
01:40:00,501203051,6,0,18,1,0
01:40:00,501203053,1,0,25,1,0
01:40:00,501203054,10,2,12,1,0
01:40:00,501203064,7,1,8,1,0
01:40:00,501203065,12,0,4,1,0
01:40:00,501203070,10,2,5,1,0
01:40:00,501203073,4,0,20,1,0
01:40:00,501203076,6,0,10,1,0
01:40:00,501203078,7,1,9,1,0
01:40:00,501203080,7,1,8,1,0
01:40:00,501203084,3,0,8,1,0
01:40:00,501203085,5,0,5,1,0
01:40:00,501203088,11,1,3,1,0
01:40:00,501203089,5,0,7,1,0
01:40:00,501203090,1,0,9,1,0
01:40:00,501203091,9,0,4,1,0
01:40:00,501203092,2,0,16,1,0
01:40:00,501203100,10,3,9,1,0
01:40:00,501203101,0,0,0,2,0
01:40:00,501203102,8,2,11,1,0
01:40:00,501203104,4,1,15,1,0
01:40:00,501203105,7,3,3,1,0
01:40:00,501203107,0,0,0,2,0
01:40:00,501203109,1,0,25,1,0
01:40:00,501203110,3,0,38,1,0
01:40:00,501203111,10,0,1,1,0
01:40:00,501203113,5,0,14,1,0
01:40:00,501203114,1,0,49,1,0
01:40:00,501203117,0,0,0,2,0
01:40:00,501203118,18,1,2,1,0
01:40:00,501203121,16,1,8,1,0
01:40:00,501203122,11,1,9,1,0
01:40:00,501203125,20,1,5,1,0
01:40:00,501203131,16,5,4,1,0
01:40:00,501203140,1,0,41,1,0
01:40:00,501203141,6,0,10,1,0
01:40:00,501203142,3,1,33,1,0
01:40:00,501203145,9,1,6,1,0
01:40:00,501203151,6,0,11,1,0
01:40:00,501203155,5,0,14,1,0
01:40:00,501203157,4,1,13,1,0
01:40:00,501203159,5,1,15,1,0
01:40:00,501203161,1,0,18,1,0
01:40:00,501203162,1,0,20,1,0
01:40:00,501203163,10,3,6,1,0
01:40:00,501204001,1,0,23,1,0
01:40:00,501204002,11,0,25,1,0
01:40:00,501204003,17,0,27,1,0
01:40:00,501204004,3,1,11,1,0
01:40:00,501204005,18,1,1,1,0
01:40:00,501204007,2,0,34,1,0
01:40:00,501204008,4,0,11,1,0
01:40:00,501204009,0,0,0,2,0
01:40:00,501204010,0,0,0,2,0
01:40:00,501204011,2,1,13,1,0
01:40:00,501204012,9,0,4,1,0
01:40:00,501204013,10,2,3,1,0
01:40:00,501204014,6,1,9,1,0
01:40:00,501204015,10,0,5,1,0
01:40:00,501204016,2,1,18,1,0
01:40:00,501204017,9,3,6,1,0
01:40:00,501204018,20,3,4,1,0
01:40:00,501204020,6,0,14,1,0
01:40:00,501204021,1,0,19,1,0
01:40:00,501204022,8,0,8,1,0
01:40:00,501204023,13,2,2,1,0
01:40:00,501204024,0,0,0,2,0
01:40:00,501204025,9,0,11,1,0
01:40:00,501205001,8,0,9,1,0
01:40:00,501205003,5,0,13,1,0
01:40:00,501205004,11,1,5,1,0
01:40:00,501205005,5,0,17,1,0
01:40:00,501205006,15,0,5,1,0
01:40:00,501205007,4,1,8,1,0
01:40:00,501205008,11,0,15,1,0
01:40:00,501205009,24,0,21,1,0
01:40:00,501205010,3,1,10,1,0
01:40:00,501205011,9,0,23,1,0
01:40:00,501205012,5,0,15,1,0
01:40:00,501205013,2,0,19,1,0
01:40:00,501205014,21,11,2,1,0
01:40:00,501205015,6,0,12,1,0
01:40:00,501205018,12,3,6,1,0
01:40:00,501205019,5,0,23,1,0
01:40:00,501205020,2,0,28,1,0
01:40:00,501205021,15,2,0,1,0
01:40:00,501205022,6,0,9,1,0
01:40:00,501205023,4,0,11,1,0
01:40:00,501205025,27,1,0,1,0
01:40:00,501205026,10,2,9,1,0
01:40:00,501205027,1,0,9,1,0
01:40:00,501205028,4,0,11,1,0
01:40:00,501205029,4,0,6,1,0
01:40:00,501205030,7,0,3,1,0
01:40:00,501205033,3,0,12,1,0
01:40:00,501205034,1,1,27,1,0
01:40:00,501205035,7,3,9,1,0
01:40:00,501205036,5,1,10,1,0
01:40:00,501205037,5,0,10,1,0
01:40:00,501205038,6,1,14,1,0
01:40:00,501205039,9,1,11,1,0
01:40:00,501205040,12,0,13,1,0
01:40:00,501205041,13,0,4,1,0
01:40:00,501205042,6,2,23,1,0
01:40:00,501208011,31,0,5,1,0
01:40:00,501208013,32,5,22,1,0
01:40:00,501208014,6,0,32,1,0
01:40:00,501208015,7,1,8,1,0
01:40:00,501208018,12,2,3,1,0
01:40:00,501208021,1,0,16,1,0
01:40:00,501208027,5,0,25,1,0
01:40:00,501208029,15,1,6,1,0
01:40:00,501208030,12,0,26,1,0
01:40:00,501208032,28,0,0,1,0
01:40:00,501208040,7,1,12,1,0
01:40:00,501208041,2,0,13,1,0
01:40:00,501208045,12,0,20,1,0
01:40:00,501208051,1,0,35,1,0
01:40:00,501208053,12,0,9,1,0
01:40:00,501208054,2,0,26,1,0
01:40:00,501208059,4,0,25,1,0
01:40:00,501208064,5,0,15,1,0
01:40:00,501208077,9,0,1,1,0
01:40:00,501208079,2,0,20,1,0
01:40:00,501208082,1,1,9,1,0
01:40:00,501208085,16,0,1,1,0
01:40:00,501208087,1,0,30,1,0
01:40:00,501208089,15,1,10,1,0
01:40:00,501208091,1,0,42,1,0
01:40:00,501208111,7,2,8,1,0
01:40:00,501208113,6,0,14,1,0
01:40:00,501208114,6,0,14,1,0
01:40:00,501208129,4,0,18,1,0
01:40:00,501208130,7,0,7,1,0
01:40:00,501209002,18,2,2,1,0
01:40:00,501209003,2,0,12,1,0
01:40:00,501209004,8,1,7,1,0
01:40:00,501209005,1,1,17,1,0
01:40:00,501209006,6,1,13,1,0
01:40:00,501209007,11,0,4,1,0
01:40:00,501209009,0,0,0,2,0
01:40:00,501209010,6,1,8,1,0
01:40:00,501209011,5,0,20,1,0
01:40:00,501209014,4,0,8,1,0
01:40:00,501209015,9,1,6,1,0
01:40:00,501209016,8,1,21,1,0
01:40:00,501209017,9,0,4,1,0
01:40:00,501209018,2,0,14,1,0
01:40:00,501209019,3,0,21,1,0
01:40:00,501209020,4,0,27,1,0
01:40:00,501209021,5,0,9,1,0
01:40:00,501209022,6,4,4,1,0
01:40:00,501209023,30,0,13,1,0
01:40:00,501209024,9,0,33,1,0
01:40:00,501209025,8,0,7,1,0
01:40:00,501209026,17,1,9,1,0
01:40:00,501209027,1,1,18,1,0
01:40:00,501209028,5,1,23,1,0
01:40:00,501209030,17,0,1,1,0
01:40:00,501209031,16,0,14,1,0
01:40:00,501209032,7,0,20,1,0
01:40:00,501209033,9,2,10,1,0
01:40:00,501209034,3,3,12,1,0
01:40:00,501209035,1,0,27,1,0
01:40:00,501209036,2,0,29,1,0
01:40:00,501209037,19,1,16,1,0
01:40:00,501209038,12,3,3,1,0
01:40:00,501209039,1,0,29,1,0
01:40:00,501209040,7,0,24,1,0
01:40:00,501209042,7,2,13,1,0
01:40:00,501209043,17,0,8,1,0
01:40:00,501209044,11,4,4,1,0
01:40:00,501209045,10,1,5,1,0
01:40:00,501209046,16,0,5,1,0
01:40:00,501209047,9,2,5,1,0
01:40:00,501209049,5,0,15,1,0
01:40:00,501209050,12,1,1,1,0
01:40:00,501209051,4,1,20,1,0
01:40:00,501209052,0,0,22,1,0
01:40:00,501209053,3,1,17,1,0
01:40:00,501209054,9,2,18,1,0
01:40:00,501209056,7,0,8,1,0
01:40:00,501209058,13,2,2,1,0
01:40:00,501209059,5,0,10,1,0
01:40:00,501209060,3,0,17,1,0
01:40:00,501209062,10,0,5,1,0
01:40:00,501209064,8,0,7,1,0
01:40:00,501209065,4,0,11,1,0
01:40:00,501209066,10,0,4,1,0
01:40:00,501209067,14,1,1,1,0
01:40:00,501209068,6,1,11,1,0
01:40:00,501209069,5,0,58,1,0
01:40:00,501209070,5,2,11,1,0
01:40:00,501209071,5,0,12,1,0
01:40:00,501209073,11,3,4,1,0
01:40:00,501209074,19,2,4,1,0
01:40:00,501209075,4,1,12,1,0
01:40:00,501209076,4,1,18,1,0
01:40:00,501209077,6,1,9,1,0
01:40:00,501209078,9,1,4,1,0
01:40:00,501209079,1,0,23,1,0
01:40:00,501209080,10,1,17,1,0
01:40:00,501209081,4,2,11,1,0
01:40:00,501209084,8,1,15,1,0
01:40:00,501209085,2,0,25,1,0
01:40:00,501209087,4,0,35,1,0
01:40:00,501209088,4,1,11,1,0
01:40:00,501209089,3,0,16,1,0
01:40:00,501209090,7,2,7,1,0
01:40:00,501209091,4,0,11,1,0
01:40:00,501209092,7,0,9,1,0
01:40:00,501209093,1,0,13,1,0
01:40:00,501209094,6,0,10,1,0
01:40:00,501209095,5,4,8,1,0
01:40:00,501209096,10,1,5,1,0
01:40:00,501209097,3,1,12,1,0
01:40:00,501209098,6,0,9,1,0
01:40:00,501209099,4,0,15,1,0
01:40:00,501209100,8,0,7,1,0
01:40:00,501209101,5,0,10,1,0
01:40:00,501209102,6,1,14,1,0
01:40:00,501209104,1,0,18,1,0
01:40:00,501209105,16,4,10,1,0
01:40:00,501209106,2,0,18,1,0
01:40:00,501211001,24,8,14,1,0
01:40:00,501211002,5,3,10,1,0
01:40:00,501211004,10,1,5,1,0
01:40:00,501211005,8,0,11,1,0
01:40:00,501211006,10,0,7,1,0
01:40:00,501211007,13,0,5,1,0
01:40:00,501211009,6,1,12,1,0
01:40:00,501211011,9,1,21,1,0
01:40:00,501211012,7,1,11,1,0
01:50:00,501201001,0,0,0,2,0
01:50:00,501201002,9,0,30,1,0
01:50:00,501201003,3,0,20,1,0
01:50:00,501201004,5,2,8,1,0
01:50:00,501201005,1,0,17,1,0
01:50:00,501201006,2,1,26,1,0
01:50:00,501201007,9,3,9,1,0
01:50:00,501201008,10,3,15,1,0
01:50:00,501201010,5,1,5,1,0
01:50:00,501201011,8,1,14,1,0
01:50:00,501201012,9,0,27,1,0
01:50:00,501201013,5,0,17,1,0
01:50:00,501201014,9,1,10,1,0
01:50:00,501201015,12,0,13,1,0
01:50:00,501201016,3,0,21,1,0
01:50:00,501201017,11,0,13,1,0
01:50:00,501201018,4,0,19,1,0
01:50:00,501201019,15,1,11,1,0
01:50:00,501201020,8,0,16,1,0
01:50:00,501201021,6,0,8,1,0
01:50:00,501201022,4,0,12,1,0
01:50:00,501201023,8,1,20,1,0
01:50:00,501201024,13,1,11,1,0
01:50:00,501201025,8,0,16,1,0
01:50:00,501201026,11,1,8,1,0
01:50:00,501201028,15,0,5,1,0
01:50:00,501201029,8,1,5,1,0
01:50:00,501201030,2,0,12,1,0
01:50:00,501201031,7,0,10,1,0
01:50:00,501202001,4,2,10,1,0
01:50:00,501202003,15,0,25,1,0
01:50:00,501202013,1,0,16,1,0
01:50:00,501202023,10,0,5,1,0
01:50:00,501202024,6,1,9,1,0
01:50:00,501202034,8,0,8,1,0
01:50:00,501202035,2,0,28,1,0
01:50:00,501202036,16,1,23,1,0
01:50:00,501202040,13,1,29,1,0
01:50:00,501202043,4,0,20,1,0
01:50:00,501202044,0,0,0,2,0
01:50:00,501202047,6,2,16,1,0
01:50:00,501202050,6,1,10,1,0
01:50:00,501202055,12,1,3,1,0
01:50:00,501202058,7,0,8,1,0
01:50:00,501202065,8,0,7,1,0
01:50:00,501202068,12,0,6,1,0
01:50:00,501202070,7,1,9,1,0
01:50:00,501202078,2,0,23,1,0
01:50:00,501202080,6,0,20,1,0
01:50:00,501202081,6,0,17,1,0
01:50:00,501202082,3,1,20,1,0
01:50:00,501202083,17,1,7,1,0
01:50:00,501202084,12,2,12,1,0
01:50:00,501202085,6,0,29,1,0
01:50:00,501202088,3,2,27,1,0
01:50:00,501202089,2,0,27,1,0
01:50:00,501202096,14,0,1,1,0
01:50:00,501203001,0,0,19,1,0
01:50:00,501203002,1,0,21,1,0
01:50:00,501203003,0,0,93,1,0
01:50:00,501203005,10,0,10,1,0
01:50:00,501203006,4,0,11,1,0
01:50:00,501203007,12,1,2,1,0
01:50:00,501203008,8,2,8,1,0
01:50:00,501203010,20,2,13,1,0
01:50:00,501203011,31,7,7,1,0
01:50:00,501203012,9,0,8,1,0
01:50:00,501203013,4,2,20,1,0
01:50:00,501203015,12,3,0,1,0
01:50:00,501203020,15,0,4,1,0
01:50:00,501203022,2,1,17,1,0
01:50:00,501203023,3,1,15,1,0
01:50:00,501203028,11,0,14,1,0
01:50:00,501203040,3,1,20,1,0
01:50:00,501203045,10,1,8,1,0
01:50:00,501203050,48,0,12,1,0
01:50:00,501203051,6,0,18,1,0
01:50:00,501203053,1,0,25,1,0
01:50:00,501203054,10,2,12,1,0
01:50:00,501203064,7,1,8,1,0
01:50:00,501203065,12,0,4,1,0
01:50:00,501203070,10,2,5,1,0
01:50:00,501203073,4,0,20,1,0
01:50:00,501203076,6,0,10,1,0
01:50:00,501203078,7,1,9,1,0
01:50:00,501203080,6,0,9,1,0
01:50:00,501203084,3,0,8,1,0
01:50:00,501203085,5,0,5,1,0
01:50:00,501203088,3,1,11,1,0
01:50:00,501203089,5,0,7,1,0
01:50:00,501203090,1,0,9,1,0
01:50:00,501203091,9,0,4,1,0
01:50:00,501203092,2,0,16,1,0
01:50:00,501203100,10,3,9,1,0
01:50:00,501203101,0,0,0,2,0
01:50:00,501203102,8,2,11,1,0
01:50:00,501203104,4,1,15,1,0
01:50:00,501203105,7,3,3,1,0
01:50:00,501203107,0,0,0,2,0
01:50:00,501203109,1,0,25,1,0
01:50:00,501203110,3,0,38,1,0
01:50:00,501203111,10,0,1,1,0
01:50:00,501203113,5,0,14,1,0
01:50:00,501203114,1,0,49,1,0
01:50:00,501203117,0,0,0,2,0
01:50:00,501203118,18,1,2,1,0
01:50:00,501203121,16,1,8,1,0
01:50:00,501203122,11,1,9,1,0
01:50:00,501203125,20,1,5,1,0
01:50:00,501203131,16,5,4,1,0
01:50:00,501203140,1,0,41,1,0
01:50:00,501203141,6,0,10,1,0
01:50:00,501203142,3,1,33,1,0
01:50:00,501203145,9,1,6,1,0
01:50:00,501203151,6,0,11,1,0
01:50:00,501203155,5,0,14,1,0
01:50:00,501203157,4,1,13,1,0
01:50:00,501203159,5,1,15,1,0
01:50:00,501203161,1,0,18,1,0
01:50:00,501203162,11,0,10,1,0
01:50:00,501203163,10,3,6,1,0
01:50:00,501204001,2,0,22,1,0
01:50:00,501204002,11,0,25,1,0
01:50:00,501204003,17,0,27,1,0
01:50:00,501204004,3,1,11,1,0
01:50:00,501204005,18,1,1,1,0
01:50:00,501204007,2,0,34,1,0
01:50:00,501204008,4,0,11,1,0
01:50:00,501204009,0,0,0,2,0
01:50:00,501204010,0,0,0,2,0
01:50:00,501204011,2,1,13,1,0
01:50:00,501204012,9,0,4,1,0
01:50:00,501204013,10,2,3,1,0
01:50:00,501204014,6,1,9,1,0
01:50:00,501204015,10,0,5,1,0
01:50:00,501204016,1,0,19,1,0
01:50:00,501204017,9,3,6,1,0
01:50:00,501204018,20,3,4,1,0
01:50:00,501204020,6,0,14,1,0
01:50:00,501204021,1,0,19,1,0
01:50:00,501204022,8,0,8,1,0
01:50:00,501204023,13,2,2,1,0
01:50:00,501204024,0,0,0,2,0
01:50:00,501204025,9,0,11,1,0
01:50:00,501205001,8,0,9,1,0
01:50:00,501205003,5,0,13,1,0
01:50:00,501205004,11,1,5,1,0
01:50:00,501205005,5,0,17,1,0
01:50:00,501205006,15,0,5,1,0
01:50:00,501205007,4,1,8,1,0
01:50:00,501205008,11,0,15,1,0
01:50:00,501205009,24,0,21,1,0
01:50:00,501205010,3,1,10,1,0
01:50:00,501205011,9,0,23,1,0
01:50:00,501205012,5,0,15,1,0
01:50:00,501205013,2,0,19,1,0
01:50:00,501205014,21,11,2,1,0
01:50:00,501205015,6,0,12,1,0
01:50:00,501205018,12,2,6,1,0
01:50:00,501205019,4,0,24,1,0
01:50:00,501205020,2,0,28,1,0
01:50:00,501205021,15,2,0,1,0
01:50:00,501205022,6,0,9,1,0
01:50:00,501205023,4,0,11,1,0
01:50:00,501205025,27,1,0,1,0
01:50:00,501205026,9,2,10,1,0
01:50:00,501205027,1,0,9,1,0
01:50:00,501205028,4,0,11,1,0
01:50:00,501205029,4,0,6,1,0
01:50:00,501205030,7,0,3,1,0
01:50:00,501205033,3,0,12,1,0
01:50:00,501205034,1,1,27,1,0
01:50:00,501205035,7,3,9,1,0
01:50:00,501205036,5,1,10,1,0
01:50:00,501205037,6,1,9,1,0
01:50:00,501205038,6,1,14,1,0
01:50:00,501205039,9,1,11,1,0
01:50:00,501205040,12,0,13,1,0
01:50:00,501205041,13,0,4,1,0
01:50:00,501205042,6,2,23,1,0
01:50:00,501208011,31,0,5,1,0
01:50:00,501208013,32,5,22,1,0
01:50:00,501208014,6,0,32,1,0
01:50:00,501208015,7,1,8,1,0
01:50:00,501208018,12,1,3,1,0
01:50:00,501208021,1,0,16,1,0
01:50:00,501208027,5,0,25,1,0
01:50:00,501208029,15,1,6,1,0
01:50:00,501208030,12,0,26,1,0
01:50:00,501208032,28,0,0,1,0
01:50:00,501208040,7,1,12,1,0
01:50:00,501208041,2,0,13,1,0
01:50:00,501208045,12,0,20,1,0
01:50:00,501208051,1,0,35,1,0
01:50:00,501208053,12,0,9,1,0
01:50:00,501208054,2,0,26,1,0
01:50:00,501208059,4,0,25,1,0
01:50:00,501208064,5,0,15,1,0
01:50:00,501208077,9,0,1,1,0
01:50:00,501208079,2,0,20,1,0
01:50:00,501208082,1,1,9,1,0
01:50:00,501208085,16,0,1,1,0
01:50:00,501208087,1,0,30,1,0
01:50:00,501208089,15,1,10,1,0
01:50:00,501208091,1,0,42,1,0
01:50:00,501208111,7,2,8,1,0
01:50:00,501208113,6,0,14,1,0
01:50:00,501208114,6,0,14,1,0
01:50:00,501208129,4,0,18,1,0
01:50:00,501208130,7,0,7,1,0
01:50:00,501209002,18,2,2,1,0
01:50:00,501209003,2,0,12,1,0
01:50:00,501209004,8,1,7,1,0
01:50:00,501209005,1,1,17,1,0
01:50:00,501209006,8,2,11,1,0
01:50:00,501209007,11,0,4,1,0
01:50:00,501209009,0,0,0,2,0
01:50:00,501209010,6,1,8,1,0
01:50:00,501209011,5,0,20,1,0
01:50:00,501209014,4,0,8,1,0
01:50:00,501209015,9,1,6,1,0
01:50:00,501209016,8,1,21,1,0
01:50:00,501209017,9,0,4,1,0
01:50:00,501209018,2,0,14,1,0
01:50:00,501209019,3,0,21,1,0
01:50:00,501209020,5,0,26,1,0
01:50:00,501209021,5,0,9,1,0
01:50:00,501209022,6,4,4,1,0
01:50:00,501209023,30,0,13,1,0
01:50:00,501209024,7,0,35,1,0
01:50:00,501209025,8,0,7,1,0
01:50:00,501209026,17,1,9,1,0
01:50:00,501209027,1,1,18,1,0
01:50:00,501209028,4,0,24,1,0
01:50:00,501209030,17,0,1,1,0
01:50:00,501209031,16,0,14,1,0
01:50:00,501209032,7,0,20,1,0
01:50:00,501209033,9,2,10,1,0
01:50:00,501209034,3,3,12,1,0
01:50:00,501209035,1,0,27,1,0
01:50:00,501209036,2,0,29,1,0
01:50:00,501209037,19,1,16,1,0
01:50:00,501209038,12,3,3,1,0
01:50:00,501209039,6,0,24,1,0
01:50:00,501209040,7,0,24,1,0
01:50:00,501209042,7,2,13,1,0
01:50:00,501209043,18,1,7,1,0
01:50:00,501209044,11,4,4,1,0
01:50:00,501209045,10,1,5,1,0
01:50:00,501209046,16,0,5,1,0
01:50:00,501209047,9,2,5,1,0
01:50:00,501209049,5,0,15,1,0
01:50:00,501209050,12,1,1,1,0
01:50:00,501209051,4,1,20,1,0
01:50:00,501209052,0,0,22,1,0
01:50:00,501209053,3,1,17,1,0
01:50:00,501209054,9,2,18,1,0
01:50:00,501209056,7,0,8,1,0
01:50:00,501209058,13,2,2,1,0
01:50:00,501209059,5,0,10,1,0
01:50:00,501209060,3,0,17,1,0
01:50:00,501209062,10,0,5,1,0
01:50:00,501209064,8,0,7,1,0
01:50:00,501209065,4,0,11,1,0
01:50:00,501209066,10,0,4,1,0
01:50:00,501209067,14,1,1,1,0
01:50:00,501209068,6,1,11,1,0
01:50:00,501209069,5,0,58,1,0
01:50:00,501209070,2,2,14,1,0
01:50:00,501209071,5,0,12,1,0
01:50:00,501209073,11,3,4,1,0
01:50:00,501209074,19,0,4,1,0
01:50:00,501209075,4,1,12,1,0
01:50:00,501209076,4,1,18,1,0
01:50:00,501209077,6,1,9,1,0
01:50:00,501209078,9,1,4,1,0
01:50:00,501209079,1,0,23,1,0
01:50:00,501209080,14,1,13,1,0
01:50:00,501209081,4,2,11,1,0
01:50:00,501209084,8,1,15,1,0
01:50:00,501209085,2,0,25,1,0
01:50:00,501209087,4,0,35,1,0
01:50:00,501209088,4,1,11,1,0
01:50:00,501209089,3,0,16,1,0
01:50:00,501209090,7,2,7,1,0
01:50:00,501209091,4,0,11,1,0
01:50:00,501209092,8,0,8,1,0
01:50:00,501209093,1,0,13,1,0
01:50:00,501209094,6,0,10,1,0
01:50:00,501209095,5,4,8,1,0
01:50:00,501209096,10,1,5,1,0
01:50:00,501209097,3,1,12,1,0
01:50:00,501209098,6,0,9,1,0
01:50:00,501209099,4,0,15,1,0
01:50:00,501209100,8,0,7,1,0
01:50:00,501209101,5,0,10,1,0
01:50:00,501209102,6,1,14,1,0
01:50:00,501209104,1,0,18,1,0
01:50:00,501209105,16,4,10,1,0
01:50:00,501209106,2,0,18,1,0
01:50:00,501211001,24,8,14,1,0
01:50:00,501211002,5,3,10,1,0
01:50:00,501211004,10,1,5,1,0
01:50:00,501211005,8,0,11,1,0
01:50:00,501211006,10,0,7,1,0
01:50:00,501211007,13,0,5,1,0
01:50:00,501211009,6,1,12,1,0
01:50:00,501211011,9,1,21,1,0
01:50:00,501211012,7,1,11,1,0
02:00:00,501201001,0,0,0,2,0
02:00:00,501201002,9,0,30,1,0
02:00:00,501201003,3,0,20,1,0
02:00:00,501201004,5,2,8,1,0
02:00:00,501201005,3,2,16,1,0
02:00:00,501201006,2,1,26,1,0
02:00:00,501201007,9,3,9,1,0
02:00:00,501201008,10,3,15,1,0
02:00:00,501201010,5,1,5,1,0
02:00:00,501201011,7,1,15,1,0
02:00:00,501201012,9,0,27,1,0
02:00:00,501201013,5,0,17,1,0
02:00:00,501201014,9,1,10,1,0
02:00:00,501201015,12,0,13,1,0
02:00:00,501201016,3,0,21,1,0
02:00:00,501201017,11,1,14,1,0
02:00:00,501201018,4,0,19,1,0
02:00:00,501201019,15,1,11,1,0
02:00:00,501201020,8,0,16,1,0
02:00:00,501201021,6,0,8,1,0
02:00:00,501201022,4,0,12,1,0
02:00:00,501201023,8,1,20,1,0
02:00:00,501201024,13,1,11,1,0
02:00:00,501201025,7,0,17,1,0
02:00:00,501201026,11,1,8,1,0
02:00:00,501201028,15,0,5,1,0
02:00:00,501201029,8,1,5,1,0
02:00:00,501201030,2,0,12,1,0
02:00:00,501201031,7,0,10,1,0
02:00:00,501202001,4,2,10,1,0
02:00:00,501202003,15,0,25,1,0
02:00:00,501202013,1,0,16,1,0
02:00:00,501202023,10,0,5,1,0
02:00:00,501202024,6,1,9,1,0
02:00:00,501202034,9,1,7,1,0
02:00:00,501202035,2,0,28,1,0
02:00:00,501202036,16,1,23,1,0
02:00:00,501202040,13,1,29,1,0
02:00:00,501202043,4,0,20,1,0
02:00:00,501202044,0,0,0,2,0
02:00:00,501202047,6,2,16,1,0
02:00:00,501202050,6,1,10,1,0
02:00:00,501202055,11,0,4,1,0
02:00:00,501202058,7,0,8,1,0
02:00:00,501202065,8,0,7,1,0
02:00:00,501202068,12,0,6,1,0
02:00:00,501202070,7,1,9,1,0
02:00:00,501202078,2,0,23,1,0
02:00:00,501202080,5,0,21,1,0
02:00:00,501202081,6,0,17,1,0
02:00:00,501202082,6,2,17,1,0
02:00:00,501202083,16,0,8,1,0
02:00:00,501202084,12,2,12,1,0
02:00:00,501202085,6,0,29,1,0
02:00:00,501202088,3,2,27,1,0
02:00:00,501202089,2,0,27,1,0
02:00:00,501202096,14,0,1,1,0
02:00:00,501203001,0,0,19,1,0
02:00:00,501203002,1,0,21,1,0
02:00:00,501203003,0,0,93,1,0
02:00:00,501203005,10,0,10,1,0
02:00:00,501203006,4,0,11,1,0
02:00:00,501203007,12,1,2,1,0
02:00:00,501203008,8,2,8,1,0
02:00:00,501203010,20,2,13,1,0
02:00:00,501203011,31,7,7,1,0
02:00:00,501203012,9,0,8,1,0
02:00:00,501203013,4,2,20,1,0
02:00:00,501203015,12,3,0,1,0
02:00:00,501203020,15,0,4,1,0
02:00:00,501203022,2,1,17,1,0
02:00:00,501203023,3,1,15,1,0
02:00:00,501203028,8,0,17,1,0
02:00:00,501203040,3,1,20,1,0
02:00:00,501203045,10,1,8,1,0
02:00:00,501203050,48,0,12,1,0
02:00:00,501203051,6,0,18,1,0
02:00:00,501203053,1,0,25,1,0
02:00:00,501203054,10,2,12,1,0
02:00:00,501203064,7,1,8,1,0
02:00:00,501203065,12,0,4,1,0
02:00:00,501203070,10,2,5,1,0
02:00:00,501203073,4,0,20,1,0
02:00:00,501203076,6,0,10,1,0
02:00:00,501203078,7,1,9,1,0
02:00:00,501203080,6,0,9,1,0
02:00:00,501203084,3,0,8,1,0
02:00:00,501203085,5,0,5,1,0
02:00:00,501203088,3,1,11,1,0
02:00:00,501203089,5,0,7,1,0
02:00:00,501203090,1,0,9,1,0
02:00:00,501203091,9,0,4,1,0
02:00:00,501203092,2,0,16,1,0
02:00:00,501203100,10,3,9,1,0
02:00:00,501203101,0,0,0,2,0
02:00:00,501203102,8,2,11,1,0
02:00:00,501203104,4,1,15,1,0
02:00:00,501203105,7,3,3,1,0
02:00:00,501203107,0,0,0,2,0
02:00:00,501203109,1,0,25,1,0
02:00:00,501203110,3,0,38,1,0
02:00:00,501203111,10,0,1,1,0
02:00:00,501203113,5,0,14,1,0
02:00:00,501203114,1,0,49,1,0
02:00:00,501203117,0,0,0,2,0
02:00:00,501203118,18,1,2,1,0
02:00:00,501203121,16,1,8,1,0
02:00:00,501203122,11,1,9,1,0
02:00:00,501203125,20,1,5,1,0
02:00:00,501203131,16,5,4,1,0
02:00:00,501203140,1,0,41,1,0
02:00:00,501203141,6,0,10,1,0
02:00:00,501203142,3,1,33,1,0
02:00:00,501203145,9,1,6,1,0
02:00:00,501203151,6,0,11,1,0
02:00:00,501203155,5,0,14,1,0
02:00:00,501203157,4,1,13,1,0
02:00:00,501203159,5,1,15,1,0
02:00:00,501203161,1,0,18,1,0
02:00:00,501203162,11,0,10,1,0
02:00:00,501203163,10,3,6,1,0
02:00:00,501204001,3,0,21,1,0
02:00:00,501204002,11,0,25,1,0
02:00:00,501204003,17,0,27,1,0
02:00:00,501204004,3,0,11,1,0
02:00:00,501204005,18,1,1,1,0
02:00:00,501204007,2,0,34,1,0
02:00:00,501204008,4,0,11,1,0
02:00:00,501204009,0,0,0,2,0
02:00:00,501204010,0,0,0,2,0
02:00:00,501204011,2,1,13,1,0
02:00:00,501204012,9,0,4,1,0
02:00:00,501204013,10,2,3,1,0
02:00:00,501204014,5,0,10,1,0
02:00:00,501204015,10,0,5,1,0
02:00:00,501204016,1,0,19,1,0
02:00:00,501204017,9,3,6,1,0
02:00:00,501204018,20,3,4,1,0
02:00:00,501204020,7,0,13,1,0
02:00:00,501204021,1,0,19,1,0
02:00:00,501204022,8,0,8,1,0
02:00:00,501204023,13,2,2,1,0
02:00:00,501204024,0,0,0,2,0
02:00:00,501204025,9,0,11,1,0
02:00:00,501205001,8,0,9,1,0
02:00:00,501205003,5,0,13,1,0
02:00:00,501205004,11,1,5,1,0
02:00:00,501205005,5,0,17,1,0
02:00:00,501205006,15,0,5,1,0
02:00:00,501205007,4,1,8,1,0
02:00:00,501205008,11,0,15,1,0
02:00:00,501205009,24,0,21,1,0
02:00:00,501205010,3,1,10,1,0
02:00:00,501205011,9,0,23,1,0
02:00:00,501205012,5,0,15,1,0
02:00:00,501205013,2,0,19,1,0
02:00:00,501205014,21,11,2,1,0
02:00:00,501205015,6,0,12,1,0
02:00:00,501205018,12,2,6,1,0
02:00:00,501205019,4,0,24,1,0
02:00:00,501205020,2,0,28,1,0
02:00:00,501205021,11,2,4,1,0
02:00:00,501205022,6,0,9,1,0
02:00:00,501205023,3,0,12,1,0
02:00:00,501205025,27,1,0,1,0
02:00:00,501205026,9,2,10,1,0
02:00:00,501205027,1,0,9,1,0
02:00:00,501205028,4,0,11,1,0
02:00:00,501205029,4,0,6,1,0
02:00:00,501205030,7,0,3,1,0
02:00:00,501205033,3,0,12,1,0
02:00:00,501205034,1,1,27,1,0
02:00:00,501205035,7,3,9,1,0
02:00:00,501205036,5,1,10,1,0
02:00:00,501205037,7,1,8,1,0
02:00:00,501205038,6,1,14,1,0
02:00:00,501205039,9,1,11,1,0
02:00:00,501205040,12,0,13,1,0
02:00:00,501205041,13,0,4,1,0
02:00:00,501205042,6,2,23,1,0
02:00:00,501208011,31,0,5,1,0
02:00:00,501208013,32,5,22,1,0
02:00:00,501208014,6,0,32,1,0
02:00:00,501208015,7,1,8,1,0
02:00:00,501208018,12,1,3,1,0
02:00:00,501208021,1,0,16,1,0
02:00:00,501208027,5,0,25,1,0
02:00:00,501208029,15,1,6,1,0
02:00:00,501208030,12,0,26,1,0
02:00:00,501208032,28,0,0,1,0
02:00:00,501208040,7,1,12,1,0
02:00:00,501208041,2,0,13,1,0
02:00:00,501208045,12,0,20,1,0
02:00:00,501208051,1,0,35,1,0
02:00:00,501208053,12,0,9,1,0
02:00:00,501208054,2,0,26,1,0
02:00:00,501208059,4,0,25,1,0
02:00:00,501208064,5,0,15,1,0
02:00:00,501208077,9,0,1,1,0
02:00:00,501208079,2,0,20,1,0
02:00:00,501208082,1,1,9,1,0
02:00:00,501208085,16,0,1,1,0
02:00:00,501208087,1,0,30,1,0
02:00:00,501208089,15,1,10,1,0
02:00:00,501208091,1,0,42,1,0
02:00:00,501208111,8,3,7,1,0
02:00:00,501208113,6,0,14,1,0
02:00:00,501208114,6,0,14,1,0
02:00:00,501208129,4,0,18,1,0
02:00:00,501208130,7,0,7,1,0
02:00:00,501209002,18,2,2,1,0
02:00:00,501209003,2,0,12,1,0
02:00:00,501209004,7,1,8,1,0
02:00:00,501209005,1,1,17,1,0
02:00:00,501209006,8,2,11,1,0
02:00:00,501209007,11,0,4,1,0
02:00:00,501209009,0,0,0,2,0
02:00:00,501209010,6,1,8,1,0
02:00:00,501209011,5,0,20,1,0
02:00:00,501209014,4,0,8,1,0
02:00:00,501209015,9,1,6,1,0
02:00:00,501209016,8,1,21,1,0
02:00:00,501209017,9,0,4,1,0
02:00:00,501209018,2,0,14,1,0
02:00:00,501209019,3,0,21,1,0
02:00:00,501209020,5,0,26,1,0
02:00:00,501209021,5,0,9,1,0
02:00:00,501209022,6,4,4,1,0
02:00:00,501209023,30,0,13,1,0
02:00:00,501209024,6,0,36,1,0
02:00:00,501209025,8,0,7,1,0
02:00:00,501209026,17,1,9,1,0
02:00:00,501209027,1,1,18,1,0
02:00:00,501209028,4,0,24,1,0
02:00:00,501209030,17,0,1,1,0
02:00:00,501209031,16,0,14,1,0
02:00:00,501209032,10,0,17,1,0
02:00:00,501209033,9,2,10,1,0
02:00:00,501209034,3,3,12,1,0
02:00:00,501209035,1,0,27,1,0
02:00:00,501209036,2,0,29,1,0
02:00:00,501209037,19,1,16,1,0
02:00:00,501209038,12,3,3,1,0
02:00:00,501209039,6,0,24,1,0
02:00:00,501209040,7,0,24,1,0
02:00:00,501209042,6,2,14,1,0
02:00:00,501209043,18,0,7,1,0
02:00:00,501209044,12,5,3,1,0
02:00:00,501209045,10,1,5,1,0
02:00:00,501209046,16,0,5,1,0
02:00:00,501209047,9,2,5,1,0
02:00:00,501209049,5,0,15,1,0
02:00:00,501209050,12,1,1,1,0
02:00:00,501209051,4,1,20,1,0
02:00:00,501209052,5,0,17,1,0
02:00:00,501209053,3,1,17,1,0
02:00:00,501209054,9,2,18,1,0
02:00:00,501209056,9,0,6,1,0
02:00:00,501209058,13,2,2,1,0
02:00:00,501209059,5,0,10,1,0
02:00:00,501209060,3,0,17,1,0
02:00:00,501209062,10,0,5,1,0
02:00:00,501209064,8,0,7,1,0
02:00:00,501209065,4,0,11,1,0
02:00:00,501209066,10,0,4,1,0
02:00:00,501209067,14,1,1,1,0
02:00:00,501209068,6,1,11,1,0
02:00:00,501209069,5,0,58,1,0
02:00:00,501209070,2,2,14,1,0
02:00:00,501209071,5,0,12,1,0
02:00:00,501209073,11,3,4,1,0
02:00:00,501209074,19,0,4,1,0
02:00:00,501209075,4,1,12,1,0
02:00:00,501209076,4,1,18,1,0
02:00:00,501209077,6,1,9,1,0
02:00:00,501209078,8,1,5,1,0
02:00:00,501209079,1,0,23,1,0
02:00:00,501209080,14,1,13,1,0
02:00:00,501209081,4,2,11,1,0
02:00:00,501209084,8,1,15,1,0
02:00:00,501209085,2,0,25,1,0
02:00:00,501209087,4,0,35,1,0
02:00:00,501209088,4,1,11,1,0
02:00:00,501209089,3,0,16,1,0
02:00:00,501209090,7,2,7,1,0
02:00:00,501209091,5,1,11,1,0
02:00:00,501209092,8,0,8,1,0
02:00:00,501209093,1,0,13,1,0
02:00:00,501209094,6,0,10,1,0
02:00:00,501209095,5,4,8,1,0
02:00:00,501209096,10,1,5,1,0
02:00:00,501209097,3,1,12,1,0
02:00:00,501209098,6,0,9,1,0
02:00:00,501209099,4,0,15,1,0
02:00:00,501209100,8,0,7,1,0
02:00:00,501209101,5,0,10,1,0
02:00:00,501209102,6,1,14,1,0
02:00:00,501209104,2,0,17,1,0
02:00:00,501209105,16,4,10,1,0
02:00:00,501209106,2,0,18,1,0
02:00:00,501211001,24,8,14,1,0
02:00:00,501211002,5,3,10,1,0
02:00:00,501211004,10,1,5,1,0
02:00:00,501211005,8,0,11,1,0
02:00:00,501211006,10,0,7,1,0
02:00:00,501211007,13,0,5,1,0
02:00:00,501211009,6,1,12,1,0
02:00:00,501211011,9,1,21,1,0
02:00:00,501211012,7,1,11,1,0
02:10:00,501201001,0,0,0,2,0
02:10:00,501201002,9,0,30,1,0
02:10:00,501201003,3,0,20,1,0
02:10:00,501201004,5,2,8,1,0
02:10:00,501201005,3,2,16,1,0
02:10:00,501201006,1,0,27,1,0
02:10:00,501201007,9,3,9,1,0
02:10:00,501201008,10,3,15,1,0
02:10:00,501201010,5,1,5,1,0
02:10:00,501201011,7,1,15,1,0
02:10:00,501201012,9,0,27,1,0
02:10:00,501201013,5,0,17,1,0
02:10:00,501201014,9,1,10,1,0
02:10:00,501201015,12,0,13,1,0
02:10:00,501201016,3,0,21,1,0
02:10:00,501201017,11,1,14,1,0
02:10:00,501201018,4,0,19,1,0
02:10:00,501201019,15,1,11,1,0
02:10:00,501201020,8,0,16,1,0
02:10:00,501201021,6,0,8,1,0
02:10:00,501201022,4,0,12,1,0
02:10:00,501201023,9,1,19,1,0
02:10:00,501201024,13,1,11,1,0
02:10:00,501201025,7,0,17,1,0
02:10:00,501201026,11,1,8,1,0
02:10:00,501201028,14,0,6,1,0
02:10:00,501201029,8,1,5,1,0
02:10:00,501201030,2,0,12,1,0
02:10:00,501201031,7,0,10,1,0
02:10:00,501202001,4,2,10,1,0
02:10:00,501202003,15,0,25,1,0
02:10:00,501202013,1,0,16,1,0
02:10:00,501202023,10,0,5,1,0
02:10:00,501202024,6,1,9,1,0
02:10:00,501202034,9,1,7,1,0
02:10:00,501202035,1,0,29,1,0
02:10:00,501202036,16,1,23,1,0
02:10:00,501202040,13,1,29,1,0
02:10:00,501202043,4,0,20,1,0
02:10:00,501202044,0,0,0,2,0
02:10:00,501202047,6,2,16,1,0
02:10:00,501202050,6,1,10,1,0
02:10:00,501202055,11,0,4,1,0
02:10:00,501202058,7,0,8,1,0
02:10:00,501202065,8,0,7,1,0
02:10:00,501202068,12,0,6,1,0
02:10:00,501202070,7,1,9,1,0
02:10:00,501202078,2,0,23,1,0
02:10:00,501202080,5,0,21,1,0
02:10:00,501202081,6,0,17,1,0
02:10:00,501202082,7,2,16,1,0
02:10:00,501202083,15,0,9,1,0
02:10:00,501202084,12,2,12,1,0
02:10:00,501202085,6,0,29,1,0
02:10:00,501202088,3,2,27,1,0
02:10:00,501202089,2,0,27,1,0
02:10:00,501202096,8,0,7,1,0
02:10:00,501203001,0,0,19,1,0
02:10:00,501203002,1,0,21,1,0
02:10:00,501203003,0,0,93,1,0
02:10:00,501203005,10,0,10,1,0
02:10:00,501203006,4,0,11,1,0
02:10:00,501203007,12,1,2,1,0
02:10:00,501203008,7,2,9,1,0
02:10:00,501203010,20,2,13,1,0
02:10:00,501203011,31,7,7,1,0
02:10:00,501203012,9,0,8,1,0
02:10:00,501203013,2,0,21,1,0
02:10:00,501203015,12,3,0,1,0
02:10:00,501203020,15,0,4,1,0
02:10:00,501203022,2,1,17,1,0
02:10:00,501203023,3,1,15,1,0
02:10:00,501203028,8,0,17,1,0
02:10:00,501203040,3,1,20,1,0
02:10:00,501203045,11,1,7,1,0
02:10:00,501203050,47,0,13,1,0
02:10:00,501203051,6,0,18,1,0
02:10:00,501203053,1,0,25,1,0
02:10:00,501203054,10,2,12,1,0
02:10:00,501203064,7,1,8,1,0
02:10:00,501203065,12,0,4,1,0
02:10:00,501203070,10,2,5,1,0
02:10:00,501203073,4,0,20,1,0
02:10:00,501203076,6,0,10,1,0
02:10:00,501203078,7,1,9,1,0
02:10:00,501203080,6,0,9,1,0
02:10:00,501203084,3,0,8,1,0
02:10:00,501203085,5,0,5,1,0
02:10:00,501203088,3,1,11,1,0
02:10:00,501203089,5,0,7,1,0
02:10:00,501203090,1,0,9,1,0
02:10:00,501203091,9,0,4,1,0
02:10:00,501203092,2,0,16,1,0
02:10:00,501203100,10,3,9,1,0
02:10:00,501203101,0,0,0,2,0
02:10:00,501203102,8,2,11,1,0
02:10:00,501203104,4,1,15,1,0
02:10:00,501203105,7,3,3,1,0
02:10:00,501203107,0,0,0,2,0
02:10:00,501203109,1,0,25,1,0
02:10:00,501203110,3,0,38,1,0
02:10:00,501203111,10,0,1,1,0
02:10:00,501203113,5,0,14,1,0
02:10:00,501203114,1,0,49,1,0
02:10:00,501203117,0,0,0,2,0
02:10:00,501203118,18,1,2,1,0
02:10:00,501203121,16,1,8,1,0
02:10:00,501203122,11,1,9,1,0
02:10:00,501203125,20,1,5,1,0
02:10:00,501203131,16,5,4,1,0
02:10:00,501203140,1,0,41,1,0
02:10:00,501203141,6,0,10,1,0
02:10:00,501203142,4,1,32,1,0
02:10:00,501203145,9,1,6,1,0
02:10:00,501203151,5,0,12,1,0
02:10:00,501203155,5,0,14,1,0
02:10:00,501203157,4,1,13,1,0
02:10:00,501203159,5,1,15,1,0
02:10:00,501203161,1,0,18,1,0
02:10:00,501203162,11,0,10,1,0
02:10:00,501203163,10,3,6,1,0
02:10:00,501204001,3,0,21,1,0
02:10:00,501204002,11,0,25,1,0
02:10:00,501204003,17,0,27,1,0
02:10:00,501204004,3,0,11,1,0
02:10:00,501204005,18,1,1,1,0
02:10:00,501204007,2,0,34,1,0
02:10:00,501204008,4,0,11,1,0
02:10:00,501204009,0,0,0,2,0
02:10:00,501204010,0,0,0,2,0
02:10:00,501204011,2,1,13,1,0
02:10:00,501204012,8,0,5,1,0
02:10:00,501204013,10,2,3,1,0
02:10:00,501204014,5,0,10,1,0
02:10:00,501204015,10,0,5,1,0
02:10:00,501204016,1,0,19,1,0
02:10:00,501204017,9,3,6,1,0
02:10:00,501204018,20,3,4,1,0
02:10:00,501204020,7,0,13,1,0
02:10:00,501204021,1,0,19,1,0
02:10:00,501204022,8,0,8,1,0
02:10:00,501204023,13,2,2,1,0
02:10:00,501204024,0,0,0,2,0
02:10:00,501204025,9,0,11,1,0
02:10:00,501205001,8,0,9,1,0
02:10:00,501205003,5,0,13,1,0
02:10:00,501205004,11,1,5,1,0
02:10:00,501205005,5,0,17,1,0
02:10:00,501205006,15,0,5,1,0
02:10:00,501205007,4,1,8,1,0
02:10:00,501205008,11,0,15,1,0
02:10:00,501205009,26,0,19,1,0
02:10:00,501205010,3,1,10,1,0
02:10:00,501205011,9,0,23,1,0
02:10:00,501205012,5,0,15,1,0
02:10:00,501205013,2,0,19,1,0
02:10:00,501205014,21,11,2,1,0
02:10:00,501205015,6,0,12,1,0
02:10:00,501205018,12,2,6,1,0
02:10:00,501205019,4,0,24,1,0
02:10:00,501205020,2,0,28,1,0
02:10:00,501205021,7,2,8,1,0
02:10:00,501205022,6,0,9,1,0
02:10:00,501205023,3,0,12,1,0
02:10:00,501205025,25,1,2,1,0
02:10:00,501205026,9,2,10,1,0
02:10:00,501205027,1,0,9,1,0
02:10:00,501205028,4,0,11,1,0
02:10:00,501205029,4,0,6,1,0
02:10:00,501205030,7,0,3,1,0
02:10:00,501205033,3,0,12,1,0
02:10:00,501205034,1,1,27,1,0
02:10:00,501205035,7,3,9,1,0
02:10:00,501205036,5,1,10,1,0
02:10:00,501205037,7,1,8,1,0
02:10:00,501205038,6,1,14,1,0
02:10:00,501205039,9,1,11,1,0
02:10:00,501205040,13,0,12,1,0
02:10:00,501205041,14,0,3,1,0
02:10:00,501205042,6,2,23,1,0
02:10:00,501208011,31,0,5,1,0
02:10:00,501208013,32,5,22,1,0
02:10:00,501208014,6,0,32,1,0
02:10:00,501208015,7,1,8,1,0
02:10:00,501208018,12,1,3,1,0
02:10:00,501208021,1,0,16,1,0
02:10:00,501208027,5,0,25,1,0
02:10:00,501208029,15,1,6,1,0
02:10:00,501208030,12,0,26,1,0
02:10:00,501208032,28,0,0,1,0
02:10:00,501208040,7,1,12,1,0
02:10:00,501208041,2,0,13,1,0
02:10:00,501208045,12,0,20,1,0
02:10:00,501208051,1,0,35,1,0
02:10:00,501208053,12,0,9,1,0
02:10:00,501208054,2,0,26,1,0
02:10:00,501208059,4,0,25,1,0
02:10:00,501208064,5,0,15,1,0
02:10:00,501208077,9,0,1,1,0
02:10:00,501208079,2,0,20,1,0
02:10:00,501208082,1,1,9,1,0
02:10:00,501208085,16,0,1,1,0
02:10:00,501208087,1,0,30,1,0
02:10:00,501208089,15,1,10,1,0
02:10:00,501208091,1,0,42,1,0
02:10:00,501208111,8,3,7,1,0
02:10:00,501208113,6,0,14,1,0
02:10:00,501208114,6,0,14,1,0
02:10:00,501208129,4,0,18,1,0
02:10:00,501208130,7,0,7,1,0
02:10:00,501209002,18,2,2,1,0
02:10:00,501209003,2,0,12,1,0
02:10:00,501209004,7,1,8,1,0
02:10:00,501209005,1,1,17,1,0
02:10:00,501209006,8,2,11,1,0
02:10:00,501209007,11,0,4,1,0
02:10:00,501209009,0,0,0,2,0
02:10:00,501209010,6,1,8,1,0
02:10:00,501209011,5,0,20,1,0
02:10:00,501209014,4,0,8,1,0
02:10:00,501209015,9,1,6,1,0
02:10:00,501209016,8,1,21,1,0
02:10:00,501209017,9,0,4,1,0
02:10:00,501209018,2,0,14,1,0
02:10:00,501209019,3,0,21,1,0
02:10:00,501209020,5,0,26,1,0
02:10:00,501209021,5,0,9,1,0
02:10:00,501209022,6,4,4,1,0
02:10:00,501209023,30,0,13,1,0
02:10:00,501209024,6,0,36,1,0
02:10:00,501209025,8,0,7,1,0
02:10:00,501209026,17,1,9,1,0
02:10:00,501209027,1,1,18,1,0
02:10:00,501209028,4,0,24,1,0
02:10:00,501209030,17,0,1,1,0
02:10:00,501209031,16,0,14,1,0
02:10:00,501209032,10,0,17,1,0
02:10:00,501209033,9,2,10,1,0
02:10:00,501209034,3,3,12,1,0
02:10:00,501209035,1,0,27,1,0
02:10:00,501209036,1,0,30,1,0
02:10:00,501209037,19,1,16,1,0
02:10:00,501209038,12,3,3,1,0
02:10:00,501209039,6,0,24,1,0
02:10:00,501209040,7,0,24,1,0
02:10:00,501209042,6,2,14,1,0
02:10:00,501209043,18,0,7,1,0
02:10:00,501209044,12,5,3,1,0
02:10:00,501209045,10,1,5,1,0
02:10:00,501209046,16,0,5,1,0
02:10:00,501209047,9,2,5,1,0
02:10:00,501209049,5,0,15,1,0
02:10:00,501209050,12,1,1,1,0
02:10:00,501209051,4,1,20,1,0
02:10:00,501209052,5,0,17,1,0
02:10:00,501209053,3,1,17,1,0
02:10:00,501209054,9,2,18,1,0
02:10:00,501209056,9,0,6,1,0
02:10:00,501209058,14,2,2,1,0
02:10:00,501209059,5,0,10,1,0
02:10:00,501209060,3,0,17,1,0
02:10:00,501209062,10,0,5,1,0
02:10:00,501209064,8,0,7,1,0
02:10:00,501209065,4,0,11,1,0
02:10:00,501209066,10,0,4,1,0
02:10:00,501209067,14,1,1,1,0
02:10:00,501209068,6,1,11,1,0
02:10:00,501209069,6,0,57,1,0
02:10:00,501209070,2,2,14,1,0
02:10:00,501209071,5,0,12,1,0
02:10:00,501209073,11,3,4,1,0
02:10:00,501209074,19,0,4,1,0
02:10:00,501209075,4,1,12,1,0
02:10:00,501209076,4,1,18,1,0
02:10:00,501209077,6,1,9,1,0
02:10:00,501209078,8,1,5,1,0
02:10:00,501209079,1,0,23,1,0
02:10:00,501209080,14,1,13,1,0
02:10:00,501209081,4,2,11,1,0
02:10:00,501209084,8,1,15,1,0
02:10:00,501209085,2,0,25,1,0
02:10:00,501209087,4,0,35,1,0
02:10:00,501209088,4,1,11,1,0
02:10:00,501209089,3,0,16,1,0
02:10:00,501209090,7,2,7,1,0
02:10:00,501209091,5,1,11,1,0
02:10:00,501209092,8,0,8,1,0
02:10:00,501209093,1,0,13,1,0
02:10:00,501209094,6,0,10,1,0
02:10:00,501209095,5,4,8,1,0
02:10:00,501209096,10,1,5,1,0
02:10:00,501209097,3,1,12,1,0
02:10:00,501209098,6,0,9,1,0
02:10:00,501209099,4,0,15,1,0
02:10:00,501209100,8,0,7,1,0
02:10:00,501209101,5,0,10,1,0
02:10:00,501209102,6,1,14,1,0
02:10:00,501209104,1,0,18,1,0
02:10:00,501209105,16,4,10,1,0
02:10:00,501209106,2,0,18,1,0
02:10:00,501211001,24,8,14,1,0
02:10:00,501211002,5,3,10,1,0
02:10:00,501211004,10,1,5,1,0
02:10:00,501211005,8,0,11,1,0
02:10:00,501211006,10,0,7,1,0
02:10:00,501211007,13,0,5,1,0
02:10:00,501211009,6,1,12,1,0
02:10:00,501211011,9,1,21,1,0
02:10:00,501211012,7,1,11,1,0
02:20:00,501201001,0,0,0,2,0
02:20:00,501201002,9,0,30,1,0
02:20:00,501201003,3,0,20,1,0
02:20:00,501201004,5,2,8,1,0
02:20:00,501201005,3,2,16,1,0
02:20:00,501201006,0,0,28,1,0
02:20:00,501201007,9,3,9,1,0
02:20:00,501201008,10,3,15,1,0
02:20:00,501201010,5,1,5,1,0
02:20:00,501201011,7,1,15,1,0
02:20:00,501201012,9,0,27,1,0
02:20:00,501201013,5,0,17,1,0
02:20:00,501201014,8,0,10,1,0
02:20:00,501201015,13,1,12,1,0
02:20:00,501201016,4,0,20,1,0
02:20:00,501201017,11,1,14,1,0
02:20:00,501201018,4,0,19,1,0
02:20:00,501201019,7,1,19,1,0
02:20:00,501201020,8,0,16,1,0
02:20:00,501201021,6,0,8,1,0
02:20:00,501201022,4,0,12,1,0
02:20:00,501201023,8,0,20,1,0
02:20:00,501201024,12,0,12,1,0
02:20:00,501201025,7,0,17,1,0
02:20:00,501201026,11,1,8,1,0
02:20:00,501201028,14,0,6,1,0
02:20:00,501201029,8,1,5,1,0
02:20:00,501201030,2,0,12,1,0
02:20:00,501201031,7,0,10,1,0
02:20:00,501202001,3,0,11,1,0
02:20:00,501202003,15,0,25,1,0
02:20:00,501202013,1,0,16,1,0
02:20:00,501202023,10,0,5,1,0
02:20:00,501202024,6,1,9,1,0
02:20:00,501202034,9,1,7,1,0
02:20:00,501202035,1,0,29,1,0
02:20:00,501202036,16,1,23,1,0
02:20:00,501202040,13,1,29,1,0
02:20:00,501202043,4,0,20,1,0
02:20:00,501202044,0,0,0,2,0
02:20:00,501202047,6,2,16,1,0
02:20:00,501202050,6,1,10,1,0
02:20:00,501202055,11,0,4,1,0
02:20:00,501202058,7,0,8,1,0
02:20:00,501202065,8,0,7,1,0
02:20:00,501202068,11,0,7,1,0
02:20:00,501202070,7,1,9,1,0
02:20:00,501202078,2,0,23,1,0
02:20:00,501202080,5,0,21,1,0
02:20:00,501202081,6,0,17,1,0
02:20:00,501202082,7,2,16,1,0
02:20:00,501202083,15,0,9,1,0
02:20:00,501202084,12,2,12,1,0
02:20:00,501202085,6,0,29,1,0
02:20:00,501202088,3,2,27,1,0
02:20:00,501202089,2,0,27,1,0
02:20:00,501202096,4,0,11,1,0
02:20:00,501203001,0,0,19,1,0
02:20:00,501203002,1,0,21,1,0
02:20:00,501203003,0,0,93,1,0
02:20:00,501203005,10,0,10,1,0
02:20:00,501203006,4,0,11,1,0
02:20:00,501203007,12,1,2,1,0
02:20:00,501203008,7,2,9,1,0
02:20:00,501203010,20,2,13,1,0
02:20:00,501203011,31,7,7,1,0
02:20:00,501203012,9,0,8,1,0
02:20:00,501203013,2,0,21,1,0
02:20:00,501203015,12,3,0,1,0
02:20:00,501203020,15,0,4,1,0
02:20:00,501203022,2,1,17,1,0
02:20:00,501203023,4,1,14,1,0
02:20:00,501203028,8,0,17,1,0
02:20:00,501203040,3,1,20,1,0
02:20:00,501203045,11,1,7,1,0
02:20:00,501203050,47,0,13,1,0
02:20:00,501203051,6,0,18,1,0
02:20:00,501203053,1,0,25,1,0
02:20:00,501203054,10,2,12,1,0
02:20:00,501203064,7,1,8,1,0
02:20:00,501203065,12,0,4,1,0
02:20:00,501203070,10,2,5,1,0
02:20:00,501203073,4,0,20,1,0
02:20:00,501203076,6,0,10,1,0
02:20:00,501203078,7,1,9,1,0
02:20:00,501203080,6,0,9,1,0
02:20:00,501203084,3,0,8,1,0
02:20:00,501203085,5,0,5,1,0
02:20:00,501203088,3,1,11,1,0
02:20:00,501203089,5,0,7,1,0
02:20:00,501203090,1,0,9,1,0
02:20:00,501203091,9,0,4,1,0
02:20:00,501203092,2,0,16,1,0
02:20:00,501203100,10,3,9,1,0
02:20:00,501203101,0,0,0,2,0
02:20:00,501203102,8,2,11,1,0
02:20:00,501203104,4,1,15,1,0
02:20:00,501203105,7,3,3,1,0
02:20:00,501203107,0,0,0,2,0
02:20:00,501203109,1,0,25,1,0
02:20:00,501203110,3,0,38,1,0
02:20:00,501203111,10,0,1,1,0
02:20:00,501203113,5,0,14,1,0
02:20:00,501203114,0,0,50,1,0
02:20:00,501203117,0,0,0,2,0
02:20:00,501203118,17,1,3,1,0
02:20:00,501203121,16,1,8,1,0
02:20:00,501203122,11,1,9,1,0
02:20:00,501203125,20,1,5,1,0
02:20:00,501203131,16,5,4,1,0
02:20:00,501203140,1,0,41,1,0
02:20:00,501203141,6,0,10,1,0
02:20:00,501203142,4,1,32,1,0
02:20:00,501203145,9,1,6,1,0
02:20:00,501203151,6,0,11,1,0
02:20:00,501203155,5,0,14,1,0
02:20:00,501203157,4,1,13,1,0
02:20:00,501203159,5,1,15,1,0
02:20:00,501203161,1,0,18,1,0
02:20:00,501203162,11,0,10,1,0
02:20:00,501203163,10,3,6,1,0
02:20:00,501204001,3,0,21,1,0
02:20:00,501204002,11,0,25,1,0
02:20:00,501204003,17,0,27,1,0
02:20:00,501204004,3,0,11,1,0
02:20:00,501204005,18,1,1,1,0
02:20:00,501204007,2,0,34,1,0
02:20:00,501204008,4,0,11,1,0
02:20:00,501204009,0,0,0,2,0
02:20:00,501204010,0,0,0,2,0
02:20:00,501204011,3,1,12,1,0
02:20:00,501204012,9,0,4,1,0
02:20:00,501204013,10,2,3,1,0
02:20:00,501204014,5,0,10,1,0
02:20:00,501204015,10,0,5,1,0
02:20:00,501204016,1,0,19,1,0
02:20:00,501204017,9,3,6,1,0
02:20:00,501204018,20,3,4,1,0
02:20:00,501204020,7,0,13,1,0
02:20:00,501204021,1,0,19,1,0
02:20:00,501204022,8,0,8,1,0
02:20:00,501204023,13,2,2,1,0
02:20:00,501204024,0,0,0,2,0
02:20:00,501204025,9,0,11,1,0
02:20:00,501205001,8,0,9,1,0
02:20:00,501205003,5,0,13,1,0
02:20:00,501205004,11,1,5,1,0
02:20:00,501205005,5,0,17,1,0
02:20:00,501205006,17,0,3,1,0
02:20:00,501205007,4,1,8,1,0
02:20:00,501205008,11,0,15,1,0
02:20:00,501205009,26,0,19,1,0
02:20:00,501205010,3,1,10,1,0
02:20:00,501205011,9,0,23,1,0
02:20:00,501205012,5,0,15,1,0
02:20:00,501205013,2,0,19,1,0
02:20:00,501205014,21,11,2,1,0
02:20:00,501205015,6,0,12,1,0
02:20:00,501205018,12,2,6,1,0
02:20:00,501205019,4,0,24,1,0
02:20:00,501205020,2,0,28,1,0
02:20:00,501205021,7,2,8,1,0
02:20:00,501205022,6,0,9,1,0
02:20:00,501205023,3,0,12,1,0
02:20:00,501205025,25,1,2,1,0
02:20:00,501205026,9,2,10,1,0
02:20:00,501205027,1,0,9,1,0
02:20:00,501205028,4,0,11,1,0
02:20:00,501205029,4,0,6,1,0
02:20:00,501205030,7,0,3,1,0
02:20:00,501205033,3,0,12,1,0
02:20:00,501205034,1,1,27,1,0
02:20:00,501205035,7,3,9,1,0
02:20:00,501205036,5,1,10,1,0
02:20:00,501205037,7,1,8,1,0
02:20:00,501205038,6,1,14,1,0
02:20:00,501205039,9,1,11,1,0
02:20:00,501205040,13,0,12,1,0
02:20:00,501205041,14,0,3,1,0
02:20:00,501205042,6,2,23,1,0
02:20:00,501208011,34,3,2,1,0
02:20:00,501208013,32,5,22,1,0
02:20:00,501208014,6,0,32,1,0
02:20:00,501208015,7,1,8,1,0
02:20:00,501208018,12,1,3,1,0
02:20:00,501208021,1,0,16,1,0
02:20:00,501208027,5,0,25,1,0
02:20:00,501208029,15,1,6,1,0
02:20:00,501208030,12,0,26,1,0
02:20:00,501208032,28,0,0,1,0
02:20:00,501208040,7,1,12,1,0
02:20:00,501208041,2,0,13,1,0
02:20:00,501208045,12,0,20,1,0
02:20:00,501208051,1,0,35,1,0
02:20:00,501208053,12,0,9,1,0
02:20:00,501208054,2,0,26,1,0
02:20:00,501208059,4,0,25,1,0
02:20:00,501208064,5,0,15,1,0
02:20:00,501208077,9,0,1,1,0
02:20:00,501208079,2,0,20,1,0
02:20:00,501208082,1,1,9,1,0
02:20:00,501208085,16,0,1,1,0
02:20:00,501208087,1,0,30,1,0
02:20:00,501208089,15,1,10,1,0
02:20:00,501208091,1,0,42,1,0
02:20:00,501208111,8,3,7,1,0
02:20:00,501208113,6,0,14,1,0
02:20:00,501208114,6,0,14,1,0
02:20:00,501208129,4,0,18,1,0
02:20:00,501208130,7,0,7,1,0
02:20:00,501209002,18,2,2,1,0
02:20:00,501209003,2,0,12,1,0
02:20:00,501209004,7,1,8,1,0
02:20:00,501209005,1,1,17,1,0
02:20:00,501209006,8,2,11,1,0
02:20:00,501209007,11,0,4,1,0
02:20:00,501209009,0,0,0,2,0
02:20:00,501209010,6,1,8,1,0
02:20:00,501209011,5,0,20,1,0
02:20:00,501209014,4,0,8,1,0
02:20:00,501209015,9,1,6,1,0
02:20:00,501209016,8,1,21,1,0
02:20:00,501209017,9,0,4,1,0
02:20:00,501209018,2,0,14,1,0
02:20:00,501209019,3,0,21,1,0
02:20:00,501209020,5,0,26,1,0
02:20:00,501209021,5,0,9,1,0
02:20:00,501209022,7,4,3,1,0
02:20:00,501209023,30,0,13,1,0
02:20:00,501209024,6,0,36,1,0
02:20:00,501209025,8,0,7,1,0
02:20:00,501209026,17,1,9,1,0
02:20:00,501209027,1,1,18,1,0
02:20:00,501209028,4,0,24,1,0
02:20:00,501209030,17,0,1,1,0
02:20:00,501209031,16,0,14,1,0
02:20:00,501209032,7,1,21,1,0
02:20:00,501209033,10,3,10,1,0
02:20:00,501209034,3,3,12,1,0
02:20:00,501209035,1,0,27,1,0
02:20:00,501209036,2,0,29,1,0
02:20:00,501209037,19,1,16,1,0
02:20:00,501209038,12,3,3,1,0
02:20:00,501209039,6,0,24,1,0
02:20:00,501209040,7,0,24,1,0
02:20:00,501209042,6,2,14,1,0
02:20:00,501209043,18,0,7,1,0
02:20:00,501209044,12,5,3,1,0
02:20:00,501209045,10,1,5,1,0
02:20:00,501209046,16,0,5,1,0
02:20:00,501209047,9,2,5,1,0
02:20:00,501209049,5,0,15,1,0
02:20:00,501209050,12,1,1,1,0
02:20:00,501209051,4,1,20,1,0
02:20:00,501209052,5,0,17,1,0
02:20:00,501209053,3,1,17,1,0
02:20:00,501209054,9,2,18,1,0
02:20:00,501209056,9,0,6,1,0
02:20:00,501209058,14,2,2,1,0
02:20:00,501209059,5,0,10,1,0
02:20:00,501209060,3,0,17,1,0
02:20:00,501209062,10,0,5,1,0
02:20:00,501209064,8,0,7,1,0
02:20:00,501209065,4,0,11,1,0
02:20:00,501209066,10,0,4,1,0
02:20:00,501209067,14,1,1,1,0
02:20:00,501209068,6,1,11,1,0
02:20:00,501209069,6,0,57,1,0
02:20:00,501209070,2,2,14,1,0
02:20:00,501209071,5,0,12,1,0
02:20:00,501209073,11,3,4,1,0
02:20:00,501209074,19,0,4,1,0
02:20:00,501209075,4,1,12,1,0
02:20:00,501209076,4,1,18,1,0
02:20:00,501209077,6,1,9,1,0
02:20:00,501209078,8,1,5,1,0
02:20:00,501209079,1,0,23,1,0
02:20:00,501209080,14,1,13,1,0
02:20:00,501209081,4,2,11,1,0
02:20:00,501209084,8,1,15,1,0
02:20:00,501209085,2,0,25,1,0
02:20:00,501209087,4,0,35,1,0
02:20:00,501209088,4,1,11,1,0
02:20:00,501209089,3,0,16,1,0
02:20:00,501209090,6,2,8,1,0
02:20:00,501209091,5,1,11,1,0
02:20:00,501209092,8,0,8,1,0
02:20:00,501209093,2,1,13,1,0
02:20:00,501209094,6,0,10,1,0
02:20:00,501209095,5,4,8,1,0
02:20:00,501209096,10,1,5,1,0
02:20:00,501209097,3,1,12,1,0
02:20:00,501209098,6,0,9,1,0
02:20:00,501209099,4,0,15,1,0
02:20:00,501209100,8,0,7,1,0
02:20:00,501209101,5,0,10,1,0
02:20:00,501209102,6,1,14,1,0
02:20:00,501209104,1,0,18,1,0
02:20:00,501209105,16,4,10,1,0
02:20:00,501209106,2,0,18,1,0
02:20:00,501211001,24,8,14,1,0
02:20:00,501211002,5,3,10,1,0
02:20:00,501211004,10,1,5,1,0
02:20:00,501211005,8,0,11,1,0
02:20:00,501211006,10,0,7,1,0
02:20:00,501211007,13,0,5,1,0
02:20:00,501211009,6,1,12,1,0
02:20:00,501211011,9,1,21,1,0
02:20:00,501211012,7,1,11,1,0
02:30:00,501201001,0,0,0,2,0
02:30:00,501201002,9,0,30,1,0
02:30:00,501201003,3,0,20,1,0
02:30:00,501201004,5,2,8,1,0
02:30:00,501201005,3,2,16,1,0
02:30:00,501201006,0,0,28,1,0
02:30:00,501201007,9,3,9,1,0
02:30:00,501201008,10,3,15,1,0
02:30:00,501201010,5,1,5,1,0
02:30:00,501201011,7,1,15,1,0
02:30:00,501201012,9,0,27,1,0
02:30:00,501201013,5,0,17,1,0
02:30:00,501201014,8,0,10,1,0
02:30:00,501201015,13,1,12,1,0
02:30:00,501201016,4,0,20,1,0
02:30:00,501201017,13,3,12,1,0
02:30:00,501201018,5,1,18,1,0
02:30:00,501201019,7,1,19,1,0
02:30:00,501201020,8,0,16,1,0
02:30:00,501201021,6,0,8,1,0
02:30:00,501201022,4,0,12,1,0
02:30:00,501201023,8,0,20,1,0
02:30:00,501201024,12,0,12,1,0
02:30:00,501201025,7,0,17,1,0
02:30:00,501201026,11,1,8,1,0
02:30:00,501201028,14,0,6,1,0
02:30:00,501201029,8,1,5,1,0
02:30:00,501201030,2,0,12,1,0
02:30:00,501201031,7,0,10,1,0
02:30:00,501202001,3,0,11,1,0
02:30:00,501202003,15,0,25,1,0
02:30:00,501202013,1,0,16,1,0
02:30:00,501202023,10,0,5,1,0
02:30:00,501202024,6,1,9,1,0
02:30:00,501202034,9,1,7,1,0
02:30:00,501202035,2,0,28,1,0
02:30:00,501202036,16,1,23,1,0
02:30:00,501202040,13,1,29,1,0
02:30:00,501202043,4,0,20,1,0
02:30:00,501202044,0,0,0,2,0
02:30:00,501202047,6,2,16,1,0
02:30:00,501202050,6,1,10,1,0
02:30:00,501202055,11,0,4,1,0
02:30:00,501202058,7,0,8,1,0
02:30:00,501202065,8,0,7,1,0
02:30:00,501202068,11,0,7,1,0
02:30:00,501202070,7,1,9,1,0
02:30:00,501202078,2,0,23,1,0
02:30:00,501202080,4,0,22,1,0
02:30:00,501202081,7,0,16,1,0
02:30:00,501202082,7,2,16,1,0
02:30:00,501202083,15,0,9,1,0
02:30:00,501202084,12,2,12,1,0
02:30:00,501202085,6,0,29,1,0
02:30:00,501202088,4,2,26,1,0
02:30:00,501202089,2,0,27,1,0
02:30:00,501202096,4,0,11,1,0
02:30:00,501203001,0,0,19,1,0
02:30:00,501203002,1,0,21,1,0
02:30:00,501203003,0,0,93,1,0
02:30:00,501203005,10,0,10,1,0
02:30:00,501203006,4,0,11,1,0
02:30:00,501203007,12,1,2,1,0
02:30:00,501203008,7,2,9,1,0
02:30:00,501203010,20,2,13,1,0
02:30:00,501203011,31,7,7,1,0
02:30:00,501203012,9,0,8,1,0
02:30:00,501203013,2,0,21,1,0
02:30:00,501203015,12,3,0,1,0
02:30:00,501203020,15,0,4,1,0
02:30:00,501203022,2,1,17,1,0
02:30:00,501203023,4,1,14,1,0
02:30:00,501203028,8,0,17,1,0
02:30:00,501203040,3,1,20,1,0
02:30:00,501203045,11,1,7,1,0
02:30:00,501203050,47,0,13,1,0
02:30:00,501203051,17,1,7,1,0
02:30:00,501203053,1,0,25,1,0
02:30:00,501203054,10,2,12,1,0
02:30:00,501203064,7,1,8,1,0
02:30:00,501203065,12,0,4,1,0
02:30:00,501203070,10,2,5,1,0
02:30:00,501203073,4,0,20,1,0
02:30:00,501203076,6,0,10,1,0
02:30:00,501203078,7,1,9,1,0
02:30:00,501203080,6,0,9,1,0
02:30:00,501203084,3,0,8,1,0
02:30:00,501203085,5,0,5,1,0
02:30:00,501203088,4,1,10,1,0
02:30:00,501203089,5,0,7,1,0
02:30:00,501203090,1,0,9,1,0
02:30:00,501203091,9,0,4,1,0
02:30:00,501203092,2,0,16,1,0
02:30:00,501203100,10,3,9,1,0
02:30:00,501203101,0,0,0,2,0
02:30:00,501203102,8,2,11,1,0
02:30:00,501203104,3,0,16,1,0
02:30:00,501203105,7,3,3,1,0
02:30:00,501203107,0,0,0,2,0
02:30:00,501203109,1,0,25,1,0
02:30:00,501203110,3,0,38,1,0
02:30:00,501203111,10,0,1,1,0
02:30:00,501203113,5,0,14,1,0
02:30:00,501203114,0,0,50,1,0
02:30:00,501203117,0,0,0,2,0
02:30:00,501203118,18,1,2,1,0
02:30:00,501203121,16,1,8,1,0
02:30:00,501203122,11,1,9,1,0
02:30:00,501203125,20,1,5,1,0
02:30:00,501203131,16,5,4,1,0
02:30:00,501203140,1,0,41,1,0
02:30:00,501203141,6,0,10,1,0
02:30:00,501203142,4,1,32,1,0
02:30:00,501203145,9,1,6,1,0
02:30:00,501203151,13,0,4,1,0
02:30:00,501203155,6,0,13,1,0
02:30:00,501203157,4,1,13,1,0
02:30:00,501203159,5,1,15,1,0
02:30:00,501203161,1,0,18,1,0
02:30:00,501203162,11,0,10,1,0
02:30:00,501203163,10,3,6,1,0
02:30:00,501204001,3,0,21,1,0
02:30:00,501204002,11,0,25,1,0
02:30:00,501204003,17,0,27,1,0
02:30:00,501204004,3,0,11,1,0
02:30:00,501204005,18,1,1,1,0
02:30:00,501204007,2,0,34,1,0
02:30:00,501204008,4,0,11,1,0
02:30:00,501204009,0,0,0,2,0
02:30:00,501204010,0,0,0,2,0
02:30:00,501204011,3,1,12,1,0
02:30:00,501204012,9,0,4,1,0
02:30:00,501204013,10,2,3,1,0
02:30:00,501204014,5,0,10,1,0
02:30:00,501204015,10,0,5,1,0
02:30:00,501204016,1,0,19,1,0
02:30:00,501204017,9,3,6,1,0
02:30:00,501204018,20,3,4,1,0
02:30:00,501204020,7,0,13,1,0
02:30:00,501204021,1,0,19,1,0
02:30:00,501204022,8,0,8,1,0
02:30:00,501204023,13,2,2,1,0
02:30:00,501204024,0,0,0,2,0
02:30:00,501204025,9,0,11,1,0
02:30:00,501205001,8,0,9,1,0
02:30:00,501205003,5,0,13,1,0
02:30:00,501205004,11,1,5,1,0
02:30:00,501205005,5,0,17,1,0
02:30:00,501205006,18,0,2,1,0
02:30:00,501205007,4,1,8,1,0
02:30:00,501205008,11,0,15,1,0
02:30:00,501205009,26,0,19,1,0
02:30:00,501205010,4,1,9,1,0
02:30:00,501205011,9,0,23,1,0
02:30:00,501205012,5,0,15,1,0
02:30:00,501205013,2,0,19,1,0
02:30:00,501205014,22,11,1,1,0
02:30:00,501205015,6,0,12,1,0
02:30:00,501205018,12,2,6,1,0
02:30:00,501205019,4,0,24,1,0
02:30:00,501205020,2,0,28,1,0
02:30:00,501205021,7,2,8,1,0
02:30:00,501205022,6,0,9,1,0
02:30:00,501205023,3,0,12,1,0
02:30:00,501205025,25,1,2,1,0
02:30:00,501205026,9,2,10,1,0
02:30:00,501205027,1,0,9,1,0
02:30:00,501205028,4,0,11,1,0
02:30:00,501205029,4,0,6,1,0
02:30:00,501205030,7,0,3,1,0
02:30:00,501205033,3,0,12,1,0
02:30:00,501205034,1,1,27,1,0
02:30:00,501205035,6,2,10,1,0
02:30:00,501205036,5,1,10,1,0
02:30:00,501205037,6,1,9,1,0
02:30:00,501205038,6,1,14,1,0
02:30:00,501205039,9,1,11,1,0
02:30:00,501205040,13,0,12,1,0
02:30:00,501205041,14,0,3,1,0
02:30:00,501205042,6,2,23,1,0
02:30:00,501208011,34,3,2,1,0
02:30:00,501208013,32,5,22,1,0
02:30:00,501208014,6,0,32,1,0
02:30:00,501208015,7,1,8,1,0
02:30:00,501208018,12,1,3,1,0
02:30:00,501208021,1,0,16,1,0
02:30:00,501208027,5,0,25,1,0
02:30:00,501208029,15,1,6,1,0
02:30:00,501208030,12,0,26,1,0
02:30:00,501208032,28,0,0,1,0
02:30:00,501208040,7,1,12,1,0
02:30:00,501208041,2,0,13,1,0
02:30:00,501208045,12,0,20,1,0
02:30:00,501208051,1,0,35,1,0
02:30:00,501208053,12,0,9,1,0
02:30:00,501208054,2,0,26,1,0
02:30:00,501208059,4,0,25,1,0
02:30:00,501208064,5,0,15,1,0
02:30:00,501208077,9,0,1,1,0
02:30:00,501208079,2,0,20,1,0
02:30:00,501208082,1,1,9,1,0
02:30:00,501208085,16,0,1,1,0
02:30:00,501208087,1,0,30,1,0
02:30:00,501208089,15,1,10,1,0
02:30:00,501208091,1,0,42,1,0
02:30:00,501208111,8,3,7,1,0
02:30:00,501208113,6,0,14,1,0
02:30:00,501208114,6,0,14,1,0
02:30:00,501208129,4,0,18,1,0
02:30:00,501208130,7,0,7,1,0
02:30:00,501209002,18,2,2,1,0
02:30:00,501209003,2,0,12,1,0
02:30:00,501209004,7,1,8,1,0
02:30:00,501209005,1,1,17,1,0
02:30:00,501209006,8,2,11,1,0
02:30:00,501209007,11,0,4,1,0
02:30:00,501209009,0,0,0,2,0
02:30:00,501209010,6,1,8,1,0
02:30:00,501209011,5,0,20,1,0
02:30:00,501209014,3,0,9,1,0
02:30:00,501209015,9,1,6,1,0
02:30:00,501209016,8,1,21,1,0
02:30:00,501209017,9,0,4,1,0
02:30:00,501209018,2,0,14,1,0
02:30:00,501209019,3,0,21,1,0
02:30:00,501209020,6,1,26,1,0
02:30:00,501209021,5,0,9,1,0
02:30:00,501209022,6,3,4,1,0
02:30:00,501209023,30,0,13,1,0
02:30:00,501209024,6,0,36,1,0
02:30:00,501209025,8,0,7,1,0
02:30:00,501209026,22,1,4,1,0
02:30:00,501209027,1,1,18,1,0
02:30:00,501209028,4,0,24,1,0
02:30:00,501209030,17,0,1,1,0
02:30:00,501209031,16,0,14,1,0
02:30:00,501209032,6,1,22,1,0
02:30:00,501209033,10,3,10,1,0
02:30:00,501209034,3,3,12,1,0
02:30:00,501209035,1,0,27,1,0
02:30:00,501209036,2,0,29,1,0
02:30:00,501209037,19,1,16,1,0
02:30:00,501209038,12,3,3,1,0
02:30:00,501209039,6,0,24,1,0
02:30:00,501209040,7,0,24,1,0
02:30:00,501209042,6,2,14,1,0
02:30:00,501209043,18,0,7,1,0
02:30:00,501209044,12,5,3,1,0
02:30:00,501209045,10,1,5,1,0
02:30:00,501209046,16,0,5,1,0
02:30:00,501209047,9,2,5,1,0
02:30:00,501209049,5,0,15,1,0
02:30:00,501209050,12,1,1,1,0
02:30:00,501209051,4,1,20,1,0
02:30:00,501209052,5,0,17,1,0
02:30:00,501209053,3,1,17,1,0
02:30:00,501209054,9,2,18,1,0
02:30:00,501209056,9,0,6,1,0
02:30:00,501209058,14,2,2,1,0
02:30:00,501209059,5,0,10,1,0
02:30:00,501209060,3,0,17,1,0
02:30:00,501209062,10,0,5,1,0
02:30:00,501209064,8,0,7,1,0
02:30:00,501209065,4,0,11,1,0
02:30:00,501209066,9,0,5,1,0
02:30:00,501209067,14,1,1,1,0
02:30:00,501209068,6,1,11,1,0
02:30:00,501209069,6,0,57,1,0
02:30:00,501209070,2,2,14,1,0
02:30:00,501209071,5,0,12,1,0
02:30:00,501209073,11,3,4,1,0
02:30:00,501209074,19,0,4,1,0
02:30:00,501209075,4,1,12,1,0
02:30:00,501209076,5,2,18,1,0
02:30:00,501209077,6,1,9,1,0
02:30:00,501209078,8,1,5,1,0
02:30:00,501209079,1,0,23,1,0
02:30:00,501209080,14,1,13,1,0
02:30:00,501209081,4,2,11,1,0
02:30:00,501209084,8,1,15,1,0
02:30:00,501209085,2,0,25,1,0
02:30:00,501209087,4,0,35,1,0
02:30:00,501209088,4,1,11,1,0
02:30:00,501209089,3,0,16,1,0
02:30:00,501209090,6,2,8,1,0
02:30:00,501209091,5,1,11,1,0
02:30:00,501209092,8,0,8,1,0
02:30:00,501209093,2,1,13,1,0
02:30:00,501209094,6,0,10,1,0
02:30:00,501209095,5,4,8,1,0
02:30:00,501209096,10,1,5,1,0
02:30:00,501209097,3,1,12,1,0
02:30:00,501209098,6,0,9,1,0
02:30:00,501209099,4,0,15,1,0
02:30:00,501209100,8,0,7,1,0
02:30:00,501209101,5,0,10,1,0
02:30:00,501209102,6,1,14,1,0
02:30:00,501209104,1,0,18,1,0
02:30:00,501209105,16,4,10,1,0
02:30:00,501209106,2,0,18,1,0
02:30:00,501211001,24,8,14,1,0
02:30:00,501211002,5,3,10,1,0
02:30:00,501211004,10,1,5,1,0
02:30:00,501211005,8,0,11,1,0
02:30:00,501211006,10,0,7,1,0
02:30:00,501211007,13,0,5,1,0
02:30:00,501211009,6,1,12,1,0
02:30:00,501211011,9,1,21,1,0
02:30:00,501211012,7,1,11,1,0
02:40:00,501201001,0,0,0,2,0
02:40:00,501201002,8,0,31,1,0
02:40:00,501201003,3,0,20,1,0
02:40:00,501201004,5,2,8,1,0
02:40:00,501201005,1,0,18,1,0
02:40:00,501201006,0,0,28,1,0
02:40:00,501201007,8,3,10,1,0
02:40:00,501201008,10,3,15,1,0
02:40:00,501201010,5,1,5,1,0
02:40:00,501201011,7,1,15,1,0
02:40:00,501201012,9,0,27,1,0
02:40:00,501201013,5,0,17,1,0
02:40:00,501201014,8,0,10,1,0
02:40:00,501201015,13,1,12,1,0
02:40:00,501201016,4,0,20,1,0
02:40:00,501201017,13,3,12,1,0
02:40:00,501201018,5,1,18,1,0
02:40:00,501201019,7,1,19,1,0
02:40:00,501201020,8,0,16,1,0
02:40:00,501201021,6,0,8,1,0
02:40:00,501201022,4,0,12,1,0
02:40:00,501201023,8,0,20,1,0
02:40:00,501201024,12,0,12,1,0
02:40:00,501201025,7,0,17,1,0
02:40:00,501201026,11,1,8,1,0
02:40:00,501201028,10,0,10,1,0
02:40:00,501201029,8,1,5,1,0
02:40:00,501201030,1,0,13,1,0
02:40:00,501201031,7,1,10,1,0
02:40:00,501202001,3,0,11,1,0
02:40:00,501202003,15,0,25,1,0
02:40:00,501202013,1,0,16,1,0
02:40:00,501202023,10,0,5,1,0
02:40:00,501202024,6,1,9,1,0
02:40:00,501202034,9,1,7,1,0
02:40:00,501202035,2,0,28,1,0
02:40:00,501202036,16,1,23,1,0
02:40:00,501202040,13,1,29,1,0
02:40:00,501202043,4,0,20,1,0
02:40:00,501202044,0,0,0,2,0
02:40:00,501202047,6,2,16,1,0
02:40:00,501202050,6,1,10,1,0
02:40:00,501202055,11,0,4,1,0
02:40:00,501202058,7,0,8,1,0
02:40:00,501202065,8,0,7,1,0
02:40:00,501202068,11,0,7,1,0
02:40:00,501202070,7,1,9,1,0
02:40:00,501202078,2,0,23,1,0
02:40:00,501202080,4,0,22,1,0
02:40:00,501202081,7,0,16,1,0
02:40:00,501202082,7,2,16,1,0
02:40:00,501202083,15,0,9,1,0
02:40:00,501202084,12,2,12,1,0
02:40:00,501202085,6,0,29,1,0
02:40:00,501202088,4,2,26,1,0
02:40:00,501202089,2,0,27,1,0
02:40:00,501202096,4,0,11,1,0
02:40:00,501203001,0,0,19,1,0
02:40:00,501203002,1,0,21,1,0
02:40:00,501203003,0,0,93,1,0
02:40:00,501203005,10,0,10,1,0
02:40:00,501203006,4,0,11,1,0
02:40:00,501203007,11,0,3,1,0
02:40:00,501203008,7,2,9,1,0
02:40:00,501203010,20,2,13,1,0
02:40:00,501203011,31,7,7,1,0
02:40:00,501203012,9,0,8,1,0
02:40:00,501203013,2,0,21,1,0
02:40:00,501203015,12,3,0,1,0
02:40:00,501203020,15,0,4,1,0
02:40:00,501203022,2,1,17,1,0
02:40:00,501203023,4,1,14,1,0
02:40:00,501203028,8,0,17,1,0
02:40:00,501203040,3,1,20,1,0
02:40:00,501203045,11,1,7,1,0
02:40:00,501203050,47,0,13,1,0
02:40:00,501203051,17,1,7,1,0
02:40:00,501203053,1,0,25,1,0
02:40:00,501203054,2,2,20,1,0
02:40:00,501203064,7,1,8,1,0
02:40:00,501203065,12,0,4,1,0
02:40:00,501203070,10,2,5,1,0
02:40:00,501203073,4,0,20,1,0
02:40:00,501203076,6,0,10,1,0
02:40:00,501203078,7,1,9,1,0
02:40:00,501203080,7,1,8,1,0
02:40:00,501203084,3,0,8,1,0
02:40:00,501203085,5,0,5,1,0
02:40:00,501203088,4,1,10,1,0
02:40:00,501203089,5,0,7,1,0
02:40:00,501203090,1,0,9,1,0
02:40:00,501203091,9,0,4,1,0
02:40:00,501203092,3,0,15,1,0
02:40:00,501203100,10,3,8,1,0
02:40:00,501203101,0,0,0,2,0
02:40:00,501203102,7,1,12,1,0
02:40:00,501203104,3,0,16,1,0
02:40:00,501203105,7,3,3,1,0
02:40:00,501203107,0,0,0,2,0
02:40:00,501203109,2,0,24,1,0
02:40:00,501203110,3,0,38,1,0
02:40:00,501203111,10,0,1,1,0
02:40:00,501203113,5,0,14,1,0
02:40:00,501203114,0,0,50,1,0
02:40:00,501203117,0,0,0,2,0
02:40:00,501203118,18,1,2,1,0
02:40:00,501203121,16,1,8,1,0
02:40:00,501203122,11,1,9,1,0
02:40:00,501203125,20,1,5,1,0
02:40:00,501203131,16,5,4,1,0
02:40:00,501203140,1,0,41,1,0
02:40:00,501203141,6,0,10,1,0
02:40:00,501203142,4,1,32,1,0
02:40:00,501203145,9,1,6,1,0
02:40:00,501203151,17,0,0,1,0
02:40:00,501203155,6,0,13,1,0
02:40:00,501203157,4,1,13,1,0
02:40:00,501203159,5,1,15,1,0
02:40:00,501203161,1,0,18,1,0
02:40:00,501203162,11,0,10,1,0
02:40:00,501203163,10,3,6,1,0
02:40:00,501204001,3,0,21,1,0
02:40:00,501204002,11,0,25,1,0
02:40:00,501204003,17,0,27,1,0
02:40:00,501204004,3,0,11,1,0
02:40:00,501204005,18,1,1,1,0
02:40:00,501204007,2,0,34,1,0
02:40:00,501204008,4,0,11,1,0
02:40:00,501204009,0,0,0,2,0
02:40:00,501204010,0,0,0,2,0
02:40:00,501204011,3,1,12,1,0
02:40:00,501204012,10,1,4,1,0
02:40:00,501204013,10,2,3,1,0
02:40:00,501204014,5,0,10,1,0
02:40:00,501204015,10,0,5,1,0
02:40:00,501204016,1,0,19,1,0
02:40:00,501204017,9,3,6,1,0
02:40:00,501204018,20,3,4,1,0
02:40:00,501204020,7,0,13,1,0
02:40:00,501204021,1,0,19,1,0
02:40:00,501204022,8,0,8,1,0
02:40:00,501204023,13,2,2,1,0
02:40:00,501204024,0,0,0,2,0
02:40:00,501204025,9,0,11,1,0
02:40:00,501205001,8,0,9,1,0
02:40:00,501205003,5,0,13,1,0
02:40:00,501205004,11,1,5,1,0
02:40:00,501205005,5,0,17,1,0
02:40:00,501205006,18,0,2,1,0
02:40:00,501205007,4,1,8,1,0
02:40:00,501205008,11,0,15,1,0
02:40:00,501205009,26,0,19,1,0
02:40:00,501205010,4,1,9,1,0
02:40:00,501205011,9,0,23,1,0
02:40:00,501205012,5,0,15,1,0
02:40:00,501205013,2,0,19,1,0
02:40:00,501205014,22,11,1,1,0
02:40:00,501205015,6,0,12,1,0
02:40:00,501205018,12,2,6,1,0
02:40:00,501205019,4,0,24,1,0
02:40:00,501205020,2,0,28,1,0
02:40:00,501205021,7,2,8,1,0
02:40:00,501205022,6,0,9,1,0
02:40:00,501205023,3,0,12,1,0
02:40:00,501205025,25,1,2,1,0
02:40:00,501205026,9,2,10,1,0
02:40:00,501205027,1,0,9,1,0
02:40:00,501205028,4,0,11,1,0
02:40:00,501205029,4,0,6,1,0
02:40:00,501205030,7,0,3,1,0
02:40:00,501205033,3,0,12,1,0
02:40:00,501205034,1,1,27,1,0
02:40:00,501205035,6,2,10,1,0
02:40:00,501205036,5,1,10,1,0
02:40:00,501205037,6,1,9,1,0
02:40:00,501205038,6,1,14,1,0
02:40:00,501205039,9,1,11,1,0
02:40:00,501205040,13,0,12,1,0
02:40:00,501205041,13,0,4,1,0
02:40:00,501205042,6,2,23,1,0
02:40:00,501208011,34,3,2,1,0
02:40:00,501208013,32,5,22,1,0
02:40:00,501208014,6,0,32,1,0
02:40:00,501208015,7,1,8,1,0
02:40:00,501208018,12,1,3,1,0
02:40:00,501208021,1,0,16,1,0
02:40:00,501208027,5,0,25,1,0
02:40:00,501208029,15,1,6,1,0
02:40:00,501208030,12,0,26,1,0
02:40:00,501208032,28,0,0,1,0
02:40:00,501208040,7,1,12,1,0
02:40:00,501208041,2,0,13,1,0
02:40:00,501208045,12,0,20,1,0
02:40:00,501208051,1,0,35,1,0
02:40:00,501208053,12,0,9,1,0
02:40:00,501208054,2,0,26,1,0
02:40:00,501208059,4,0,25,1,0
02:40:00,501208064,5,0,15,1,0
02:40:00,501208077,9,0,1,1,0
02:40:00,501208079,2,0,20,1,0
02:40:00,501208082,1,1,9,1,0
02:40:00,501208085,16,0,1,1,0
02:40:00,501208087,1,0,30,1,0
02:40:00,501208089,15,1,10,1,0
02:40:00,501208091,1,0,42,1,0
02:40:00,501208111,8,3,7,1,0
02:40:00,501208113,6,0,14,1,0
02:40:00,501208114,6,0,14,1,0
02:40:00,501208129,4,0,18,1,0
02:40:00,501208130,7,0,7,1,0
02:40:00,501209002,18,2,2,1,0
02:40:00,501209003,2,0,12,1,0
02:40:00,501209004,7,1,8,1,0
02:40:00,501209005,1,1,17,1,0
02:40:00,501209006,8,2,11,1,0
02:40:00,501209007,11,0,4,1,0
02:40:00,501209009,0,0,0,2,0
02:40:00,501209010,6,1,8,1,0
02:40:00,501209011,5,0,20,1,0
02:40:00,501209014,3,0,9,1,0
02:40:00,501209015,9,1,6,1,0
02:40:00,501209016,8,1,21,1,0
02:40:00,501209017,10,0,3,1,0
02:40:00,501209018,2,0,14,1,0
02:40:00,501209019,3,0,21,1,0
02:40:00,501209020,6,1,26,1,0
02:40:00,501209021,5,0,9,1,0
02:40:00,501209022,6,3,4,1,0
02:40:00,501209023,39,0,4,1,0
02:40:00,501209024,6,0,36,1,0
02:40:00,501209025,8,0,7,1,0
02:40:00,501209026,22,1,4,1,0
02:40:00,501209027,1,1,18,1,0
02:40:00,501209028,4,0,24,1,0
02:40:00,501209030,17,0,1,1,0
02:40:00,501209031,16,0,14,1,0
02:40:00,501209032,6,1,22,1,0
02:40:00,501209033,9,3,11,1,0
02:40:00,501209034,3,3,12,1,0
02:40:00,501209035,1,0,27,1,0
02:40:00,501209036,2,0,29,1,0
02:40:00,501209037,19,1,16,1,0
02:40:00,501209038,12,3,3,1,0
02:40:00,501209039,6,0,24,1,0
02:40:00,501209040,7,0,24,1,0
02:40:00,501209042,8,4,12,1,0
02:40:00,501209043,18,0,7,1,0
02:40:00,501209044,12,5,3,1,0
02:40:00,501209045,10,1,5,1,0
02:40:00,501209046,16,0,5,1,0
02:40:00,501209047,9,2,5,1,0
02:40:00,501209049,5,0,15,1,0
02:40:00,501209050,12,1,1,1,0
02:40:00,501209051,4,1,20,1,0
02:40:00,501209052,5,0,17,1,0
02:40:00,501209053,3,1,17,1,0
02:40:00,501209054,9,2,18,1,0
02:40:00,501209056,9,0,6,1,0
02:40:00,501209058,14,2,2,1,0
02:40:00,501209059,5,0,10,1,0
02:40:00,501209060,3,0,17,1,0
02:40:00,501209062,10,0,5,1,0
02:40:00,501209064,8,0,7,1,0
02:40:00,501209065,4,0,11,1,0
02:40:00,501209066,9,0,5,1,0
02:40:00,501209067,14,1,1,1,0
02:40:00,501209068,6,1,11,1,0
02:40:00,501209069,6,0,57,1,0
02:40:00,501209070,2,2,14,1,0
02:40:00,501209071,5,0,12,1,0
02:40:00,501209073,11,3,4,1,0
02:40:00,501209074,19,0,4,1,0
02:40:00,501209075,4,1,12,1,0
02:40:00,501209076,5,2,18,1,0
02:40:00,501209077,6,1,9,1,0
02:40:00,501209078,8,1,5,1,0
02:40:00,501209079,16,1,9,1,0
02:40:00,501209080,14,1,13,1,0
02:40:00,501209081,4,2,11,1,0
02:40:00,501209084,8,1,15,1,0
02:40:00,501209085,2,0,25,1,0
02:40:00,501209087,4,0,35,1,0
02:40:00,501209088,4,1,11,1,0
02:40:00,501209089,3,0,16,1,0
02:40:00,501209090,6,2,8,1,0
02:40:00,501209091,5,1,11,1,0
02:40:00,501209092,8,0,8,1,0
02:40:00,501209093,2,1,13,1,0
02:40:00,501209094,6,0,10,1,0
02:40:00,501209095,5,4,8,1,0
02:40:00,501209096,10,1,5,1,0
02:40:00,501209097,3,1,12,1,0
02:40:00,501209098,6,0,9,1,0
02:40:00,501209099,4,0,15,1,0
02:40:00,501209100,8,0,7,1,0
02:40:00,501209101,5,0,10,1,0
02:40:00,501209102,6,1,14,1,0
02:40:00,501209104,1,0,18,1,0
02:40:00,501209105,16,4,10,1,0
02:40:00,501209106,2,0,18,1,0
02:40:00,501211001,24,8,14,1,0
02:40:00,501211002,5,3,10,1,0
02:40:00,501211004,10,1,5,1,0
02:40:00,501211005,8,0,11,1,0
02:40:00,501211006,10,0,7,1,0
02:40:00,501211007,13,0,5,1,0
02:40:00,501211009,6,1,12,1,0
02:40:00,501211011,9,1,21,1,0
02:40:00,501211012,7,1,11,1,0
02:50:00,501201001,0,0,0,2,0
02:50:00,501201002,9,0,30,1,0
02:50:00,501201003,3,0,20,1,0
02:50:00,501201004,5,2,8,1,0
02:50:00,501201005,2,1,17,1,0
02:50:00,501201006,4,0,24,1,0
02:50:00,501201007,9,3,9,1,0
02:50:00,501201008,10,3,15,1,0
02:50:00,501201010,5,1,5,1,0
02:50:00,501201011,7,1,15,1,0
02:50:00,501201012,9,0,27,1,0
02:50:00,501201013,5,0,17,1,0
02:50:00,501201014,8,0,10,1,0
02:50:00,501201015,13,1,12,1,0
02:50:00,501201016,4,0,20,1,0
02:50:00,501201017,12,2,13,1,0
02:50:00,501201018,5,1,18,1,0
02:50:00,501201019,7,1,19,1,0
02:50:00,501201020,8,0,16,1,0
02:50:00,501201021,6,0,8,1,0
02:50:00,501201022,4,0,12,1,0
02:50:00,501201023,8,0,20,1,0
02:50:00,501201024,12,0,12,1,0
02:50:00,501201025,7,0,17,1,0
02:50:00,501201026,11,2,8,1,0
02:50:00,501201028,8,0,12,1,0
02:50:00,501201029,8,1,5,1,0
02:50:00,501201030,1,0,13,1,0
02:50:00,501201031,7,1,10,1,0
02:50:00,501202001,3,0,11,1,0
02:50:00,501202003,15,0,25,1,0
02:50:00,501202013,1,0,16,1,0
02:50:00,501202023,10,0,5,1,0
02:50:00,501202024,6,1,9,1,0
02:50:00,501202034,9,1,7,1,0
02:50:00,501202035,2,0,28,1,0
02:50:00,501202036,16,1,23,1,0
02:50:00,501202040,13,1,29,1,0
02:50:00,501202043,4,0,20,1,0
02:50:00,501202044,0,0,0,2,0
02:50:00,501202047,6,2,16,1,0
02:50:00,501202050,6,1,10,1,0
02:50:00,501202055,11,0,4,1,0
02:50:00,501202058,7,0,8,1,0
02:50:00,501202065,8,0,7,1,0
02:50:00,501202068,11,0,7,1,0
02:50:00,501202070,7,1,9,1,0
02:50:00,501202078,2,0,23,1,0
02:50:00,501202080,4,0,22,1,0
02:50:00,501202081,7,0,16,1,0
02:50:00,501202082,7,2,16,1,0
02:50:00,501202083,15,0,9,1,0
02:50:00,501202084,11,1,12,1,0
02:50:00,501202085,6,0,29,1,0
02:50:00,501202088,4,2,26,1,0
02:50:00,501202089,2,0,27,1,0
02:50:00,501202096,4,0,11,1,0
02:50:00,501203001,0,0,19,1,0
02:50:00,501203002,1,0,21,1,0
02:50:00,501203003,0,0,93,1,0
02:50:00,501203005,10,0,10,1,0
02:50:00,501203006,4,0,11,1,0
02:50:00,501203007,11,0,3,1,0
02:50:00,501203008,7,2,9,1,0
02:50:00,501203010,20,2,13,1,0
02:50:00,501203011,30,6,8,1,0
02:50:00,501203012,9,0,8,1,0
02:50:00,501203013,2,0,21,1,0
02:50:00,501203015,12,3,0,1,0
02:50:00,501203020,15,0,4,1,0
02:50:00,501203022,2,1,17,1,0
02:50:00,501203023,4,1,14,1,0
02:50:00,501203028,18,0,7,1,0
02:50:00,501203040,3,1,20,1,0
02:50:00,501203045,11,1,7,1,0
02:50:00,501203050,47,0,13,1,0
02:50:00,501203051,17,1,7,1,0
02:50:00,501203053,0,0,26,1,0
02:50:00,501203054,2,2,20,1,0
02:50:00,501203064,7,1,8,1,0
02:50:00,501203065,12,0,4,1,0
02:50:00,501203070,10,2,5,1,0
02:50:00,501203073,4,0,20,1,0
02:50:00,501203076,6,0,10,1,0
02:50:00,501203078,7,1,9,1,0
02:50:00,501203080,7,1,8,1,0
02:50:00,501203084,3,0,8,1,0
02:50:00,501203085,5,0,5,1,0
02:50:00,501203088,3,0,11,1,0
02:50:00,501203089,5,0,7,1,0
02:50:00,501203090,1,0,9,1,0
02:50:00,501203091,9,0,4,1,0
02:50:00,501203092,3,0,15,1,0
02:50:00,501203100,10,3,8,1,0
02:50:00,501203101,0,0,0,2,0
02:50:00,501203102,7,1,12,1,0
02:50:00,501203104,3,0,16,1,0
02:50:00,501203105,7,3,3,1,0
02:50:00,501203107,0,0,0,2,0
02:50:00,501203109,2,0,24,1,0
02:50:00,501203110,3,0,38,1,0
02:50:00,501203111,10,0,1,1,0
02:50:00,501203113,5,0,14,1,0
02:50:00,501203114,0,0,50,1,0
02:50:00,501203117,0,0,0,2,0
02:50:00,501203118,18,1,2,1,0
02:50:00,501203121,17,2,7,1,0
02:50:00,501203122,11,1,9,1,0
02:50:00,501203125,20,1,5,1,0
02:50:00,501203131,16,5,4,1,0
02:50:00,501203140,0,0,42,1,0
02:50:00,501203141,6,0,10,1,0
02:50:00,501203142,5,2,31,1,0
02:50:00,501203145,9,1,6,1,0
02:50:00,501203151,17,0,0,1,0
02:50:00,501203155,6,0,13,1,0
02:50:00,501203157,4,1,13,1,0
02:50:00,501203159,5,1,15,1,0
02:50:00,501203161,1,0,18,1,0
02:50:00,501203162,11,0,10,1,0
02:50:00,501203163,10,3,6,1,0
02:50:00,501204001,3,0,21,1,0
02:50:00,501204002,11,0,25,1,0
02:50:00,501204003,17,0,27,1,0
02:50:00,501204004,3,0,11,1,0
02:50:00,501204005,18,1,1,1,0
02:50:00,501204007,2,0,34,1,0
02:50:00,501204008,4,0,11,1,0
02:50:00,501204009,0,0,0,2,0
02:50:00,501204010,0,0,0,2,0
02:50:00,501204011,5,1,10,1,0
02:50:00,501204012,10,1,4,1,0
02:50:00,501204013,10,2,3,1,0
02:50:00,501204014,5,0,10,1,0
02:50:00,501204015,10,0,5,1,0
02:50:00,501204016,1,0,19,1,0
02:50:00,501204017,9,3,6,1,0
02:50:00,501204018,20,3,4,1,0
02:50:00,501204020,7,0,13,1,0
02:50:00,501204021,1,0,19,1,0
02:50:00,501204022,8,0,8,1,0
02:50:00,501204023,13,2,2,1,0
02:50:00,501204024,0,0,0,2,0
02:50:00,501204025,9,0,11,1,0
02:50:00,501205001,8,0,9,1,0
02:50:00,501205003,5,0,13,1,0
02:50:00,501205004,11,1,5,1,0
02:50:00,501205005,5,0,17,1,0
02:50:00,501205006,18,0,2,1,0
02:50:00,501205007,4,1,8,1,0
02:50:00,501205008,11,0,15,1,0
02:50:00,501205009,26,0,19,1,0
02:50:00,501205010,4,1,9,1,0
02:50:00,501205011,9,0,23,1,0
02:50:00,501205012,5,0,15,1,0
02:50:00,501205013,2,0,19,1,0
02:50:00,501205014,22,11,1,1,0
02:50:00,501205015,6,0,12,1,0
02:50:00,501205018,12,2,6,1,0
02:50:00,501205019,4,0,24,1,0
02:50:00,501205020,2,0,28,1,0
02:50:00,501205021,7,2,8,1,0
02:50:00,501205022,6,0,9,1,0
02:50:00,501205023,3,0,12,1,0
02:50:00,501205025,25,1,2,1,0
02:50:00,501205026,9,2,10,1,0
02:50:00,501205027,1,0,9,1,0
02:50:00,501205028,4,0,11,1,0
02:50:00,501205029,4,0,6,1,0
02:50:00,501205030,7,0,3,1,0
02:50:00,501205033,3,0,12,1,0
02:50:00,501205034,1,1,27,1,0
02:50:00,501205035,6,2,10,1,0
02:50:00,501205036,5,1,10,1,0
02:50:00,501205037,6,1,9,1,0
02:50:00,501205038,6,1,14,1,0
02:50:00,501205039,9,1,11,1,0
02:50:00,501205040,13,0,12,1,0
02:50:00,501205041,13,0,4,1,0
02:50:00,501205042,6,2,23,1,0
02:50:00,501208011,34,3,2,1,0
02:50:00,501208013,32,5,22,1,0
02:50:00,501208014,6,0,32,1,0
02:50:00,501208015,7,1,8,1,0
02:50:00,501208018,12,1,3,1,0
02:50:00,501208021,1,0,16,1,0
02:50:00,501208027,5,0,25,1,0
02:50:00,501208029,15,1,6,1,0
02:50:00,501208030,12,0,26,1,0
02:50:00,501208032,28,0,0,1,0
02:50:00,501208040,7,1,12,1,0
02:50:00,501208041,2,0,13,1,0
02:50:00,501208045,12,0,20,1,0
02:50:00,501208051,1,0,35,1,0
02:50:00,501208053,12,0,9,1,0
02:50:00,501208054,2,0,26,1,0
02:50:00,501208059,4,0,25,1,0
02:50:00,501208064,5,0,15,1,0
02:50:00,501208077,7,0,3,1,0
02:50:00,501208079,2,0,20,1,0
02:50:00,501208082,1,1,9,1,0
02:50:00,501208085,16,0,1,1,0
02:50:00,501208087,1,0,30,1,0
02:50:00,501208089,15,1,10,1,0
02:50:00,501208091,1,0,42,1,0
02:50:00,501208111,8,3,7,1,0
02:50:00,501208113,6,0,14,1,0
02:50:00,501208114,6,0,14,1,0
02:50:00,501208129,4,0,18,1,0
02:50:00,501208130,7,0,7,1,0
02:50:00,501209002,18,2,2,1,0
02:50:00,501209003,2,0,12,1,0
02:50:00,501209004,7,1,8,1,0
02:50:00,501209005,1,1,17,1,0
02:50:00,501209006,8,2,11,1,0
02:50:00,501209007,11,0,4,1,0
02:50:00,501209009,0,0,0,2,0
02:50:00,501209010,6,1,8,1,0
02:50:00,501209011,5,0,20,1,0
02:50:00,501209014,3,0,9,1,0
02:50:00,501209015,9,1,6,1,0
02:50:00,501209016,8,1,21,1,0
02:50:00,501209017,10,0,3,1,0
02:50:00,501209018,2,0,14,1,0
02:50:00,501209019,3,0,21,1,0
02:50:00,501209020,6,1,26,1,0
02:50:00,501209021,5,0,9,1,0
02:50:00,501209022,4,1,6,1,0
02:50:00,501209023,39,0,4,1,0
02:50:00,501209024,6,0,36,1,0
02:50:00,501209025,8,0,7,1,0
02:50:00,501209026,23,2,3,1,0
02:50:00,501209027,1,1,18,1,0
02:50:00,501209028,4,0,24,1,0
02:50:00,501209030,17,0,1,1,0
02:50:00,501209031,16,0,14,1,0
02:50:00,501209032,6,1,22,1,0
02:50:00,501209033,9,3,11,1,0
02:50:00,501209034,3,3,12,1,0
02:50:00,501209035,1,0,27,1,0
02:50:00,501209036,2,0,29,1,0
02:50:00,501209037,19,1,16,1,0
02:50:00,501209038,12,3,3,1,0
02:50:00,501209039,6,0,24,1,0
02:50:00,501209040,7,0,24,1,0
02:50:00,501209042,8,4,12,1,0
02:50:00,501209043,18,0,7,1,0
02:50:00,501209044,12,5,3,1,0
02:50:00,501209045,10,1,5,1,0
02:50:00,501209046,16,0,5,1,0
02:50:00,501209047,9,2,5,1,0
02:50:00,501209049,5,0,15,1,0
02:50:00,501209050,12,1,1,1,0
02:50:00,501209051,4,1,20,1,0
02:50:00,501209052,5,0,17,1,0
02:50:00,501209053,3,1,17,1,0
02:50:00,501209054,9,2,18,1,0
02:50:00,501209056,9,0,6,1,0
02:50:00,501209058,14,2,2,1,0
02:50:00,501209059,5,0,10,1,0
02:50:00,501209060,3,0,17,1,0
02:50:00,501209062,10,0,5,1,0
02:50:00,501209064,8,0,7,1,0
02:50:00,501209065,4,0,11,1,0
02:50:00,501209066,9,0,5,1,0
02:50:00,501209067,14,1,1,1,0
02:50:00,501209068,6,1,11,1,0
02:50:00,501209069,6,0,57,1,0
02:50:00,501209070,2,2,14,1,0
02:50:00,501209071,5,0,12,1,0
02:50:00,501209073,11,3,4,1,0
02:50:00,501209074,19,0,4,1,0
02:50:00,501209075,4,1,12,1,0
02:50:00,501209076,5,2,18,1,0
02:50:00,501209077,6,1,9,1,0
02:50:00,501209078,8,1,5,1,0
02:50:00,501209079,17,1,8,1,0
02:50:00,501209080,14,1,13,1,0
02:50:00,501209081,4,2,11,1,0
02:50:00,501209084,8,1,15,1,0
02:50:00,501209085,2,0,25,1,0
02:50:00,501209087,4,0,35,1,0
02:50:00,501209088,4,1,11,1,0
02:50:00,501209089,3,0,16,1,0
02:50:00,501209090,6,1,8,1,0
02:50:00,501209091,5,1,11,1,0
02:50:00,501209092,8,0,8,1,0
02:50:00,501209093,2,1,13,1,0
02:50:00,501209094,6,0,10,1,0
02:50:00,501209095,5,4,8,1,0
02:50:00,501209096,10,1,5,1,0
02:50:00,501209097,3,1,12,1,0
02:50:00,501209098,6,0,9,1,0
02:50:00,501209099,4,0,15,1,0
02:50:00,501209100,8,0,7,1,0
02:50:00,501209101,5,0,10,1,0
02:50:00,501209102,6,1,14,1,0
02:50:00,501209104,1,0,18,1,0
02:50:00,501209105,16,4,10,1,0
02:50:00,501209106,2,0,18,1,0
02:50:00,501211001,24,8,14,1,0
02:50:00,501211002,5,3,10,1,0
02:50:00,501211004,10,1,5,1,0
02:50:00,501211005,8,0,11,1,0
02:50:00,501211006,10,0,7,1,0
02:50:00,501211007,13,0,5,1,0
02:50:00,501211009,6,1,12,1,0
02:50:00,501211011,9,1,21,1,0
02:50:00,501211012,7,1,11,1,0
03:00:00,501201001,0,0,0,2,0
03:00:00,501201002,8,0,31,1,0
03:00:00,501201003,3,0,20,1,0
03:00:00,501201004,5,2,8,1,0
03:00:00,501201005,1,0,18,1,0
03:00:00,501201006,4,0,24,1,0
03:00:00,501201007,9,3,9,1,0
03:00:00,501201008,10,3,15,1,0
03:00:00,501201010,5,1,5,1,0
03:00:00,501201011,7,1,15,1,0
03:00:00,501201012,9,0,27,1,0
03:00:00,501201013,5,0,17,1,0
03:00:00,501201014,8,0,10,1,0
03:00:00,501201015,13,1,12,1,0
03:00:00,501201016,4,0,20,1,0
03:00:00,501201017,13,2,12,1,0
03:00:00,501201018,5,1,18,1,0
03:00:00,501201019,7,1,19,1,0
03:00:00,501201020,8,0,16,1,0
03:00:00,501201021,6,0,8,1,0
03:00:00,501201022,4,0,12,1,0
03:00:00,501201023,8,0,20,1,0
03:00:00,501201024,6,0,18,1,0
03:00:00,501201025,7,0,17,1,0
03:00:00,501201026,11,2,8,1,0
03:00:00,501201028,8,0,12,1,0
03:00:00,501201029,8,1,5,1,0
03:00:00,501201030,1,0,13,1,0
03:00:00,501201031,7,1,10,1,0
03:00:00,501202001,3,0,11,1,0
03:00:00,501202003,15,0,25,1,0
03:00:00,501202013,1,0,16,1,0
03:00:00,501202023,10,0,5,1,0
03:00:00,501202024,6,1,9,1,0
03:00:00,501202034,9,1,7,1,0
03:00:00,501202035,2,0,28,1,0
03:00:00,501202036,16,1,23,1,0
03:00:00,501202040,13,1,29,1,0
03:00:00,501202043,4,0,20,1,0
03:00:00,501202044,0,0,0,2,0
03:00:00,501202047,6,2,16,1,0
03:00:00,501202050,6,1,10,1,0
03:00:00,501202055,11,0,4,1,0
03:00:00,501202058,7,0,8,1,0
03:00:00,501202065,8,0,7,1,0
03:00:00,501202068,11,0,7,1,0
03:00:00,501202070,7,1,9,1,0
03:00:00,501202078,2,0,23,1,0
03:00:00,501202080,4,0,22,1,0
03:00:00,501202081,7,0,16,1,0
03:00:00,501202082,7,2,16,1,0
03:00:00,501202083,15,0,9,1,0
03:00:00,501202084,11,1,12,1,0
03:00:00,501202085,6,0,29,1,0
03:00:00,501202088,4,2,26,1,0
03:00:00,501202089,2,0,27,1,0
03:00:00,501202096,4,0,11,1,0
03:00:00,501203001,0,0,19,1,0
03:00:00,501203002,1,0,21,1,0
03:00:00,501203003,0,0,93,1,0
03:00:00,501203005,10,0,10,1,0
03:00:00,501203006,4,0,11,1,0
03:00:00,501203007,11,0,3,1,0
03:00:00,501203008,7,2,9,1,0
03:00:00,501203010,20,2,13,1,0
03:00:00,501203011,30,6,8,1,0
03:00:00,501203012,9,0,8,1,0
03:00:00,501203013,2,0,21,1,0
03:00:00,501203015,12,3,0,1,0
03:00:00,501203020,15,0,4,1,0
03:00:00,501203022,8,1,11,1,0
03:00:00,501203023,4,1,14,1,0
03:00:00,501203028,18,0,7,1,0
03:00:00,501203040,3,1,20,1,0
03:00:00,501203045,11,1,7,1,0
03:00:00,501203050,47,0,13,1,0
03:00:00,501203051,17,0,7,1,0
03:00:00,501203053,0,0,26,1,0
03:00:00,501203054,2,2,20,1,0
03:00:00,501203064,7,1,8,1,0
03:00:00,501203065,12,0,4,1,0
03:00:00,501203070,13,2,2,1,0
03:00:00,501203073,4,0,20,1,0
03:00:00,501203076,6,0,10,1,0
03:00:00,501203078,7,1,9,1,0
03:00:00,501203080,7,1,8,1,0
03:00:00,501203084,3,0,8,1,0
03:00:00,501203085,5,0,5,1,0
03:00:00,501203088,3,0,11,1,0
03:00:00,501203089,5,0,7,1,0
03:00:00,501203090,1,0,9,1,0
03:00:00,501203091,9,0,4,1,0
03:00:00,501203092,3,0,15,1,0
03:00:00,501203100,10,3,8,1,0
03:00:00,501203101,0,0,0,2,0
03:00:00,501203102,7,1,12,1,0
03:00:00,501203104,3,0,16,1,0
03:00:00,501203105,7,3,3,1,0
03:00:00,501203107,0,0,0,2,0
03:00:00,501203109,2,0,24,1,0
03:00:00,501203110,3,0,38,1,0
03:00:00,501203111,10,0,1,1,0
03:00:00,501203113,5,0,14,1,0
03:00:00,501203114,0,0,50,1,0
03:00:00,501203117,0,0,0,2,0
03:00:00,501203118,18,1,2,1,0
03:00:00,501203121,17,2,7,1,0
03:00:00,501203122,11,1,9,1,0
03:00:00,501203125,20,1,5,1,0
03:00:00,501203131,16,5,4,1,0
03:00:00,501203140,0,0,42,1,0
03:00:00,501203141,6,1,10,1,0
03:00:00,501203142,5,2,31,1,0
03:00:00,501203145,9,1,6,1,0
03:00:00,501203151,17,0,0,1,0
03:00:00,501203155,5,0,13,1,0
03:00:00,501203157,4,1,13,1,0
03:00:00,501203159,5,1,15,1,0
03:00:00,501203161,1,0,18,1,0
03:00:00,501203162,11,0,10,1,0
03:00:00,501203163,10,3,6,1,0
03:00:00,501204001,3,0,21,1,0
03:00:00,501204002,11,0,25,1,0
03:00:00,501204003,17,0,27,1,0
03:00:00,501204004,3,0,11,1,0
03:00:00,501204005,18,1,1,1,0
03:00:00,501204007,2,0,34,1,0
03:00:00,501204008,4,0,11,1,0
03:00:00,501204009,0,0,0,2,0
03:00:00,501204010,0,0,0,2,0
03:00:00,501204011,9,1,6,1,0
03:00:00,501204012,10,1,4,1,0
03:00:00,501204013,10,2,3,1,0
03:00:00,501204014,5,0,10,1,0
03:00:00,501204015,10,0,5,1,0
03:00:00,501204016,1,0,19,1,0
03:00:00,501204017,9,3,6,1,0
03:00:00,501204018,20,3,4,1,0
03:00:00,501204020,7,0,13,1,0
03:00:00,501204021,1,0,19,1,0
03:00:00,501204022,8,0,8,1,0
03:00:00,501204023,13,2,2,1,0
03:00:00,501204024,0,0,0,2,0
03:00:00,501204025,9,0,11,1,0
03:00:00,501205001,8,0,9,1,0
03:00:00,501205003,5,0,13,1,0
03:00:00,501205004,12,1,4,1,0
03:00:00,501205005,5,0,17,1,0
03:00:00,501205006,18,0,2,1,0
03:00:00,501205007,4,1,8,1,0
03:00:00,501205008,11,0,15,1,0
03:00:00,501205009,26,0,19,1,0
03:00:00,501205010,4,1,9,1,0
03:00:00,501205011,9,0,23,1,0
03:00:00,501205012,6,1,14,1,0
03:00:00,501205013,2,0,19,1,0
03:00:00,501205014,22,11,1,1,0
03:00:00,501205015,6,0,12,1,0
03:00:00,501205018,12,2,6,1,0
03:00:00,501205019,4,0,24,1,0
03:00:00,501205020,2,0,28,1,0
03:00:00,501205021,7,2,8,1,0
03:00:00,501205022,6,0,9,1,0
03:00:00,501205023,3,0,12,1,0
03:00:00,501205025,25,1,2,1,0
03:00:00,501205026,9,2,10,1,0
03:00:00,501205027,1,0,9,1,0
03:00:00,501205028,4,0,11,1,0
03:00:00,501205029,4,0,6,1,0
03:00:00,501205030,6,0,4,1,0
03:00:00,501205033,3,0,12,1,0
03:00:00,501205034,1,1,27,1,0
03:00:00,501205035,6,2,10,1,0
03:00:00,501205036,5,1,10,1,0
03:00:00,501205037,6,1,9,1,0
03:00:00,501205038,6,1,14,1,0
03:00:00,501205039,9,1,11,1,0
03:00:00,501205040,13,0,12,1,0
03:00:00,501205041,13,0,4,1,0
03:00:00,501205042,6,2,23,1,0
03:00:00,501208011,34,3,2,1,0
03:00:00,501208013,32,5,22,1,0
03:00:00,501208014,6,0,32,1,0
03:00:00,501208015,7,1,8,1,0
03:00:00,501208018,12,1,3,1,0
03:00:00,501208021,1,0,16,1,0
03:00:00,501208027,5,0,25,1,0
03:00:00,501208029,15,1,6,1,0
03:00:00,501208030,12,0,26,1,0
03:00:00,501208032,28,0,0,1,0
03:00:00,501208040,7,1,12,1,0
03:00:00,501208041,2,0,13,1,0
03:00:00,501208045,12,0,20,1,0
03:00:00,501208051,1,0,35,1,0
03:00:00,501208053,12,0,9,1,0
03:00:00,501208054,2,0,26,1,0
03:00:00,501208059,4,0,25,1,0
03:00:00,501208064,5,0,15,1,0
03:00:00,501208077,7,0,3,1,0
03:00:00,501208079,2,0,20,1,0
03:00:00,501208082,1,1,9,1,0
03:00:00,501208085,16,0,1,1,0
03:00:00,501208087,1,0,30,1,0
03:00:00,501208089,15,1,10,1,0
03:00:00,501208091,1,0,42,1,0
03:00:00,501208111,8,3,7,1,0
03:00:00,501208113,6,0,14,1,0
03:00:00,501208114,6,0,14,1,0
03:00:00,501208129,4,0,18,1,0
03:00:00,501208130,7,0,7,1,0
03:00:00,501209002,18,2,2,1,0
03:00:00,501209003,2,0,12,1,0
03:00:00,501209004,7,1,8,1,0
03:00:00,501209005,1,1,17,1,0
03:00:00,501209006,8,2,11,1,0
03:00:00,501209007,11,0,4,1,0
03:00:00,501209009,0,0,0,2,0
03:00:00,501209010,6,1,8,1,0
03:00:00,501209011,5,0,20,1,0
03:00:00,501209014,3,0,9,1,0
03:00:00,501209015,9,1,6,1,0
03:00:00,501209016,10,3,19,1,0
03:00:00,501209017,10,0,3,1,0
03:00:00,501209018,2,0,14,1,0
03:00:00,501209019,3,0,21,1,0
03:00:00,501209020,6,1,26,1,0
03:00:00,501209021,5,0,9,1,0
03:00:00,501209022,4,1,6,1,0
03:00:00,501209023,39,0,4,1,0
03:00:00,501209024,7,0,35,1,0
03:00:00,501209025,8,0,7,1,0
03:00:00,501209026,23,2,3,1,0
03:00:00,501209027,1,1,18,1,0
03:00:00,501209028,4,0,24,1,0
03:00:00,501209030,17,0,1,1,0
03:00:00,501209031,16,0,14,1,0
03:00:00,501209032,6,1,22,1,0
03:00:00,501209033,9,3,11,1,0
03:00:00,501209034,3,3,12,1,0
03:00:00,501209035,1,0,27,1,0
03:00:00,501209036,2,0,29,1,0
03:00:00,501209037,19,1,16,1,0
03:00:00,501209038,12,3,3,1,0
03:00:00,501209039,6,0,24,1,0
03:00:00,501209040,7,0,24,1,0
03:00:00,501209042,8,4,12,1,0
03:00:00,501209043,18,0,7,1,0
03:00:00,501209044,12,5,3,1,0
03:00:00,501209045,10,1,5,1,0
03:00:00,501209046,16,0,5,1,0
03:00:00,501209047,9,2,5,1,0
03:00:00,501209049,5,0,15,1,0
03:00:00,501209050,12,1,1,1,0
03:00:00,501209051,4,1,20,1,0
03:00:00,501209052,5,0,17,1,0
03:00:00,501209053,3,1,17,1,0
03:00:00,501209054,11,4,16,1,0
03:00:00,501209056,9,0,6,1,0
03:00:00,501209058,14,2,2,1,0
03:00:00,501209059,5,0,10,1,0
03:00:00,501209060,3,0,17,1,0
03:00:00,501209062,10,0,5,1,0
03:00:00,501209064,8,0,7,1,0
03:00:00,501209065,4,0,11,1,0
03:00:00,501209066,10,0,4,1,0
03:00:00,501209067,14,1,1,1,0
03:00:00,501209068,6,1,11,1,0
03:00:00,501209069,6,0,57,1,0
03:00:00,501209070,2,2,14,1,0
03:00:00,501209071,5,0,12,1,0
03:00:00,501209073,11,3,4,1,0
03:00:00,501209074,19,0,4,1,0
03:00:00,501209075,4,1,12,1,0
03:00:00,501209076,5,2,18,1,0
03:00:00,501209077,6,1,9,1,0
03:00:00,501209078,8,1,5,1,0
03:00:00,501209079,17,1,8,1,0
03:00:00,501209080,14,1,13,1,0
03:00:00,501209081,4,2,11,1,0
03:00:00,501209084,8,1,15,1,0
03:00:00,501209085,2,0,25,1,0
03:00:00,501209087,4,0,35,1,0
03:00:00,501209088,4,1,11,1,0
03:00:00,501209089,3,0,16,1,0
03:00:00,501209090,6,1,8,1,0
03:00:00,501209091,5,1,11,1,0
03:00:00,501209092,8,0,8,1,0
03:00:00,501209093,2,1,13,1,0
03:00:00,501209094,6,0,10,1,0
03:00:00,501209095,5,4,8,1,0
03:00:00,501209096,10,1,5,1,0
03:00:00,501209097,3,1,12,1,0
03:00:00,501209098,6,0,9,1,0
03:00:00,501209099,4,0,15,1,0
03:00:00,501209100,8,0,7,1,0
03:00:00,501209101,5,0,10,1,0
03:00:00,501209102,6,1,14,1,0
03:00:00,501209104,1,0,18,1,0
03:00:00,501209105,16,4,10,1,0
03:00:00,501209106,2,0,18,1,0
03:00:00,501211001,24,8,14,1,0
03:00:00,501211002,5,3,10,1,0
03:00:00,501211004,10,1,5,1,0
03:00:00,501211005,8,0,11,1,0
03:00:00,501211006,10,0,7,1,0
03:00:00,501211007,13,0,5,1,0
03:00:00,501211009,6,1,12,1,0
03:00:00,501211011,9,1,21,1,0
03:00:00,501211012,7,1,11,1,0
03:10:00,501201001,0,0,0,2,0
03:10:00,501201002,8,0,31,1,0
03:10:00,501201003,3,0,20,1,0
03:10:00,501201004,5,2,8,1,0
03:10:00,501201005,1,0,18,1,0
03:10:00,501201006,4,0,24,1,0
03:10:00,501201007,5,3,13,1,0
03:10:00,501201008,10,3,15,1,0
03:10:00,501201010,5,1,5,1,0
03:10:00,501201011,7,1,15,1,0
03:10:00,501201012,9,0,27,1,0
03:10:00,501201013,5,0,17,1,0
03:10:00,501201014,8,0,10,1,0
03:10:00,501201015,12,0,13,1,0
03:10:00,501201016,4,0,20,1,0
03:10:00,501201017,13,2,12,1,0
03:10:00,501201018,5,1,18,1,0
03:10:00,501201019,7,1,19,1,0
03:10:00,501201020,8,0,16,1,0
03:10:00,501201021,6,0,8,1,0
03:10:00,501201022,4,0,12,1,0
03:10:00,501201023,8,0,20,1,0
03:10:00,501201024,6,0,18,1,0
03:10:00,501201025,7,0,17,1,0
03:10:00,501201026,12,2,7,1,0
03:10:00,501201028,8,0,12,1,0
03:10:00,501201029,8,1,5,1,0
03:10:00,501201030,1,0,13,1,0
03:10:00,501201031,7,1,10,1,0
03:10:00,501202001,3,0,11,1,0
03:10:00,501202003,15,0,25,1,0
03:10:00,501202013,1,0,16,1,0
03:10:00,501202023,10,0,5,1,0
03:10:00,501202024,6,1,9,1,0
03:10:00,501202034,9,1,7,1,0
03:10:00,501202035,2,0,28,1,0
03:10:00,501202036,16,1,23,1,0
03:10:00,501202040,13,1,29,1,0
03:10:00,501202043,4,0,20,1,0
03:10:00,501202044,0,0,0,2,0
03:10:00,501202047,6,2,16,1,0
03:10:00,501202050,7,2,9,1,0
03:10:00,501202055,11,0,4,1,0
03:10:00,501202058,7,0,8,1,0
03:10:00,501202065,8,0,7,1,0
03:10:00,501202068,11,0,7,1,0
03:10:00,501202070,7,1,9,1,0
03:10:00,501202078,2,0,23,1,0
03:10:00,501202080,5,0,21,1,0
03:10:00,501202081,7,0,16,1,0
03:10:00,501202082,7,2,16,1,0
03:10:00,501202083,15,0,9,1,0
03:10:00,501202084,11,1,12,1,0
03:10:00,501202085,6,0,29,1,0
03:10:00,501202088,4,2,26,1,0
03:10:00,501202089,2,0,27,1,0
03:10:00,501202096,5,1,10,1,0
03:10:00,501203001,0,0,19,1,0
03:10:00,501203002,1,0,21,1,0
03:10:00,501203003,0,0,93,1,0
03:10:00,501203005,10,0,10,1,0
03:10:00,501203006,4,0,11,1,0
03:10:00,501203007,11,0,3,1,0
03:10:00,501203008,7,2,9,1,0
03:10:00,501203010,20,2,13,1,0
03:10:00,501203011,30,6,8,1,0
03:10:00,501203012,9,0,8,1,0
03:10:00,501203013,2,0,21,1,0
03:10:00,501203015,12,3,0,1,0
03:10:00,501203020,15,0,4,1,0
03:10:00,501203022,8,1,11,1,0
03:10:00,501203023,4,1,14,1,0
03:10:00,501203028,18,0,7,1,0
03:10:00,501203040,3,1,20,1,0
03:10:00,501203045,3,1,15,1,0
03:10:00,501203050,47,0,13,1,0
03:10:00,501203051,17,0,7,1,0
03:10:00,501203053,0,0,26,1,0
03:10:00,501203054,2,2,20,1,0
03:10:00,501203064,7,1,8,1,0
03:10:00,501203065,12,0,4,1,0
03:10:00,501203070,13,2,2,1,0
03:10:00,501203073,4,0,20,1,0
03:10:00,501203076,6,0,10,1,0
03:10:00,501203078,7,1,9,1,0
03:10:00,501203080,7,1,8,1,0
03:10:00,501203084,3,0,8,1,0
03:10:00,501203085,5,0,5,1,0
03:10:00,501203088,3,0,11,1,0
03:10:00,501203089,5,0,7,1,0
03:10:00,501203090,1,0,9,1,0
03:10:00,501203091,9,0,4,1,0
03:10:00,501203092,3,0,15,1,0
03:10:00,501203100,10,3,8,1,0
03:10:00,501203101,0,0,0,2,0
03:10:00,501203102,7,1,12,1,0
03:10:00,501203104,4,1,15,1,0
03:10:00,501203105,7,3,3,1,0
03:10:00,501203107,0,0,0,2,0
03:10:00,501203109,2,0,24,1,0
03:10:00,501203110,3,0,38,1,0
03:10:00,501203111,10,0,1,1,0
03:10:00,501203113,5,0,14,1,0
03:10:00,501203114,0,0,50,1,0
03:10:00,501203117,0,0,0,2,0
03:10:00,501203118,19,2,1,1,0
03:10:00,501203121,17,2,7,1,0
03:10:00,501203122,11,1,9,1,0
03:10:00,501203125,20,1,5,1,0
03:10:00,501203131,16,5,4,1,0
03:10:00,501203140,0,0,42,1,0
03:10:00,501203141,6,1,10,1,0
03:10:00,501203142,5,2,31,1,0
03:10:00,501203145,9,1,6,1,0
03:10:00,501203151,17,0,0,1,0
03:10:00,501203155,6,0,13,1,0
03:10:00,501203157,4,1,13,1,0
03:10:00,501203159,5,1,15,1,0
03:10:00,501203161,1,0,18,1,0
03:10:00,501203162,11,0,10,1,0
03:10:00,501203163,10,3,6,1,0
03:10:00,501204001,3,0,21,1,0
03:10:00,501204002,11,0,25,1,0
03:10:00,501204003,17,0,27,1,0
03:10:00,501204004,3,0,11,1,0
03:10:00,501204005,11,2,9,1,0
03:10:00,501204007,2,0,34,1,0
03:10:00,501204008,4,0,11,1,0
03:10:00,501204009,0,0,0,2,0
03:10:00,501204010,0,0,0,2,0
03:10:00,501204011,9,1,6,1,0
03:10:00,501204012,10,1,4,1,0
03:10:00,501204013,10,2,3,1,0
03:10:00,501204014,5,0,10,1,0
03:10:00,501204015,10,0,5,1,0
03:10:00,501204016,1,0,19,1,0
03:10:00,501204017,9,3,6,1,0
03:10:00,501204018,20,3,4,1,0
03:10:00,501204020,7,0,13,1,0
03:10:00,501204021,0,0,20,1,0
03:10:00,501204022,9,0,7,1,0
03:10:00,501204023,13,2,2,1,0
03:10:00,501204024,0,0,0,2,0
03:10:00,501204025,9,0,11,1,0
03:10:00,501205001,8,0,9,1,0
03:10:00,501205003,5,0,13,1,0
03:10:00,501205004,12,1,4,1,0
03:10:00,501205005,5,0,17,1,0
03:10:00,501205006,18,0,2,1,0
03:10:00,501205007,4,1,8,1,0
03:10:00,501205008,11,0,15,1,0
03:10:00,501205009,26,0,19,1,0
03:10:00,501205010,4,1,9,1,0
03:10:00,501205011,9,0,23,1,0
03:10:00,501205012,6,1,14,1,0
03:10:00,501205013,2,0,19,1,0
03:10:00,501205014,22,11,1,1,0
03:10:00,501205015,6,0,12,1,0
03:10:00,501205018,12,2,6,1,0
03:10:00,501205019,4,0,24,1,0
03:10:00,501205020,2,0,28,1,0
03:10:00,501205021,7,2,8,1,0
03:10:00,501205022,6,0,9,1,0
03:10:00,501205023,3,0,12,1,0
03:10:00,501205025,25,1,2,1,0
03:10:00,501205026,9,2,10,1,0
03:10:00,501205027,1,0,9,1,0
03:10:00,501205028,4,0,11,1,0
03:10:00,501205029,4,0,6,1,0
03:10:00,501205030,6,0,4,1,0
03:10:00,501205033,3,0,12,1,0
03:10:00,501205034,1,1,27,1,0
03:10:00,501205035,6,2,10,1,0
03:10:00,501205036,5,1,10,1,0
03:10:00,501205037,6,1,9,1,0
03:10:00,501205038,6,1,14,1,0
03:10:00,501205039,10,1,10,1,0
03:10:00,501205040,13,0,12,1,0
03:10:00,501205041,13,0,4,1,0
03:10:00,501205042,6,2,23,1,0
03:10:00,501208011,34,3,2,1,0
03:10:00,501208013,32,5,22,1,0
03:10:00,501208014,6,0,32,1,0
03:10:00,501208015,7,1,8,1,0
03:10:00,501208018,12,1,3,1,0
03:10:00,501208021,1,0,16,1,0
03:10:00,501208027,5,0,25,1,0
03:10:00,501208029,15,1,6,1,0
03:10:00,501208030,12,0,26,1,0
03:10:00,501208032,16,0,12,1,0
03:10:00,501208040,7,1,12,1,0
03:10:00,501208041,2,0,13,1,0
03:10:00,501208045,12,0,20,1,0
03:10:00,501208051,1,0,35,1,0
03:10:00,501208053,12,0,9,1,0
03:10:00,501208054,2,0,26,1,0
03:10:00,501208059,4,0,25,1,0
03:10:00,501208064,5,0,15,1,0
03:10:00,501208077,7,0,3,1,0
03:10:00,501208079,2,0,20,1,0
03:10:00,501208082,1,1,9,1,0
03:10:00,501208085,16,0,1,1,0
03:10:00,501208087,1,0,30,1,0
03:10:00,501208089,15,1,10,1,0
03:10:00,501208091,1,0,42,1,0
03:10:00,501208111,8,3,7,1,0
03:10:00,501208113,5,0,15,1,0
03:10:00,501208114,6,0,14,1,0
03:10:00,501208129,4,0,18,1,0
03:10:00,501208130,7,0,7,1,0
03:10:00,501209002,18,2,2,1,0
03:10:00,501209003,2,0,12,1,0
03:10:00,501209004,7,1,8,1,0
03:10:00,501209005,1,1,17,1,0
03:10:00,501209006,8,2,11,1,0
03:10:00,501209007,11,0,4,1,0
03:10:00,501209009,0,0,0,2,0
03:10:00,501209010,6,1,8,1,0
03:10:00,501209011,5,0,20,1,0
03:10:00,501209014,3,0,9,1,0
03:10:00,501209015,9,1,6,1,0
03:10:00,501209016,9,3,20,1,0
03:10:00,501209017,10,0,3,1,0
03:10:00,501209018,2,0,14,1,0
03:10:00,501209019,3,0,21,1,0
03:10:00,501209020,6,1,26,1,0
03:10:00,501209021,5,0,9,1,0
03:10:00,501209022,4,1,6,1,0
03:10:00,501209023,39,0,4,1,0
03:10:00,501209024,7,0,35,1,0
03:10:00,501209025,8,0,7,1,0
03:10:00,501209026,23,2,3,1,0
03:10:00,501209027,1,1,18,1,0
03:10:00,501209028,4,0,24,1,0
03:10:00,501209030,17,0,1,1,0
03:10:00,501209031,16,0,14,1,0
03:10:00,501209032,6,1,22,1,0
03:10:00,501209033,9,3,11,1,0
03:10:00,501209034,3,3,12,1,0
03:10:00,501209035,1,0,27,1,0
03:10:00,501209036,2,0,29,1,0
03:10:00,501209037,19,1,16,1,0
03:10:00,501209038,11,2,4,1,0
03:10:00,501209039,6,0,24,1,0
03:10:00,501209040,7,0,24,1,0
03:10:00,501209042,8,4,12,1,0
03:10:00,501209043,18,0,7,1,0
03:10:00,501209044,12,5,3,1,0
03:10:00,501209045,10,1,5,1,0
03:10:00,501209046,16,0,5,1,0
03:10:00,501209047,9,2,5,1,0
03:10:00,501209049,5,0,15,1,0
03:10:00,501209050,12,1,1,1,0
03:10:00,501209051,4,1,20,1,0
03:10:00,501209052,5,0,17,1,0
03:10:00,501209053,3,1,17,1,0
03:10:00,501209054,11,4,16,1,0
03:10:00,501209056,9,0,6,1,0
03:10:00,501209058,14,2,2,1,0
03:10:00,501209059,5,0,10,1,0
03:10:00,501209060,3,0,17,1,0
03:10:00,501209062,10,0,5,1,0
03:10:00,501209064,8,0,7,1,0
03:10:00,501209065,4,0,11,1,0
03:10:00,501209066,10,0,4,1,0
03:10:00,501209067,14,1,1,1,0
03:10:00,501209068,6,1,11,1,0
03:10:00,501209069,6,0,57,1,0
03:10:00,501209070,2,2,14,1,0
03:10:00,501209071,5,0,12,1,0
03:10:00,501209073,11,3,4,1,0
03:10:00,501209074,19,0,4,1,0
03:10:00,501209075,4,1,12,1,0
03:10:00,501209076,5,2,18,1,0
03:10:00,501209077,6,1,9,1,0
03:10:00,501209078,8,1,5,1,0
03:10:00,501209079,17,1,8,1,0
03:10:00,501209080,14,1,13,1,0
03:10:00,501209081,4,2,11,1,0
03:10:00,501209084,8,1,15,1,0
03:10:00,501209085,2,0,25,1,0
03:10:00,501209087,4,0,35,1,0
03:10:00,501209088,4,1,11,1,0
03:10:00,501209089,3,0,16,1,0
03:10:00,501209090,6,1,8,1,0
03:10:00,501209091,5,1,11,1,0
03:10:00,501209092,8,0,8,1,0
03:10:00,501209093,2,1,13,1,0
03:10:00,501209094,6,0,10,1,0
03:10:00,501209095,5,4,8,1,0
03:10:00,501209096,10,1,5,1,0
03:10:00,501209097,3,1,12,1,0
03:10:00,501209098,6,0,9,1,0
03:10:00,501209099,4,0,15,1,0
03:10:00,501209100,8,0,7,1,0
03:10:00,501209101,5,0,10,1,0
03:10:00,501209102,6,1,14,1,0
03:10:00,501209104,1,0,18,1,0
03:10:00,501209105,16,4,10,1,0
03:10:00,501209106,2,0,18,1,0
03:10:00,501211001,24,8,14,1,0
03:10:00,501211002,5,3,10,1,0
03:10:00,501211004,10,1,5,1,0
03:10:00,501211005,8,0,11,1,0
03:10:00,501211006,10,0,7,1,0
03:10:00,501211007,13,0,5,1,0
03:10:00,501211009,6,1,12,1,0
03:10:00,501211011,9,1,21,1,0
03:10:00,501211012,7,1,11,1,0
03:20:00,501201001,0,0,0,2,0
03:20:00,501201002,8,0,31,1,0
03:20:00,501201003,3,0,20,1,0
03:20:00,501201004,5,2,8,1,0
03:20:00,501201005,1,0,18,1,0
03:20:00,501201006,5,1,23,1,0
03:20:00,501201007,6,4,13,1,0
03:20:00,501201008,10,3,15,1,0
03:20:00,501201010,5,1,5,1,0
03:20:00,501201011,7,1,15,1,0
03:20:00,501201012,9,0,27,1,0
03:20:00,501201013,5,0,17,1,0
03:20:00,501201014,8,0,10,1,0
03:20:00,501201015,12,0,13,1,0
03:20:00,501201016,4,0,20,1,0
03:20:00,501201017,11,1,14,1,0
03:20:00,501201018,5,1,18,1,0
03:20:00,501201019,7,1,19,1,0
03:20:00,501201020,8,0,16,1,0
03:20:00,501201021,6,0,8,1,0
03:20:00,501201022,4,0,12,1,0
03:20:00,501201023,8,0,20,1,0
03:20:00,501201024,6,0,18,1,0
03:20:00,501201025,7,0,17,1,0
03:20:00,501201026,12,2,7,1,0
03:20:00,501201028,8,0,12,1,0
03:20:00,501201029,8,1,5,1,0
03:20:00,501201030,1,0,13,1,0
03:20:00,501201031,7,1,10,1,0
03:20:00,501202001,3,0,11,1,0
03:20:00,501202003,15,0,25,1,0
03:20:00,501202013,1,0,16,1,0
03:20:00,501202023,10,0,5,1,0
03:20:00,501202024,6,1,9,1,0
03:20:00,501202034,8,0,8,1,0
03:20:00,501202035,2,0,28,1,0
03:20:00,501202036,16,1,23,1,0
03:20:00,501202040,13,1,29,1,0
03:20:00,501202043,4,0,20,1,0
03:20:00,501202044,0,0,0,2,0
03:20:00,501202047,6,2,16,1,0
03:20:00,501202050,7,2,9,1,0
03:20:00,501202055,11,0,4,1,0
03:20:00,501202058,7,0,8,1,0
03:20:00,501202065,8,0,7,1,0
03:20:00,501202068,11,0,7,1,0
03:20:00,501202070,7,1,9,1,0
03:20:00,501202078,2,0,23,1,0
03:20:00,501202080,5,0,21,1,0
03:20:00,501202081,7,0,16,1,0
03:20:00,501202082,7,2,16,1,0
03:20:00,501202083,15,0,9,1,0
03:20:00,501202084,11,1,12,1,0
03:20:00,501202085,6,0,29,1,0
03:20:00,501202088,4,2,26,1,0
03:20:00,501202089,2,0,27,1,0
03:20:00,501202096,5,1,10,1,0
03:20:00,501203001,0,0,19,1,0
03:20:00,501203002,1,0,21,1,0
03:20:00,501203003,0,0,93,1,0
03:20:00,501203005,10,0,10,1,0
03:20:00,501203006,4,0,11,1,0
03:20:00,501203007,11,0,3,1,0
03:20:00,501203008,7,2,9,1,0
03:20:00,501203010,20,2,13,1,0
03:20:00,501203011,30,6,8,1,0
03:20:00,501203012,9,0,8,1,0
03:20:00,501203013,2,0,21,1,0
03:20:00,501203015,10,3,2,1,0
03:20:00,501203020,15,0,4,1,0
03:20:00,501203022,8,1,11,1,0
03:20:00,501203023,4,1,14,1,0
03:20:00,501203028,18,0,7,1,0
03:20:00,501203040,3,1,20,1,0
03:20:00,501203045,3,1,15,1,0
03:20:00,501203050,47,0,13,1,0
03:20:00,501203051,17,0,7,1,0
03:20:00,501203053,0,0,26,1,0
03:20:00,501203054,2,2,20,1,0
03:20:00,501203064,7,1,8,1,0
03:20:00,501203065,12,0,4,1,0
03:20:00,501203070,13,2,2,1,0
03:20:00,501203073,4,0,20,1,0
03:20:00,501203076,6,0,10,1,0
03:20:00,501203078,7,1,9,1,0
03:20:00,501203080,8,1,7,1,0
03:20:00,501203084,3,0,8,1,0
03:20:00,501203085,5,0,5,1,0
03:20:00,501203088,3,0,11,1,0
03:20:00,501203089,5,0,7,1,0
03:20:00,501203090,1,0,9,1,0
03:20:00,501203091,9,0,4,1,0
03:20:00,501203092,3,0,15,1,0
03:20:00,501203100,10,3,8,1,0
03:20:00,501203101,0,0,0,2,0
03:20:00,501203102,7,1,12,1,0
03:20:00,501203104,4,1,15,1,0
03:20:00,501203105,7,3,3,1,0
03:20:00,501203107,0,0,0,2,0
03:20:00,501203109,2,0,24,1,0
03:20:00,501203110,3,0,38,1,0
03:20:00,501203111,10,0,1,1,0
03:20:00,501203113,5,0,14,1,0
03:20:00,501203114,0,0,50,1,0
03:20:00,501203117,0,0,0,2,0
03:20:00,501203118,18,1,2,1,0
03:20:00,501203121,17,2,7,1,0
03:20:00,501203122,11,1,9,1,0
03:20:00,501203125,20,1,5,1,0
03:20:00,501203131,16,5,4,1,0
03:20:00,501203140,0,0,42,1,0
03:20:00,501203141,6,1,10,1,0
03:20:00,501203142,5,2,31,1,0
03:20:00,501203145,9,1,6,1,0
03:20:00,501203151,17,0,0,1,0
03:20:00,501203155,6,0,13,1,0
03:20:00,501203157,4,1,13,1,0
03:20:00,501203159,5,1,15,1,0
03:20:00,501203161,1,0,18,1,0
03:20:00,501203162,11,0,10,1,0
03:20:00,501203163,10,3,6,1,0
03:20:00,501204001,3,0,21,1,0
03:20:00,501204002,11,0,25,1,0
03:20:00,501204003,17,0,27,1,0
03:20:00,501204004,3,0,11,1,0
03:20:00,501204005,11,2,9,1,0
03:20:00,501204007,2,0,34,1,0
03:20:00,501204008,4,0,11,1,0
03:20:00,501204009,0,0,0,2,0
03:20:00,501204010,0,0,0,2,0
03:20:00,501204011,9,1,6,1,0
03:20:00,501204012,10,1,4,1,0
03:20:00,501204013,10,2,3,1,0
03:20:00,501204014,5,0,10,1,0
03:20:00,501204015,10,0,5,1,0
03:20:00,501204016,1,0,19,1,0
03:20:00,501204017,9,3,6,1,0
03:20:00,501204018,20,3,4,1,0
03:20:00,501204020,7,0,13,1,0
03:20:00,501204021,1,0,19,1,0
03:20:00,501204022,9,0,7,1,0
03:20:00,501204023,13,2,2,1,0
03:20:00,501204024,0,0,0,2,0
03:20:00,501204025,9,0,11,1,0
03:20:00,501205001,8,0,9,1,0
03:20:00,501205003,5,0,13,1,0
03:20:00,501205004,12,1,4,1,0
03:20:00,501205005,5,0,17,1,0
03:20:00,501205006,18,0,2,1,0
03:20:00,501205007,4,1,8,1,0
03:20:00,501205008,11,0,15,1,0
03:20:00,501205009,26,0,19,1,0
03:20:00,501205010,4,1,9,1,0
03:20:00,501205011,9,0,23,1,0
03:20:00,501205012,6,1,14,1,0
03:20:00,501205013,2,0,19,1,0
03:20:00,501205014,22,11,1,1,0
03:20:00,501205015,6,0,12,1,0
03:20:00,501205018,12,2,6,1,0
03:20:00,501205019,4,0,24,1,0
03:20:00,501205020,2,0,28,1,0
03:20:00,501205021,7,2,8,1,0
03:20:00,501205022,6,0,9,1,0
03:20:00,501205023,3,0,12,1,0
03:20:00,501205025,25,1,2,1,0
03:20:00,501205026,9,2,10,1,0
03:20:00,501205027,1,0,9,1,0
03:20:00,501205028,4,0,11,1,0
03:20:00,501205029,4,0,6,1,0
03:20:00,501205030,6,0,4,1,0
03:20:00,501205033,3,0,12,1,0
03:20:00,501205034,1,1,27,1,0
03:20:00,501205035,7,3,9,1,0
03:20:00,501205036,5,1,10,1,0
03:20:00,501205037,7,1,8,1,0
03:20:00,501205038,6,1,14,1,0
03:20:00,501205039,10,1,10,1,0
03:20:00,501205040,13,0,12,1,0
03:20:00,501205041,12,0,5,1,0
03:20:00,501205042,6,2,23,1,0
03:20:00,501208011,34,3,2,1,0
03:20:00,501208013,32,5,22,1,0
03:20:00,501208014,6,0,32,1,0
03:20:00,501208015,7,1,8,1,0
03:20:00,501208018,12,1,3,1,0
03:20:00,501208021,1,0,16,1,0
03:20:00,501208027,5,0,25,1,0
03:20:00,501208029,15,1,6,1,0
03:20:00,501208030,12,0,26,1,0
03:20:00,501208032,12,0,16,1,0
03:20:00,501208040,7,1,12,1,0
03:20:00,501208041,2,0,13,1,0
03:20:00,501208045,12,0,20,1,0
03:20:00,501208051,1,0,35,1,0
03:20:00,501208053,12,0,9,1,0
03:20:00,501208054,2,0,26,1,0
03:20:00,501208059,4,0,25,1,0
03:20:00,501208064,5,0,15,1,0
03:20:00,501208077,7,0,3,1,0
03:20:00,501208079,2,0,20,1,0
03:20:00,501208082,1,1,9,1,0
03:20:00,501208085,16,0,1,1,0
03:20:00,501208087,1,0,30,1,0
03:20:00,501208089,15,1,10,1,0
03:20:00,501208091,1,0,42,1,0
03:20:00,501208111,8,3,7,1,0
03:20:00,501208113,5,0,15,1,0
03:20:00,501208114,6,0,14,1,0
03:20:00,501208129,4,0,18,1,0
03:20:00,501208130,7,0,7,1,0
03:20:00,501209002,18,2,2,1,0
03:20:00,501209003,2,0,12,1,0
03:20:00,501209004,7,1,8,1,0
03:20:00,501209005,1,1,17,1,0
03:20:00,501209006,8,2,11,1,0
03:20:00,501209007,11,0,4,1,0
03:20:00,501209009,0,0,0,2,0
03:20:00,501209010,6,1,8,1,0
03:20:00,501209011,5,0,20,1,0
03:20:00,501209014,3,0,9,1,0
03:20:00,501209015,9,1,6,1,0
03:20:00,501209016,9,3,20,1,0
03:20:00,501209017,10,0,3,1,0
03:20:00,501209018,2,0,14,1,0
03:20:00,501209019,3,0,21,1,0
03:20:00,501209020,6,1,26,1,0
03:20:00,501209021,5,0,9,1,0
03:20:00,501209022,4,1,6,1,0
03:20:00,501209023,39,0,4,1,0
03:20:00,501209024,7,0,35,1,0
03:20:00,501209025,8,0,7,1,0
03:20:00,501209026,23,2,3,1,0
03:20:00,501209027,1,1,18,1,0
03:20:00,501209028,4,0,24,1,0
03:20:00,501209030,17,0,1,1,0
03:20:00,501209031,16,0,14,1,0
03:20:00,501209032,6,1,22,1,0
03:20:00,501209033,9,3,11,1,0
03:20:00,501209034,3,3,12,1,0
03:20:00,501209035,1,0,27,1,0
03:20:00,501209036,2,0,29,1,0
03:20:00,501209037,19,1,16,1,0
03:20:00,501209038,11,2,4,1,0
03:20:00,501209039,6,0,24,1,0
03:20:00,501209040,7,0,24,1,0
03:20:00,501209042,8,4,12,1,0
03:20:00,501209043,18,0,7,1,0
03:20:00,501209044,12,5,3,1,0
03:20:00,501209045,10,1,5,1,0
03:20:00,501209046,16,0,5,1,0
03:20:00,501209047,9,2,5,1,0
03:20:00,501209049,5,0,15,1,0
03:20:00,501209050,12,1,1,1,0
03:20:00,501209051,4,1,20,1,0
03:20:00,501209052,5,0,17,1,0
03:20:00,501209053,3,1,17,1,0
03:20:00,501209054,11,4,16,1,0
03:20:00,501209056,9,0,6,1,0
03:20:00,501209058,14,2,2,1,0
03:20:00,501209059,5,0,10,1,0
03:20:00,501209060,3,0,17,1,0
03:20:00,501209062,10,0,5,1,0
03:20:00,501209064,8,0,7,1,0
03:20:00,501209065,4,0,11,1,0
03:20:00,501209066,10,0,4,1,0
03:20:00,501209067,14,1,1,1,0
03:20:00,501209068,6,1,11,1,0
03:20:00,501209069,6,0,57,1,0
03:20:00,501209070,2,2,14,1,0
03:20:00,501209071,5,0,12,1,0
03:20:00,501209073,11,3,4,1,0
03:20:00,501209074,19,0,4,1,0
03:20:00,501209075,4,1,12,1,0
03:20:00,501209076,5,2,18,1,0
03:20:00,501209077,6,1,9,1,0
03:20:00,501209078,8,1,5,1,0
03:20:00,501209079,17,1,8,1,0
03:20:00,501209080,14,1,13,1,0
03:20:00,501209081,4,2,11,1,0
03:20:00,501209084,8,1,15,1,0
03:20:00,501209085,1,0,26,1,0
03:20:00,501209087,4,0,35,1,0
03:20:00,501209088,4,1,11,1,0
03:20:00,501209089,3,0,16,1,0
03:20:00,501209090,6,1,8,1,0
03:20:00,501209091,5,1,11,1,0
03:20:00,501209092,8,0,8,1,0
03:20:00,501209093,2,1,13,1,0
03:20:00,501209094,6,0,10,1,0
03:20:00,501209095,5,4,9,1,0
03:20:00,501209096,10,1,5,1,0
03:20:00,501209097,3,1,12,1,0
03:20:00,501209098,6,0,9,1,0
03:20:00,501209099,4,0,15,1,0
03:20:00,501209100,8,0,7,1,0
03:20:00,501209101,5,0,10,1,0
03:20:00,501209102,6,1,14,1,0
03:20:00,501209104,1,0,18,1,0
03:20:00,501209105,16,4,10,1,0
03:20:00,501209106,2,0,18,1,0
03:20:00,501211001,24,8,14,1,0
03:20:00,501211002,5,3,10,1,0
03:20:00,501211004,10,1,5,1,0
03:20:00,501211005,8,0,11,1,0
03:20:00,501211006,10,0,7,1,0
03:20:00,501211007,13,0,5,1,0
03:20:00,501211009,6,1,12,1,0
03:20:00,501211011,9,1,21,1,0
03:20:00,501211012,7,1,11,1,0
03:30:00,501201001,0,0,0,2,0
03:30:00,501201002,8,0,31,1,0
03:30:00,501201003,3,0,20,1,0
03:30:00,501201004,4,1,9,1,0
03:30:00,501201005,1,0,18,1,0
03:30:00,501201006,6,2,22,1,0
03:30:00,501201007,6,4,13,1,0
03:30:00,501201008,10,3,15,1,0
03:30:00,501201010,5,1,5,1,0
03:30:00,501201011,8,2,14,1,0
03:30:00,501201012,10,1,26,1,0
03:30:00,501201013,5,0,17,1,0
03:30:00,501201014,8,0,10,1,0
03:30:00,501201015,12,0,13,1,0
03:30:00,501201016,4,0,20,1,0
03:30:00,501201017,12,1,13,1,0
03:30:00,501201018,5,1,18,1,0
03:30:00,501201019,7,1,19,1,0
03:30:00,501201020,8,0,16,1,0
03:30:00,501201021,6,0,8,1,0
03:30:00,501201022,4,0,12,1,0
03:30:00,501201023,8,0,20,1,0
03:30:00,501201024,6,0,18,1,0
03:30:00,501201025,7,0,17,1,0
03:30:00,501201026,12,2,7,1,0
03:30:00,501201028,9,1,11,1,0
03:30:00,501201029,8,1,5,1,0
03:30:00,501201030,1,0,13,1,0
03:30:00,501201031,7,1,10,1,0
03:30:00,501202001,3,0,11,1,0
03:30:00,501202003,15,0,25,1,0
03:30:00,501202013,1,0,16,1,0
03:30:00,501202023,10,0,5,1,0
03:30:00,501202024,6,1,9,1,0
03:30:00,501202034,8,0,8,1,0
03:30:00,501202035,18,0,12,1,0
03:30:00,501202036,17,1,22,1,0
03:30:00,501202040,13,1,29,1,0
03:30:00,501202043,4,0,20,1,0
03:30:00,501202044,0,0,0,2,0
03:30:00,501202047,6,2,16,1,0
03:30:00,501202050,7,2,9,1,0
03:30:00,501202055,11,0,4,1,0
03:30:00,501202058,7,0,8,1,0
03:30:00,501202065,8,0,7,1,0
03:30:00,501202068,11,0,7,1,0
03:30:00,501202070,7,1,9,1,0
03:30:00,501202078,2,0,23,1,0
03:30:00,501202080,5,0,21,1,0
03:30:00,501202081,6,0,17,1,0
03:30:00,501202082,7,2,16,1,0
03:30:00,501202083,15,0,9,1,0
03:30:00,501202084,11,1,12,1,0
03:30:00,501202085,6,0,29,1,0
03:30:00,501202088,4,2,26,1,0
03:30:00,501202089,2,0,27,1,0
03:30:00,501202096,5,1,10,1,0
03:30:00,501203001,0,0,19,1,0
03:30:00,501203002,1,0,21,1,0
03:30:00,501203003,0,0,93,1,0
03:30:00,501203005,10,0,10,1,0
03:30:00,501203006,4,0,11,1,0
03:30:00,501203007,11,0,3,1,0
03:30:00,501203008,7,2,9,1,0
03:30:00,501203010,20,2,13,1,0
03:30:00,501203011,30,6,8,1,0
03:30:00,501203012,9,0,8,1,0
03:30:00,501203013,2,0,21,1,0
03:30:00,501203015,10,3,2,1,0
03:30:00,501203020,15,0,4,1,0
03:30:00,501203022,8,1,11,1,0
03:30:00,501203023,4,1,14,1,0
03:30:00,501203028,18,0,7,1,0
03:30:00,501203040,3,1,20,1,0
03:30:00,501203045,3,1,15,1,0
03:30:00,501203050,47,0,13,1,0
03:30:00,501203051,17,0,7,1,0
03:30:00,501203053,0,0,26,1,0
03:30:00,501203054,2,2,20,1,0
03:30:00,501203064,7,1,8,1,0
03:30:00,501203065,14,0,2,1,0
03:30:00,501203070,13,2,2,1,0
03:30:00,501203073,4,0,20,1,0
03:30:00,501203076,6,0,10,1,0
03:30:00,501203078,7,1,9,1,0
03:30:00,501203080,8,1,7,1,0
03:30:00,501203084,3,0,8,1,0
03:30:00,501203085,5,0,5,1,0
03:30:00,501203088,3,0,11,1,0
03:30:00,501203089,5,0,7,1,0
03:30:00,501203090,1,0,9,1,0
03:30:00,501203091,9,0,4,1,0
03:30:00,501203092,3,0,15,1,0
03:30:00,501203100,9,1,8,1,0
03:30:00,501203101,0,0,0,2,0
03:30:00,501203102,7,1,12,1,0
03:30:00,501203104,4,1,15,1,0
03:30:00,501203105,7,3,3,1,0
03:30:00,501203107,0,0,0,2,0
03:30:00,501203109,2,0,24,1,0
03:30:00,501203110,3,0,38,1,0
03:30:00,501203111,10,0,1,1,0
03:30:00,501203113,5,0,14,1,0
03:30:00,501203114,2,0,48,1,0
03:30:00,501203117,0,0,0,2,0
03:30:00,501203118,19,1,1,1,0
03:30:00,501203121,17,2,7,1,0
03:30:00,501203122,11,1,9,1,0
03:30:00,501203125,20,1,5,1,0
03:30:00,501203131,16,5,4,1,0
03:30:00,501203140,0,0,42,1,0
03:30:00,501203141,6,1,10,1,0
03:30:00,501203142,5,2,31,1,0
03:30:00,501203145,9,1,6,1,0
03:30:00,501203151,17,0,0,1,0
03:30:00,501203155,6,0,13,1,0
03:30:00,501203157,4,1,13,1,0
03:30:00,501203159,5,1,15,1,0
03:30:00,501203161,1,0,18,1,0
03:30:00,501203162,11,0,10,1,0
03:30:00,501203163,10,3,6,1,0
03:30:00,501204001,3,0,21,1,0
03:30:00,501204002,11,0,25,1,0
03:30:00,501204003,17,0,27,1,0
03:30:00,501204004,6,0,8,1,0
03:30:00,501204005,11,2,9,1,0
03:30:00,501204007,5,0,31,1,0
03:30:00,501204008,4,0,11,1,0
03:30:00,501204009,0,0,0,2,0
03:30:00,501204010,0,0,0,2,0
03:30:00,501204011,9,1,6,1,0
03:30:00,501204012,9,1,5,1,0
03:30:00,501204013,10,2,3,1,0
03:30:00,501204014,5,0,10,1,0
03:30:00,501204015,10,0,5,1,0
03:30:00,501204016,1,0,19,1,0
03:30:00,501204017,9,3,6,1,0
03:30:00,501204018,20,3,4,1,0
03:30:00,501204020,7,0,13,1,0
03:30:00,501204021,1,0,19,1,0
03:30:00,501204022,9,0,7,1,0
03:30:00,501204023,13,2,2,1,0
03:30:00,501204024,0,0,0,2,0
03:30:00,501204025,9,0,11,1,0
03:30:00,501205001,8,0,9,1,0
03:30:00,501205003,5,0,13,1,0
03:30:00,501205004,12,1,4,1,0
03:30:00,501205005,5,0,17,1,0
03:30:00,501205006,17,0,3,1,0
03:30:00,501205007,4,1,8,1,0
03:30:00,501205008,11,0,15,1,0
03:30:00,501205009,26,0,19,1,0
03:30:00,501205010,4,1,9,1,0
03:30:00,501205011,9,0,23,1,0
03:30:00,501205012,6,1,14,1,0
03:30:00,501205013,2,0,19,1,0
03:30:00,501205014,22,11,1,1,0
03:30:00,501205015,6,0,12,1,0
03:30:00,501205018,12,2,6,1,0
03:30:00,501205019,4,0,24,1,0
03:30:00,501205020,2,0,28,1,0
03:30:00,501205021,7,2,8,1,0
03:30:00,501205022,6,0,9,1,0
03:30:00,501205023,3,0,12,1,0
03:30:00,501205025,26,2,1,1,0
03:30:00,501205026,9,2,10,1,0
03:30:00,501205027,1,0,9,1,0
03:30:00,501205028,4,0,11,1,0
03:30:00,501205029,4,0,6,1,0
03:30:00,501205030,6,0,4,1,0
03:30:00,501205033,3,0,12,1,0
03:30:00,501205034,1,1,27,1,0
03:30:00,501205035,7,3,9,1,0
03:30:00,501205036,5,1,10,1,0
03:30:00,501205037,7,1,8,1,0
03:30:00,501205038,6,1,14,1,0
03:30:00,501205039,10,1,10,1,0
03:30:00,501205040,13,0,12,1,0
03:30:00,501205041,12,0,5,1,0
03:30:00,501205042,6,2,23,1,0
03:30:00,501208011,34,3,2,1,0
03:30:00,501208013,32,5,22,1,0
03:30:00,501208014,6,0,32,1,0
03:30:00,501208015,7,1,8,1,0
03:30:00,501208018,12,1,3,1,0
03:30:00,501208021,1,0,16,1,0
03:30:00,501208027,5,0,25,1,0
03:30:00,501208029,15,1,6,1,0
03:30:00,501208030,12,0,26,1,0
03:30:00,501208032,12,0,16,1,0
03:30:00,501208040,7,1,12,1,0
03:30:00,501208041,2,0,13,1,0
03:30:00,501208045,12,0,20,1,0
03:30:00,501208051,1,0,35,1,0
03:30:00,501208053,12,0,9,1,0
03:30:00,501208054,2,0,26,1,0
03:30:00,501208059,4,0,25,1,0
03:30:00,501208064,5,0,15,1,0
03:30:00,501208077,7,0,3,1,0
03:30:00,501208079,2,0,20,1,0
03:30:00,501208082,1,1,9,1,0
03:30:00,501208085,16,0,1,1,0
03:30:00,501208087,1,0,30,1,0
03:30:00,501208089,15,1,10,1,0
03:30:00,501208091,1,0,42,1,0
03:30:00,501208111,8,3,7,1,0
03:30:00,501208113,5,0,15,1,0
03:30:00,501208114,6,0,14,1,0
03:30:00,501208129,4,0,18,1,0
03:30:00,501208130,7,0,7,1,0
03:30:00,501209002,18,2,2,1,0
03:30:00,501209003,2,0,12,1,0
03:30:00,501209004,7,1,8,1,0
03:30:00,501209005,1,1,17,1,0
03:30:00,501209006,8,2,11,1,0
03:30:00,501209007,11,0,4,1,0
03:30:00,501209009,0,0,0,2,0
03:30:00,501209010,6,1,8,1,0
03:30:00,501209011,5,0,20,1,0
03:30:00,501209014,3,0,9,1,0
03:30:00,501209015,9,1,6,1,0
03:30:00,501209016,9,3,20,1,0
03:30:00,501209017,10,0,3,1,0
03:30:00,501209018,2,0,14,1,0
03:30:00,501209019,3,0,21,1,0
03:30:00,501209020,6,1,26,1,0
03:30:00,501209021,5,0,9,1,0
03:30:00,501209022,4,1,6,1,0
03:30:00,501209023,39,0,4,1,0
03:30:00,501209024,7,0,35,1,0
03:30:00,501209025,8,0,7,1,0
03:30:00,501209026,23,2,3,1,0
03:30:00,501209027,1,1,18,1,0
03:30:00,501209028,4,0,24,1,0
03:30:00,501209030,17,0,1,1,0
03:30:00,501209031,16,0,14,1,0
03:30:00,501209032,6,1,22,1,0
03:30:00,501209033,9,3,11,1,0
03:30:00,501209034,3,3,12,1,0
03:30:00,501209035,1,0,27,1,0
03:30:00,501209036,2,0,29,1,0
03:30:00,501209037,19,1,16,1,0
03:30:00,501209038,12,3,3,1,0
03:30:00,501209039,6,0,24,1,0
03:30:00,501209040,7,0,24,1,0
03:30:00,501209042,8,4,12,1,0
03:30:00,501209043,18,0,7,1,0
03:30:00,501209044,12,5,3,1,0
03:30:00,501209045,10,1,5,1,0
03:30:00,501209046,16,0,5,1,0
03:30:00,501209047,9,2,5,1,0
03:30:00,501209049,5,0,15,1,0
03:30:00,501209050,12,1,1,1,0
03:30:00,501209051,4,1,20,1,0
03:30:00,501209052,5,0,17,1,0
03:30:00,501209053,3,1,17,1,0
03:30:00,501209054,11,4,16,1,0
03:30:00,501209056,9,0,6,1,0
03:30:00,501209058,14,2,2,1,0
03:30:00,501209059,5,0,10,1,0
03:30:00,501209060,3,0,17,1,0
03:30:00,501209062,10,0,5,1,0
03:30:00,501209064,8,0,7,1,0
03:30:00,501209065,4,0,11,1,0
03:30:00,501209066,10,0,4,1,0
03:30:00,501209067,14,1,1,1,0
03:30:00,501209068,6,1,11,1,0
03:30:00,501209069,6,0,57,1,0
03:30:00,501209070,2,2,14,1,0
03:30:00,501209071,5,0,12,1,0
03:30:00,501209073,11,3,4,1,0
03:30:00,501209074,19,0,4,1,0
03:30:00,501209075,4,1,12,1,0
03:30:00,501209076,5,2,18,1,0
03:30:00,501209077,6,1,9,1,0
03:30:00,501209078,8,1,5,1,0
03:30:00,501209079,17,1,8,1,0
03:30:00,501209080,14,1,13,1,0
03:30:00,501209081,4,2,11,1,0
03:30:00,501209084,8,1,15,1,0
03:30:00,501209085,1,0,26,1,0
03:30:00,501209087,4,0,35,1,0
03:30:00,501209088,4,1,11,1,0
03:30:00,501209089,3,0,16,1,0
03:30:00,501209090,6,1,8,1,0
03:30:00,501209091,5,1,11,1,0
03:30:00,501209092,8,0,8,1,0
03:30:00,501209093,2,1,13,1,0
03:30:00,501209094,6,0,10,1,0
03:30:00,501209095,6,5,8,1,0
03:30:00,501209096,10,1,5,1,0
03:30:00,501209097,3,1,12,1,0
03:30:00,501209098,6,0,9,1,0
03:30:00,501209099,4,0,15,1,0
03:30:00,501209100,8,0,7,1,0
03:30:00,501209101,5,0,10,1,0
03:30:00,501209102,6,1,14,1,0
03:30:00,501209104,1,0,18,1,0
03:30:00,501209105,16,4,10,1,0
03:30:00,501209106,2,0,18,1,0
03:30:00,501211001,24,8,14,1,0
03:30:00,501211002,5,3,10,1,0
03:30:00,501211004,10,1,5,1,0
03:30:00,501211005,8,0,11,1,0
03:30:00,501211006,10,0,7,1,0
03:30:00,501211007,13,0,5,1,0
03:30:00,501211009,6,1,12,1,0
03:30:00,501211011,9,1,21,1,0
03:30:00,501211012,7,1,11,1,0
03:40:00,501201001,0,0,0,2,0
03:40:00,501201002,8,0,31,1,0
03:40:00,501201003,3,0,20,1,0
03:40:00,501201004,4,1,9,1,0
03:40:00,501201005,1,0,18,1,0
03:40:00,501201006,7,2,21,1,0
03:40:00,501201007,6,4,13,1,0
03:40:00,501201008,10,3,15,1,0
03:40:00,501201010,5,1,5,1,0
03:40:00,501201011,8,2,14,1,0
03:40:00,501201012,10,1,26,1,0
03:40:00,501201013,5,0,17,1,0
03:40:00,501201014,8,0,10,1,0
03:40:00,501201015,12,0,13,1,0
03:40:00,501201016,4,0,20,1,0
03:40:00,501201017,12,1,13,1,0
03:40:00,501201018,5,1,18,1,0
03:40:00,501201019,7,1,19,1,0
03:40:00,501201020,8,0,16,1,0
03:40:00,501201021,6,0,8,1,0
03:40:00,501201022,4,0,12,1,0
03:40:00,501201023,8,0,20,1,0
03:40:00,501201024,6,0,18,1,0
03:40:00,501201025,7,0,17,1,0
03:40:00,501201026,12,2,7,1,0
03:40:00,501201028,9,1,11,1,0
03:40:00,501201029,8,1,5,1,0
03:40:00,501201030,1,0,13,1,0
03:40:00,501201031,7,1,10,1,0
03:40:00,501202001,3,0,11,1,0
03:40:00,501202003,15,0,25,1,0
03:40:00,501202013,1,0,16,1,0
03:40:00,501202023,9,0,6,1,0
03:40:00,501202024,6,1,9,1,0
03:40:00,501202034,8,0,8,1,0
03:40:00,501202035,18,0,12,1,0
03:40:00,501202036,17,1,22,1,0
03:40:00,501202040,13,1,29,1,0
03:40:00,501202043,4,0,20,1,0
03:40:00,501202044,0,0,0,2,0
03:40:00,501202047,6,2,16,1,0
03:40:00,501202050,7,2,9,1,0
03:40:00,501202055,11,0,4,1,0
03:40:00,501202058,7,0,8,1,0
03:40:00,501202065,8,0,7,1,0
03:40:00,501202068,11,0,7,1,0
03:40:00,501202070,7,1,9,1,0
03:40:00,501202078,2,0,23,1,0
03:40:00,501202080,5,0,21,1,0
03:40:00,501202081,6,0,17,1,0
03:40:00,501202082,7,2,16,1,0
03:40:00,501202083,15,0,9,1,0
03:40:00,501202084,11,1,12,1,0
03:40:00,501202085,6,0,29,1,0
03:40:00,501202088,4,2,26,1,0
03:40:00,501202089,2,0,27,1,0
03:40:00,501202096,5,1,10,1,0
03:40:00,501203001,0,0,19,1,0
03:40:00,501203002,1,0,21,1,0
03:40:00,501203003,0,0,93,1,0
03:40:00,501203005,10,0,10,1,0
03:40:00,501203006,4,0,11,1,0
03:40:00,501203007,11,0,3,1,0
03:40:00,501203008,7,2,9,1,0
03:40:00,501203010,20,2,13,1,0
03:40:00,501203011,30,6,8,1,0
03:40:00,501203012,9,0,8,1,0
03:40:00,501203013,2,0,21,1,0
03:40:00,501203015,10,3,2,1,0
03:40:00,501203020,15,0,4,1,0
03:40:00,501203022,8,1,11,1,0
03:40:00,501203023,4,1,14,1,0
03:40:00,501203028,18,0,7,1,0
03:40:00,501203040,3,1,20,1,0
03:40:00,501203045,3,1,15,1,0
03:40:00,501203050,47,0,13,1,0
03:40:00,501203051,17,0,7,1,0
03:40:00,501203053,0,0,26,1,0
03:40:00,501203054,2,2,20,1,0
03:40:00,501203064,7,1,8,1,0
03:40:00,501203065,15,0,1,1,0
03:40:00,501203070,13,2,2,1,0
03:40:00,501203073,4,0,20,1,0
03:40:00,501203076,6,0,10,1,0
03:40:00,501203078,7,0,9,1,0
03:40:00,501203080,8,1,7,1,0
03:40:00,501203084,3,0,8,1,0
03:40:00,501203085,5,0,5,1,0
03:40:00,501203088,3,0,11,1,0
03:40:00,501203089,5,0,7,1,0
03:40:00,501203090,1,0,9,1,0
03:40:00,501203091,9,0,4,1,0
03:40:00,501203092,3,0,15,1,0
03:40:00,501203100,9,1,8,1,0
03:40:00,501203101,0,0,0,2,0
03:40:00,501203102,7,1,12,1,0
03:40:00,501203104,4,1,15,1,0
03:40:00,501203105,7,3,3,1,0
03:40:00,501203107,0,0,0,2,0
03:40:00,501203109,2,0,24,1,0
03:40:00,501203110,3,0,38,1,0
03:40:00,501203111,10,0,1,1,0
03:40:00,501203113,5,0,14,1,0
03:40:00,501203114,2,0,48,1,0
03:40:00,501203117,0,0,0,2,0
03:40:00,501203118,19,1,1,1,0
03:40:00,501203121,17,2,7,1,0
03:40:00,501203122,11,1,9,1,0
03:40:00,501203125,20,1,5,1,0
03:40:00,501203131,16,5,4,1,0
03:40:00,501203140,0,0,42,1,0
03:40:00,501203141,6,1,10,1,0
03:40:00,501203142,5,2,31,1,0
03:40:00,501203145,9,1,6,1,0
03:40:00,501203151,17,0,0,1,0
03:40:00,501203155,6,0,13,1,0
03:40:00,501203157,4,1,13,1,0
03:40:00,501203159,5,1,15,1,0
03:40:00,501203161,1,0,18,1,0
03:40:00,501203162,11,0,10,1,0
03:40:00,501203163,10,3,6,1,0
03:40:00,501204001,3,0,21,1,0
03:40:00,501204002,11,0,25,1,0
03:40:00,501204003,17,0,27,1,0
03:40:00,501204004,6,0,8,1,0
03:40:00,501204005,11,2,9,1,0
03:40:00,501204007,5,0,31,1,0
03:40:00,501204008,4,0,11,1,0
03:40:00,501204009,0,0,0,2,0
03:40:00,501204010,0,0,0,2,0
03:40:00,501204011,9,1,6,1,0
03:40:00,501204012,10,1,4,1,0
03:40:00,501204013,10,2,3,1,0
03:40:00,501204014,5,0,10,1,0
03:40:00,501204015,10,0,5,1,0
03:40:00,501204016,6,0,14,1,0
03:40:00,501204017,9,3,6,1,0
03:40:00,501204018,17,3,7,1,0
03:40:00,501204020,7,0,13,1,0
03:40:00,501204021,1,0,19,1,0
03:40:00,501204022,9,0,7,1,0
03:40:00,501204023,13,2,2,1,0
03:40:00,501204024,0,0,0,2,0
03:40:00,501204025,9,0,11,1,0
03:40:00,501205001,8,0,9,1,0
03:40:00,501205003,5,0,13,1,0
03:40:00,501205004,12,1,4,1,0
03:40:00,501205005,5,0,17,1,0
03:40:00,501205006,15,0,5,1,0
03:40:00,501205007,4,1,8,1,0
03:40:00,501205008,11,0,15,1,0
03:40:00,501205009,26,0,19,1,0
03:40:00,501205010,4,1,9,1,0
03:40:00,501205011,9,0,23,1,0
03:40:00,501205012,6,1,14,1,0
03:40:00,501205013,2,0,19,1,0
03:40:00,501205014,22,11,1,1,0
03:40:00,501205015,6,0,12,1,0
03:40:00,501205018,12,2,6,1,0
03:40:00,501205019,4,0,24,1,0
03:40:00,501205020,2,0,28,1,0
03:40:00,501205021,7,2,8,1,0
03:40:00,501205022,6,0,9,1,0
03:40:00,501205023,3,0,12,1,0
03:40:00,501205025,26,2,1,1,0
03:40:00,501205026,9,2,10,1,0
03:40:00,501205027,1,0,9,1,0
03:40:00,501205028,4,0,11,1,0
03:40:00,501205029,4,0,6,1,0
03:40:00,501205030,6,0,4,1,0
03:40:00,501205033,3,0,12,1,0
03:40:00,501205034,1,1,27,1,0
03:40:00,501205035,7,3,9,1,0
03:40:00,501205036,5,1,10,1,0
03:40:00,501205037,7,1,8,1,0
03:40:00,501205038,6,1,14,1,0
03:40:00,501205039,10,1,10,1,0
03:40:00,501205040,13,0,12,1,0
03:40:00,501205041,12,0,5,1,0
03:40:00,501205042,6,2,23,1,0
03:40:00,501208011,32,3,4,1,0
03:40:00,501208013,32,5,22,1,0
03:40:00,501208014,6,0,32,1,0
03:40:00,501208015,7,1,8,1,0
03:40:00,501208018,12,1,3,1,0
03:40:00,501208021,1,0,16,1,0
03:40:00,501208027,5,0,25,1,0
03:40:00,501208029,15,1,6,1,0
03:40:00,501208030,12,0,26,1,0
03:40:00,501208032,12,0,16,1,0
03:40:00,501208040,7,1,12,1,0
03:40:00,501208041,2,0,13,1,0
03:40:00,501208045,12,0,20,1,0
03:40:00,501208051,1,0,35,1,0
03:40:00,501208053,12,0,9,1,0
03:40:00,501208054,2,0,26,1,0
03:40:00,501208059,4,0,25,1,0
03:40:00,501208064,5,0,15,1,0
03:40:00,501208077,7,0,3,1,0
03:40:00,501208079,2,0,20,1,0
03:40:00,501208082,1,1,9,1,0
03:40:00,501208085,16,0,1,1,0
03:40:00,501208087,1,0,30,1,0
03:40:00,501208089,15,1,10,1,0
03:40:00,501208091,1,0,42,1,0
03:40:00,501208111,8,3,7,1,0
03:40:00,501208113,5,0,15,1,0
03:40:00,501208114,6,0,14,1,0
03:40:00,501208129,4,0,18,1,0
03:40:00,501208130,7,0,7,1,0
03:40:00,501209002,18,2,2,1,0
03:40:00,501209003,2,0,12,1,0
03:40:00,501209004,7,1,8,1,0
03:40:00,501209005,1,1,17,1,0
03:40:00,501209006,8,2,11,1,0
03:40:00,501209007,11,0,4,1,0
03:40:00,501209009,0,0,0,2,0
03:40:00,501209010,6,1,8,1,0
03:40:00,501209011,5,0,20,1,0
03:40:00,501209014,3,0,9,1,0
03:40:00,501209015,9,1,6,1,0
03:40:00,501209016,9,3,20,1,0
03:40:00,501209017,10,0,3,1,0
03:40:00,501209018,2,0,14,1,0
03:40:00,501209019,3,0,21,1,0
03:40:00,501209020,6,1,26,1,0
03:40:00,501209021,5,0,9,1,0
03:40:00,501209022,4,1,6,1,0
03:40:00,501209023,39,0,4,1,0
03:40:00,501209024,7,0,35,1,0
03:40:00,501209025,8,0,7,1,0
03:40:00,501209026,23,2,3,1,0
03:40:00,501209027,1,1,18,1,0
03:40:00,501209028,4,0,24,1,0
03:40:00,501209030,17,0,1,1,0
03:40:00,501209031,16,0,14,1,0
03:40:00,501209032,6,1,22,1,0
03:40:00,501209033,9,3,11,1,0
03:40:00,501209034,3,3,12,1,0
03:40:00,501209035,1,0,27,1,0
03:40:00,501209036,2,0,29,1,0
03:40:00,501209037,19,1,16,1,0
03:40:00,501209038,12,3,3,1,0
03:40:00,501209039,6,0,24,1,0
03:40:00,501209040,7,0,24,1,0
03:40:00,501209042,8,4,12,1,0
03:40:00,501209043,18,0,7,1,0
03:40:00,501209044,12,5,3,1,0
03:40:00,501209045,10,1,5,1,0
03:40:00,501209046,16,0,5,1,0
03:40:00,501209047,9,2,5,1,0
03:40:00,501209049,5,0,15,1,0
03:40:00,501209050,12,1,1,1,0
03:40:00,501209051,4,1,20,1,0
03:40:00,501209052,5,0,17,1,0
03:40:00,501209053,3,1,17,1,0
03:40:00,501209054,11,4,16,1,0
03:40:00,501209056,9,0,6,1,0
03:40:00,501209058,14,2,2,1,0
03:40:00,501209059,5,0,10,1,0
03:40:00,501209060,3,0,17,1,0
03:40:00,501209062,10,0,5,1,0
03:40:00,501209064,8,0,7,1,0
03:40:00,501209065,4,0,11,1,0
03:40:00,501209066,10,0,4,1,0
03:40:00,501209067,14,1,1,1,0
03:40:00,501209068,6,1,11,1,0
03:40:00,501209069,6,0,57,1,0
03:40:00,501209070,2,2,14,1,0
03:40:00,501209071,5,0,12,1,0
03:40:00,501209073,11,3,4,1,0
03:40:00,501209074,19,0,4,1,0
03:40:00,501209075,4,1,12,1,0
03:40:00,501209076,5,2,18,1,0
03:40:00,501209077,6,1,9,1,0
03:40:00,501209078,8,1,5,1,0
03:40:00,501209079,17,1,8,1,0
03:40:00,501209080,14,1,13,1,0
03:40:00,501209081,4,2,11,1,0
03:40:00,501209084,8,1,15,1,0
03:40:00,501209085,1,0,26,1,0
03:40:00,501209087,4,0,35,1,0
03:40:00,501209088,4,1,11,1,0
03:40:00,501209089,3,0,16,1,0
03:40:00,501209090,6,1,8,1,0
03:40:00,501209091,5,1,11,1,0
03:40:00,501209092,8,0,8,1,0
03:40:00,501209093,2,1,13,1,0
03:40:00,501209094,6,0,10,1,0
03:40:00,501209095,6,5,8,1,0
03:40:00,501209096,10,1,5,1,0
03:40:00,501209097,3,1,12,1,0
03:40:00,501209098,6,0,9,1,0
03:40:00,501209099,4,0,15,1,0
03:40:00,501209100,8,0,7,1,0
03:40:00,501209101,5,0,10,1,0
03:40:00,501209102,6,1,14,1,0
03:40:00,501209104,1,0,18,1,0
03:40:00,501209105,16,4,10,1,0
03:40:00,501209106,2,0,18,1,0
03:40:00,501211001,24,8,14,1,0
03:40:00,501211002,5,3,10,1,0
03:40:00,501211004,10,1,5,1,0
03:40:00,501211005,8,0,11,1,0
03:40:00,501211006,10,0,7,1,0
03:40:00,501211007,13,0,5,1,0
03:40:00,501211009,6,1,12,1,0
03:40:00,501211011,9,1,21,1,0
03:40:00,501211012,7,1,11,1,0
03:50:00,501201001,0,0,0,2,0
03:50:00,501201002,9,0,30,1,0
03:50:00,501201003,3,0,20,1,0
03:50:00,501201004,4,1,9,1,0
03:50:00,501201005,1,0,18,1,0
03:50:00,501201006,7,2,21,1,0
03:50:00,501201007,6,4,13,1,0
03:50:00,501201008,10,3,15,1,0
03:50:00,501201010,5,1,5,1,0
03:50:00,501201011,8,2,14,1,0
03:50:00,501201012,10,1,26,1,0
03:50:00,501201013,5,0,17,1,0
03:50:00,501201014,8,0,10,1,0
03:50:00,501201015,12,0,13,1,0
03:50:00,501201016,4,0,20,1,0
03:50:00,501201017,11,0,14,1,0
03:50:00,501201018,5,1,18,1,0
03:50:00,501201019,7,1,19,1,0
03:50:00,501201020,8,0,16,1,0
03:50:00,501201021,6,0,8,1,0
03:50:00,501201022,4,0,12,1,0
03:50:00,501201023,8,0,20,1,0
03:50:00,501201024,6,0,18,1,0
03:50:00,501201025,7,0,17,1,0
03:50:00,501201026,12,2,7,1,0
03:50:00,501201028,9,1,11,1,0
03:50:00,501201029,8,1,5,1,0
03:50:00,501201030,1,0,13,1,0
03:50:00,501201031,8,1,9,1,0
03:50:00,501202001,3,0,11,1,0
03:50:00,501202003,15,0,25,1,0
03:50:00,501202013,1,0,16,1,0
03:50:00,501202023,9,0,6,1,0
03:50:00,501202024,6,1,9,1,0
03:50:00,501202034,8,0,8,1,0
03:50:00,501202035,18,0,12,1,0
03:50:00,501202036,17,1,22,1,0
03:50:00,501202040,13,1,29,1,0
03:50:00,501202043,4,0,20,1,0
03:50:00,501202044,0,0,0,2,0
03:50:00,501202047,6,2,16,1,0
03:50:00,501202050,7,2,9,1,0
03:50:00,501202055,11,0,4,1,0
03:50:00,501202058,7,0,8,1,0
03:50:00,501202065,8,0,7,1,0
03:50:00,501202068,11,0,7,1,0
03:50:00,501202070,7,1,9,1,0
03:50:00,501202078,2,0,23,1,0
03:50:00,501202080,5,0,21,1,0
03:50:00,501202081,6,0,17,1,0
03:50:00,501202082,7,2,16,1,0
03:50:00,501202083,15,0,9,1,0
03:50:00,501202084,11,1,12,1,0
03:50:00,501202085,6,0,29,1,0
03:50:00,501202088,4,2,26,1,0
03:50:00,501202089,2,0,27,1,0
03:50:00,501202096,5,1,10,1,0
03:50:00,501203001,0,0,19,1,0
03:50:00,501203002,1,0,21,1,0
03:50:00,501203003,0,0,93,1,0
03:50:00,501203005,10,0,10,1,0
03:50:00,501203006,4,0,11,1,0
03:50:00,501203007,11,0,3,1,0
03:50:00,501203008,7,2,9,1,0
03:50:00,501203010,20,2,13,1,0
03:50:00,501203011,30,6,8,1,0
03:50:00,501203012,9,0,8,1,0
03:50:00,501203013,2,0,21,1,0
03:50:00,501203015,10,3,2,1,0
03:50:00,501203020,15,0,4,1,0
03:50:00,501203022,8,1,11,1,0
03:50:00,501203023,4,1,14,1,0
03:50:00,501203028,18,0,7,1,0
03:50:00,501203040,3,1,20,1,0
03:50:00,501203045,3,1,15,1,0
03:50:00,501203050,47,0,13,1,0
03:50:00,501203051,17,0,7,1,0
03:50:00,501203053,0,0,26,1,0
03:50:00,501203054,2,2,20,1,0
03:50:00,501203064,7,1,8,1,0
03:50:00,501203065,15,0,1,1,0
03:50:00,501203070,13,2,2,1,0
03:50:00,501203073,4,0,20,1,0
03:50:00,501203076,6,0,10,1,0
03:50:00,501203078,7,0,9,1,0
03:50:00,501203080,8,1,7,1,0
03:50:00,501203084,3,0,8,1,0
03:50:00,501203085,5,0,5,1,0
03:50:00,501203088,3,0,11,1,0
03:50:00,501203089,5,0,7,1,0
03:50:00,501203090,1,0,9,1,0
03:50:00,501203091,10,1,3,1,0
03:50:00,501203092,3,0,15,1,0
03:50:00,501203100,9,1,8,1,0
03:50:00,501203101,0,0,0,2,0
03:50:00,501203102,7,1,12,1,0
03:50:00,501203104,4,1,15,1,0
03:50:00,501203105,7,3,3,1,0
03:50:00,501203107,0,0,0,2,0
03:50:00,501203109,2,0,24,1,0
03:50:00,501203110,3,0,38,1,0
03:50:00,501203111,10,0,1,1,0
03:50:00,501203113,5,0,14,1,0
03:50:00,501203114,2,0,48,1,0
03:50:00,501203117,0,0,0,2,0
03:50:00,501203118,19,1,1,1,0
03:50:00,501203121,17,2,7,1,0
03:50:00,501203122,11,1,9,1,0
03:50:00,501203125,20,1,5,1,0
03:50:00,501203131,16,5,4,1,0
03:50:00,501203140,0,0,42,1,0
03:50:00,501203141,6,1,10,1,0
03:50:00,501203142,5,2,31,1,0
03:50:00,501203145,9,1,6,1,0
03:50:00,501203151,17,0,0,1,0
03:50:00,501203155,6,0,13,1,0
03:50:00,501203157,4,1,13,1,0
03:50:00,501203159,5,1,15,1,0
03:50:00,501203161,1,0,18,1,0
03:50:00,501203162,11,0,10,1,0
03:50:00,501203163,10,3,6,1,0
03:50:00,501204001,3,0,21,1,0
03:50:00,501204002,10,0,26,1,0
03:50:00,501204003,17,0,27,1,0
03:50:00,501204004,6,0,8,1,0
03:50:00,501204005,11,2,9,1,0
03:50:00,501204007,5,0,31,1,0
03:50:00,501204008,4,0,11,1,0
03:50:00,501204009,0,0,0,2,0
03:50:00,501204010,0,0,0,2,0
03:50:00,501204011,9,1,6,1,0
03:50:00,501204012,10,1,4,1,0
03:50:00,501204013,10,2,3,1,0
03:50:00,501204014,5,0,10,1,0
03:50:00,501204015,10,0,5,1,0
03:50:00,501204016,6,0,14,1,0
03:50:00,501204017,9,3,6,1,0
03:50:00,501204018,17,3,7,1,0
03:50:00,501204020,7,0,13,1,0
03:50:00,501204021,6,0,14,1,0
03:50:00,501204022,9,0,7,1,0
03:50:00,501204023,13,2,2,1,0
03:50:00,501204024,0,0,0,2,0
03:50:00,501204025,9,0,11,1,0
03:50:00,501205001,8,0,9,1,0
03:50:00,501205003,5,0,13,1,0
03:50:00,501205004,12,1,4,1,0
03:50:00,501205005,5,0,17,1,0
03:50:00,501205006,15,0,5,1,0
03:50:00,501205007,4,1,8,1,0
03:50:00,501205008,11,0,15,1,0
03:50:00,501205009,26,0,19,1,0
03:50:00,501205010,4,1,9,1,0
03:50:00,501205011,9,0,23,1,0
03:50:00,501205012,6,1,14,1,0
03:50:00,501205013,2,0,19,1,0
03:50:00,501205014,22,11,1,1,0
03:50:00,501205015,6,0,12,1,0
03:50:00,501205018,13,2,5,1,0
03:50:00,501205019,4,0,24,1,0
03:50:00,501205020,2,0,28,1,0
03:50:00,501205021,7,2,8,1,0
03:50:00,501205022,6,0,9,1,0
03:50:00,501205023,3,0,12,1,0
03:50:00,501205025,26,2,1,1,0
03:50:00,501205026,8,1,11,1,0
03:50:00,501205027,1,0,9,1,0
03:50:00,501205028,4,0,11,1,0
03:50:00,501205029,4,0,6,1,0
03:50:00,501205030,6,0,4,1,0
03:50:00,501205033,3,0,12,1,0
03:50:00,501205034,1,1,27,1,0
03:50:00,501205035,7,3,9,1,0
03:50:00,501205036,5,1,10,1,0
03:50:00,501205037,7,1,8,1,0
03:50:00,501205038,6,1,14,1,0
03:50:00,501205039,10,1,10,1,0
03:50:00,501205040,13,0,12,1,0
03:50:00,501205041,12,0,5,1,0
03:50:00,501205042,6,2,23,1,0
03:50:00,501208011,18,4,19,1,0
03:50:00,501208013,32,5,22,1,0
03:50:00,501208014,6,0,32,1,0
03:50:00,501208015,7,1,8,1,0
03:50:00,501208018,12,1,3,1,0
03:50:00,501208021,1,0,16,1,0
03:50:00,501208027,5,0,25,1,0
03:50:00,501208029,15,1,6,1,0
03:50:00,501208030,12,0,26,1,0
03:50:00,501208032,12,0,16,1,0
03:50:00,501208040,7,1,12,1,0
03:50:00,501208041,2,0,13,1,0
03:50:00,501208045,12,0,20,1,0
03:50:00,501208051,1,0,35,1,0
03:50:00,501208053,12,0,9,1,0
03:50:00,501208054,2,0,26,1,0
03:50:00,501208059,4,0,25,1,0
03:50:00,501208064,5,0,15,1,0
03:50:00,501208077,7,0,3,1,0
03:50:00,501208079,2,0,20,1,0
03:50:00,501208082,1,1,9,1,0
03:50:00,501208085,16,0,1,1,0
03:50:00,501208087,1,0,30,1,0
03:50:00,501208089,15,1,10,1,0
03:50:00,501208091,1,0,42,1,0
03:50:00,501208111,8,3,7,1,0
03:50:00,501208113,5,0,15,1,0
03:50:00,501208114,6,0,14,1,0
03:50:00,501208129,4,0,18,1,0
03:50:00,501208130,7,0,7,1,0
03:50:00,501209002,18,2,2,1,0
03:50:00,501209003,2,0,12,1,0
03:50:00,501209004,7,1,8,1,0
03:50:00,501209005,1,1,17,1,0
03:50:00,501209006,8,2,11,1,0
03:50:00,501209007,12,0,3,1,0
03:50:00,501209009,0,0,0,2,0
03:50:00,501209010,6,1,8,1,0
03:50:00,501209011,5,0,20,1,0
03:50:00,501209014,3,0,9,1,0
03:50:00,501209015,9,1,6,1,0
03:50:00,501209016,9,3,20,1,0
03:50:00,501209017,10,0,3,1,0
03:50:00,501209018,2,0,14,1,0
03:50:00,501209019,3,0,21,1,0
03:50:00,501209020,6,1,26,1,0
03:50:00,501209021,5,0,9,1,0
03:50:00,501209022,4,1,6,1,0
03:50:00,501209023,39,0,4,1,0
03:50:00,501209024,7,0,35,1,0
03:50:00,501209025,8,0,7,1,0
03:50:00,501209026,23,2,3,1,0
03:50:00,501209027,1,1,18,1,0
03:50:00,501209028,4,0,24,1,0
03:50:00,501209030,17,0,1,1,0
03:50:00,501209031,16,0,14,1,0
03:50:00,501209032,6,1,22,1,0
03:50:00,501209033,9,3,11,1,0
03:50:00,501209034,3,3,12,1,0
03:50:00,501209035,1,0,27,1,0
03:50:00,501209036,2,0,29,1,0
03:50:00,501209037,19,1,16,1,0
03:50:00,501209038,13,4,3,1,0
03:50:00,501209039,6,0,24,1,0
03:50:00,501209040,7,0,24,1,0
03:50:00,501209042,8,4,12,1,0
03:50:00,501209043,18,0,7,1,0
03:50:00,501209044,12,5,3,1,0
03:50:00,501209045,10,1,5,1,0
03:50:00,501209046,16,0,5,1,0
03:50:00,501209047,9,2,5,1,0
03:50:00,501209049,5,0,15,1,0
03:50:00,501209050,12,1,1,1,0
03:50:00,501209051,4,1,20,1,0
03:50:00,501209052,5,0,17,1,0
03:50:00,501209053,3,1,17,1,0
03:50:00,501209054,11,4,16,1,0
03:50:00,501209056,9,0,6,1,0
03:50:00,501209058,14,2,2,1,0
03:50:00,501209059,5,0,10,1,0
03:50:00,501209060,3,0,17,1,0
03:50:00,501209062,10,0,5,1,0
03:50:00,501209064,8,0,7,1,0
03:50:00,501209065,4,0,11,1,0
03:50:00,501209066,10,0,4,1,0
03:50:00,501209067,14,1,1,1,0
03:50:00,501209068,6,1,11,1,0
03:50:00,501209069,6,0,57,1,0
03:50:00,501209070,2,2,14,1,0
03:50:00,501209071,5,0,12,1,0
03:50:00,501209073,11,3,4,1,0
03:50:00,501209074,19,0,4,1,0
03:50:00,501209075,4,1,12,1,0
03:50:00,501209076,5,2,18,1,0
03:50:00,501209077,6,1,9,1,0
03:50:00,501209078,8,1,5,1,0
03:50:00,501209079,17,1,8,1,0
03:50:00,501209080,14,1,13,1,0
03:50:00,501209081,4,2,11,1,0
03:50:00,501209084,8,1,15,1,0
03:50:00,501209085,1,0,26,1,0
03:50:00,501209087,4,0,35,1,0
03:50:00,501209088,4,1,11,1,0
03:50:00,501209089,3,0,16,1,0
03:50:00,501209090,6,1,8,1,0
03:50:00,501209091,5,1,11,1,0
03:50:00,501209092,8,0,8,1,0
03:50:00,501209093,2,1,13,1,0
03:50:00,501209094,6,0,10,1,0
03:50:00,501209095,6,5,8,1,0
03:50:00,501209096,10,1,5,1,0
03:50:00,501209097,3,1,12,1,0
03:50:00,501209098,6,0,9,1,0
03:50:00,501209099,4,0,15,1,0
03:50:00,501209100,8,0,7,1,0
03:50:00,501209101,5,0,10,1,0
03:50:00,501209102,6,1,14,1,0
03:50:00,501209104,1,0,18,1,0
03:50:00,501209105,16,4,10,1,0
03:50:00,501209106,2,0,18,1,0
03:50:00,501211001,24,8,14,1,0
03:50:00,501211002,5,3,10,1,0
03:50:00,501211004,10,1,5,1,0
03:50:00,501211005,8,0,11,1,0
03:50:00,501211006,10,0,7,1,0
03:50:00,501211007,13,0,5,1,0
03:50:00,501211009,6,1,12,1,0
03:50:00,501211011,9,1,21,1,0
03:50:00,501211012,7,1,11,1,0
04:00:00,501201001,0,0,0,2,0
04:00:00,501201002,9,0,30,1,0
04:00:00,501201003,3,0,20,1,0
04:00:00,501201004,4,1,9,1,0
04:00:00,501201005,1,0,18,1,0
04:00:00,501201006,7,2,21,1,0
04:00:00,501201007,6,4,13,1,0
04:00:00,501201008,10,3,15,1,0
04:00:00,501201010,5,1,5,1,0
04:00:00,501201011,8,2,14,1,0
04:00:00,501201012,10,1,26,1,0
04:00:00,501201013,5,0,17,1,0
04:00:00,501201014,8,0,10,1,0
04:00:00,501201015,12,0,13,1,0
04:00:00,501201016,3,0,21,1,0
04:00:00,501201017,10,0,15,1,0
04:00:00,501201018,5,1,18,1,0
04:00:00,501201019,7,1,19,1,0
04:00:00,501201020,8,0,16,1,0
04:00:00,501201021,6,0,8,1,0
04:00:00,501201022,4,0,12,1,0
04:00:00,501201023,8,0,20,1,0
04:00:00,501201024,6,0,18,1,0
04:00:00,501201025,7,0,17,1,0
04:00:00,501201026,12,2,7,1,0
04:00:00,501201028,9,1,11,1,0
04:00:00,501201029,8,1,5,1,0
04:00:00,501201030,1,0,13,1,0
04:00:00,501201031,8,1,9,1,0
04:00:00,501202001,3,0,11,1,0
04:00:00,501202003,15,0,25,1,0
04:00:00,501202013,1,0,16,1,0
04:00:00,501202023,9,0,6,1,0
04:00:00,501202024,6,1,9,1,0
04:00:00,501202034,8,0,8,1,0
04:00:00,501202035,18,0,12,1,0
04:00:00,501202036,17,1,22,1,0
04:00:00,501202040,13,1,29,1,0
04:00:00,501202043,4,0,20,1,0
04:00:00,501202044,0,0,0,2,0
04:00:00,501202047,6,2,16,1,0
04:00:00,501202050,7,2,9,1,0
04:00:00,501202055,11,0,4,1,0
04:00:00,501202058,7,0,8,1,0
04:00:00,501202065,8,0,7,1,0
04:00:00,501202068,11,0,7,1,0
04:00:00,501202070,7,1,9,1,0
04:00:00,501202078,2,0,23,1,0
04:00:00,501202080,5,0,21,1,0
04:00:00,501202081,6,0,17,1,0
04:00:00,501202082,7,2,16,1,0
04:00:00,501202083,15,0,9,1,0
04:00:00,501202084,11,1,12,1,0
04:00:00,501202085,6,0,29,1,0
04:00:00,501202088,4,2,26,1,0
04:00:00,501202089,2,0,27,1,0
04:00:00,501202096,5,1,10,1,0
04:00:00,501203001,0,0,19,1,0
04:00:00,501203002,1,0,21,1,0
04:00:00,501203003,0,0,93,1,0
04:00:00,501203005,10,0,10,1,0
04:00:00,501203006,4,0,11,1,0
04:00:00,501203007,11,0,3,1,0
04:00:00,501203008,7,2,9,1,0
04:00:00,501203010,20,2,13,1,0
04:00:00,501203011,30,6,8,1,0
04:00:00,501203012,9,0,8,1,0
04:00:00,501203013,2,0,21,1,0
04:00:00,501203015,10,3,2,1,0
04:00:00,501203020,15,0,4,1,0
04:00:00,501203022,8,1,11,1,0
04:00:00,501203023,4,1,14,1,0
04:00:00,501203028,18,0,7,1,0
04:00:00,501203040,3,1,20,1,0
04:00:00,501203045,3,1,15,1,0
04:00:00,501203050,47,0,13,1,0
04:00:00,501203051,17,0,7,1,0
04:00:00,501203053,0,0,26,1,0
04:00:00,501203054,2,2,20,1,0
04:00:00,501203064,7,1,8,1,0
04:00:00,501203065,15,0,1,1,0
04:00:00,501203070,13,2,2,1,0
04:00:00,501203073,4,0,20,1,0
04:00:00,501203076,6,0,10,1,0
04:00:00,501203078,7,0,9,1,0
04:00:00,501203080,8,1,7,1,0
04:00:00,501203084,3,0,8,1,0
04:00:00,501203085,5,0,5,1,0
04:00:00,501203088,3,0,11,1,0
04:00:00,501203089,5,0,7,1,0
04:00:00,501203090,1,0,9,1,0
04:00:00,501203091,10,1,3,1,0
04:00:00,501203092,3,0,15,1,0
04:00:00,501203100,9,1,8,1,0
04:00:00,501203101,0,0,0,2,0
04:00:00,501203102,7,1,12,1,0
04:00:00,501203104,4,1,15,1,0
04:00:00,501203105,7,3,3,1,0
04:00:00,501203107,0,0,0,2,0
04:00:00,501203109,2,0,24,1,0
04:00:00,501203110,3,0,38,1,0
04:00:00,501203111,10,0,1,1,0
04:00:00,501203113,5,0,14,1,0
04:00:00,501203114,2,0,48,1,0
04:00:00,501203117,0,0,0,2,0
04:00:00,501203118,19,1,1,1,0
04:00:00,501203121,17,2,7,1,0
04:00:00,501203122,11,1,9,1,0
04:00:00,501203125,20,1,5,1,0
04:00:00,501203131,16,5,4,1,0
04:00:00,501203140,0,0,42,1,0
04:00:00,501203141,6,1,10,1,0
04:00:00,501203142,5,2,31,1,0
04:00:00,501203145,9,1,6,1,0
04:00:00,501203151,17,0,0,1,0
04:00:00,501203155,6,0,13,1,0
04:00:00,501203157,4,1,13,1,0
04:00:00,501203159,5,1,15,1,0
04:00:00,501203161,1,0,18,1,0
04:00:00,501203162,11,0,10,1,0
04:00:00,501203163,10,3,6,1,0
04:00:00,501204001,4,1,21,1,0
04:00:00,501204002,6,0,30,1,0
04:00:00,501204003,17,0,27,1,0
04:00:00,501204004,6,0,8,1,0
04:00:00,501204005,11,2,9,1,0
04:00:00,501204007,5,0,31,1,0
04:00:00,501204008,6,0,9,1,0
04:00:00,501204009,0,0,0,2,0
04:00:00,501204010,0,0,0,2,0
04:00:00,501204011,9,1,6,1,0
04:00:00,501204012,10,1,4,1,0
04:00:00,501204013,10,2,3,1,0
04:00:00,501204014,6,1,10,1,0
04:00:00,501204015,10,0,5,1,0
04:00:00,501204016,6,0,14,1,0
04:00:00,501204017,9,3,6,1,0
04:00:00,501204018,17,3,7,1,0
04:00:00,501204020,7,0,13,1,0
04:00:00,501204021,6,0,14,1,0
04:00:00,501204022,9,0,7,1,0
04:00:00,501204023,13,2,2,1,0
04:00:00,501204024,0,0,0,2,0
04:00:00,501204025,9,0,11,1,0
04:00:00,501205001,8,0,9,1,0
04:00:00,501205003,5,0,13,1,0
04:00:00,501205004,12,1,4,1,0
04:00:00,501205005,5,0,17,1,0
04:00:00,501205006,15,0,5,1,0
04:00:00,501205007,4,1,8,1,0
04:00:00,501205008,11,0,15,1,0
04:00:00,501205009,26,0,19,1,0
04:00:00,501205010,4,1,9,1,0
04:00:00,501205011,9,0,23,1,0
04:00:00,501205012,6,1,14,1,0
04:00:00,501205013,2,0,19,1,0
04:00:00,501205014,22,11,1,1,0
04:00:00,501205015,6,0,12,1,0
04:00:00,501205018,12,1,6,1,0
04:00:00,501205019,4,0,24,1,0
04:00:00,501205020,2,0,28,1,0
04:00:00,501205021,6,2,9,1,0
04:00:00,501205022,6,0,9,1,0
04:00:00,501205023,3,0,12,1,0
04:00:00,501205025,26,2,1,1,0
04:00:00,501205026,8,1,11,1,0
04:00:00,501205027,1,0,9,1,0
04:00:00,501205028,4,0,11,1,0
04:00:00,501205029,4,0,6,1,0
04:00:00,501205030,6,0,4,1,0
04:00:00,501205033,3,0,12,1,0
04:00:00,501205034,1,1,27,1,0
04:00:00,501205035,7,3,9,1,0
04:00:00,501205036,5,1,10,1,0
04:00:00,501205037,7,1,8,1,0
04:00:00,501205038,6,1,14,1,0
04:00:00,501205039,10,1,10,1,0
04:00:00,501205040,13,0,12,1,0
04:00:00,501205041,12,0,5,1,0
04:00:00,501205042,6,2,23,1,0
04:00:00,501208011,18,4,19,1,0
04:00:00,501208013,32,5,22,1,0
04:00:00,501208014,6,0,32,1,0
04:00:00,501208015,7,1,8,1,0
04:00:00,501208018,12,1,3,1,0
04:00:00,501208021,1,0,16,1,0
04:00:00,501208027,5,0,25,1,0
04:00:00,501208029,15,1,6,1,0
04:00:00,501208030,12,0,26,1,0
04:00:00,501208032,13,0,15,1,0
04:00:00,501208040,7,1,12,1,0
04:00:00,501208041,2,0,13,1,0
04:00:00,501208045,12,0,20,1,0
04:00:00,501208051,1,0,35,1,0
04:00:00,501208053,12,0,9,1,0
04:00:00,501208054,2,0,26,1,0
04:00:00,501208059,4,0,25,1,0
04:00:00,501208064,5,0,15,1,0
04:00:00,501208077,7,0,3,1,0
04:00:00,501208079,2,0,20,1,0
04:00:00,501208082,1,1,9,1,0
04:00:00,501208085,16,0,1,1,0
04:00:00,501208087,14,0,17,1,0
04:00:00,501208089,15,1,10,1,0
04:00:00,501208091,1,0,42,1,0
04:00:00,501208111,8,3,7,1,0
04:00:00,501208113,5,0,15,1,0
04:00:00,501208114,6,0,14,1,0
04:00:00,501208129,4,0,18,1,0
04:00:00,501208130,7,0,7,1,0
04:00:00,501209002,18,2,2,1,0
04:00:00,501209003,2,0,12,1,0
04:00:00,501209004,7,1,8,1,0
04:00:00,501209005,1,1,17,1,0
04:00:00,501209006,8,2,11,1,0
04:00:00,501209007,12,0,3,1,0
04:00:00,501209009,0,0,0,2,0
04:00:00,501209010,6,1,8,1,0
04:00:00,501209011,5,0,20,1,0
04:00:00,501209014,3,0,9,1,0
04:00:00,501209015,9,1,6,1,0
04:00:00,501209016,9,3,20,1,0
04:00:00,501209017,10,0,3,1,0
04:00:00,501209018,2,0,14,1,0
04:00:00,501209019,3,0,21,1,0
04:00:00,501209020,6,1,26,1,0
04:00:00,501209021,5,0,9,1,0
04:00:00,501209022,4,1,6,1,0
04:00:00,501209023,39,0,4,1,0
04:00:00,501209024,7,0,35,1,0
04:00:00,501209025,8,0,7,1,0
04:00:00,501209026,23,2,3,1,0
04:00:00,501209027,1,1,18,1,0
04:00:00,501209028,4,0,24,1,0
04:00:00,501209030,17,0,1,1,0
04:00:00,501209031,16,0,14,1,0
04:00:00,501209032,6,1,22,1,0
04:00:00,501209033,9,3,11,1,0
04:00:00,501209034,3,3,12,1,0
04:00:00,501209035,1,0,27,1,0
04:00:00,501209036,2,0,29,1,0
04:00:00,501209037,19,1,16,1,0
04:00:00,501209038,13,4,3,1,0
04:00:00,501209039,6,0,24,1,0
04:00:00,501209040,7,0,24,1,0
04:00:00,501209042,8,4,12,1,0
04:00:00,501209043,18,0,7,1,0
04:00:00,501209044,12,5,3,1,0
04:00:00,501209045,10,1,5,1,0
04:00:00,501209046,16,0,5,1,0
04:00:00,501209047,9,2,5,1,0
04:00:00,501209049,5,0,15,1,0
04:00:00,501209050,12,1,1,1,0
04:00:00,501209051,4,1,20,1,0
04:00:00,501209052,5,0,17,1,0
04:00:00,501209053,3,1,17,1,0
04:00:00,501209054,11,4,16,1,0
04:00:00,501209056,9,0,6,1,0
04:00:00,501209058,14,2,2,1,0
04:00:00,501209059,5,0,10,1,0
04:00:00,501209060,3,0,17,1,0
04:00:00,501209062,10,0,5,1,0
04:00:00,501209064,8,0,7,1,0
04:00:00,501209065,4,0,11,1,0
04:00:00,501209066,10,0,4,1,0
04:00:00,501209067,14,1,1,1,0
04:00:00,501209068,6,1,11,1,0
04:00:00,501209069,6,0,57,1,0
04:00:00,501209070,2,2,14,1,0
04:00:00,501209071,5,0,12,1,0
04:00:00,501209073,11,3,4,1,0
04:00:00,501209074,19,0,4,1,0
04:00:00,501209075,4,1,12,1,0
04:00:00,501209076,5,2,18,1,0
04:00:00,501209077,6,1,9,1,0
04:00:00,501209078,8,1,5,1,0
04:00:00,501209079,17,1,8,1,0
04:00:00,501209080,14,1,13,1,0
04:00:00,501209081,4,2,11,1,0
04:00:00,501209084,8,1,15,1,0
04:00:00,501209085,1,0,26,1,0
04:00:00,501209087,4,0,35,1,0
04:00:00,501209088,4,1,11,1,0
04:00:00,501209089,3,0,16,1,0
04:00:00,501209090,6,1,8,1,0
04:00:00,501209091,5,1,11,1,0
04:00:00,501209092,8,0,8,1,0
04:00:00,501209093,2,1,13,1,0
04:00:00,501209094,6,0,10,1,0
04:00:00,501209095,6,5,8,1,0
04:00:00,501209096,10,1,5,1,0
04:00:00,501209097,3,1,12,1,0
04:00:00,501209098,6,0,9,1,0
04:00:00,501209099,4,0,15,1,0
04:00:00,501209100,8,0,7,1,0
04:00:00,501209101,5,0,10,1,0
04:00:00,501209102,6,1,14,1,0
04:00:00,501209104,1,0,18,1,0
04:00:00,501209105,16,4,10,1,0
04:00:00,501209106,2,0,18,1,0
04:00:00,501211001,24,8,14,1,0
04:00:00,501211002,5,3,10,1,0
04:00:00,501211004,10,1,5,1,0
04:00:00,501211005,8,0,11,1,0
04:00:00,501211006,10,0,7,1,0
04:00:00,501211007,13,0,5,1,0
04:00:00,501211009,6,1,12,1,0
04:00:00,501211011,9,1,21,1,0
04:00:00,501211012,7,1,11,1,0
04:10:00,501201001,0,0,0,2,0
04:10:00,501201002,9,0,30,1,0
04:10:00,501201003,3,0,20,1,0
04:10:00,501201004,4,1,9,1,0
04:10:00,501201005,1,0,18,1,0
04:10:00,501201006,7,2,21,1,0
04:10:00,501201007,6,4,13,1,0
04:10:00,501201008,10,3,15,1,0
04:10:00,501201010,5,1,5,1,0
04:10:00,501201011,8,2,14,1,0
04:10:00,501201012,10,1,26,1,0
04:10:00,501201013,5,0,17,1,0
04:10:00,501201014,8,0,10,1,0
04:10:00,501201015,12,0,13,1,0
04:10:00,501201016,3,0,21,1,0
04:10:00,501201017,10,0,15,1,0
04:10:00,501201018,5,1,18,1,0
04:10:00,501201019,7,1,19,1,0
04:10:00,501201020,8,0,16,1,0
04:10:00,501201021,6,0,8,1,0
04:10:00,501201022,3,0,13,1,0
04:10:00,501201023,8,0,20,1,0
04:10:00,501201024,6,0,18,1,0
04:10:00,501201025,7,0,17,1,0
04:10:00,501201026,11,1,8,1,0
04:10:00,501201028,9,1,11,1,0
04:10:00,501201029,7,1,6,1,0
04:10:00,501201030,1,0,13,1,0
04:10:00,501201031,8,1,9,1,0
04:10:00,501202001,3,0,11,1,0
04:10:00,501202003,15,0,25,1,0
04:10:00,501202013,1,0,16,1,0
04:10:00,501202023,9,0,6,1,0
04:10:00,501202024,6,1,9,1,0
04:10:00,501202034,8,0,8,1,0
04:10:00,501202035,18,0,12,1,0
04:10:00,501202036,17,1,22,1,0
04:10:00,501202040,13,1,29,1,0
04:10:00,501202043,4,0,20,1,0
04:10:00,501202044,0,0,0,2,0
04:10:00,501202047,6,2,16,1,0
04:10:00,501202050,7,2,9,1,0
04:10:00,501202055,11,0,4,1,0
04:10:00,501202058,7,0,8,1,0
04:10:00,501202065,8,0,7,1,0
04:10:00,501202068,11,0,7,1,0
04:10:00,501202070,7,1,9,1,0
04:10:00,501202078,2,0,23,1,0
04:10:00,501202080,5,0,21,1,0
04:10:00,501202081,6,0,17,1,0
04:10:00,501202082,7,2,16,1,0
04:10:00,501202083,15,0,9,1,0
04:10:00,501202084,11,1,12,1,0
04:10:00,501202085,6,0,29,1,0
04:10:00,501202088,4,2,26,1,0
04:10:00,501202089,2,0,27,1,0
04:10:00,501202096,5,1,10,1,0
04:10:00,501203001,0,0,19,1,0
04:10:00,501203002,1,0,21,1,0
04:10:00,501203003,0,0,93,1,0
04:10:00,501203005,10,0,10,1,0
04:10:00,501203006,4,0,11,1,0
04:10:00,501203007,11,0,3,1,0
04:10:00,501203008,7,2,9,1,0
04:10:00,501203010,20,2,13,1,0
04:10:00,501203011,30,6,8,1,0
04:10:00,501203012,9,0,8,1,0
04:10:00,501203013,2,0,21,1,0
04:10:00,501203015,10,3,2,1,0
04:10:00,501203020,15,0,4,1,0
04:10:00,501203022,8,1,11,1,0
04:10:00,501203023,4,1,14,1,0
04:10:00,501203028,18,0,7,1,0
04:10:00,501203040,4,2,20,1,0
04:10:00,501203045,3,1,15,1,0
04:10:00,501203050,47,0,13,1,0
04:10:00,501203051,17,0,7,1,0
04:10:00,501203053,0,0,26,1,0
04:10:00,501203054,2,2,20,1,0
04:10:00,501203064,7,1,8,1,0
04:10:00,501203065,15,0,1,1,0
04:10:00,501203070,13,2,2,1,0
04:10:00,501203073,4,0,20,1,0
04:10:00,501203076,6,0,10,1,0
04:10:00,501203078,7,0,9,1,0
04:10:00,501203080,8,1,7,1,0
04:10:00,501203084,3,0,8,1,0
04:10:00,501203085,5,0,5,1,0
04:10:00,501203088,3,0,11,1,0
04:10:00,501203089,5,0,7,1,0
04:10:00,501203090,1,0,9,1,0
04:10:00,501203091,10,1,3,1,0
04:10:00,501203092,3,0,15,1,0
04:10:00,501203100,10,2,7,1,0
04:10:00,501203101,0,0,0,2,0
04:10:00,501203102,7,1,12,1,0
04:10:00,501203104,4,1,15,1,0
04:10:00,501203105,7,3,3,1,0
04:10:00,501203107,0,0,0,2,0
04:10:00,501203109,2,0,24,1,0
04:10:00,501203110,3,0,38,1,0
04:10:00,501203111,10,0,1,1,0
04:10:00,501203113,5,0,14,1,0
04:10:00,501203114,2,0,48,1,0
04:10:00,501203117,0,0,0,2,0
04:10:00,501203118,19,1,1,1,0
04:10:00,501203121,17,2,7,1,0
04:10:00,501203122,11,1,9,1,0
04:10:00,501203125,20,1,5,1,0
04:10:00,501203131,16,5,4,1,0
04:10:00,501203140,0,0,42,1,0
04:10:00,501203141,6,1,10,1,0
04:10:00,501203142,5,2,31,1,0
04:10:00,501203145,9,1,6,1,0
04:10:00,501203151,17,0,0,1,0
04:10:00,501203155,6,0,13,1,0
04:10:00,501203157,4,1,13,1,0
04:10:00,501203159,5,1,15,1,0
04:10:00,501203161,1,0,18,1,0
04:10:00,501203162,11,0,10,1,0
04:10:00,501203163,10,3,6,1,0
04:10:00,501204001,4,1,21,1,0
04:10:00,501204002,4,0,32,1,0
04:10:00,501204003,17,0,27,1,0
04:10:00,501204004,6,0,8,1,0
04:10:00,501204005,11,2,9,1,0
04:10:00,501204007,5,0,31,1,0
04:10:00,501204008,6,0,9,1,0
04:10:00,501204009,0,0,0,2,0
04:10:00,501204010,0,0,0,2,0
04:10:00,501204011,9,1,6,1,0
04:10:00,501204012,10,1,4,1,0
04:10:00,501204013,10,2,3,1,0
04:10:00,501204014,6,1,10,1,0
04:10:00,501204015,10,0,5,1,0
04:10:00,501204016,6,0,14,1,0
04:10:00,501204017,9,3,6,1,0
04:10:00,501204018,17,3,7,1,0
04:10:00,501204020,7,0,13,1,0
04:10:00,501204021,6,0,14,1,0
04:10:00,501204022,9,0,7,1,0
04:10:00,501204023,13,2,2,1,0
04:10:00,501204024,0,0,0,2,0
04:10:00,501204025,9,0,11,1,0
04:10:00,501205001,8,0,9,1,0
04:10:00,501205003,5,0,13,1,0
04:10:00,501205004,12,1,4,1,0
04:10:00,501205005,5,0,17,1,0
04:10:00,501205006,15,0,5,1,0
04:10:00,501205007,4,1,8,1,0
04:10:00,501205008,11,0,15,1,0
04:10:00,501205009,26,0,19,1,0
04:10:00,501205010,4,1,9,1,0
04:10:00,501205011,9,0,23,1,0
04:10:00,501205012,6,1,14,1,0
04:10:00,501205013,2,0,19,1,0
04:10:00,501205014,22,11,1,1,0
04:10:00,501205015,6,0,12,1,0
04:10:00,501205018,12,1,6,1,0
04:10:00,501205019,4,0,24,1,0
04:10:00,501205020,2,0,28,1,0
04:10:00,501205021,6,2,9,1,0
04:10:00,501205022,6,0,9,1,0
04:10:00,501205023,3,0,12,1,0
04:10:00,501205025,26,2,1,1,0
04:10:00,501205026,8,1,11,1,0
04:10:00,501205027,1,0,9,1,0
04:10:00,501205028,4,0,11,1,0
04:10:00,501205029,4,0,6,1,0
04:10:00,501205030,6,0,4,1,0
04:10:00,501205033,3,0,12,1,0
04:10:00,501205034,1,1,27,1,0
04:10:00,501205035,7,3,9,1,0
04:10:00,501205036,5,1,10,1,0
04:10:00,501205037,7,1,8,1,0
04:10:00,501205038,6,1,14,1,0
04:10:00,501205039,10,1,10,1,0
04:10:00,501205040,13,0,12,1,0
04:10:00,501205041,13,0,4,1,0
04:10:00,501205042,6,2,23,1,0
04:10:00,501208011,18,4,19,1,0
04:10:00,501208013,32,5,22,1,0
04:10:00,501208014,6,0,32,1,0
04:10:00,501208015,7,1,8,1,0
04:10:00,501208018,12,1,3,1,0
04:10:00,501208021,1,0,16,1,0
04:10:00,501208027,5,0,25,1,0
04:10:00,501208029,15,1,6,1,0
04:10:00,501208030,12,0,26,1,0
04:10:00,501208032,13,0,15,1,0
04:10:00,501208040,7,1,12,1,0
04:10:00,501208041,2,0,13,1,0
04:10:00,501208045,12,0,20,1,0
04:10:00,501208051,1,0,35,1,0
04:10:00,501208053,12,0,9,1,0
04:10:00,501208054,2,0,26,1,0
04:10:00,501208059,4,0,25,1,0
04:10:00,501208064,5,0,15,1,0
04:10:00,501208077,7,0,3,1,0
04:10:00,501208079,2,0,20,1,0
04:10:00,501208082,1,1,9,1,0
04:10:00,501208085,16,0,1,1,0
04:10:00,501208087,18,0,13,1,0
04:10:00,501208089,15,1,10,1,0
04:10:00,501208091,1,0,42,1,0
04:10:00,501208111,8,3,7,1,0
04:10:00,501208113,5,0,15,1,0
04:10:00,501208114,6,0,14,1,0
04:10:00,501208129,4,0,18,1,0
04:10:00,501208130,7,0,7,1,0
04:10:00,501209002,18,2,2,1,0
04:10:00,501209003,2,0,12,1,0
04:10:00,501209004,7,1,8,1,0
04:10:00,501209005,1,1,17,1,0
04:10:00,501209006,8,2,11,1,0
04:10:00,501209007,12,0,3,1,0
04:10:00,501209009,0,0,0,2,0
04:10:00,501209010,6,1,8,1,0
04:10:00,501209011,5,0,20,1,0
04:10:00,501209014,3,0,9,1,0
04:10:00,501209015,9,1,6,1,0
04:10:00,501209016,9,3,20,1,0
04:10:00,501209017,10,0,3,1,0
04:10:00,501209018,2,0,14,1,0
04:10:00,501209019,3,0,21,1,0
04:10:00,501209020,6,1,26,1,0
04:10:00,501209021,5,0,9,1,0
04:10:00,501209022,4,1,6,1,0
04:10:00,501209023,39,0,4,1,0
04:10:00,501209024,7,0,35,1,0
04:10:00,501209025,8,0,7,1,0
04:10:00,501209026,23,2,3,1,0
04:10:00,501209027,1,1,18,1,0
04:10:00,501209028,4,0,24,1,0
04:10:00,501209030,17,0,1,1,0
04:10:00,501209031,16,0,14,1,0
04:10:00,501209032,6,1,22,1,0
04:10:00,501209033,9,3,11,1,0
04:10:00,501209034,3,3,12,1,0
04:10:00,501209035,1,0,27,1,0
04:10:00,501209036,2,0,29,1,0
04:10:00,501209037,19,1,16,1,0
04:10:00,501209038,13,4,3,1,0
04:10:00,501209039,6,0,24,1,0
04:10:00,501209040,7,0,24,1,0
04:10:00,501209042,8,4,12,1,0
04:10:00,501209043,18,0,7,1,0
04:10:00,501209044,12,5,3,1,0
04:10:00,501209045,10,1,5,1,0
04:10:00,501209046,16,0,5,1,0
04:10:00,501209047,9,2,5,1,0
04:10:00,501209049,5,0,15,1,0
04:10:00,501209050,12,1,1,1,0
04:10:00,501209051,4,1,20,1,0
04:10:00,501209052,5,0,17,1,0
04:10:00,501209053,3,1,17,1,0
04:10:00,501209054,11,4,16,1,0
04:10:00,501209056,9,0,6,1,0
04:10:00,501209058,14,2,2,1,0
04:10:00,501209059,5,0,10,1,0
04:10:00,501209060,3,0,17,1,0
04:10:00,501209062,10,0,5,1,0
04:10:00,501209064,8,0,7,1,0
04:10:00,501209065,5,0,10,1,0
04:10:00,501209066,10,0,4,1,0
04:10:00,501209067,13,1,2,1,0
04:10:00,501209068,6,1,11,1,0
04:10:00,501209069,6,0,57,1,0
04:10:00,501209070,2,2,14,1,0
04:10:00,501209071,5,0,12,1,0
04:10:00,501209073,11,3,4,1,0
04:10:00,501209074,19,0,4,1,0
04:10:00,501209075,4,1,12,1,0
04:10:00,501209076,5,2,18,1,0
04:10:00,501209077,6,1,9,1,0
04:10:00,501209078,8,1,5,1,0
04:10:00,501209079,17,1,8,1,0
04:10:00,501209080,14,1,13,1,0
04:10:00,501209081,4,2,11,1,0
04:10:00,501209084,8,1,15,1,0
04:10:00,501209085,1,0,26,1,0
04:10:00,501209087,4,0,35,1,0
04:10:00,501209088,4,1,11,1,0
04:10:00,501209089,3,0,16,1,0
04:10:00,501209090,6,1,8,1,0
04:10:00,501209091,5,1,11,1,0
04:10:00,501209092,8,0,8,1,0
04:10:00,501209093,2,1,13,1,0
04:10:00,501209094,6,0,10,1,0
04:10:00,501209095,6,5,8,1,0
04:10:00,501209096,10,1,5,1,0
04:10:00,501209097,3,1,12,1,0
04:10:00,501209098,6,0,9,1,0
04:10:00,501209099,4,0,15,1,0
04:10:00,501209100,8,0,7,1,0
04:10:00,501209101,5,0,10,1,0
04:10:00,501209102,6,1,14,1,0
04:10:00,501209104,1,0,18,1,0
04:10:00,501209105,16,4,10,1,0
04:10:00,501209106,2,0,18,1,0
04:10:00,501211001,24,8,14,1,0
04:10:00,501211002,5,3,10,1,0
04:10:00,501211004,10,1,5,1,0
04:10:00,501211005,8,0,11,1,0
04:10:00,501211006,10,0,7,1,0
04:10:00,501211007,13,0,5,1,0
04:10:00,501211009,6,1,12,1,0
04:10:00,501211011,9,1,21,1,0
04:10:00,501211012,7,1,11,1,0
04:20:00,501201001,0,0,0,2,0
04:20:00,501201002,9,0,30,1,0
04:20:00,501201003,3,0,20,1,0
04:20:00,501201004,4,1,9,1,0
04:20:00,501201005,1,0,18,1,0
04:20:00,501201006,7,2,21,1,0
04:20:00,501201007,6,4,13,1,0
04:20:00,501201008,10,3,15,1,0
04:20:00,501201010,5,1,5,1,0
04:20:00,501201011,8,2,14,1,0
04:20:00,501201012,10,1,26,1,0
04:20:00,501201013,5,0,17,1,0
04:20:00,501201014,8,0,10,1,0
04:20:00,501201015,12,0,13,1,0
04:20:00,501201016,3,0,21,1,0
04:20:00,501201017,10,0,15,1,0
04:20:00,501201018,5,1,18,1,0
04:20:00,501201019,7,1,19,1,0
04:20:00,501201020,8,0,16,1,0
04:20:00,501201021,6,0,8,1,0
04:20:00,501201022,3,0,13,1,0
04:20:00,501201023,8,0,20,1,0
04:20:00,501201024,6,0,18,1,0
04:20:00,501201025,7,0,17,1,0
04:20:00,501201026,11,1,8,1,0
04:20:00,501201028,9,1,11,1,0
04:20:00,501201029,7,1,6,1,0
04:20:00,501201030,1,0,13,1,0
04:20:00,501201031,8,0,9,1,0
04:20:00,501202001,3,0,11,1,0
04:20:00,501202003,15,0,25,1,0
04:20:00,501202013,1,0,16,1,0
04:20:00,501202023,8,0,7,1,0
04:20:00,501202024,6,1,9,1,0
04:20:00,501202034,8,0,8,1,0
04:20:00,501202035,18,0,12,1,0
04:20:00,501202036,17,0,22,1,0
04:20:00,501202040,13,1,29,1,0
04:20:00,501202043,4,0,20,1,0
04:20:00,501202044,0,0,0,2,0
04:20:00,501202047,6,2,16,1,0
04:20:00,501202050,7,2,9,1,0
04:20:00,501202055,11,0,4,1,0
04:20:00,501202058,7,0,8,1,0
04:20:00,501202065,8,0,7,1,0
04:20:00,501202068,11,0,7,1,0
04:20:00,501202070,7,1,9,1,0
04:20:00,501202078,2,0,23,1,0
04:20:00,501202080,5,0,21,1,0
04:20:00,501202081,6,0,17,1,0
04:20:00,501202082,7,2,16,1,0
04:20:00,501202083,15,0,9,1,0
04:20:00,501202084,11,1,12,1,0
04:20:00,501202085,6,0,29,1,0
04:20:00,501202088,4,2,26,1,0
04:20:00,501202089,2,0,27,1,0
04:20:00,501202096,5,1,10,1,0
04:20:00,501203001,0,0,19,1,0
04:20:00,501203002,1,0,21,1,0
04:20:00,501203003,7,1,87,1,0
04:20:00,501203005,9,0,11,1,0
04:20:00,501203006,4,0,11,1,0
04:20:00,501203007,11,0,3,1,0
04:20:00,501203008,7,2,9,1,0
04:20:00,501203010,20,2,13,1,0
04:20:00,501203011,30,6,8,1,0
04:20:00,501203012,9,0,8,1,0
04:20:00,501203013,2,0,21,1,0
04:20:00,501203015,10,3,2,1,0
04:20:00,501203020,15,0,4,1,0
04:20:00,501203022,8,1,11,1,0
04:20:00,501203023,4,1,14,1,0
04:20:00,501203028,18,0,7,1,0
04:20:00,501203040,4,2,20,1,0
04:20:00,501203045,4,1,14,1,0
04:20:00,501203050,47,0,13,1,0
04:20:00,501203051,17,0,7,1,0
04:20:00,501203053,6,0,20,1,0
04:20:00,501203054,2,2,20,1,0
04:20:00,501203064,7,1,8,1,0
04:20:00,501203065,15,0,1,1,0
04:20:00,501203070,13,2,2,1,0
04:20:00,501203073,4,0,20,1,0
04:20:00,501203076,6,0,10,1,0
04:20:00,501203078,7,0,9,1,0
04:20:00,501203080,8,1,7,1,0
04:20:00,501203084,3,0,8,1,0
04:20:00,501203085,5,0,5,1,0
04:20:00,501203088,3,0,11,1,0
04:20:00,501203089,5,0,7,1,0
04:20:00,501203090,1,0,9,1,0
04:20:00,501203091,10,1,3,1,0
04:20:00,501203092,3,0,15,1,0
04:20:00,501203100,10,2,7,1,0
04:20:00,501203101,0,0,0,2,0
04:20:00,501203102,7,1,12,1,0
04:20:00,501203104,4,1,15,1,0
04:20:00,501203105,7,3,3,1,0
04:20:00,501203107,0,0,0,2,0
04:20:00,501203109,2,0,24,1,0
04:20:00,501203110,3,0,38,1,0
04:20:00,501203111,10,0,1,1,0
04:20:00,501203113,5,0,14,1,0
04:20:00,501203114,2,0,48,1,0
04:20:00,501203117,0,0,0,2,0
04:20:00,501203118,19,1,1,1,0
04:20:00,501203121,17,2,7,1,0
04:20:00,501203122,11,1,9,1,0
04:20:00,501203125,20,1,5,1,0
04:20:00,501203131,16,5,4,1,0
04:20:00,501203140,3,0,39,1,0
04:20:00,501203141,6,1,10,1,0
04:20:00,501203142,5,2,31,1,0
04:20:00,501203145,9,1,6,1,0
04:20:00,501203151,17,0,0,1,0
04:20:00,501203155,6,0,13,1,0
04:20:00,501203157,4,1,13,1,0
04:20:00,501203159,5,1,15,1,0
04:20:00,501203161,1,0,18,1,0
04:20:00,501203162,10,0,11,1,0
04:20:00,501203163,10,3,6,1,0
04:20:00,501204001,4,1,21,1,0
04:20:00,501204002,4,0,32,1,0
04:20:00,501204003,17,0,27,1,0
04:20:00,501204004,6,0,8,1,0
04:20:00,501204005,12,2,8,1,0
04:20:00,501204007,5,0,31,1,0
04:20:00,501204008,6,0,9,1,0
04:20:00,501204009,0,0,0,2,0
04:20:00,501204010,0,0,0,2,0
04:20:00,501204011,9,1,6,1,0
04:20:00,501204012,10,1,4,1,0
04:20:00,501204013,10,2,3,1,0
04:20:00,501204014,6,1,10,1,0
04:20:00,501204015,10,0,5,1,0
04:20:00,501204016,6,0,14,1,0
04:20:00,501204017,9,3,6,1,0
04:20:00,501204018,17,3,7,1,0
04:20:00,501204020,7,0,13,1,0
04:20:00,501204021,6,0,14,1,0
04:20:00,501204022,9,0,7,1,0
04:20:00,501204023,13,2,2,1,0
04:20:00,501204024,0,0,0,2,0
04:20:00,501204025,9,0,11,1,0
04:20:00,501205001,8,0,9,1,0
04:20:00,501205003,5,0,13,1,0
04:20:00,501205004,12,1,4,1,0
04:20:00,501205005,4,0,18,1,0
04:20:00,501205006,16,0,4,1,0
04:20:00,501205007,4,1,8,1,0
04:20:00,501205008,11,0,15,1,0
04:20:00,501205009,28,0,17,1,0
04:20:00,501205010,4,1,9,1,0
04:20:00,501205011,9,0,23,1,0
04:20:00,501205012,6,1,14,1,0
04:20:00,501205013,2,0,19,1,0
04:20:00,501205014,22,11,1,1,0
04:20:00,501205015,6,0,12,1,0
04:20:00,501205018,12,1,6,1,0
04:20:00,501205019,4,0,24,1,0
04:20:00,501205020,1,0,29,1,0
04:20:00,501205021,6,2,9,1,0
04:20:00,501205022,6,0,9,1,0
04:20:00,501205023,3,0,12,1,0
04:20:00,501205025,26,2,1,1,0
04:20:00,501205026,8,1,11,1,0
04:20:00,501205027,1,0,9,1,0
04:20:00,501205028,4,0,11,1,0
04:20:00,501205029,4,0,6,1,0
04:20:00,501205030,6,0,4,1,0
04:20:00,501205033,3,0,12,1,0
04:20:00,501205034,1,1,27,1,0
04:20:00,501205035,7,3,9,1,0
04:20:00,501205036,5,1,10,1,0
04:20:00,501205037,7,1,8,1,0
04:20:00,501205038,6,1,14,1,0
04:20:00,501205039,10,1,10,1,0
04:20:00,501205040,13,0,12,1,0
04:20:00,501205041,13,0,4,1,0
04:20:00,501205042,6,2,23,1,0
04:20:00,501208011,18,4,19,1,0
04:20:00,501208013,32,5,22,1,0
04:20:00,501208014,6,0,32,1,0
04:20:00,501208015,7,1,8,1,0
04:20:00,501208018,12,1,3,1,0
04:20:00,501208021,1,0,16,1,0
04:20:00,501208027,5,0,25,1,0
04:20:00,501208029,15,1,6,1,0
04:20:00,501208030,12,0,26,1,0
04:20:00,501208032,13,0,15,1,0
04:20:00,501208040,7,1,12,1,0
04:20:00,501208041,2,0,13,1,0
04:20:00,501208045,12,0,20,1,0
04:20:00,501208051,1,0,35,1,0
04:20:00,501208053,12,0,9,1,0
04:20:00,501208054,2,0,26,1,0
04:20:00,501208059,4,0,25,1,0
04:20:00,501208064,5,0,15,1,0
04:20:00,501208077,7,0,3,1,0
04:20:00,501208079,2,0,20,1,0
04:20:00,501208082,1,1,9,1,0
04:20:00,501208085,15,0,2,1,0
04:20:00,501208087,18,0,13,1,0
04:20:00,501208089,15,1,10,1,0
04:20:00,501208091,1,0,42,1,0
04:20:00,501208111,8,3,7,1,0
04:20:00,501208113,5,0,15,1,0
04:20:00,501208114,6,0,14,1,0
04:20:00,501208129,4,0,18,1,0
04:20:00,501208130,7,0,7,1,0
04:20:00,501209002,18,2,2,1,0
04:20:00,501209003,2,0,12,1,0
04:20:00,501209004,7,1,8,1,0
04:20:00,501209005,1,1,17,1,0
04:20:00,501209006,8,2,11,1,0
04:20:00,501209007,12,0,3,1,0
04:20:00,501209009,0,0,0,2,0
04:20:00,501209010,6,1,8,1,0
04:20:00,501209011,5,0,20,1,0
04:20:00,501209014,3,0,9,1,0
04:20:00,501209015,9,1,6,1,0
04:20:00,501209016,9,3,20,1,0
04:20:00,501209017,10,0,3,1,0
04:20:00,501209018,2,0,14,1,0
04:20:00,501209019,3,0,21,1,0
04:20:00,501209020,6,1,26,1,0
04:20:00,501209021,5,0,9,1,0
04:20:00,501209022,4,1,6,1,0
04:20:00,501209023,39,0,4,1,0
04:20:00,501209024,7,0,35,1,0
04:20:00,501209025,8,0,7,1,0
04:20:00,501209026,22,1,4,1,0
04:20:00,501209027,1,1,18,1,0
04:20:00,501209028,4,0,24,1,0
04:20:00,501209030,17,0,1,1,0
04:20:00,501209031,16,0,14,1,0
04:20:00,501209032,6,1,22,1,0
04:20:00,501209033,9,3,11,1,0
04:20:00,501209034,3,3,12,1,0
04:20:00,501209035,1,0,27,1,0
04:20:00,501209036,2,0,29,1,0
04:20:00,501209037,19,1,16,1,0
04:20:00,501209038,13,4,3,1,0
04:20:00,501209039,6,0,24,1,0
04:20:00,501209040,7,0,24,1,0
04:20:00,501209042,8,4,12,1,0
04:20:00,501209043,18,0,7,1,0
04:20:00,501209044,12,5,3,1,0
04:20:00,501209045,10,1,5,1,0
04:20:00,501209046,16,0,5,1,0
04:20:00,501209047,9,2,5,1,0
04:20:00,501209049,5,0,15,1,0
04:20:00,501209050,12,1,1,1,0
04:20:00,501209051,4,1,20,1,0
04:20:00,501209052,5,0,17,1,0
04:20:00,501209053,3,1,17,1,0
04:20:00,501209054,11,4,16,1,0
04:20:00,501209056,9,0,6,1,0
04:20:00,501209058,14,2,2,1,0
04:20:00,501209059,5,0,10,1,0
04:20:00,501209060,3,0,17,1,0
04:20:00,501209062,10,0,5,1,0
04:20:00,501209064,8,0,7,1,0
04:20:00,501209065,9,0,6,1,0
04:20:00,501209066,10,0,4,1,0
04:20:00,501209067,10,1,5,1,0
04:20:00,501209068,6,1,11,1,0
04:20:00,501209069,6,0,57,1,0
04:20:00,501209070,2,2,14,1,0
04:20:00,501209071,5,0,12,1,0
04:20:00,501209073,11,3,4,1,0
04:20:00,501209074,19,0,4,1,0
04:20:00,501209075,4,1,12,1,0
04:20:00,501209076,5,2,18,1,0
04:20:00,501209077,6,1,9,1,0
04:20:00,501209078,8,1,5,1,0
04:20:00,501209079,17,1,8,1,0
04:20:00,501209080,14,1,13,1,0
04:20:00,501209081,4,2,11,1,0
04:20:00,501209084,8,1,15,1,0
04:20:00,501209085,1,0,26,1,0
04:20:00,501209087,4,0,35,1,0
04:20:00,501209088,4,1,11,1,0
04:20:00,501209089,3,0,16,1,0
04:20:00,501209090,6,1,8,1,0
04:20:00,501209091,5,1,11,1,0
04:20:00,501209092,8,0,8,1,0
04:20:00,501209093,2,1,13,1,0
04:20:00,501209094,6,0,10,1,0
04:20:00,501209095,6,5,8,1,0
04:20:00,501209096,10,1,5,1,0
04:20:00,501209097,3,1,12,1,0
04:20:00,501209098,6,0,9,1,0
04:20:00,501209099,4,0,15,1,0
04:20:00,501209100,8,0,7,1,0
04:20:00,501209101,5,0,10,1,0
04:20:00,501209102,6,1,14,1,0
04:20:00,501209104,1,0,18,1,0
04:20:00,501209105,16,4,10,1,0
04:20:00,501209106,2,0,18,1,0
04:20:00,501211001,24,8,14,1,0
04:20:00,501211002,5,3,10,1,0
04:20:00,501211004,10,1,5,1,0
04:20:00,501211005,8,0,11,1,0
04:20:00,501211006,10,0,7,1,0
04:20:00,501211007,13,0,5,1,0
04:20:00,501211009,6,1,12,1,0
04:20:00,501211011,9,1,21,1,0
04:20:00,501211012,7,1,11,1,0
04:30:00,501201001,0,0,0,2,0
04:30:00,501201002,9,0,30,1,0
04:30:00,501201003,3,0,20,1,0
04:30:00,501201004,4,1,9,1,0
04:30:00,501201005,1,0,18,1,0
04:30:00,501201006,7,2,21,1,0
04:30:00,501201007,4,3,15,1,0
04:30:00,501201008,10,3,15,1,0
04:30:00,501201010,5,1,5,1,0
04:30:00,501201011,8,2,14,1,0
04:30:00,501201012,10,1,26,1,0
04:30:00,501201013,5,0,17,1,0
04:30:00,501201014,8,0,10,1,0
04:30:00,501201015,12,0,13,1,0
04:30:00,501201016,3,0,21,1,0
04:30:00,501201017,10,0,15,1,0
04:30:00,501201018,5,1,18,1,0
04:30:00,501201019,7,1,19,1,0
04:30:00,501201020,8,0,16,1,0
04:30:00,501201021,6,0,8,1,0
04:30:00,501201022,3,0,13,1,0
04:30:00,501201023,8,0,20,1,0
04:30:00,501201024,6,0,18,1,0
04:30:00,501201025,6,0,18,1,0
04:30:00,501201026,11,1,8,1,0
04:30:00,501201028,9,1,11,1,0
04:30:00,501201029,7,1,6,1,0
04:30:00,501201030,1,0,13,1,0
04:30:00,501201031,8,0,9,1,0
04:30:00,501202001,3,0,11,1,0
04:30:00,501202003,15,0,25,1,0
04:30:00,501202013,1,0,16,1,0
04:30:00,501202023,8,0,7,1,0
04:30:00,501202024,6,1,9,1,0
04:30:00,501202034,8,0,8,1,0
04:30:00,501202035,17,0,13,1,0
04:30:00,501202036,17,0,22,1,0
04:30:00,501202040,13,1,29,1,0
04:30:00,501202043,4,0,20,1,0
04:30:00,501202044,0,0,0,2,0
04:30:00,501202047,6,2,16,1,0
04:30:00,501202050,7,2,9,1,0
04:30:00,501202055,11,0,4,1,0
04:30:00,501202058,7,0,8,1,0
04:30:00,501202065,8,0,7,1,0
04:30:00,501202068,11,0,7,1,0
04:30:00,501202070,7,1,9,1,0
04:30:00,501202078,2,0,23,1,0
04:30:00,501202080,5,0,21,1,0
04:30:00,501202081,6,0,17,1,0
04:30:00,501202082,7,2,16,1,0
04:30:00,501202083,15,0,9,1,0
04:30:00,501202084,11,1,12,1,0
04:30:00,501202085,6,0,29,1,0
04:30:00,501202088,4,2,26,1,0
04:30:00,501202089,2,0,27,1,0
04:30:00,501202096,5,1,10,1,0
04:30:00,501203001,0,0,19,1,0
04:30:00,501203002,1,0,21,1,0
04:30:00,501203003,6,1,88,1,0
04:30:00,501203005,9,0,11,1,0
04:30:00,501203006,4,0,11,1,0
04:30:00,501203007,11,0,3,1,0
04:30:00,501203008,7,2,9,1,0
04:30:00,501203010,20,2,13,1,0
04:30:00,501203011,30,6,8,1,0
04:30:00,501203012,9,0,8,1,0
04:30:00,501203013,2,0,21,1,0
04:30:00,501203015,10,3,2,1,0
04:30:00,501203020,13,0,6,1,0
04:30:00,501203022,8,1,11,1,0
04:30:00,501203023,4,1,14,1,0
04:30:00,501203028,18,0,7,1,0
04:30:00,501203040,4,2,20,1,0
04:30:00,501203045,4,1,14,1,0
04:30:00,501203050,47,0,13,1,0
04:30:00,501203051,17,0,7,1,0
04:30:00,501203053,6,0,20,1,0
04:30:00,501203054,2,2,20,1,0
04:30:00,501203064,7,1,8,1,0
04:30:00,501203065,15,0,1,1,0
04:30:00,501203070,13,2,2,1,0
04:30:00,501203073,4,0,20,1,0
04:30:00,501203076,6,0,10,1,0
04:30:00,501203078,7,0,9,1,0
04:30:00,501203080,9,1,6,1,0
04:30:00,501203084,3,0,8,1,0
04:30:00,501203085,5,0,5,1,0
04:30:00,501203088,3,0,11,1,0
04:30:00,501203089,5,0,7,1,0
04:30:00,501203090,1,0,9,1,0
04:30:00,501203091,10,1,3,1,0
04:30:00,501203092,3,0,15,1,0
04:30:00,501203100,11,3,7,1,0
04:30:00,501203101,0,0,0,2,0
04:30:00,501203102,7,1,12,1,0
04:30:00,501203104,4,1,15,1,0
04:30:00,501203105,7,3,3,1,0
04:30:00,501203107,0,0,0,2,0
04:30:00,501203109,2,0,24,1,0
04:30:00,501203110,3,0,38,1,0
04:30:00,501203111,10,0,1,1,0
04:30:00,501203113,5,0,14,1,0
04:30:00,501203114,2,0,48,1,0
04:30:00,501203117,0,0,0,2,0
04:30:00,501203118,18,0,2,1,0
04:30:00,501203121,17,2,7,1,0
04:30:00,501203122,11,1,9,1,0
04:30:00,501203125,20,1,5,1,0
04:30:00,501203131,16,5,4,1,0
04:30:00,501203140,5,0,37,1,0
04:30:00,501203141,6,1,10,1,0
04:30:00,501203142,5,2,31,1,0
04:30:00,501203145,9,1,6,1,0
04:30:00,501203151,17,0,0,1,0
04:30:00,501203155,6,0,13,1,0
04:30:00,501203157,4,1,13,1,0
04:30:00,501203159,5,1,15,1,0
04:30:00,501203161,1,0,18,1,0
04:30:00,501203162,10,0,11,1,0
04:30:00,501203163,10,3,6,1,0
04:30:00,501204001,4,1,21,1,0
04:30:00,501204002,4,0,32,1,0
04:30:00,501204003,17,0,27,1,0
04:30:00,501204004,6,0,8,1,0
04:30:00,501204005,12,2,8,1,0
04:30:00,501204007,5,0,31,1,0
04:30:00,501204008,6,0,9,1,0
04:30:00,501204009,0,0,0,2,0
04:30:00,501204010,0,0,0,2,0
04:30:00,501204011,9,1,6,1,0
04:30:00,501204012,10,1,4,1,0
04:30:00,501204013,10,2,3,1,0
04:30:00,501204014,6,1,10,1,0
04:30:00,501204015,10,0,5,1,0
04:30:00,501204016,6,0,14,1,0
04:30:00,501204017,9,3,6,1,0
04:30:00,501204018,17,3,7,1,0
04:30:00,501204020,7,0,13,1,0
04:30:00,501204021,6,0,14,1,0
04:30:00,501204022,9,0,7,1,0
04:30:00,501204023,13,2,2,1,0
04:30:00,501204024,0,0,0,2,0
04:30:00,501204025,9,0,11,1,0
04:30:00,501205001,8,0,9,1,0
04:30:00,501205003,5,0,13,1,0
04:30:00,501205004,13,1,3,1,0
04:30:00,501205005,4,0,18,1,0
04:30:00,501205006,16,0,4,1,0
04:30:00,501205007,4,1,8,1,0
04:30:00,501205008,11,0,15,1,0
04:30:00,501205009,28,0,17,1,0
04:30:00,501205010,3,0,10,1,0
04:30:00,501205011,9,0,23,1,0
04:30:00,501205012,7,1,13,1,0
04:30:00,501205013,2,0,19,1,0
04:30:00,501205014,22,11,1,1,0
04:30:00,501205015,6,0,12,1,0
04:30:00,501205018,12,1,6,1,0
04:30:00,501205019,4,0,24,1,0
04:30:00,501205020,1,0,29,1,0
04:30:00,501205021,6,2,9,1,0
04:30:00,501205022,6,0,9,1,0
04:30:00,501205023,3,0,12,1,0
04:30:00,501205025,26,2,1,1,0
04:30:00,501205026,8,1,11,1,0
04:30:00,501205027,1,0,9,1,0
04:30:00,501205028,4,0,11,1,0
04:30:00,501205029,4,0,6,1,0
04:30:00,501205030,6,0,4,1,0
04:30:00,501205033,3,0,12,1,0
04:30:00,501205034,1,1,27,1,0
04:30:00,501205035,7,3,9,1,0
04:30:00,501205036,5,1,10,1,0
04:30:00,501205037,7,1,8,1,0
04:30:00,501205038,6,1,14,1,0
04:30:00,501205039,10,1,10,1,0
04:30:00,501205040,13,0,12,1,0
04:30:00,501205041,13,0,4,1,0
04:30:00,501205042,6,2,23,1,0
04:30:00,501208011,18,4,19,1,0
04:30:00,501208013,32,5,22,1,0
04:30:00,501208014,6,0,32,1,0
04:30:00,501208015,7,1,8,1,0
04:30:00,501208018,12,1,3,1,0
04:30:00,501208021,1,0,16,1,0
04:30:00,501208027,5,0,25,1,0
04:30:00,501208029,15,1,6,1,0
04:30:00,501208030,12,0,26,1,0
04:30:00,501208032,13,0,15,1,0
04:30:00,501208040,7,1,12,1,0
04:30:00,501208041,2,0,13,1,0
04:30:00,501208045,12,0,20,1,0
04:30:00,501208051,1,0,35,1,0
04:30:00,501208053,12,0,9,1,0
04:30:00,501208054,2,0,26,1,0
04:30:00,501208059,4,0,25,1,0
04:30:00,501208064,5,0,15,1,0
04:30:00,501208077,7,0,3,1,0
04:30:00,501208079,2,0,20,1,0
04:30:00,501208082,1,1,9,1,0
04:30:00,501208085,15,0,2,1,0
04:30:00,501208087,18,0,13,1,0
04:30:00,501208089,15,1,10,1,0
04:30:00,501208091,1,0,42,1,0
04:30:00,501208111,8,3,7,1,0
04:30:00,501208113,5,0,15,1,0
04:30:00,501208114,6,0,14,1,0
04:30:00,501208129,4,0,18,1,0
04:30:00,501208130,7,0,7,1,0
04:30:00,501209002,18,2,2,1,0
04:30:00,501209003,2,0,12,1,0
04:30:00,501209004,7,1,8,1,0
04:30:00,501209005,1,1,17,1,0
04:30:00,501209006,8,2,11,1,0
04:30:00,501209007,12,0,3,1,0
04:30:00,501209009,0,0,0,2,0
04:30:00,501209010,6,1,8,1,0
04:30:00,501209011,5,0,20,1,0
04:30:00,501209014,3,0,9,1,0
04:30:00,501209015,9,1,6,1,0
04:30:00,501209016,9,3,20,1,0
04:30:00,501209017,10,0,3,1,0
04:30:00,501209018,2,0,14,1,0
04:30:00,501209019,3,0,21,1,0
04:30:00,501209020,6,1,26,1,0
04:30:00,501209021,5,0,9,1,0
04:30:00,501209022,4,1,6,1,0
04:30:00,501209023,39,0,4,1,0
04:30:00,501209024,7,0,35,1,0
04:30:00,501209025,8,0,7,1,0
04:30:00,501209026,22,1,4,1,0
04:30:00,501209027,1,1,18,1,0
04:30:00,501209028,4,0,24,1,0
04:30:00,501209030,17,0,1,1,0
04:30:00,501209031,16,0,14,1,0
04:30:00,501209032,6,1,22,1,0
04:30:00,501209033,9,3,11,1,0
04:30:00,501209034,2,2,13,1,0
04:30:00,501209035,1,0,27,1,0
04:30:00,501209036,2,0,29,1,0
04:30:00,501209037,20,2,15,1,0
04:30:00,501209038,13,4,3,1,0
04:30:00,501209039,6,0,24,1,0
04:30:00,501209040,8,0,23,1,0
04:30:00,501209042,8,4,12,1,0
04:30:00,501209043,18,0,7,1,0
04:30:00,501209044,12,5,3,1,0
04:30:00,501209045,10,1,5,1,0
04:30:00,501209046,16,0,5,1,0
04:30:00,501209047,9,2,5,1,0
04:30:00,501209049,5,0,15,1,0
04:30:00,501209050,12,1,1,1,0
04:30:00,501209051,4,1,20,1,0
04:30:00,501209052,5,0,17,1,0
04:30:00,501209053,3,1,17,1,0
04:30:00,501209054,11,4,16,1,0
04:30:00,501209056,9,0,6,1,0
04:30:00,501209058,14,2,2,1,0
04:30:00,501209059,5,0,10,1,0
04:30:00,501209060,3,0,17,1,0
04:30:00,501209062,10,0,5,1,0
04:30:00,501209064,8,0,7,1,0
04:30:00,501209065,9,0,6,1,0
04:30:00,501209066,10,0,4,1,0
04:30:00,501209067,10,1,5,1,0
04:30:00,501209068,6,1,11,1,0
04:30:00,501209069,6,0,57,1,0
04:30:00,501209070,2,2,14,1,0
04:30:00,501209071,5,0,12,1,0
04:30:00,501209073,11,3,4,1,0
04:30:00,501209074,17,0,6,1,0
04:30:00,501209075,4,1,12,1,0
04:30:00,501209076,5,2,18,1,0
04:30:00,501209077,6,1,9,1,0
04:30:00,501209078,8,1,5,1,0
04:30:00,501209079,17,1,8,1,0
04:30:00,501209080,14,1,13,1,0
04:30:00,501209081,4,2,11,1,0
04:30:00,501209084,8,1,15,1,0
04:30:00,501209085,2,1,26,1,0
04:30:00,501209087,4,0,35,1,0
04:30:00,501209088,4,1,11,1,0
04:30:00,501209089,3,0,16,1,0
04:30:00,501209090,7,2,7,1,0
04:30:00,501209091,5,1,11,1,0
04:30:00,501209092,8,0,8,1,0
04:30:00,501209093,2,1,13,1,0
04:30:00,501209094,6,0,10,1,0
04:30:00,501209095,6,5,8,1,0
04:30:00,501209096,10,1,5,1,0
04:30:00,501209097,3,1,12,1,0
04:30:00,501209098,6,0,9,1,0
04:30:00,501209099,4,0,15,1,0
04:30:00,501209100,8,0,7,1,0
04:30:00,501209101,5,0,10,1,0
04:30:00,501209102,6,1,14,1,0
04:30:00,501209104,1,0,18,1,0
04:30:00,501209105,16,4,10,1,0
04:30:00,501209106,2,0,18,1,0
04:30:00,501211001,24,8,14,1,0
04:30:00,501211002,5,3,10,1,0
04:30:00,501211004,10,1,5,1,0
04:30:00,501211005,8,0,11,1,0
04:30:00,501211006,10,0,7,1,0
04:30:00,501211007,13,0,5,1,0
04:30:00,501211009,6,1,12,1,0
04:30:00,501211011,9,1,21,1,0
04:30:00,501211012,7,1,11,1,0
04:40:00,501201001,0,0,0,2,0
04:40:00,501201002,9,0,30,1,0
04:40:00,501201003,3,0,20,1,0
04:40:00,501201004,4,1,9,1,0
04:40:00,501201005,1,0,18,1,0
04:40:00,501201006,8,3,20,1,0
04:40:00,501201007,3,2,16,1,0
04:40:00,501201008,10,3,15,1,0
04:40:00,501201010,5,1,5,1,0
04:40:00,501201011,8,2,14,1,0
04:40:00,501201012,9,0,27,1,0
04:40:00,501201013,5,0,17,1,0
04:40:00,501201014,8,0,10,1,0
04:40:00,501201015,12,0,13,1,0
04:40:00,501201016,3,0,21,1,0
04:40:00,501201017,9,0,16,1,0
04:40:00,501201018,5,1,18,1,0
04:40:00,501201019,7,1,19,1,0
04:40:00,501201020,8,0,16,1,0
04:40:00,501201021,6,0,8,1,0
04:40:00,501201022,3,0,13,1,0
04:40:00,501201023,8,0,20,1,0
04:40:00,501201024,6,0,18,1,0
04:40:00,501201025,6,0,18,1,0
04:40:00,501201026,11,1,8,1,0
04:40:00,501201028,10,2,10,1,0
04:40:00,501201029,7,1,6,1,0
04:40:00,501201030,1,0,13,1,0
04:40:00,501201031,8,0,9,1,0
04:40:00,501202001,3,0,11,1,0
04:40:00,501202003,15,0,25,1,0
04:40:00,501202013,1,0,16,1,0
04:40:00,501202023,8,0,7,1,0
04:40:00,501202024,6,1,9,1,0
04:40:00,501202034,8,0,8,1,0
04:40:00,501202035,17,0,13,1,0
04:40:00,501202036,17,0,22,1,0
04:40:00,501202040,13,1,29,1,0
04:40:00,501202043,4,0,20,1,0
04:40:00,501202044,0,0,0,2,0
04:40:00,501202047,6,2,16,1,0
04:40:00,501202050,8,2,8,1,0
04:40:00,501202055,11,0,4,1,0
04:40:00,501202058,7,0,8,1,0
04:40:00,501202065,8,0,7,1,0
04:40:00,501202068,11,0,7,1,0
04:40:00,501202070,7,1,9,1,0
04:40:00,501202078,2,0,23,1,0
04:40:00,501202080,5,0,21,1,0
04:40:00,501202081,6,0,17,1,0
04:40:00,501202082,7,2,16,1,0
04:40:00,501202083,15,0,9,1,0
04:40:00,501202084,11,1,12,1,0
04:40:00,501202085,6,0,29,1,0
04:40:00,501202088,4,2,26,1,0
04:40:00,501202089,2,0,27,1,0
04:40:00,501202096,6,1,9,1,0
04:40:00,501203001,0,0,19,1,0
04:40:00,501203002,1,0,21,1,0
04:40:00,501203003,6,1,88,1,0
04:40:00,501203005,9,0,11,1,0
04:40:00,501203006,4,0,11,1,0
04:40:00,501203007,11,0,3,1,0
04:40:00,501203008,7,2,9,1,0
04:40:00,501203010,20,2,13,1,0
04:40:00,501203011,30,6,8,1,0
04:40:00,501203012,10,0,7,1,0
04:40:00,501203013,2,0,21,1,0
04:40:00,501203015,10,3,2,1,0
04:40:00,501203020,13,0,6,1,0
04:40:00,501203022,8,1,11,1,0
04:40:00,501203023,4,1,14,1,0
04:40:00,501203028,18,0,7,1,0
04:40:00,501203040,4,2,20,1,0
04:40:00,501203045,4,1,14,1,0
04:40:00,501203050,47,0,13,1,0
04:40:00,501203051,17,0,7,1,0
04:40:00,501203053,6,0,20,1,0
04:40:00,501203054,2,2,20,1,0
04:40:00,501203064,7,1,8,1,0
04:40:00,501203065,15,0,1,1,0
04:40:00,501203070,13,2,2,1,0
04:40:00,501203073,4,0,20,1,0
04:40:00,501203076,6,0,10,1,0
04:40:00,501203078,7,0,9,1,0
04:40:00,501203080,9,1,6,1,0
04:40:00,501203084,3,0,8,1,0
04:40:00,501203085,5,0,5,1,0
04:40:00,501203088,3,0,11,1,0
04:40:00,501203089,5,0,7,1,0
04:40:00,501203090,1,0,9,1,0
04:40:00,501203091,10,1,3,1,0
04:40:00,501203092,3,0,15,1,0
04:40:00,501203100,12,4,7,1,0
04:40:00,501203101,0,0,0,2,0
04:40:00,501203102,7,1,12,1,0
04:40:00,501203104,4,1,15,1,0
04:40:00,501203105,7,3,3,1,0
04:40:00,501203107,0,0,0,2,0
04:40:00,501203109,2,0,24,1,0
04:40:00,501203110,3,0,38,1,0
04:40:00,501203111,10,0,1,1,0
04:40:00,501203113,5,0,14,1,0
04:40:00,501203114,2,0,48,1,0
04:40:00,501203117,0,0,0,2,0
04:40:00,501203118,18,0,2,1,0
04:40:00,501203121,17,2,7,1,0
04:40:00,501203122,11,1,9,1,0
04:40:00,501203125,20,1,5,1,0
04:40:00,501203131,16,5,4,1,0
04:40:00,501203140,5,0,37,1,0
04:40:00,501203141,6,1,10,1,0
04:40:00,501203142,7,3,29,1,0
04:40:00,501203145,9,1,6,1,0
04:40:00,501203151,17,0,0,1,0
04:40:00,501203155,6,0,13,1,0
04:40:00,501203157,4,1,13,1,0
04:40:00,501203159,5,1,15,1,0
04:40:00,501203161,1,0,18,1,0
04:40:00,501203162,10,0,11,1,0
04:40:00,501203163,10,3,6,1,0
04:40:00,501204001,4,1,21,1,0
04:40:00,501204002,4,0,32,1,0
04:40:00,501204003,17,0,27,1,0
04:40:00,501204004,6,0,8,1,0
04:40:00,501204005,12,2,8,1,0
04:40:00,501204007,5,0,31,1,0
04:40:00,501204008,6,0,9,1,0
04:40:00,501204009,0,0,0,2,0
04:40:00,501204010,0,0,0,2,0
04:40:00,501204011,9,1,6,1,0
04:40:00,501204012,10,1,4,1,0
04:40:00,501204013,10,2,3,1,0
04:40:00,501204014,6,1,10,1,0
04:40:00,501204015,10,0,5,1,0
04:40:00,501204016,6,0,14,1,0
04:40:00,501204017,9,3,6,1,0
04:40:00,501204018,17,3,7,1,0
04:40:00,501204020,7,1,13,1,0
04:40:00,501204021,6,0,14,1,0
04:40:00,501204022,9,0,7,1,0
04:40:00,501204023,13,2,2,1,0
04:40:00,501204024,0,0,0,2,0
04:40:00,501204025,9,0,11,1,0
04:40:00,501205001,8,0,9,1,0
04:40:00,501205003,5,0,13,1,0
04:40:00,501205004,13,1,3,1,0
04:40:00,501205005,4,0,18,1,0
04:40:00,501205006,16,0,4,1,0
04:40:00,501205007,4,1,8,1,0
04:40:00,501205008,10,0,16,1,0
04:40:00,501205009,28,0,17,1,0
04:40:00,501205010,3,0,10,1,0
04:40:00,501205011,9,0,23,1,0
04:40:00,501205012,7,1,13,1,0
04:40:00,501205013,2,0,19,1,0
04:40:00,501205014,22,11,1,1,0
04:40:00,501205015,6,0,12,1,0
04:40:00,501205018,12,1,6,1,0
04:40:00,501205019,4,0,24,1,0
04:40:00,501205020,1,0,29,1,0
04:40:00,501205021,6,2,9,1,0
04:40:00,501205022,6,0,9,1,0
04:40:00,501205023,4,1,11,1,0
04:40:00,501205025,26,2,1,1,0
04:40:00,501205026,8,1,11,1,0
04:40:00,501205027,1,0,9,1,0
04:40:00,501205028,4,0,11,1,0
04:40:00,501205029,4,0,6,1,0
04:40:00,501205030,6,0,4,1,0
04:40:00,501205033,3,0,12,1,0
04:40:00,501205034,1,1,27,1,0
04:40:00,501205035,7,3,9,1,0
04:40:00,501205036,5,1,10,1,0
04:40:00,501205037,7,1,8,1,0
04:40:00,501205038,6,1,14,1,0
04:40:00,501205039,10,1,10,1,0
04:40:00,501205040,13,0,12,1,0
04:40:00,501205041,13,0,4,1,0
04:40:00,501205042,6,2,23,1,0
04:40:00,501208011,18,4,19,1,0
04:40:00,501208013,32,5,22,1,0
04:40:00,501208014,6,0,32,1,0
04:40:00,501208015,7,1,8,1,0
04:40:00,501208018,11,0,4,1,0
04:40:00,501208021,1,0,16,1,0
04:40:00,501208027,5,0,25,1,0
04:40:00,501208029,15,1,6,1,0
04:40:00,501208030,12,0,26,1,0
04:40:00,501208032,13,0,15,1,0
04:40:00,501208040,7,1,12,1,0
04:40:00,501208041,2,0,13,1,0
04:40:00,501208045,12,0,20,1,0
04:40:00,501208051,1,0,35,1,0
04:40:00,501208053,12,0,9,1,0
04:40:00,501208054,2,0,26,1,0
04:40:00,501208059,4,0,25,1,0
04:40:00,501208064,5,0,15,1,0
04:40:00,501208077,7,0,3,1,0
04:40:00,501208079,2,0,20,1,0
04:40:00,501208082,1,1,9,1,0
04:40:00,501208085,15,0,2,1,0
04:40:00,501208087,18,0,13,1,0
04:40:00,501208089,15,1,10,1,0
04:40:00,501208091,1,0,42,1,0
04:40:00,501208111,8,3,7,1,0
04:40:00,501208113,5,0,15,1,0
04:40:00,501208114,6,0,14,1,0
04:40:00,501208129,4,0,18,1,0
04:40:00,501208130,7,0,7,1,0
04:40:00,501209002,17,1,3,1,0
04:40:00,501209003,2,0,12,1,0
04:40:00,501209004,7,1,8,1,0
04:40:00,501209005,1,1,17,1,0
04:40:00,501209006,8,2,11,1,0
04:40:00,501209007,12,0,3,1,0
04:40:00,501209009,0,0,0,2,0
04:40:00,501209010,6,1,8,1,0
04:40:00,501209011,5,0,20,1,0
04:40:00,501209014,3,0,9,1,0
04:40:00,501209015,9,1,6,1,0
04:40:00,501209016,9,3,20,1,0
04:40:00,501209017,10,0,3,1,0
04:40:00,501209018,2,0,14,1,0
04:40:00,501209019,3,0,21,1,0
04:40:00,501209020,6,1,26,1,0
04:40:00,501209021,5,0,9,1,0
04:40:00,501209022,3,1,7,1,0
04:40:00,501209023,39,0,4,1,0
04:40:00,501209024,7,0,35,1,0
04:40:00,501209025,8,0,7,1,0
04:40:00,501209026,22,1,4,1,0
04:40:00,501209027,1,1,18,1,0
04:40:00,501209028,4,0,24,1,0
04:40:00,501209030,17,0,1,1,0
04:40:00,501209031,16,0,14,1,0
04:40:00,501209032,6,1,22,1,0
04:40:00,501209033,9,3,11,1,0
04:40:00,501209034,2,2,13,1,0
04:40:00,501209035,1,0,27,1,0
04:40:00,501209036,2,0,29,1,0
04:40:00,501209037,20,2,15,1,0
04:40:00,501209038,13,4,3,1,0
04:40:00,501209039,6,0,24,1,0
04:40:00,501209040,8,0,23,1,0
04:40:00,501209042,8,4,12,1,0
04:40:00,501209043,18,0,7,1,0
04:40:00,501209044,12,5,3,1,0
04:40:00,501209045,10,1,5,1,0
04:40:00,501209046,16,0,5,1,0
04:40:00,501209047,9,2,5,1,0
04:40:00,501209049,5,0,15,1,0
04:40:00,501209050,12,1,1,1,0
04:40:00,501209051,4,1,20,1,0
04:40:00,501209052,5,0,17,1,0
04:40:00,501209053,3,1,17,1,0
04:40:00,501209054,11,4,16,1,0
04:40:00,501209056,9,0,6,1,0
04:40:00,501209058,15,2,1,1,0
04:40:00,501209059,5,0,10,1,0
04:40:00,501209060,3,0,17,1,0
04:40:00,501209062,10,0,5,1,0
04:40:00,501209064,8,0,7,1,0
04:40:00,501209065,9,0,6,1,0
04:40:00,501209066,10,0,4,1,0
04:40:00,501209067,10,1,5,1,0
04:40:00,501209068,6,1,11,1,0
04:40:00,501209069,6,0,57,1,0
04:40:00,501209070,2,2,14,1,0
04:40:00,501209071,5,0,12,1,0
04:40:00,501209073,11,3,4,1,0
04:40:00,501209074,9,0,14,1,0
04:40:00,501209075,4,1,12,1,0
04:40:00,501209076,5,2,18,1,0
04:40:00,501209077,6,1,9,1,0
04:40:00,501209078,8,1,5,1,0
04:40:00,501209079,17,1,8,1,0
04:40:00,501209080,14,1,13,1,0
04:40:00,501209081,4,2,11,1,0
04:40:00,501209084,8,1,15,1,0
04:40:00,501209085,2,1,26,1,0
04:40:00,501209087,4,0,35,1,0
04:40:00,501209088,4,1,11,1,0
04:40:00,501209089,3,0,16,1,0
04:40:00,501209090,7,2,7,1,0
04:40:00,501209091,5,1,11,1,0
04:40:00,501209092,8,0,8,1,0
04:40:00,501209093,2,1,13,1,0
04:40:00,501209094,6,0,10,1,0
04:40:00,501209095,6,5,8,1,0
04:40:00,501209096,10,1,5,1,0
04:40:00,501209097,3,1,12,1,0
04:40:00,501209098,6,0,9,1,0
04:40:00,501209099,4,0,15,1,0
04:40:00,501209100,8,0,7,1,0
04:40:00,501209101,5,0,10,1,0
04:40:00,501209102,6,1,14,1,0
04:40:00,501209104,1,0,18,1,0
04:40:00,501209105,16,4,10,1,0
04:40:00,501209106,2,0,18,1,0
04:40:00,501211001,24,8,14,1,0
04:40:00,501211002,5,3,10,1,0
04:40:00,501211004,10,1,5,1,0
04:40:00,501211005,8,0,11,1,0
04:40:00,501211006,10,0,7,1,0
04:40:00,501211007,13,0,5,1,0
04:40:00,501211009,6,1,12,1,0
04:40:00,501211011,9,1,21,1,0
04:40:00,501211012,7,1,11,1,0
04:50:00,501201001,0,0,0,2,0
04:50:00,501201002,9,0,30,1,0
04:50:00,501201003,3,0,20,1,0
04:50:00,501201004,4,1,9,1,0
04:50:00,501201005,1,0,18,1,0
04:50:00,501201006,8,3,20,1,0
04:50:00,501201007,3,2,16,1,0
04:50:00,501201008,10,3,15,1,0
04:50:00,501201010,5,1,5,1,0
04:50:00,501201011,8,2,14,1,0
04:50:00,501201012,8,0,28,1,0
04:50:00,501201013,5,0,17,1,0
04:50:00,501201014,8,0,10,1,0
04:50:00,501201015,12,0,13,1,0
04:50:00,501201016,4,1,20,1,0
04:50:00,501201017,9,0,16,1,0
04:50:00,501201018,5,1,18,1,0
04:50:00,501201019,7,1,19,1,0
04:50:00,501201020,8,0,16,1,0
04:50:00,501201021,6,0,8,1,0
04:50:00,501201022,3,0,13,1,0
04:50:00,501201023,8,0,20,1,0
04:50:00,501201024,6,0,18,1,0
04:50:00,501201025,6,0,18,1,0
04:50:00,501201026,11,1,8,1,0
04:50:00,501201028,10,2,10,1,0
04:50:00,501201029,7,1,6,1,0
04:50:00,501201030,1,0,13,1,0
04:50:00,501201031,8,0,9,1,0
04:50:00,501202001,3,0,11,1,0
04:50:00,501202003,15,0,25,1,0
04:50:00,501202013,1,0,16,1,0
04:50:00,501202023,8,0,7,1,0
04:50:00,501202024,6,1,8,1,0
04:50:00,501202034,8,0,8,1,0
04:50:00,501202035,17,0,13,1,0
04:50:00,501202036,17,0,22,1,0
04:50:00,501202040,14,1,29,1,0
04:50:00,501202043,3,0,21,1,0
04:50:00,501202044,0,0,0,2,0
04:50:00,501202047,6,2,16,1,0
04:50:00,501202050,8,2,8,1,0
04:50:00,501202055,11,0,4,1,0
04:50:00,501202058,7,0,8,1,0
04:50:00,501202065,8,0,7,1,0
04:50:00,501202068,11,0,7,1,0
04:50:00,501202070,7,1,9,1,0
04:50:00,501202078,2,0,23,1,0
04:50:00,501202080,5,0,21,1,0
04:50:00,501202081,6,0,17,1,0
04:50:00,501202082,7,2,16,1,0
04:50:00,501202083,15,0,9,1,0
04:50:00,501202084,11,1,12,1,0
04:50:00,501202085,6,0,29,1,0
04:50:00,501202088,4,2,26,1,0
04:50:00,501202089,2,0,27,1,0
04:50:00,501202096,7,1,8,1,0
04:50:00,501203001,0,0,19,1,0
04:50:00,501203002,1,0,21,1,0
04:50:00,501203003,6,1,88,1,0
04:50:00,501203005,9,0,11,1,0
04:50:00,501203006,4,0,11,1,0
04:50:00,501203007,11,0,3,1,0
04:50:00,501203008,6,2,10,1,0
04:50:00,501203010,20,2,13,1,0
04:50:00,501203011,30,6,8,1,0
04:50:00,501203012,10,0,7,1,0
04:50:00,501203013,12,1,12,1,0
04:50:00,501203015,10,3,2,1,0
04:50:00,501203020,13,0,6,1,0
04:50:00,501203022,8,1,11,1,0
04:50:00,501203023,4,1,14,1,0
04:50:00,501203028,17,0,8,1,0
04:50:00,501203040,4,2,20,1,0
04:50:00,501203045,3,0,15,1,0
04:50:00,501203050,47,0,13,1,0
04:50:00,501203051,17,0,7,1,0
04:50:00,501203053,6,0,20,1,0
04:50:00,501203054,2,2,20,1,0
04:50:00,501203064,7,1,8,1,0
04:50:00,501203065,14,0,2,1,0
04:50:00,501203070,13,2,2,1,0
04:50:00,501203073,4,0,20,1,0
04:50:00,501203076,6,0,10,1,0
04:50:00,501203078,7,0,9,1,0
04:50:00,501203080,9,1,6,1,0
04:50:00,501203084,3,0,8,1,0
04:50:00,501203085,5,0,5,1,0
04:50:00,501203088,0,0,14,1,0
04:50:00,501203089,5,0,7,1,0
04:50:00,501203090,1,0,9,1,0
04:50:00,501203091,11,2,2,1,0
04:50:00,501203092,3,0,15,1,0
04:50:00,501203100,12,4,7,1,0
04:50:00,501203101,0,0,0,2,0
04:50:00,501203102,7,1,12,1,0
04:50:00,501203104,4,1,15,1,0
04:50:00,501203105,7,3,3,1,0
04:50:00,501203107,0,0,0,2,0
04:50:00,501203109,2,0,24,1,0
04:50:00,501203110,3,0,38,1,0
04:50:00,501203111,10,0,1,1,0
04:50:00,501203113,5,0,14,1,0
04:50:00,501203114,2,0,48,1,0
04:50:00,501203117,0,0,0,2,0
04:50:00,501203118,18,0,2,1,0
04:50:00,501203121,17,2,7,1,0
04:50:00,501203122,11,1,9,1,0
04:50:00,501203125,20,1,5,1,0
04:50:00,501203131,16,5,4,1,0
04:50:00,501203140,5,0,37,1,0
04:50:00,501203141,6,1,10,1,0
04:50:00,501203142,6,3,30,1,0
04:50:00,501203145,9,1,6,1,0
04:50:00,501203151,17,0,0,1,0
04:50:00,501203155,6,0,13,1,0
04:50:00,501203157,4,1,13,1,0
04:50:00,501203159,5,1,15,1,0
04:50:00,501203161,1,0,18,1,0
04:50:00,501203162,10,0,11,1,0
04:50:00,501203163,10,3,6,1,0
04:50:00,501204001,4,1,21,1,0
04:50:00,501204002,4,0,32,1,0
04:50:00,501204003,17,0,27,1,0
04:50:00,501204004,6,0,8,1,0
04:50:00,501204005,11,1,9,1,0
04:50:00,501204007,5,0,31,1,0
04:50:00,501204008,6,0,9,1,0
04:50:00,501204009,0,0,0,2,0
04:50:00,501204010,0,0,0,2,0
04:50:00,501204011,9,1,6,1,0
04:50:00,501204012,9,0,5,1,0
04:50:00,501204013,9,1,4,1,0
04:50:00,501204014,6,1,10,1,0
04:50:00,501204015,10,0,5,1,0
04:50:00,501204016,6,0,14,1,0
04:50:00,501204017,9,3,6,1,0
04:50:00,501204018,17,3,7,1,0
04:50:00,501204020,8,1,12,1,0
04:50:00,501204021,6,0,14,1,0
04:50:00,501204022,9,0,7,1,0
04:50:00,501204023,13,2,2,1,0
04:50:00,501204024,0,0,0,2,0
04:50:00,501204025,9,0,11,1,0
04:50:00,501205001,8,0,9,1,0
04:50:00,501205003,5,0,13,1,0
04:50:00,501205004,13,1,3,1,0
04:50:00,501205005,4,0,18,1,0
04:50:00,501205006,16,0,4,1,0
04:50:00,501205007,4,1,8,1,0
04:50:00,501205008,10,0,16,1,0
04:50:00,501205009,28,0,17,1,0
04:50:00,501205010,3,0,10,1,0
04:50:00,501205011,9,0,23,1,0
04:50:00,501205012,7,1,13,1,0
04:50:00,501205013,2,0,19,1,0
04:50:00,501205014,22,11,1,1,0
04:50:00,501205015,5,0,13,1,0
04:50:00,501205018,12,1,6,1,0
04:50:00,501205019,4,0,24,1,0
04:50:00,501205020,1,0,29,1,0
04:50:00,501205021,6,2,9,1,0
04:50:00,501205022,6,0,9,1,0
04:50:00,501205023,4,1,11,1,0
04:50:00,501205025,26,2,1,1,0
04:50:00,501205026,8,1,11,1,0
04:50:00,501205027,1,0,9,1,0
04:50:00,501205028,4,0,11,1,0
04:50:00,501205029,4,0,6,1,0
04:50:00,501205030,6,0,4,1,0
04:50:00,501205033,3,0,12,1,0
04:50:00,501205034,1,1,27,1,0
04:50:00,501205035,7,3,9,1,0
04:50:00,501205036,5,1,10,1,0
04:50:00,501205037,7,1,8,1,0
04:50:00,501205038,6,1,14,1,0
04:50:00,501205039,10,1,10,1,0
04:50:00,501205040,13,0,12,1,0
04:50:00,501205041,12,0,5,1,0
04:50:00,501205042,6,2,23,1,0
04:50:00,501208011,19,4,18,1,0
04:50:00,501208013,32,5,22,1,0
04:50:00,501208014,6,0,32,1,0
04:50:00,501208015,7,1,8,1,0
04:50:00,501208018,11,0,4,1,0
04:50:00,501208021,1,0,16,1,0
04:50:00,501208027,5,0,25,1,0
04:50:00,501208029,15,1,6,1,0
04:50:00,501208030,12,0,26,1,0
04:50:00,501208032,13,0,15,1,0
04:50:00,501208040,7,1,12,1,0
04:50:00,501208041,2,0,13,1,0
04:50:00,501208045,12,0,20,1,0
04:50:00,501208051,1,0,35,1,0
04:50:00,501208053,12,0,9,1,0
04:50:00,501208054,2,0,26,1,0
04:50:00,501208059,4,0,25,1,0
04:50:00,501208064,5,0,15,1,0
04:50:00,501208077,7,0,3,1,0
04:50:00,501208079,2,0,20,1,0
04:50:00,501208082,1,1,9,1,0
04:50:00,501208085,15,0,2,1,0
04:50:00,501208087,18,0,13,1,0
04:50:00,501208089,15,1,10,1,0
04:50:00,501208091,1,0,42,1,0
04:50:00,501208111,8,3,7,1,0
04:50:00,501208113,5,0,15,1,0
04:50:00,501208114,6,0,14,1,0
04:50:00,501208129,4,0,18,1,0
04:50:00,501208130,7,0,7,1,0
04:50:00,501209002,17,1,3,1,0
04:50:00,501209003,2,0,12,1,0
04:50:00,501209004,7,1,8,1,0
04:50:00,501209005,1,1,17,1,0
04:50:00,501209006,8,2,11,1,0
04:50:00,501209007,12,0,3,1,0
04:50:00,501209009,0,0,0,2,0
04:50:00,501209010,6,1,8,1,0
04:50:00,501209011,5,0,20,1,0
04:50:00,501209014,3,0,9,1,0
04:50:00,501209015,9,1,6,1,0
04:50:00,501209016,9,3,20,1,0
04:50:00,501209017,9,0,4,1,0
04:50:00,501209018,3,1,13,1,0
04:50:00,501209019,3,0,21,1,0
04:50:00,501209020,6,1,26,1,0
04:50:00,501209021,5,0,9,1,0
04:50:00,501209022,3,1,7,1,0
04:50:00,501209023,39,0,4,1,0
04:50:00,501209024,7,0,35,1,0
04:50:00,501209025,8,0,7,1,0
04:50:00,501209026,22,1,4,1,0
04:50:00,501209027,1,1,18,1,0
04:50:00,501209028,4,0,24,1,0
04:50:00,501209030,17,0,1,1,0
04:50:00,501209031,16,0,14,1,0
04:50:00,501209032,7,1,21,1,0
04:50:00,501209033,9,3,11,1,0
04:50:00,501209034,2,2,13,1,0
04:50:00,501209035,1,0,27,1,0
04:50:00,501209036,2,0,29,1,0
04:50:00,501209037,20,2,15,1,0
04:50:00,501209038,13,4,3,1,0
04:50:00,501209039,6,0,24,1,0
04:50:00,501209040,8,0,23,1,0
04:50:00,501209042,8,3,12,1,0
04:50:00,501209043,18,0,7,1,0
04:50:00,501209044,12,5,3,1,0
04:50:00,501209045,10,1,5,1,0
04:50:00,501209046,16,0,5,1,0
04:50:00,501209047,9,2,5,1,0
04:50:00,501209049,5,0,15,1,0
04:50:00,501209050,12,1,1,1,0
04:50:00,501209051,4,1,20,1,0
04:50:00,501209052,5,0,17,1,0
04:50:00,501209053,3,1,17,1,0
04:50:00,501209054,11,4,16,1,0
04:50:00,501209056,9,0,6,1,0
04:50:00,501209058,15,2,1,1,0
04:50:00,501209059,5,0,10,1,0
04:50:00,501209060,3,0,17,1,0
04:50:00,501209062,10,0,5,1,0
04:50:00,501209064,8,0,7,1,0
04:50:00,501209065,9,0,6,1,0
04:50:00,501209066,10,0,4,1,0
04:50:00,501209067,9,1,6,1,0
04:50:00,501209068,6,1,11,1,0
04:50:00,501209069,6,0,57,1,0
04:50:00,501209070,2,2,14,1,0
04:50:00,501209071,5,0,12,1,0
04:50:00,501209073,11,3,4,1,0
04:50:00,501209074,9,0,14,1,0
04:50:00,501209075,4,1,12,1,0
04:50:00,501209076,5,2,18,1,0
04:50:00,501209077,6,1,9,1,0
04:50:00,501209078,8,1,5,1,0
04:50:00,501209079,17,1,8,1,0
04:50:00,501209080,14,1,13,1,0
04:50:00,501209081,4,2,11,1,0
04:50:00,501209084,8,1,15,1,0
04:50:00,501209085,2,1,26,1,0
04:50:00,501209087,4,0,35,1,0
04:50:00,501209088,4,1,11,1,0
04:50:00,501209089,3,0,16,1,0
04:50:00,501209090,6,1,8,1,0
04:50:00,501209091,5,1,11,1,0
04:50:00,501209092,8,0,8,1,0
04:50:00,501209093,2,1,13,1,0
04:50:00,501209094,6,0,10,1,0
04:50:00,501209095,6,5,8,1,0
04:50:00,501209096,10,1,5,1,0
04:50:00,501209097,3,1,12,1,0
04:50:00,501209098,6,0,9,1,0
04:50:00,501209099,4,0,15,1,0
04:50:00,501209100,8,0,7,1,0
04:50:00,501209101,5,0,10,1,0
04:50:00,501209102,6,1,14,1,0
04:50:00,501209104,1,0,18,1,0
04:50:00,501209105,16,4,10,1,0
04:50:00,501209106,2,0,18,1,0
04:50:00,501211001,24,8,14,1,0
04:50:00,501211002,5,3,10,1,0
04:50:00,501211004,10,1,5,1,0
04:50:00,501211005,8,0,11,1,0
04:50:00,501211006,10,0,7,1,0
04:50:00,501211007,13,0,5,1,0
04:50:00,501211009,6,1,12,1,0
04:50:00,501211011,9,1,21,1,0
04:50:00,501211012,7,1,11,1,0
05:00:00,501201001,0,0,0,2,0
05:00:00,501201002,9,0,30,1,0
05:00:00,501201003,3,0,20,1,0
05:00:00,501201004,4,1,9,1,0
05:00:00,501201005,0,0,19,1,0
05:00:00,501201006,8,3,20,1,0
05:00:00,501201007,3,2,16,1,0
05:00:00,501201008,10,3,15,1,0
05:00:00,501201010,5,1,5,1,0
05:00:00,501201011,8,2,14,1,0
05:00:00,501201012,8,0,28,1,0
05:00:00,501201013,5,0,17,1,0
05:00:00,501201014,8,0,10,1,0
05:00:00,501201015,12,0,13,1,0
05:00:00,501201016,4,1,20,1,0
05:00:00,501201017,9,0,16,1,0
05:00:00,501201018,5,1,18,1,0
05:00:00,501201019,7,1,19,1,0
05:00:00,501201020,8,0,16,1,0
05:00:00,501201021,6,0,8,1,0
05:00:00,501201022,3,0,13,1,0
05:00:00,501201023,8,0,20,1,0
05:00:00,501201024,6,0,18,1,0
05:00:00,501201025,6,0,18,1,0
05:00:00,501201026,11,1,8,1,0
05:00:00,501201028,10,2,10,1,0
05:00:00,501201029,7,1,6,1,0
05:00:00,501201030,6,1,8,1,0
05:00:00,501201031,8,0,9,1,0
05:00:00,501202001,3,0,11,1,0
05:00:00,501202003,15,0,25,1,0
05:00:00,501202013,1,0,16,1,0
05:00:00,501202023,8,0,7,1,0
05:00:00,501202024,5,0,9,1,0
05:00:00,501202034,8,0,8,1,0
05:00:00,501202035,17,0,13,1,0
05:00:00,501202036,17,0,22,1,0
05:00:00,501202040,4,1,41,1,0
05:00:00,501202043,3,0,21,1,0
05:00:00,501202044,0,0,0,2,0
05:00:00,501202047,6,2,16,1,0
05:00:00,501202050,8,2,8,1,0
05:00:00,501202055,11,0,4,1,0
05:00:00,501202058,7,0,8,1,0
05:00:00,501202065,8,0,7,1,0
05:00:00,501202068,11,0,7,1,0
05:00:00,501202070,7,1,9,1,0
05:00:00,501202078,2,0,23,1,0
05:00:00,501202080,5,0,21,1,0
05:00:00,501202081,6,0,17,1,0
05:00:00,501202082,7,2,16,1,0
05:00:00,501202083,15,0,9,1,0
05:00:00,501202084,11,1,12,1,0
05:00:00,501202085,5,0,30,1,0
05:00:00,501202088,4,2,26,1,0
05:00:00,501202089,2,0,27,1,0
05:00:00,501202096,6,0,9,1,0
05:00:00,501203001,8,0,11,1,0
05:00:00,501203002,1,0,21,1,0
05:00:00,501203003,6,1,88,1,0
05:00:00,501203005,9,0,11,1,0
05:00:00,501203006,4,0,11,1,0
05:00:00,501203007,11,0,3,1,0
05:00:00,501203008,6,2,10,1,0
05:00:00,501203010,20,2,13,1,0
05:00:00,501203011,30,6,8,1,0
05:00:00,501203012,10,0,7,1,0
05:00:00,501203013,12,1,12,1,0
05:00:00,501203015,10,3,2,1,0
05:00:00,501203020,13,0,6,1,0
05:00:00,501203022,8,1,11,1,0
05:00:00,501203023,4,1,14,1,0
05:00:00,501203028,17,0,8,1,0
05:00:00,501203040,4,2,20,1,0
05:00:00,501203045,2,0,16,1,0
05:00:00,501203050,47,0,13,1,0
05:00:00,501203051,17,0,7,1,0
05:00:00,501203053,6,0,20,1,0
05:00:00,501203054,2,2,20,1,0
05:00:00,501203064,7,1,8,1,0
05:00:00,501203065,15,0,1,1,0
05:00:00,501203070,13,2,2,1,0
05:00:00,501203073,4,0,20,1,0
05:00:00,501203076,6,0,10,1,0
05:00:00,501203078,7,0,9,1,0
05:00:00,501203080,9,1,6,1,0
05:00:00,501203084,3,0,8,1,0
05:00:00,501203085,5,0,5,1,0
05:00:00,501203088,0,0,14,1,0
05:00:00,501203089,5,0,7,1,0
05:00:00,501203090,1,0,9,1,0
05:00:00,501203091,11,2,2,1,0
05:00:00,501203092,3,0,15,1,0
05:00:00,501203100,12,4,7,1,0
05:00:00,501203101,0,0,0,2,0
05:00:00,501203102,7,1,12,1,0
05:00:00,501203104,4,1,15,1,0
05:00:00,501203105,7,3,3,1,0
05:00:00,501203107,0,0,0,2,0
05:00:00,501203109,2,0,24,1,0
05:00:00,501203110,3,0,38,1,0
05:00:00,501203111,10,0,1,1,0
05:00:00,501203113,6,0,13,1,0
05:00:00,501203114,2,0,48,1,0
05:00:00,501203117,0,0,0,2,0
05:00:00,501203118,18,0,2,1,0
05:00:00,501203121,17,2,7,1,0
05:00:00,501203122,11,1,9,1,0
05:00:00,501203125,20,1,5,1,0
05:00:00,501203131,16,5,4,1,0
05:00:00,501203140,6,0,36,1,0
05:00:00,501203141,6,1,10,1,0
05:00:00,501203142,7,3,29,1,0
05:00:00,501203145,9,1,6,1,0
05:00:00,501203151,17,0,0,1,0
05:00:00,501203155,6,0,13,1,0
05:00:00,501203157,4,1,13,1,0
05:00:00,501203159,5,1,15,1,0
05:00:00,501203161,1,0,18,1,0
05:00:00,501203162,10,0,11,1,0
05:00:00,501203163,10,3,6,1,0
05:00:00,501204001,4,1,21,1,0
05:00:00,501204002,4,0,32,1,0
05:00:00,501204003,17,0,27,1,0
05:00:00,501204004,6,0,8,1,0
05:00:00,501204005,11,1,9,1,0
05:00:00,501204007,5,0,31,1,0
05:00:00,501204008,6,0,9,1,0
05:00:00,501204009,0,0,0,2,0
05:00:00,501204010,0,0,0,2,0
05:00:00,501204011,9,1,6,1,0
05:00:00,501204012,9,0,5,1,0
05:00:00,501204013,9,1,4,1,0
05:00:00,501204014,6,1,10,1,0
05:00:00,501204015,10,0,5,1,0
05:00:00,501204016,6,0,14,1,0
05:00:00,501204017,9,3,6,1,0
05:00:00,501204018,17,3,7,1,0
05:00:00,501204020,8,1,12,1,0
05:00:00,501204021,7,1,13,1,0
05:00:00,501204022,9,0,7,1,0
05:00:00,501204023,13,2,2,1,0
05:00:00,501204024,0,0,0,2,0
05:00:00,501204025,9,0,11,1,0
05:00:00,501205001,8,0,9,1,0
05:00:00,501205003,5,0,13,1,0
05:00:00,501205004,13,1,3,1,0
05:00:00,501205005,4,0,18,1,0
05:00:00,501205006,16,0,4,1,0
05:00:00,501205007,4,1,8,1,0
05:00:00,501205008,10,0,16,1,0
05:00:00,501205009,28,0,17,1,0
05:00:00,501205010,3,0,10,1,0
05:00:00,501205011,9,0,23,1,0
05:00:00,501205012,7,1,13,1,0
05:00:00,501205013,2,0,19,1,0
05:00:00,501205014,16,10,7,1,0
05:00:00,501205015,5,0,13,1,0
05:00:00,501205018,12,1,6,1,0
05:00:00,501205019,4,0,24,1,0
05:00:00,501205020,1,0,29,1,0
05:00:00,501205021,6,2,9,1,0
05:00:00,501205022,6,0,9,1,0
05:00:00,501205023,4,1,11,1,0
05:00:00,501205025,26,2,1,1,0
05:00:00,501205026,8,1,11,1,0
05:00:00,501205027,1,0,9,1,0
05:00:00,501205028,4,0,11,1,0
05:00:00,501205029,4,0,6,1,0
05:00:00,501205030,6,0,4,1,0
05:00:00,501205033,3,0,12,1,0
05:00:00,501205034,1,1,27,1,0
05:00:00,501205035,7,3,9,1,0
05:00:00,501205036,5,1,10,1,0
05:00:00,501205037,7,1,8,1,0
05:00:00,501205038,6,1,14,1,0
05:00:00,501205039,10,1,10,1,0
05:00:00,501205040,13,0,12,1,0
05:00:00,501205041,12,0,5,1,0
05:00:00,501205042,6,2,23,1,0
05:00:00,501208011,19,4,18,1,0
05:00:00,501208013,32,5,22,1,0
05:00:00,501208014,6,0,32,1,0
05:00:00,501208015,7,1,8,1,0
05:00:00,501208018,10,0,5,1,0
05:00:00,501208021,1,0,16,1,0
05:00:00,501208027,5,0,25,1,0
05:00:00,501208029,15,0,6,1,0
05:00:00,501208030,12,0,26,1,0
05:00:00,501208032,13,0,15,1,0
05:00:00,501208040,7,1,12,1,0
05:00:00,501208041,2,0,13,1,0
05:00:00,501208045,12,0,20,1,0
05:00:00,501208051,1,0,35,1,0
05:00:00,501208053,12,0,9,1,0
05:00:00,501208054,2,0,26,1,0
05:00:00,501208059,4,0,25,1,0
05:00:00,501208064,5,0,15,1,0
05:00:00,501208077,7,0,3,1,0
05:00:00,501208079,2,0,20,1,0
05:00:00,501208082,1,1,9,1,0
05:00:00,501208085,15,0,2,1,0
05:00:00,501208087,18,0,13,1,0
05:00:00,501208089,15,1,10,1,0
05:00:00,501208091,1,0,42,1,0
05:00:00,501208111,8,3,7,1,0
05:00:00,501208113,5,0,15,1,0
05:00:00,501208114,6,0,14,1,0
05:00:00,501208129,4,0,18,1,0
05:00:00,501208130,7,0,7,1,0
05:00:00,501209002,17,1,3,1,0
05:00:00,501209003,2,0,12,1,0
05:00:00,501209004,7,1,8,1,0
05:00:00,501209005,1,1,17,1,0
05:00:00,501209006,7,1,12,1,0
05:00:00,501209007,12,0,3,1,0
05:00:00,501209009,0,0,0,2,0
05:00:00,501209010,6,1,8,1,0
05:00:00,501209011,5,0,20,1,0
05:00:00,501209014,3,0,9,1,0
05:00:00,501209015,9,1,6,1,0
05:00:00,501209016,9,3,20,1,0
05:00:00,501209017,9,0,4,1,0
05:00:00,501209018,3,1,13,1,0
05:00:00,501209019,3,0,21,1,0
05:00:00,501209020,6,1,26,1,0
05:00:00,501209021,5,0,9,1,0
05:00:00,501209022,3,1,7,1,0
05:00:00,501209023,39,0,4,1,0
05:00:00,501209024,7,0,35,1,0
05:00:00,501209025,8,0,7,1,0
05:00:00,501209026,22,1,4,1,0
05:00:00,501209027,1,1,18,1,0
05:00:00,501209028,4,0,24,1,0
05:00:00,501209030,17,0,1,1,0
05:00:00,501209031,16,0,14,1,0
05:00:00,501209032,7,1,21,1,0
05:00:00,501209033,9,3,11,1,0
05:00:00,501209034,2,2,13,1,0
05:00:00,501209035,1,0,27,1,0
05:00:00,501209036,2,0,29,1,0
05:00:00,501209037,20,2,15,1,0
05:00:00,501209038,13,4,3,1,0
05:00:00,501209039,6,0,24,1,0
05:00:00,501209040,8,0,23,1,0
05:00:00,501209042,8,3,12,1,0
05:00:00,501209043,18,0,7,1,0
05:00:00,501209044,12,5,3,1,0
05:00:00,501209045,10,1,5,1,0
05:00:00,501209046,17,0,4,1,0
05:00:00,501209047,9,2,5,1,0
05:00:00,501209049,5,0,15,1,0
05:00:00,501209050,12,1,1,1,0
05:00:00,501209051,4,1,20,1,0
05:00:00,501209052,5,0,17,1,0
05:00:00,501209053,3,1,17,1,0
05:00:00,501209054,11,4,16,1,0
05:00:00,501209056,9,0,6,1,0
05:00:00,501209058,15,2,1,1,0
05:00:00,501209059,5,0,10,1,0
05:00:00,501209060,3,0,17,1,0
05:00:00,501209062,10,0,5,1,0
05:00:00,501209064,8,0,7,1,0
05:00:00,501209065,9,0,6,1,0
05:00:00,501209066,10,0,4,1,0
05:00:00,501209067,9,1,6,1,0
05:00:00,501209068,6,1,11,1,0
05:00:00,501209069,6,0,57,1,0
05:00:00,501209070,2,2,14,1,0
05:00:00,501209071,5,0,12,1,0
05:00:00,501209073,11,3,4,1,0
05:00:00,501209074,9,0,14,1,0
05:00:00,501209075,4,1,12,1,0
05:00:00,501209076,5,2,18,1,0
05:00:00,501209077,6,1,9,1,0
05:00:00,501209078,8,1,5,1,0
05:00:00,501209079,17,1,8,1,0
05:00:00,501209080,14,1,13,1,0
05:00:00,501209081,4,2,11,1,0
05:00:00,501209084,8,1,15,1,0
05:00:00,501209085,4,2,24,1,0
05:00:00,501209087,4,0,35,1,0
05:00:00,501209088,4,1,11,1,0
05:00:00,501209089,3,0,16,1,0
05:00:00,501209090,6,1,8,1,0
05:00:00,501209091,5,1,11,1,0
05:00:00,501209092,8,0,8,1,0
05:00:00,501209093,2,1,13,1,0
05:00:00,501209094,6,0,10,1,0
05:00:00,501209095,6,5,8,1,0
05:00:00,501209096,10,1,5,1,0
05:00:00,501209097,3,1,12,1,0
05:00:00,501209098,6,0,9,1,0
05:00:00,501209099,4,0,15,1,0
05:00:00,501209100,8,0,7,1,0
05:00:00,501209101,5,0,10,1,0
05:00:00,501209102,6,1,14,1,0
05:00:00,501209104,1,0,18,1,0
05:00:00,501209105,16,4,10,1,0
05:00:00,501209106,2,0,18,1,0
05:00:00,501211001,24,8,14,1,0
05:00:00,501211002,5,3,10,1,0
05:00:00,501211004,10,1,5,1,0
05:00:00,501211005,8,0,11,1,0
05:00:00,501211006,10,0,7,1,0
05:00:00,501211007,13,0,5,1,0
05:00:00,501211009,6,1,12,1,0
05:00:00,501211011,9,1,21,1,0
05:00:00,501211012,7,1,11,1,0
05:10:01,501201001,0,0,0,2,0
05:10:01,501201002,9,0,30,1,0
05:10:01,501201003,3,0,20,1,0
05:10:01,501201004,4,1,9,1,0
05:10:01,501201005,0,0,19,1,0
05:10:01,501201006,8,3,20,1,0
05:10:01,501201007,3,2,16,1,0
05:10:01,501201008,10,3,15,1,0
05:10:01,501201010,5,1,5,1,0
05:10:01,501201011,8,2,14,1,0
05:10:01,501201012,8,0,28,1,0
05:10:01,501201013,5,0,17,1,0
05:10:01,501201014,8,0,10,1,0
05:10:01,501201015,11,0,13,1,0
05:10:01,501201016,4,1,20,1,0
05:10:01,501201017,8,0,17,1,0
05:10:01,501201018,5,1,18,1,0
05:10:01,501201019,7,1,19,1,0
05:10:01,501201020,8,0,16,1,0
05:10:01,501201021,6,0,8,1,0
05:10:01,501201022,3,0,13,1,0
05:10:01,501201023,8,0,20,1,0
05:10:01,501201024,6,0,18,1,0
05:10:01,501201025,6,0,18,1,0
05:10:01,501201026,11,1,8,1,0
05:10:01,501201028,10,2,10,1,0
05:10:01,501201029,7,1,6,1,0
05:10:01,501201030,6,1,8,1,0
05:10:01,501201031,8,0,9,1,0
05:10:01,501202001,3,0,11,1,0
05:10:01,501202003,15,0,25,1,0
05:10:01,501202013,1,0,16,1,0
05:10:01,501202023,8,0,7,1,0
05:10:01,501202024,1,1,14,1,0
05:10:01,501202034,7,0,9,1,0
05:10:01,501202035,17,0,13,1,0
05:10:01,501202036,17,0,22,1,0
05:10:01,501202040,4,1,41,1,0
05:10:01,501202043,3,0,21,1,0
05:10:01,501202044,0,0,0,2,0
05:10:01,501202047,6,2,16,1,0
05:10:01,501202050,8,2,8,1,0
05:10:01,501202055,11,0,4,1,0
05:10:01,501202058,7,0,8,1,0
05:10:01,501202065,7,0,8,1,0
05:10:01,501202068,11,0,7,1,0
05:10:01,501202070,7,1,9,1,0
05:10:01,501202078,2,0,23,1,0
05:10:01,501202080,5,0,21,1,0
05:10:01,501202081,6,0,17,1,0
05:10:01,501202082,7,2,16,1,0
05:10:01,501202083,15,0,9,1,0
05:10:01,501202084,11,1,12,1,0
05:10:01,501202085,5,0,30,1,0
05:10:01,501202088,4,2,26,1,0
05:10:01,501202089,2,0,27,1,0
05:10:01,501202096,6,0,9,1,0
05:10:01,501203001,8,0,11,1,0
05:10:01,501203002,1,0,21,1,0
05:10:01,501203003,7,2,87,1,0
05:10:01,501203005,9,0,11,1,0
05:10:01,501203006,4,0,11,1,0
05:10:01,501203007,11,0,3,1,0
05:10:01,501203008,6,2,10,1,0
05:10:01,501203010,20,2,13,1,0
05:10:01,501203011,30,6,8,1,0
05:10:01,501203012,10,0,7,1,0
05:10:01,501203013,12,1,12,1,0
05:10:01,501203015,10,3,2,1,0
05:10:01,501203020,13,0,6,1,0
05:10:01,501203022,8,1,11,1,0
05:10:01,501203023,4,1,14,1,0
05:10:01,501203028,17,0,8,1,0
05:10:01,501203040,4,2,20,1,0
05:10:01,501203045,2,0,16,1,0
05:10:01,501203050,47,0,13,1,0
05:10:01,501203051,17,0,7,1,0
05:10:01,501203053,6,0,20,1,0
05:10:01,501203054,2,2,20,1,0
05:10:01,501203064,7,1,8,1,0
05:10:01,501203065,14,0,2,1,0
05:10:01,501203070,13,2,2,1,0
05:10:01,501203073,4,0,20,1,0
05:10:01,501203076,6,0,10,1,0
05:10:01,501203078,7,0,9,1,0
05:10:01,501203080,9,1,6,1,0
05:10:01,501203084,3,0,8,1,0
05:10:01,501203085,5,0,5,1,0
05:10:01,501203088,0,0,14,1,0
05:10:01,501203089,5,0,7,1,0
05:10:01,501203090,1,0,9,1,0
05:10:01,501203091,11,2,2,1,0
05:10:01,501203092,3,0,15,1,0
05:10:01,501203100,12,4,7,1,0
05:10:01,501203101,0,0,0,2,0
05:10:01,501203102,7,1,12,1,0
05:10:01,501203104,4,1,15,1,0
05:10:01,501203105,7,3,3,1,0
05:10:01,501203107,0,0,0,2,0
05:10:01,501203109,2,0,24,1,0
05:10:01,501203110,3,0,38,1,0
05:10:01,501203111,10,0,1,1,0
05:10:01,501203113,6,0,13,1,0
05:10:01,501203114,2,0,48,1,0
05:10:01,501203117,0,0,0,2,0
05:10:01,501203118,19,1,1,1,0
05:10:01,501203121,17,2,7,1,0
05:10:01,501203122,11,1,9,1,0
05:10:01,501203125,20,0,5,1,0
05:10:01,501203131,16,5,4,1,0
05:10:01,501203140,6,0,36,1,0
05:10:01,501203141,6,1,10,1,0
05:10:01,501203142,7,3,29,1,0
05:10:01,501203145,9,1,6,1,0
05:10:01,501203151,17,0,0,1,0
05:10:01,501203155,6,0,13,1,0
05:10:01,501203157,5,2,12,1,0
05:10:01,501203159,5,1,15,1,0
05:10:01,501203161,1,0,18,1,0
05:10:01,501203162,10,0,11,1,0
05:10:01,501203163,10,3,6,1,0
05:10:01,501204001,4,1,21,1,0
05:10:01,501204002,4,0,32,1,0
05:10:01,501204003,17,0,27,1,0
05:10:01,501204004,6,0,8,1,0
05:10:01,501204005,11,1,9,1,0
05:10:01,501204007,5,0,31,1,0
05:10:01,501204008,6,0,9,1,0
05:10:01,501204009,0,0,0,2,0
05:10:01,501204010,0,0,0,2,0
05:10:01,501204011,9,1,6,1,0
05:10:01,501204012,9,0,5,1,0
05:10:01,501204013,9,1,4,1,0
05:10:01,501204014,6,1,10,1,0
05:10:01,501204015,10,0,5,1,0
05:10:01,501204016,6,0,14,1,0
05:10:01,501204017,9,3,6,1,0
05:10:01,501204018,17,3,7,1,0
05:10:01,501204020,8,1,12,1,0
05:10:01,501204021,7,1,13,1,0
05:10:01,501204022,9,0,7,1,0
05:10:01,501204023,13,2,2,1,0
05:10:01,501204024,0,0,0,2,0
05:10:01,501204025,9,0,11,1,0
05:10:01,501205001,8,0,9,1,0
05:10:01,501205003,5,0,13,1,0
05:10:01,501205004,13,1,3,1,0
05:10:01,501205005,4,0,18,1,0
05:10:01,501205006,16,0,4,1,0
05:10:01,501205007,4,1,8,1,0
05:10:01,501205008,10,0,16,1,0
05:10:01,501205009,28,0,17,1,0
05:10:01,501205010,3,0,10,1,0
05:10:01,501205011,9,0,23,1,0
05:10:01,501205012,7,1,13,1,0
05:10:01,501205013,2,0,19,1,0
05:10:01,501205014,16,10,7,1,0
05:10:01,501205015,5,0,13,1,0
05:10:01,501205018,11,1,6,1,0
05:10:01,501205019,4,0,24,1,0
05:10:01,501205020,1,0,29,1,0
05:10:01,501205021,6,2,9,1,0
05:10:01,501205022,5,0,10,1,0
05:10:01,501205023,4,1,11,1,0
05:10:01,501205025,26,2,1,1,0
05:10:01,501205026,8,1,11,1,0
05:10:01,501205027,1,0,9,1,0
05:10:01,501205028,4,0,11,1,0
05:10:01,501205029,4,0,6,1,0
05:10:01,501205030,6,0,4,1,0
05:10:01,501205033,3,0,12,1,0
05:10:01,501205034,1,1,27,1,0
05:10:01,501205035,7,3,9,1,0
05:10:01,501205036,5,1,10,1,0
05:10:01,501205037,7,1,8,1,0
05:10:01,501205038,6,1,14,1,0
05:10:01,501205039,10,1,10,1,0
05:10:01,501205040,13,0,12,1,0
05:10:01,501205041,10,0,7,1,0
05:10:01,501205042,6,2,23,1,0
05:10:01,501208011,19,4,18,1,0
05:10:01,501208013,32,5,22,1,0
05:10:01,501208014,6,0,32,1,0
05:10:01,501208015,7,1,8,1,0
05:10:01,501208018,10,0,5,1,0
05:10:01,501208021,1,0,16,1,0
05:10:01,501208027,5,0,25,1,0
05:10:01,501208029,15,0,6,1,0
05:10:01,501208030,12,0,26,1,0
05:10:01,501208032,13,0,15,1,0
05:10:01,501208040,7,1,12,1,0
05:10:01,501208041,2,0,13,1,0
05:10:01,501208045,12,0,20,1,0
05:10:01,501208051,1,0,35,1,0
05:10:01,501208053,12,0,9,1,0
05:10:01,501208054,2,0,26,1,0
05:10:01,501208059,4,0,25,1,0
05:10:01,501208064,5,0,15,1,0
05:10:01,501208077,7,0,3,1,0
05:10:01,501208079,2,0,20,1,0
05:10:01,501208082,1,1,9,1,0
05:10:01,501208085,16,1,1,1,0
05:10:01,501208087,18,0,13,1,0
05:10:01,501208089,15,1,10,1,0
05:10:01,501208091,1,0,42,1,0
05:10:01,501208111,8,3,7,1,0
05:10:01,501208113,5,0,15,1,0
05:10:01,501208114,6,0,14,1,0
05:10:01,501208129,4,0,18,1,0
05:10:01,501208130,7,0,7,1,0
05:10:01,501209002,17,1,3,1,0
05:10:01,501209003,2,0,12,1,0
05:10:01,501209004,7,1,8,1,0
05:10:01,501209005,1,1,17,1,0
05:10:01,501209006,7,1,12,1,0
05:10:01,501209007,12,0,3,1,0
05:10:01,501209009,0,0,0,2,0
05:10:01,501209010,6,1,8,1,0
05:10:01,501209011,5,0,20,1,0
05:10:01,501209014,3,0,9,1,0
05:10:01,501209015,9,1,6,1,0
05:10:01,501209016,9,3,20,1,0
05:10:01,501209017,9,0,4,1,0
05:10:01,501209018,3,1,13,1,0
05:10:01,501209019,3,0,21,1,0
05:10:01,501209020,6,1,26,1,0
05:10:01,501209021,5,0,9,1,0
05:10:01,501209022,3,1,7,1,0
05:10:01,501209023,39,0,4,1,0
05:10:01,501209024,7,0,35,1,0
05:10:01,501209025,8,0,7,1,0
05:10:01,501209026,23,2,3,1,0
05:10:01,501209027,1,1,18,1,0
05:10:01,501209028,4,0,24,1,0
05:10:01,501209030,17,0,1,1,0
05:10:01,501209031,16,0,14,1,0
05:10:01,501209032,7,1,21,1,0
05:10:01,501209033,9,3,11,1,0
05:10:01,501209034,2,2,13,1,0
05:10:01,501209035,1,0,27,1,0
05:10:01,501209036,2,0,29,1,0
05:10:01,501209037,20,2,15,1,0
05:10:01,501209038,13,4,3,1,0
05:10:01,501209039,6,0,24,1,0
05:10:01,501209040,8,0,23,1,0
05:10:01,501209042,8,3,12,1,0
05:10:01,501209043,18,0,7,1,0
05:10:01,501209044,12,5,3,1,0
05:10:01,501209045,11,1,4,1,0
05:10:01,501209046,17,0,4,1,0
05:10:01,501209047,9,2,5,1,0
05:10:01,501209049,5,0,15,1,0
05:10:01,501209050,12,1,1,1,0
05:10:01,501209051,4,1,20,1,0
05:10:01,501209052,5,0,17,1,0
05:10:01,501209053,3,1,17,1,0
05:10:01,501209054,11,4,16,1,0
05:10:01,501209056,9,0,6,1,0
05:10:01,501209058,15,2,1,1,0
05:10:01,501209059,4,0,11,1,0
05:10:01,501209060,3,0,17,1,0
05:10:01,501209062,10,0,5,1,0
05:10:01,501209064,8,0,7,1,0
05:10:01,501209065,9,0,6,1,0
05:10:01,501209066,10,0,4,1,0
05:10:01,501209067,9,1,6,1,0
05:10:01,501209068,6,1,11,1,0
05:10:01,501209069,6,0,57,1,0
05:10:01,501209070,2,2,14,1,0
05:10:01,501209071,5,0,12,1,0
05:10:01,501209073,11,3,4,1,0
05:10:01,501209074,9,0,14,1,0
05:10:01,501209075,4,1,12,1,0
05:10:01,501209076,5,2,18,1,0
05:10:01,501209077,6,1,9,1,0
05:10:01,501209078,8,1,5,1,0
05:10:01,501209079,17,1,8,1,0
05:10:01,501209080,15,2,12,1,0
05:10:01,501209081,4,2,11,1,0
05:10:01,501209084,8,1,15,1,0
05:10:01,501209085,4,2,24,1,0
05:10:01,501209087,4,0,35,1,0
05:10:01,501209088,4,1,11,1,0
05:10:01,501209089,3,0,16,1,0
05:10:01,501209090,6,1,8,1,0
05:10:01,501209091,5,1,11,1,0
05:10:01,501209092,8,0,8,1,0
05:10:01,501209093,2,1,13,1,0
05:10:01,501209094,6,0,10,1,0
05:10:01,501209095,6,5,8,1,0
05:10:01,501209096,10,1,5,1,0
05:10:01,501209097,3,1,12,1,0
05:10:01,501209098,6,0,9,1,0
05:10:01,501209099,4,0,15,1,0
05:10:01,501209100,8,0,7,1,0
05:10:01,501209101,5,0,10,1,0
05:10:01,501209102,6,1,14,1,0
05:10:01,501209104,1,0,18,1,0
05:10:01,501209105,16,4,10,1,0
05:10:01,501209106,2,0,18,1,0
05:10:01,501211001,24,8,14,1,0
05:10:01,501211002,5,3,10,1,0
05:10:01,501211004,10,1,5,1,0
05:10:01,501211005,8,0,11,1,0
05:10:01,501211006,10,0,7,1,0
05:10:01,501211007,13,0,5,1,0
05:10:01,501211009,6,1,12,1,0
05:10:01,501211011,9,1,21,1,0
05:10:01,501211012,7,1,11,1,0
05:20:00,501201001,0,0,0,2,0
05:20:00,501201002,9,0,30,1,0
05:20:00,501201003,3,0,20,1,0
05:20:00,501201004,4,1,9,1,0
05:20:00,501201005,0,0,19,1,0
05:20:00,501201006,8,3,20,1,0
05:20:00,501201007,3,2,16,1,0
05:20:00,501201008,10,3,15,1,0
05:20:00,501201010,5,1,5,1,0
05:20:00,501201011,8,2,14,1,0
05:20:00,501201012,8,0,28,1,0
05:20:00,501201013,5,0,17,1,0
05:20:00,501201014,8,0,10,1,0
05:20:00,501201015,11,0,13,1,0
05:20:00,501201016,4,1,20,1,0
05:20:00,501201017,8,0,17,1,0
05:20:00,501201018,5,1,18,1,0
05:20:00,501201019,7,1,19,1,0
05:20:00,501201020,8,0,16,1,0
05:20:00,501201021,6,0,8,1,0
05:20:00,501201022,3,0,13,1,0
05:20:00,501201023,8,0,20,1,0
05:20:00,501201024,6,0,18,1,0
05:20:00,501201025,6,0,18,1,0
05:20:00,501201026,11,1,8,1,0
05:20:00,501201028,10,2,10,1,0
05:20:00,501201029,7,1,6,1,0
05:20:00,501201030,6,1,8,1,0
05:20:00,501201031,7,0,10,1,0
05:20:00,501202001,2,0,12,1,0
05:20:00,501202003,15,0,25,1,0
05:20:00,501202013,1,0,16,1,0
05:20:00,501202023,8,0,7,1,0
05:20:00,501202024,1,1,14,1,0
05:20:00,501202034,7,0,9,1,0
05:20:00,501202035,17,0,13,1,0
05:20:00,501202036,17,0,22,1,0
05:20:00,501202040,4,1,41,1,0
05:20:00,501202043,3,0,21,1,0
05:20:00,501202044,0,0,0,2,0
05:20:00,501202047,6,2,16,1,0
05:20:00,501202050,7,1,8,1,0
05:20:00,501202055,11,0,4,1,0
05:20:00,501202058,7,0,8,1,0
05:20:00,501202065,7,0,8,1,0
05:20:00,501202068,11,0,7,1,0
05:20:00,501202070,7,1,9,1,0
05:20:00,501202078,2,0,23,1,0
05:20:00,501202080,5,0,21,1,0
05:20:00,501202081,5,0,18,1,0
05:20:00,501202082,7,2,16,1,0
05:20:00,501202083,15,0,9,1,0
05:20:00,501202084,11,1,12,1,0
05:20:00,501202085,5,0,30,1,0
05:20:00,501202088,4,2,26,1,0
05:20:00,501202089,2,0,27,1,0
05:20:00,501202096,6,0,9,1,0
05:20:00,501203001,5,0,14,1,0
05:20:00,501203002,1,0,21,1,0
05:20:00,501203003,21,1,73,1,0
05:20:00,501203005,9,0,11,1,0
05:20:00,501203006,4,0,11,1,0
05:20:00,501203007,11,0,3,1,0
05:20:00,501203008,6,2,10,1,0
05:20:00,501203010,20,2,13,1,0
05:20:00,501203011,30,6,8,1,0
05:20:00,501203012,10,0,7,1,0
05:20:00,501203013,12,1,12,1,0
05:20:00,501203015,10,3,2,1,0
05:20:00,501203020,13,0,6,1,0
05:20:00,501203022,8,1,11,1,0
05:20:00,501203023,3,0,15,1,0
05:20:00,501203028,17,0,8,1,0
05:20:00,501203040,4,1,20,1,0
05:20:00,501203045,2,1,16,1,0
05:20:00,501203050,47,0,13,1,0
05:20:00,501203051,17,0,7,1,0
05:20:00,501203053,6,0,20,1,0
05:20:00,501203054,2,2,20,1,0
05:20:00,501203064,7,1,8,1,0
05:20:00,501203065,14,0,2,1,0
05:20:00,501203070,13,2,2,1,0
05:20:00,501203073,4,0,20,1,0
05:20:00,501203076,6,0,10,1,0
05:20:00,501203078,7,0,9,1,0
05:20:00,501203080,8,0,7,1,0
05:20:00,501203084,2,0,9,1,0
05:20:00,501203085,5,0,5,1,0
05:20:00,501203088,0,0,14,1,0
05:20:00,501203089,5,0,7,1,0
05:20:00,501203090,1,0,9,1,0
05:20:00,501203091,11,2,2,1,0
05:20:00,501203092,3,0,15,1,0
05:20:00,501203100,13,4,6,1,0
05:20:00,501203101,0,0,0,2,0
05:20:00,501203102,7,1,12,1,0
05:20:00,501203104,4,1,15,1,0
05:20:00,501203105,7,3,3,1,0
05:20:00,501203107,0,0,0,2,0
05:20:00,501203109,2,0,24,1,0
05:20:00,501203110,3,0,38,1,0
05:20:00,501203111,9,0,2,1,0
05:20:00,501203113,6,0,13,1,0
05:20:00,501203114,2,0,48,1,0
05:20:00,501203117,0,0,0,2,0
05:20:00,501203118,18,0,2,1,0
05:20:00,501203121,17,2,7,1,0
05:20:00,501203122,11,1,9,1,0
05:20:00,501203125,20,0,5,1,0
05:20:00,501203131,16,5,4,1,0
05:20:00,501203140,6,0,36,1,0
05:20:00,501203141,6,1,10,1,0
05:20:00,501203142,6,2,30,1,0
05:20:00,501203145,9,1,6,1,0
05:20:00,501203151,16,0,1,1,0
05:20:00,501203155,6,0,13,1,0
05:20:00,501203157,5,2,12,1,0
05:20:00,501203159,5,1,15,1,0
05:20:00,501203161,1,0,18,1,0
05:20:00,501203162,10,0,11,1,0
05:20:00,501203163,10,3,6,1,0
05:20:00,501204001,4,1,21,1,0
05:20:00,501204002,4,0,32,1,0
05:20:00,501204003,17,0,27,1,0
05:20:00,501204004,6,0,8,1,0
05:20:00,501204005,11,1,9,1,0
05:20:00,501204007,5,0,31,1,0
05:20:00,501204008,6,0,9,1,0
05:20:00,501204009,0,0,0,2,0
05:20:00,501204010,0,0,0,2,0
05:20:00,501204011,9,1,6,1,0
05:20:00,501204012,9,0,5,1,0
05:20:00,501204013,9,1,4,1,0
05:20:00,501204014,6,1,10,1,0
05:20:00,501204015,10,0,5,1,0
05:20:00,501204016,6,0,14,1,0
05:20:00,501204017,9,3,6,1,0
05:20:00,501204018,17,3,7,1,0
05:20:00,501204020,8,1,12,1,0
05:20:00,501204021,6,1,14,1,0
05:20:00,501204022,9,0,7,1,0
05:20:00,501204023,13,2,2,1,0
05:20:00,501204024,0,0,0,2,0
05:20:00,501204025,9,0,11,1,0
05:20:00,501205001,9,0,8,1,0
05:20:00,501205003,5,0,13,1,0
05:20:00,501205004,13,1,3,1,0
05:20:00,501205005,4,0,18,1,0
05:20:00,501205006,15,0,5,1,0
05:20:00,501205007,4,1,8,1,0
05:20:00,501205008,10,0,16,1,0
05:20:00,501205009,28,0,17,1,0
05:20:00,501205010,3,0,10,1,0
05:20:00,501205011,9,0,23,1,0
05:20:00,501205012,7,1,13,1,0
05:20:00,501205013,2,0,19,1,0
05:20:00,501205014,16,10,7,1,0
05:20:00,501205015,5,0,13,1,0
05:20:00,501205018,11,1,6,1,0
05:20:00,501205019,4,0,24,1,0
05:20:00,501205020,1,0,29,1,0
05:20:00,501205021,6,2,9,1,0
05:20:00,501205022,5,0,10,1,0
05:20:00,501205023,4,1,11,1,0
05:20:00,501205025,27,3,0,1,0
05:20:00,501205026,8,1,11,1,0
05:20:00,501205027,1,0,9,1,0
05:20:00,501205028,4,0,11,1,0
05:20:00,501205029,4,0,6,1,0
05:20:00,501205030,6,0,4,1,0
05:20:00,501205033,3,0,12,1,0
05:20:00,501205034,1,1,27,1,0
05:20:00,501205035,7,3,9,1,0
05:20:00,501205036,5,1,10,1,0
05:20:00,501205037,7,1,8,1,0
05:20:00,501205038,6,1,14,1,0
05:20:00,501205039,8,1,12,1,0
05:20:00,501205040,13,0,12,1,0
05:20:00,501205041,10,0,7,1,0
05:20:00,501205042,6,2,23,1,0
05:20:00,501208011,19,4,18,1,0
05:20:00,501208013,32,5,22,1,0
05:20:00,501208014,6,0,32,1,0
05:20:00,501208015,7,1,8,1,0
05:20:00,501208018,10,0,5,1,0
05:20:00,501208021,1,0,16,1,0
05:20:00,501208027,5,0,25,1,0
05:20:00,501208029,14,0,7,1,0
05:20:00,501208030,12,0,26,1,0
05:20:00,501208032,13,0,15,1,0
05:20:00,501208040,7,1,12,1,0
05:20:00,501208041,2,0,13,1,0
05:20:00,501208045,12,0,20,1,0
05:20:00,501208051,1,0,35,1,0
05:20:00,501208053,12,0,9,1,0
05:20:00,501208054,2,0,26,1,0
05:20:00,501208059,4,0,25,1,0
05:20:00,501208064,5,0,15,1,0
05:20:00,501208077,7,0,3,1,0
05:20:00,501208079,2,0,20,1,0
05:20:00,501208082,1,1,9,1,0
05:20:00,501208085,16,1,1,1,0
05:20:00,501208087,18,0,13,1,0
05:20:00,501208089,15,1,10,1,0
05:20:00,501208091,1,0,42,1,0
05:20:00,501208111,8,3,7,1,0
05:20:00,501208113,5,0,15,1,0
05:20:00,501208114,6,0,14,1,0
05:20:00,501208129,4,0,18,1,0
05:20:00,501208130,7,0,7,1,0
05:20:00,501209002,16,0,4,1,0
05:20:00,501209003,2,0,12,1,0
05:20:00,501209004,7,1,8,1,0
05:20:00,501209005,1,1,17,1,0
05:20:00,501209006,7,1,12,1,0
05:20:00,501209007,12,0,3,1,0
05:20:00,501209009,0,0,0,2,0
05:20:00,501209010,6,1,8,1,0
05:20:00,501209011,5,0,20,1,0
05:20:00,501209014,3,0,9,1,0
05:20:00,501209015,9,1,6,1,0
05:20:00,501209016,9,3,20,1,0
05:20:00,501209017,9,0,4,1,0
05:20:00,501209018,3,1,13,1,0
05:20:00,501209019,3,0,21,1,0
05:20:00,501209020,6,1,26,1,0
05:20:00,501209021,5,0,9,1,0
05:20:00,501209022,3,1,7,1,0
05:20:00,501209023,41,0,2,1,0
05:20:00,501209024,7,0,35,1,0
05:20:00,501209025,8,0,7,1,0
05:20:00,501209026,23,2,3,1,0
05:20:00,501209027,1,1,18,1,0
05:20:00,501209028,4,0,24,1,0
05:20:00,501209030,17,0,1,1,0
05:20:00,501209031,16,0,14,1,0
05:20:00,501209032,7,1,21,1,0
05:20:00,501209033,9,3,11,1,0
05:20:00,501209034,2,2,13,1,0
05:20:00,501209035,1,0,27,1,0
05:20:00,501209036,2,0,29,1,0
05:20:00,501209037,20,2,15,1,0
05:20:00,501209038,13,4,3,1,0
05:20:00,501209039,6,0,24,1,0
05:20:00,501209040,8,0,23,1,0
05:20:00,501209042,7,2,13,1,0
05:20:00,501209043,18,0,7,1,0
05:20:00,501209044,12,5,3,1,0
05:20:00,501209045,10,1,5,1,0
05:20:00,501209046,17,0,4,1,0
05:20:00,501209047,9,2,5,1,0
05:20:00,501209049,5,0,15,1,0
05:20:00,501209050,12,1,1,1,0
05:20:00,501209051,4,1,20,1,0
05:20:00,501209052,5,0,17,1,0
05:20:00,501209053,3,1,17,1,0
05:20:00,501209054,11,4,16,1,0
05:20:00,501209056,9,0,6,1,0
05:20:00,501209058,14,1,2,1,0
05:20:00,501209059,4,0,11,1,0
05:20:00,501209060,3,0,17,1,0
05:20:00,501209062,10,0,5,1,0
05:20:00,501209064,8,0,7,1,0
05:20:00,501209065,9,0,6,1,0
05:20:00,501209066,10,0,4,1,0
05:20:00,501209067,9,1,6,1,0
05:20:00,501209068,6,1,11,1,0
05:20:00,501209069,6,0,57,1,0
05:20:00,501209070,2,2,14,1,0
05:20:00,501209071,5,0,12,1,0
05:20:00,501209073,11,3,4,1,0
05:20:00,501209074,9,0,14,1,0
05:20:00,501209075,4,1,12,1,0
05:20:00,501209076,5,2,18,1,0
05:20:00,501209077,6,1,9,1,0
05:20:00,501209078,8,1,5,1,0
05:20:00,501209079,18,1,7,1,0
05:20:00,501209080,15,2,12,1,0
05:20:00,501209081,4,2,11,1,0
05:20:00,501209084,8,1,15,1,0
05:20:00,501209085,4,2,24,1,0
05:20:00,501209087,3,0,36,1,0
05:20:00,501209088,4,1,11,1,0
05:20:00,501209089,3,0,16,1,0
05:20:00,501209090,5,0,9,1,0
05:20:00,501209091,5,1,11,1,0
05:20:00,501209092,8,0,8,1,0
05:20:00,501209093,2,1,13,1,0
05:20:00,501209094,6,0,10,1,0
05:20:00,501209095,6,5,8,1,0
05:20:00,501209096,10,1,5,1,0
05:20:00,501209097,3,1,12,1,0
05:20:00,501209098,6,0,9,1,0
05:20:00,501209099,4,0,15,1,0
05:20:00,501209100,8,0,7,1,0
05:20:00,501209101,5,0,10,1,0
05:20:00,501209102,6,1,14,1,0
05:20:00,501209104,1,0,18,1,0
05:20:00,501209105,16,4,10,1,0
05:20:00,501209106,2,0,18,1,0
05:20:00,501211001,24,8,14,1,0
05:20:00,501211002,5,3,10,1,0
05:20:00,501211004,10,1,5,1,0
05:20:00,501211005,8,0,11,1,0
05:20:00,501211006,10,0,7,1,0
05:20:00,501211007,13,0,5,1,0
05:20:00,501211009,6,1,12,1,0
05:20:00,501211011,9,1,21,1,0
05:20:00,501211012,7,1,11,1,0
05:30:00,501201001,0,0,0,2,0
05:30:00,501201002,9,0,30,1,0
05:30:00,501201003,3,0,20,1,0
05:30:00,501201004,4,1,9,1,0
05:30:00,501201005,0,0,19,1,0
05:30:00,501201006,9,3,19,1,0
05:30:00,501201007,3,2,16,1,0
05:30:00,501201008,10,3,15,1,0
05:30:00,501201010,5,1,5,1,0
05:30:00,501201011,8,2,14,1,0
05:30:00,501201012,8,0,28,1,0
05:30:00,501201013,5,0,17,1,0
05:30:00,501201014,8,0,10,1,0
05:30:00,501201015,11,0,13,1,0
05:30:00,501201016,4,1,20,1,0
05:30:00,501201017,8,0,17,1,0
05:30:00,501201018,5,1,18,1,0
05:30:00,501201019,7,1,19,1,0
05:30:00,501201020,8,0,16,1,0
05:30:00,501201021,6,0,8,1,0
05:30:00,501201022,2,0,14,1,0
05:30:00,501201023,8,0,20,1,0
05:30:00,501201024,6,0,18,1,0
05:30:00,501201025,6,0,18,1,0
05:30:00,501201026,10,0,9,1,0
05:30:00,501201028,10,2,10,1,0
05:30:00,501201029,7,1,6,1,0
05:30:00,501201030,6,1,8,1,0
05:30:00,501201031,7,0,10,1,0
05:30:00,501202001,2,0,12,1,0
05:30:00,501202003,15,0,25,1,0
05:30:00,501202013,1,0,16,1,0
05:30:00,501202023,8,0,7,1,0
05:30:00,501202024,1,1,14,1,0
05:30:00,501202034,7,0,9,1,0
05:30:00,501202035,17,0,13,1,0
05:30:00,501202036,17,0,22,1,0
05:30:00,501202040,3,0,42,1,0
05:30:00,501202043,3,0,21,1,0
05:30:00,501202044,0,0,0,2,0
05:30:00,501202047,6,2,16,1,0
05:30:00,501202050,7,1,8,1,0
05:30:00,501202055,11,0,4,1,0
05:30:00,501202058,7,0,8,1,0
05:30:00,501202065,7,0,8,1,0
05:30:00,501202068,11,0,7,1,0
05:30:00,501202070,7,1,9,1,0
05:30:00,501202078,2,0,23,1,0
05:30:00,501202080,5,0,21,1,0
05:30:00,501202081,5,0,18,1,0
05:30:00,501202082,7,2,16,1,0
05:30:00,501202083,15,0,9,1,0
05:30:00,501202084,11,1,12,1,0
05:30:00,501202085,5,0,30,1,0
05:30:00,501202088,4,2,26,1,0
05:30:00,501202089,2,0,27,1,0
05:30:00,501202096,6,0,9,1,0
05:30:00,501203001,5,0,14,1,0
05:30:00,501203002,2,0,20,1,0
05:30:00,501203003,21,1,73,1,0
05:30:00,501203005,9,0,11,1,0
05:30:00,501203006,4,0,11,1,0
05:30:00,501203007,11,0,3,1,0
05:30:00,501203008,6,2,10,1,0
05:30:00,501203010,20,2,13,1,0
05:30:00,501203011,30,6,8,1,0
05:30:00,501203012,10,0,7,1,0
05:30:00,501203013,15,2,9,1,0
05:30:00,501203015,10,3,2,1,0
05:30:00,501203020,13,0,6,1,0
05:30:00,501203022,8,1,11,1,0
05:30:00,501203023,2,0,16,1,0
05:30:00,501203028,17,0,8,1,0
05:30:00,501203040,4,1,20,1,0
05:30:00,501203045,1,0,17,1,0
05:30:00,501203050,47,0,13,1,0
05:30:00,501203051,17,0,7,1,0
05:30:00,501203053,6,0,20,1,0
05:30:00,501203054,2,2,20,1,0
05:30:00,501203064,7,1,8,1,0
05:30:00,501203065,12,0,4,1,0
05:30:00,501203070,13,2,2,1,0
05:30:00,501203073,4,0,20,1,0
05:30:00,501203076,6,0,10,1,0
05:30:00,501203078,6,0,10,1,0
05:30:00,501203080,8,0,7,1,0
05:30:00,501203084,2,0,9,1,0
05:30:00,501203085,5,0,5,1,0
05:30:00,501203088,0,0,14,1,0
05:30:00,501203089,5,0,7,1,0
05:30:00,501203090,1,0,9,1,0
05:30:00,501203091,11,2,2,1,0
05:30:00,501203092,3,0,15,1,0
05:30:00,501203100,13,4,6,1,0
05:30:00,501203101,0,0,0,2,0
05:30:00,501203102,7,1,12,1,0
05:30:00,501203104,4,1,15,1,0
05:30:00,501203105,7,3,3,1,0
05:30:00,501203107,0,0,0,2,0
05:30:00,501203109,2,0,24,1,0
05:30:00,501203110,4,0,37,1,0
05:30:00,501203111,9,0,2,1,0
05:30:00,501203113,6,0,13,1,0
05:30:00,501203114,2,0,48,1,0
05:30:00,501203117,0,0,0,2,0
05:30:00,501203118,19,0,1,1,0
05:30:00,501203121,17,2,7,1,0
05:30:00,501203122,11,1,9,1,0
05:30:00,501203125,20,0,5,1,0
05:30:00,501203131,16,5,4,1,0
05:30:00,501203140,6,0,36,1,0
05:30:00,501203141,6,1,10,1,0
05:30:00,501203142,7,2,29,1,0
05:30:00,501203145,9,1,6,1,0
05:30:00,501203151,13,0,4,1,0
05:30:00,501203155,6,0,13,1,0
05:30:00,501203157,5,2,12,1,0
05:30:00,501203159,5,1,15,1,0
05:30:00,501203161,1,0,18,1,0
05:30:00,501203162,10,0,11,1,0
05:30:00,501203163,10,3,6,1,0
05:30:00,501204001,4,1,21,1,0
05:30:00,501204002,4,0,32,1,0
05:30:00,501204003,17,0,27,1,0
05:30:00,501204004,6,0,8,1,0
05:30:00,501204005,12,1,8,1,0
05:30:00,501204007,5,0,31,1,0
05:30:00,501204008,6,0,9,1,0
05:30:00,501204009,0,0,0,2,0
05:30:00,501204010,0,0,0,2,0
05:30:00,501204011,9,1,6,1,0
05:30:00,501204012,9,0,5,1,0
05:30:00,501204013,9,1,4,1,0
05:30:00,501204014,6,1,10,1,0
05:30:00,501204015,10,0,5,1,0
05:30:00,501204016,6,0,14,1,0
05:30:00,501204017,9,3,6,1,0
05:30:00,501204018,16,2,8,1,0
05:30:00,501204020,8,1,12,1,0
05:30:00,501204021,6,1,14,1,0
05:30:00,501204022,9,0,7,1,0
05:30:00,501204023,13,2,2,1,0
05:30:00,501204024,0,0,0,2,0
05:30:00,501204025,9,0,11,1,0
05:30:00,501205001,9,0,8,1,0
05:30:00,501205003,5,0,13,1,0
05:30:00,501205004,12,0,4,1,0
05:30:00,501205005,4,0,18,1,0
05:30:00,501205006,15,0,5,1,0
05:30:00,501205007,4,1,8,1,0
05:30:00,501205008,10,0,16,1,0
05:30:00,501205009,28,0,17,1,0
05:30:00,501205010,3,0,10,1,0
05:30:00,501205011,9,0,23,1,0
05:30:00,501205012,7,0,13,1,0
05:30:00,501205013,2,0,19,1,0
05:30:00,501205014,16,10,7,1,0
05:30:00,501205015,5,0,13,1,0
05:30:00,501205018,11,1,6,1,0
05:30:00,501205019,4,0,24,1,0
05:30:00,501205020,1,0,29,1,0
05:30:00,501205021,6,2,9,1,0
05:30:00,501205022,5,0,10,1,0
05:30:00,501205023,4,1,11,1,0
05:30:00,501205025,26,2,1,1,0
05:30:00,501205026,8,1,11,1,0
05:30:00,501205027,1,0,9,1,0
05:30:00,501205028,4,0,11,1,0
05:30:00,501205029,4,0,6,1,0
05:30:00,501205030,6,0,4,1,0
05:30:00,501205033,3,0,12,1,0
05:30:00,501205034,2,1,26,1,0
05:30:00,501205035,7,3,9,1,0
05:30:00,501205036,5,1,10,1,0
05:30:00,501205037,7,1,8,1,0
05:30:00,501205038,6,1,14,1,0
05:30:00,501205039,8,1,12,1,0
05:30:00,501205040,13,0,12,1,0
05:30:00,501205041,10,0,7,1,0
05:30:00,501205042,6,2,23,1,0
05:30:00,501208011,19,4,18,1,0
05:30:00,501208013,32,5,22,1,0
05:30:00,501208014,6,0,32,1,0
05:30:00,501208015,7,1,8,1,0
05:30:00,501208018,9,0,6,1,0
05:30:00,501208021,0,0,17,1,0
05:30:00,501208027,5,0,25,1,0
05:30:00,501208029,14,0,7,1,0
05:30:00,501208030,12,0,26,1,0
05:30:00,501208032,13,0,15,1,0
05:30:00,501208040,7,1,12,1,0
05:30:00,501208041,2,0,13,1,0
05:30:00,501208045,12,0,20,1,0
05:30:00,501208051,1,0,35,1,0
05:30:00,501208053,12,0,9,1,0
05:30:00,501208054,2,0,26,1,0
05:30:00,501208059,4,0,25,1,0
05:30:00,501208064,5,0,15,1,0
05:30:00,501208077,7,0,3,1,0
05:30:00,501208079,2,0,20,1,0
05:30:00,501208082,1,1,9,1,0
05:30:00,501208085,16,1,1,1,0
05:30:00,501208087,18,0,13,1,0
05:30:00,501208089,13,1,12,1,0
05:30:00,501208091,1,0,42,1,0
05:30:00,501208111,8,3,7,1,0
05:30:00,501208113,5,0,15,1,0
05:30:00,501208114,6,0,14,1,0
05:30:00,501208129,4,0,18,1,0
05:30:00,501208130,7,0,7,1,0
05:30:00,501209002,16,0,4,1,0
05:30:00,501209003,2,0,12,1,0
05:30:00,501209004,7,1,8,1,0
05:30:00,501209005,1,1,17,1,0
05:30:00,501209006,7,1,12,1,0
05:30:00,501209007,12,0,3,1,0
05:30:00,501209009,0,0,0,2,0
05:30:00,501209010,6,1,8,1,0
05:30:00,501209011,5,0,20,1,0
05:30:00,501209014,3,0,9,1,0
05:30:00,501209015,9,1,6,1,0
05:30:00,501209016,9,3,20,1,0
05:30:00,501209017,9,0,4,1,0
05:30:00,501209018,3,1,13,1,0
05:30:00,501209019,3,0,21,1,0
05:30:00,501209020,6,1,26,1,0
05:30:00,501209021,5,0,9,1,0
05:30:00,501209022,3,1,7,1,0
05:30:00,501209023,41,0,2,1,0
05:30:00,501209024,7,0,35,1,0
05:30:00,501209025,8,0,7,1,0
05:30:00,501209026,23,2,3,1,0
05:30:00,501209027,1,1,18,1,0
05:30:00,501209028,4,0,24,1,0
05:30:00,501209030,17,0,1,1,0
05:30:00,501209031,16,0,14,1,0
05:30:00,501209032,6,1,22,1,0
05:30:00,501209033,9,3,11,1,0
05:30:00,501209034,2,2,13,1,0
05:30:00,501209035,1,0,27,1,0
05:30:00,501209036,2,0,29,1,0
05:30:00,501209037,20,2,15,1,0
05:30:00,501209038,13,4,3,1,0
05:30:00,501209039,6,0,24,1,0
05:30:00,501209040,8,0,23,1,0
05:30:00,501209042,7,2,13,1,0
05:30:00,501209043,18,0,7,1,0
05:30:00,501209044,12,5,3,1,0
05:30:00,501209045,10,1,5,1,0
05:30:00,501209046,18,1,3,1,0
05:30:00,501209047,9,2,5,1,0
05:30:00,501209049,5,0,15,1,0
05:30:00,501209050,12,1,1,1,0
05:30:00,501209051,4,1,20,1,0
05:30:00,501209052,5,0,17,1,0
05:30:00,501209053,3,1,17,1,0
05:30:00,501209054,11,4,16,1,0
05:30:00,501209056,9,0,6,1,0
05:30:00,501209058,14,1,2,1,0
05:30:00,501209059,4,0,11,1,0
05:30:00,501209060,3,0,17,1,0
05:30:00,501209062,10,0,5,1,0
05:30:00,501209064,7,0,8,1,0
05:30:00,501209065,9,0,6,1,0
05:30:00,501209066,10,0,4,1,0
05:30:00,501209067,9,1,6,1,0
05:30:00,501209068,6,1,11,1,0
05:30:00,501209069,6,0,57,1,0
05:30:00,501209070,2,2,14,1,0
05:30:00,501209071,5,0,12,1,0
05:30:00,501209073,11,3,4,1,0
05:30:00,501209074,9,0,14,1,0
05:30:00,501209075,5,1,11,1,0
05:30:00,501209076,5,2,18,1,0
05:30:00,501209077,6,1,9,1,0
05:30:00,501209078,7,1,6,1,0
05:30:00,501209079,18,1,7,1,0
05:30:00,501209080,16,2,11,1,0
05:30:00,501209081,4,2,11,1,0
05:30:00,501209084,8,1,15,1,0
05:30:00,501209085,4,2,24,1,0
05:30:00,501209087,3,0,36,1,0
05:30:00,501209088,4,1,11,1,0
05:30:00,501209089,5,0,14,1,0
05:30:00,501209090,4,0,10,1,0
05:30:00,501209091,5,1,11,1,0
05:30:00,501209092,8,0,8,1,0
05:30:00,501209093,2,1,13,1,0
05:30:00,501209094,5,0,11,1,0
05:30:00,501209095,6,5,8,1,0
05:30:00,501209096,10,1,5,1,0
05:30:00,501209097,3,1,12,1,0
05:30:00,501209098,6,0,9,1,0
05:30:00,501209099,4,0,15,1,0
05:30:00,501209100,8,0,7,1,0
05:30:00,501209101,5,0,10,1,0
05:30:00,501209102,6,1,14,1,0
05:30:00,501209104,1,0,18,1,0
05:30:00,501209105,16,4,10,1,0
05:30:00,501209106,2,0,18,1,0
05:30:00,501211001,24,8,14,1,0
05:30:00,501211002,5,3,10,1,0
05:30:00,501211004,10,1,5,1,0
05:30:00,501211005,8,0,11,1,0
05:30:00,501211006,10,0,7,1,0
05:30:00,501211007,13,0,5,1,0
05:30:00,501211009,6,1,12,1,0
05:30:00,501211011,9,1,21,1,0
05:30:00,501211012,7,1,11,1,0
05:40:00,501201001,0,0,0,2,0
05:40:00,501201002,9,0,30,1,0
05:40:00,501201003,3,0,20,1,0
05:40:00,501201004,4,1,9,1,0
05:40:00,501201005,0,0,19,1,0
05:40:00,501201006,9,3,19,1,0
05:40:00,501201007,3,2,16,1,0
05:40:00,501201008,10,3,15,1,0
05:40:00,501201010,5,1,5,1,0
05:40:00,501201011,8,2,14,1,0
05:40:00,501201012,8,0,28,1,0
05:40:00,501201013,5,0,17,1,0
05:40:00,501201014,8,0,10,1,0
05:40:00,501201015,11,0,13,1,0
05:40:00,501201016,4,0,20,1,0
05:40:00,501201017,7,0,18,1,0
05:40:00,501201018,5,1,18,1,0
05:40:00,501201019,6,0,20,1,0
05:40:00,501201020,6,0,18,1,0
05:40:00,501201021,5,0,9,1,0
05:40:00,501201022,2,0,14,1,0
05:40:00,501201023,8,0,20,1,0
05:40:00,501201024,6,0,18,1,0
05:40:00,501201025,6,0,18,1,0
05:40:00,501201026,10,0,9,1,0
05:40:00,501201028,10,2,10,1,0
05:40:00,501201029,7,1,6,1,0
05:40:00,501201030,6,1,8,1,0
05:40:00,501201031,6,0,11,1,0
05:40:00,501202001,2,0,12,1,0
05:40:00,501202003,15,0,25,1,0
05:40:00,501202013,1,0,16,1,0
05:40:00,501202023,8,0,7,1,0
05:40:00,501202024,1,1,14,1,0
05:40:00,501202034,7,0,9,1,0
05:40:00,501202035,17,0,13,1,0
05:40:00,501202036,19,1,20,1,0
05:40:00,501202040,3,0,42,1,0
05:40:00,501202043,3,0,21,1,0
05:40:00,501202044,0,0,0,2,0
05:40:00,501202047,6,2,16,1,0
05:40:00,501202050,7,1,8,1,0
05:40:00,501202055,11,0,4,1,0
05:40:00,501202058,7,0,8,1,0
05:40:00,501202065,7,0,8,1,0
05:40:00,501202068,11,0,7,1,0
05:40:00,501202070,7,1,9,1,0
05:40:00,501202078,2,0,23,1,0
05:40:00,501202080,5,0,21,1,0
05:40:00,501202081,5,0,18,1,0
05:40:00,501202082,7,1,16,1,0
05:40:00,501202083,15,0,9,1,0
05:40:00,501202084,10,1,13,1,0
05:40:00,501202085,4,0,31,1,0
05:40:00,501202088,4,2,26,1,0
05:40:00,501202089,2,0,27,1,0
05:40:00,501202096,6,0,9,1,0
05:40:00,501203001,4,0,15,1,0
05:40:00,501203002,1,0,21,1,0
05:40:00,501203003,21,1,73,1,0
05:40:00,501203005,9,0,11,1,0
05:40:00,501203006,4,0,11,1,0
05:40:00,501203007,11,0,3,1,0
05:40:00,501203008,6,2,10,1,0
05:40:00,501203010,20,2,13,1,0
05:40:00,501203011,30,6,8,1,0
05:40:00,501203012,9,0,8,1,0
05:40:00,501203013,15,2,9,1,0
05:40:00,501203015,10,3,2,1,0
05:40:00,501203020,13,0,6,1,0
05:40:00,501203022,8,1,11,1,0
05:40:00,501203023,2,0,16,1,0
05:40:00,501203028,17,0,8,1,0
05:40:00,501203040,4,1,20,1,0
05:40:00,501203045,0,0,18,1,0
05:40:00,501203050,47,0,13,1,0
05:40:00,501203051,17,0,7,1,0
05:40:00,501203053,6,0,20,1,0
05:40:00,501203054,2,2,20,1,0
05:40:00,501203064,6,0,9,1,0
05:40:00,501203065,9,0,7,1,0
05:40:00,501203070,13,2,2,1,0
05:40:00,501203073,4,0,20,1,0
05:40:00,501203076,6,0,10,1,0
05:40:00,501203078,6,0,10,1,0
05:40:00,501203080,8,0,7,1,0
05:40:00,501203084,2,0,9,1,0
05:40:00,501203085,5,0,5,1,0
05:40:00,501203088,0,0,14,1,0
05:40:00,501203089,5,0,7,1,0
05:40:00,501203090,1,0,9,1,0
05:40:00,501203091,11,2,2,1,0
05:40:00,501203092,3,0,15,1,0
05:40:00,501203100,13,4,6,1,0
05:40:00,501203101,0,0,0,2,0
05:40:00,501203102,7,1,12,1,0
05:40:00,501203104,4,1,15,1,0
05:40:00,501203105,7,3,3,1,0
05:40:00,501203107,0,0,0,2,0
05:40:00,501203109,3,0,23,1,0
05:40:00,501203110,4,0,37,1,0
05:40:00,501203111,9,0,2,1,0
05:40:00,501203113,6,0,13,1,0
05:40:00,501203114,2,0,48,1,0
05:40:00,501203117,0,0,0,2,0
05:40:00,501203118,16,0,4,1,0
05:40:00,501203121,17,2,7,1,0
05:40:00,501203122,11,1,9,1,0
05:40:00,501203125,20,0,5,1,0
05:40:00,501203131,16,5,4,1,0
05:40:00,501203140,8,1,34,1,0
05:40:00,501203141,6,1,10,1,0
05:40:00,501203142,7,2,29,1,0
05:40:00,501203145,9,1,6,1,0
05:40:00,501203151,10,0,7,1,0
05:40:00,501203155,6,0,13,1,0
05:40:00,501203157,5,2,12,1,0
05:40:00,501203159,5,1,15,1,0
05:40:00,501203161,1,0,18,1,0
05:40:00,501203162,11,1,10,1,0
05:40:00,501203163,10,3,6,1,0
05:40:00,501204001,4,1,21,1,0
05:40:00,501204002,4,0,32,1,0
05:40:00,501204003,17,0,27,1,0
05:40:00,501204004,6,0,8,1,0
05:40:00,501204005,12,1,8,1,0
05:40:00,501204007,6,0,30,1,0
05:40:00,501204008,6,0,9,1,0
05:40:00,501204009,0,0,0,2,0
05:40:00,501204010,0,0,0,2,0
05:40:00,501204011,9,1,6,1,0
05:40:00,501204012,9,0,5,1,0
05:40:00,501204013,9,1,4,1,0
05:40:00,501204014,6,1,10,1,0
05:40:00,501204015,9,0,6,1,0
05:40:00,501204016,6,0,14,1,0
05:40:00,501204017,9,3,6,1,0
05:40:00,501204018,16,2,8,1,0
05:40:00,501204020,8,1,12,1,0
05:40:00,501204021,7,1,13,1,0
05:40:00,501204022,9,0,7,1,0
05:40:00,501204023,13,2,2,1,0
05:40:00,501204024,0,0,0,2,0
05:40:00,501204025,9,0,11,1,0
05:40:00,501205001,9,0,8,1,0
05:40:00,501205003,5,0,13,1,0
05:40:00,501205004,12,0,4,1,0
05:40:00,501205005,4,0,18,1,0
05:40:00,501205006,16,0,4,1,0
05:40:00,501205007,4,1,8,1,0
05:40:00,501205008,10,0,16,1,0
05:40:00,501205009,28,0,17,1,0
05:40:00,501205010,3,0,10,1,0
05:40:00,501205011,9,0,23,1,0
05:40:00,501205012,7,0,13,1,0
05:40:00,501205013,2,0,19,1,0
05:40:00,501205014,16,10,7,1,0
05:40:00,501205015,5,0,13,1,0
05:40:00,501205018,11,1,6,1,0
05:40:00,501205019,4,0,24,1,0
05:40:00,501205020,1,0,29,1,0
05:40:00,501205021,7,2,8,1,0
05:40:00,501205022,5,0,10,1,0
05:40:00,501205023,4,1,11,1,0
05:40:00,501205025,26,2,1,1,0
05:40:00,501205026,8,1,11,1,0
05:40:00,501205027,1,0,9,1,0
05:40:00,501205028,4,0,11,1,0
05:40:00,501205029,4,0,6,1,0
05:40:00,501205030,6,0,4,1,0
05:40:00,501205033,3,0,12,1,0
05:40:00,501205034,2,1,26,1,0
05:40:00,501205035,7,3,9,1,0
05:40:00,501205036,5,1,10,1,0
05:40:00,501205037,7,1,8,1,0
05:40:00,501205038,6,1,14,1,0
05:40:00,501205039,8,1,12,1,0
05:40:00,501205040,13,0,12,1,0
05:40:00,501205041,10,0,7,1,0
05:40:00,501205042,6,2,23,1,0
05:40:00,501208011,19,4,18,1,0
05:40:00,501208013,32,5,22,1,0
05:40:00,501208014,6,0,32,1,0
05:40:00,501208015,7,1,8,1,0
05:40:00,501208018,9,0,6,1,0
05:40:00,501208021,0,0,17,1,0
05:40:00,501208027,5,0,25,1,0
05:40:00,501208029,14,0,7,1,0
05:40:00,501208030,12,0,26,1,0
05:40:00,501208032,13,0,15,1,0
05:40:00,501208040,7,1,12,1,0
05:40:00,501208041,2,0,13,1,0
05:40:00,501208045,11,0,21,1,0
05:40:00,501208051,1,0,35,1,0
05:40:00,501208053,12,0,9,1,0
05:40:00,501208054,2,0,26,1,0
05:40:00,501208059,4,0,25,1,0
05:40:00,501208064,5,0,15,1,0
05:40:00,501208077,7,0,3,1,0
05:40:00,501208079,2,0,20,1,0
05:40:00,501208082,1,1,9,1,0
05:40:00,501208085,16,1,1,1,0
05:40:00,501208087,18,0,13,1,0
05:40:00,501208089,13,1,12,1,0
05:40:00,501208091,1,0,42,1,0
05:40:00,501208111,8,3,7,1,0
05:40:00,501208113,5,0,15,1,0
05:40:00,501208114,6,0,14,1,0
05:40:00,501208129,4,0,18,1,0
05:40:00,501208130,7,0,7,1,0
05:40:00,501209002,16,0,4,1,0
05:40:00,501209003,2,0,12,1,0
05:40:00,501209004,7,1,8,1,0
05:40:00,501209005,1,1,17,1,0
05:40:00,501209006,7,1,12,1,0
05:40:00,501209007,12,0,3,1,0
05:40:00,501209009,0,0,0,2,0
05:40:00,501209010,7,1,7,1,0
05:40:00,501209011,5,0,20,1,0
05:40:00,501209014,3,0,9,1,0
05:40:00,501209015,9,1,6,1,0
05:40:00,501209016,9,3,20,1,0
05:40:00,501209017,9,0,4,1,0
05:40:00,501209018,3,1,13,1,0
05:40:00,501209019,3,0,21,1,0
05:40:00,501209020,6,1,26,1,0
05:40:00,501209021,5,0,9,1,0
05:40:00,501209022,3,1,7,1,0
05:40:00,501209023,41,0,2,1,0
05:40:00,501209024,7,0,35,1,0
05:40:00,501209025,8,0,7,1,0
05:40:00,501209026,23,2,3,1,0
05:40:00,501209027,1,1,18,1,0
05:40:00,501209028,4,0,24,1,0
05:40:00,501209030,17,0,1,1,0
05:40:00,501209031,16,0,14,1,0
05:40:00,501209032,6,1,22,1,0
05:40:00,501209033,9,2,11,1,0
05:40:00,501209034,2,2,13,1,0
05:40:00,501209035,1,0,27,1,0
05:40:00,501209036,3,0,28,1,0
05:40:00,501209037,20,2,15,1,0
05:40:00,501209038,13,4,3,1,0
05:40:00,501209039,6,0,24,1,0
05:40:00,501209040,8,0,23,1,0
05:40:00,501209042,7,2,13,1,0
05:40:00,501209043,17,0,8,1,0
05:40:00,501209044,12,5,3,1,0
05:40:00,501209045,10,1,5,1,0
05:40:00,501209046,18,1,3,1,0
05:40:00,501209047,8,1,6,1,0
05:40:00,501209049,5,0,15,1,0
05:40:00,501209050,12,1,1,1,0
05:40:00,501209051,4,1,20,1,0
05:40:00,501209052,5,0,17,1,0
05:40:00,501209053,3,1,17,1,0
05:40:00,501209054,11,4,16,1,0
05:40:00,501209056,9,0,6,1,0
05:40:00,501209058,15,2,1,1,0
05:40:00,501209059,4,0,11,1,0
05:40:00,501209060,3,0,17,1,0
05:40:00,501209062,10,0,5,1,0
05:40:00,501209064,7,0,8,1,0
05:40:00,501209065,9,0,6,1,0
05:40:00,501209066,10,0,4,1,0
05:40:00,501209067,9,1,6,1,0
05:40:00,501209068,6,1,11,1,0
05:40:00,501209069,6,0,57,1,0
05:40:00,501209070,2,2,14,1,0
05:40:00,501209071,5,0,12,1,0
05:40:00,501209073,11,3,4,1,0
05:40:00,501209074,9,0,14,1,0
05:40:00,501209075,5,1,11,1,0
05:40:00,501209076,5,2,18,1,0
05:40:00,501209077,6,1,9,1,0
05:40:00,501209078,7,1,6,1,0
05:40:00,501209079,18,1,7,1,0
05:40:00,501209080,16,2,11,1,0
05:40:00,501209081,4,2,11,1,0
05:40:00,501209084,8,1,15,1,0
05:40:00,501209085,4,2,24,1,0
05:40:00,501209087,3,0,36,1,0
05:40:00,501209088,4,1,11,1,0
05:40:00,501209089,5,0,14,1,0
05:40:00,501209090,4,0,10,1,0
05:40:00,501209091,5,1,11,1,0
05:40:00,501209092,8,0,8,1,0
05:40:00,501209093,2,1,13,1,0
05:40:00,501209094,5,0,11,1,0
05:40:00,501209095,6,5,8,1,0
05:40:00,501209096,10,1,5,1,0
05:40:00,501209097,3,1,12,1,0
05:40:00,501209098,6,0,9,1,0
05:40:00,501209099,4,0,15,1,0
05:40:00,501209100,8,0,7,1,0
05:40:00,501209101,6,0,9,1,0
05:40:00,501209102,6,1,14,1,0
05:40:00,501209104,1,0,18,1,0
05:40:00,501209105,16,4,10,1,0
05:40:00,501209106,2,0,18,1,0
05:40:00,501211001,24,8,14,1,0
05:40:00,501211002,5,3,10,1,0
05:40:00,501211004,10,1,5,1,0
05:40:00,501211005,8,0,11,1,0
05:40:00,501211006,10,0,7,1,0
05:40:00,501211007,13,0,5,1,0
05:40:00,501211009,6,1,12,1,0
05:40:00,501211011,9,1,21,1,0
05:40:00,501211012,7,1,11,1,0
05:50:00,501201001,0,0,0,2,0
05:50:00,501201002,9,0,30,1,0
05:50:00,501201003,3,0,20,1,0
05:50:00,501201004,3,1,10,1,0
05:50:00,501201005,0,0,19,1,0
05:50:00,501201006,10,3,18,1,0
05:50:00,501201007,3,2,16,1,0
05:50:00,501201008,10,3,15,1,0
05:50:00,501201010,5,1,5,1,0
05:50:00,501201011,8,2,14,1,0
05:50:00,501201012,8,0,28,1,0
05:50:00,501201013,5,0,17,1,0
05:50:00,501201014,7,0,11,1,0
05:50:00,501201015,11,0,13,1,0
05:50:00,501201016,4,0,20,1,0
05:50:00,501201017,7,0,18,1,0
05:50:00,501201018,4,1,19,1,0
05:50:00,501201019,6,0,20,1,0
05:50:00,501201020,6,0,18,1,0
05:50:00,501201021,6,0,8,1,0
05:50:00,501201022,2,0,14,1,0
05:50:00,501201023,8,0,20,1,0
05:50:00,501201024,4,0,20,1,0
05:50:00,501201025,5,0,19,1,0
05:50:00,501201026,10,0,9,1,0
05:50:00,501201028,10,2,10,1,0
05:50:00,501201029,7,1,6,1,0
05:50:00,501201030,7,1,7,1,0
05:50:00,501201031,6,0,11,1,0
05:50:00,501202001,3,1,11,1,0
05:50:00,501202003,15,0,25,1,0
05:50:00,501202013,1,0,16,1,0
05:50:00,501202023,8,0,7,1,0
05:50:00,501202024,1,0,14,1,0
05:50:00,501202034,7,0,9,1,0
05:50:00,501202035,17,0,13,1,0
05:50:00,501202036,23,3,16,1,0
05:50:00,501202040,3,0,42,1,0
05:50:00,501202043,3,0,21,1,0
05:50:00,501202044,0,0,0,2,0
05:50:00,501202047,6,2,16,1,0
05:50:00,501202050,6,1,9,1,0
05:50:00,501202055,9,0,6,1,0
05:50:00,501202058,7,0,8,1,0
05:50:00,501202065,7,0,8,1,0
05:50:00,501202068,11,0,7,1,0
05:50:00,501202070,7,0,9,1,0
05:50:00,501202078,2,0,23,1,0
05:50:00,501202080,5,0,21,1,0
05:50:00,501202081,5,0,18,1,0
05:50:00,501202082,7,1,16,1,0
05:50:00,501202083,15,0,9,1,0
05:50:00,501202084,10,1,13,1,0
05:50:00,501202085,4,0,31,1,0
05:50:00,501202088,6,2,24,1,0
05:50:00,501202089,2,0,27,1,0
05:50:00,501202096,6,0,9,1,0
05:50:00,501203001,4,0,15,1,0
05:50:00,501203002,1,0,21,1,0
05:50:00,501203003,22,1,72,1,0
05:50:00,501203005,9,0,11,1,0
05:50:00,501203006,4,0,11,1,0
05:50:00,501203007,11,0,3,1,0
05:50:00,501203008,6,2,10,1,0
05:50:00,501203010,20,2,13,1,0
05:50:00,501203011,30,6,8,1,0
05:50:00,501203012,9,0,8,1,0
05:50:00,501203013,15,2,9,1,0
05:50:00,501203015,8,2,4,1,0
05:50:00,501203020,13,0,6,1,0
05:50:00,501203022,8,1,11,1,0
05:50:00,501203023,2,0,16,1,0
05:50:00,501203028,17,0,8,1,0
05:50:00,501203040,4,1,20,1,0
05:50:00,501203045,0,0,18,1,0
05:50:00,501203050,47,0,13,1,0
05:50:00,501203051,17,0,7,1,0
05:50:00,501203053,6,0,20,1,0
05:50:00,501203054,2,2,20,1,0
05:50:00,501203064,6,0,9,1,0
05:50:00,501203065,13,0,3,1,0
05:50:00,501203070,13,2,2,1,0
05:50:00,501203073,4,0,20,1,0
05:50:00,501203076,6,0,10,1,0
05:50:00,501203078,6,0,10,1,0
05:50:00,501203080,8,0,7,1,0
05:50:00,501203084,2,0,9,1,0
05:50:00,501203085,5,0,5,1,0
05:50:00,501203088,0,0,14,1,0
05:50:00,501203089,5,0,7,1,0
05:50:00,501203090,1,0,9,1,0
05:50:00,501203091,11,2,2,1,0
05:50:00,501203092,3,0,15,1,0
05:50:00,501203100,13,4,6,1,0
05:50:00,501203101,0,0,0,2,0
05:50:00,501203102,6,1,13,1,0
05:50:00,501203104,4,1,15,1,0
05:50:00,501203105,7,3,3,1,0
05:50:00,501203107,0,0,0,2,0
05:50:00,501203109,2,0,24,1,0
05:50:00,501203110,4,0,37,1,0
05:50:00,501203111,9,0,2,1,0
05:50:00,501203113,6,0,13,1,0
05:50:00,501203114,3,1,47,1,0
05:50:00,501203117,0,0,0,2,0
05:50:00,501203118,14,0,6,1,0
05:50:00,501203121,17,2,7,1,0
05:50:00,501203122,11,1,9,1,0
05:50:00,501203125,18,0,7,1,0
05:50:00,501203131,16,5,4,1,0
05:50:00,501203140,9,1,33,1,0
05:50:00,501203141,6,1,10,1,0
05:50:00,501203142,8,1,28,1,0
05:50:00,501203145,9,1,6,1,0
05:50:00,501203151,7,0,10,1,0
05:50:00,501203155,5,0,14,1,0
05:50:00,501203157,5,2,12,1,0
05:50:00,501203159,5,1,15,1,0
05:50:00,501203161,1,0,18,1,0
05:50:00,501203162,11,1,10,1,0
05:50:00,501203163,10,3,6,1,0
05:50:00,501204001,4,1,21,1,0
05:50:00,501204002,3,0,33,1,0
05:50:00,501204003,17,0,27,1,0
05:50:00,501204004,6,0,8,1,0
05:50:00,501204005,12,1,8,1,0
05:50:00,501204007,6,0,30,1,0
05:50:00,501204008,6,0,9,1,0
05:50:00,501204009,0,0,0,2,0
05:50:00,501204010,0,0,0,2,0
05:50:00,501204011,9,1,6,1,0
05:50:00,501204012,9,0,5,1,0
05:50:00,501204013,9,1,4,1,0
05:50:00,501204014,6,1,10,1,0
05:50:00,501204015,9,0,6,1,0
05:50:00,501204016,6,0,14,1,0
05:50:00,501204017,9,3,6,1,0
05:50:00,501204018,16,2,8,1,0
05:50:00,501204020,8,1,12,1,0
05:50:00,501204021,7,1,13,1,0
05:50:00,501204022,9,0,7,1,0
05:50:00,501204023,13,2,2,1,0
05:50:00,501204024,0,0,0,2,0
05:50:00,501204025,9,0,11,1,0
05:50:00,501205001,9,0,8,1,0
05:50:00,501205003,5,0,13,1,0
05:50:00,501205004,12,0,4,1,0
05:50:00,501205005,4,0,18,1,0
05:50:00,501205006,15,0,5,1,0
05:50:00,501205007,4,1,8,1,0
05:50:00,501205008,10,0,16,1,0
05:50:00,501205009,30,0,15,1,0
05:50:00,501205010,3,0,10,1,0
05:50:00,501205011,9,0,23,1,0
05:50:00,501205012,6,0,14,1,0
05:50:00,501205013,2,0,19,1,0
05:50:00,501205014,16,10,7,1,0
05:50:00,501205015,5,0,13,1,0
05:50:00,501205018,11,1,6,1,0
05:50:00,501205019,4,0,24,1,0
05:50:00,501205020,1,0,29,1,0
05:50:00,501205021,7,1,8,1,0
05:50:00,501205022,5,0,10,1,0
05:50:00,501205023,4,1,11,1,0
05:50:00,501205025,27,2,0,1,0
05:50:00,501205026,8,1,11,1,0
05:50:00,501205027,1,0,9,1,0
05:50:00,501205028,4,0,11,1,0
05:50:00,501205029,4,0,6,1,0
05:50:00,501205030,6,0,4,1,0
05:50:00,501205033,3,0,12,1,0
05:50:00,501205034,1,1,27,1,0
05:50:00,501205035,7,3,9,1,0
05:50:00,501205036,5,1,10,1,0
05:50:00,501205037,7,1,8,1,0
05:50:00,501205038,6,1,14,1,0
05:50:00,501205039,8,1,12,1,0
05:50:00,501205040,13,0,12,1,0
05:50:00,501205041,10,0,7,1,0
05:50:00,501205042,6,2,23,1,0
05:50:00,501208011,19,4,18,1,0
05:50:00,501208013,33,5,21,1,0
05:50:00,501208014,6,0,32,1,0
05:50:00,501208015,7,1,8,1,0
05:50:00,501208018,6,0,9,1,0
05:50:00,501208021,0,0,17,1,0
05:50:00,501208027,5,0,25,1,0
05:50:00,501208029,15,0,6,1,0
05:50:00,501208030,12,0,26,1,0
05:50:00,501208032,14,1,14,1,0
05:50:00,501208040,7,1,12,1,0
05:50:00,501208041,2,0,13,1,0
05:50:00,501208045,11,0,21,1,0
05:50:00,501208051,1,0,35,1,0
05:50:00,501208053,12,0,9,1,0
05:50:00,501208054,2,0,26,1,0
05:50:00,501208059,4,0,25,1,0
05:50:00,501208064,5,0,15,1,0
05:50:00,501208077,6,0,4,1,0
05:50:00,501208079,2,0,20,1,0
05:50:00,501208082,1,1,9,1,0
05:50:00,501208085,16,1,1,1,0
05:50:00,501208087,20,1,11,1,0
05:50:00,501208089,12,0,13,1,0
05:50:00,501208091,1,0,42,1,0
05:50:00,501208111,8,3,7,1,0
05:50:00,501208113,6,0,14,1,0
05:50:00,501208114,6,0,14,1,0
05:50:00,501208129,4,0,18,1,0
05:50:00,501208130,7,0,7,1,0
05:50:00,501209002,15,0,5,1,0
05:50:00,501209003,2,0,12,1,0
05:50:00,501209004,7,1,8,1,0
05:50:00,501209005,4,1,14,1,0
05:50:00,501209006,7,1,12,1,0
05:50:00,501209007,11,0,4,1,0
05:50:00,501209009,0,0,0,2,0
05:50:00,501209010,7,1,7,1,0
05:50:00,501209011,5,0,20,1,0
05:50:00,501209014,3,0,9,1,0
05:50:00,501209015,9,1,6,1,0
05:50:00,501209016,9,3,20,1,0
05:50:00,501209017,9,0,4,1,0
05:50:00,501209018,3,1,13,1,0
05:50:00,501209019,3,0,21,1,0
05:50:00,501209020,6,1,26,1,0
05:50:00,501209021,5,0,9,1,0
05:50:00,501209022,3,1,7,1,0
05:50:00,501209023,41,0,2,1,0
05:50:00,501209024,6,0,36,1,0
05:50:00,501209025,8,0,7,1,0
05:50:00,501209026,23,2,3,1,0
05:50:00,501209027,1,1,18,1,0
05:50:00,501209028,4,0,24,1,0
05:50:00,501209030,17,0,1,1,0
05:50:00,501209031,16,0,14,1,0
05:50:00,501209032,6,1,22,1,0
05:50:00,501209033,9,2,11,1,0
05:50:00,501209034,2,2,13,1,0
05:50:00,501209035,1,0,27,1,0
05:50:00,501209036,3,0,28,1,0
05:50:00,501209037,20,2,15,1,0
05:50:00,501209038,13,4,3,1,0
05:50:00,501209039,7,0,23,1,0
05:50:00,501209040,8,0,23,1,0
05:50:00,501209042,7,1,13,1,0
05:50:00,501209043,17,0,8,1,0
05:50:00,501209044,12,5,3,1,0
05:50:00,501209045,10,1,5,1,0
05:50:00,501209046,17,1,4,1,0
05:50:00,501209047,7,0,7,1,0
05:50:00,501209049,5,0,15,1,0
05:50:00,501209050,12,1,1,1,0
05:50:00,501209051,4,1,20,1,0
05:50:00,501209052,5,0,17,1,0
05:50:00,501209053,2,1,18,1,0
05:50:00,501209054,11,4,16,1,0
05:50:00,501209056,9,0,6,1,0
05:50:00,501209058,15,2,1,1,0
05:50:00,501209059,4,0,11,1,0
05:50:00,501209060,3,0,17,1,0
05:50:00,501209062,10,0,5,1,0
05:50:00,501209064,8,0,7,1,0
05:50:00,501209065,10,0,5,1,0
05:50:00,501209066,10,0,4,1,0
05:50:00,501209067,9,1,6,1,0
05:50:00,501209068,6,1,11,1,0
05:50:00,501209069,6,0,57,1,0
05:50:00,501209070,2,2,14,1,0
05:50:00,501209071,5,0,12,1,0
05:50:00,501209073,11,3,4,1,0
05:50:00,501209074,9,0,14,1,0
05:50:00,501209075,5,1,11,1,0
05:50:00,501209076,5,2,18,1,0
05:50:00,501209077,6,1,9,1,0
05:50:00,501209078,7,1,6,1,0
05:50:00,501209079,18,1,7,1,0
05:50:00,501209080,16,2,11,1,0
05:50:00,501209081,4,2,11,1,0
05:50:00,501209084,8,1,15,1,0
05:50:00,501209085,4,2,24,1,0
05:50:00,501209087,3,0,36,1,0
05:50:00,501209088,4,1,11,1,0
05:50:00,501209089,5,0,14,1,0
05:50:00,501209090,4,0,10,1,0
05:50:00,501209091,5,1,11,1,0
05:50:00,501209092,8,0,8,1,0
05:50:00,501209093,2,1,13,1,0
05:50:00,501209094,5,0,11,1,0
05:50:00,501209095,6,5,8,1,0
05:50:00,501209096,10,1,5,1,0
05:50:00,501209097,3,1,12,1,0
05:50:00,501209098,6,0,9,1,0
05:50:00,501209099,4,0,15,1,0
05:50:00,501209100,8,0,7,1,0
05:50:00,501209101,5,0,10,1,0
05:50:00,501209102,6,1,14,1,0
05:50:00,501209104,1,0,18,1,0
05:50:00,501209105,16,4,10,1,0
05:50:00,501209106,2,0,18,1,0
05:50:00,501211001,24,8,14,1,0
05:50:00,501211002,5,3,10,1,0
05:50:00,501211004,10,1,5,1,0
05:50:00,501211005,8,0,11,1,0
05:50:00,501211006,10,0,7,1,0
05:50:00,501211007,13,0,5,1,0
05:50:00,501211009,6,1,12,1,0
05:50:00,501211011,9,1,21,1,0
05:50:00,501211012,7,1,11,1,0
06:00:00,501201001,0,0,0,2,0
06:00:00,501201002,9,0,30,1,0
06:00:00,501201003,3,0,20,1,0
06:00:00,501201004,2,1,11,1,0
06:00:00,501201005,1,0,18,1,0
06:00:00,501201006,6,3,22,1,0
06:00:00,501201007,3,2,16,1,0
06:00:00,501201008,10,3,15,1,0
06:00:00,501201010,5,1,5,1,0
06:00:00,501201011,8,2,14,1,0
06:00:00,501201012,9,0,27,1,0
06:00:00,501201013,5,0,17,1,0
06:00:00,501201014,8,0,10,1,0
06:00:00,501201015,12,0,12,1,0
06:00:00,501201016,4,0,20,1,0
06:00:00,501201017,7,0,18,1,0
06:00:00,501201018,5,1,18,1,0
06:00:00,501201019,6,0,20,1,0
06:00:00,501201020,6,0,18,1,0
06:00:00,501201021,6,0,8,1,0
06:00:00,501201022,2,0,14,1,0
06:00:00,501201023,8,0,20,1,0
06:00:00,501201024,4,0,20,1,0
06:00:00,501201025,5,0,19,1,0
06:00:00,501201026,10,0,9,1,0
06:00:00,501201028,9,1,11,1,0
06:00:00,501201029,7,1,6,1,0
06:00:00,501201030,7,1,7,1,0
06:00:00,501201031,5,0,12,1,0
06:00:00,501202001,3,1,11,1,0
06:00:00,501202003,15,0,25,1,0
06:00:00,501202013,1,0,16,1,0
06:00:00,501202023,8,0,7,1,0
06:00:00,501202024,1,0,14,1,0
06:00:00,501202034,7,0,9,1,0
06:00:00,501202035,18,0,12,1,0
06:00:00,501202036,25,4,14,1,0
06:00:00,501202040,3,0,42,1,0
06:00:00,501202043,3,0,21,1,0
06:00:00,501202044,0,0,0,2,0
06:00:00,501202047,6,2,16,1,0
06:00:00,501202050,6,1,9,1,0
06:00:00,501202055,9,0,6,1,0
06:00:00,501202058,7,0,8,1,0
06:00:00,501202065,7,0,8,1,0
06:00:00,501202068,11,0,7,1,0
06:00:00,501202070,7,0,9,1,0
06:00:00,501202078,2,0,23,1,0
06:00:00,501202080,5,0,21,1,0
06:00:00,501202081,5,0,18,1,0
06:00:00,501202082,7,1,16,1,0
06:00:00,501202083,15,0,9,1,0
06:00:00,501202084,10,1,13,1,0
06:00:00,501202085,4,0,31,1,0
06:00:00,501202088,6,2,24,1,0
06:00:00,501202089,3,0,26,1,0
06:00:00,501202096,6,0,9,1,0
06:00:00,501203001,5,0,14,1,0
06:00:00,501203002,1,0,21,1,0
06:00:00,501203003,22,1,72,1,0
06:00:00,501203005,9,0,11,1,0
06:00:00,501203006,4,0,11,1,0
06:00:00,501203007,11,0,3,1,0
06:00:00,501203008,6,2,10,1,0
06:00:00,501203010,19,1,14,1,0
06:00:00,501203011,29,6,9,1,0
06:00:00,501203012,9,0,8,1,0
06:00:00,501203013,15,2,9,1,0
06:00:00,501203015,8,0,4,1,0
06:00:00,501203020,13,0,6,1,0
06:00:00,501203022,8,1,11,1,0
06:00:00,501203023,2,0,16,1,0
06:00:00,501203028,17,0,8,1,0
06:00:00,501203040,5,1,19,1,0
06:00:00,501203045,0,0,18,1,0
06:00:00,501203050,48,1,12,1,0
06:00:00,501203051,17,0,7,1,0
06:00:00,501203053,5,0,21,1,0
06:00:00,501203054,2,2,20,1,0
06:00:00,501203064,6,0,9,1,0
06:00:00,501203065,11,0,5,1,0
06:00:00,501203070,13,2,2,1,0
06:00:00,501203073,4,0,20,1,0
06:00:00,501203076,6,0,10,1,0
06:00:00,501203078,6,0,10,1,0
06:00:00,501203080,7,0,8,1,0
06:00:00,501203084,2,0,9,1,0
06:00:00,501203085,5,0,5,1,0
06:00:00,501203088,0,0,14,1,0
06:00:00,501203089,5,0,7,1,0
06:00:00,501203090,1,0,9,1,0
06:00:00,501203091,11,2,2,1,0
06:00:00,501203092,3,0,15,1,0
06:00:00,501203100,12,3,7,1,0
06:00:00,501203101,0,0,0,2,0
06:00:00,501203102,6,1,13,1,0
06:00:00,501203104,4,1,15,1,0
06:00:00,501203105,7,3,3,1,0
06:00:00,501203107,0,0,0,2,0
06:00:00,501203109,2,0,24,1,0
06:00:00,501203110,4,0,37,1,0
06:00:00,501203111,8,0,3,1,0
06:00:00,501203113,6,0,13,1,0
06:00:00,501203114,3,1,47,1,0
06:00:00,501203117,0,0,0,2,0
06:00:00,501203118,14,0,6,1,0
06:00:00,501203121,17,2,7,1,0
06:00:00,501203122,11,1,9,1,0
06:00:00,501203125,19,0,6,1,0
06:00:00,501203131,16,5,4,1,0
06:00:00,501203140,10,1,32,1,0
06:00:00,501203141,6,1,10,1,0
06:00:00,501203142,12,2,24,1,0
06:00:00,501203145,9,1,6,1,0
06:00:00,501203151,0,0,17,1,0
06:00:00,501203155,5,0,14,1,0
06:00:00,501203157,5,2,12,1,0
06:00:00,501203159,5,1,15,1,0
06:00:00,501203161,1,0,18,1,0
06:00:00,501203162,11,1,10,1,0
06:00:00,501203163,10,3,6,1,0
06:00:00,501204001,4,1,21,1,0
06:00:00,501204002,3,0,33,1,0
06:00:00,501204003,18,0,26,1,0
06:00:00,501204004,6,0,8,1,0
06:00:00,501204005,12,1,8,1,0
06:00:00,501204007,6,0,30,1,0
06:00:00,501204008,6,0,9,1,0
06:00:00,501204009,0,0,0,2,0
06:00:00,501204010,0,0,0,2,0
06:00:00,501204011,9,1,6,1,0
06:00:00,501204012,8,0,6,1,0
06:00:00,501204013,9,1,4,1,0
06:00:00,501204014,6,1,10,1,0
06:00:00,501204015,9,0,6,1,0
06:00:00,501204016,6,0,14,1,0
06:00:00,501204017,9,3,6,1,0
06:00:00,501204018,16,2,8,1,0
06:00:00,501204020,8,1,12,1,0
06:00:00,501204021,7,1,13,1,0
06:00:00,501204022,9,0,7,1,0
06:00:00,501204023,13,2,2,1,0
06:00:00,501204024,0,0,0,2,0
06:00:00,501204025,9,0,11,1,0
06:00:00,501205001,9,0,8,1,0
06:00:00,501205003,5,0,13,1,0
06:00:00,501205004,12,0,4,1,0
06:00:00,501205005,4,0,18,1,0
06:00:00,501205006,15,0,5,1,0
06:00:00,501205007,4,1,8,1,0
06:00:00,501205008,9,0,17,1,0
06:00:00,501205009,30,0,15,1,0
06:00:00,501205010,3,0,10,1,0
06:00:00,501205011,9,0,23,1,0
06:00:00,501205012,6,0,14,1,0
06:00:00,501205013,2,0,19,1,0
06:00:00,501205014,15,9,8,1,0
06:00:00,501205015,4,0,14,1,0
06:00:00,501205018,11,1,6,1,0
06:00:00,501205019,4,0,24,1,0
06:00:00,501205020,1,0,29,1,0
06:00:00,501205021,6,1,9,1,0
06:00:00,501205022,5,0,10,1,0
06:00:00,501205023,4,1,11,1,0
06:00:00,501205025,27,2,0,1,0
06:00:00,501205026,8,1,11,1,0
06:00:00,501205027,1,0,9,1,0
06:00:00,501205028,4,0,11,1,0
06:00:00,501205029,4,0,6,1,0
06:00:00,501205030,6,0,4,1,0
06:00:00,501205033,3,0,12,1,0
06:00:00,501205034,1,1,27,1,0
06:00:00,501205035,6,2,10,1,0
06:00:00,501205036,5,1,10,1,0
06:00:00,501205037,7,1,8,1,0
06:00:00,501205038,6,1,14,1,0
06:00:00,501205039,8,1,12,1,0
06:00:00,501205040,13,0,12,1,0
06:00:00,501205041,10,0,7,1,0
06:00:00,501205042,5,1,24,1,0
06:00:00,501208011,19,4,18,1,0
06:00:00,501208013,33,5,21,1,0
06:00:00,501208014,6,0,32,1,0
06:00:00,501208015,7,1,8,1,0
06:00:00,501208018,6,0,9,1,0
06:00:00,501208021,0,0,17,1,0
06:00:00,501208027,5,0,25,1,0
06:00:00,501208029,15,0,6,1,0
06:00:00,501208030,12,0,26,1,0
06:00:00,501208032,14,1,14,1,0
06:00:00,501208040,7,1,12,1,0
06:00:00,501208041,2,0,13,1,0
06:00:00,501208045,11,0,21,1,0
06:00:00,501208051,1,0,35,1,0
06:00:00,501208053,12,0,9,1,0
06:00:00,501208054,2,0,26,1,0
06:00:00,501208059,4,0,25,1,0
06:00:00,501208064,5,0,15,1,0
06:00:00,501208077,5,0,5,1,0
06:00:00,501208079,2,0,20,1,0
06:00:00,501208082,1,1,9,1,0
06:00:00,501208085,17,1,0,1,0
06:00:00,501208087,20,1,11,1,0
06:00:00,501208089,13,0,12,1,0
06:00:00,501208091,1,0,42,1,0
06:00:00,501208111,8,3,7,1,0
06:00:00,501208113,6,0,14,1,0
06:00:00,501208114,6,0,14,1,0
06:00:00,501208129,4,0,18,1,0
06:00:00,501208130,7,0,7,1,0
06:00:00,501209002,15,0,5,1,0
06:00:00,501209003,2,0,12,1,0
06:00:00,501209004,6,1,9,1,0
06:00:00,501209005,7,1,11,1,0
06:00:00,501209006,6,0,13,1,0
06:00:00,501209007,11,0,4,1,0
06:00:00,501209009,0,0,0,2,0
06:00:00,501209010,7,1,7,1,0
06:00:00,501209011,5,0,20,1,0
06:00:00,501209014,3,0,9,1,0
06:00:00,501209015,9,1,6,1,0
06:00:00,501209016,9,3,20,1,0
06:00:00,501209017,9,0,4,1,0
06:00:00,501209018,2,1,14,1,0
06:00:00,501209019,3,0,21,1,0
06:00:00,501209020,6,1,26,1,0
06:00:00,501209021,5,0,9,1,0
06:00:00,501209022,3,1,7,1,0
06:00:00,501209023,41,0,2,1,0
06:00:00,501209024,6,0,36,1,0
06:00:00,501209025,8,0,7,1,0
06:00:00,501209026,24,2,2,1,0
06:00:00,501209027,1,1,18,1,0
06:00:00,501209028,4,0,24,1,0
06:00:00,501209030,17,0,1,1,0
06:00:00,501209031,16,0,14,1,0
06:00:00,501209032,6,1,22,1,0
06:00:00,501209033,8,1,12,1,0
06:00:00,501209034,2,2,13,1,0
06:00:00,501209035,1,0,27,1,0
06:00:00,501209036,3,0,28,1,0
06:00:00,501209037,20,2,15,1,0
06:00:00,501209038,13,4,3,1,0
06:00:00,501209039,7,0,23,1,0
06:00:00,501209040,8,0,23,1,0
06:00:00,501209042,7,1,13,1,0
06:00:00,501209043,17,0,8,1,0
06:00:00,501209044,12,5,3,1,0
06:00:00,501209045,10,1,5,1,0
06:00:00,501209046,17,1,4,1,0
06:00:00,501209047,7,0,7,1,0
06:00:00,501209049,5,0,15,1,0
06:00:00,501209050,12,1,1,1,0
06:00:00,501209051,4,1,20,1,0
06:00:00,501209052,5,0,17,1,0
06:00:00,501209053,2,1,18,1,0
06:00:00,501209054,11,4,16,1,0
06:00:00,501209056,9,0,6,1,0
06:00:00,501209058,13,1,3,1,0
06:00:00,501209059,3,0,12,1,0
06:00:00,501209060,3,0,17,1,0
06:00:00,501209062,9,0,6,1,0
06:00:00,501209064,8,0,7,1,0
06:00:00,501209065,10,0,5,1,0
06:00:00,501209066,10,0,4,1,0
06:00:00,501209067,9,1,6,1,0
06:00:00,501209068,6,1,11,1,0
06:00:00,501209069,6,0,57,1,0
06:00:00,501209070,2,2,14,1,0
06:00:00,501209071,5,0,12,1,0
06:00:00,501209073,11,3,4,1,0
06:00:00,501209074,9,0,14,1,0
06:00:00,501209075,8,4,8,1,0
06:00:00,501209076,5,2,18,1,0
06:00:00,501209077,6,1,9,1,0
06:00:00,501209078,7,1,6,1,0
06:00:00,501209079,18,1,7,1,0
06:00:00,501209080,17,2,10,1,0
06:00:00,501209081,3,1,12,1,0
06:00:00,501209084,8,1,15,1,0
06:00:00,501209085,4,2,24,1,0
06:00:00,501209087,3,0,36,1,0
06:00:00,501209088,4,1,11,1,0
06:00:00,501209089,5,0,14,1,0
06:00:00,501209090,4,0,10,1,0
06:00:00,501209091,5,1,11,1,0
06:00:00,501209092,8,0,8,1,0
06:00:00,501209093,2,1,13,1,0
06:00:00,501209094,5,0,11,1,0
06:00:00,501209095,6,5,8,1,0
06:00:00,501209096,10,1,5,1,0
06:00:00,501209097,3,1,12,1,0
06:00:00,501209098,6,0,9,1,0
06:00:00,501209099,4,0,15,1,0
06:00:00,501209100,8,0,7,1,0
06:00:00,501209101,5,0,10,1,0
06:00:00,501209102,6,1,14,1,0
06:00:00,501209104,1,0,18,1,0
06:00:00,501209105,16,4,10,1,0
06:00:00,501209106,2,0,18,1,0
06:00:00,501211001,24,8,14,1,0
06:00:00,501211002,5,3,10,1,0
06:00:00,501211004,10,1,5,1,0
06:00:00,501211005,8,0,11,1,0
06:00:00,501211006,10,0,7,1,0
06:00:00,501211007,13,0,5,1,0
06:00:00,501211009,6,1,12,1,0
06:00:00,501211011,9,1,21,1,0
06:00:00,501211012,7,1,11,1,0
06:10:00,501201001,0,0,0,2,0
06:10:00,501201002,9,0,30,1,0
06:10:00,501201003,3,0,20,1,0
06:10:00,501201004,0,0,13,1,0
06:10:00,501201005,5,0,14,1,0
06:10:00,501201006,6,3,22,1,0
06:10:00,501201007,3,2,16,1,0
06:10:00,501201008,10,3,15,1,0
06:10:00,501201010,5,1,5,1,0
06:10:00,501201011,8,2,13,1,0
06:10:00,501201012,8,0,28,1,0
06:10:00,501201013,5,0,17,1,0
06:10:00,501201014,6,0,12,1,0
06:10:00,501201015,12,0,12,1,0
06:10:00,501201016,6,2,18,1,0
06:10:00,501201017,7,0,18,1,0
06:10:00,501201018,5,1,18,1,0
06:10:00,501201019,6,0,20,1,0
06:10:00,501201020,6,0,18,1,0
06:10:00,501201021,6,0,8,1,0
06:10:00,501201022,2,0,14,1,0
06:10:00,501201023,8,0,20,1,0
06:10:00,501201024,4,0,20,1,0
06:10:00,501201025,5,0,19,1,0
06:10:00,501201026,10,0,9,1,0
06:10:00,501201028,9,1,11,1,0
06:10:00,501201029,7,1,6,1,0
06:10:00,501201030,7,1,7,1,0
06:10:00,501201031,4,0,13,1,0
06:10:00,501202001,4,1,10,1,0
06:10:00,501202003,15,0,25,1,0
06:10:00,501202013,1,0,16,1,0
06:10:00,501202023,8,0,7,1,0
06:10:00,501202024,1,0,14,1,0
06:10:00,501202034,7,0,9,1,0
06:10:00,501202035,18,0,12,1,0
06:10:00,501202036,25,4,14,1,0
06:10:00,501202040,3,0,42,1,0
06:10:00,501202043,3,0,21,1,0
06:10:00,501202044,0,0,0,2,0
06:10:00,501202047,6,2,16,1,0
06:10:00,501202050,7,1,8,1,0
06:10:00,501202055,9,0,6,1,0
06:10:00,501202058,7,0,8,1,0
06:10:00,501202065,7,0,8,1,0
06:10:00,501202068,11,0,7,1,0
06:10:00,501202070,7,0,9,1,0
06:10:00,501202078,2,0,23,1,0
06:10:00,501202080,5,0,21,1,0
06:10:00,501202081,6,0,17,1,0
06:10:00,501202082,7,1,16,1,0
06:10:00,501202083,15,0,9,1,0
06:10:00,501202084,9,0,14,1,0
06:10:00,501202085,4,0,31,1,0
06:10:00,501202088,4,2,26,1,0
06:10:00,501202089,3,0,26,1,0
06:10:00,501202096,6,0,9,1,0
06:10:00,501203001,5,0,14,1,0
06:10:00,501203002,0,0,22,1,0
06:10:00,501203003,22,1,72,1,0
06:10:00,501203005,9,0,11,1,0
06:10:00,501203006,4,0,11,1,0
06:10:00,501203007,11,0,3,1,0
06:10:00,501203008,6,2,10,1,0
06:10:00,501203010,18,0,15,1,0
06:10:00,501203011,29,6,9,1,0
06:10:00,501203012,9,0,8,1,0
06:10:00,501203013,15,2,9,1,0
06:10:00,501203015,8,0,4,1,0
06:10:00,501203020,13,0,6,1,0
06:10:00,501203022,8,1,11,1,0
06:10:00,501203023,4,0,14,1,0
06:10:00,501203028,18,0,7,1,0
06:10:00,501203040,5,1,19,1,0
06:10:00,501203045,0,0,18,1,0
06:10:00,501203050,57,2,3,1,0
06:10:00,501203051,17,0,7,1,0
06:10:00,501203053,5,0,21,1,0
06:10:00,501203054,2,2,20,1,0
06:10:00,501203064,6,0,9,1,0
06:10:00,501203065,13,0,3,1,0
06:10:00,501203070,12,1,3,1,0
06:10:00,501203073,4,0,20,1,0
06:10:00,501203076,6,0,10,1,0
06:10:00,501203078,6,0,10,1,0
06:10:00,501203080,7,0,8,1,0
06:10:00,501203084,2,0,9,1,0
06:10:00,501203085,6,0,4,1,0
06:10:00,501203088,0,0,14,1,0
06:10:00,501203089,5,0,7,1,0
06:10:00,501203090,1,0,9,1,0
06:10:00,501203091,11,2,2,1,0
06:10:00,501203092,3,0,15,1,0
06:10:00,501203100,12,3,7,1,0
06:10:00,501203101,0,0,0,2,0
06:10:00,501203102,6,1,13,1,0
06:10:00,501203104,4,1,15,1,0
06:10:00,501203105,7,3,3,1,0
06:10:00,501203107,0,0,0,2,0
06:10:00,501203109,1,0,25,1,0
06:10:00,501203110,4,0,37,1,0
06:10:00,501203111,8,0,3,1,0
06:10:00,501203113,6,0,13,1,0
06:10:00,501203114,3,1,47,1,0
06:10:00,501203117,0,0,0,2,0
06:10:00,501203118,13,0,7,1,0
06:10:00,501203121,17,2,7,1,0
06:10:00,501203122,11,1,9,1,0
06:10:00,501203125,18,0,7,1,0
06:10:00,501203131,16,5,4,1,0
06:10:00,501203140,11,1,31,1,0
06:10:00,501203141,6,1,10,1,0
06:10:00,501203142,18,5,18,1,0
06:10:00,501203145,8,0,7,1,0
06:10:00,501203151,0,0,17,1,0
06:10:00,501203155,5,0,14,1,0
06:10:00,501203157,5,2,12,1,0
06:10:00,501203159,5,1,15,1,0
06:10:00,501203161,1,0,18,1,0
06:10:00,501203162,11,1,10,1,0
06:10:00,501203163,10,3,6,1,0
06:10:00,501204001,4,1,21,1,0
06:10:00,501204002,3,0,33,1,0
06:10:00,501204003,18,0,26,1,0
06:10:00,501204004,6,0,8,1,0
06:10:00,501204005,12,1,8,1,0
06:10:00,501204007,6,0,30,1,0
06:10:00,501204008,6,0,9,1,0
06:10:00,501204009,0,0,0,2,0
06:10:00,501204010,0,0,0,2,0
06:10:00,501204011,9,1,6,1,0
06:10:00,501204012,8,0,6,1,0
06:10:00,501204013,9,1,4,1,0
06:10:00,501204014,6,1,10,1,0
06:10:00,501204015,9,0,6,1,0
06:10:00,501204016,6,0,14,1,0
06:10:00,501204017,9,3,6,1,0
06:10:00,501204018,16,2,8,1,0
06:10:00,501204020,8,1,12,1,0
06:10:00,501204021,7,1,13,1,0
06:10:00,501204022,9,0,7,1,0
06:10:00,501204023,12,1,3,1,0
06:10:00,501204024,0,0,0,2,0
06:10:00,501204025,9,0,11,1,0
06:10:00,501205001,9,0,8,1,0
06:10:00,501205003,5,0,13,1,0
06:10:00,501205004,12,0,4,1,0
06:10:00,501205005,4,0,18,1,0
06:10:00,501205006,14,0,6,1,0
06:10:00,501205007,4,1,8,1,0
06:10:00,501205008,9,0,17,1,0
06:10:00,501205009,30,0,15,1,0
06:10:00,501205010,3,0,10,1,0
06:10:00,501205011,9,0,23,1,0
06:10:00,501205012,6,0,14,1,0
06:10:00,501205013,2,0,19,1,0
06:10:00,501205014,14,8,9,1,0
06:10:00,501205015,5,1,13,1,0
06:10:00,501205018,11,1,6,1,0
06:10:00,501205019,4,0,24,1,0
06:10:00,501205020,1,0,29,1,0
06:10:00,501205021,7,1,8,1,0
06:10:00,501205022,5,0,10,1,0
06:10:00,501205023,4,1,11,1,0
06:10:00,501205025,27,2,0,1,0
06:10:00,501205026,8,1,11,1,0
06:10:00,501205027,1,0,9,1,0
06:10:00,501205028,4,0,11,1,0
06:10:00,501205029,4,0,6,1,0
06:10:00,501205030,6,0,4,1,0
06:10:00,501205033,3,0,12,1,0
06:10:00,501205034,1,1,27,1,0
06:10:00,501205035,6,1,10,1,0
06:10:00,501205036,5,1,10,1,0
06:10:00,501205037,7,1,8,1,0
06:10:00,501205038,6,1,14,1,0
06:10:00,501205039,9,1,11,1,0
06:10:00,501205040,12,0,13,1,0
06:10:00,501205041,10,0,7,1,0
06:10:00,501205042,5,1,24,1,0
06:10:00,501208011,17,4,20,1,0
06:10:00,501208013,32,5,22,1,0
06:10:00,501208014,9,0,29,1,0
06:10:00,501208015,6,1,9,1,0
06:10:00,501208018,5,0,10,1,0
06:10:00,501208021,0,0,17,1,0
06:10:00,501208027,5,0,25,1,0
06:10:00,501208029,15,0,6,1,0
06:10:00,501208030,12,0,26,1,0
06:10:00,501208032,14,1,14,1,0
06:10:00,501208040,7,1,12,1,0
06:10:00,501208041,2,0,13,1,0
06:10:00,501208045,11,0,21,1,0
06:10:00,501208051,1,0,35,1,0
06:10:00,501208053,12,0,9,1,0
06:10:00,501208054,2,0,26,1,0
06:10:00,501208059,4,0,25,1,0
06:10:00,501208064,5,0,15,1,0
06:10:00,501208077,5,0,5,1,0
06:10:00,501208079,2,0,20,1,0
06:10:00,501208082,1,1,9,1,0
06:10:00,501208085,17,1,0,1,0
06:10:00,501208087,21,1,10,1,0
06:10:00,501208089,13,0,12,1,0
06:10:00,501208091,1,0,42,1,0
06:10:00,501208111,8,3,7,1,0
06:10:00,501208113,6,0,14,1,0
06:10:00,501208114,6,0,14,1,0
06:10:00,501208129,4,0,18,1,0
06:10:00,501208130,7,0,7,1,0
06:10:00,501209002,15,0,5,1,0
06:10:00,501209003,2,0,12,1,0
06:10:00,501209004,6,1,9,1,0
06:10:00,501209005,7,1,11,1,0
06:10:00,501209006,6,0,13,1,0
06:10:00,501209007,11,0,4,1,0
06:10:00,501209009,0,0,0,2,0
06:10:00,501209010,7,1,7,1,0
06:10:00,501209011,6,0,19,1,0
06:10:00,501209014,3,0,9,1,0
06:10:00,501209015,9,1,6,1,0
06:10:00,501209016,9,3,20,1,0
06:10:00,501209017,9,0,4,1,0
06:10:00,501209018,2,1,14,1,0
06:10:00,501209019,3,0,21,1,0
06:10:00,501209020,6,1,26,1,0
06:10:00,501209021,4,0,10,1,0
06:10:00,501209022,3,1,7,1,0
06:10:00,501209023,41,0,2,1,0
06:10:00,501209024,6,0,36,1,0
06:10:00,501209025,8,0,7,1,0
06:10:00,501209026,24,2,2,1,0
06:10:00,501209027,1,1,18,1,0
06:10:00,501209028,4,0,24,1,0
06:10:00,501209030,17,0,1,1,0
06:10:00,501209031,16,0,14,1,0
06:10:00,501209032,6,1,22,1,0
06:10:00,501209033,8,1,12,1,0
06:10:00,501209034,2,2,13,1,0
06:10:00,501209035,1,0,27,1,0
06:10:00,501209036,3,0,28,1,0
06:10:00,501209037,21,2,14,1,0
06:10:00,501209038,13,4,3,1,0
06:10:00,501209039,7,0,23,1,0
06:10:00,501209040,8,0,23,1,0
06:10:00,501209042,7,1,13,1,0
06:10:00,501209043,15,0,10,1,0
06:10:00,501209044,12,5,3,1,0
06:10:00,501209045,10,1,5,1,0
06:10:00,501209046,18,1,3,1,0
06:10:00,501209047,7,0,7,1,0
06:10:00,501209049,5,0,15,1,0
06:10:00,501209050,11,0,2,1,0
06:10:00,501209051,4,1,20,1,0
06:10:00,501209052,5,0,17,1,0
06:10:00,501209053,2,1,18,1,0
06:10:00,501209054,11,4,16,1,0
06:10:00,501209056,9,0,6,1,0
06:10:00,501209058,13,1,3,1,0
06:10:00,501209059,3,0,12,1,0
06:10:00,501209060,3,0,17,1,0
06:10:00,501209062,9,0,6,1,0
06:10:00,501209064,8,0,7,1,0
06:10:00,501209065,10,0,5,1,0
06:10:00,501209066,10,0,4,1,0
06:10:00,501209067,9,1,6,1,0
06:10:00,501209068,5,1,12,1,0
06:10:00,501209069,6,0,57,1,0
06:10:00,501209070,3,2,13,1,0
06:10:00,501209071,5,0,12,1,0
06:10:00,501209073,11,3,4,1,0
06:10:00,501209074,9,0,14,1,0
06:10:00,501209075,8,4,8,1,0
06:10:00,501209076,5,2,18,1,0
06:10:00,501209077,6,1,9,1,0
06:10:00,501209078,7,1,6,1,0
06:10:00,501209079,18,1,7,1,0
06:10:00,501209080,17,2,10,1,0
06:10:00,501209081,3,1,12,1,0
06:10:00,501209084,8,1,15,1,0
06:10:00,501209085,4,2,24,1,0
06:10:00,501209087,3,0,36,1,0
06:10:00,501209088,4,1,11,1,0
06:10:00,501209089,5,0,14,1,0
06:10:00,501209090,3,0,11,1,0
06:10:00,501209091,5,1,11,1,0
06:10:00,501209092,7,0,9,1,0
06:10:00,501209093,1,0,14,1,0
06:10:00,501209094,5,0,11,1,0
06:10:00,501209095,6,5,8,1,0
06:10:00,501209096,10,1,5,1,0
06:10:00,501209097,3,1,12,1,0
06:10:00,501209098,6,0,9,1,0
06:10:00,501209099,4,0,15,1,0
06:10:00,501209100,8,0,7,1,0
06:10:00,501209101,5,0,10,1,0
06:10:00,501209102,6,1,14,1,0
06:10:00,501209104,1,0,18,1,0
06:10:00,501209105,16,4,10,1,0
06:10:00,501209106,2,0,18,1,0
06:10:00,501211001,24,8,14,1,0
06:10:00,501211002,5,3,10,1,0
06:10:00,501211004,10,1,5,1,0
06:10:00,501211005,8,0,11,1,0
06:10:00,501211006,10,0,7,1,0
06:10:00,501211007,13,0,5,1,0
06:10:00,501211009,6,1,12,1,0
06:10:00,501211011,9,1,21,1,0
06:10:00,501211012,7,1,11,1,0
06:20:00,501201001,0,0,0,2,0
06:20:00,501201002,9,0,30,1,0
06:20:00,501201003,3,0,20,1,0
06:20:00,501201004,0,0,13,1,0
06:20:00,501201005,5,0,14,1,0
06:20:00,501201006,7,4,21,1,0
06:20:00,501201007,3,2,16,1,0
06:20:00,501201008,9,2,16,1,0
06:20:00,501201010,5,1,5,1,0
06:20:00,501201011,8,2,13,1,0
06:20:00,501201012,8,0,28,1,0
06:20:00,501201013,4,0,18,1,0
06:20:00,501201014,6,0,12,1,0
06:20:00,501201015,12,0,12,1,0
06:20:00,501201016,7,2,17,1,0
06:20:00,501201017,8,1,17,1,0
06:20:00,501201018,6,1,17,1,0
06:20:00,501201019,5,0,21,1,0
06:20:00,501201020,6,0,18,1,0
06:20:00,501201021,6,0,8,1,0
06:20:00,501201022,2,0,14,1,0
06:20:00,501201023,8,0,20,1,0
06:20:00,501201024,4,0,20,1,0
06:20:00,501201025,5,0,19,1,0
06:20:00,501201026,10,0,9,1,0
06:20:00,501201028,9,1,11,1,0
06:20:00,501201029,7,1,6,1,0
06:20:00,501201030,7,1,7,1,0
06:20:00,501201031,5,1,12,1,0
06:20:00,501202001,4,1,10,1,0
06:20:00,501202003,14,0,26,1,0
06:20:00,501202013,1,0,16,1,0
06:20:00,501202023,8,0,7,1,0
06:20:00,501202024,1,0,14,1,0
06:20:00,501202034,7,0,9,1,0
06:20:00,501202035,20,0,10,1,0
06:20:00,501202036,27,5,12,1,0
06:20:00,501202040,3,0,42,1,0
06:20:00,501202043,3,0,21,1,0
06:20:00,501202044,0,0,0,2,0
06:20:00,501202047,6,2,16,1,0
06:20:00,501202050,6,0,9,1,0
06:20:00,501202055,9,0,6,1,0
06:20:00,501202058,7,0,8,1,0
06:20:00,501202065,7,0,8,1,0
06:20:00,501202068,11,0,7,1,0
06:20:00,501202070,8,0,8,1,0
06:20:00,501202078,2,0,23,1,0
06:20:00,501202080,5,0,21,1,0
06:20:00,501202081,6,0,17,1,0
06:20:00,501202082,6,1,17,1,0
06:20:00,501202083,15,0,9,1,0
06:20:00,501202084,9,0,14,1,0
06:20:00,501202085,4,0,31,1,0
06:20:00,501202088,5,3,25,1,0
06:20:00,501202089,3,0,26,1,0
06:20:00,501202096,5,0,10,1,0
06:20:00,501203001,5,0,14,1,0
06:20:00,501203002,0,0,22,1,0
06:20:00,501203003,21,0,73,1,0
06:20:00,501203005,9,0,11,1,0
06:20:00,501203006,4,0,11,1,0
06:20:00,501203007,10,0,4,1,0
06:20:00,501203008,6,2,10,1,0
06:20:00,501203010,18,0,15,1,0
06:20:00,501203011,29,6,9,1,0
06:20:00,501203012,9,0,8,1,0
06:20:00,501203013,15,2,9,1,0
06:20:00,501203015,7,0,5,1,0
06:20:00,501203020,13,0,6,1,0
06:20:00,501203022,8,1,11,1,0
06:20:00,501203023,4,0,14,1,0
06:20:00,501203028,18,0,7,1,0
06:20:00,501203040,6,1,18,1,0
06:20:00,501203045,6,0,12,1,0
06:20:00,501203050,57,2,3,1,0
06:20:00,501203051,17,0,7,1,0
06:20:00,501203053,5,0,21,1,0
06:20:00,501203054,2,2,20,1,0
06:20:00,501203064,5,0,10,1,0
06:20:00,501203065,15,0,1,1,0
06:20:00,501203070,12,1,3,1,0
06:20:00,501203073,4,0,20,1,0
06:20:00,501203076,6,0,10,1,0
06:20:00,501203078,6,0,10,1,0
06:20:00,501203080,8,0,7,1,0
06:20:00,501203084,2,0,9,1,0
06:20:00,501203085,6,0,4,1,0
06:20:00,501203088,0,0,14,1,0
06:20:00,501203089,5,0,7,1,0
06:20:00,501203090,1,0,9,1,0
06:20:00,501203091,11,2,2,1,0
06:20:00,501203092,3,0,15,1,0
06:20:00,501203100,12,3,7,1,0
06:20:00,501203101,0,0,0,2,0
06:20:00,501203102,6,1,13,1,0
06:20:00,501203104,4,1,15,1,0
06:20:00,501203105,8,3,2,1,0
06:20:00,501203107,0,0,0,2,0
06:20:00,501203109,1,0,25,1,0
06:20:00,501203110,4,0,37,1,0
06:20:00,501203111,8,0,3,1,0
06:20:00,501203113,6,0,13,1,0
06:20:00,501203114,3,1,47,1,0
06:20:00,501203117,0,0,0,2,0
06:20:00,501203118,13,0,7,1,0
06:20:00,501203121,16,1,8,1,0
06:20:00,501203122,10,0,10,1,0
06:20:00,501203125,17,0,8,1,0
06:20:00,501203131,16,5,4,1,0
06:20:00,501203140,11,1,31,1,0
06:20:00,501203141,7,2,9,1,0
06:20:00,501203142,18,5,18,1,0
06:20:00,501203145,8,0,7,1,0
06:20:00,501203151,9,0,8,1,0
06:20:00,501203155,5,0,14,1,0
06:20:00,501203157,5,2,12,1,0
06:20:00,501203159,5,1,15,1,0
06:20:00,501203161,1,0,18,1,0
06:20:00,501203162,12,2,9,1,0
06:20:00,501203163,10,3,6,1,0
06:20:00,501204001,4,1,21,1,0
06:20:00,501204002,3,0,33,1,0
06:20:00,501204003,18,0,26,1,0
06:20:00,501204004,6,0,8,1,0
06:20:00,501204005,10,0,10,1,0
06:20:00,501204007,6,0,30,1,0
06:20:00,501204008,6,0,9,1,0
06:20:00,501204009,0,0,0,2,0
06:20:00,501204010,0,0,0,2,0
06:20:00,501204011,9,1,6,1,0
06:20:00,501204012,8,0,6,1,0
06:20:00,501204013,8,1,5,1,0
06:20:00,501204014,6,1,10,1,0
06:20:00,501204015,9,0,6,1,0
06:20:00,501204016,6,0,14,1,0
06:20:00,501204017,9,3,6,1,0
06:20:00,501204018,16,2,8,1,0
06:20:00,501204020,7,0,13,1,0
06:20:00,501204021,7,1,13,1,0
06:20:00,501204022,9,0,7,1,0
06:20:00,501204023,11,1,4,1,0
06:20:00,501204024,0,0,0,2,0
06:20:00,501204025,9,0,11,1,0
06:20:00,501205001,9,0,8,1,0
06:20:00,501205003,5,0,13,1,0
06:20:00,501205004,12,0,4,1,0
06:20:00,501205005,4,0,18,1,0
06:20:00,501205006,14,0,6,1,0
06:20:00,501205007,3,0,9,1,0
06:20:00,501205008,8,0,18,1,0
06:20:00,501205009,31,0,14,1,0
06:20:00,501205010,3,0,10,1,0
06:20:00,501205011,9,0,23,1,0
06:20:00,501205012,7,1,13,1,0
06:20:00,501205013,1,0,20,1,0
06:20:00,501205014,13,8,10,1,0
06:20:00,501205015,5,1,13,1,0
06:20:00,501205018,11,1,6,1,0
06:20:00,501205019,4,0,24,1,0
06:20:00,501205020,1,0,29,1,0
06:20:00,501205021,7,1,8,1,0
06:20:00,501205022,5,0,10,1,0
06:20:00,501205023,4,1,11,1,0
06:20:00,501205025,27,2,0,1,0
06:20:00,501205026,8,1,11,1,0
06:20:00,501205027,1,0,9,1,0
06:20:00,501205028,4,0,11,1,0
06:20:00,501205029,4,0,6,1,0
06:20:00,501205030,6,0,4,1,0
06:20:00,501205033,3,0,12,1,0
06:20:00,501205034,1,1,27,1,0
06:20:00,501205035,6,1,10,1,0
06:20:00,501205036,5,1,10,1,0
06:20:00,501205037,7,1,8,1,0
06:20:00,501205038,6,1,14,1,0
06:20:00,501205039,9,1,11,1,0
06:20:00,501205040,12,0,13,1,0
06:20:00,501205041,10,0,7,1,0
06:20:00,501205042,5,1,24,1,0
06:20:00,501208011,16,4,21,1,0
06:20:00,501208013,32,4,22,1,0
06:20:00,501208014,10,0,28,1,0
06:20:00,501208015,6,1,9,1,0
06:20:00,501208018,4,0,11,1,0
06:20:00,501208021,0,0,17,1,0
06:20:00,501208027,5,0,25,1,0
06:20:00,501208029,15,0,6,1,0
06:20:00,501208030,12,0,26,1,0
06:20:00,501208032,14,1,14,1,0
06:20:00,501208040,7,1,12,1,0
06:20:00,501208041,2,0,13,1,0
06:20:00,501208045,11,0,21,1,0
06:20:00,501208051,1,0,35,1,0
06:20:00,501208053,12,0,9,1,0
06:20:00,501208054,2,0,26,1,0
06:20:00,501208059,4,0,25,1,0
06:20:00,501208064,7,0,13,1,0
06:20:00,501208077,5,0,5,1,0
06:20:00,501208079,3,0,19,1,0
06:20:00,501208082,1,1,9,1,0
06:20:00,501208085,17,1,0,1,0
06:20:00,501208087,21,1,10,1,0
06:20:00,501208089,11,0,14,1,0
06:20:00,501208091,1,0,42,1,0
06:20:00,501208111,8,3,7,1,0
06:20:00,501208113,6,0,14,1,0
06:20:00,501208114,6,0,14,1,0
06:20:00,501208129,4,0,18,1,0
06:20:00,501208130,7,0,7,1,0
06:20:00,501209002,15,0,5,1,0
06:20:00,501209003,2,0,12,1,0
06:20:00,501209004,5,1,10,1,0
06:20:00,501209005,8,1,10,1,0
06:20:00,501209006,6,0,13,1,0
06:20:00,501209007,10,0,5,1,0
06:20:00,501209009,0,0,0,2,0
06:20:00,501209010,7,1,7,1,0
06:20:00,501209011,5,0,20,1,0
06:20:00,501209014,3,0,9,1,0
06:20:00,501209015,9,1,6,1,0
06:20:00,501209016,9,3,20,1,0
06:20:00,501209017,9,0,4,1,0
06:20:00,501209018,2,1,14,1,0
06:20:00,501209019,4,0,20,1,0
06:20:00,501209020,6,1,26,1,0
06:20:00,501209021,5,0,9,1,0
06:20:00,501209022,3,1,7,1,0
06:20:00,501209023,41,0,2,1,0
06:20:00,501209024,6,0,36,1,0
06:20:00,501209025,8,0,7,1,0
06:20:00,501209026,22,0,4,1,0
06:20:00,501209027,1,1,18,1,0
06:20:00,501209028,4,0,24,1,0
06:20:00,501209030,16,0,2,1,0
06:20:00,501209031,16,0,14,1,0
06:20:00,501209032,6,1,22,1,0
06:20:00,501209033,8,1,12,1,0
06:20:00,501209034,2,2,13,1,0
06:20:00,501209035,1,0,27,1,0
06:20:00,501209036,4,1,27,1,0
06:20:00,501209037,19,1,16,1,0
06:20:00,501209038,13,4,3,1,0
06:20:00,501209039,7,0,23,1,0
06:20:00,501209040,8,0,23,1,0
06:20:00,501209042,7,1,13,1,0
06:20:00,501209043,15,0,10,1,0
06:20:00,501209044,12,5,3,1,0
06:20:00,501209045,10,1,5,1,0
06:20:00,501209046,18,0,3,1,0
06:20:00,501209047,6,0,8,1,0
06:20:00,501209049,5,0,15,1,0
06:20:00,501209050,11,0,2,1,0
06:20:00,501209051,5,1,19,1,0
06:20:00,501209052,5,0,17,1,0
06:20:00,501209053,2,1,18,1,0
06:20:00,501209054,11,4,16,1,0
06:20:00,501209056,9,0,6,1,0
06:20:00,501209058,14,2,2,1,0
06:20:00,501209059,3,0,12,1,0
06:20:00,501209060,3,0,17,1,0
06:20:00,501209062,8,0,7,1,0
06:20:00,501209064,7,0,8,1,0
06:20:00,501209065,10,0,5,1,0
06:20:00,501209066,10,0,4,1,0
06:20:00,501209067,9,1,6,1,0
06:20:00,501209068,5,1,12,1,0
06:20:00,501209069,6,0,57,1,0
06:20:00,501209070,3,2,13,1,0
06:20:00,501209071,5,0,12,1,0
06:20:00,501209073,12,3,3,1,0
06:20:00,501209074,8,0,15,1,0
06:20:00,501209075,7,3,9,1,0
06:20:00,501209076,6,3,17,1,0
06:20:00,501209077,6,1,9,1,0
06:20:00,501209078,7,1,6,1,0
06:20:00,501209079,16,1,9,1,0
06:20:00,501209080,17,2,10,1,0
06:20:00,501209081,3,1,12,1,0
06:20:00,501209084,8,1,15,1,0
06:20:00,501209085,4,2,24,1,0
06:20:00,501209087,3,0,36,1,0
06:20:00,501209088,4,1,11,1,0
06:20:00,501209089,5,0,14,1,0
06:20:00,501209090,2,0,12,1,0
06:20:00,501209091,6,1,10,1,0
06:20:00,501209092,8,0,8,1,0
06:20:00,501209093,1,0,14,1,0
06:20:00,501209094,5,0,11,1,0
06:20:00,501209095,6,5,8,1,0
06:20:00,501209096,10,1,5,1,0
06:20:00,501209097,3,1,12,1,0
06:20:00,501209098,6,0,9,1,0
06:20:00,501209099,4,0,15,1,0
06:20:00,501209100,8,0,7,1,0
06:20:00,501209101,5,0,10,1,0
06:20:00,501209102,6,1,14,1,0
06:20:00,501209104,1,0,18,1,0
06:20:00,501209105,16,4,10,1,0
06:20:00,501209106,2,0,18,1,0
06:20:00,501211001,24,8,14,1,0
06:20:00,501211002,5,3,10,1,0
06:20:00,501211004,10,1,5,1,0
06:20:00,501211005,8,0,11,1,0
06:20:00,501211006,10,0,7,1,0
06:20:00,501211007,13,0,5,1,0
06:20:00,501211009,6,1,12,1,0
06:20:00,501211011,9,1,21,1,0
06:20:00,501211012,7,1,11,1,0
06:30:00,501201001,0,0,0,2,0
06:30:00,501201002,8,0,31,1,0
06:30:00,501201003,3,0,20,1,0
06:30:00,501201004,0,0,13,1,0
06:30:00,501201005,5,0,14,1,0
06:30:00,501201006,6,3,22,1,0
06:30:00,501201007,3,2,16,1,0
06:30:00,501201008,10,3,15,1,0
06:30:00,501201010,5,1,5,1,0
06:30:00,501201011,8,2,13,1,0
06:30:00,501201012,8,0,28,1,0
06:30:00,501201013,3,0,19,1,0
06:30:00,501201014,5,0,13,1,0
06:30:00,501201015,13,0,11,1,0
06:30:00,501201016,6,1,18,1,0
06:30:00,501201017,9,1,16,1,0
06:30:00,501201018,6,1,17,1,0
06:30:00,501201019,6,1,20,1,0
06:30:00,501201020,4,0,20,1,0
06:30:00,501201021,6,0,8,1,0
06:30:00,501201022,3,1,13,1,0
06:30:00,501201023,7,0,21,1,0
06:30:00,501201024,4,0,20,1,0
06:30:00,501201025,6,0,18,1,0
06:30:00,501201026,10,0,9,1,0
06:30:00,501201028,8,1,12,1,0
06:30:00,501201029,6,0,7,1,0
06:30:00,501201030,7,0,7,1,0
06:30:00,501201031,5,1,12,1,0
06:30:00,501202001,3,0,11,1,0
06:30:00,501202003,14,0,26,1,0
06:30:00,501202013,1,0,16,1,0
06:30:00,501202023,8,0,7,1,0
06:30:00,501202024,1,0,14,1,0
06:30:00,501202034,6,0,10,1,0
06:30:00,501202035,20,0,10,1,0
06:30:00,501202036,30,5,9,1,0
06:30:00,501202040,3,0,42,1,0
06:30:00,501202043,3,0,21,1,0
06:30:00,501202044,0,0,0,2,0
06:30:00,501202047,7,2,15,1,0
06:30:00,501202050,5,0,10,1,0
06:30:00,501202055,8,0,7,1,0
06:30:00,501202058,7,0,8,1,0
06:30:00,501202065,7,0,8,1,0
06:30:00,501202068,11,0,7,1,0
06:30:00,501202070,8,0,8,1,0
06:30:00,501202078,2,0,23,1,0
06:30:00,501202080,4,0,22,1,0
06:30:00,501202081,6,0,17,1,0
06:30:00,501202082,5,0,18,1,0
06:30:00,501202083,15,0,9,1,0
06:30:00,501202084,9,0,14,1,0
06:30:00,501202085,4,0,31,1,0
06:30:00,501202088,4,2,26,1,0
06:30:00,501202089,3,0,26,1,0
06:30:00,501202096,5,0,10,1,0
06:30:00,501203001,5,0,14,1,0
06:30:00,501203002,0,0,22,1,0
06:30:00,501203003,19,0,75,1,0
06:30:00,501203005,9,0,11,1,0
06:30:00,501203006,4,0,11,1,0
06:30:00,501203007,10,0,4,1,0
06:30:00,501203008,6,2,10,1,0
06:30:00,501203010,17,0,16,1,0
06:30:00,501203011,27,6,11,1,0
06:30:00,501203012,10,0,7,1,0
06:30:00,501203013,15,2,9,1,0
06:30:00,501203015,12,0,0,1,0
06:30:00,501203020,14,0,5,1,0
06:30:00,501203022,8,1,11,1,0
06:30:00,501203023,5,1,13,1,0
06:30:00,501203028,19,1,6,1,0
06:30:00,501203040,9,2,15,1,0
06:30:00,501203045,5,0,13,1,0
06:30:00,501203050,49,0,11,1,0
06:30:00,501203051,17,0,7,1,0
06:30:00,501203053,5,0,21,1,0
06:30:00,501203054,2,2,20,1,0
06:30:00,501203064,5,0,10,1,0
06:30:00,501203065,7,0,9,1,0
06:30:00,501203070,12,1,3,1,0
06:30:00,501203073,4,0,20,1,0
06:30:00,501203076,6,0,10,1,0
06:30:00,501203078,6,0,10,1,0
06:30:00,501203080,8,0,7,1,0
06:30:00,501203084,2,0,9,1,0
06:30:00,501203085,5,0,5,1,0
06:30:00,501203088,1,1,13,1,0
06:30:00,501203089,5,0,7,1,0
06:30:00,501203090,1,0,9,1,0
06:30:00,501203091,11,2,2,1,0
06:30:00,501203092,3,0,15,1,0
06:30:00,501203100,12,3,7,1,0
06:30:00,501203101,0,0,0,2,0
06:30:00,501203102,5,1,14,1,0
06:30:00,501203104,4,1,15,1,0
06:30:00,501203105,8,3,2,1,0
06:30:00,501203107,0,0,0,2,0
06:30:00,501203109,1,0,25,1,0
06:30:00,501203110,4,0,37,1,0
06:30:00,501203111,8,0,3,1,0
06:30:00,501203113,4,0,15,1,0
06:30:00,501203114,3,1,47,1,0
06:30:00,501203117,0,0,0,2,0
06:30:00,501203118,12,0,8,1,0
06:30:00,501203121,15,0,9,1,0
06:30:00,501203122,10,0,10,1,0
06:30:00,501203125,17,0,8,1,0
06:30:00,501203131,16,5,4,1,0
06:30:00,501203140,12,1,30,1,0
06:30:00,501203141,7,2,9,1,0
06:30:00,501203142,16,4,20,1,0
06:30:00,501203145,7,0,8,1,0
06:30:00,501203151,5,0,12,1,0
06:30:00,501203155,5,0,14,1,0
06:30:00,501203157,5,2,12,1,0
06:30:00,501203159,5,1,15,1,0
06:30:00,501203161,1,0,18,1,0
06:30:00,501203162,12,2,9,1,0
06:30:00,501203163,9,2,7,1,0
06:30:00,501204001,4,1,21,1,0
06:30:00,501204002,3,0,33,1,0
06:30:00,501204003,17,0,27,1,0
06:30:00,501204004,6,0,8,1,0
06:30:00,501204005,10,0,10,1,0
06:30:00,501204007,6,0,30,1,0
06:30:00,501204008,6,0,9,1,0
06:30:00,501204009,0,0,0,2,0
06:30:00,501204010,0,0,0,2,0
06:30:00,501204011,7,0,8,1,0
06:30:00,501204012,8,0,6,1,0
06:30:00,501204013,8,1,5,1,0
06:30:00,501204014,6,1,10,1,0
06:30:00,501204015,9,0,6,1,0
06:30:00,501204016,6,0,14,1,0
06:30:00,501204017,9,3,6,1,0
06:30:00,501204018,16,2,8,1,0
06:30:00,501204020,7,0,13,1,0
06:30:00,501204021,5,0,15,1,0
06:30:00,501204022,9,0,7,1,0
06:30:00,501204023,11,1,4,1,0
06:30:00,501204024,0,0,0,2,0
06:30:00,501204025,9,0,11,1,0
06:30:00,501205001,9,0,8,1,0
06:30:00,501205003,5,0,13,1,0
06:30:00,501205004,11,0,5,1,0
06:30:00,501205005,4,0,18,1,0
06:30:00,501205006,14,0,6,1,0
06:30:00,501205007,3,0,9,1,0
06:30:00,501205008,8,0,18,1,0
06:30:00,501205009,30,0,15,1,0
06:30:00,501205010,2,0,11,1,0
06:30:00,501205011,9,0,23,1,0
06:30:00,501205012,7,1,13,1,0
06:30:00,501205013,1,0,20,1,0
06:30:00,501205014,13,8,10,1,0
06:30:00,501205015,5,1,13,1,0
06:30:00,501205018,11,1,6,1,0
06:30:00,501205019,5,1,23,1,0
06:30:00,501205020,1,0,29,1,0
06:30:00,501205021,7,1,8,1,0
06:30:00,501205022,5,0,10,1,0
06:30:00,501205023,4,1,11,1,0
06:30:00,501205025,27,2,0,1,0
06:30:00,501205026,9,1,10,1,0
06:30:00,501205027,0,0,10,1,0
06:30:00,501205028,0,0,15,1,0
06:30:00,501205029,4,0,6,1,0
06:30:00,501205030,6,0,4,1,0
06:30:00,501205033,4,0,11,1,0
06:30:00,501205034,3,1,25,1,0
06:30:00,501205035,6,1,10,1,0
06:30:00,501205036,5,1,10,1,0
06:30:00,501205037,7,1,8,1,0
06:30:00,501205038,6,1,14,1,0
06:30:00,501205039,9,2,11,1,0
06:30:00,501205040,13,0,12,1,0
06:30:00,501205041,8,0,9,1,0
06:30:00,501205042,5,1,24,1,0
06:30:00,501208011,15,3,22,1,0
06:30:00,501208013,31,4,23,1,0
06:30:00,501208014,11,1,27,1,0
06:30:00,501208015,7,1,8,1,0
06:30:00,501208018,4,0,11,1,0
06:30:00,501208021,0,0,17,1,0
06:30:00,501208027,5,0,25,1,0
06:30:00,501208029,14,0,7,1,0
06:30:00,501208030,12,0,26,1,0
06:30:00,501208032,13,1,15,1,0
06:30:00,501208040,7,1,12,1,0
06:30:00,501208041,2,0,13,1,0
06:30:00,501208045,11,0,21,1,0
06:30:00,501208051,1,0,35,1,0
06:30:00,501208053,12,0,9,1,0
06:30:00,501208054,2,0,26,1,0
06:30:00,501208059,3,0,26,1,0
06:30:00,501208064,7,0,13,1,0
06:30:00,501208077,5,0,5,1,0
06:30:00,501208079,3,0,19,1,0
06:30:00,501208082,1,1,9,1,0
06:30:00,501208085,17,1,0,1,0
06:30:00,501208087,21,1,10,1,0
06:30:00,501208089,9,0,16,1,0
06:30:00,501208091,1,0,42,1,0
06:30:00,501208111,8,3,7,1,0
06:30:00,501208113,6,0,14,1,0
06:30:00,501208114,6,0,14,1,0
06:30:00,501208129,4,0,18,1,0
06:30:00,501208130,7,0,7,1,0
06:30:00,501209002,15,0,5,1,0
06:30:00,501209003,2,0,12,1,0
06:30:00,501209004,4,1,11,1,0
06:30:00,501209005,10,1,8,1,0
06:30:00,501209006,6,0,13,1,0
06:30:00,501209007,10,0,5,1,0
06:30:00,501209009,0,0,0,2,0
06:30:00,501209010,6,0,8,1,0
06:30:00,501209011,5,0,20,1,0
06:30:00,501209014,3,0,9,1,0
06:30:00,501209015,8,0,7,1,0
06:30:00,501209016,9,3,20,1,0
06:30:00,501209017,8,0,5,1,0
06:30:00,501209018,2,0,14,1,0
06:30:00,501209019,4,0,20,1,0
06:30:00,501209020,5,0,27,1,0
06:30:00,501209021,6,0,8,1,0
06:30:00,501209022,1,1,9,1,0
06:30:00,501209023,42,0,1,1,0
06:30:00,501209024,7,0,35,1,0
06:30:00,501209025,8,0,7,1,0
06:30:00,501209026,21,0,5,1,0
06:30:00,501209027,1,1,18,1,0
06:30:00,501209028,5,0,23,1,0
06:30:00,501209030,16,0,2,1,0
06:30:00,501209031,18,1,12,1,0
06:30:00,501209032,6,1,22,1,0
06:30:00,501209033,8,1,12,1,0
06:30:00,501209034,1,1,14,1,0
06:30:00,501209035,1,0,27,1,0
06:30:00,501209036,0,0,31,1,0
06:30:00,501209037,19,1,16,1,0
06:30:00,501209038,12,3,4,1,0
06:30:00,501209039,7,0,23,1,0
06:30:00,501209040,8,0,23,1,0
06:30:00,501209042,7,1,13,1,0
06:30:00,501209043,15,1,10,1,0
06:30:00,501209044,12,5,3,1,0
06:30:00,501209045,10,1,5,1,0
06:30:00,501209046,19,2,2,1,0
06:30:00,501209047,6,0,8,1,0
06:30:00,501209049,5,0,15,1,0
06:30:00,501209050,11,0,2,1,0
06:30:00,501209051,5,1,19,1,0
06:30:00,501209052,5,0,17,1,0
06:30:00,501209053,2,1,18,1,0
06:30:00,501209054,11,4,16,1,0
06:30:00,501209056,11,0,4,1,0
06:30:00,501209058,14,2,2,1,0
06:30:00,501209059,3,0,12,1,0
06:30:00,501209060,5,2,15,1,0
06:30:00,501209062,8,0,7,1,0
06:30:00,501209064,6,0,9,1,0
06:30:00,501209065,10,0,5,1,0
06:30:00,501209066,9,0,5,1,0
06:30:00,501209067,9,1,6,1,0
06:30:00,501209068,6,1,11,1,0
06:30:00,501209069,6,0,57,1,0
06:30:00,501209070,3,2,13,1,0
06:30:00,501209071,6,1,11,1,0
06:30:00,501209073,12,3,3,1,0
06:30:00,501209074,8,0,15,1,0
06:30:00,501209075,4,1,12,1,0
06:30:00,501209076,6,3,17,1,0
06:30:00,501209077,6,1,9,1,0
06:30:00,501209078,7,1,6,1,0
06:30:00,501209079,19,2,6,1,0
06:30:00,501209080,17,2,10,1,0
06:30:00,501209081,4,2,11,1,0
06:30:00,501209084,8,0,15,1,0
06:30:00,501209085,4,2,24,1,0
06:30:00,501209087,2,0,37,1,0
06:30:00,501209088,4,1,11,1,0
06:30:00,501209089,5,0,14,1,0
06:30:00,501209090,2,0,12,1,0
06:30:00,501209091,6,1,10,1,0
06:30:00,501209092,8,0,8,1,0
06:30:00,501209093,1,0,14,1,0
06:30:00,501209094,4,0,12,1,0
06:30:00,501209095,6,5,8,1,0
06:30:00,501209096,10,1,5,1,0
06:30:00,501209097,3,1,12,1,0
06:30:00,501209098,6,0,9,1,0
06:30:00,501209099,4,0,15,1,0
06:30:00,501209100,9,1,6,1,0
06:30:00,501209101,5,0,10,1,0
06:30:00,501209102,6,1,14,1,0
06:30:00,501209104,1,0,18,1,0
06:30:00,501209105,16,4,10,1,0
06:30:00,501209106,2,0,18,1,0
06:30:00,501211001,24,8,14,1,0
06:30:00,501211002,5,3,10,1,0
06:30:00,501211004,10,1,5,1,0
06:30:00,501211005,8,0,11,1,0
06:30:00,501211006,9,0,8,1,0
06:30:00,501211007,13,0,5,1,0
06:30:00,501211009,6,1,12,1,0
06:30:00,501211011,9,1,21,1,0
06:30:00,501211012,7,1,11,1,0
06:40:00,501201001,0,0,0,2,0
06:40:00,501201002,8,0,31,1,0
06:40:00,501201003,3,0,20,1,0
06:40:00,501201004,0,0,13,1,0
06:40:00,501201005,5,0,14,1,0
06:40:00,501201006,5,2,23,1,0
06:40:00,501201007,3,2,16,1,0
06:40:00,501201008,10,3,15,1,0
06:40:00,501201010,5,1,5,1,0
06:40:00,501201011,6,0,15,1,0
06:40:00,501201012,7,0,29,1,0
06:40:00,501201013,2,0,20,1,0
06:40:00,501201014,5,0,13,1,0
06:40:00,501201015,14,0,10,1,0
06:40:00,501201016,5,1,19,1,0
06:40:00,501201017,8,0,17,1,0
06:40:00,501201018,6,1,17,1,0
06:40:00,501201019,6,1,20,1,0
06:40:00,501201020,4,0,20,1,0
06:40:00,501201021,7,0,7,1,0
06:40:00,501201022,3,1,13,1,0
06:40:00,501201023,7,0,21,1,0
06:40:00,501201024,5,0,19,1,0
06:40:00,501201025,6,0,18,1,0
06:40:00,501201026,9,0,10,1,0
06:40:00,501201028,8,2,12,1,0
06:40:00,501201029,6,0,7,1,0
06:40:00,501201030,7,0,7,1,0
06:40:00,501201031,5,1,12,1,0
06:40:00,501202001,4,0,10,1,0
06:40:00,501202003,14,0,26,1,0
06:40:00,501202013,1,0,16,1,0
06:40:00,501202023,5,0,10,1,0
06:40:00,501202024,1,0,14,1,0
06:40:00,501202034,4,0,12,1,0
06:40:00,501202035,19,0,11,1,0
06:40:00,501202036,33,6,6,1,0
06:40:00,501202040,3,0,42,1,0
06:40:00,501202043,4,0,20,1,0
06:40:00,501202044,0,0,0,2,0
06:40:00,501202047,8,2,14,1,0
06:40:00,501202050,6,0,9,1,0
06:40:00,501202055,7,0,8,1,0
06:40:00,501202058,7,0,8,1,0
06:40:00,501202065,7,0,8,1,0
06:40:00,501202068,10,0,8,1,0
06:40:00,501202070,8,0,8,1,0
06:40:00,501202078,2,0,23,1,0
06:40:00,501202080,4,0,22,1,0
06:40:00,501202081,6,0,17,1,0
06:40:00,501202082,5,0,18,1,0
06:40:00,501202083,15,0,9,1,0
06:40:00,501202084,8,0,15,1,0
06:40:00,501202085,4,0,31,1,0
06:40:00,501202088,4,2,26,1,0
06:40:00,501202089,3,0,26,1,0
06:40:00,501202096,4,0,11,1,0
06:40:00,501203001,4,0,15,1,0
06:40:00,501203002,1,0,21,1,0
06:40:00,501203003,20,0,74,1,0
06:40:00,501203005,9,0,11,1,0
06:40:00,501203006,4,0,11,1,0
06:40:00,501203007,10,0,4,1,0
06:40:00,501203008,6,2,10,1,0
06:40:00,501203010,16,0,17,1,0
06:40:00,501203011,27,6,11,1,0
06:40:00,501203012,10,0,7,1,0
06:40:00,501203013,21,4,3,1,0
06:40:00,501203015,12,0,0,1,0
06:40:00,501203020,14,0,5,1,0
06:40:00,501203022,2,1,17,1,0
06:40:00,501203023,5,1,13,1,0
06:40:00,501203028,19,1,6,1,0
06:40:00,501203040,9,1,15,1,0
06:40:00,501203045,7,1,11,1,0
06:40:00,501203050,50,0,10,1,0
06:40:00,501203051,17,0,7,1,0
06:40:00,501203053,5,0,21,1,0
06:40:00,501203054,2,2,20,1,0
06:40:00,501203064,4,0,11,1,0
06:40:00,501203065,3,0,13,1,0
06:40:00,501203070,11,0,4,1,0
06:40:00,501203073,4,0,20,1,0
06:40:00,501203076,5,0,11,1,0
06:40:00,501203078,6,0,10,1,0
06:40:00,501203080,8,0,7,1,0
06:40:00,501203084,1,0,10,1,0
06:40:00,501203085,5,0,5,1,0
06:40:00,501203088,1,1,13,1,0
06:40:00,501203089,5,0,7,1,0
06:40:00,501203090,1,0,9,1,0
06:40:00,501203091,11,2,2,1,0
06:40:00,501203092,3,0,15,1,0
06:40:00,501203100,11,2,8,1,0
06:40:00,501203101,0,0,0,2,0
06:40:00,501203102,5,1,14,1,0
06:40:00,501203104,3,0,16,1,0
06:40:00,501203105,7,3,3,1,0
06:40:00,501203107,0,0,0,2,0
06:40:00,501203109,1,0,25,1,0
06:40:00,501203110,4,0,37,1,0
06:40:00,501203111,7,0,4,1,0
06:40:00,501203113,5,1,14,1,0
06:40:00,501203114,4,1,46,1,0
06:40:00,501203117,0,0,0,2,0
06:40:00,501203118,12,0,8,1,0
06:40:00,501203121,12,0,12,1,0
06:40:00,501203122,10,0,10,1,0
06:40:00,501203125,14,0,11,1,0
06:40:00,501203131,16,5,4,1,0
06:40:00,501203140,11,1,31,1,0
06:40:00,501203141,7,2,9,1,0
06:40:00,501203142,16,4,20,1,0
06:40:00,501203145,6,0,9,1,0
06:40:00,501203151,2,0,15,1,0
06:40:00,501203155,5,0,14,1,0
06:40:00,501203157,5,2,12,1,0
06:40:00,501203159,5,1,15,1,0
06:40:00,501203161,1,0,18,1,0
06:40:00,501203162,12,2,9,1,0
06:40:00,501203163,8,1,8,1,0
06:40:00,501204001,4,1,21,1,0
06:40:00,501204002,3,0,33,1,0
06:40:00,501204003,19,0,25,1,0
06:40:00,501204004,6,0,8,1,0
06:40:00,501204005,9,0,11,1,0
06:40:00,501204007,6,0,30,1,0
06:40:00,501204008,8,0,7,1,0
06:40:00,501204009,0,0,0,2,0
06:40:00,501204010,0,0,0,2,0
06:40:00,501204011,11,1,4,1,0
06:40:00,501204012,8,0,6,1,0
06:40:00,501204013,7,1,6,1,0
06:40:00,501204014,6,1,10,1,0
06:40:00,501204015,9,0,6,1,0
06:40:00,501204016,6,0,14,1,0
06:40:00,501204017,9,3,6,1,0
06:40:00,501204018,16,2,8,1,0
06:40:00,501204020,6,0,14,1,0
06:40:00,501204021,4,0,16,1,0
06:40:00,501204022,9,0,7,1,0
06:40:00,501204023,10,0,5,1,0
06:40:00,501204024,0,0,0,2,0
06:40:00,501204025,9,0,11,1,0
06:40:00,501205001,9,0,8,1,0
06:40:00,501205003,5,0,13,1,0
06:40:00,501205004,11,0,5,1,0
06:40:00,501205005,4,0,18,1,0
06:40:00,501205006,14,0,6,1,0
06:40:00,501205007,3,0,9,1,0
06:40:00,501205008,8,0,18,1,0
06:40:00,501205009,32,0,13,1,0
06:40:00,501205010,0,0,13,1,0
06:40:00,501205011,8,0,24,1,0
06:40:00,501205012,5,0,15,1,0
06:40:00,501205013,1,0,20,1,0
06:40:00,501205014,11,7,12,1,0
06:40:00,501205015,5,1,13,1,0
06:40:00,501205018,11,1,6,1,0
06:40:00,501205019,7,1,21,1,0
06:40:00,501205020,1,0,29,1,0
06:40:00,501205021,6,0,9,1,0
06:40:00,501205022,5,0,10,1,0
06:40:00,501205023,4,1,11,1,0
06:40:00,501205025,27,2,0,1,0
06:40:00,501205026,9,1,10,1,0
06:40:00,501205027,0,0,10,1,0
06:40:00,501205028,1,0,14,1,0
06:40:00,501205029,4,0,6,1,0
06:40:00,501205030,6,0,4,1,0
06:40:00,501205033,4,0,11,1,0
06:40:00,501205034,4,1,24,1,0
06:40:00,501205035,6,1,10,1,0
06:40:00,501205036,5,1,10,1,0
06:40:00,501205037,7,1,8,1,0
06:40:00,501205038,6,1,14,1,0
06:40:00,501205039,8,1,12,1,0
06:40:00,501205040,13,0,12,1,0
06:40:00,501205041,9,0,8,1,0
06:40:00,501205042,5,1,24,1,0
06:40:00,501208011,15,3,22,1,0
06:40:00,501208013,30,4,24,1,0
06:40:00,501208014,11,1,27,1,0
06:40:00,501208015,7,1,8,1,0
06:40:00,501208018,3,0,12,1,0
06:40:00,501208021,0,0,17,1,0
06:40:00,501208027,5,0,25,1,0
06:40:00,501208029,13,0,8,1,0
06:40:00,501208030,16,0,22,1,0
06:40:00,501208032,13,1,15,1,0
06:40:00,501208040,7,1,12,1,0
06:40:00,501208041,3,0,12,1,0
06:40:00,501208045,11,0,21,1,0
06:40:00,501208051,1,0,35,1,0
06:40:00,501208053,11,0,10,1,0
06:40:00,501208054,2,0,26,1,0
06:40:00,501208059,3,0,26,1,0
06:40:00,501208064,7,0,13,1,0
06:40:00,501208077,5,0,5,1,0
06:40:00,501208079,3,0,19,1,0
06:40:00,501208082,1,1,9,1,0
06:40:00,501208085,17,1,0,1,0
06:40:00,501208087,22,1,9,1,0
06:40:00,501208089,10,0,15,1,0
06:40:00,501208091,1,0,42,1,0
06:40:00,501208111,7,2,8,1,0
06:40:00,501208113,5,0,15,1,0
06:40:00,501208114,6,0,14,1,0
06:40:00,501208129,4,0,18,1,0
06:40:00,501208130,8,0,6,1,0
06:40:00,501209002,16,0,4,1,0
06:40:00,501209003,1,0,13,1,0
06:40:00,501209004,5,2,10,1,0
06:40:00,501209005,17,3,1,1,0
06:40:00,501209006,6,0,13,1,0
06:40:00,501209007,9,0,6,1,0
06:40:00,501209009,0,0,0,2,0
06:40:00,501209010,6,0,8,1,0
06:40:00,501209011,5,0,20,1,0
06:40:00,501209014,3,0,9,1,0
06:40:00,501209015,9,0,6,1,0
06:40:00,501209016,9,3,20,1,0
06:40:00,501209017,5,0,8,1,0
06:40:00,501209018,1,0,15,1,0
06:40:00,501209019,4,0,20,1,0
06:40:00,501209020,5,0,27,1,0
06:40:00,501209021,7,0,7,1,0
06:40:00,501209022,0,0,10,1,0
06:40:00,501209023,42,0,1,1,0
06:40:00,501209024,6,0,36,1,0
06:40:00,501209025,8,0,7,1,0
06:40:00,501209026,22,0,4,1,0
06:40:00,501209027,1,1,18,1,0
06:40:00,501209028,6,1,22,1,0
06:40:00,501209030,15,0,3,1,0
06:40:00,501209031,18,1,12,1,0
06:40:00,501209032,5,1,23,1,0
06:40:00,501209033,8,1,12,1,0
06:40:00,501209034,1,1,14,1,0
06:40:00,501209035,1,0,27,1,0
06:40:00,501209036,0,0,31,1,0
06:40:00,501209037,19,1,16,1,0
06:40:00,501209038,12,3,4,1,0
06:40:00,501209039,7,0,23,1,0
06:40:00,501209040,8,0,23,1,0
06:40:00,501209042,7,1,13,1,0
06:40:00,501209043,14,1,11,1,0
06:40:00,501209044,11,4,4,1,0
06:40:00,501209045,10,1,5,1,0
06:40:00,501209046,19,2,2,1,0
06:40:00,501209047,5,0,9,1,0
06:40:00,501209049,8,3,12,1,0
06:40:00,501209050,11,0,2,1,0
06:40:00,501209051,5,1,19,1,0
06:40:00,501209052,5,0,17,1,0
06:40:00,501209053,2,1,18,1,0
06:40:00,501209054,11,4,16,1,0
06:40:00,501209056,11,0,4,1,0
06:40:00,501209058,15,3,1,1,0
06:40:00,501209059,3,0,12,1,0
06:40:00,501209060,7,2,13,1,0
06:40:00,501209062,8,0,7,1,0
06:40:00,501209064,4,0,11,1,0
06:40:00,501209065,10,0,5,1,0
06:40:00,501209066,8,0,6,1,0
06:40:00,501209067,7,0,8,1,0
06:40:00,501209068,7,1,10,1,0
06:40:00,501209069,7,0,56,1,0
06:40:00,501209070,4,2,12,1,0
06:40:00,501209071,7,1,10,1,0
06:40:00,501209073,12,2,3,1,0
06:40:00,501209074,8,0,15,1,0
06:40:00,501209075,4,1,12,1,0
06:40:00,501209076,5,3,18,1,0
06:40:00,501209077,6,1,9,1,0
06:40:00,501209078,7,1,6,1,0
06:40:00,501209079,19,3,6,1,0
06:40:00,501209080,17,2,10,1,0
06:40:00,501209081,3,1,12,1,0
06:40:00,501209084,8,0,15,1,0
06:40:00,501209085,5,2,23,1,0
06:40:00,501209087,2,0,37,1,0
06:40:00,501209088,4,1,11,1,0
06:40:00,501209089,5,0,14,1,0
06:40:00,501209090,2,1,12,1,0
06:40:00,501209091,6,1,10,1,0
06:40:00,501209092,8,0,8,1,0
06:40:00,501209093,1,0,14,1,0
06:40:00,501209094,3,0,13,1,0
06:40:00,501209095,7,6,7,1,0
06:40:00,501209096,10,1,5,1,0
06:40:00,501209097,3,1,12,1,0
06:40:00,501209098,6,0,9,1,0
06:40:00,501209099,4,0,15,1,0
06:40:00,501209100,9,1,6,1,0
06:40:00,501209101,5,0,10,1,0
06:40:00,501209102,6,1,14,1,0
06:40:00,501209104,1,0,18,1,0
06:40:00,501209105,14,4,12,1,0
06:40:00,501209106,2,0,18,1,0
06:40:00,501211001,24,8,14,1,0
06:40:00,501211002,5,3,10,1,0
06:40:00,501211004,10,1,5,1,0
06:40:00,501211005,8,0,11,1,0
06:40:00,501211006,9,0,8,1,0
06:40:00,501211007,13,0,5,1,0
06:40:00,501211009,6,1,12,1,0
06:40:00,501211011,9,1,21,1,0
06:40:00,501211012,7,1,11,1,0
06:50:00,501201001,0,0,0,2,0
06:50:00,501201002,10,0,29,1,0
06:50:00,501201003,3,0,20,1,0
06:50:00,501201004,1,1,12,1,0
06:50:00,501201005,5,0,14,1,0
06:50:00,501201006,4,1,24,1,0
06:50:00,501201007,4,2,15,1,0
06:50:00,501201008,10,3,15,1,0
06:50:00,501201010,5,1,5,1,0
06:50:00,501201011,6,1,15,1,0
06:50:00,501201012,6,0,30,1,0
06:50:00,501201013,2,0,20,1,0
06:50:00,501201014,3,0,15,1,0
06:50:00,501201015,13,0,11,1,0
06:50:00,501201016,6,1,18,1,0
06:50:00,501201017,11,3,14,1,0
06:50:00,501201018,6,1,17,1,0
06:50:00,501201019,3,0,23,1,0
06:50:00,501201020,5,1,19,1,0
06:50:00,501201021,9,1,5,1,0
06:50:00,501201022,3,1,13,1,0
06:50:00,501201023,7,0,21,1,0
06:50:00,501201024,6,1,18,1,0
06:50:00,501201025,5,0,19,1,0
06:50:00,501201026,8,0,11,1,0
06:50:00,501201028,7,1,13,1,0
06:50:00,501201029,6,0,7,1,0
06:50:00,501201030,6,0,8,1,0
06:50:00,501201031,5,1,12,1,0
06:50:00,501202001,4,0,10,1,0
06:50:00,501202003,13,0,27,1,0
06:50:00,501202013,1,0,16,1,0
06:50:00,501202023,6,0,9,1,0
06:50:00,501202024,1,0,14,1,0
06:50:00,501202034,5,0,11,1,0
06:50:00,501202035,19,0,11,1,0
06:50:00,501202036,34,5,5,1,0
06:50:00,501202040,3,0,42,1,0
06:50:00,501202043,4,0,20,1,0
06:50:00,501202044,0,0,0,2,0
06:50:00,501202047,8,2,14,1,0
06:50:00,501202050,6,1,9,1,0
06:50:00,501202055,3,0,12,1,0
06:50:00,501202058,7,0,8,1,0
06:50:00,501202065,4,0,11,1,0
06:50:00,501202068,9,0,9,1,0
06:50:00,501202070,9,0,7,1,0
06:50:00,501202078,2,0,23,1,0
06:50:00,501202080,4,1,22,1,0
06:50:00,501202081,4,0,19,1,0
06:50:00,501202082,5,0,18,1,0
06:50:00,501202083,15,0,9,1,0
06:50:00,501202084,8,0,15,1,0
06:50:00,501202085,4,0,31,1,0
06:50:00,501202088,4,2,26,1,0
06:50:00,501202089,6,0,23,1,0
06:50:00,501202096,3,0,12,1,0
06:50:00,501203001,5,0,14,1,0
06:50:00,501203002,0,0,22,1,0
06:50:00,501203003,20,0,74,1,0
06:50:00,501203005,9,0,11,1,0
06:50:00,501203006,4,0,11,1,0
06:50:00,501203007,11,1,3,1,0
06:50:00,501203008,5,1,11,1,0
06:50:00,501203010,16,0,17,1,0
06:50:00,501203011,25,4,13,1,0
06:50:00,501203012,10,0,7,1,0
06:50:00,501203013,17,0,7,1,0
06:50:00,501203015,12,0,0,1,0
06:50:00,501203020,15,1,4,1,0
06:50:00,501203022,2,1,17,1,0
06:50:00,501203023,6,2,12,1,0
06:50:00,501203028,20,2,5,1,0
06:50:00,501203040,10,2,14,1,0
06:50:00,501203045,7,1,11,1,0
06:50:00,501203050,48,0,12,1,0
06:50:00,501203051,17,0,7,1,0
06:50:00,501203053,5,0,21,1,0
06:50:00,501203054,3,3,19,1,0
06:50:00,501203064,3,0,12,1,0
06:50:00,501203065,1,0,15,1,0
06:50:00,501203070,11,0,4,1,0
06:50:00,501203073,4,0,20,1,0
06:50:00,501203076,5,0,11,1,0
06:50:00,501203078,6,0,10,1,0
06:50:00,501203080,9,1,6,1,0
06:50:00,501203084,1,0,10,1,0
06:50:00,501203085,5,0,5,1,0
06:50:00,501203088,1,1,13,1,0
06:50:00,501203089,5,0,7,1,0
06:50:00,501203090,1,0,9,1,0
06:50:00,501203091,11,2,2,1,0
06:50:00,501203092,3,0,15,1,0
06:50:00,501203100,10,1,9,1,0
06:50:00,501203101,0,0,0,2,0
06:50:00,501203102,5,1,14,1,0
06:50:00,501203104,3,0,16,1,0
06:50:00,501203105,7,3,3,1,0
06:50:00,501203107,0,0,0,2,0
06:50:00,501203109,4,0,22,1,0
06:50:00,501203110,6,0,35,1,0
06:50:00,501203111,6,0,5,1,0
06:50:00,501203113,4,0,15,1,0
06:50:00,501203114,5,1,45,1,0
06:50:00,501203117,0,0,0,2,0
06:50:00,501203118,12,0,8,1,0
06:50:00,501203121,12,0,12,1,0
06:50:00,501203122,9,0,11,1,0
06:50:00,501203125,13,0,12,1,0
06:50:00,501203131,14,3,6,1,0
06:50:00,501203140,12,1,30,1,0
06:50:00,501203141,7,2,9,1,0
06:50:00,501203142,19,3,17,1,0
06:50:00,501203145,6,0,9,1,0
06:50:00,501203151,2,0,15,1,0
06:50:00,501203155,4,0,15,1,0
06:50:00,501203157,5,2,12,1,0
06:50:00,501203159,5,1,15,1,0
06:50:00,501203161,1,0,18,1,0
06:50:00,501203162,13,2,8,1,0
06:50:00,501203163,8,1,8,1,0
06:50:00,501204001,4,1,21,1,0
06:50:00,501204002,3,0,33,1,0
06:50:00,501204003,20,0,24,1,0
06:50:00,501204004,6,0,8,1,0
06:50:00,501204005,9,0,11,1,0
06:50:00,501204007,6,0,30,1,0
06:50:00,501204008,8,0,7,1,0
06:50:00,501204009,0,0,0,2,0
06:50:00,501204010,0,0,0,2,0
06:50:00,501204011,11,1,4,1,0
06:50:00,501204012,8,0,6,1,0
06:50:00,501204013,7,1,6,1,0
06:50:00,501204014,6,1,10,1,0
06:50:00,501204015,8,0,7,1,0
06:50:00,501204016,6,0,14,1,0
06:50:00,501204017,9,3,6,1,0
06:50:00,501204018,17,2,7,1,0
06:50:00,501204020,5,0,15,1,0
06:50:00,501204021,4,0,16,1,0
06:50:00,501204022,9,0,7,1,0
06:50:00,501204023,10,0,5,1,0
06:50:00,501204024,0,0,0,2,0
06:50:00,501204025,9,0,11,1,0
06:50:00,501205001,10,0,7,1,0
06:50:00,501205003,5,0,13,1,0
06:50:00,501205004,9,0,7,1,0
06:50:00,501205005,4,0,18,1,0
06:50:00,501205006,13,0,7,1,0
06:50:00,501205007,3,0,9,1,0
06:50:00,501205008,9,0,17,1,0
06:50:00,501205009,32,0,13,1,0
06:50:00,501205010,0,0,13,1,0
06:50:00,501205011,7,0,25,1,0
06:50:00,501205012,5,0,15,1,0
06:50:00,501205013,1,0,20,1,0
06:50:00,501205014,9,5,14,1,0
06:50:00,501205015,5,1,13,1,0
06:50:00,501205018,11,1,6,1,0
06:50:00,501205019,7,1,21,1,0
06:50:00,501205020,1,0,29,1,0
06:50:00,501205021,7,1,8,1,0
06:50:00,501205022,5,0,10,1,0
06:50:00,501205023,5,1,10,1,0
06:50:00,501205025,27,2,0,1,0
06:50:00,501205026,10,1,9,1,0
06:50:00,501205027,1,0,9,1,0
06:50:00,501205028,5,1,10,1,0
06:50:00,501205029,2,0,8,1,0
06:50:00,501205030,6,0,4,1,0
06:50:00,501205033,5,0,10,1,0
06:50:00,501205034,4,1,24,1,0
06:50:00,501205035,6,1,10,1,0
06:50:00,501205036,5,1,10,1,0
06:50:00,501205037,7,2,8,1,0
06:50:00,501205038,6,0,14,1,0
06:50:00,501205039,8,1,12,1,0
06:50:00,501205040,13,0,12,1,0
06:50:00,501205041,10,1,7,1,0
06:50:00,501205042,5,1,24,1,0
06:50:00,501208011,17,3,20,1,0
06:50:00,501208013,28,3,26,1,0
06:50:00,501208014,12,1,26,1,0
06:50:00,501208015,7,1,8,1,0
06:50:00,501208018,3,0,12,1,0
06:50:00,501208021,0,0,17,1,0
06:50:00,501208027,5,0,25,1,0
06:50:00,501208029,12,0,9,1,0
06:50:00,501208030,16,0,22,1,0
06:50:00,501208032,14,2,14,1,0
06:50:00,501208040,7,0,12,1,0
06:50:00,501208041,3,0,12,1,0
06:50:00,501208045,11,0,21,1,0
06:50:00,501208051,1,0,35,1,0
06:50:00,501208053,11,0,10,1,0
06:50:00,501208054,2,0,26,1,0
06:50:00,501208059,4,0,25,1,0
06:50:00,501208064,9,2,11,1,0
06:50:00,501208077,6,0,4,1,0
06:50:00,501208079,3,0,19,1,0
06:50:00,501208082,1,1,9,1,0
06:50:00,501208085,16,0,1,1,0
06:50:00,501208087,22,1,9,1,0
06:50:00,501208089,8,0,17,1,0
06:50:00,501208091,1,0,42,1,0
06:50:00,501208111,7,2,8,1,0
06:50:00,501208113,6,0,14,1,0
06:50:00,501208114,6,0,14,1,0
06:50:00,501208129,4,0,18,1,0
06:50:00,501208130,8,0,6,1,0
06:50:00,501209002,16,0,4,1,0
06:50:00,501209003,1,0,13,1,0
06:50:00,501209004,4,2,11,1,0
06:50:00,501209005,18,3,0,1,0
06:50:00,501209006,6,0,13,1,0
06:50:00,501209007,9,0,6,1,0
06:50:00,501209009,0,0,0,2,0
06:50:00,501209010,5,0,9,1,0
06:50:00,501209011,5,0,20,1,0
06:50:00,501209014,3,0,9,1,0
06:50:00,501209015,9,0,6,1,0
06:50:00,501209016,11,3,18,1,0
06:50:00,501209017,5,0,8,1,0
06:50:00,501209018,0,0,16,1,0
06:50:00,501209019,6,1,18,1,0
06:50:00,501209020,6,1,26,1,0
06:50:00,501209021,7,0,7,1,0
06:50:00,501209022,0,0,10,1,0
06:50:00,501209023,42,0,1,1,0
06:50:00,501209024,6,0,36,1,0
06:50:00,501209025,10,0,5,1,0
06:50:00,501209026,22,1,4,1,0
06:50:00,501209027,1,1,18,1,0
06:50:00,501209028,5,1,23,1,0
06:50:00,501209030,15,0,3,1,0
06:50:00,501209031,18,1,12,1,0
06:50:00,501209032,5,1,23,1,0
06:50:00,501209033,8,1,12,1,0
06:50:00,501209034,1,1,14,1,0
06:50:00,501209035,1,0,27,1,0
06:50:00,501209036,0,0,31,1,0
06:50:00,501209037,19,1,16,1,0
06:50:00,501209038,12,3,4,1,0
06:50:00,501209039,7,0,23,1,0
06:50:00,501209040,8,0,23,1,0
06:50:00,501209042,6,1,14,1,0
06:50:00,501209043,12,1,13,1,0
06:50:00,501209044,11,4,4,1,0
06:50:00,501209045,9,1,6,1,0
06:50:00,501209046,12,0,9,1,0
06:50:00,501209047,5,0,9,1,0
06:50:00,501209049,15,6,5,1,0
06:50:00,501209050,11,0,2,1,0
06:50:00,501209051,5,1,19,1,0
06:50:00,501209052,5,0,17,1,0
06:50:00,501209053,2,1,18,1,0
06:50:00,501209054,10,3,17,1,0
06:50:00,501209056,12,1,3,1,0
06:50:00,501209058,14,2,2,1,0
06:50:00,501209059,3,0,12,1,0
06:50:00,501209060,8,1,12,1,0
06:50:00,501209062,7,0,8,1,0
06:50:00,501209064,4,0,11,1,0
06:50:00,501209065,9,0,6,1,0
06:50:00,501209066,6,0,8,1,0
06:50:00,501209067,6,0,9,1,0
06:50:00,501209068,7,1,10,1,0
06:50:00,501209069,7,0,56,1,0
06:50:00,501209070,5,2,11,1,0
06:50:00,501209071,7,1,10,1,0
06:50:00,501209073,12,2,3,1,0
06:50:00,501209074,8,0,15,1,0
06:50:00,501209075,3,0,13,1,0
06:50:00,501209076,4,2,19,1,0
06:50:00,501209077,5,1,10,1,0
06:50:00,501209078,7,1,6,1,0
06:50:00,501209079,22,3,3,1,0
06:50:00,501209080,19,2,8,1,0
06:50:00,501209081,2,1,13,1,0
06:50:00,501209084,10,1,13,1,0
06:50:00,501209085,5,2,23,1,0
06:50:00,501209087,3,2,36,1,0
06:50:00,501209088,4,1,11,1,0
06:50:00,501209089,5,0,14,1,0
06:50:00,501209090,0,0,14,1,0
06:50:00,501209091,6,1,10,1,0
06:50:00,501209092,7,0,9,1,0
06:50:00,501209093,3,2,12,1,0
06:50:00,501209094,3,0,13,1,0
06:50:00,501209095,7,6,7,1,0
06:50:00,501209096,9,0,6,1,0
06:50:00,501209097,3,1,12,1,0
06:50:00,501209098,6,0,9,1,0
06:50:00,501209099,4,0,15,1,0
06:50:00,501209100,9,1,6,1,0
06:50:00,501209101,6,0,9,1,0
06:50:00,501209102,6,1,14,1,0
06:50:00,501209104,1,0,18,1,0
06:50:00,501209105,11,3,15,1,0
06:50:00,501209106,2,0,18,1,0
06:50:00,501211001,23,8,15,1,0
06:50:00,501211002,5,3,10,1,0
06:50:00,501211004,10,1,5,1,0
06:50:00,501211005,5,0,14,1,0
06:50:00,501211006,9,0,8,1,0
06:50:00,501211007,13,0,5,1,0
06:50:00,501211009,6,1,12,1,0
06:50:00,501211011,9,1,21,1,0
06:50:00,501211012,7,1,11,1,0
07:00:00,501201001,0,0,0,2,0
07:00:00,501201002,7,0,32,1,0
07:00:00,501201003,3,0,20,1,0
07:00:00,501201004,1,1,12,1,0
07:00:00,501201005,5,0,14,1,0
07:00:00,501201006,3,0,25,1,0
07:00:00,501201007,3,1,16,1,0
07:00:00,501201008,9,2,16,1,0
07:00:00,501201010,4,1,6,1,0
07:00:00,501201011,6,1,15,1,0
07:00:00,501201012,7,1,29,1,0
07:00:00,501201013,2,0,20,1,0
07:00:00,501201014,3,0,15,1,0
07:00:00,501201015,13,0,11,1,0
07:00:00,501201016,6,0,18,1,0
07:00:00,501201017,13,5,12,1,0
07:00:00,501201018,9,3,14,1,0
07:00:00,501201019,3,0,23,1,0
07:00:00,501201020,8,1,16,1,0
07:00:00,501201021,8,1,6,1,0
07:00:00,501201022,3,1,13,1,0
07:00:00,501201023,7,0,21,1,0
07:00:00,501201024,7,1,17,1,0
07:00:00,501201025,5,0,19,1,0
07:00:00,501201026,8,0,11,1,0
07:00:00,501201028,5,0,15,1,0
07:00:00,501201029,6,0,7,1,0
07:00:00,501201030,6,0,8,1,0
07:00:00,501201031,6,1,11,1,0
07:00:00,501202001,4,0,10,1,0
07:00:00,501202003,13,0,27,1,0
07:00:00,501202013,2,0,15,1,0
07:00:00,501202023,6,0,9,1,0
07:00:00,501202024,1,0,14,1,0
07:00:00,501202034,4,0,12,1,0
07:00:00,501202035,20,0,10,1,0
07:00:00,501202036,34,4,5,1,0
07:00:00,501202040,3,0,42,1,0
07:00:00,501202043,4,0,20,1,0
07:00:00,501202044,0,0,0,2,0
07:00:00,501202047,10,2,12,1,0
07:00:00,501202050,5,0,10,1,0
07:00:00,501202055,3,0,12,1,0
07:00:00,501202058,7,0,8,1,0
07:00:00,501202065,4,0,11,1,0
07:00:00,501202068,9,0,9,1,0
07:00:00,501202070,9,0,7,1,0
07:00:00,501202078,2,0,23,1,0
07:00:00,501202080,4,1,22,1,0
07:00:00,501202081,5,0,18,1,0
07:00:00,501202082,5,0,18,1,0
07:00:00,501202083,15,0,9,1,0
07:00:00,501202084,9,0,14,1,0
07:00:00,501202085,4,0,31,1,0
07:00:00,501202088,6,3,24,1,0
07:00:00,501202089,6,0,23,1,0
07:00:00,501202096,3,0,12,1,0
07:00:00,501203001,5,0,14,1,0
07:00:00,501203002,0,0,22,1,0
07:00:00,501203003,22,0,72,1,0
07:00:00,501203005,8,0,12,1,0
07:00:00,501203006,4,0,11,1,0
07:00:00,501203007,9,0,5,1,0
07:00:00,501203008,5,1,11,1,0
07:00:00,501203010,16,0,17,1,0
07:00:00,501203011,25,4,13,1,0
07:00:00,501203012,10,0,7,1,0
07:00:00,501203013,16,0,8,1,0
07:00:00,501203015,11,0,1,1,0
07:00:00,501203020,14,0,5,1,0
07:00:00,501203022,2,1,17,1,0
07:00:00,501203023,5,1,13,1,0
07:00:00,501203028,18,0,7,1,0
07:00:00,501203040,8,2,16,1,0
07:00:00,501203045,5,1,13,1,0
07:00:00,501203050,51,1,9,1,0
07:00:00,501203051,17,0,7,1,0
07:00:00,501203053,4,0,22,1,0
07:00:00,501203054,3,3,19,1,0
07:00:00,501203064,3,0,12,1,0
07:00:00,501203065,0,0,16,1,0
07:00:00,501203070,11,0,4,1,0
07:00:00,501203073,4,0,20,1,0
07:00:00,501203076,5,0,11,1,0
07:00:00,501203078,6,0,10,1,0
07:00:00,501203080,9,1,6,1,0
07:00:00,501203084,1,0,10,1,0
07:00:00,501203085,5,0,5,1,0
07:00:00,501203088,1,1,13,1,0
07:00:00,501203089,5,0,7,1,0
07:00:00,501203090,1,0,9,1,0
07:00:00,501203091,10,1,3,1,0
07:00:00,501203092,4,1,14,1,0
07:00:00,501203100,10,1,9,1,0
07:00:00,501203101,0,0,0,2,0
07:00:00,501203102,6,1,13,1,0
07:00:00,501203104,3,0,16,1,0
07:00:00,501203105,7,3,3,1,0
07:00:00,501203107,0,0,0,2,0
07:00:00,501203109,3,1,23,1,0
07:00:00,501203110,7,1,34,1,0
07:00:00,501203111,4,0,7,1,0
07:00:00,501203113,3,0,16,1,0
07:00:00,501203114,7,1,43,1,0
07:00:00,501203117,0,0,0,2,0
07:00:00,501203118,13,0,7,1,0
07:00:00,501203121,11,0,13,1,0
07:00:00,501203122,9,0,11,1,0
07:00:00,501203125,11,0,14,1,0
07:00:00,501203131,12,2,8,1,0
07:00:00,501203140,13,0,29,1,0
07:00:00,501203141,7,2,9,1,0
07:00:00,501203142,18,1,18,1,0
07:00:00,501203145,7,1,8,1,0
07:00:00,501203151,2,0,15,1,0
07:00:00,501203155,5,0,14,1,0
07:00:00,501203157,5,2,12,1,0
07:00:00,501203159,5,1,15,1,0
07:00:00,501203161,1,0,18,1,0
07:00:00,501203162,14,2,7,1,0
07:00:00,501203163,8,1,8,1,0
07:00:00,501204001,2,1,23,1,0
07:00:00,501204002,6,2,30,1,0
07:00:00,501204003,21,0,23,1,0
07:00:00,501204004,5,0,9,1,0
07:00:00,501204005,7,0,13,1,0
07:00:00,501204007,6,0,30,1,0
07:00:00,501204008,8,0,7,1,0
07:00:00,501204009,0,0,0,2,0
07:00:00,501204010,0,0,0,2,0
07:00:00,501204011,6,0,9,1,0
07:00:00,501204012,7,0,7,1,0
07:00:00,501204013,7,1,6,1,0
07:00:00,501204014,6,1,10,1,0
07:00:00,501204015,8,0,7,1,0
07:00:00,501204016,6,0,14,1,0
07:00:00,501204017,9,3,6,1,0
07:00:00,501204018,14,1,10,1,0
07:00:00,501204020,6,1,14,1,0
07:00:00,501204021,3,0,17,1,0
07:00:00,501204022,9,0,7,1,0
07:00:00,501204023,8,0,7,1,0
07:00:00,501204024,0,0,0,2,0
07:00:00,501204025,9,0,11,1,0
07:00:00,501205001,11,1,6,1,0
07:00:00,501205003,5,0,13,1,0
07:00:00,501205004,8,0,8,1,0
07:00:00,501205005,6,1,16,1,0
07:00:00,501205006,12,0,8,1,0
07:00:00,501205007,3,0,9,1,0
07:00:00,501205008,8,0,18,1,0
07:00:00,501205009,33,1,12,1,0
07:00:00,501205010,0,0,13,1,0
07:00:00,501205011,7,0,25,1,0
07:00:00,501205012,6,1,14,1,0
07:00:00,501205013,0,0,21,1,0
07:00:00,501205014,5,1,18,1,0
07:00:00,501205015,5,1,13,1,0
07:00:00,501205018,11,1,6,1,0
07:00:00,501205019,5,1,23,1,0
07:00:00,501205020,2,1,28,1,0
07:00:00,501205021,8,2,7,1,0
07:00:00,501205022,5,0,10,1,0
07:00:00,501205023,5,0,10,1,0
07:00:00,501205025,25,1,2,1,0
07:00:00,501205026,10,1,9,1,0
07:00:00,501205027,1,0,9,1,0
07:00:00,501205028,4,0,11,1,0
07:00:00,501205029,1,0,9,1,0
07:00:00,501205030,7,1,3,1,0
07:00:00,501205033,7,1,8,1,0
07:00:00,501205034,2,1,26,1,0
07:00:00,501205035,6,1,10,1,0
07:00:00,501205036,5,1,10,1,0
07:00:00,501205037,6,1,9,1,0
07:00:00,501205038,6,0,14,1,0
07:00:00,501205039,7,0,13,1,0
07:00:00,501205040,13,0,12,1,0
07:00:00,501205041,12,1,5,1,0
07:00:00,501205042,5,1,24,1,0
07:00:00,501208011,14,3,23,1,0
07:00:00,501208013,47,3,7,1,0
07:00:00,501208014,15,0,23,1,0
07:00:00,501208015,8,1,7,1,0
07:00:00,501208018,11,0,4,1,0
07:00:00,501208021,1,0,16,1,0
07:00:00,501208027,5,0,25,1,0
07:00:00,501208029,14,0,7,1,0
07:00:00,501208030,17,0,21,1,0
07:00:00,501208032,15,2,13,1,0
07:00:00,501208040,8,1,11,1,0
07:00:00,501208041,4,1,11,1,0
07:00:00,501208045,12,0,20,1,0
07:00:00,501208051,2,1,34,1,0
07:00:00,501208053,9,0,12,1,0
07:00:00,501208054,2,0,26,1,0
07:00:00,501208059,4,0,25,1,0
07:00:00,501208064,9,2,11,1,0
07:00:00,501208077,6,0,4,1,0
07:00:00,501208079,3,0,19,1,0
07:00:00,501208082,1,1,9,1,0
07:00:00,501208085,15,0,2,1,0
07:00:00,501208087,25,3,6,1,0
07:00:00,501208089,7,0,18,1,0
07:00:00,501208091,1,0,42,1,0
07:00:00,501208111,4,0,11,1,0
07:00:00,501208113,6,0,14,1,0
07:00:00,501208114,6,0,14,1,0
07:00:00,501208129,4,0,18,1,0
07:00:00,501208130,8,0,6,1,0
07:00:00,501209002,13,0,7,1,0
07:00:00,501209003,0,0,14,1,0
07:00:00,501209004,4,1,11,1,0
07:00:00,501209005,11,4,7,1,0
07:00:00,501209006,6,0,13,1,0
07:00:00,501209007,7,0,8,1,0
07:00:00,501209009,0,0,0,2,0
07:00:00,501209010,5,0,9,1,0
07:00:00,501209011,5,0,20,1,0
07:00:00,501209014,3,0,9,1,0
07:00:00,501209015,9,0,6,1,0
07:00:00,501209016,10,3,19,1,0
07:00:00,501209017,4,0,9,1,0
07:00:00,501209018,0,0,16,1,0
07:00:00,501209019,7,0,17,1,0
07:00:00,501209020,7,3,25,1,0
07:00:00,501209021,7,0,7,1,0
07:00:00,501209022,0,0,10,1,0
07:00:00,501209023,42,0,1,1,0
07:00:00,501209024,4,0,38,1,0
07:00:00,501209025,10,0,5,1,0
07:00:00,501209026,25,4,1,1,0
07:00:00,501209027,2,1,17,1,0
07:00:00,501209028,5,1,23,1,0
07:00:00,501209030,13,0,5,1,0
07:00:00,501209031,17,1,13,1,0
07:00:00,501209032,5,1,23,1,0
07:00:00,501209033,9,1,11,1,0
07:00:00,501209034,3,1,12,1,0
07:00:00,501209035,1,0,27,1,0
07:00:00,501209036,0,0,31,1,0
07:00:00,501209037,19,1,16,1,0
07:00:00,501209038,11,2,5,1,0
07:00:00,501209039,7,0,23,1,0
07:00:00,501209040,8,0,23,1,0
07:00:00,501209042,7,2,13,1,0
07:00:00,501209043,12,1,13,1,0
07:00:00,501209044,11,4,4,1,0
07:00:00,501209045,10,1,5,1,0
07:00:00,501209046,10,0,11,1,0
07:00:00,501209047,4,0,10,1,0
07:00:00,501209049,19,7,1,1,0
07:00:00,501209050,11,0,2,1,0
07:00:00,501209051,5,1,19,1,0
07:00:00,501209052,5,0,17,1,0
07:00:00,501209053,2,1,18,1,0
07:00:00,501209054,9,2,18,1,0
07:00:00,501209056,12,1,3,1,0
07:00:00,501209058,14,2,2,1,0
07:00:00,501209059,3,0,12,1,0
07:00:00,501209060,8,1,12,1,0
07:00:00,501209062,7,0,8,1,0
07:00:00,501209064,3,0,12,1,0
07:00:00,501209065,9,0,6,1,0
07:00:00,501209066,4,0,10,1,0
07:00:00,501209067,5,0,10,1,0
07:00:00,501209068,6,1,11,1,0
07:00:00,501209069,8,0,55,1,0
07:00:00,501209070,5,2,11,1,0
07:00:00,501209071,7,1,10,1,0
07:00:00,501209073,12,2,3,1,0
07:00:00,501209074,8,0,15,1,0
07:00:00,501209075,2,0,14,1,0
07:00:00,501209076,3,1,20,1,0
07:00:00,501209077,4,1,11,1,0
07:00:00,501209078,6,1,7,1,0
07:00:00,501209079,17,0,8,1,0
07:00:00,501209080,18,1,9,1,0
07:00:00,501209081,3,1,12,1,0
07:00:00,501209084,10,0,13,1,0
07:00:00,501209085,6,2,22,1,0
07:00:00,501209087,6,1,33,1,0
07:00:00,501209088,4,1,11,1,0
07:00:00,501209089,5,0,14,1,0
07:00:00,501209090,1,0,13,1,0
07:00:00,501209091,4,0,12,1,0
07:00:00,501209092,8,0,8,1,0
07:00:00,501209093,3,2,12,1,0
07:00:00,501209094,2,0,14,1,0
07:00:00,501209095,7,6,7,1,0
07:00:00,501209096,9,0,6,1,0
07:00:00,501209097,3,1,12,1,0
07:00:00,501209098,6,0,9,1,0
07:00:00,501209099,4,0,15,1,0
07:00:00,501209100,9,1,6,1,0
07:00:00,501209101,6,0,9,1,0
07:00:00,501209102,6,1,14,1,0
07:00:00,501209104,1,0,18,1,0
07:00:00,501209105,13,3,13,1,0
07:00:00,501209106,2,0,18,1,0
07:00:00,501211001,24,8,14,1,0
07:00:00,501211002,5,3,10,1,0
07:00:00,501211004,10,1,5,1,0
07:00:00,501211005,5,0,14,1,0
07:00:00,501211006,10,0,7,1,0
07:00:00,501211007,14,0,4,1,0
07:00:00,501211009,6,1,12,1,0
07:00:00,501211011,9,1,21,1,0
07:00:00,501211012,7,1,11,1,0
07:11:07,501201001,0,0,0,2,0
07:11:07,501201002,8,0,31,1,0
07:11:07,501201003,3,0,20,1,0
07:11:07,501201004,2,2,11,1,0
07:11:07,501201005,4,0,15,1,0
07:11:07,501201006,4,0,24,1,0
07:11:07,501201007,9,1,10,1,0
07:11:07,501201008,9,2,16,1,0
07:11:07,501201010,3,1,7,1,0
07:11:07,501201011,5,0,16,1,0
07:11:07,501201012,6,0,30,1,0
07:11:07,501201013,1,0,21,1,0
07:11:07,501201014,3,0,15,1,0
07:11:07,501201015,11,0,13,1,0
07:11:07,501201016,5,0,19,1,0
07:11:07,501201017,15,4,10,1,0
07:11:07,501201018,9,4,14,1,0
07:11:07,501201019,1,0,25,1,0
07:11:07,501201020,8,1,16,1,0
07:11:07,501201021,8,1,6,1,0
07:11:07,501201022,4,2,12,1,0
07:11:07,501201023,7,0,21,1,0
07:11:07,501201024,6,1,18,1,0
07:11:07,501201025,3,0,21,1,0
07:11:07,501201026,8,0,11,1,0
07:11:07,501201028,5,0,15,1,0
07:11:07,501201029,6,0,7,1,0
07:11:07,501201030,6,0,8,1,0
07:11:07,501201031,5,0,12,1,0
07:11:07,501202001,4,0,10,1,0
07:11:07,501202003,15,0,25,1,0
07:11:07,501202013,5,1,12,1,0
07:11:07,501202023,5,0,10,1,0
07:11:07,501202024,1,0,14,1,0
07:11:07,501202034,5,0,11,1,0
07:11:07,501202035,20,0,10,1,0
07:11:07,501202036,31,1,8,1,0
07:11:07,501202040,4,1,41,1,0
07:11:07,501202043,7,0,17,1,0
07:11:07,501202044,0,0,0,2,0
07:11:07,501202047,15,2,7,1,0
07:11:07,501202050,3,0,12,1,0
07:11:07,501202055,1,0,14,1,0
07:11:07,501202058,8,0,7,1,0
07:11:07,501202065,4,0,11,1,0
07:11:07,501202068,8,0,10,1,0
07:11:07,501202070,9,0,7,1,0
07:11:07,501202078,1,0,24,1,0
07:11:07,501202080,4,1,22,1,0
07:11:07,501202081,0,0,23,1,0
07:11:07,501202082,3,0,20,1,0
07:11:07,501202083,9,0,15,1,0
07:11:07,501202084,10,0,13,1,0
07:11:07,501202085,4,0,31,1,0
07:11:07,501202088,6,3,24,1,0
07:11:07,501202089,5,0,24,1,0
07:11:07,501202096,3,0,12,1,0
07:11:07,501203001,3,0,16,1,0
07:11:07,501203002,0,0,22,1,0
07:11:07,501203003,20,1,74,1,0
07:11:07,501203005,8,0,12,1,0
07:11:07,501203006,4,0,11,1,0
07:11:07,501203007,8,0,6,1,0
07:11:07,501203008,5,1,11,1,0
07:11:07,501203010,16,0,17,1,0
07:11:07,501203011,24,3,14,1,0
07:11:07,501203012,9,0,8,1,0
07:11:07,501203013,19,1,5,1,0
07:11:07,501203015,9,0,3,1,0
07:11:07,501203020,15,0,4,1,0
07:11:07,501203022,2,1,17,1,0
07:11:07,501203023,6,2,12,1,0
07:11:07,501203028,19,1,6,1,0
07:11:07,501203040,8,2,16,1,0
07:11:07,501203045,3,0,15,1,0
07:11:07,501203050,51,2,9,1,0
07:11:07,501203051,17,0,7,1,0
07:11:07,501203053,3,0,23,1,0
07:11:07,501203054,3,3,19,1,0
07:11:07,501203064,3,0,12,1,0
07:11:07,501203065,1,0,15,1,0
07:11:07,501203070,10,0,5,1,0
07:11:07,501203073,4,0,20,1,0
07:11:07,501203076,5,0,11,1,0
07:11:07,501203078,5,0,11,1,0
07:11:07,501203080,7,0,8,1,0
07:11:07,501203084,2,0,9,1,0
07:11:07,501203085,3,0,7,1,0
07:11:07,501203088,1,1,13,1,0
07:11:07,501203089,4,0,8,1,0
07:11:07,501203090,1,0,9,1,0
07:11:07,501203091,9,0,4,1,0
07:11:07,501203092,5,1,13,1,0
07:11:07,501203100,9,0,10,1,0
07:11:07,501203101,0,0,0,2,0
07:11:07,501203102,4,1,15,1,0
07:11:07,501203104,3,0,16,1,0
07:11:07,501203105,7,3,3,1,0
07:11:07,501203107,0,0,0,2,0
07:11:07,501203109,2,0,24,1,0
07:11:07,501203110,7,1,34,1,0
07:11:07,501203111,2,0,9,1,0
07:11:07,501203113,6,0,13,1,0
07:11:07,501203114,9,0,41,1,0
07:11:07,501203117,0,0,0,2,0
07:11:07,501203118,10,0,10,1,0
07:11:07,501203121,6,0,18,1,0
07:11:07,501203122,9,0,11,1,0
07:11:07,501203125,10,0,15,1,0
07:11:07,501203131,9,1,11,1,0
07:11:07,501203140,13,0,29,1,0
07:11:07,501203141,6,1,10,1,0
07:11:07,501203142,18,1,18,1,0
07:11:07,501203145,7,1,8,1,0
07:11:07,501203151,2,0,15,1,0
07:11:07,501203155,3,0,16,1,0
07:11:07,501203157,4,1,13,1,0
07:11:07,501203159,5,1,15,1,0
07:11:07,501203161,2,1,17,1,0
07:11:07,501203162,14,2,7,1,0
07:11:07,501203163,8,1,8,1,0
07:11:07,501204001,2,1,23,1,0
07:11:07,501204002,10,2,26,1,0
07:11:07,501204003,24,0,20,1,0
07:11:07,501204004,5,0,9,1,0
07:11:07,501204005,7,0,13,1,0
07:11:07,501204007,5,0,31,1,0
07:11:07,501204008,7,0,8,1,0
07:11:07,501204009,0,0,0,2,0
07:11:07,501204010,0,0,0,2,0
07:11:07,501204011,6,0,9,1,0
07:11:07,501204012,7,0,7,1,0
07:11:07,501204013,6,1,7,1,0
07:11:07,501204014,6,1,10,1,0
07:11:07,501204015,7,0,8,1,0
07:11:07,501204016,6,0,14,1,0
07:11:07,501204017,9,3,6,1,0
07:11:07,501204018,13,0,11,1,0
07:11:07,501204020,6,1,14,1,0
07:11:07,501204021,3,0,17,1,0
07:11:07,501204022,10,0,6,1,0
07:11:07,501204023,7,0,8,1,0
07:11:07,501204024,0,0,0,2,0
07:11:07,501204025,9,0,11,1,0
07:11:07,501205001,12,1,5,1,0
07:11:07,501205003,4,0,14,1,0
07:11:07,501205004,4,0,12,1,0
07:11:07,501205005,6,0,16,1,0
07:11:07,501205006,9,0,11,1,0
07:11:07,501205007,0,0,12,1,0
07:11:07,501205008,6,0,20,1,0
07:11:07,501205009,36,1,9,1,0
07:11:07,501205010,0,0,13,1,0
07:11:07,501205011,7,0,25,1,0
07:11:07,501205012,6,1,14,1,0
07:11:07,501205013,0,0,21,1,0
07:11:07,501205014,1,1,22,1,0
07:11:07,501205015,5,1,13,1,0
07:11:07,501205018,13,2,4,1,0
07:11:07,501205019,3,1,25,1,0
07:11:07,501205020,0,0,30,1,0
07:11:07,501205021,7,1,8,1,0
07:11:07,501205022,5,1,10,1,0
07:11:07,501205023,4,0,11,1,0
07:11:07,501205025,26,2,1,1,0
07:11:07,501205026,10,1,9,1,0
07:11:07,501205027,2,0,8,1,0
07:11:07,501205028,5,1,10,1,0
07:11:07,501205029,1,0,9,1,0
07:11:07,501205030,7,1,3,1,0
07:11:07,501205033,10,2,5,1,0
07:11:07,501205034,2,1,26,1,0
07:11:07,501205035,7,2,9,1,0
07:11:07,501205036,5,0,10,1,0
07:11:07,501205037,7,1,8,1,0
07:11:07,501205038,6,0,14,1,0
07:11:07,501205039,6,0,14,1,0
07:11:07,501205040,13,0,12,1,0
07:11:07,501205041,10,0,7,1,0
07:11:07,501205042,5,0,24,1,0
07:11:07,501208011,11,1,26,1,0
07:11:07,501208013,49,2,5,1,0
07:11:07,501208014,23,0,15,1,0
07:11:07,501208015,7,0,8,1,0
07:11:07,501208018,13,0,2,1,0
07:11:07,501208021,1,0,16,1,0
07:11:07,501208027,5,0,25,1,0
07:11:07,501208029,12,0,9,1,0
07:11:07,501208030,17,0,21,1,0
07:11:07,501208032,15,2,13,1,0
07:11:07,501208040,7,0,12,1,0
07:11:07,501208041,5,2,10,1,0
07:11:07,501208045,12,0,20,1,0
07:11:07,501208051,3,1,33,1,0
07:11:07,501208053,10,0,11,1,0
07:11:07,501208054,1,0,27,1,0
07:11:07,501208059,5,1,24,1,0
07:11:07,501208064,9,2,11,1,0
07:11:07,501208077,5,0,5,1,0
07:11:07,501208079,4,0,18,1,0
07:11:07,501208082,2,1,8,1,0
07:11:07,501208085,15,0,2,1,0
07:11:07,501208087,27,4,4,1,0
07:11:07,501208089,5,0,20,1,0
07:11:07,501208091,2,1,41,1,0
07:11:07,501208111,13,0,2,1,0
07:11:07,501208113,6,0,14,1,0
07:11:07,501208114,6,0,14,1,0
07:11:07,501208129,4,0,18,1,0
07:11:07,501208130,9,0,5,1,0
07:11:07,501209002,10,0,10,1,0
07:11:07,501209003,0,0,14,1,0
07:11:07,501209004,4,1,11,1,0
07:11:07,501209005,12,3,6,1,0
07:11:07,501209006,5,0,14,1,0
07:11:07,501209007,5,0,10,1,0
07:11:07,501209009,0,0,0,2,0
07:11:07,501209010,4,0,10,1,0
07:11:07,501209011,5,0,20,1,0
07:11:07,501209014,3,0,9,1,0
07:11:07,501209015,7,0,8,1,0
07:11:07,501209016,10,2,19,1,0
07:11:07,501209017,1,0,12,1,0
07:11:07,501209018,3,0,13,1,0
07:11:07,501209019,6,1,17,1,0
07:11:07,501209020,9,2,23,1,0
07:11:07,501209021,6,0,8,1,0
07:11:07,501209022,0,0,10,1,0
07:11:07,501209023,42,0,1,1,0
07:11:07,501209024,3,0,39,1,0
07:11:07,501209025,10,0,5,1,0
07:11:07,501209026,25,2,1,1,0
07:11:07,501209027,2,1,17,1,0
07:11:07,501209028,5,1,23,1,0
07:11:07,501209030,8,0,10,1,0
07:11:07,501209031,15,0,15,1,0
07:11:07,501209032,5,1,23,1,0
07:11:07,501209033,8,0,12,1,0
07:11:07,501209034,3,1,12,1,0
07:11:07,501209035,1,0,27,1,0
07:11:07,501209036,1,1,30,1,0
07:11:07,501209037,18,1,17,1,0
07:11:07,501209038,9,1,7,1,0
07:11:07,501209039,7,0,23,1,0
07:11:07,501209040,8,0,23,1,0
07:11:07,501209042,5,1,15,1,0
07:11:07,501209043,7,0,18,1,0
07:11:07,501209044,11,4,4,1,0
07:11:07,501209045,8,0,7,1,0
07:11:07,501209046,10,1,11,1,0
07:11:07,501209047,3,1,11,1,0
07:11:07,501209049,19,7,1,1,0
07:11:07,501209050,11,0,2,1,0
07:11:07,501209051,6,1,18,1,0
07:11:07,501209052,5,0,17,1,0
07:11:07,501209053,2,1,18,1,0
07:11:07,501209054,8,2,19,1,0
07:11:07,501209056,10,2,5,1,0
07:11:07,501209058,10,1,6,1,0
07:11:07,501209059,3,0,12,1,0
07:11:07,501209060,9,1,11,1,0
07:11:07,501209062,7,0,8,1,0
07:11:07,501209064,2,0,13,1,0
07:11:07,501209065,10,0,5,1,0
07:11:07,501209066,1,0,13,1,0
07:11:07,501209067,4,0,11,1,0
07:11:07,501209068,6,1,11,1,0
07:11:07,501209069,10,2,53,1,0
07:11:07,501209070,4,1,12,1,0
07:11:07,501209071,7,1,10,1,0
07:11:07,501209073,10,2,5,1,0
07:11:07,501209074,8,0,15,1,0
07:11:07,501209075,2,0,14,1,0
07:11:07,501209076,6,2,17,1,0
07:11:07,501209077,4,1,11,1,0
07:11:07,501209078,5,1,8,1,0
07:11:07,501209079,23,0,2,1,0
07:11:07,501209080,21,0,6,1,0
07:11:07,501209081,3,1,12,1,0
07:11:07,501209084,10,0,13,1,0
07:11:07,501209085,6,2,22,1,0
07:11:07,501209087,15,4,24,1,0
07:11:07,501209088,4,1,11,1,0
07:11:07,501209089,5,0,14,1,0
07:11:07,501209090,9,0,5,1,0
07:11:07,501209091,5,0,11,1,0
07:11:07,501209092,7,0,9,1,0
07:11:07,501209093,3,2,12,1,0
07:11:07,501209094,1,0,15,1,0
07:11:07,501209095,7,6,7,1,0
07:11:07,501209096,9,0,6,1,0
07:11:07,501209097,3,1,12,1,0
07:11:07,501209098,7,1,8,1,0
07:11:07,501209099,4,0,15,1,0
07:11:07,501209100,9,1,6,1,0
07:11:07,501209101,6,0,9,1,0
07:11:07,501209102,6,0,14,1,0
07:11:07,501209104,0,0,19,1,0
07:11:07,501209105,11,2,15,1,0
07:11:07,501209106,2,0,18,1,0
07:11:07,501211001,23,8,15,1,0
07:11:07,501211002,5,3,10,1,0
07:11:07,501211004,10,1,5,1,0
07:11:07,501211005,5,0,14,1,0
07:11:07,501211006,10,0,7,1,0
07:11:07,501211007,14,0,4,1,0
07:11:07,501211009,6,1,12,1,0
07:11:07,501211011,9,1,21,1,0
07:11:07,501211012,6,0,12,1,0
07:20:00,501201001,0,0,0,2,0
07:20:00,501201002,10,0,29,1,0
07:20:00,501201003,2,0,21,1,0
07:20:00,501201004,0,0,13,1,0
07:20:00,501201005,4,0,15,1,0
07:20:00,501201006,4,0,24,1,0
07:20:00,501201007,12,1,7,1,0
07:20:00,501201008,9,2,16,1,0
07:20:00,501201010,3,1,7,1,0
07:20:00,501201011,5,0,16,1,0
07:20:00,501201012,6,0,30,1,0
07:20:00,501201013,1,0,21,1,0
07:20:00,501201014,3,0,15,1,0
07:20:00,501201015,13,1,11,1,0
07:20:00,501201016,6,1,18,1,0
07:20:00,501201017,18,3,7,1,0
07:20:00,501201018,9,4,14,1,0
07:20:00,501201019,2,0,24,1,0
07:20:00,501201020,9,1,15,1,0
07:20:00,501201021,9,2,5,1,0
07:20:00,501201022,4,2,12,1,0
07:20:00,501201023,7,0,21,1,0
07:20:00,501201024,7,2,17,1,0
07:20:00,501201025,3,0,21,1,0
07:20:00,501201026,8,0,11,1,0
07:20:00,501201028,3,0,17,1,0
07:20:00,501201029,5,0,8,1,0
07:20:00,501201030,6,0,8,1,0
07:20:00,501201031,4,0,13,1,0
07:20:00,501202001,3,0,11,1,0
07:20:00,501202003,16,0,24,1,0
07:20:00,501202013,5,2,12,1,0
07:20:00,501202023,4,0,11,1,0
07:20:00,501202024,2,0,13,1,0
07:20:00,501202034,6,0,10,1,0
07:20:00,501202035,19,0,11,1,0
07:20:00,501202036,31,0,8,1,0
07:20:00,501202040,4,1,41,1,0
07:20:00,501202043,8,0,16,1,0
07:20:00,501202044,0,0,0,2,0
07:20:00,501202047,14,1,8,1,0
07:20:00,501202050,3,0,12,1,0
07:20:00,501202055,0,0,15,1,0
07:20:00,501202058,9,0,6,1,0
07:20:00,501202065,4,0,11,1,0
07:20:00,501202068,8,0,10,1,0
07:20:00,501202070,8,0,8,1,0
07:20:00,501202078,1,0,24,1,0
07:20:00,501202080,3,1,23,1,0
07:20:00,501202081,10,0,13,1,0
07:20:00,501202082,2,0,21,1,0
07:20:00,501202083,9,0,15,1,0
07:20:00,501202084,10,0,13,1,0
07:20:00,501202085,4,0,31,1,0
07:20:00,501202088,7,2,23,1,0
07:20:00,501202089,5,0,24,1,0
07:20:00,501202096,2,0,13,1,0
07:20:00,501203001,4,1,15,1,0
07:20:00,501203002,0,0,22,1,0
07:20:00,501203003,21,0,73,1,0
07:20:00,501203005,8,0,12,1,0
07:20:00,501203006,4,0,11,1,0
07:20:00,501203007,9,0,5,1,0
07:20:00,501203008,4,0,12,1,0
07:20:00,501203010,16,0,17,1,0
07:20:00,501203011,22,3,16,1,0
07:20:00,501203012,9,0,8,1,0
07:20:00,501203013,19,0,5,1,0
07:20:00,501203015,9,0,3,1,0
07:20:00,501203020,14,0,5,1,0
07:20:00,501203022,5,2,14,1,0
07:20:00,501203023,7,2,11,1,0
07:20:00,501203028,19,1,6,1,0
07:20:00,501203040,10,2,14,1,0
07:20:00,501203045,1,0,17,1,0
07:20:00,501203050,41,0,19,1,0
07:20:00,501203051,17,0,7,1,0
07:20:00,501203053,3,0,23,1,0
07:20:00,501203054,3,2,19,1,0
07:20:00,501203064,2,0,13,1,0
07:20:00,501203065,2,0,14,1,0
07:20:00,501203070,10,0,5,1,0
07:20:00,501203073,4,0,20,1,0
07:20:00,501203076,5,0,11,1,0
07:20:00,501203078,5,0,11,1,0
07:20:00,501203080,3,0,12,1,0
07:20:00,501203084,1,0,10,1,0
07:20:00,501203085,3,0,7,1,0
07:20:00,501203088,1,1,13,1,0
07:20:00,501203089,4,0,8,1,0
07:20:00,501203090,1,0,9,1,0
07:20:00,501203091,9,0,4,1,0
07:20:00,501203092,7,0,11,1,0
07:20:00,501203100,9,0,10,1,0
07:20:00,501203101,0,0,0,2,0
07:20:00,501203102,4,1,15,1,0
07:20:00,501203104,0,0,19,1,0
07:20:00,501203105,9,3,1,1,0
07:20:00,501203107,0,0,0,2,0
07:20:00,501203109,1,0,25,1,0
07:20:00,501203110,7,1,34,1,0
07:20:00,501203111,2,0,9,1,0
07:20:00,501203113,8,1,11,1,0
07:20:00,501203114,13,2,37,1,0
07:20:00,501203117,0,0,0,2,0
07:20:00,501203118,10,0,10,1,0
07:20:00,501203121,3,0,21,1,0
07:20:00,501203122,9,0,11,1,0
07:20:00,501203125,10,0,15,1,0
07:20:00,501203131,9,1,11,1,0
07:20:00,501203140,14,0,28,1,0
07:20:00,501203141,5,0,11,1,0
07:20:00,501203142,20,1,16,1,0
07:20:00,501203145,6,1,9,1,0
07:20:00,501203151,2,0,15,1,0
07:20:00,501203155,2,0,17,1,0
07:20:00,501203157,4,1,13,1,0
07:20:00,501203159,5,1,15,1,0
07:20:00,501203161,2,1,17,1,0
07:20:00,501203162,15,2,6,1,0
07:20:00,501203163,8,1,8,1,0
07:20:00,501204001,2,1,23,1,0
07:20:00,501204002,16,3,20,1,0
07:20:00,501204003,23,0,21,1,0
07:20:00,501204004,5,0,9,1,0
07:20:00,501204005,7,0,13,1,0
07:20:00,501204007,4,0,32,1,0
07:20:00,501204008,7,0,8,1,0
07:20:00,501204009,0,0,0,2,0
07:20:00,501204010,0,0,0,2,0
07:20:00,501204011,6,0,9,1,0
07:20:00,501204012,6,0,8,1,0
07:20:00,501204013,6,1,7,1,0
07:20:00,501204014,5,0,11,1,0
07:20:00,501204015,7,0,8,1,0
07:20:00,501204016,7,1,13,1,0
07:20:00,501204017,10,3,5,1,0
07:20:00,501204018,12,0,12,1,0
07:20:00,501204020,7,1,13,1,0
07:20:00,501204021,3,0,17,1,0
07:20:00,501204022,10,0,6,1,0
07:20:00,501204023,7,0,8,1,0
07:20:00,501204024,0,0,0,2,0
07:20:00,501204025,9,0,11,1,0
07:20:00,501205001,10,0,7,1,0
07:20:00,501205003,4,0,14,1,0
07:20:00,501205004,4,0,12,1,0
07:20:00,501205005,6,0,16,1,0
07:20:00,501205006,11,0,9,1,0
07:20:00,501205007,0,0,12,1,0
07:20:00,501205008,4,0,22,1,0
07:20:00,501205009,34,0,11,1,0
07:20:00,501205010,0,0,13,1,0
07:20:00,501205011,7,0,25,1,0
07:20:00,501205012,6,1,14,1,0
07:20:00,501205013,0,0,21,1,0
07:20:00,501205014,1,1,22,1,0
07:20:00,501205015,5,1,13,1,0
07:20:00,501205018,11,1,6,1,0
07:20:00,501205019,2,0,26,1,0
07:20:00,501205020,2,1,28,1,0
07:20:00,501205021,7,1,8,1,0
07:20:00,501205022,3,0,12,1,0
07:20:00,501205023,5,0,10,1,0
07:20:00,501205025,24,1,3,1,0
07:20:00,501205026,10,1,9,1,0
07:20:00,501205027,2,0,8,1,0
07:20:00,501205028,5,0,10,1,0
07:20:00,501205029,1,0,9,1,0
07:20:00,501205030,7,1,3,1,0
07:20:00,501205033,14,2,1,1,0
07:20:00,501205034,1,1,27,1,0
07:20:00,501205035,7,2,9,1,0
07:20:00,501205036,2,0,13,1,0
07:20:00,501205037,5,0,10,1,0
07:20:00,501205038,6,0,14,1,0
07:20:00,501205039,6,0,14,1,0
07:20:00,501205040,12,0,13,1,0
07:20:00,501205041,9,0,8,1,0
07:20:00,501205042,3,0,26,1,0
07:20:00,501208011,8,0,29,1,0
07:20:00,501208013,48,2,6,1,0
07:20:00,501208014,20,0,18,1,0
07:20:00,501208015,7,0,8,1,0
07:20:00,501208018,13,0,2,1,0
07:20:00,501208021,1,0,16,1,0
07:20:00,501208027,5,0,25,1,0
07:20:00,501208029,9,0,12,1,0
07:20:00,501208030,31,0,7,1,0
07:20:00,501208032,14,1,14,1,0
07:20:00,501208040,8,1,11,1,0
07:20:00,501208041,5,1,9,1,0
07:20:00,501208045,12,0,20,1,0
07:20:00,501208051,5,1,31,1,0
07:20:00,501208053,10,0,11,1,0
07:20:00,501208054,1,0,27,1,0
07:20:00,501208059,5,1,24,1,0
07:20:00,501208064,9,2,11,1,0
07:20:00,501208077,3,0,7,1,0
07:20:00,501208079,8,1,14,1,0
07:20:00,501208082,3,1,7,1,0
07:20:00,501208085,14,0,3,1,0
07:20:00,501208087,25,2,6,1,0
07:20:00,501208089,4,0,21,1,0
07:20:00,501208091,2,1,41,1,0
07:20:00,501208111,13,0,2,1,0
07:20:00,501208113,6,0,14,1,0
07:20:00,501208114,7,1,13,1,0
07:20:00,501208129,4,0,18,1,0
07:20:00,501208130,9,0,5,1,0
07:20:00,501209002,7,0,13,1,0
07:20:00,501209003,1,0,13,1,0
07:20:00,501209004,4,1,11,1,0
07:20:00,501209005,13,1,5,1,0
07:20:00,501209006,8,1,11,1,0
07:20:00,501209007,1,0,14,1,0
07:20:00,501209009,0,0,0,2,0
07:20:00,501209010,1,0,13,1,0
07:20:00,501209011,8,0,17,1,0
07:20:00,501209014,4,0,8,1,0
07:20:00,501209015,7,0,8,1,0
07:20:00,501209016,10,2,19,1,0
07:20:00,501209017,1,1,12,1,0
07:20:00,501209018,6,1,10,1,0
07:20:00,501209019,7,1,16,1,0
07:20:00,501209020,12,3,20,1,0
07:20:00,501209021,6,0,8,1,0
07:20:00,501209022,0,0,10,1,0
07:20:00,501209023,41,0,2,1,0
07:20:00,501209024,2,0,40,1,0
07:20:00,501209025,9,0,6,1,0
07:20:00,501209026,26,1,0,1,0
07:20:00,501209027,4,1,15,1,0
07:20:00,501209028,7,2,21,1,0
07:20:00,501209030,4,0,14,1,0
07:20:00,501209031,12,0,18,1,0
07:20:00,501209032,5,1,23,1,0
07:20:00,501209033,8,1,12,1,0
07:20:00,501209034,7,2,8,1,0
07:20:00,501209035,1,0,27,1,0
07:20:00,501209036,0,0,31,1,0
07:20:00,501209037,16,0,19,1,0
07:20:00,501209038,8,0,8,1,0
07:20:00,501209039,7,0,23,1,0
07:20:00,501209040,8,0,23,1,0
07:20:00,501209042,6,1,14,1,0
07:20:00,501209043,11,0,14,1,0
07:20:00,501209044,11,4,4,1,0
07:20:00,501209045,8,0,7,1,0
07:20:00,501209046,3,1,18,1,0
07:20:00,501209047,1,1,13,1,0
07:20:00,501209049,17,5,3,1,0
07:20:00,501209050,11,0,2,1,0
07:20:00,501209051,7,1,17,1,0
07:20:00,501209052,5,0,17,1,0
07:20:00,501209053,2,1,18,1,0
07:20:00,501209054,9,3,18,1,0
07:20:00,501209056,9,2,6,1,0
07:20:00,501209058,8,1,8,1,0
07:20:00,501209059,0,0,15,1,0
07:20:00,501209060,13,2,7,1,0
07:20:00,501209062,6,0,9,1,0
07:20:00,501209064,2,0,13,1,0
07:20:00,501209065,10,0,5,1,0
07:20:00,501209066,0,0,14,1,0
07:20:00,501209067,3,0,12,1,0
07:20:00,501209068,5,1,12,1,0
07:20:00,501209069,10,2,53,1,0
07:20:00,501209070,6,2,10,1,0
07:20:00,501209071,7,1,10,1,0
07:20:00,501209073,9,2,6,1,0
07:20:00,501209074,8,0,15,1,0
07:20:00,501209075,2,0,14,1,0
07:20:00,501209076,6,2,17,1,0
07:20:00,501209077,4,1,11,1,0
07:20:00,501209078,5,1,8,1,0
07:20:00,501209079,18,0,7,1,0
07:20:00,501209080,20,0,7,1,0
07:20:00,501209081,4,1,11,1,0
07:20:00,501209084,7,0,16,1,0
07:20:00,501209085,8,2,20,1,0
07:20:00,501209087,23,5,16,1,0
07:20:00,501209088,5,2,10,1,0
07:20:00,501209089,6,0,13,1,0
07:20:00,501209090,4,0,10,1,0
07:20:00,501209091,4,0,12,1,0
07:20:00,501209092,5,0,11,1,0
07:20:00,501209093,3,2,12,1,0
07:20:00,501209094,1,0,15,1,0
07:20:00,501209095,7,6,7,1,0
07:20:00,501209096,8,0,7,1,0
07:20:00,501209097,3,1,12,1,0
07:20:00,501209098,7,1,8,1,0
07:20:00,501209099,4,0,15,1,0
07:20:00,501209100,7,0,8,1,0
07:20:00,501209101,6,0,9,1,0
07:20:00,501209102,3,0,17,1,0
07:20:00,501209104,0,0,19,1,0
07:20:00,501209105,2,1,24,1,0
07:20:00,501209106,2,0,18,1,0
07:20:00,501211001,23,8,15,1,0
07:20:00,501211002,6,4,9,1,0
07:20:00,501211004,10,1,5,1,0
07:20:00,501211005,5,0,14,1,0
07:20:00,501211006,10,0,7,1,0
07:20:00,501211007,14,0,4,1,0
07:20:00,501211009,6,1,12,1,0
07:20:00,501211011,9,1,21,1,0
07:20:00,501211012,6,0,12,1,0
