time,sno,bikes,ebikes,empty,status,age
00:00:00,501201001,0,0,0,2,0
00:00:00,501201002,18,0,22,1,0
00:00:00,501201003,6,0,17,1,0
00:00:00,501201004,9,0,5,1,0
00:00:00,501201005,5,1,14,1,0
00:00:00,501201006,12,0,16,1,0
00:00:00,501201007,11,2,8,1,0
00:00:00,501201008,8,2,17,1,0
00:00:00,501201010,3,0,7,1,0
00:00:00,501201011,7,1,14,1,0
00:00:00,501201012,20,2,20,1,0
00:00:00,501201013,8,0,14,1,0
00:00:00,501201014,10,0,9,1,0
00:00:00,501201015,12,1,13,1,0
00:00:00,501201016,18,3,6,1,0
00:00:00,501201017,15,1,12,1,0
00:00:00,501201018,7,0,17,1,0
00:00:00,501201019,13,3,15,1,0
00:00:00,501201020,10,1,14,1,0
00:00:00,501201021,8,0,7,1,0
00:00:00,501201022,10,1,6,1,0
00:00:00,501201023,1,0,27,1,0
00:00:00,501201024,14,0,9,1,0
00:00:00,501201025,9,2,15,1,0
00:00:00,501201026,11,0,8,1,0
00:00:00,501201028,6,2,13,1,0
00:00:00,501201029,5,0,8,1,0
00:00:00,501201030,8,0,6,1,0
00:00:00,501201031,13,2,4,1,0
00:00:00,501202001,2,2,12,1,0
00:00:00,501202003,4,0,36,1,0
00:00:00,501202013,7,0,10,1,0
00:00:00,501202023,8,0,5,1,0
00:00:00,501202024,5,0,10,1,0
00:00:00,501202034,8,2,7,1,0
00:00:00,501202035,10,1,18,1,0
00:00:00,501202036,22,1,17,1,0
00:00:00,501202040,5,0,40,1,0
00:00:00,501202043,20,1,4,1,0
00:00:00,501202044,0,0,0,2,0
00:00:00,501202047,2,0,20,1,0
00:00:00,501202050,15,0,1,1,0
00:00:00,501202055,10,1,5,1,0
00:00:00,501202058,9,0,6,1,0
00:00:00,501202065,9,1,6,1,0
00:00:00,501202068,6,0,11,1,0
00:00:00,501202070,10,0,6,1,0
00:00:00,501202078,6,0,19,1,0
00:00:00,501202080,11,0,15,1,0
00:00:00,501202081,12,0,11,1,0
00:00:00,501202082,3,0,18,1,0
00:00:00,501202083,10,1,14,1,0
00:00:00,501202084,2,1,22,1,0
00:00:00,501202085,4,0,31,1,0
00:00:00,501202088,4,1,26,1,0
00:00:00,501202089,3,0,26,1,0
00:00:00,501202096,8,0,5,1,0
00:00:00,501203001,1,0,19,1,0
00:00:00,501203002,7,0,15,1,0
00:00:00,501203003,1,1,92,1,0
00:00:00,501203005,3,0,17,1,0
00:00:00,501203006,1,0,14,1,0
00:00:00,501203007,7,0,8,1,0
00:00:00,501203008,6,0,10,1,0
00:00:00,501203010,16,1,17,1,0
00:00:00,501203011,30,10,7,1,0
00:00:00,501203012,5,2,12,1,0
00:00:00,501203013,8,3,16,1,0
00:00:00,501203015,10,3,2,1,0
00:00:00,501203020,13,0,7,1,0
00:00:00,501203022,6,0,13,1,0
00:00:00,501203023,5,0,13,1,0
00:00:00,501203028,9,0,16,1,0
00:00:00,501203040,2,0,20,1,0
00:00:00,501203045,7,0,11,1,0
00:00:00,501203050,10,0,50,1,0
00:00:00,501203051,1,0,23,1,0
00:00:00,501203053,12,1,14,1,0
00:00:00,501203054,7,0,15,1,0
00:00:00,501203064,12,0,3,1,0
00:00:00,501203065,12,4,4,1,0
00:00:00,501203070,4,0,11,1,0
00:00:00,501203073,4,0,20,1,0
00:00:00,501203076,5,0,11,1,0
00:00:00,501203078,12,2,4,1,0
00:00:00,501203080,6,1,9,1,0
00:00:00,501203084,5,0,6,1,0
00:00:00,501203085,5,1,5,1,0
00:00:00,501203088,1,0,13,1,0
00:00:00,501203089,2,0,10,1,0
00:00:00,501203090,7,2,3,1,0
00:00:00,501203091,9,2,4,1,0
00:00:00,501203092,4,0,16,1,0
00:00:00,501203100,7,0,12,1,0
00:00:00,501203101,0,0,0,2,0
00:00:00,501203102,9,0,10,1,0
00:00:00,501203104,12,1,6,1,0
00:00:00,501203105,10,3,1,1,0
00:00:00,501203107,0,0,0,2,0
00:00:00,501203109,7,0,19,1,0
00:00:00,501203110,1,0,40,1,0
00:00:00,501203111,11,3,0,1,0
00:00:00,501203113,0,0,18,1,0
00:00:00,501203114,8,2,42,1,0
00:00:00,501203117,0,0,0,2,0
00:00:00,501203118,12,1,7,1,0
00:00:00,501203121,22,1,2,1,0
00:00:00,501203122,13,1,7,1,0
00:00:00,501203125,10,0,15,1,0
00:00:00,501203131,10,2,10,1,0
00:00:00,501203140,21,0,20,1,0
00:00:00,501203141,5,1,11,1,0
00:00:00,501203142,1,0,73,1,0
00:00:00,501203145,11,2,4,1,0
00:00:00,501203151,11,0,7,1,0
00:00:00,501203155,2,1,17,1,0
00:00:00,501203157,1,0,16,1,0
00:00:00,501203159,2,1,18,1,0
00:00:00,501203161,1,0,17,1,0
00:00:00,501203162,14,0,7,1,0
00:00:00,501203163,16,2,0,1,0
00:00:00,501204001,14,0,11,1,0
00:00:00,501204002,3,1,32,1,0
00:00:00,501204003,14,2,28,1,0
00:00:00,501204004,1,0,13,1,0
00:00:00,501204005,20,4,0,1,0
00:00:00,501204007,3,0,33,1,0
00:00:00,501204008,2,1,12,1,0
00:00:00,501204009,0,0,0,2,0
00:00:00,501204010,0,0,0,2,0
00:00:00,501204011,1,0,14,1,0
00:00:00,501204012,13,0,1,1,0
00:00:00,501204013,4,2,10,1,0
00:00:00,501204014,9,0,7,1,0
00:00:00,501204015,10,0,5,1,0
00:00:00,501204016,0,0,20,1,0
00:00:00,501204017,3,0,12,1,0
00:00:00,501204018,9,0,15,1,0
00:00:00,501204020,1,1,19,1,0
00:00:00,501204021,1,0,19,1,0
00:00:00,501204022,0,0,16,1,0
00:00:00,501204023,10,2,5,1,0
00:00:00,501204024,0,0,0,2,0
00:00:00,501204025,13,0,6,1,0
00:00:00,501205001,1,0,16,1,0
00:00:00,501205003,14,3,5,1,0
00:00:00,501205004,8,3,8,1,0
00:00:00,501205005,12,1,10,1,0
00:00:00,501205006,8,0,12,1,0
00:00:00,501205007,0,0,12,1,0
00:00:00,501205008,14,2,12,1,0
00:00:00,501205009,15,0,30,1,0
00:00:00,501205010,0,0,14,1,0
00:00:00,501205011,2,1,29,1,0
00:00:00,501205012,20,1,0,1,0
00:00:00,501205013,6,0,15,1,0
00:00:00,501205014,15,8,8,1,0
00:00:00,501205015,4,1,13,1,0
00:00:00,501205018,4,0,13,1,0
00:00:00,501205019,10,0,18,1,0
00:00:00,501205020,2,1,28,1,0
00:00:00,501205021,8,3,7,1,0
00:00:00,501205022,8,0,7,1,0
00:00:00,501205023,0,0,14,1,0
00:00:00,501205025,20,0,8,1,0
00:00:00,501205026,0,0,19,1,0
00:00:00,501205027,2,0,8,1,0
00:00:00,501205028,2,0,13,1,0
00:00:00,501205029,10,0,0,1,0
00:00:00,501205030,9,0,1,1,0
00:00:00,501205033,4,0,11,1,0
00:00:00,501205034,9,0,19,1,0
00:00:00,501205035,11,3,5,1,0
00:00:00,501205036,5,1,10,1,0
00:00:00,501205037,6,0,10,1,0
00:00:00,501205038,8,0,12,1,0
00:00:00,501205039,12,3,8,1,0
00:00:00,501205040,21,3,4,1,0
00:00:00,501205041,9,3,8,1,0
00:00:00,501205042,4,0,25,1,0
00:00:00,501208011,18,2,19,1,0
00:00:00,501208013,36,0,18,1,0
00:00:00,501208014,17,0,21,1,0
00:00:00,501208015,4,0,10,1,0
00:00:00,501208018,4,0,10,1,0
00:00:00,501208021,9,1,8,1,0
00:00:00,501208027,6,0,23,1,0
00:00:00,501208029,17,4,5,1,0
00:00:00,501208030,20,3,18,1,0
00:00:00,501208032,3,1,25,1,0
00:00:00,501208040,8,2,11,1,0
00:00:00,501208041,3,0,12,1,0
00:00:00,501208045,2,0,29,1,0
00:00:00,501208051,3,0,32,1,0
00:00:00,501208053,15,0,6,1,0
00:00:00,501208054,1,0,27,1,0
00:00:00,501208059,1,0,26,1,0
00:00:00,501208064,1,0,19,1,0
00:00:00,501208077,7,0,3,1,0
00:00:00,501208079,2,0,19,1,0
00:00:00,501208082,6,1,4,1,0
00:00:00,501208085,13,1,4,1,0
00:00:00,501208087,18,0,13,1,0
00:00:00,501208089,19,1,6,1,0
00:00:00,501208091,5,1,38,1,0
00:00:00,501208111,9,2,6,1,0
00:00:00,501208113,7,0,13,1,0
00:00:00,501208114,5,0,15,1,0
00:00:00,501208129,8,0,15,1,0
00:00:00,501208130,1,0,14,1,0
00:00:00,501209002,15,0,5,1,0
00:00:00,501209003,5,1,9,1,0
00:00:00,501209004,3,0,11,1,0
00:00:00,501209005,1,1,17,1,0
00:00:00,501209006,9,3,10,1,0
00:00:00,501209007,12,3,3,1,0
00:00:00,501209009,0,0,0,2,0
00:00:00,501209010,13,0,1,1,0
00:00:00,501209011,4,0,21,1,0
00:00:00,501209014,5,0,7,1,0
00:00:00,501209015,10,1,5,1,0
00:00:00,501209016,2,1,27,1,0
00:00:00,501209017,7,0,6,1,0
00:00:00,501209018,7,1,10,1,0
00:00:00,501209019,5,3,20,1,0
00:00:00,501209020,5,0,26,1,0
00:00:00,501209021,3,0,11,1,0
00:00:00,501209022,6,0,4,1,0
00:00:00,501209023,1,0,41,1,0
00:00:00,501209024,6,0,36,1,0
00:00:00,501209025,4,0,11,1,0
00:00:00,501209026,1,0,22,1,0
00:00:00,501209027,6,0,13,1,0
00:00:00,501209028,4,0,24,1,0
00:00:00,501209030,10,0,8,1,0
00:00:00,501209031,8,0,22,1,0
00:00:00,501209032,0,0,28,1,0
00:00:00,501209033,8,2,12,1,0
00:00:00,501209034,5,0,10,1,0
00:00:00,501209035,0,0,28,1,0
00:00:00,501209036,12,1,17,1,0
00:00:00,501209037,12,1,24,1,0
00:00:00,501209038,14,2,2,1,0
00:00:00,501209039,4,0,26,1,0
00:00:00,501209040,2,0,29,1,0
00:00:00,501209042,2,1,18,1,0
00:00:00,501209043,7,0,17,1,0
00:00:00,501209044,12,4,3,1,0
00:00:00,501209045,7,0,8,1,0
00:00:00,501209046,3,1,19,1,0
00:00:00,501209047,7,2,7,1,0
00:00:00,501209049,1,0,19,1,0
00:00:00,501209050,12,4,1,1,0
00:00:00,501209051,9,0,15,1,0
00:00:00,501209052,4,0,16,1,0
00:00:00,501209053,2,1,18,1,0
00:00:00,501209054,13,4,14,1,0
00:00:00,501209056,13,0,2,1,0
00:00:00,501209058,13,3,3,1,0
00:00:00,501209059,3,0,12,1,0
00:00:00,501209060,1,0,19,1,0
00:00:00,501209062,1,0,14,1,0
00:00:00,501209064,10,1,5,1,0
00:00:00,501209065,2,0,13,1,0
00:00:00,501209066,11,3,3,1,0
00:00:00,501209067,7,0,7,1,0
00:00:00,501209068,3,0,14,1,0
00:00:00,501209069,0,0,63,1,0
00:00:00,501209070,14,2,3,1,0
00:00:00,501209071,6,0,11,1,0
00:00:00,501209073,11,3,4,1,0
00:00:00,501209074,16,0,7,1,0
00:00:00,501209075,8,1,7,1,0
00:00:00,501209076,3,1,20,1,0
00:00:00,501209077,4,1,11,1,0
00:00:00,501209078,13,2,0,1,0
00:00:00,501209079,4,0,21,1,0
00:00:00,501209080,1,0,25,1,0
00:00:00,501209081,9,2,6,1,0
00:00:00,501209084,3,2,20,1,0
00:00:00,501209085,14,1,12,1,0
00:00:00,501209087,5,3,34,1,0
00:00:00,501209088,7,1,8,1,0
00:00:00,501209089,1,0,19,1,0
00:00:00,501209090,14,1,0,1,0
00:00:00,501209091,1,1,15,1,0
00:00:00,501209092,14,0,2,1,0
00:00:00,501209093,9,0,6,1,0
00:00:00,501209094,10,2,6,1,0
00:00:00,501209095,3,2,11,1,0
00:00:00,501209096,10,1,3,1,0
00:00:00,501209097,5,2,10,1,0
00:00:00,501209098,5,1,10,1,0
00:00:00,501209099,8,0,12,1,0
00:00:00,501209100,12,0,1,1,0
00:00:00,501209101,5,0,10,1,0
00:00:00,501209102,2,0,18,1,0
00:00:00,501209104,5,1,14,1,0
00:00:00,501209105,14,1,11,1,0
00:00:00,501209106,3,0,15,1,0
00:00:00,501211001,27,7,11,1,0
00:00:00,501211002,5,0,10,1,0
00:00:00,501211004,6,2,9,1,0
00:00:00,501211005,3,1,16,1,0
00:00:00,501211006,4,0,12,1,0
00:00:00,501211007,7,0,12,1,0
00:00:00,501211009,9,0,9,1,0
00:00:00,501211011,16,1,14,1,0
00:00:00,501211012,7,0,11,1,0
00:10:00,501201001,0,0,0,2,0
00:10:00,501201002,18,0,22,1,0
00:10:00,501201003,5,0,18,1,0
00:10:00,501201004,9,0,5,1,0
00:10:00,501201005,5,0,14,1,0
00:10:00,501201006,9,0,19,1,0
00:10:00,501201007,11,2,8,1,0
00:10:00,501201008,8,2,17,1,0
00:10:00,501201010,3,0,7,1,0
00:10:00,501201011,7,1,14,1,0
00:10:00,501201012,21,3,19,1,0
00:10:00,501201013,8,0,14,1,0
00:10:00,501201014,10,0,9,1,0
00:10:00,501201015,12,1,13,1,0
00:10:00,501201016,18,3,6,1,0
00:10:00,501201017,17,1,10,1,0
00:10:00,501201018,7,0,17,1,0
00:10:00,501201019,13,3,15,1,0
00:10:00,501201020,10,1,14,1,0
00:10:00,501201021,8,0,7,1,0
00:10:00,501201022,10,1,6,1,0
00:10:00,501201023,1,0,27,1,0
00:10:00,501201024,14,0,9,1,0
00:10:00,501201025,9,2,15,1,0
00:10:00,501201026,11,0,8,1,0
00:10:00,501201028,6,2,13,1,0
00:10:00,501201029,5,0,8,1,0
00:10:00,501201030,8,0,6,1,0
00:10:00,501201031,13,1,4,1,0
00:10:00,501202001,2,2,12,1,0
00:10:00,501202003,3,0,37,1,0
00:10:00,501202013,7,0,10,1,0
00:10:00,501202023,8,0,5,1,0
00:10:00,501202024,5,0,10,1,0
00:10:00,501202034,7,2,8,1,0
00:10:00,501202035,10,1,18,1,0
00:10:00,501202036,23,1,16,1,0
00:10:00,501202040,5,0,40,1,0
00:10:00,501202043,22,2,2,1,0
00:10:00,501202044,0,0,0,2,0
00:10:00,501202047,3,0,19,1,0
00:10:00,501202050,15,0,1,1,0
00:10:00,501202055,9,0,6,1,0
00:10:00,501202058,9,0,6,1,0
00:10:00,501202065,9,0,6,1,0
00:10:00,501202068,6,0,11,1,0
00:10:00,501202070,10,0,6,1,0
00:10:00,501202078,6,0,19,1,0
00:10:00,501202080,10,0,16,1,0
00:10:00,501202081,13,0,10,1,0
00:10:00,501202082,4,1,17,1,0
00:10:00,501202083,10,1,14,1,0
00:10:00,501202084,2,1,22,1,0
00:10:00,501202085,4,0,31,1,0
00:10:00,501202088,4,1,26,1,0
00:10:00,501202089,3,0,26,1,0
00:10:00,501202096,9,0,4,1,0
00:10:00,501203001,1,0,19,1,0
00:10:00,501203002,7,0,15,1,0
00:10:00,501203003,1,1,92,1,0
00:10:00,501203005,3,0,17,1,0
00:10:00,501203006,1,0,14,1,0
00:10:00,501203007,7,0,8,1,0
00:10:00,501203008,6,0,10,1,0
00:10:00,501203010,16,1,17,1,0
00:10:00,501203011,30,10,7,1,0
00:10:00,501203012,5,2,12,1,0
00:10:00,501203013,8,3,16,1,0
00:10:00,501203015,10,3,2,1,0
00:10:00,501203020,13,0,7,1,0
00:10:00,501203022,7,1,12,1,0
00:10:00,501203023,5,0,13,1,0
00:10:00,501203028,9,0,16,1,0
00:10:00,501203040,3,0,19,1,0
00:10:00,501203045,7,0,11,1,0
00:10:00,501203050,10,0,50,1,0
00:10:00,501203051,1,0,23,1,0
00:10:00,501203053,12,1,14,1,0
00:10:00,501203054,7,0,15,1,0
00:10:00,501203064,12,0,3,1,0
00:10:00,501203065,14,4,2,1,0
00:10:00,501203070,4,0,11,1,0
00:10:00,501203073,4,0,20,1,0
00:10:00,501203076,5,0,11,1,0
00:10:00,501203078,12,2,4,1,0
00:10:00,501203080,6,1,9,1,0
00:10:00,501203084,5,0,6,1,0
00:10:00,501203085,5,1,5,1,0
00:10:00,501203088,4,0,10,1,0
00:10:00,501203089,2,0,10,1,0
00:10:00,501203090,7,2,3,1,0
00:10:00,501203091,9,2,4,1,0
00:10:00,501203092,4,0,16,1,0
00:10:00,501203100,7,0,12,1,0
00:10:00,501203101,0,0,0,2,0
00:10:00,501203102,9,0,10,1,0
00:10:00,501203104,12,1,6,1,0
00:10:00,501203105,10,3,1,1,0
00:10:00,501203107,0,0,0,2,0
00:10:00,501203109,7,0,19,1,0
00:10:00,501203110,1,0,40,1,0
00:10:00,501203111,11,3,0,1,0
00:10:00,501203113,0,0,18,1,0
00:10:00,501203114,9,2,41,1,0
00:10:00,501203117,0,0,0,2,0
00:10:00,501203118,12,1,7,1,0
00:10:00,501203121,21,1,3,1,0
00:10:00,501203122,13,1,7,1,0
00:10:00,501203125,10,0,15,1,0
00:10:00,501203131,10,2,10,1,0
00:10:00,501203140,20,0,21,1,0
00:10:00,501203141,5,1,11,1,0
00:10:00,501203142,0,0,74,1,0
00:10:00,501203145,11,2,4,1,0
00:10:00,501203151,11,0,7,1,0
00:10:00,501203155,3,1,16,1,0
00:10:00,501203157,1,0,16,1,0
00:10:00,501203159,2,1,18,1,0
00:10:00,501203161,1,0,17,1,0
00:10:00,501203162,14,0,7,1,0
00:10:00,501203163,16,2,0,1,0
00:10:00,501204001,14,0,11,1,0
00:10:00,501204002,3,1,32,1,0
00:10:00,501204003,14,2,28,1,0
00:10:00,501204004,1,0,13,1,0
00:10:00,501204005,20,4,0,1,0
00:10:00,501204007,3,0,33,1,0
00:10:00,501204008,2,1,12,1,0
00:10:00,501204009,0,0,0,2,0
00:10:00,501204010,0,0,0,2,0
00:10:00,501204011,1,0,14,1,0
00:10:00,501204012,13,0,1,1,0
00:10:00,501204013,5,2,9,1,0
00:10:00,501204014,9,0,7,1,0
00:10:00,501204015,10,0,5,1,0
00:10:00,501204016,0,0,20,1,0
00:10:00,501204017,3,0,12,1,0
00:10:00,501204018,9,0,15,1,0
00:10:00,501204020,2,2,18,1,0
00:10:00,501204021,1,0,19,1,0
00:10:00,501204022,0,0,16,1,0
00:10:00,501204023,10,2,5,1,0
00:10:00,501204024,0,0,0,2,0
00:10:00,501204025,14,0,5,1,0
00:10:00,501205001,1,0,16,1,0
00:10:00,501205003,14,3,5,1,0
00:10:00,501205004,8,3,8,1,0
00:10:00,501205005,12,1,10,1,0
00:10:00,501205006,9,0,11,1,0
00:10:00,501205007,0,0,12,1,0
00:10:00,501205008,14,2,12,1,0
00:10:00,501205009,13,0,32,1,0
00:10:00,501205010,2,1,12,1,0
00:10:00,501205011,2,1,29,1,0
00:10:00,501205012,20,1,0,1,0
00:10:00,501205013,6,0,15,1,0
00:10:00,501205014,15,8,8,1,0
00:10:00,501205015,4,1,13,1,0
00:10:00,501205018,4,0,13,1,0
00:10:00,501205019,10,0,18,1,0
00:10:00,501205020,2,1,28,1,0
00:10:00,501205021,8,3,7,1,0
00:10:00,501205022,8,0,7,1,0
00:10:00,501205023,0,0,14,1,0
00:10:00,501205025,20,0,8,1,0
00:10:00,501205026,0,0,19,1,0
00:10:00,501205027,2,0,8,1,0
00:10:00,501205028,2,0,13,1,0
00:10:00,501205029,10,0,0,1,0
00:10:00,501205030,9,0,1,1,0
00:10:00,501205033,4,0,11,1,0
00:10:00,501205034,9,0,19,1,0
00:10:00,501205035,11,3,5,1,0
00:10:00,501205036,5,1,10,1,0
00:10:00,501205037,6,0,10,1,0
00:10:00,501205038,8,0,12,1,0
00:10:00,501205039,10,2,10,1,0
00:10:00,501205040,21,3,4,1,0
00:10:00,501205041,9,3,8,1,0
00:10:00,501205042,4,0,25,1,0
00:10:00,501208011,17,2,20,1,0
00:10:00,501208013,37,1,17,1,0
00:10:00,501208014,17,0,21,1,0
00:10:00,501208015,4,0,10,1,0
00:10:00,501208018,3,0,11,1,0
00:10:00,501208021,8,0,9,1,0
00:10:00,501208027,6,0,23,1,0
00:10:00,501208029,17,4,5,1,0
00:10:00,501208030,20,3,18,1,0
00:10:00,501208032,3,1,25,1,0
00:10:00,501208040,8,1,11,1,0
00:10:00,501208041,3,0,12,1,0
00:10:00,501208045,2,0,29,1,0
00:10:00,501208051,3,0,32,1,0
00:10:00,501208053,15,0,6,1,0
00:10:00,501208054,1,0,27,1,0
00:10:00,501208059,1,0,26,1,0
00:10:00,501208064,0,0,20,1,0
00:10:00,501208077,7,0,3,1,0
00:10:00,501208079,2,0,19,1,0
00:10:00,501208082,7,1,3,1,0
00:10:00,501208085,14,1,3,1,0
00:10:00,501208087,17,0,14,1,0
00:10:00,501208089,19,1,6,1,0
00:10:00,501208091,5,1,38,1,0
00:10:00,501208111,9,2,6,1,0
00:10:00,501208113,7,0,13,1,0
00:10:00,501208114,5,0,15,1,0
00:10:00,501208129,8,0,15,1,0
00:10:00,501208130,1,0,14,1,0
00:10:00,501209002,16,0,4,1,0
00:10:00,501209003,5,1,9,1,0
00:10:00,501209004,3,0,11,1,0
00:10:00,501209005,1,1,17,1,0
00:10:00,501209006,9,3,10,1,0
00:10:00,501209007,12,3,3,1,0
00:10:00,501209009,0,0,0,2,0
00:10:00,501209010,13,0,1,1,0
00:10:00,501209011,4,0,21,1,0
00:10:00,501209014,5,0,7,1,0
00:10:00,501209015,10,1,5,1,0
00:10:00,501209016,1,1,28,1,0
00:10:00,501209017,7,0,6,1,0
00:10:00,501209018,7,1,10,1,0
00:10:00,501209019,5,3,20,1,0
00:10:00,501209020,5,0,26,1,0
00:10:00,501209021,3,0,11,1,0
00:10:00,501209022,6,0,4,1,0
00:10:00,501209023,1,0,41,1,0
00:10:00,501209024,6,0,36,1,0
00:10:00,501209025,4,0,11,1,0
00:10:00,501209026,2,0,21,1,0
00:10:00,501209027,6,0,13,1,0
00:10:00,501209028,3,0,25,1,0
00:10:00,501209030,10,0,8,1,0
00:10:00,501209031,8,0,22,1,0
00:10:00,501209032,0,0,28,1,0
00:10:00,501209033,8,2,12,1,0
00:10:00,501209034,5,0,10,1,0
00:10:00,501209035,0,0,28,1,0
00:10:00,501209036,12,1,17,1,0
00:10:00,501209037,12,1,24,1,0
00:10:00,501209038,14,2,2,1,0
00:10:00,501209039,4,0,26,1,0
00:10:00,501209040,2,0,29,1,0
00:10:00,501209042,3,1,17,1,0
00:10:00,501209043,7,0,17,1,0
00:10:00,501209044,12,4,3,1,0
00:10:00,501209045,6,0,9,1,0
00:10:00,501209046,4,2,18,1,0
00:10:00,501209047,7,2,7,1,0
00:10:00,501209049,1,0,19,1,0
00:10:00,501209050,12,4,1,1,0
00:10:00,501209051,9,0,15,1,0
00:10:00,501209052,4,0,16,1,0
00:10:00,501209053,2,1,18,1,0
00:10:00,501209054,14,4,13,1,0
00:10:00,501209056,14,0,1,1,0
00:10:00,501209058,14,3,2,1,0
00:10:00,501209059,3,0,12,1,0
00:10:00,501209060,1,0,19,1,0
00:10:00,501209062,1,0,14,1,0
00:10:00,501209064,10,1,5,1,0
00:10:00,501209065,2,0,13,1,0
00:10:00,501209066,11,3,3,1,0
00:10:00,501209067,8,0,6,1,0
00:10:00,501209068,4,0,13,1,0
00:10:00,501209069,0,0,63,1,0
00:10:00,501209070,15,2,2,1,0
00:10:00,501209071,6,0,11,1,0
00:10:00,501209073,11,3,4,1,0
00:10:00,501209074,16,0,7,1,0
00:10:00,501209075,8,1,7,1,0
00:10:00,501209076,3,1,20,1,0
00:10:00,501209077,4,1,11,1,0
00:10:00,501209078,9,2,4,1,0
00:10:00,501209079,4,0,21,1,0
00:10:00,501209080,2,0,24,1,0
00:10:00,501209081,9,2,6,1,0
00:10:00,501209084,4,2,19,1,0
00:10:00,501209085,14,1,12,1,0
00:10:00,501209087,5,3,34,1,0
00:10:00,501209088,7,1,8,1,0
00:10:00,501209089,1,0,19,1,0
00:10:00,501209090,14,1,0,1,0
00:10:00,501209091,1,1,15,1,0
00:10:00,501209092,14,0,2,1,0
00:10:00,501209093,9,0,6,1,0
00:10:00,501209094,10,2,6,1,0
00:10:00,501209095,3,2,11,1,0
00:10:00,501209096,10,1,3,1,0
00:10:00,501209097,5,2,10,1,0
00:10:00,501209098,5,1,10,1,0
00:10:00,501209099,7,0,13,1,0
00:10:00,501209100,12,0,1,1,0
00:10:00,501209101,5,0,10,1,0
00:10:00,501209102,2,0,18,1,0
00:10:00,501209104,7,1,12,1,0
00:10:00,501209105,14,1,11,1,0
00:10:00,501209106,3,0,15,1,0
00:10:00,501211001,27,7,11,1,0
00:10:00,501211002,5,0,10,1,0
00:10:00,501211004,6,2,9,1,0
00:10:00,501211005,3,1,16,1,0
00:10:00,501211006,4,0,12,1,0
00:10:00,501211007,7,0,12,1,0
00:10:00,501211009,9,0,9,1,0
00:10:00,501211011,16,1,14,1,0
00:10:00,501211012,7,0,11,1,0
00:20:00,501201001,0,0,0,2,0
00:20:00,501201002,18,0,22,1,0
00:20:00,501201003,5,0,18,1,0
00:20:00,501201004,9,0,5,1,0
00:20:00,501201005,4,0,15,1,0
00:20:00,501201006,9,0,19,1,0
00:20:00,501201007,13,3,6,1,0
00:20:00,501201008,8,2,17,1,0
00:20:00,501201010,3,0,7,1,0
00:20:00,501201011,7,1,14,1,0
00:20:00,501201012,22,3,18,1,0
00:20:00,501201013,8,0,14,1,0
00:20:00,501201014,10,0,9,1,0
00:20:00,501201015,14,2,11,1,0
00:20:00,501201016,18,3,6,1,0
00:20:00,501201017,17,0,10,1,0
00:20:00,501201018,7,0,17,1,0
00:20:00,501201019,13,3,15,1,0
00:20:00,501201020,10,1,14,1,0
00:20:00,501201021,8,0,7,1,0
00:20:00,501201022,9,1,7,1,0
00:20:00,501201023,1,0,27,1,0
00:20:00,501201024,12,0,11,1,0
00:20:00,501201025,9,2,15,1,0
00:20:00,501201026,11,0,8,1,0
00:20:00,501201028,6,2,13,1,0
00:20:00,501201029,5,0,8,1,0
00:20:00,501201030,8,0,6,1,0
00:20:00,501201031,17,1,0,1,0
00:20:00,501202001,2,2,12,1,0
00:20:00,501202003,3,0,37,1,0
00:20:00,501202013,7,0,10,1,0
00:20:00,501202023,8,0,5,1,0
00:20:00,501202024,5,0,10,1,0
00:20:00,501202034,7,2,8,1,0
00:20:00,501202035,8,1,20,1,0
00:20:00,501202036,24,1,15,1,0
00:20:00,501202040,5,0,40,1,0
00:20:00,501202043,22,2,2,1,0
00:20:00,501202044,0,0,0,2,0
00:20:00,501202047,3,0,19,1,0
00:20:00,501202050,15,0,1,1,0
00:20:00,501202055,10,0,5,1,0
00:20:00,501202058,9,0,6,1,0
00:20:00,501202065,9,0,6,1,0
00:20:00,501202068,5,0,12,1,0
00:20:00,501202070,10,0,6,1,0
00:20:00,501202078,6,0,19,1,0
00:20:00,501202080,11,0,15,1,0
00:20:00,501202081,14,0,9,1,0
00:20:00,501202082,4,1,17,1,0
00:20:00,501202083,10,1,14,1,0
00:20:00,501202084,1,0,23,1,0
00:20:00,501202085,5,0,30,1,0
00:20:00,501202088,4,1,26,1,0
00:20:00,501202089,3,0,26,1,0
00:20:00,501202096,9,0,4,1,0
00:20:00,501203001,1,0,19,1,0
00:20:00,501203002,6,0,16,1,0
00:20:00,501203003,0,0,93,1,0
00:20:00,501203005,3,0,17,1,0
00:20:00,501203006,1,0,14,1,0
00:20:00,501203007,8,0,7,1,0
00:20:00,501203008,6,0,10,1,0
00:20:00,501203010,16,1,17,1,0
00:20:00,501203011,30,10,7,1,0
00:20:00,501203012,6,3,11,1,0
00:20:00,501203013,7,2,17,1,0
00:20:00,501203015,10,3,2,1,0
00:20:00,501203020,13,0,7,1,0
00:20:00,501203022,7,1,12,1,0
00:20:00,501203023,5,0,13,1,0
00:20:00,501203028,9,0,16,1,0
00:20:00,501203040,3,0,19,1,0
00:20:00,501203045,7,0,11,1,0
00:20:00,501203050,11,0,49,1,0
00:20:00,501203051,1,0,23,1,0
00:20:00,501203053,10,1,16,1,0
00:20:00,501203054,7,0,15,1,0
00:20:00,501203064,12,0,3,1,0
00:20:00,501203065,14,4,2,1,0
00:20:00,501203070,4,0,11,1,0
00:20:00,501203073,4,0,20,1,0
00:20:00,501203076,5,0,11,1,0
00:20:00,501203078,12,2,4,1,0
00:20:00,501203080,6,1,9,1,0
00:20:00,501203084,5,0,6,1,0
00:20:00,501203085,5,1,5,1,0
00:20:00,501203088,4,0,10,1,0
00:20:00,501203089,2,0,10,1,0
00:20:00,501203090,7,2,3,1,0
00:20:00,501203091,9,2,4,1,0
00:20:00,501203092,4,0,16,1,0
00:20:00,501203100,7,0,12,1,0
00:20:00,501203101,0,0,0,2,0
00:20:00,501203102,9,0,10,1,0
00:20:00,501203104,12,1,6,1,0
00:20:00,501203105,10,3,1,1,0
00:20:00,501203107,0,0,0,2,0
00:20:00,501203109,8,0,18,1,0
00:20:00,501203110,2,1,39,1,0
00:20:00,501203111,11,3,0,1,0
00:20:00,501203113,0,0,18,1,0
00:20:00,501203114,12,1,38,1,0
00:20:00,501203117,0,0,0,2,0
00:20:00,501203118,12,1,7,1,0
00:20:00,501203121,21,1,3,1,0
00:20:00,501203122,13,1,7,1,0
00:20:00,501203125,8,0,17,1,0
00:20:00,501203131,9,1,11,1,0
00:20:00,501203140,20,0,21,1,0
00:20:00,501203141,5,1,11,1,0
00:20:00,501203142,1,0,73,1,0
00:20:00,501203145,11,2,4,1,0
00:20:00,501203151,7,0,11,1,0
00:20:00,501203155,5,1,14,1,0
00:20:00,501203157,1,0,16,1,0
00:20:00,501203159,2,1,18,1,0
00:20:00,501203161,1,0,17,1,0
00:20:00,501203162,14,0,7,1,0
00:20:00,501203163,16,2,0,1,0
00:20:00,501204001,14,0,11,1,0
00:20:00,501204002,3,1,32,1,0
00:20:00,501204003,14,1,28,1,0
00:20:00,501204004,1,0,13,1,0
00:20:00,501204005,20,4,0,1,0
00:20:00,501204007,5,0,31,1,0
00:20:00,501204008,0,0,14,1,0
00:20:00,501204009,0,0,0,2,0
00:20:00,501204010,0,0,0,2,0
00:20:00,501204011,1,0,14,1,0
00:20:00,501204012,13,0,1,1,0
00:20:00,501204013,5,2,9,1,0
00:20:00,501204014,9,0,7,1,0
00:20:00,501204015,10,0,5,1,0
00:20:00,501204016,0,0,20,1,0
00:20:00,501204017,3,0,12,1,0
00:20:00,501204018,9,0,15,1,0
00:20:00,501204020,2,2,18,1,0
00:20:00,501204021,0,0,20,1,0
00:20:00,501204022,0,0,16,1,0
00:20:00,501204023,10,2,5,1,0
00:20:00,501204024,0,0,0,2,0
00:20:00,501204025,14,0,5,1,0
00:20:00,501205001,1,0,16,1,0
00:20:00,501205003,14,3,5,1,0
00:20:00,501205004,8,3,8,1,0
00:20:00,501205005,12,1,10,1,0
00:20:00,501205006,9,0,11,1,0
00:20:00,501205007,0,0,12,1,0
00:20:00,501205008,15,2,11,1,0
00:20:00,501205009,13,0,32,1,0
00:20:00,501205010,2,1,12,1,0
00:20:00,501205011,2,1,29,1,0
00:20:00,501205012,20,1,0,1,0
00:20:00,501205013,5,0,16,1,0
00:20:00,501205014,16,9,7,1,0
00:20:00,501205015,4,1,13,1,0
00:20:00,501205018,4,0,13,1,0
00:20:00,501205019,10,0,18,1,0
00:20:00,501205020,2,1,28,1,0
00:20:00,501205021,8,3,7,1,0
00:20:00,501205022,8,0,7,1,0
00:20:00,501205023,0,0,14,1,0
00:20:00,501205025,19,0,9,1,0
00:20:00,501205026,0,0,19,1,0
00:20:00,501205027,2,0,8,1,0
00:20:00,501205028,2,0,13,1,0
00:20:00,501205029,8,0,2,1,0
00:20:00,501205030,9,0,1,1,0
00:20:00,501205033,4,0,11,1,0
00:20:00,501205034,9,0,19,1,0
00:20:00,501205035,11,3,5,1,0
00:20:00,501205036,5,1,10,1,0
00:20:00,501205037,5,0,11,1,0
00:20:00,501205038,8,0,12,1,0
00:20:00,501205039,5,1,15,1,0
00:20:00,501205040,20,2,5,1,0
00:20:00,501205041,9,3,8,1,0
00:20:00,501205042,4,0,25,1,0
00:20:00,501208011,20,3,17,1,0
00:20:00,501208013,37,1,17,1,0
00:20:00,501208014,17,0,21,1,0
00:20:00,501208015,4,0,10,1,0
00:20:00,501208018,3,0,11,1,0
00:20:00,501208021,8,0,9,1,0
00:20:00,501208027,6,0,23,1,0
00:20:00,501208029,16,4,6,1,0
00:20:00,501208030,19,2,19,1,0
00:20:00,501208032,3,1,25,1,0
00:20:00,501208040,8,1,11,1,0
00:20:00,501208041,3,0,12,1,0
00:20:00,501208045,2,0,29,1,0
00:20:00,501208051,3,0,32,1,0
00:20:00,501208053,15,0,6,1,0
00:20:00,501208054,1,0,27,1,0
00:20:00,501208059,1,0,26,1,0
00:20:00,501208064,0,0,20,1,0
00:20:00,501208077,8,0,2,1,0
00:20:00,501208079,2,0,19,1,0
00:20:00,501208082,6,1,4,1,0
00:20:00,501208085,14,1,3,1,0
00:20:00,501208087,17,0,14,1,0
00:20:00,501208089,19,1,6,1,0
00:20:00,501208091,5,1,38,1,0
00:20:00,501208111,10,2,5,1,0
00:20:00,501208113,6,0,14,1,0
00:20:00,501208114,5,0,15,1,0
00:20:00,501208129,8,0,15,1,0
00:20:00,501208130,1,0,14,1,0
00:20:00,501209002,17,0,3,1,0
00:20:00,501209003,5,1,9,1,0
00:20:00,501209004,3,0,11,1,0
00:20:00,501209005,1,1,17,1,0
00:20:00,501209006,8,3,11,1,0
00:20:00,501209007,12,3,3,1,0
00:20:00,501209009,0,0,0,2,0
00:20:00,501209010,13,0,1,1,0
00:20:00,501209011,4,0,21,1,0
00:20:00,501209014,5,0,7,1,0
00:20:00,501209015,10,1,5,1,0
00:20:00,501209016,2,2,27,1,0
00:20:00,501209017,8,0,5,1,0
00:20:00,501209018,7,1,10,1,0
00:20:00,501209019,5,3,20,1,0
00:20:00,501209020,5,0,26,1,0
00:20:00,501209021,3,0,11,1,0
00:20:00,501209022,6,0,4,1,0
00:20:00,501209023,1,0,41,1,0
00:20:00,501209024,6,0,36,1,0
00:20:00,501209025,2,0,13,1,0
00:20:00,501209026,1,0,22,1,0
00:20:00,501209027,6,0,13,1,0
00:20:00,501209028,3,0,25,1,0
00:20:00,501209030,10,0,8,1,0
00:20:00,501209031,8,0,22,1,0
00:20:00,501209032,0,0,28,1,0
00:20:00,501209033,8,2,12,1,0
00:20:00,501209034,5,0,10,1,0
00:20:00,501209035,0,0,28,1,0
00:20:00,501209036,13,1,16,1,0
00:20:00,501209037,12,1,24,1,0
00:20:00,501209038,14,2,2,1,0
00:20:00,501209039,4,0,26,1,0
00:20:00,501209040,2,0,29,1,0
00:20:00,501209042,3,1,17,1,0
00:20:00,501209043,7,0,17,1,0
00:20:00,501209044,12,4,3,1,0
00:20:00,501209045,6,0,9,1,0
00:20:00,501209046,4,2,18,1,0
00:20:00,501209047,7,2,7,1,0
00:20:00,501209049,1,0,19,1,0
00:20:00,501209050,12,4,1,1,0
00:20:00,501209051,9,0,15,1,0
00:20:00,501209052,4,0,16,1,0
00:20:00,501209053,2,1,18,1,0
00:20:00,501209054,14,4,13,1,0
00:20:00,501209056,14,0,1,1,0
00:20:00,501209058,14,3,2,1,0
00:20:00,501209059,3,0,12,1,0
00:20:00,501209060,1,0,19,1,0
00:20:00,501209062,1,0,14,1,0
00:20:00,501209064,10,1,5,1,0
00:20:00,501209065,3,1,12,1,0
00:20:00,501209066,11,3,3,1,0
00:20:00,501209067,8,0,6,1,0
00:20:00,501209068,4,0,13,1,0
00:20:00,501209069,0,0,63,1,0
00:20:00,501209070,15,2,2,1,0
00:20:00,501209071,6,0,11,1,0
00:20:00,501209073,11,3,4,1,0
00:20:00,501209074,16,0,7,1,0
00:20:00,501209075,8,1,7,1,0
00:20:00,501209076,2,0,21,1,0
00:20:00,501209077,4,1,11,1,0
00:20:00,501209078,7,2,6,1,0
00:20:00,501209079,4,0,21,1,0
00:20:00,501209080,2,0,24,1,0
00:20:00,501209081,9,2,6,1,0
00:20:00,501209084,4,2,19,1,0
00:20:00,501209085,13,1,13,1,0
00:20:00,501209087,5,3,34,1,0
00:20:00,501209088,7,1,8,1,0
00:20:00,501209089,1,0,19,1,0
00:20:00,501209090,14,1,0,1,0
00:20:00,501209091,1,1,15,1,0
00:20:00,501209092,14,0,2,1,0
00:20:00,501209093,9,0,6,1,0
00:20:00,501209094,10,2,6,1,0
00:20:00,501209095,4,2,10,1,0
00:20:00,501209096,10,1,3,1,0
00:20:00,501209097,5,2,10,1,0
00:20:00,501209098,5,1,10,1,0
00:20:00,501209099,7,0,13,1,0
00:20:00,501209100,12,0,1,1,0
00:20:00,501209101,5,0,10,1,0
00:20:00,501209102,2,0,18,1,0
00:20:00,501209104,7,1,12,1,0
00:20:00,501209105,14,1,11,1,0
00:20:00,501209106,3,0,15,1,0
00:20:00,501211001,27,7,11,1,0
00:20:00,501211002,5,0,10,1,0
00:20:00,501211004,6,2,9,1,0
00:20:00,501211005,3,1,16,1,0
00:20:00,501211006,4,0,12,1,0
00:20:00,501211007,7,0,12,1,0
00:20:00,501211009,9,0,9,1,0
00:20:00,501211011,16,1,14,1,0
00:20:00,501211012,7,0,11,1,0
00:30:00,501201001,0,0,0,2,0
00:30:00,501201002,17,0,23,1,0
00:30:00,501201003,4,0,19,1,0
00:30:00,501201004,10,0,4,1,0
00:30:00,501201005,4,0,15,1,0
00:30:00,501201006,8,0,20,1,0
00:30:00,501201007,13,3,6,1,0
00:30:00,501201008,8,2,17,1,0
00:30:00,501201010,3,0,7,1,0
00:30:00,501201011,7,1,14,1,0
00:30:00,501201012,22,3,18,1,0
00:30:00,501201013,8,0,14,1,0
00:30:00,501201014,10,0,9,1,0
00:30:00,501201015,11,1,14,1,0
00:30:00,501201016,18,3,6,1,0
00:30:00,501201017,16,0,11,1,0
00:30:00,501201018,8,0,16,1,0
00:30:00,501201019,13,3,15,1,0
00:30:00,501201020,10,1,14,1,0
00:30:00,501201021,8,0,7,1,0
00:30:00,501201022,9,0,7,1,0
00:30:00,501201023,1,0,27,1,0
00:30:00,501201024,11,0,12,1,0
00:30:00,501201025,9,2,15,1,0
00:30:00,501201026,11,0,8,1,0
00:30:00,501201028,6,2,13,1,0
00:30:00,501201029,5,0,8,1,0
00:30:00,501201030,8,0,6,1,0
00:30:00,501201031,17,1,0,1,0
00:30:00,501202001,2,2,12,1,0
00:30:00,501202003,2,0,38,1,0
00:30:00,501202013,7,0,10,1,0
00:30:00,501202023,9,0,4,1,0
00:30:00,501202024,5,0,10,1,0
00:30:00,501202034,6,2,9,1,0
00:30:00,501202035,8,1,20,1,0
00:30:00,501202036,24,1,15,1,0
00:30:00,501202040,5,0,40,1,0
00:30:00,501202043,22,2,2,1,0
00:30:00,501202044,0,0,0,2,0
00:30:00,501202047,3,0,19,1,0
00:30:00,501202050,15,0,1,1,0
00:30:00,501202055,10,0,5,1,0
00:30:00,501202058,9,0,6,1,0
00:30:00,501202065,9,0,6,1,0
00:30:00,501202068,5,0,12,1,0
00:30:00,501202070,10,0,6,1,0
00:30:00,501202078,6,0,19,1,0
00:30:00,501202080,12,1,14,1,0
00:30:00,501202081,14,0,9,1,0
00:30:00,501202082,4,1,17,1,0
00:30:00,501202083,9,1,15,1,0
00:30:00,501202084,1,0,23,1,0
00:30:00,501202085,5,0,30,1,0
00:30:00,501202088,4,1,26,1,0
00:30:00,501202089,3,0,26,1,0
00:30:00,501202096,9,0,4,1,0
00:30:00,501203001,1,0,19,1,0
00:30:00,501203002,6,0,16,1,0
00:30:00,501203003,0,0,93,1,0
00:30:00,501203005,3,0,17,1,0
00:30:00,501203006,1,0,14,1,0
00:30:00,501203007,8,0,7,1,0
00:30:00,501203008,6,0,10,1,0
00:30:00,501203010,16,1,17,1,0
00:30:00,501203011,30,10,7,1,0
00:30:00,501203012,5,2,11,1,0
00:30:00,501203013,7,2,17,1,0
00:30:00,501203015,10,3,2,1,0
00:30:00,501203020,13,0,7,1,0
00:30:00,501203022,7,1,12,1,0
00:30:00,501203023,5,0,13,1,0
00:30:00,501203028,9,0,16,1,0
00:30:00,501203040,1,0,21,1,0
00:30:00,501203045,7,0,11,1,0
00:30:00,501203050,13,1,47,1,0
00:30:00,501203051,1,0,23,1,0
00:30:00,501203053,11,1,15,1,0
00:30:00,501203054,7,0,15,1,0
00:30:00,501203064,12,0,3,1,0
00:30:00,501203065,14,4,2,1,0
00:30:00,501203070,4,0,11,1,0
00:30:00,501203073,4,0,20,1,0
00:30:00,501203076,5,0,11,1,0
00:30:00,501203078,13,3,3,1,0
00:30:00,501203080,6,1,9,1,0
00:30:00,501203084,5,0,6,1,0
00:30:00,501203085,5,1,5,1,0
00:30:00,501203088,4,0,10,1,0
00:30:00,501203089,2,0,10,1,0
00:30:00,501203090,7,2,3,1,0
00:30:00,501203091,9,2,4,1,0
00:30:00,501203092,4,0,16,1,0
00:30:00,501203100,7,0,12,1,0
00:30:00,501203101,0,0,0,2,0
00:30:00,501203102,9,0,10,1,0
00:30:00,501203104,12,1,6,1,0
00:30:00,501203105,10,3,1,1,0
00:30:00,501203107,0,0,0,2,0
00:30:00,501203109,8,0,18,1,0
00:30:00,501203110,2,1,39,1,0
00:30:00,501203111,11,3,0,1,0
00:30:00,501203113,6,0,12,1,0
00:30:00,501203114,11,0,39,1,0
00:30:00,501203117,0,0,0,2,0
00:30:00,501203118,12,1,7,1,0
00:30:00,501203121,21,1,3,1,0
00:30:00,501203122,13,1,7,1,0
00:30:00,501203125,8,0,17,1,0
00:30:00,501203131,9,1,11,1,0
00:30:00,501203140,18,0,23,1,0
00:30:00,501203141,5,1,11,1,0
00:30:00,501203142,1,0,73,1,0
00:30:00,501203145,11,2,4,1,0
00:30:00,501203151,7,0,11,1,0
00:30:00,501203155,5,1,14,1,0
00:30:00,501203157,1,0,16,1,0
00:30:00,501203159,2,1,18,1,0
00:30:00,501203161,1,0,17,1,0
00:30:00,501203162,14,0,7,1,0
00:30:00,501203163,16,2,0,1,0
00:30:00,501204001,15,0,10,1,0
00:30:00,501204002,3,1,32,1,0
00:30:00,501204003,14,1,28,1,0
00:30:00,501204004,0,0,14,1,0
00:30:00,501204005,20,4,0,1,0
00:30:00,501204007,5,0,31,1,0
00:30:00,501204008,0,0,14,1,0
00:30:00,501204009,0,0,0,2,0
00:30:00,501204010,0,0,0,2,0
00:30:00,501204011,1,0,14,1,0
00:30:00,501204012,13,0,1,1,0
00:30:00,501204013,5,2,9,1,0
00:30:00,501204014,9,0,7,1,0
00:30:00,501204015,10,0,5,1,0
00:30:00,501204016,0,0,20,1,0
00:30:00,501204017,3,0,12,1,0
00:30:00,501204018,9,0,15,1,0
00:30:00,501204020,1,1,19,1,0
00:30:00,501204021,0,0,20,1,0
00:30:00,501204022,0,0,16,1,0
00:30:00,501204023,10,2,5,1,0
00:30:00,501204024,0,0,0,2,0
00:30:00,501204025,14,0,5,1,0
00:30:00,501205001,1,0,16,1,0
00:30:00,501205003,14,3,5,1,0
00:30:00,501205004,8,3,8,1,0
00:30:00,501205005,13,2,9,1,0
00:30:00,501205006,9,0,11,1,0
00:30:00,501205007,1,0,11,1,0
00:30:00,501205008,15,2,11,1,0
00:30:00,501205009,13,0,32,1,0
00:30:00,501205010,3,1,11,1,0
00:30:00,501205011,2,1,29,1,0
00:30:00,501205012,18,1,2,1,0
00:30:00,501205013,5,0,16,1,0
00:30:00,501205014,15,8,8,1,0
00:30:00,501205015,4,1,13,1,0
00:30:00,501205018,4,0,13,1,0
00:30:00,501205019,10,0,18,1,0
00:30:00,501205020,1,1,29,1,0
00:30:00,501205021,8,3,7,1,0
00:30:00,501205022,8,0,7,1,0
00:30:00,501205023,0,0,14,1,0
00:30:00,501205025,20,0,8,1,0
00:30:00,501205026,0,0,19,1,0
00:30:00,501205027,2,0,8,1,0
00:30:00,501205028,7,0,8,1,0
00:30:00,501205029,6,0,4,1,0
00:30:00,501205030,9,0,1,1,0
00:30:00,501205033,4,0,11,1,0
00:30:00,501205034,9,0,19,1,0
00:30:00,501205035,11,3,5,1,0
00:30:00,501205036,5,1,10,1,0
00:30:00,501205037,6,0,10,1,0
00:30:00,501205038,8,0,12,1,0
00:30:00,501205039,5,1,15,1,0
00:30:00,501205040,19,1,6,1,0
00:30:00,501205041,9,3,8,1,0
00:30:00,501205042,4,0,25,1,0
00:30:00,501208011,21,3,16,1,0
00:30:00,501208013,37,1,17,1,0
00:30:00,501208014,17,0,21,1,0
00:30:00,501208015,4,0,10,1,0
00:30:00,501208018,3,0,11,1,0
00:30:00,501208021,8,0,9,1,0
00:30:00,501208027,6,0,23,1,0
00:30:00,501208029,16,4,6,1,0
00:30:00,501208030,19,2,19,1,0
00:30:00,501208032,3,1,25,1,0
00:30:00,501208040,8,1,11,1,0
00:30:00,501208041,3,0,12,1,0
00:30:00,501208045,1,0,30,1,0
00:30:00,501208051,3,0,32,1,0
00:30:00,501208053,15,0,6,1,0
00:30:00,501208054,1,0,27,1,0
00:30:00,501208059,1,0,26,1,0
00:30:00,501208064,0,0,20,1,0
00:30:00,501208077,8,0,2,1,0
00:30:00,501208079,2,0,19,1,0
00:30:00,501208082,6,1,4,1,0
00:30:00,501208085,14,1,3,1,0
00:30:00,501208087,17,0,14,1,0
00:30:00,501208089,19,1,6,1,0
00:30:00,501208091,5,1,38,1,0
00:30:00,501208111,10,2,5,1,0
00:30:00,501208113,6,0,14,1,0
00:30:00,501208114,5,0,15,1,0
00:30:00,501208129,8,0,15,1,0
00:30:00,501208130,1,0,14,1,0
00:30:00,501209002,17,0,3,1,0
00:30:00,501209003,5,1,9,1,0
00:30:00,501209004,3,0,11,1,0
00:30:00,501209005,2,1,16,1,0
00:30:00,501209006,8,3,11,1,0
00:30:00,501209007,12,3,3,1,0
00:30:00,501209009,0,0,0,2,0
00:30:00,501209010,13,0,1,1,0
00:30:00,501209011,4,0,21,1,0
00:30:00,501209014,6,0,6,1,0
00:30:00,501209015,10,1,5,1,0
00:30:00,501209016,2,2,27,1,0
00:30:00,501209017,8,0,5,1,0
00:30:00,501209018,7,1,10,1,0
00:30:00,501209019,5,2,20,1,0
00:30:00,501209020,5,0,26,1,0
00:30:00,501209021,3,0,11,1,0
00:30:00,501209022,6,0,4,1,0
00:30:00,501209023,1,0,41,1,0
00:30:00,501209024,7,0,35,1,0
00:30:00,501209025,2,0,13,1,0
00:30:00,501209026,1,0,22,1,0
00:30:00,501209027,6,0,13,1,0
00:30:00,501209028,3,0,25,1,0
00:30:00,501209030,10,0,8,1,0
00:30:00,501209031,7,0,23,1,0
00:30:00,501209032,0,0,28,1,0
00:30:00,501209033,8,2,12,1,0
00:30:00,501209034,5,0,10,1,0
00:30:00,501209035,0,0,28,1,0
00:30:00,501209036,14,2,15,1,0
00:30:00,501209037,12,1,24,1,0
00:30:00,501209038,14,2,2,1,0
00:30:00,501209039,4,0,26,1,0
00:30:00,501209040,2,0,29,1,0
00:30:00,501209042,3,1,17,1,0
00:30:00,501209043,7,0,17,1,0
00:30:00,501209044,12,4,3,1,0
00:30:00,501209045,6,0,9,1,0
00:30:00,501209046,4,2,18,1,0
00:30:00,501209047,7,2,7,1,0
00:30:00,501209049,1,0,19,1,0
00:30:00,501209050,12,4,1,1,0
00:30:00,501209051,9,0,15,1,0
00:30:00,501209052,4,0,16,1,0
00:30:00,501209053,2,1,18,1,0
00:30:00,501209054,13,3,14,1,0
00:30:00,501209056,14,0,1,1,0
00:30:00,501209058,14,3,2,1,0
00:30:00,501209059,3,0,12,1,0
00:30:00,501209060,3,2,17,1,0
00:30:00,501209062,1,0,14,1,0
00:30:00,501209064,10,1,5,1,0
00:30:00,501209065,3,1,12,1,0
00:30:00,501209066,12,3,2,1,0
00:30:00,501209067,8,0,6,1,0
00:30:00,501209068,4,0,13,1,0
00:30:00,501209069,0,0,63,1,0
00:30:00,501209070,15,2,2,1,0
00:30:00,501209071,6,0,11,1,0
00:30:00,501209073,11,3,4,1,0
00:30:00,501209074,16,0,7,1,0
00:30:00,501209075,8,1,7,1,0
00:30:00,501209076,2,0,21,1,0
00:30:00,501209077,4,1,11,1,0
00:30:00,501209078,7,2,6,1,0
00:30:00,501209079,4,0,21,1,0
00:30:00,501209080,2,0,24,1,0
00:30:00,501209081,9,2,6,1,0
00:30:00,501209084,4,2,19,1,0
00:30:00,501209085,13,1,13,1,0
00:30:00,501209087,5,3,34,1,0
00:30:00,501209088,7,1,8,1,0
00:30:00,501209089,1,0,19,1,0
00:30:00,501209090,14,1,0,1,0
00:30:00,501209091,1,1,15,1,0
00:30:00,501209092,14,0,2,1,0
00:30:00,501209093,9,0,6,1,0
00:30:00,501209094,10,2,6,1,0
00:30:00,501209095,4,2,10,1,0
00:30:00,501209096,10,1,3,1,0
00:30:00,501209097,5,2,10,1,0
00:30:00,501209098,5,1,10,1,0
00:30:00,501209099,7,0,13,1,0
00:30:00,501209100,12,0,1,1,0
00:30:00,501209101,5,0,10,1,0
00:30:00,501209102,2,0,18,1,0
00:30:00,501209104,7,1,12,1,0
00:30:00,501209105,14,1,11,1,0
00:30:00,501209106,3,0,15,1,0
00:30:00,501211001,27,7,11,1,0
00:30:00,501211002,5,0,10,1,0
00:30:00,501211004,6,2,9,1,0
00:30:00,501211005,3,1,16,1,0
00:30:00,501211006,4,0,12,1,0
00:30:00,501211007,7,0,12,1,0
00:30:00,501211009,9,0,9,1,0
00:30:00,501211011,16,1,14,1,0
00:30:00,501211012,7,0,11,1,0
00:40:00,501201001,0,0,0,2,0
00:40:00,501201002,16,0,24,1,0
00:40:00,501201003,6,0,17,1,0
00:40:00,501201004,10,0,4,1,0
00:40:00,501201005,4,0,15,1,0
00:40:00,501201006,7,0,21,1,0
00:40:00,501201007,14,3,5,1,0
00:40:00,501201008,8,2,17,1,0
00:40:00,501201010,3,0,7,1,0
00:40:00,501201011,6,0,15,1,0
00:40:00,501201012,22,2,18,1,0
00:40:00,501201013,8,0,14,1,0
00:40:00,501201014,10,0,9,1,0
00:40:00,501201015,11,1,14,1,0
00:40:00,501201016,19,3,5,1,0
00:40:00,501201017,15,0,12,1,0
00:40:00,501201018,8,0,16,1,0
00:40:00,501201019,13,3,15,1,0
00:40:00,501201020,10,1,14,1,0
00:40:00,501201021,8,0,7,1,0
00:40:00,501201022,7,0,9,1,0
00:40:00,501201023,1,0,27,1,0
00:40:00,501201024,12,0,11,1,0
00:40:00,501201025,9,2,15,1,0
00:40:00,501201026,11,0,8,1,0
00:40:00,501201028,6,2,13,1,0
00:40:00,501201029,5,0,8,1,0
00:40:00,501201030,7,0,7,1,0
00:40:00,501201031,17,1,0,1,0
00:40:00,501202001,2,2,12,1,0
00:40:00,501202003,3,1,37,1,0
00:40:00,501202013,7,0,10,1,0
00:40:00,501202023,9,0,4,1,0
00:40:00,501202024,5,0,10,1,0
00:40:00,501202034,6,2,9,1,0
00:40:00,501202035,7,0,21,1,0
00:40:00,501202036,25,1,14,1,0
00:40:00,501202040,5,0,40,1,0
00:40:00,501202043,22,2,2,1,0
00:40:00,501202044,0,0,0,2,0
00:40:00,501202047,2,0,20,1,0
00:40:00,501202050,15,0,1,1,0
00:40:00,501202055,10,0,5,1,0
00:40:00,501202058,9,0,6,1,0
00:40:00,501202065,9,0,6,1,0
00:40:00,501202068,5,0,12,1,0
00:40:00,501202070,10,0,6,1,0
00:40:00,501202078,6,0,19,1,0
00:40:00,501202080,12,1,14,1,0
00:40:00,501202081,14,0,9,1,0
00:40:00,501202082,4,1,17,1,0
00:40:00,501202083,10,2,14,1,0
00:40:00,501202084,1,0,23,1,0
00:40:00,501202085,6,0,29,1,0
00:40:00,501202088,4,1,26,1,0
00:40:00,501202089,3,0,26,1,0
00:40:00,501202096,9,0,4,1,0
00:40:00,501203001,0,0,20,1,0
00:40:00,501203002,6,0,16,1,0
00:40:00,501203003,0,0,93,1,0
00:40:00,501203005,3,0,17,1,0
00:40:00,501203006,1,0,14,1,0
00:40:00,501203007,10,0,5,1,0
00:40:00,501203008,6,0,10,1,0
00:40:00,501203010,16,1,17,1,0
00:40:00,501203011,30,10,7,1,0
00:40:00,501203012,5,2,11,1,0
00:40:00,501203013,7,2,17,1,0
00:40:00,501203015,10,3,2,1,0
00:40:00,501203020,13,0,7,1,0
00:40:00,501203022,7,1,12,1,0
00:40:00,501203023,5,0,13,1,0
00:40:00,501203028,11,1,14,1,0
00:40:00,501203040,1,0,21,1,0
00:40:00,501203045,6,0,12,1,0
00:40:00,501203050,13,1,47,1,0
00:40:00,501203051,1,0,23,1,0
00:40:00,501203053,11,1,15,1,0
00:40:00,501203054,7,0,15,1,0
00:40:00,501203064,12,0,3,1,0
00:40:00,501203065,14,3,2,1,0
00:40:00,501203070,4,0,11,1,0
00:40:00,501203073,4,0,20,1,0
00:40:00,501203076,5,0,11,1,0
00:40:00,501203078,13,3,3,1,0
00:40:00,501203080,7,1,8,1,0
00:40:00,501203084,5,0,6,1,0
00:40:00,501203085,5,1,5,1,0
00:40:00,501203088,4,0,10,1,0
00:40:00,501203089,2,0,10,1,0
00:40:00,501203090,7,2,3,1,0
00:40:00,501203091,9,2,4,1,0
00:40:00,501203092,4,0,16,1,0
00:40:00,501203100,7,0,12,1,0
00:40:00,501203101,0,0,0,2,0
00:40:00,501203102,9,0,10,1,0
00:40:00,501203104,12,1,6,1,0
00:40:00,501203105,10,3,1,1,0
00:40:00,501203107,0,0,0,2,0
00:40:00,501203109,8,0,18,1,0
00:40:00,501203110,2,1,39,1,0
00:40:00,501203111,9,3,2,1,0
00:40:00,501203113,6,0,12,1,0
00:40:00,501203114,10,0,40,1,0
00:40:00,501203117,0,0,0,2,0
00:40:00,501203118,11,1,8,1,0
00:40:00,501203121,21,1,3,1,0
00:40:00,501203122,13,1,7,1,0
00:40:00,501203125,8,0,17,1,0
00:40:00,501203131,9,1,11,1,0
00:40:00,501203140,17,0,24,1,0
00:40:00,501203141,5,1,11,1,0
00:40:00,501203142,1,0,73,1,0
00:40:00,501203145,11,2,4,1,0
00:40:00,501203151,7,0,11,1,0
00:40:00,501203155,5,1,14,1,0
00:40:00,501203157,1,0,16,1,0
00:40:00,501203159,2,1,18,1,0
00:40:00,501203161,1,0,17,1,0
00:40:00,501203162,14,0,7,1,0
00:40:00,501203163,16,2,0,1,0
00:40:00,501204001,16,1,9,1,0
00:40:00,501204002,3,1,32,1,0
00:40:00,501204003,14,1,28,1,0
00:40:00,501204004,0,0,14,1,0
00:40:00,501204005,20,4,0,1,0
00:40:00,501204007,5,0,31,1,0
00:40:00,501204008,0,0,14,1,0
00:40:00,501204009,0,0,0,2,0
00:40:00,501204010,0,0,0,2,0
00:40:00,501204011,1,0,14,1,0
00:40:00,501204012,13,0,1,1,0
00:40:00,501204013,5,2,9,1,0
00:40:00,501204014,9,0,7,1,0
00:40:00,501204015,10,0,5,1,0
00:40:00,501204016,0,0,20,1,0
00:40:00,501204017,3,0,12,1,0
00:40:00,501204018,9,0,15,1,0
00:40:00,501204020,2,2,18,1,0
00:40:00,501204021,0,0,20,1,0
00:40:00,501204022,0,0,16,1,0
00:40:00,501204023,10,2,5,1,0
00:40:00,501204024,0,0,0,2,0
00:40:00,501204025,13,0,6,1,0
00:40:00,501205001,1,0,16,1,0
00:40:00,501205003,14,3,5,1,0
00:40:00,501205004,8,3,8,1,0
00:40:00,501205005,13,2,9,1,0
00:40:00,501205006,10,0,10,1,0
00:40:00,501205007,4,0,8,1,0
00:40:00,501205008,14,2,12,1,0
00:40:00,501205009,14,0,31,1,0
00:40:00,501205010,3,0,11,1,0
00:40:00,501205011,1,1,30,1,0
00:40:00,501205012,18,1,2,1,0
00:40:00,501205013,5,0,16,1,0
00:40:00,501205014,16,9,7,1,0
00:40:00,501205015,4,1,13,1,0
00:40:00,501205018,4,0,13,1,0
00:40:00,501205019,10,0,18,1,0
00:40:00,501205020,2,1,28,1,0
00:40:00,501205021,8,3,7,1,0
00:40:00,501205022,9,1,6,1,0
00:40:00,501205023,0,0,14,1,0
00:40:00,501205025,20,0,8,1,0
00:40:00,501205026,8,0,11,1,0
00:40:00,501205027,2,0,8,1,0
00:40:00,501205028,7,0,8,1,0
00:40:00,501205029,6,0,4,1,0
00:40:00,501205030,9,0,1,1,0
00:40:00,501205033,4,0,11,1,0
00:40:00,501205034,9,0,19,1,0
00:40:00,501205035,11,3,5,1,0
00:40:00,501205036,5,1,10,1,0
00:40:00,501205037,5,0,11,1,0
00:40:00,501205038,8,0,12,1,0
00:40:00,501205039,5,1,15,1,0
00:40:00,501205040,19,1,6,1,0
00:40:00,501205041,6,1,11,1,0
00:40:00,501205042,4,0,25,1,0
00:40:00,501208011,21,4,16,1,0
00:40:00,501208013,37,1,17,1,0
00:40:00,501208014,17,0,21,1,0
00:40:00,501208015,4,0,10,1,0
00:40:00,501208018,2,0,12,1,0
00:40:00,501208021,8,0,9,1,0
00:40:00,501208027,6,0,23,1,0
00:40:00,501208029,16,3,6,1,0
00:40:00,501208030,19,2,19,1,0
00:40:00,501208032,3,1,25,1,0
00:40:00,501208040,8,1,11,1,0
00:40:00,501208041,3,0,12,1,0
00:40:00,501208045,1,0,30,1,0
00:40:00,501208051,3,0,32,1,0
00:40:00,501208053,15,0,6,1,0
00:40:00,501208054,1,0,27,1,0
00:40:00,501208059,1,0,26,1,0
00:40:00,501208064,0,0,20,1,0
00:40:00,501208077,8,0,2,1,0
00:40:00,501208079,2,0,19,1,0
00:40:00,501208082,4,0,6,1,0
00:40:00,501208085,14,1,3,1,0
00:40:00,501208087,17,0,14,1,0
00:40:00,501208089,19,1,6,1,0
00:40:00,501208091,4,1,39,1,0
00:40:00,501208111,10,2,5,1,0
00:40:00,501208113,6,0,14,1,0
00:40:00,501208114,5,0,15,1,0
00:40:00,501208129,8,0,15,1,0
00:40:00,501208130,1,0,14,1,0
00:40:00,501209002,17,0,3,1,0
00:40:00,501209003,5,1,9,1,0
00:40:00,501209004,5,0,9,1,0
00:40:00,501209005,1,1,17,1,0
00:40:00,501209006,8,3,11,1,0
00:40:00,501209007,13,4,2,1,0
00:40:00,501209009,0,0,0,2,0
00:40:00,501209010,13,0,1,1,0
00:40:00,501209011,4,0,21,1,0
00:40:00,501209014,6,0,6,1,0
00:40:00,501209015,10,1,5,1,0
00:40:00,501209016,2,2,27,1,0
00:40:00,501209017,8,0,5,1,0
00:40:00,501209018,7,1,10,1,0
00:40:00,501209019,5,2,20,1,0
00:40:00,501209020,5,0,26,1,0
00:40:00,501209021,3,0,11,1,0
00:40:00,501209022,8,0,2,1,0
00:40:00,501209023,1,0,41,1,0
00:40:00,501209024,7,0,35,1,0
00:40:00,501209025,2,0,13,1,0
00:40:00,501209026,0,0,23,1,0
00:40:00,501209027,6,0,13,1,0
00:40:00,501209028,3,0,25,1,0
00:40:00,501209030,10,0,8,1,0
00:40:00,501209031,7,0,23,1,0
00:40:00,501209032,0,0,28,1,0
00:40:00,501209033,7,2,13,1,0
00:40:00,501209034,5,0,10,1,0
00:40:00,501209035,0,0,28,1,0
00:40:00,501209036,14,2,15,1,0
00:40:00,501209037,12,1,24,1,0
00:40:00,501209038,14,2,2,1,0
00:40:00,501209039,4,0,26,1,0
00:40:00,501209040,1,0,30,1,0
00:40:00,501209042,3,1,17,1,0
00:40:00,501209043,7,0,17,1,0
00:40:00,501209044,12,4,3,1,0
00:40:00,501209045,7,0,8,1,0
00:40:00,501209046,4,2,18,1,0
00:40:00,501209047,7,2,7,1,0
00:40:00,501209049,1,0,19,1,0
00:40:00,501209050,12,4,1,1,0
00:40:00,501209051,9,0,15,1,0
00:40:00,501209052,4,0,16,1,0
00:40:00,501209053,2,1,18,1,0
00:40:00,501209054,13,3,14,1,0
00:40:00,501209056,14,0,1,1,0
00:40:00,501209058,14,3,2,1,0
00:40:00,501209059,4,0,11,1,0
00:40:00,501209060,3,2,17,1,0
00:40:00,501209062,1,0,14,1,0
00:40:00,501209064,10,1,5,1,0
00:40:00,501209065,3,1,12,1,0
00:40:00,501209066,12,3,2,1,0
00:40:00,501209067,8,0,6,1,0
00:40:00,501209068,4,0,13,1,0
00:40:00,501209069,0,0,63,1,0
00:40:00,501209070,16,2,1,1,0
00:40:00,501209071,6,0,11,1,0
00:40:00,501209073,11,3,4,1,0
00:40:00,501209074,17,0,6,1,0
00:40:00,501209075,8,1,7,1,0
00:40:00,501209076,2,0,21,1,0
00:40:00,501209077,4,1,11,1,0
00:40:00,501209078,7,2,6,1,0
00:40:00,501209079,4,0,21,1,0
00:40:00,501209080,2,0,24,1,0
00:40:00,501209081,9,2,6,1,0
00:40:00,501209084,3,1,20,1,0
00:40:00,501209085,13,1,13,1,0
00:40:00,501209087,5,3,34,1,0
00:40:00,501209088,7,1,8,1,0
00:40:00,501209089,1,0,19,1,0
00:40:00,501209090,14,1,0,1,0
00:40:00,501209091,1,1,15,1,0
00:40:00,501209092,14,0,2,1,0
00:40:00,501209093,9,0,6,1,0
00:40:00,501209094,10,2,6,1,0
00:40:00,501209095,3,2,11,1,0
00:40:00,501209096,10,1,3,1,0
00:40:00,501209097,5,2,10,1,0
00:40:00,501209098,5,1,10,1,0
00:40:00,501209099,7,0,13,1,0
00:40:00,501209100,12,0,1,1,0
00:40:00,501209101,5,0,10,1,0
00:40:00,501209102,2,0,18,1,0
00:40:00,501209104,7,1,12,1,0
00:40:00,501209105,14,1,11,1,0
00:40:00,501209106,3,0,15,1,0
00:40:00,501211001,27,7,11,1,0
00:40:00,501211002,5,0,10,1,0
00:40:00,501211004,6,2,9,1,0
00:40:00,501211005,3,1,16,1,0
00:40:00,501211006,4,0,12,1,0
00:40:00,501211007,7,0,12,1,0
00:40:00,501211009,9,0,9,1,0
00:40:00,501211011,16,1,14,1,0
00:40:00,501211012,7,0,11,1,0
00:50:00,501201001,0,0,0,2,0
00:50:00,501201002,16,0,24,1,0
00:50:00,501201003,6,0,17,1,0
00:50:00,501201004,10,0,4,1,0
00:50:00,501201005,4,0,15,1,0
00:50:00,501201006,7,0,21,1,0
00:50:00,501201007,15,3,4,1,0
00:50:00,501201008,8,2,17,1,0
00:50:00,501201010,3,0,7,1,0
00:50:00,501201011,6,0,15,1,0
00:50:00,501201012,23,2,17,1,0
00:50:00,501201013,9,0,13,1,0
00:50:00,501201014,10,0,9,1,0
00:50:00,501201015,8,1,17,1,0
00:50:00,501201016,19,3,5,1,0
00:50:00,501201017,17,2,10,1,0
00:50:00,501201018,8,0,16,1,0
00:50:00,501201019,12,2,16,1,0
00:50:00,501201020,10,1,14,1,0
00:50:00,501201021,8,0,7,1,0
00:50:00,501201022,8,1,8,1,0
00:50:00,501201023,1,0,27,1,0
00:50:00,501201024,12,0,11,1,0
00:50:00,501201025,8,2,16,1,0
00:50:00,501201026,12,0,7,1,0
00:50:00,501201028,7,2,12,1,0
00:50:00,501201029,5,0,8,1,0
00:50:00,501201030,7,0,7,1,0
00:50:00,501201031,10,1,7,1,0
00:50:00,501202001,2,2,12,1,0
00:50:00,501202003,3,1,37,1,0
00:50:00,501202013,7,0,10,1,0
00:50:00,501202023,9,0,4,1,0
00:50:00,501202024,5,0,10,1,0
00:50:00,501202034,6,2,9,1,0
00:50:00,501202035,15,0,13,1,0
00:50:00,501202036,25,0,14,1,0
00:50:00,501202040,5,0,40,1,0
00:50:00,501202043,22,2,2,1,0
00:50:00,501202044,0,0,0,2,0
00:50:00,501202047,2,0,20,1,0
00:50:00,501202050,15,0,1,1,0
00:50:00,501202055,10,0,5,1,0
00:50:00,501202058,9,0,6,1,0
00:50:00,501202065,10,0,5,1,0
00:50:00,501202068,5,0,12,1,0
00:50:00,501202070,10,0,6,1,0
00:50:00,501202078,6,0,19,1,0
00:50:00,501202080,12,1,14,1,0
00:50:00,501202081,14,0,9,1,0
00:50:00,501202082,4,1,17,1,0
00:50:00,501202083,10,2,14,1,0
00:50:00,501202084,1,0,23,1,0
00:50:00,501202085,6,0,29,1,0
00:50:00,501202088,4,1,26,1,0
00:50:00,501202089,3,0,26,1,0
00:50:00,501202096,9,0,4,1,0
00:50:00,501203001,0,0,20,1,0
00:50:00,501203002,6,0,16,1,0
00:50:00,501203003,0,0,93,1,0
00:50:00,501203005,3,0,17,1,0
00:50:00,501203006,1,0,14,1,0
00:50:00,501203007,10,0,5,1,0
00:50:00,501203008,6,0,10,1,0
00:50:00,501203010,16,1,17,1,0
00:50:00,501203011,30,10,7,1,0
00:50:00,501203012,5,2,11,1,0
00:50:00,501203013,7,2,17,1,0
00:50:00,501203015,9,2,3,1,0
00:50:00,501203020,13,0,7,1,0
00:50:00,501203022,7,1,12,1,0
00:50:00,501203023,5,0,13,1,0
00:50:00,501203028,11,1,14,1,0
00:50:00,501203040,1,0,21,1,0
00:50:00,501203045,6,0,12,1,0
00:50:00,501203050,13,1,47,1,0
00:50:00,501203051,1,0,23,1,0
00:50:00,501203053,9,1,17,1,0
00:50:00,501203054,7,0,15,1,0
00:50:00,501203064,12,0,3,1,0
00:50:00,501203065,14,2,2,1,0
00:50:00,501203070,4,0,11,1,0
00:50:00,501203073,4,0,20,1,0
00:50:00,501203076,5,0,11,1,0
00:50:00,501203078,12,2,4,1,0
00:50:00,501203080,7,1,8,1,0
00:50:00,501203084,5,0,6,1,0
00:50:00,501203085,5,1,5,1,0
00:50:00,501203088,4,0,10,1,0
00:50:00,501203089,2,0,10,1,0
00:50:00,501203090,7,2,3,1,0
00:50:00,501203091,9,2,4,1,0
00:50:00,501203092,4,0,16,1,0
00:50:00,501203100,7,0,12,1,0
00:50:00,501203101,0,0,0,2,0
00:50:00,501203102,9,0,10,1,0
00:50:00,501203104,12,1,6,1,0
00:50:00,501203105,11,3,0,1,0
00:50:00,501203107,0,0,0,2,0
00:50:00,501203109,9,0,17,1,0
00:50:00,501203110,2,1,39,1,0
00:50:00,501203111,9,3,2,1,0
00:50:00,501203113,6,0,12,1,0
00:50:00,501203114,11,0,39,1,0
00:50:00,501203117,0,0,0,2,0
00:50:00,501203118,11,1,8,1,0
00:50:00,501203121,21,1,3,1,0
00:50:00,501203122,13,1,7,1,0
00:50:00,501203125,8,0,17,1,0
00:50:00,501203131,9,1,11,1,0
00:50:00,501203140,15,0,26,1,0
00:50:00,501203141,5,1,11,1,0
00:50:00,501203142,1,0,73,1,0
00:50:00,501203145,10,2,5,1,0
00:50:00,501203151,8,0,10,1,0
00:50:00,501203155,5,1,14,1,0
00:50:00,501203157,1,0,16,1,0
00:50:00,501203159,2,1,18,1,0
00:50:00,501203161,1,0,17,1,0
00:50:00,501203162,14,0,7,1,0
00:50:00,501203163,16,2,0,1,0
00:50:00,501204001,17,1,8,1,0
00:50:00,501204002,4,1,31,1,0
00:50:00,501204003,14,0,28,1,0
00:50:00,501204004,0,0,14,1,0
00:50:00,501204005,20,4,0,1,0
00:50:00,501204007,7,1,29,1,0
00:50:00,501204008,0,0,14,1,0
00:50:00,501204009,0,0,0,2,0
00:50:00,501204010,0,0,0,2,0
00:50:00,501204011,2,0,13,1,0
00:50:00,501204012,13,0,1,1,0
00:50:00,501204013,5,2,9,1,0
00:50:00,501204014,9,0,7,1,0
00:50:00,501204015,10,0,5,1,0
00:50:00,501204016,0,0,20,1,0
00:50:00,501204017,3,0,12,1,0
00:50:00,501204018,9,0,15,1,0
00:50:00,501204020,2,2,18,1,0
00:50:00,501204021,0,0,20,1,0
00:50:00,501204022,0,0,16,1,0
00:50:00,501204023,10,2,5,1,0
00:50:00,501204024,0,0,0,2,0
00:50:00,501204025,13,0,6,1,0
00:50:00,501205001,1,0,16,1,0
00:50:00,501205003,14,3,5,1,0
00:50:00,501205004,8,3,8,1,0
00:50:00,501205005,13,2,9,1,0
00:50:00,501205006,10,0,10,1,0
00:50:00,501205007,4,0,8,1,0
00:50:00,501205008,14,2,12,1,0
00:50:00,501205009,14,0,31,1,0
00:50:00,501205010,1,0,13,1,0
00:50:00,501205011,1,1,30,1,0
00:50:00,501205012,18,1,2,1,0
00:50:00,501205013,5,0,16,1,0
00:50:00,501205014,17,9,6,1,0
00:50:00,501205015,4,1,13,1,0
00:50:00,501205018,4,0,13,1,0
00:50:00,501205019,10,0,18,1,0
00:50:00,501205020,2,1,28,1,0
00:50:00,501205021,6,2,9,1,0
00:50:00,501205022,9,1,6,1,0
00:50:00,501205023,0,0,14,1,0
00:50:00,501205025,20,0,8,1,0
00:50:00,501205026,8,0,11,1,0
00:50:00,501205027,2,0,8,1,0
00:50:00,501205028,7,0,8,1,0
00:50:00,501205029,6,0,4,1,0
00:50:00,501205030,9,0,1,1,0
00:50:00,501205033,4,0,11,1,0
00:50:00,501205034,9,0,19,1,0
00:50:00,501205035,11,3,5,1,0
00:50:00,501205036,5,1,10,1,0
00:50:00,501205037,5,0,11,1,0
00:50:00,501205038,8,0,12,1,0
00:50:00,501205039,5,1,15,1,0
00:50:00,501205040,19,1,6,1,0
00:50:00,501205041,6,1,11,1,0
00:50:00,501205042,4,0,25,1,0
00:50:00,501208011,20,4,17,1,0
00:50:00,501208013,37,1,17,1,0
00:50:00,501208014,17,0,21,1,0
00:50:00,501208015,6,0,9,1,0
00:50:00,501208018,3,0,11,1,0
00:50:00,501208021,8,0,9,1,0
00:50:00,501208027,6,0,23,1,0
00:50:00,501208029,16,3,6,1,0
00:50:00,501208030,19,2,19,1,0
00:50:00,501208032,3,1,25,1,0
00:50:00,501208040,8,1,11,1,0
00:50:00,501208041,3,0,12,1,0
00:50:00,501208045,1,0,30,1,0
00:50:00,501208051,3,0,32,1,0
00:50:00,501208053,15,0,6,1,0
00:50:00,501208054,1,0,27,1,0
00:50:00,501208059,1,0,26,1,0
00:50:00,501208064,0,0,20,1,0
00:50:00,501208077,8,0,2,1,0
00:50:00,501208079,2,0,19,1,0
00:50:00,501208082,4,0,6,1,0
00:50:00,501208085,15,2,2,1,0
00:50:00,501208087,16,0,15,1,0
00:50:00,501208089,19,1,6,1,0
00:50:00,501208091,4,1,39,1,0
00:50:00,501208111,10,2,5,1,0
00:50:00,501208113,6,0,14,1,0
00:50:00,501208114,5,0,15,1,0
00:50:00,501208129,8,0,15,1,0
00:50:00,501208130,1,0,14,1,0
00:50:00,501209002,17,0,3,1,0
00:50:00,501209003,5,1,9,1,0
00:50:00,501209004,5,0,9,1,0
00:50:00,501209005,1,1,17,1,0
00:50:00,501209006,8,3,11,1,0
00:50:00,501209007,12,3,3,1,0
00:50:00,501209009,0,0,0,2,0
00:50:00,501209010,13,0,1,1,0
00:50:00,501209011,4,0,21,1,0
00:50:00,501209014,6,0,6,1,0
00:50:00,501209015,10,1,5,1,0
00:50:00,501209016,2,2,27,1,0
00:50:00,501209017,8,0,5,1,0
00:50:00,501209018,7,1,10,1,0
00:50:00,501209019,5,2,20,1,0
00:50:00,501209020,5,0,26,1,0
00:50:00,501209021,3,0,11,1,0
00:50:00,501209022,8,0,2,1,0
00:50:00,501209023,1,0,41,1,0
00:50:00,501209024,7,0,35,1,0
00:50:00,501209025,2,0,13,1,0
00:50:00,501209026,0,0,23,1,0
00:50:00,501209027,6,0,13,1,0
00:50:00,501209028,2,0,26,1,0
00:50:00,501209030,10,0,8,1,0
00:50:00,501209031,7,0,23,1,0
00:50:00,501209032,0,0,28,1,0
00:50:00,501209033,7,1,13,1,0
00:50:00,501209034,5,0,10,1,0
00:50:00,501209035,0,0,28,1,0
00:50:00,501209036,14,2,15,1,0
00:50:00,501209037,12,1,24,1,0
00:50:00,501209038,14,2,2,1,0
00:50:00,501209039,4,0,26,1,0
00:50:00,501209040,1,0,30,1,0
00:50:00,501209042,3,1,17,1,0
00:50:00,501209043,7,0,17,1,0
00:50:00,501209044,12,4,3,1,0
00:50:00,501209045,7,0,8,1,0
00:50:00,501209046,4,2,18,1,0
00:50:00,501209047,7,2,7,1,0
00:50:00,501209049,1,0,19,1,0
00:50:00,501209050,12,4,1,1,0
00:50:00,501209051,9,0,15,1,0
00:50:00,501209052,4,0,16,1,0
00:50:00,501209053,2,1,18,1,0
00:50:00,501209054,13,3,14,1,0
00:50:00,501209056,14,0,1,1,0
00:50:00,501209058,14,3,2,1,0
00:50:00,501209059,4,0,11,1,0
00:50:00,501209060,3,2,17,1,0
00:50:00,501209062,1,0,14,1,0
00:50:00,501209064,10,1,5,1,0
00:50:00,501209065,3,1,12,1,0
00:50:00,501209066,11,3,3,1,0
00:50:00,501209067,8,0,6,1,0
00:50:00,501209068,4,0,13,1,0
00:50:00,501209069,0,0,63,1,0
00:50:00,501209070,16,2,1,1,0
00:50:00,501209071,6,0,11,1,0
00:50:00,501209073,11,3,4,1,0
00:50:00,501209074,17,0,6,1,0
00:50:00,501209075,8,1,7,1,0
00:50:00,501209076,1,0,22,1,0
00:50:00,501209077,4,1,11,1,0
00:50:00,501209078,7,2,6,1,0
00:50:00,501209079,4,0,21,1,0
00:50:00,501209080,2,0,24,1,0
00:50:00,501209081,9,2,6,1,0
00:50:00,501209084,3,1,20,1,0
00:50:00,501209085,13,1,13,1,0
00:50:00,501209087,5,3,34,1,0
00:50:00,501209088,7,1,8,1,0
00:50:00,501209089,1,0,19,1,0
00:50:00,501209090,14,1,0,1,0
00:50:00,501209091,1,1,15,1,0
00:50:00,501209092,14,0,2,1,0
00:50:00,501209093,9,0,6,1,0
00:50:00,501209094,11,2,5,1,0
00:50:00,501209095,4,2,10,1,0
00:50:00,501209096,10,1,3,1,0
00:50:00,501209097,5,2,10,1,0
00:50:00,501209098,5,1,10,1,0
00:50:00,501209099,7,0,13,1,0
00:50:00,501209100,12,0,1,1,0
00:50:00,501209101,5,0,10,1,0
00:50:00,501209102,2,0,18,1,0
00:50:00,501209104,7,1,12,1,0
00:50:00,501209105,14,1,11,1,0
00:50:00,501209106,3,0,15,1,0
00:50:00,501211001,27,7,11,1,0
00:50:00,501211002,5,0,10,1,0
00:50:00,501211004,6,2,9,1,0
00:50:00,501211005,3,1,16,1,0
00:50:00,501211006,4,0,12,1,0
00:50:00,501211007,7,0,12,1,0
00:50:00,501211009,9,0,9,1,0
00:50:00,501211011,16,1,14,1,0
00:50:00,501211012,7,0,11,1,0
01:00:00,501201001,0,0,0,2,0
01:00:00,501201002,16,0,24,1,0
01:00:00,501201003,6,0,17,1,0
01:00:00,501201004,11,1,3,1,0
01:00:00,501201005,3,0,16,1,0
01:00:00,501201006,7,0,21,1,0
01:00:00,501201007,15,3,4,1,0
01:00:00,501201008,9,2,16,1,0
01:00:00,501201010,3,0,7,1,0
01:00:00,501201011,6,0,15,1,0
01:00:00,501201012,24,2,16,1,0
01:00:00,501201013,9,0,13,1,0
01:00:00,501201014,10,0,9,1,0
01:00:00,501201015,7,1,18,1,0
01:00:00,501201016,19,1,5,1,0
01:00:00,501201017,17,2,10,1,0
01:00:00,501201018,8,0,16,1,0
01:00:00,501201019,12,2,16,1,0
01:00:00,501201020,8,0,16,1,0
01:00:00,501201021,8,0,7,1,0
01:00:00,501201022,8,1,8,1,0
01:00:00,501201023,1,0,27,1,0
01:00:00,501201024,11,0,12,1,0
01:00:00,501201025,8,2,16,1,0
01:00:00,501201026,12,0,7,1,0
01:00:00,501201028,7,2,12,1,0
01:00:00,501201029,5,0,8,1,0
01:00:00,501201030,7,0,7,1,0
01:00:00,501201031,8,1,9,1,0
01:00:00,501202001,2,2,12,1,0
01:00:00,501202003,2,1,38,1,0
01:00:00,501202013,8,0,9,1,0
01:00:00,501202023,9,0,4,1,0
01:00:00,501202024,5,0,10,1,0
01:00:00,501202034,6,2,9,1,0
01:00:00,501202035,24,0,4,1,0
01:00:00,501202036,22,0,17,1,0
01:00:00,501202040,4,0,41,1,0
01:00:00,501202043,22,2,2,1,0
01:00:00,501202044,0,0,0,2,0
01:00:00,501202047,2,0,20,1,0
01:00:00,501202050,15,0,1,1,0
01:00:00,501202055,10,0,5,1,0
01:00:00,501202058,9,0,6,1,0
01:00:00,501202065,11,0,4,1,0
01:00:00,501202068,6,0,11,1,0
01:00:00,501202070,10,0,6,1,0
01:00:00,501202078,6,0,19,1,0
01:00:00,501202080,12,1,14,1,0
01:00:00,501202081,14,0,9,1,0
01:00:00,501202082,4,1,17,1,0
01:00:00,501202083,10,2,14,1,0
01:00:00,501202084,1,0,23,1,0
01:00:00,501202085,5,0,30,1,0
01:00:00,501202088,4,1,26,1,0
01:00:00,501202089,3,0,26,1,0
01:00:00,501202096,9,0,4,1,0
01:00:00,501203001,0,0,20,1,0
01:00:00,501203002,6,0,16,1,0
01:00:00,501203003,0,0,93,1,0
01:00:00,501203005,3,0,17,1,0
01:00:00,501203006,1,0,14,1,0
01:00:00,501203007,10,0,5,1,0
01:00:00,501203008,6,0,10,1,0
01:00:00,501203010,16,1,17,1,0
01:00:00,501203011,30,10,7,1,0
01:00:00,501203012,5,2,11,1,0
01:00:00,501203013,7,2,17,1,0
01:00:00,501203015,9,2,3,1,0
01:00:00,501203020,13,0,7,1,0
01:00:00,501203022,8,2,11,1,0
01:00:00,501203023,5,0,13,1,0
01:00:00,501203028,11,1,14,1,0
01:00:00,501203040,1,0,21,1,0
01:00:00,501203045,6,0,12,1,0
01:00:00,501203050,13,1,47,1,0
01:00:00,501203051,1,0,23,1,0
01:00:00,501203053,9,1,17,1,0
01:00:00,501203054,7,0,15,1,0
01:00:00,501203064,12,0,3,1,0
01:00:00,501203065,15,3,1,1,0
01:00:00,501203070,5,1,10,1,0
01:00:00,501203073,4,0,20,1,0
01:00:00,501203076,5,0,11,1,0
01:00:00,501203078,12,2,4,1,0
01:00:00,501203080,7,1,8,1,0
01:00:00,501203084,5,0,6,1,0
01:00:00,501203085,5,1,5,1,0
01:00:00,501203088,4,0,10,1,0
01:00:00,501203089,2,0,10,1,0
01:00:00,501203090,7,2,3,1,0
01:00:00,501203091,9,2,4,1,0
01:00:00,501203092,4,0,16,1,0
01:00:00,501203100,7,0,12,1,0
01:00:00,501203101,0,0,0,2,0
01:00:00,501203102,9,0,10,1,0
01:00:00,501203104,12,1,6,1,0
01:00:00,501203105,11,3,0,1,0
01:00:00,501203107,0,0,0,2,0
01:00:00,501203109,10,1,16,1,0
01:00:00,501203110,2,1,39,1,0
01:00:00,501203111,8,2,3,1,0
01:00:00,501203113,6,0,12,1,0
01:00:00,501203114,11,0,39,1,0
01:00:00,501203117,0,0,0,2,0
01:00:00,501203118,11,1,8,1,0
01:00:00,501203121,23,1,1,1,0
01:00:00,501203122,13,1,7,1,0
01:00:00,501203125,9,0,16,1,0
01:00:00,501203131,9,1,11,1,0
01:00:00,501203140,14,0,27,1,0
01:00:00,501203141,5,1,11,1,0
01:00:00,501203142,2,1,72,1,0
01:00:00,501203145,10,2,5,1,0
01:00:00,501203151,8,0,10,1,0
01:00:00,501203155,5,1,14,1,0
01:00:00,501203157,1,0,16,1,0
01:00:00,501203159,2,1,18,1,0
01:00:00,501203161,1,0,17,1,0
01:00:00,501203162,14,0,7,1,0
01:00:00,501203163,16,2,0,1,0
01:00:00,501204001,18,1,7,1,0
01:00:00,501204002,3,0,32,1,0
01:00:00,501204003,14,0,28,1,0
01:00:00,501204004,0,0,14,1,0
01:00:00,501204005,20,4,0,1,0
01:00:00,501204007,7,1,29,1,0
01:00:00,501204008,0,0,14,1,0
01:00:00,501204009,0,0,0,2,0
01:00:00,501204010,0,0,0,2,0
01:00:00,501204011,2,0,13,1,0
01:00:00,501204012,14,1,0,1,0
01:00:00,501204013,5,2,9,1,0
01:00:00,501204014,9,0,7,1,0
01:00:00,501204015,10,0,5,1,0
01:00:00,501204016,1,0,19,1,0
01:00:00,501204017,3,0,12,1,0
01:00:00,501204018,9,0,15,1,0
01:00:00,501204020,2,2,18,1,0
01:00:00,501204021,0,0,20,1,0
01:00:00,501204022,0,0,16,1,0
01:00:00,501204023,11,3,4,1,0
01:00:00,501204024,0,0,0,2,0
01:00:00,501204025,13,0,6,1,0
01:00:00,501205001,1,0,16,1,0
01:00:00,501205003,14,3,5,1,0
01:00:00,501205004,8,3,8,1,0
01:00:00,501205005,13,2,9,1,0
01:00:00,501205006,10,0,10,1,0
01:00:00,501205007,5,1,7,1,0
01:00:00,501205008,14,2,12,1,0
01:00:00,501205009,13,0,32,1,0
01:00:00,501205010,1,0,13,1,0
01:00:00,501205011,1,1,30,1,0
01:00:00,501205012,15,1,5,1,0
01:00:00,501205013,5,0,16,1,0
01:00:00,501205014,17,9,6,1,0
01:00:00,501205015,4,1,13,1,0
01:00:00,501205018,4,0,13,1,0
01:00:00,501205019,10,0,18,1,0
01:00:00,501205020,2,1,28,1,0
01:00:00,501205021,6,2,9,1,0
01:00:00,501205022,9,1,6,1,0
01:00:00,501205023,0,0,14,1,0
01:00:00,501205025,18,0,10,1,0
01:00:00,501205026,8,0,11,1,0
01:00:00,501205027,2,0,8,1,0
01:00:00,501205028,7,0,8,1,0
01:00:00,501205029,6,0,4,1,0
01:00:00,501205030,9,0,1,1,0
01:00:00,501205033,4,0,11,1,0
01:00:00,501205034,11,0,17,1,0
01:00:00,501205035,11,3,5,1,0
01:00:00,501205036,5,1,10,1,0
01:00:00,501205037,5,0,11,1,0
01:00:00,501205038,8,0,12,1,0
01:00:00,501205039,5,1,15,1,0
01:00:00,501205040,20,2,5,1,0
01:00:00,501205041,7,1,10,1,0
01:00:00,501205042,4,0,25,1,0
01:00:00,501208011,22,5,15,1,0
01:00:00,501208013,37,1,17,1,0
01:00:00,501208014,17,0,21,1,0
01:00:00,501208015,6,0,9,1,0
01:00:00,501208018,3,0,11,1,0
01:00:00,501208021,8,0,9,1,0
01:00:00,501208027,6,0,23,1,0
01:00:00,501208029,16,3,6,1,0
01:00:00,501208030,19,2,19,1,0
01:00:00,501208032,5,3,23,1,0
01:00:00,501208040,8,1,11,1,0
01:00:00,501208041,3,0,12,1,0
01:00:00,501208045,1,0,30,1,0
01:00:00,501208051,3,0,32,1,0
01:00:00,501208053,15,0,6,1,0
01:00:00,501208054,1,0,27,1,0
01:00:00,501208059,1,0,26,1,0
01:00:00,501208064,0,0,20,1,0
01:00:00,501208077,8,0,2,1,0
01:00:00,501208079,2,0,19,1,0
01:00:00,501208082,4,0,6,1,0
01:00:00,501208085,15,2,2,1,0
01:00:00,501208087,16,0,15,1,0
01:00:00,501208089,19,1,6,1,0
01:00:00,501208091,4,1,39,1,0
01:00:00,501208111,9,2,6,1,0
01:00:00,501208113,6,0,14,1,0
01:00:00,501208114,5,0,15,1,0
01:00:00,501208129,8,0,15,1,0
01:00:00,501208130,1,0,14,1,0
01:00:00,501209002,17,0,3,1,0
01:00:00,501209003,5,1,9,1,0
01:00:00,501209004,5,0,9,1,0
01:00:00,501209005,1,1,17,1,0
01:00:00,501209006,7,2,12,1,0
01:00:00,501209007,13,3,2,1,0
01:00:00,501209009,0,0,0,2,0
01:00:00,501209010,13,0,1,1,0
01:00:00,501209011,4,0,21,1,0
01:00:00,501209014,6,0,6,1,0
01:00:00,501209015,10,1,5,1,0
01:00:00,501209016,2,2,27,1,0
01:00:00,501209017,8,0,5,1,0
01:00:00,501209018,6,1,11,1,0
01:00:00,501209019,5,2,20,1,0
01:00:00,501209020,5,0,26,1,0
01:00:00,501209021,3,0,11,1,0
01:00:00,501209022,8,0,2,1,0
01:00:00,501209023,1,0,41,1,0
01:00:00,501209024,7,0,35,1,0
01:00:00,501209025,2,0,13,1,0
01:00:00,501209026,0,0,23,1,0
01:00:00,501209027,6,0,13,1,0
01:00:00,501209028,2,0,26,1,0
01:00:00,501209030,10,0,8,1,0
01:00:00,501209031,7,0,23,1,0
01:00:00,501209032,0,0,28,1,0
01:00:00,501209033,7,1,13,1,0
01:00:00,501209034,5,0,10,1,0
01:00:00,501209035,0,0,28,1,0
01:00:00,501209036,13,1,16,1,0
01:00:00,501209037,11,1,25,1,0
01:00:00,501209038,13,1,2,1,0
01:00:00,501209039,4,0,26,1,0
01:00:00,501209040,1,0,30,1,0
01:00:00,501209042,3,1,17,1,0
01:00:00,501209043,7,0,17,1,0
01:00:00,501209044,12,4,3,1,0
01:00:00,501209045,7,0,8,1,0
01:00:00,501209046,4,2,18,1,0
01:00:00,501209047,7,2,7,1,0
01:00:00,501209049,1,0,19,1,0
01:00:00,501209050,12,4,1,1,0
01:00:00,501209051,9,0,15,1,0
01:00:00,501209052,4,0,16,1,0
01:00:00,501209053,2,1,18,1,0
01:00:00,501209054,13,3,14,1,0
01:00:00,501209056,14,0,1,1,0
01:00:00,501209058,14,3,2,1,0
01:00:00,501209059,4,0,11,1,0
01:00:00,501209060,4,2,16,1,0
01:00:00,501209062,1,0,14,1,0
01:00:00,501209064,10,1,5,1,0
01:00:00,501209065,3,1,12,1,0
01:00:00,501209066,11,3,3,1,0
01:00:00,501209067,8,0,6,1,0
01:00:00,501209068,4,0,13,1,0
01:00:00,501209069,0,0,63,1,0
01:00:00,501209070,15,1,2,1,0
01:00:00,501209071,6,0,11,1,0
01:00:00,501209073,11,3,4,1,0
01:00:00,501209074,17,0,6,1,0
01:00:00,501209075,7,0,7,1,0
01:00:00,501209076,1,0,22,1,0
01:00:00,501209077,4,1,11,1,0
01:00:00,501209078,7,2,6,1,0
01:00:00,501209079,4,0,21,1,0
01:00:00,501209080,2,0,24,1,0
01:00:00,501209081,9,2,6,1,0
01:00:00,501209084,3,1,20,1,0
01:00:00,501209085,15,2,11,1,0
01:00:00,501209087,5,3,34,1,0
01:00:00,501209088,7,1,8,1,0
01:00:00,501209089,1,0,19,1,0
01:00:00,501209090,14,1,0,1,0
01:00:00,501209091,1,1,15,1,0
01:00:00,501209092,14,0,2,1,0
01:00:00,501209093,9,0,6,1,0
01:00:00,501209094,11,2,5,1,0
01:00:00,501209095,4,2,10,1,0
01:00:00,501209096,10,1,3,1,0
01:00:00,501209097,5,2,10,1,0
01:00:00,501209098,5,1,10,1,0
01:00:00,501209099,6,0,14,1,0
01:00:00,501209100,12,0,1,1,0
01:00:00,501209101,5,0,10,1,0
01:00:00,501209102,2,0,18,1,0
01:00:00,501209104,7,1,12,1,0
01:00:00,501209105,15,1,10,1,0
01:00:00,501209106,3,0,15,1,0
01:00:00,501211001,27,7,11,1,0
01:00:00,501211002,5,0,10,1,0
01:00:00,501211004,4,0,11,1,0
01:00:00,501211005,3,1,16,1,0
01:00:00,501211006,4,0,12,1,0
01:00:00,501211007,7,0,12,1,0
01:00:00,501211009,9,0,9,1,0
01:00:00,501211011,16,1,14,1,0
01:00:00,501211012,7,0,11,1,0
01:10:00,501201001,0,0,0,2,0
01:10:00,501201002,16,0,24,1,0
01:10:00,501201003,6,0,17,1,0
01:10:00,501201004,11,1,3,1,0
01:10:00,501201005,2,0,17,1,0
01:10:00,501201006,7,0,21,1,0
01:10:00,501201007,7,2,12,1,0
01:10:00,501201008,9,2,16,1,0
01:10:00,501201010,3,0,7,1,0
01:10:00,501201011,5,0,16,1,0
01:10:00,501201012,24,2,16,1,0
01:10:00,501201013,9,0,13,1,0
01:10:00,501201014,10,0,9,1,0
01:10:00,501201015,6,1,19,1,0
01:10:00,501201016,19,1,5,1,0
01:10:00,501201017,16,1,11,1,0
01:10:00,501201018,8,0,16,1,0
01:10:00,501201019,12,2,16,1,0
01:10:00,501201020,8,0,16,1,0
01:10:00,501201021,8,0,7,1,0
01:10:00,501201022,8,1,8,1,0
01:10:00,501201023,1,0,27,1,0
01:10:00,501201024,11,0,12,1,0
01:10:00,501201025,8,2,16,1,0
01:10:00,501201026,12,0,7,1,0
01:10:00,501201028,7,2,12,1,0
01:10:00,501201029,5,0,8,1,0
01:10:00,501201030,7,0,7,1,0
01:10:00,501201031,8,1,9,1,0
01:10:00,501202001,2,2,12,1,0
01:10:00,501202003,3,1,37,1,0
01:10:00,501202013,8,0,9,1,0
01:10:00,501202023,9,0,4,1,0
01:10:00,501202024,5,0,10,1,0
01:10:00,501202034,5,2,10,1,0
01:10:00,501202035,24,0,4,1,0
01:10:00,501202036,22,0,17,1,0
01:10:00,501202040,4,0,41,1,0
01:10:00,501202043,22,2,2,1,0
01:10:00,501202044,0,0,0,2,0
01:10:00,501202047,2,0,20,1,0
01:10:00,501202050,15,0,1,1,0
01:10:00,501202055,11,0,4,1,0
01:10:00,501202058,9,0,6,1,0
01:10:00,501202065,12,1,3,1,0
01:10:00,501202068,5,0,12,1,0
01:10:00,501202070,10,0,6,1,0
01:10:00,501202078,6,0,19,1,0
01:10:00,501202080,12,1,14,1,0
01:10:00,501202081,14,0,9,1,0
01:10:00,501202082,4,1,17,1,0
01:10:00,501202083,9,1,15,1,0
01:10:00,501202084,1,0,23,1,0
01:10:00,501202085,5,0,30,1,0
01:10:00,501202088,4,1,26,1,0
01:10:00,501202089,3,0,26,1,0
01:10:00,501202096,9,0,4,1,0
01:10:00,501203001,0,0,20,1,0
01:10:00,501203002,5,0,17,1,0
01:10:00,501203003,0,0,93,1,0
01:10:00,501203005,3,0,17,1,0
01:10:00,501203006,1,0,14,1,0
01:10:00,501203007,10,0,5,1,0
01:10:00,501203008,6,0,10,1,0
01:10:00,501203010,16,1,17,1,0
01:10:00,501203011,32,11,5,1,0
01:10:00,501203012,5,2,11,1,0
01:10:00,501203013,7,2,17,1,0
01:10:00,501203015,9,2,3,1,0
01:10:00,501203020,13,0,7,1,0
01:10:00,501203022,8,2,11,1,0
01:10:00,501203023,6,0,12,1,0
01:10:00,501203028,10,1,15,1,0
01:10:00,501203040,1,0,21,1,0
01:10:00,501203045,6,0,12,1,0
01:10:00,501203050,13,1,47,1,0
01:10:00,501203051,1,0,23,1,0
01:10:00,501203053,9,0,17,1,0
01:10:00,501203054,7,0,15,1,0
01:10:00,501203064,12,0,3,1,0
01:10:00,501203065,15,3,1,1,0
01:10:00,501203070,5,1,10,1,0
01:10:00,501203073,4,0,20,1,0
01:10:00,501203076,5,0,11,1,0
01:10:00,501203078,12,2,4,1,0
01:10:00,501203080,7,1,8,1,0
01:10:00,501203084,5,0,6,1,0
01:10:00,501203085,5,1,5,1,0
01:10:00,501203088,4,0,10,1,0
01:10:00,501203089,2,0,10,1,0
01:10:00,501203090,6,1,3,1,0
01:10:00,501203091,9,2,4,1,0
01:10:00,501203092,4,0,16,1,0
01:10:00,501203100,7,0,12,1,0
01:10:00,501203101,0,0,0,2,0
01:10:00,501203102,9,0,10,1,0
01:10:00,501203104,12,1,6,1,0
01:10:00,501203105,11,3,0,1,0
01:10:00,501203107,0,0,0,2,0
01:10:00,501203109,9,0,17,1,0
01:10:00,501203110,2,1,39,1,0
01:10:00,501203111,8,2,3,1,0
01:10:00,501203113,6,0,12,1,0
01:10:00,501203114,11,0,39,1,0
01:10:00,501203117,0,0,0,2,0
01:10:00,501203118,10,1,9,1,0
01:10:00,501203121,23,1,1,1,0
01:10:00,501203122,13,1,7,1,0
01:10:00,501203125,9,0,16,1,0
01:10:00,501203131,9,1,11,1,0
01:10:00,501203140,16,0,25,1,0
01:10:00,501203141,5,1,11,1,0
01:10:00,501203142,2,1,72,1,0
01:10:00,501203145,10,2,5,1,0
01:10:00,501203151,8,0,10,1,0
01:10:00,501203155,5,1,14,1,0
01:10:00,501203157,1,0,16,1,0
01:10:00,501203159,2,1,18,1,0
01:10:00,501203161,1,0,17,1,0
01:10:00,501203162,14,0,7,1,0
01:10:00,501203163,16,2,0,1,0
01:10:00,501204001,16,1,9,1,0
01:10:00,501204002,2,0,33,1,0
01:10:00,501204003,14,0,28,1,0
01:10:00,501204004,0,0,14,1,0
01:10:00,501204005,20,4,0,1,0
01:10:00,501204007,7,1,29,1,0
01:10:00,501204008,0,0,14,1,0
01:10:00,501204009,0,0,0,2,0
01:10:00,501204010,0,0,0,2,0
01:10:00,501204011,2,0,13,1,0
01:10:00,501204012,14,1,0,1,0
01:10:00,501204013,5,2,9,1,0
01:10:00,501204014,9,0,7,1,0
01:10:00,501204015,10,0,5,1,0
01:10:00,501204016,1,0,19,1,0
01:10:00,501204017,2,0,13,1,0
01:10:00,501204018,9,0,15,1,0
01:10:00,501204020,2,2,18,1,0
01:10:00,501204021,0,0,20,1,0
01:10:00,501204022,0,0,16,1,0
01:10:00,501204023,11,3,4,1,0
01:10:00,501204024,0,0,0,2,0
01:10:00,501204025,13,0,6,1,0
01:10:00,501205001,1,0,16,1,0
01:10:00,501205003,14,3,5,1,0
01:10:00,501205004,8,3,8,1,0
01:10:00,501205005,13,2,9,1,0
01:10:00,501205006,9,0,11,1,0
01:10:00,501205007,5,1,7,1,0
01:10:00,501205008,14,2,12,1,0
01:10:00,501205009,12,0,33,1,0
01:10:00,501205010,1,0,13,1,0
01:10:00,501205011,1,1,30,1,0
01:10:00,501205012,15,1,5,1,0
01:10:00,501205013,5,0,16,1,0
01:10:00,501205014,17,9,6,1,0
01:10:00,501205015,4,1,13,1,0
01:10:00,501205018,3,0,14,1,0
01:10:00,501205019,10,0,18,1,0
01:10:00,501205020,2,1,28,1,0
01:10:00,501205021,6,2,9,1,0
01:10:00,501205022,9,1,6,1,0
01:10:00,501205023,2,2,12,1,0
01:10:00,501205025,18,0,10,1,0
01:10:00,501205026,8,0,11,1,0
01:10:00,501205027,2,0,8,1,0
01:10:00,501205028,7,0,8,1,0
01:10:00,501205029,6,0,4,1,0
01:10:00,501205030,9,0,1,1,0
01:10:00,501205033,4,0,11,1,0
01:10:00,501205034,11,0,17,1,0
01:10:00,501205035,11,3,5,1,0
01:10:00,501205036,5,1,10,1,0
01:10:00,501205037,5,0,11,1,0
01:10:00,501205038,8,0,12,1,0
01:10:00,501205039,5,1,15,1,0
01:10:00,501205040,19,1,6,1,0
01:10:00,501205041,6,0,11,1,0
01:10:00,501205042,4,0,25,1,0
01:10:00,501208011,23,5,14,1,0
01:10:00,501208013,37,1,17,1,0
01:10:00,501208014,17,0,21,1,0
01:10:00,501208015,5,0,9,1,0
01:10:00,501208018,3,0,11,1,0
01:10:00,501208021,8,0,9,1,0
01:10:00,501208027,6,0,23,1,0
01:10:00,501208029,16,3,6,1,0
01:10:00,501208030,19,2,19,1,0
01:10:00,501208032,5,3,23,1,0
01:10:00,501208040,8,1,11,1,0
01:10:00,501208041,3,0,12,1,0
01:10:00,501208045,2,1,29,1,0
01:10:00,501208051,3,0,32,1,0
01:10:00,501208053,15,0,6,1,0
01:10:00,501208054,1,0,27,1,0
01:10:00,501208059,1,0,26,1,0
01:10:00,501208064,0,0,20,1,0
01:10:00,501208077,8,0,2,1,0
01:10:00,501208079,2,0,19,1,0
01:10:00,501208082,4,0,6,1,0
01:10:00,501208085,16,3,1,1,0
01:10:00,501208087,16,0,15,1,0
01:10:00,501208089,19,1,6,1,0
01:10:00,501208091,4,1,39,1,0
01:10:00,501208111,9,2,6,1,0
01:10:00,501208113,6,0,14,1,0
01:10:00,501208114,5,0,15,1,0
01:10:00,501208129,8,0,15,1,0
01:10:00,501208130,1,0,14,1,0
01:10:00,501209002,17,0,3,1,0
01:10:00,501209003,5,1,9,1,0
01:10:00,501209004,6,0,8,1,0
01:10:00,501209005,2,2,16,1,0
01:10:00,501209006,7,2,12,1,0
01:10:00,501209007,13,3,2,1,0
01:10:00,501209009,0,0,0,2,0
01:10:00,501209010,13,0,1,1,0
01:10:00,501209011,4,0,21,1,0
01:10:00,501209014,6,0,6,1,0
01:10:00,501209015,10,1,5,1,0
01:10:00,501209016,2,2,27,1,0
01:10:00,501209017,8,0,5,1,0
01:10:00,501209018,6,1,11,1,0
01:10:00,501209019,4,1,21,1,0
01:10:00,501209020,5,0,26,1,0
01:10:00,501209021,3,0,11,1,0
01:10:00,501209022,7,0,3,1,0
01:10:00,501209023,1,0,41,1,0
01:10:00,501209024,8,0,34,1,0
01:10:00,501209025,2,0,13,1,0
01:10:00,501209026,0,0,23,1,0
01:10:00,501209027,6,0,13,1,0
01:10:00,501209028,2,0,26,1,0
01:10:00,501209030,10,0,8,1,0
01:10:00,501209031,7,0,23,1,0
01:10:00,501209032,0,0,28,1,0
01:10:00,501209033,8,2,12,1,0
01:10:00,501209034,5,0,10,1,0
01:10:00,501209035,0,0,28,1,0
01:10:00,501209036,13,1,16,1,0
01:10:00,501209037,12,2,24,1,0
01:10:00,501209038,13,1,2,1,0
01:10:00,501209039,4,0,26,1,0
01:10:00,501209040,1,0,30,1,0
01:10:00,501209042,3,1,17,1,0
01:10:00,501209043,7,0,17,1,0
01:10:00,501209044,12,4,3,1,0
01:10:00,501209045,7,0,8,1,0
01:10:00,501209046,4,2,18,1,0
01:10:00,501209047,7,2,7,1,0
01:10:00,501209049,1,0,19,1,0
01:10:00,501209050,12,4,1,1,0
01:10:00,501209051,10,0,14,1,0
01:10:00,501209052,3,0,17,1,0
01:10:00,501209053,2,1,18,1,0
01:10:00,501209054,13,3,14,1,0
01:10:00,501209056,14,0,1,1,0
01:10:00,501209058,14,3,2,1,0
01:10:00,501209059,4,0,11,1,0
01:10:00,501209060,4,2,16,1,0
01:10:00,501209062,1,0,14,1,0
01:10:00,501209064,10,1,5,1,0
01:10:00,501209065,3,1,12,1,0
01:10:00,501209066,11,3,3,1,0
01:10:00,501209067,8,0,6,1,0
01:10:00,501209068,4,0,13,1,0
01:10:00,501209069,0,0,63,1,0
01:10:00,501209070,15,1,2,1,0
01:10:00,501209071,6,0,11,1,0
01:10:00,501209073,11,3,4,1,0
01:10:00,501209074,17,0,6,1,0
01:10:00,501209075,7,0,7,1,0
01:10:00,501209076,1,0,22,1,0
01:10:00,501209077,4,1,11,1,0
01:10:00,501209078,7,2,6,1,0
01:10:00,501209079,4,0,21,1,0
01:10:00,501209080,2,0,24,1,0
01:10:00,501209081,9,2,6,1,0
01:10:00,501209084,3,1,20,1,0
01:10:00,501209085,15,2,11,1,0
01:10:00,501209087,5,3,34,1,0
01:10:00,501209088,7,1,8,1,0
01:10:00,501209089,1,0,19,1,0
01:10:00,501209090,12,1,2,1,0
01:10:00,501209091,1,1,15,1,0
01:10:00,501209092,14,0,2,1,0
01:10:00,501209093,9,0,6,1,0
01:10:00,501209094,11,2,5,1,0
01:10:00,501209095,4,2,10,1,0
01:10:00,501209096,10,1,3,1,0
01:10:00,501209097,5,2,10,1,0
01:10:00,501209098,5,1,10,1,0
01:10:00,501209099,5,0,15,1,0
01:10:00,501209100,12,0,1,1,0
01:10:00,501209101,5,0,10,1,0
01:10:00,501209102,2,0,18,1,0
01:10:00,501209104,7,1,12,1,0
01:10:00,501209105,15,1,10,1,0
01:10:00,501209106,3,0,15,1,0
01:10:00,501211001,27,7,11,1,0
01:10:00,501211002,6,0,9,1,0
01:10:00,501211004,4,0,11,1,0
01:10:00,501211005,3,1,16,1,0
01:10:00,501211006,4,0,12,1,0
01:10:00,501211007,7,0,12,1,0
01:10:00,501211009,9,0,9,1,0
01:10:00,501211011,16,1,14,1,0
01:10:00,501211012,8,1,10,1,0
01:20:00,501201001,0,0,0,2,0
01:20:00,501201002,16,0,24,1,0
01:20:00,501201003,5,0,18,1,0
01:20:00,501201004,11,1,3,1,0
01:20:00,501201005,1,0,18,1,0
01:20:00,501201006,7,0,21,1,0
01:20:00,501201007,7,1,12,1,0
01:20:00,501201008,9,2,16,1,0
01:20:00,501201010,3,0,7,1,0
01:20:00,501201011,4,0,17,1,0
01:20:00,501201012,24,2,16,1,0
01:20:00,501201013,9,0,13,1,0
01:20:00,501201014,10,0,9,1,0
01:20:00,501201015,4,0,21,1,0
01:20:00,501201016,19,1,5,1,0
01:20:00,501201017,16,1,11,1,0
01:20:00,501201018,8,0,16,1,0
01:20:00,501201019,14,2,14,1,0
01:20:00,501201020,8,0,16,1,0
01:20:00,501201021,8,0,7,1,0
01:20:00,501201022,8,0,8,1,0
01:20:00,501201023,1,0,27,1,0
01:20:00,501201024,11,0,12,1,0
01:20:00,501201025,8,2,16,1,0
01:20:00,501201026,12,0,7,1,0
01:20:00,501201028,7,2,12,1,0
01:20:00,501201029,5,0,8,1,0
01:20:00,501201030,7,0,7,1,0
01:20:00,501201031,8,1,9,1,0
01:20:00,501202001,2,2,12,1,0
01:20:00,501202003,3,1,37,1,0
01:20:00,501202013,8,0,9,1,0
01:20:00,501202023,9,0,4,1,0
01:20:00,501202024,5,0,10,1,0
01:20:00,501202034,5,2,10,1,0
01:20:00,501202035,23,0,5,1,0
01:20:00,501202036,22,0,17,1,0
01:20:00,501202040,4,0,41,1,0
01:20:00,501202043,22,2,2,1,0
01:20:00,501202044,0,0,0,2,0
01:20:00,501202047,2,0,20,1,0
01:20:00,501202050,15,0,1,1,0
01:20:00,501202055,11,0,4,1,0
01:20:00,501202058,9,0,6,1,0
01:20:00,501202065,12,1,3,1,0
01:20:00,501202068,5,0,12,1,0
01:20:00,501202070,10,0,6,1,0
01:20:00,501202078,6,0,19,1,0
01:20:00,501202080,11,0,15,1,0
01:20:00,501202081,14,0,9,1,0
01:20:00,501202082,4,1,17,1,0
01:20:00,501202083,9,1,15,1,0
01:20:00,501202084,1,0,23,1,0
01:20:00,501202085,4,0,31,1,0
01:20:00,501202088,4,1,26,1,0
01:20:00,501202089,3,0,26,1,0
01:20:00,501202096,11,2,2,1,0
01:20:00,501203001,0,0,20,1,0
01:20:00,501203002,5,0,17,1,0
01:20:00,501203003,0,0,93,1,0
01:20:00,501203005,3,0,17,1,0
01:20:00,501203006,1,0,14,1,0
01:20:00,501203007,10,0,5,1,0
01:20:00,501203008,6,0,10,1,0
01:20:00,501203010,16,1,17,1,0
01:20:00,501203011,32,11,5,1,0
01:20:00,501203012,5,2,11,1,0
01:20:00,501203013,7,2,17,1,0
01:20:00,501203015,9,2,3,1,0
01:20:00,501203020,13,0,7,1,0
01:20:00,501203022,8,2,11,1,0
01:20:00,501203023,6,0,12,1,0
01:20:00,501203028,10,1,15,1,0
01:20:00,501203040,1,0,21,1,0
01:20:00,501203045,6,0,12,1,0
01:20:00,501203050,13,1,47,1,0
01:20:00,501203051,1,0,23,1,0
01:20:00,501203053,9,0,17,1,0
01:20:00,501203054,7,0,15,1,0
01:20:00,501203064,12,0,3,1,0
01:20:00,501203065,15,3,1,1,0
01:20:00,501203070,5,1,10,1,0
01:20:00,501203073,4,0,20,1,0
01:20:00,501203076,5,0,11,1,0
01:20:00,501203078,12,2,4,1,0
01:20:00,501203080,7,1,8,1,0
01:20:00,501203084,5,0,6,1,0
01:20:00,501203085,5,1,5,1,0
01:20:00,501203088,4,0,10,1,0
01:20:00,501203089,2,0,10,1,0
01:20:00,501203090,6,1,3,1,0
01:20:00,501203091,9,2,4,1,0
01:20:00,501203092,4,0,16,1,0
01:20:00,501203100,7,0,12,1,0
01:20:00,501203101,0,0,0,2,0
01:20:00,501203102,9,0,10,1,0
01:20:00,501203104,12,1,6,1,0
01:20:00,501203105,11,3,0,1,0
01:20:00,501203107,0,0,0,2,0
01:20:00,501203109,9,0,17,1,0
01:20:00,501203110,2,1,39,1,0
01:20:00,501203111,9,3,2,1,0
01:20:00,501203113,6,0,12,1,0
01:20:00,501203114,11,0,39,1,0
01:20:00,501203117,0,0,0,2,0
01:20:00,501203118,10,1,9,1,0
01:20:00,501203121,23,1,1,1,0
01:20:00,501203122,13,1,7,1,0
01:20:00,501203125,9,0,16,1,0
01:20:00,501203131,9,1,11,1,0
01:20:00,501203140,16,0,25,1,0
01:20:00,501203141,5,1,11,1,0
01:20:00,501203142,2,0,72,1,0
01:20:00,501203145,10,2,5,1,0
01:20:00,501203151,12,0,6,1,0
01:20:00,501203155,5,1,14,1,0
01:20:00,501203157,1,0,16,1,0
01:20:00,501203159,2,1,18,1,0
01:20:00,501203161,1,0,17,1,0
01:20:00,501203162,14,0,7,1,0
01:20:00,501203163,16,2,0,1,0
01:20:00,501204001,16,1,9,1,0
01:20:00,501204002,2,0,33,1,0
01:20:00,501204003,15,1,27,1,0
01:20:00,501204004,0,0,14,1,0
01:20:00,501204005,20,4,0,1,0
01:20:00,501204007,7,1,29,1,0
01:20:00,501204008,0,0,14,1,0
01:20:00,501204009,0,0,0,2,0
01:20:00,501204010,0,0,0,2,0
01:20:00,501204011,2,0,13,1,0
01:20:00,501204012,14,1,0,1,0
01:20:00,501204013,5,2,9,1,0
01:20:00,501204014,9,0,7,1,0
01:20:00,501204015,10,0,5,1,0
01:20:00,501204016,2,0,18,1,0
01:20:00,501204017,2,0,13,1,0
01:20:00,501204018,9,0,15,1,0
01:20:00,501204020,2,2,18,1,0
01:20:00,501204021,0,0,20,1,0
01:20:00,501204022,0,0,16,1,0
01:20:00,501204023,11,3,4,1,0
01:20:00,501204024,0,0,0,2,0
01:20:00,501204025,13,0,6,1,0
01:20:00,501205001,1,0,16,1,0
01:20:00,501205003,14,3,5,1,0
01:20:00,501205004,8,3,8,1,0
01:20:00,501205005,13,1,9,1,0
01:20:00,501205006,9,0,11,1,0
01:20:00,501205007,5,1,7,1,0
01:20:00,501205008,14,2,12,1,0
01:20:00,501205009,12,0,33,1,0
01:20:00,501205010,1,0,13,1,0
01:20:00,501205011,1,1,30,1,0
01:20:00,501205012,14,1,6,1,0
01:20:00,501205013,5,0,16,1,0
01:20:00,501205014,16,9,7,1,0
01:20:00,501205015,5,1,12,1,0
01:20:00,501205018,3,0,14,1,0
01:20:00,501205019,10,0,18,1,0
01:20:00,501205020,2,1,28,1,0
01:20:00,501205021,6,2,9,1,0
01:20:00,501205022,9,1,6,1,0
01:20:00,501205023,10,2,4,1,0
01:20:00,501205025,18,0,10,1,0
01:20:00,501205026,8,0,11,1,0
01:20:00,501205027,1,0,9,1,0
01:20:00,501205028,7,0,8,1,0
01:20:00,501205029,8,0,2,1,0
01:20:00,501205030,9,0,1,1,0
01:20:00,501205033,4,0,11,1,0
01:20:00,501205034,11,0,17,1,0
01:20:00,501205035,11,3,5,1,0
01:20:00,501205036,5,1,10,1,0
01:20:00,501205037,5,0,11,1,0
01:20:00,501205038,8,0,12,1,0
01:20:00,501205039,5,1,15,1,0
01:20:00,501205040,19,1,6,1,0
01:20:00,501205041,5,0,12,1,0
01:20:00,501205042,4,0,25,1,0
01:20:00,501208011,26,7,11,1,0
01:20:00,501208013,37,1,17,1,0
01:20:00,501208014,17,0,21,1,0
01:20:00,501208015,5,0,9,1,0
01:20:00,501208018,3,0,11,1,0
01:20:00,501208021,8,0,9,1,0
01:20:00,501208027,6,0,23,1,0
01:20:00,501208029,16,3,6,1,0
01:20:00,501208030,19,2,19,1,0
01:20:00,501208032,5,3,23,1,0
01:20:00,501208040,8,1,11,1,0
01:20:00,501208041,3,0,12,1,0
01:20:00,501208045,2,1,29,1,0
01:20:00,501208051,3,0,32,1,0
01:20:00,501208053,15,0,6,1,0
01:20:00,501208054,1,0,27,1,0
01:20:00,501208059,1,0,26,1,0
01:20:00,501208064,3,0,17,1,0
01:20:00,501208077,8,0,2,1,0
01:20:00,501208079,2,0,19,1,0
01:20:00,501208082,4,0,6,1,0
01:20:00,501208085,16,3,1,1,0
01:20:00,501208087,17,0,14,1,0
01:20:00,501208089,19,1,6,1,0
01:20:00,501208091,4,1,39,1,0
01:20:00,501208111,9,2,6,1,0
01:20:00,501208113,6,0,14,1,0
01:20:00,501208114,5,0,15,1,0
01:20:00,501208129,8,0,15,1,0
01:20:00,501208130,1,0,14,1,0
01:20:00,501209002,17,0,3,1,0
01:20:00,501209003,5,1,9,1,0
01:20:00,501209004,6,0,8,1,0
01:20:00,501209005,2,2,16,1,0
01:20:00,501209006,7,2,12,1,0
01:20:00,501209007,12,2,3,1,0
01:20:00,501209009,0,0,0,2,0
01:20:00,501209010,13,0,1,1,0
01:20:00,501209011,4,0,21,1,0
01:20:00,501209014,6,0,6,1,0
01:20:00,501209015,10,1,5,1,0
01:20:00,501209016,2,2,27,1,0
01:20:00,501209017,8,0,5,1,0
01:20:00,501209018,7,1,10,1,0
01:20:00,501209019,4,1,21,1,0
01:20:00,501209020,5,0,26,1,0
01:20:00,501209021,3,0,11,1,0
01:20:00,501209022,5,0,5,1,0
01:20:00,501209023,1,0,41,1,0
01:20:00,501209024,8,0,34,1,0
01:20:00,501209025,2,0,13,1,0
01:20:00,501209026,0,0,23,1,0
01:20:00,501209027,6,0,13,1,0
01:20:00,501209028,2,0,26,1,0
01:20:00,501209030,10,0,8,1,0
01:20:00,501209031,7,0,23,1,0
01:20:00,501209032,0,0,28,1,0
01:20:00,501209033,8,2,12,1,0
01:20:00,501209034,7,0,8,1,0
01:20:00,501209035,0,0,28,1,0
01:20:00,501209036,13,1,16,1,0
01:20:00,501209037,12,2,24,1,0
01:20:00,501209038,13,1,2,1,0
01:20:00,501209039,4,0,26,1,0
01:20:00,501209040,1,0,30,1,0
01:20:00,501209042,3,1,17,1,0
01:20:00,501209043,7,0,17,1,0
01:20:00,501209044,12,4,3,1,0
01:20:00,501209045,7,0,8,1,0
01:20:00,501209046,4,2,18,1,0
01:20:00,501209047,8,3,6,1,0
01:20:00,501209049,1,0,19,1,0
01:20:00,501209050,12,4,1,1,0
01:20:00,501209051,10,0,14,1,0
01:20:00,501209052,3,0,17,1,0
01:20:00,501209053,2,1,18,1,0
01:20:00,501209054,13,3,14,1,0
01:20:00,501209056,14,0,1,1,0
01:20:00,501209058,14,3,2,1,0
01:20:00,501209059,4,0,11,1,0
01:20:00,501209060,5,2,15,1,0
01:20:00,501209062,2,0,13,1,0
01:20:00,501209064,10,1,5,1,0
01:20:00,501209065,3,1,12,1,0
01:20:00,501209066,11,3,3,1,0
01:20:00,501209067,8,0,6,1,0
01:20:00,501209068,4,0,13,1,0
01:20:00,501209069,2,1,61,1,0
01:20:00,501209070,15,1,2,1,0
01:20:00,501209071,6,0,11,1,0
01:20:00,501209073,11,3,4,1,0
01:20:00,501209074,17,0,6,1,0
01:20:00,501209075,7,0,7,1,0
01:20:00,501209076,1,0,22,1,0
01:20:00,501209077,4,1,11,1,0
01:20:00,501209078,7,2,6,1,0
01:20:00,501209079,4,0,21,1,0
01:20:00,501209080,2,0,24,1,0
01:20:00,501209081,9,2,6,1,0
01:20:00,501209084,3,1,20,1,0
01:20:00,501209085,15,2,11,1,0
01:20:00,501209087,5,3,34,1,0
01:20:00,501209088,7,1,8,1,0
01:20:00,501209089,1,0,19,1,0
01:20:00,501209090,12,1,2,1,0
01:20:00,501209091,1,1,15,1,0
01:20:00,501209092,14,0,2,1,0
01:20:00,501209093,9,0,6,1,0
01:20:00,501209094,11,2,5,1,0
01:20:00,501209095,4,2,10,1,0
01:20:00,501209096,10,1,3,1,0
01:20:00,501209097,5,2,10,1,0
01:20:00,501209098,5,1,10,1,0
01:20:00,501209099,5,0,15,1,0
01:20:00,501209100,12,0,1,1,0
01:20:00,501209101,5,0,10,1,0
01:20:00,501209102,2,0,18,1,0
01:20:00,501209104,7,1,12,1,0
01:20:00,501209105,15,1,10,1,0
01:20:00,501209106,3,0,15,1,0
01:20:00,501211001,27,7,10,1,0
01:20:00,501211002,6,0,9,1,0
01:20:00,501211004,5,1,10,1,0
01:20:00,501211005,3,1,16,1,0
01:20:00,501211006,4,0,12,1,0
01:20:00,501211007,7,0,12,1,0
01:20:00,501211009,9,0,9,1,0
01:20:00,501211011,16,1,14,1,0
01:20:00,501211012,8,1,10,1,0
01:30:00,501201001,0,0,0,2,0
01:30:00,501201002,16,0,24,1,0
01:30:00,501201003,5,0,18,1,0
01:30:00,501201004,11,1,3,1,0
01:30:00,501201005,1,0,18,1,0
01:30:00,501201006,6,0,22,1,0
01:30:00,501201007,6,0,13,1,0
01:30:00,501201008,9,2,16,1,0
01:30:00,501201010,3,0,7,1,0
01:30:00,501201011,4,0,17,1,0
01:30:00,501201012,24,2,16,1,0
01:30:00,501201013,8,0,14,1,0
01:30:00,501201014,10,0,9,1,0
01:30:00,501201015,2,1,23,1,0
01:30:00,501201016,19,1,5,1,0
01:30:00,501201017,15,0,12,1,0
01:30:00,501201018,8,0,16,1,0
01:30:00,501201019,16,2,12,1,0
01:30:00,501201020,8,0,16,1,0
01:30:00,501201021,8,0,7,1,0
01:30:00,501201022,8,0,8,1,0
01:30:00,501201023,1,0,27,1,0
01:30:00,501201024,11,0,12,1,0
01:30:00,501201025,8,2,16,1,0
01:30:00,501201026,13,0,6,1,0
01:30:00,501201028,5,0,14,1,0
01:30:00,501201029,6,1,7,1,0
01:30:00,501201030,7,0,7,1,0
01:30:00,501201031,8,1,9,1,0
01:30:00,501202001,2,2,12,1,0
01:30:00,501202003,2,0,38,1,0
01:30:00,501202013,8,0,9,1,0
01:30:00,501202023,8,0,5,1,0
01:30:00,501202024,5,0,10,1,0
01:30:00,501202034,5,2,10,1,0
01:30:00,501202035,23,0,5,1,0
01:30:00,501202036,22,0,17,1,0
01:30:00,501202040,4,0,41,1,0
01:30:00,501202043,22,2,2,1,0
01:30:00,501202044,0,0,0,2,0
01:30:00,501202047,2,0,20,1,0
01:30:00,501202050,15,0,1,1,0
01:30:00,501202055,11,0,4,1,0
01:30:00,501202058,9,0,6,1,0
01:30:00,501202065,12,1,3,1,0
01:30:00,501202068,5,0,12,1,0
01:30:00,501202070,10,0,6,1,0
01:30:00,501202078,6,0,19,1,0
01:30:00,501202080,11,0,15,1,0
01:30:00,501202081,15,1,8,1,0
01:30:00,501202082,3,0,18,1,0
01:30:00,501202083,9,1,15,1,0
01:30:00,501202084,1,0,23,1,0
01:30:00,501202085,4,0,31,1,0
01:30:00,501202088,4,1,26,1,0
01:30:00,501202089,3,0,26,1,0
01:30:00,501202096,11,2,2,1,0
01:30:00,501203001,1,0,19,1,0
01:30:00,501203002,5,0,17,1,0
01:30:00,501203003,0,0,93,1,0
01:30:00,501203005,3,0,17,1,0
01:30:00,501203006,1,0,14,1,0
01:30:00,501203007,10,0,5,1,0
01:30:00,501203008,6,0,10,1,0
01:30:00,501203010,16,1,17,1,0
01:30:00,501203011,32,11,5,1,0
01:30:00,501203012,5,2,11,1,0
01:30:00,501203013,7,2,17,1,0
01:30:00,501203015,9,2,3,1,0
01:30:00,501203020,13,0,7,1,0
01:30:00,501203022,8,2,11,1,0
01:30:00,501203023,6,0,12,1,0
01:30:00,501203028,10,1,15,1,0
01:30:00,501203040,1,0,21,1,0
01:30:00,501203045,7,0,11,1,0
01:30:00,501203050,13,1,47,1,0
01:30:00,501203051,1,0,23,1,0
01:30:00,501203053,9,0,17,1,0
01:30:00,501203054,7,0,15,1,0
01:30:00,501203064,12,0,3,1,0
01:30:00,501203065,15,3,1,1,0
01:30:00,501203070,5,1,10,1,0
01:30:00,501203073,4,0,20,1,0
01:30:00,501203076,5,0,11,1,0
01:30:00,501203078,12,2,4,1,0
01:30:00,501203080,7,1,8,1,0
01:30:00,501203084,5,0,6,1,0
01:30:00,501203085,5,1,5,1,0
01:30:00,501203088,4,0,10,1,0
01:30:00,501203089,2,0,10,1,0
01:30:00,501203090,6,1,3,1,0
01:30:00,501203091,9,2,4,1,0
01:30:00,501203092,4,0,16,1,0
01:30:00,501203100,7,0,12,1,0
01:30:00,501203101,0,0,0,2,0
01:30:00,501203102,9,0,10,1,0
01:30:00,501203104,12,1,6,1,0
01:30:00,501203105,6,3,5,1,0
01:30:00,501203107,0,0,0,2,0
01:30:00,501203109,8,0,18,1,0
01:30:00,501203110,2,1,39,1,0
01:30:00,501203111,9,3,2,1,0
01:30:00,501203113,6,0,12,1,0
01:30:00,501203114,11,0,39,1,0
01:30:00,501203117,0,0,0,2,0
01:30:00,501203118,10,1,9,1,0
01:30:00,501203121,23,1,1,1,0
01:30:00,501203122,13,1,7,1,0
01:30:00,501203125,9,0,16,1,0
01:30:00,501203131,10,2,10,1,0
01:30:00,501203140,16,0,25,1,0
01:30:00,501203141,5,1,11,1,0
01:30:00,501203142,3,0,71,1,0
01:30:00,501203145,10,2,5,1,0
01:30:00,501203151,12,0,6,1,0
01:30:00,501203155,5,1,14,1,0
01:30:00,501203157,1,0,16,1,0
01:30:00,501203159,2,1,18,1,0
01:30:00,501203161,1,0,17,1,0
01:30:00,501203162,14,0,7,1,0
01:30:00,501203163,16,2,0,1,0
01:30:00,501204001,16,1,9,1,0
01:30:00,501204002,1,0,34,1,0
01:30:00,501204003,12,0,30,1,0
01:30:00,501204004,0,0,14,1,0
01:30:00,501204005,20,4,0,1,0
01:30:00,501204007,5,0,31,1,0
01:30:00,501204008,0,0,14,1,0
01:30:00,501204009,0,0,0,2,0
01:30:00,501204010,0,0,0,2,0
01:30:00,501204011,2,0,13,1,0
01:30:00,501204012,14,1,0,1,0
01:30:00,501204013,5,2,9,1,0
01:30:00,501204014,9,0,7,1,0
01:30:00,501204015,10,0,5,1,0
01:30:00,501204016,2,0,18,1,0
01:30:00,501204017,3,0,12,1,0
01:30:00,501204018,9,0,15,1,0
01:30:00,501204020,2,2,18,1,0
01:30:00,501204021,0,0,20,1,0
01:30:00,501204022,0,0,16,1,0
01:30:00,501204023,11,3,4,1,0
01:30:00,501204024,0,0,0,2,0
01:30:00,501204025,13,0,6,1,0
01:30:00,501205001,7,0,10,1,0
01:30:00,501205003,14,3,5,1,0
01:30:00,501205004,8,3,8,1,0
01:30:00,501205005,13,1,9,1,0
01:30:00,501205006,9,0,11,1,0
01:30:00,501205007,6,1,6,1,0
01:30:00,501205008,14,2,12,1,0
01:30:00,501205009,13,0,32,1,0
01:30:00,501205010,1,0,13,1,0
01:30:00,501205011,1,1,30,1,0
01:30:00,501205012,17,1,3,1,0
01:30:00,501205013,5,0,16,1,0
01:30:00,501205014,16,9,7,1,0
01:30:00,501205015,5,1,12,1,0
01:30:00,501205018,3,0,14,1,0
01:30:00,501205019,10,0,18,1,0
01:30:00,501205020,2,1,28,1,0
01:30:00,501205021,7,2,8,1,0
01:30:00,501205022,9,1,6,1,0
01:30:00,501205023,10,2,4,1,0
01:30:00,501205025,18,0,10,1,0
01:30:00,501205026,8,0,11,1,0
01:30:00,501205027,1,0,9,1,0
01:30:00,501205028,7,0,8,1,0
01:30:00,501205029,8,0,2,1,0
01:30:00,501205030,9,0,1,1,0
01:30:00,501205033,4,0,11,1,0
01:30:00,501205034,11,0,17,1,0
01:30:00,501205035,11,3,5,1,0
01:30:00,501205036,5,1,10,1,0
01:30:00,501205037,5,0,11,1,0
01:30:00,501205038,8,0,12,1,0
01:30:00,501205039,5,1,15,1,0
01:30:00,501205040,19,1,6,1,0
01:30:00,501205041,5,0,12,1,0
01:30:00,501205042,4,0,25,1,0
01:30:00,501208011,28,7,9,1,0
01:30:00,501208013,37,1,17,1,0
01:30:00,501208014,17,0,21,1,0
01:30:00,501208015,5,0,9,1,0
01:30:00,501208018,3,0,11,1,0
01:30:00,501208021,8,0,9,1,0
01:30:00,501208027,6,0,23,1,0
01:30:00,501208029,16,3,6,1,0
01:30:00,501208030,19,2,19,1,0
01:30:00,501208032,5,3,23,1,0
01:30:00,501208040,8,1,11,1,0
01:30:00,501208041,3,0,12,1,0
01:30:00,501208045,2,1,29,1,0
01:30:00,501208051,3,0,32,1,0
01:30:00,501208053,15,0,6,1,0
01:30:00,501208054,1,0,27,1,0
01:30:00,501208059,1,0,26,1,0
01:30:00,501208064,3,0,17,1,0
01:30:00,501208077,8,0,2,1,0
01:30:00,501208079,2,0,19,1,0
01:30:00,501208082,3,0,7,1,0
01:30:00,501208085,16,3,1,1,0
01:30:00,501208087,16,0,15,1,0
01:30:00,501208089,18,1,7,1,0
01:30:00,501208091,4,1,39,1,0
01:30:00,501208111,9,2,6,1,0
01:30:00,501208113,6,0,14,1,0
01:30:00,501208114,5,0,15,1,0
01:30:00,501208129,8,0,15,1,0
01:30:00,501208130,1,0,14,1,0
01:30:00,501209002,17,0,3,1,0
01:30:00,501209003,5,1,9,1,0
01:30:00,501209004,6,0,8,1,0
01:30:00,501209005,2,2,16,1,0
01:30:00,501209006,7,2,12,1,0
01:30:00,501209007,13,3,2,1,0
01:30:00,501209009,0,0,0,2,0
01:30:00,501209010,13,0,1,1,0
01:30:00,501209011,4,0,21,1,0
01:30:00,501209014,6,0,6,1,0
01:30:00,501209015,10,1,5,1,0
01:30:00,501209016,2,2,27,1,0
01:30:00,501209017,8,0,5,1,0
01:30:00,501209018,7,1,10,1,0
01:30:00,501209019,4,1,21,1,0
01:30:00,501209020,5,0,26,1,0
01:30:00,501209021,3,0,11,1,0
01:30:00,501209022,5,0,5,1,0
01:30:00,501209023,1,0,41,1,0
01:30:00,501209024,8,0,34,1,0
01:30:00,501209025,2,0,13,1,0
01:30:00,501209026,0,0,23,1,0
01:30:00,501209027,6,0,13,1,0
01:30:00,501209028,2,0,26,1,0
01:30:00,501209030,11,0,7,1,0
01:30:00,501209031,7,0,23,1,0
01:30:00,501209032,0,0,28,1,0
01:30:00,501209033,8,2,12,1,0
01:30:00,501209034,7,0,8,1,0
01:30:00,501209035,0,0,28,1,0
01:30:00,501209036,13,1,16,1,0
01:30:00,501209037,12,2,24,1,0
01:30:00,501209038,13,1,2,1,0
01:30:00,501209039,2,0,28,1,0
01:30:00,501209040,1,0,30,1,0
01:30:00,501209042,3,1,17,1,0
01:30:00,501209043,7,0,17,1,0
01:30:00,501209044,12,4,3,1,0
01:30:00,501209045,7,0,8,1,0
01:30:00,501209046,4,2,18,1,0
01:30:00,501209047,8,3,6,1,0
01:30:00,501209049,1,0,19,1,0
01:30:00,501209050,12,4,1,1,0
01:30:00,501209051,10,0,14,1,0
01:30:00,501209052,3,0,17,1,0
01:30:00,501209053,2,1,18,1,0
01:30:00,501209054,13,3,14,1,0
01:30:00,501209056,14,0,1,1,0
01:30:00,501209058,14,3,2,1,0
01:30:00,501209059,4,0,11,1,0
01:30:00,501209060,5,2,15,1,0
01:30:00,501209062,2,0,13,1,0
01:30:00,501209064,10,1,5,1,0
01:30:00,501209065,3,1,12,1,0
01:30:00,501209066,11,3,3,1,0
01:30:00,501209067,8,0,6,1,0
01:30:00,501209068,4,0,13,1,0
01:30:00,501209069,2,1,61,1,0
01:30:00,501209070,15,1,2,1,0
01:30:00,501209071,6,0,11,1,0
01:30:00,501209073,11,3,4,1,0
01:30:00,501209074,17,0,6,1,0
01:30:00,501209075,7,0,7,1,0
01:30:00,501209076,1,0,22,1,0
01:30:00,501209077,4,1,11,1,0
01:30:00,501209078,7,2,6,1,0
01:30:00,501209079,4,0,21,1,0
01:30:00,501209080,2,0,24,1,0
01:30:00,501209081,9,2,6,1,0
01:30:00,501209084,3,1,20,1,0
01:30:00,501209085,15,2,11,1,0
01:30:00,501209087,5,3,34,1,0
01:30:00,501209088,7,1,8,1,0
01:30:00,501209089,1,0,19,1,0
01:30:00,501209090,11,1,3,1,0
01:30:00,501209091,1,1,15,1,0
01:30:00,501209092,14,0,2,1,0
01:30:00,501209093,9,0,6,1,0
01:30:00,501209094,11,2,5,1,0
01:30:00,501209095,4,2,10,1,0
01:30:00,501209096,10,1,3,1,0
01:30:00,501209097,5,2,10,1,0
01:30:00,501209098,5,1,10,1,0
01:30:00,501209099,5,0,15,1,0
01:30:00,501209100,12,0,1,1,0
01:30:00,501209101,5,0,10,1,0
01:30:00,501209102,2,0,18,1,0
01:30:00,501209104,7,1,12,1,0
01:30:00,501209105,15,1,10,1,0
01:30:00,501209106,3,0,15,1,0
01:30:00,501211001,27,7,10,1,0
01:30:00,501211002,6,0,9,1,0
01:30:00,501211004,5,1,10,1,0
01:30:00,501211005,3,1,16,1,0
01:30:00,501211006,4,0,12,1,0
01:30:00,501211007,7,0,12,1,0
01:30:00,501211009,9,0,9,1,0
01:30:00,501211011,16,1,14,1,0
01:30:00,501211012,8,1,10,1,0
01:40:00,501201001,0,0,0,2,0
01:40:00,501201002,16,0,24,1,0
01:40:00,501201003,5,0,18,1,0
01:40:00,501201004,11,1,3,1,0
01:40:00,501201005,1,0,18,1,0
01:40:00,501201006,8,0,20,1,0
01:40:00,501201007,6,0,13,1,0
01:40:00,501201008,9,2,16,1,0
01:40:00,501201010,3,0,7,1,0
01:40:00,501201011,5,0,16,1,0
01:40:00,501201012,24,2,16,1,0
01:40:00,501201013,7,0,15,1,0
01:40:00,501201014,10,0,9,1,0
01:40:00,501201015,2,1,23,1,0
01:40:00,501201016,19,1,5,1,0
01:40:00,501201017,16,1,11,1,0
01:40:00,501201018,8,0,16,1,0
01:40:00,501201019,16,2,12,1,0
01:40:00,501201020,8,0,16,1,0
01:40:00,501201021,8,0,7,1,0
01:40:00,501201022,8,0,8,1,0
01:40:00,501201023,1,0,27,1,0
01:40:00,501201024,9,0,14,1,0
01:40:00,501201025,8,2,16,1,0
01:40:00,501201026,13,0,6,1,0
01:40:00,501201028,5,0,14,1,0
01:40:00,501201029,7,1,6,1,0
01:40:00,501201030,7,0,7,1,0
01:40:00,501201031,8,1,9,1,0
01:40:00,501202001,1,1,13,1,0
01:40:00,501202003,3,1,37,1,0
01:40:00,501202013,8,0,9,1,0
01:40:00,501202023,7,0,6,1,0
01:40:00,501202024,5,0,10,1,0
01:40:00,501202034,5,2,10,1,0
01:40:00,501202035,23,0,5,1,0
01:40:00,501202036,22,0,17,1,0
01:40:00,501202040,4,0,41,1,0
01:40:00,501202043,23,3,1,1,0
01:40:00,501202044,0,0,0,2,0
01:40:00,501202047,1,0,21,1,0
01:40:00,501202050,15,0,1,1,0
01:40:00,501202055,11,0,4,1,0
01:40:00,501202058,9,0,6,1,0
01:40:00,501202065,13,1,2,1,0
01:40:00,501202068,5,0,12,1,0
01:40:00,501202070,10,0,6,1,0
01:40:00,501202078,6,0,19,1,0
01:40:00,501202080,12,0,14,1,0
01:40:00,501202081,15,1,8,1,0
01:40:00,501202082,3,0,18,1,0
01:40:00,501202083,8,0,16,1,0
01:40:00,501202084,1,0,23,1,0
01:40:00,501202085,4,0,31,1,0
01:40:00,501202088,4,0,26,1,0
01:40:00,501202089,3,0,26,1,0
01:40:00,501202096,11,2,2,1,0
01:40:00,501203001,1,0,19,1,0
01:40:00,501203002,5,0,17,1,0
01:40:00,501203003,0,0,93,1,0
01:40:00,501203005,3,0,17,1,0
01:40:00,501203006,1,0,14,1,0
01:40:00,501203007,11,0,4,1,0
01:40:00,501203008,6,0,10,1,0
01:40:00,501203010,16,1,17,1,0
01:40:00,501203011,32,11,5,1,0
01:40:00,501203012,5,2,11,1,0
01:40:00,501203013,7,2,17,1,0
01:40:00,501203015,9,2,3,1,0
01:40:00,501203020,13,0,7,1,0
01:40:00,501203022,8,2,11,1,0
01:40:00,501203023,6,0,12,1,0
01:40:00,501203028,10,1,15,1,0
01:40:00,501203040,1,0,21,1,0
01:40:00,501203045,7,0,11,1,0
01:40:00,501203050,13,1,47,1,0
01:40:00,501203051,1,0,23,1,0
01:40:00,501203053,9,0,17,1,0
01:40:00,501203054,7,0,15,1,0
01:40:00,501203064,12,0,3,1,0
01:40:00,501203065,15,3,1,1,0
01:40:00,501203070,5,1,10,1,0
01:40:00,501203073,4,0,20,1,0
01:40:00,501203076,5,0,11,1,0
01:40:00,501203078,12,2,4,1,0
01:40:00,501203080,7,0,8,1,0
01:40:00,501203084,5,0,6,1,0
01:40:00,501203085,5,1,5,1,0
01:40:00,501203088,4,0,10,1,0
01:40:00,501203089,1,0,11,1,0
01:40:00,501203090,6,1,3,1,0
01:40:00,501203091,9,2,4,1,0
01:40:00,501203092,4,0,16,1,0
01:40:00,501203100,7,0,12,1,0
01:40:00,501203101,0,0,0,2,0
01:40:00,501203102,9,0,10,1,0
01:40:00,501203104,13,2,5,1,0
01:40:00,501203105,6,3,5,1,0
01:40:00,501203107,0,0,0,2,0
01:40:00,501203109,6,0,20,1,0
01:40:00,501203110,2,1,39,1,0
01:40:00,501203111,9,3,2,1,0
01:40:00,501203113,6,0,12,1,0
01:40:00,501203114,10,0,40,1,0
01:40:00,501203117,0,0,0,2,0
01:40:00,501203118,11,1,8,1,0
01:40:00,501203121,24,2,0,1,0
01:40:00,501203122,13,1,7,1,0
01:40:00,501203125,9,0,16,1,0
01:40:00,501203131,10,2,10,1,0
01:40:00,501203140,15,0,26,1,0
01:40:00,501203141,5,1,11,1,0
01:40:00,501203142,3,0,71,1,0
01:40:00,501203145,10,2,5,1,0
01:40:00,501203151,12,0,6,1,0
01:40:00,501203155,5,1,14,1,0
01:40:00,501203157,1,0,16,1,0
01:40:00,501203159,2,1,18,1,0
01:40:00,501203161,1,0,17,1,0
01:40:00,501203162,14,0,7,1,0
01:40:00,501203163,13,2,3,1,0
01:40:00,501204001,16,1,9,1,0
01:40:00,501204002,1,0,34,1,0
01:40:00,501204003,12,0,30,1,0
01:40:00,501204004,0,0,14,1,0
01:40:00,501204005,20,4,0,1,0
01:40:00,501204007,3,0,33,1,0
01:40:00,501204008,0,0,14,1,0
01:40:00,501204009,0,0,0,2,0
01:40:00,501204010,0,0,0,2,0
01:40:00,501204011,2,0,13,1,0
01:40:00,501204012,14,1,0,1,0
01:40:00,501204013,5,2,9,1,0
01:40:00,501204014,9,0,7,1,0
01:40:00,501204015,10,0,5,1,0
01:40:00,501204016,2,0,18,1,0
01:40:00,501204017,3,0,12,1,0
01:40:00,501204018,9,0,15,1,0
01:40:00,501204020,2,2,18,1,0
01:40:00,501204021,0,0,20,1,0
01:40:00,501204022,0,0,16,1,0
01:40:00,501204023,11,3,4,1,0
01:40:00,501204024,0,0,0,2,0
01:40:00,501204025,13,0,6,1,0
01:40:00,501205001,7,0,10,1,0
01:40:00,501205003,15,2,4,1,0
01:40:00,501205004,8,3,8,1,0
01:40:00,501205005,9,1,13,1,0
01:40:00,501205006,9,0,11,1,0
01:40:00,501205007,6,1,6,1,0
01:40:00,501205008,14,2,12,1,0
01:40:00,501205009,13,0,32,1,0
01:40:00,501205010,1,0,13,1,0
01:40:00,501205011,1,1,30,1,0
01:40:00,501205012,17,1,3,1,0
01:40:00,501205013,5,0,16,1,0
01:40:00,501205014,16,9,7,1,0
01:40:00,501205015,5,1,12,1,0
01:40:00,501205018,3,0,14,1,0
01:40:00,501205019,10,0,18,1,0
01:40:00,501205020,2,1,28,1,0
01:40:00,501205021,7,2,8,1,0
01:40:00,501205022,9,1,6,1,0
01:40:00,501205023,10,2,4,1,0
01:40:00,501205025,18,0,10,1,0
01:40:00,501205026,8,0,11,1,0
01:40:00,501205027,1,0,9,1,0
01:40:00,501205028,7,0,8,1,0
01:40:00,501205029,8,0,2,1,0
01:40:00,501205030,9,0,1,1,0
01:40:00,501205033,4,0,11,1,0
01:40:00,501205034,12,0,16,1,0
01:40:00,501205035,11,3,5,1,0
01:40:00,501205036,5,1,10,1,0
01:40:00,501205037,5,0,11,1,0
01:40:00,501205038,8,0,12,1,0
01:40:00,501205039,5,1,15,1,0
01:40:00,501205040,19,1,6,1,0
01:40:00,501205041,5,0,12,1,0
01:40:00,501205042,4,0,25,1,0
01:40:00,501208011,29,7,8,1,0
01:40:00,501208013,37,1,17,1,0
01:40:00,501208014,17,0,21,1,0
01:40:00,501208015,5,0,9,1,0
01:40:00,501208018,3,0,11,1,0
01:40:00,501208021,8,0,9,1,0
01:40:00,501208027,6,0,23,1,0
01:40:00,501208029,16,3,6,1,0
01:40:00,501208030,19,2,19,1,0
01:40:00,501208032,3,1,25,1,0
01:40:00,501208040,8,1,11,1,0
01:40:00,501208041,3,0,12,1,0
01:40:00,501208045,2,1,29,1,0
01:40:00,501208051,3,0,32,1,0
01:40:00,501208053,15,0,6,1,0
01:40:00,501208054,1,0,27,1,0
01:40:00,501208059,1,0,26,1,0
01:40:00,501208064,3,0,17,1,0
01:40:00,501208077,8,0,2,1,0
01:40:00,501208079,2,0,19,1,0
01:40:00,501208082,3,0,7,1,0
01:40:00,501208085,16,3,1,1,0
01:40:00,501208087,16,0,15,1,0
01:40:00,501208089,18,1,7,1,0
01:40:00,501208091,4,1,39,1,0
01:40:00,501208111,9,2,6,1,0
01:40:00,501208113,6,0,14,1,0
01:40:00,501208114,5,0,15,1,0
01:40:00,501208129,8,0,15,1,0
01:40:00,501208130,1,0,14,1,0
01:40:00,501209002,17,0,3,1,0
01:40:00,501209003,5,1,9,1,0
01:40:00,501209004,6,0,8,1,0
01:40:00,501209005,2,2,16,1,0
01:40:00,501209006,7,2,12,1,0
01:40:00,501209007,13,3,2,1,0
01:40:00,501209009,0,0,0,2,0
01:40:00,501209010,13,0,1,1,0
01:40:00,501209011,4,0,21,1,0
01:40:00,501209014,6,0,6,1,0
01:40:00,501209015,10,1,5,1,0
01:40:00,501209016,2,2,27,1,0
01:40:00,501209017,8,0,5,1,0
01:40:00,501209018,7,1,10,1,0
01:40:00,501209019,4,1,21,1,0
01:40:00,501209020,5,0,26,1,0
01:40:00,501209021,3,0,11,1,0
01:40:00,501209022,6,0,4,1,0
01:40:00,501209023,1,0,41,1,0
01:40:00,501209024,10,1,32,1,0
01:40:00,501209025,2,0,13,1,0
01:40:00,501209026,0,0,23,1,0
01:40:00,501209027,6,0,13,1,0
01:40:00,501209028,2,0,26,1,0
01:40:00,501209030,11,0,7,1,0
01:40:00,501209031,7,0,23,1,0
01:40:00,501209032,0,0,28,1,0
01:40:00,501209033,8,2,12,1,0
01:40:00,501209034,7,0,8,1,0
01:40:00,501209035,0,0,28,1,0
01:40:00,501209036,13,1,16,1,0
01:40:00,501209037,12,2,24,1,0
01:40:00,501209038,13,1,2,1,0
01:40:00,501209039,2,0,28,1,0
01:40:00,501209040,1,0,30,1,0
01:40:00,501209042,3,1,17,1,0
01:40:00,501209043,7,0,17,1,0
01:40:00,501209044,12,4,3,1,0
01:40:00,501209045,7,0,8,1,0
01:40:00,501209046,4,2,18,1,0
01:40:00,501209047,8,3,6,1,0
01:40:00,501209049,1,0,19,1,0
01:40:00,501209050,12,4,1,1,0
01:40:00,501209051,10,0,14,1,0
01:40:00,501209052,3,0,17,1,0
01:40:00,501209053,2,1,18,1,0
01:40:00,501209054,12,2,15,1,0
01:40:00,501209056,14,0,1,1,0
01:40:00,501209058,14,3,2,1,0
01:40:00,501209059,4,0,11,1,0
01:40:00,501209060,5,2,15,1,0
01:40:00,501209062,2,0,13,1,0
01:40:00,501209064,10,1,5,1,0
01:40:00,501209065,3,1,12,1,0
01:40:00,501209066,10,2,4,1,0
01:40:00,501209067,8,0,6,1,0
01:40:00,501209068,4,0,13,1,0
01:40:00,501209069,2,1,61,1,0
01:40:00,501209070,15,1,2,1,0
01:40:00,501209071,6,0,11,1,0
01:40:00,501209073,11,3,4,1,0
01:40:00,501209074,17,0,6,1,0
01:40:00,501209075,7,0,7,1,0
01:40:00,501209076,1,0,22,1,0
01:40:00,501209077,4,1,11,1,0
01:40:00,501209078,7,2,6,1,0
01:40:00,501209079,4,0,21,1,0
01:40:00,501209080,2,0,24,1,0
01:40:00,501209081,9,2,6,1,0
01:40:00,501209084,3,1,20,1,0
01:40:00,501209085,14,1,12,1,0
01:40:00,501209087,5,3,34,1,0
01:40:00,501209088,7,1,8,1,0
01:40:00,501209089,1,0,19,1,0
01:40:00,501209090,11,1,3,1,0
01:40:00,501209091,1,1,15,1,0
01:40:00,501209092,14,0,2,1,0
01:40:00,501209093,9,0,6,1,0
01:40:00,501209094,11,2,5,1,0
01:40:00,501209095,4,2,10,1,0
01:40:00,501209096,10,1,3,1,0
01:40:00,501209097,5,2,10,1,0
01:40:00,501209098,5,1,10,1,0
01:40:00,501209099,5,0,15,1,0
01:40:00,501209100,12,0,1,1,0
01:40:00,501209101,5,0,10,1,0
01:40:00,501209102,2,0,18,1,0
01:40:00,501209104,7,1,12,1,0
01:40:00,501209105,15,1,10,1,0
01:40:00,501209106,3,0,15,1,0
01:40:00,501211001,27,7,10,1,0
01:40:00,501211002,6,0,9,1,0
01:40:00,501211004,5,1,10,1,0
01:40:00,501211005,3,1,16,1,0
01:40:00,501211006,4,0,12,1,0
01:40:00,501211007,7,0,12,1,0
01:40:00,501211009,9,0,9,1,0
01:40:00,501211011,16,1,14,1,0
01:40:00,501211012,8,1,10,1,0
01:50:00,501201001,0,0,0,2,0
01:50:00,501201002,16,0,24,1,0
01:50:00,501201003,5,0,18,1,0
01:50:00,501201004,11,1,3,1,0
01:50:00,501201005,5,0,14,1,0
01:50:00,501201006,8,0,20,1,0
01:50:00,501201007,6,0,13,1,0
01:50:00,501201008,9,2,16,1,0
01:50:00,501201010,3,0,7,1,0
01:50:00,501201011,5,0,16,1,0
01:50:00,501201012,24,2,16,1,0
01:50:00,501201013,7,0,15,1,0
01:50:00,501201014,11,0,8,1,0
01:50:00,501201015,1,1,24,1,0
01:50:00,501201016,18,1,6,1,0
01:50:00,501201017,16,1,11,1,0
01:50:00,501201018,8,0,16,1,0
01:50:00,501201019,16,2,12,1,0
01:50:00,501201020,8,0,16,1,0
01:50:00,501201021,8,0,7,1,0
01:50:00,501201022,8,0,8,1,0
01:50:00,501201023,1,0,27,1,0
01:50:00,501201024,9,0,14,1,0
01:50:00,501201025,8,2,16,1,0
01:50:00,501201026,13,0,6,1,0
01:50:00,501201028,5,0,14,1,0
01:50:00,501201029,7,1,6,1,0
01:50:00,501201030,6,0,8,1,0
01:50:00,501201031,9,2,8,1,0
01:50:00,501202001,2,1,12,1,0
01:50:00,501202003,3,1,37,1,0
01:50:00,501202013,8,0,9,1,0
01:50:00,501202023,7,0,6,1,0
01:50:00,501202024,5,0,10,1,0
01:50:00,501202034,6,2,9,1,0
01:50:00,501202035,21,0,7,1,0
01:50:00,501202036,22,0,17,1,0
01:50:00,501202040,4,0,41,1,0
01:50:00,501202043,23,3,1,1,0
01:50:00,501202044,0,0,0,2,0
01:50:00,501202047,1,0,21,1,0
01:50:00,501202050,15,0,1,1,0
01:50:00,501202055,11,0,4,1,0
01:50:00,501202058,9,0,6,1,0
01:50:00,501202065,13,1,2,1,0
01:50:00,501202068,5,0,12,1,0
01:50:00,501202070,10,0,6,1,0
01:50:00,501202078,6,0,19,1,0
01:50:00,501202080,14,1,12,1,0
01:50:00,501202081,15,1,8,1,0
01:50:00,501202082,3,0,18,1,0
01:50:00,501202083,8,0,16,1,0
01:50:00,501202084,1,0,23,1,0
01:50:00,501202085,4,0,31,1,0
01:50:00,501202088,4,0,26,1,0
01:50:00,501202089,3,0,26,1,0
01:50:00,501202096,12,2,1,1,0
01:50:00,501203001,1,0,19,1,0
01:50:00,501203002,5,0,17,1,0
01:50:00,501203003,0,0,93,1,0
01:50:00,501203005,3,0,17,1,0
01:50:00,501203006,1,0,14,1,0
01:50:00,501203007,11,0,4,1,0
01:50:00,501203008,6,0,10,1,0
01:50:00,501203010,16,1,17,1,0
01:50:00,501203011,31,10,6,1,0
01:50:00,501203012,5,2,11,1,0
01:50:00,501203013,7,2,17,1,0
01:50:00,501203015,10,2,2,1,0
01:50:00,501203020,13,0,7,1,0
01:50:00,501203022,8,2,11,1,0
01:50:00,501203023,6,0,12,1,0
01:50:00,501203028,10,1,15,1,0
01:50:00,501203040,0,0,22,1,0
01:50:00,501203045,7,0,11,1,0
01:50:00,501203050,13,1,47,1,0
01:50:00,501203051,0,0,24,1,0
01:50:00,501203053,9,0,17,1,0
01:50:00,501203054,7,0,15,1,0
01:50:00,501203064,12,0,3,1,0
01:50:00,501203065,15,3,1,1,0
01:50:00,501203070,5,1,10,1,0
01:50:00,501203073,4,0,20,1,0
01:50:00,501203076,5,0,11,1,0
01:50:00,501203078,12,2,4,1,0
01:50:00,501203080,7,0,8,1,0
01:50:00,501203084,5,0,6,1,0
01:50:00,501203085,5,1,5,1,0
01:50:00,501203088,4,0,10,1,0
01:50:00,501203089,1,0,11,1,0
01:50:00,501203090,6,1,3,1,0
01:50:00,501203091,9,2,4,1,0
01:50:00,501203092,4,0,16,1,0
01:50:00,501203100,7,0,12,1,0
01:50:00,501203101,0,0,0,2,0
01:50:00,501203102,10,1,9,1,0
01:50:00,501203104,13,2,5,1,0
01:50:00,501203105,6,3,5,1,0
01:50:00,501203107,0,0,0,2,0
01:50:00,501203109,4,0,22,1,0
01:50:00,501203110,2,1,39,1,0
01:50:00,501203111,9,3,2,1,0
01:50:00,501203113,6,0,12,1,0
01:50:00,501203114,10,0,40,1,0
01:50:00,501203117,0,0,0,2,0
01:50:00,501203118,11,1,8,1,0
01:50:00,501203121,24,2,0,1,0
01:50:00,501203122,13,1,7,1,0
01:50:00,501203125,9,0,16,1,0
01:50:00,501203131,10,2,10,1,0
01:50:00,501203140,14,0,27,1,0
01:50:00,501203141,5,1,11,1,0
01:50:00,501203142,3,0,71,1,0
01:50:00,501203145,10,2,5,1,0
01:50:00,501203151,12,0,6,1,0
01:50:00,501203155,5,1,14,1,0
01:50:00,501203157,1,0,16,1,0
01:50:00,501203159,2,1,18,1,0
01:50:00,501203161,1,0,17,1,0
01:50:00,501203162,14,0,7,1,0
01:50:00,501203163,13,2,3,1,0
01:50:00,501204001,16,1,9,1,0
01:50:00,501204002,2,0,33,1,0
01:50:00,501204003,13,0,29,1,0
01:50:00,501204004,0,0,14,1,0
01:50:00,501204005,20,4,0,1,0
01:50:00,501204007,3,0,33,1,0
01:50:00,501204008,0,0,14,1,0
01:50:00,501204009,0,0,0,2,0
01:50:00,501204010,0,0,0,2,0
01:50:00,501204011,2,0,13,1,0
01:50:00,501204012,14,1,0,1,0
01:50:00,501204013,5,2,9,1,0
01:50:00,501204014,9,0,7,1,0
01:50:00,501204015,10,0,5,1,0
01:50:00,501204016,2,0,18,1,0
01:50:00,501204017,2,0,13,1,0
01:50:00,501204018,9,0,15,1,0
01:50:00,501204020,2,2,18,1,0
01:50:00,501204021,0,0,20,1,0
01:50:00,501204022,0,0,16,1,0
01:50:00,501204023,11,3,4,1,0
01:50:00,501204024,0,0,0,2,0
01:50:00,501204025,13,0,6,1,0
01:50:00,501205001,7,0,10,1,0
01:50:00,501205003,15,2,4,1,0
01:50:00,501205004,8,3,8,1,0
01:50:00,501205005,9,1,13,1,0
01:50:00,501205006,9,0,11,1,0
01:50:00,501205007,6,1,6,1,0
01:50:00,501205008,14,2,12,1,0
01:50:00,501205009,10,0,35,1,0
01:50:00,501205010,0,0,14,1,0
01:50:00,501205011,1,1,30,1,0
01:50:00,501205012,18,1,2,1,0
01:50:00,501205013,5,0,16,1,0
01:50:00,501205014,16,9,7,1,0
01:50:00,501205015,5,1,12,1,0
01:50:00,501205018,3,0,14,1,0
01:50:00,501205019,10,0,18,1,0
01:50:00,501205020,2,1,28,1,0
01:50:00,501205021,7,2,8,1,0
01:50:00,501205022,9,1,6,1,0
01:50:00,501205023,8,1,6,1,0
01:50:00,501205025,18,0,10,1,0
01:50:00,501205026,8,0,11,1,0
01:50:00,501205027,1,0,9,1,0
01:50:00,501205028,7,0,8,1,0
01:50:00,501205029,8,0,2,1,0
01:50:00,501205030,9,0,1,1,0
01:50:00,501205033,4,0,11,1,0
01:50:00,501205034,12,0,16,1,0
01:50:00,501205035,11,3,5,1,0
01:50:00,501205036,5,1,10,1,0
01:50:00,501205037,4,0,12,1,0
01:50:00,501205038,8,0,12,1,0
01:50:00,501205039,5,1,15,1,0
01:50:00,501205040,14,1,11,1,0
01:50:00,501205041,5,0,12,1,0
01:50:00,501205042,4,0,25,1,0
01:50:00,501208011,29,7,8,1,0
01:50:00,501208013,37,1,17,1,0
01:50:00,501208014,17,0,21,1,0
01:50:00,501208015,5,0,9,1,0
01:50:00,501208018,3,0,11,1,0
01:50:00,501208021,8,0,9,1,0
01:50:00,501208027,6,0,23,1,0
01:50:00,501208029,16,3,6,1,0
01:50:00,501208030,19,2,19,1,0
01:50:00,501208032,3,1,25,1,0
01:50:00,501208040,8,1,11,1,0
01:50:00,501208041,3,0,12,1,0
01:50:00,501208045,2,1,29,1,0
01:50:00,501208051,3,0,32,1,0
01:50:00,501208053,15,0,6,1,0
01:50:00,501208054,1,0,27,1,0
01:50:00,501208059,1,0,26,1,0
01:50:00,501208064,3,0,17,1,0
01:50:00,501208077,8,0,2,1,0
01:50:00,501208079,2,0,19,1,0
01:50:00,501208082,3,0,7,1,0
01:50:00,501208085,16,2,1,1,0
01:50:00,501208087,15,0,16,1,0
01:50:00,501208089,18,1,7,1,0
01:50:00,501208091,4,1,39,1,0
01:50:00,501208111,9,2,6,1,0
01:50:00,501208113,6,0,14,1,0
01:50:00,501208114,5,0,15,1,0
01:50:00,501208129,8,0,15,1,0
01:50:00,501208130,1,0,14,1,0
01:50:00,501209002,17,0,3,1,0
01:50:00,501209003,5,1,9,1,0
01:50:00,501209004,6,0,8,1,0
01:50:00,501209005,2,2,16,1,0
01:50:00,501209006,7,2,12,1,0
01:50:00,501209007,13,3,2,1,0
01:50:00,501209009,0,0,0,2,0
01:50:00,501209010,13,0,1,1,0
01:50:00,501209011,4,0,21,1,0
01:50:00,501209014,6,0,6,1,0
01:50:00,501209015,10,1,5,1,0
01:50:00,501209016,2,2,27,1,0
01:50:00,501209017,8,0,5,1,0
01:50:00,501209018,7,1,10,1,0
01:50:00,501209019,4,1,21,1,0
01:50:00,501209020,5,0,26,1,0
01:50:00,501209021,2,0,12,1,0
01:50:00,501209022,6,0,4,1,0
01:50:00,501209023,1,0,41,1,0
01:50:00,501209024,10,1,32,1,0
01:50:00,501209025,2,0,13,1,0
01:50:00,501209026,0,0,23,1,0
01:50:00,501209027,6,0,13,1,0
01:50:00,501209028,1,0,27,1,0
01:50:00,501209030,11,0,7,1,0
01:50:00,501209031,7,0,23,1,0
01:50:00,501209032,0,0,28,1,0
01:50:00,501209033,8,2,12,1,0
01:50:00,501209034,7,0,8,1,0
01:50:00,501209035,0,0,28,1,0
01:50:00,501209036,15,2,14,1,0
01:50:00,501209037,12,2,24,1,0
01:50:00,501209038,13,1,2,1,0
01:50:00,501209039,2,0,28,1,0
01:50:00,501209040,1,0,30,1,0
01:50:00,501209042,3,1,17,1,0
01:50:00,501209043,7,0,17,1,0
01:50:00,501209044,12,4,3,1,0
01:50:00,501209045,8,0,7,1,0
01:50:00,501209046,4,2,18,1,0
01:50:00,501209047,8,3,6,1,0
01:50:00,501209049,1,0,19,1,0
01:50:00,501209050,12,4,1,1,0
01:50:00,501209051,10,0,14,1,0
01:50:00,501209052,3,0,17,1,0
01:50:00,501209053,2,1,18,1,0
01:50:00,501209054,10,2,17,1,0
01:50:00,501209056,14,0,1,1,0
01:50:00,501209058,14,3,2,1,0
01:50:00,501209059,4,0,11,1,0
01:50:00,501209060,5,2,15,1,0
01:50:00,501209062,2,0,13,1,0
01:50:00,501209064,10,1,5,1,0
01:50:00,501209065,3,1,12,1,0
01:50:00,501209066,10,2,4,1,0
01:50:00,501209067,8,0,6,1,0
01:50:00,501209068,3,0,14,1,0
01:50:00,501209069,2,1,61,1,0
01:50:00,501209070,16,1,1,1,0
01:50:00,501209071,6,0,11,1,0
01:50:00,501209073,11,3,4,1,0
01:50:00,501209074,17,0,6,1,0
01:50:00,501209075,7,0,7,1,0
01:50:00,501209076,1,0,22,1,0
01:50:00,501209077,4,1,11,1,0
01:50:00,501209078,7,2,6,1,0
01:50:00,501209079,4,0,21,1,0
01:50:00,501209080,2,0,24,1,0
01:50:00,501209081,9,2,6,1,0
01:50:00,501209084,2,0,21,1,0
01:50:00,501209085,14,1,12,1,0
01:50:00,501209087,5,3,34,1,0
01:50:00,501209088,7,1,8,1,0
01:50:00,501209089,1,0,19,1,0
01:50:00,501209090,11,1,3,1,0
01:50:00,501209091,1,1,15,1,0
01:50:00,501209092,14,0,2,1,0
01:50:00,501209093,9,0,6,1,0
01:50:00,501209094,11,2,5,1,0
01:50:00,501209095,4,2,10,1,0
01:50:00,501209096,10,1,3,1,0
01:50:00,501209097,5,2,10,1,0
01:50:00,501209098,5,1,10,1,0
01:50:00,501209099,5,0,15,1,0
01:50:00,501209100,12,0,1,1,0
01:50:00,501209101,5,0,10,1,0
01:50:00,501209102,2,0,18,1,0
01:50:00,501209104,7,1,12,1,0
01:50:00,501209105,15,1,10,1,0
01:50:00,501209106,3,0,15,1,0
01:50:00,501211001,27,7,10,1,0
01:50:00,501211002,6,0,9,1,0
01:50:00,501211004,5,1,10,1,0
01:50:00,501211005,3,1,16,1,0
01:50:00,501211006,4,0,12,1,0
01:50:00,501211007,7,0,12,1,0
01:50:00,501211009,9,0,9,1,0
01:50:00,501211011,16,1,14,1,0
01:50:00,501211012,8,1,10,1,0
02:00:00,501201001,0,0,0,2,0
02:00:00,501201002,18,0,22,1,0
02:00:00,501201003,5,0,18,1,0
02:00:00,501201004,11,1,3,1,0
02:00:00,501201005,4,0,15,1,0
02:00:00,501201006,8,0,20,1,0
02:00:00,501201007,8,2,11,1,0
02:00:00,501201008,9,2,16,1,0
02:00:00,501201010,3,0,7,1,0
02:00:00,501201011,5,0,16,1,0
02:00:00,501201012,24,2,16,1,0
02:00:00,501201013,7,0,15,1,0
02:00:00,501201014,11,0,8,1,0
02:00:00,501201015,1,1,24,1,0
02:00:00,501201016,19,1,5,1,0
02:00:00,501201017,16,1,11,1,0
02:00:00,501201018,8,0,16,1,0
02:00:00,501201019,16,2,12,1,0
02:00:00,501201020,8,0,16,1,0
02:00:00,501201021,8,0,7,1,0
02:00:00,501201022,8,0,8,1,0
02:00:00,501201023,1,0,27,1,0
02:00:00,501201024,9,0,14,1,0
02:00:00,501201025,7,1,17,1,0
02:00:00,501201026,13,0,6,1,0
02:00:00,501201028,5,0,14,1,0
02:00:00,501201029,7,1,6,1,0
02:00:00,501201030,7,0,7,1,0
02:00:00,501201031,9,2,8,1,0
02:00:00,501202001,2,1,12,1,0
02:00:00,501202003,3,1,37,1,0
02:00:00,501202013,8,0,9,1,0
02:00:00,501202023,7,0,6,1,0
02:00:00,501202024,5,0,10,1,0
02:00:00,501202034,6,2,9,1,0
02:00:00,501202035,21,0,7,1,0
02:00:00,501202036,21,0,18,1,0
02:00:00,501202040,4,0,41,1,0
02:00:00,501202043,23,3,1,1,0
02:00:00,501202044,0,0,0,2,0
02:00:00,501202047,1,0,21,1,0
02:00:00,501202050,10,0,6,1,0
02:00:00,501202055,12,1,3,1,0
02:00:00,501202058,9,0,6,1,0
02:00:00,501202065,13,1,2,1,0
02:00:00,501202068,5,0,12,1,0
02:00:00,501202070,10,0,6,1,0
02:00:00,501202078,6,0,19,1,0
02:00:00,501202080,14,1,12,1,0
02:00:00,501202081,15,1,8,1,0
02:00:00,501202082,3,0,18,1,0
02:00:00,501202083,8,0,16,1,0
02:00:00,501202084,3,0,21,1,0
02:00:00,501202085,4,0,31,1,0
02:00:00,501202088,4,0,26,1,0
02:00:00,501202089,3,0,26,1,0
02:00:00,501202096,12,2,1,1,0
02:00:00,501203001,1,0,19,1,0
02:00:00,501203002,5,0,17,1,0
02:00:00,501203003,0,0,93,1,0
02:00:00,501203005,3,0,17,1,0
02:00:00,501203006,1,0,14,1,0
02:00:00,501203007,12,0,3,1,0
02:00:00,501203008,6,0,10,1,0
02:00:00,501203010,16,1,17,1,0
02:00:00,501203011,31,10,6,1,0
02:00:00,501203012,5,2,11,1,0
02:00:00,501203013,7,2,17,1,0
02:00:00,501203015,10,2,2,1,0
02:00:00,501203020,13,0,7,1,0
02:00:00,501203022,8,2,11,1,0
02:00:00,501203023,6,0,12,1,0
02:00:00,501203028,10,1,15,1,0
02:00:00,501203040,0,0,22,1,0
02:00:00,501203045,7,0,11,1,0
02:00:00,501203050,13,1,47,1,0
02:00:00,501203051,0,0,24,1,0
02:00:00,501203053,10,0,16,1,0
02:00:00,501203054,7,0,15,1,0
02:00:00,501203064,12,0,3,1,0
02:00:00,501203065,15,3,1,1,0
02:00:00,501203070,5,1,10,1,0
02:00:00,501203073,4,0,20,1,0
02:00:00,501203076,5,0,11,1,0
02:00:00,501203078,12,2,4,1,0
02:00:00,501203080,7,0,8,1,0
02:00:00,501203084,5,0,6,1,0
02:00:00,501203085,5,1,5,1,0
02:00:00,501203088,4,0,10,1,0
02:00:00,501203089,1,0,11,1,0
02:00:00,501203090,6,1,3,1,0
02:00:00,501203091,9,2,4,1,0
02:00:00,501203092,4,0,16,1,0
02:00:00,501203100,7,0,12,1,0
02:00:00,501203101,0,0,0,2,0
02:00:00,501203102,10,1,9,1,0
02:00:00,501203104,13,2,5,1,0
02:00:00,501203105,6,3,5,1,0
02:00:00,501203107,0,0,0,2,0
02:00:00,501203109,4,0,22,1,0
02:00:00,501203110,2,1,39,1,0
02:00:00,501203111,9,3,2,1,0
02:00:00,501203113,6,0,12,1,0
02:00:00,501203114,10,0,40,1,0
02:00:00,501203117,0,0,0,2,0
02:00:00,501203118,11,1,8,1,0
02:00:00,501203121,24,2,0,1,0
02:00:00,501203122,13,1,7,1,0
02:00:00,501203125,9,0,16,1,0
02:00:00,501203131,10,2,10,1,0
02:00:00,501203140,14,0,27,1,0
02:00:00,501203141,5,1,11,1,0
02:00:00,501203142,7,0,67,1,0
02:00:00,501203145,10,2,5,1,0
02:00:00,501203151,11,0,7,1,0
02:00:00,501203155,5,1,14,1,0
02:00:00,501203157,1,0,16,1,0
02:00:00,501203159,2,1,18,1,0
02:00:00,501203161,1,0,17,1,0
02:00:00,501203162,14,0,7,1,0
02:00:00,501203163,13,2,3,1,0
02:00:00,501204001,16,1,9,1,0
02:00:00,501204002,2,0,33,1,0
02:00:00,501204003,13,0,29,1,0
02:00:00,501204004,0,0,14,1,0
02:00:00,501204005,20,4,0,1,0
02:00:00,501204007,3,0,33,1,0
02:00:00,501204008,0,0,14,1,0
02:00:00,501204009,0,0,0,2,0
02:00:00,501204010,0,0,0,2,0
02:00:00,501204011,2,0,13,1,0
02:00:00,501204012,14,1,0,1,0
02:00:00,501204013,5,2,9,1,0
02:00:00,501204014,9,0,7,1,0
02:00:00,501204015,10,0,5,1,0
02:00:00,501204016,1,0,19,1,0
02:00:00,501204017,3,0,12,1,0
02:00:00,501204018,10,0,14,1,0
02:00:00,501204020,2,2,18,1,0
02:00:00,501204021,0,0,20,1,0
02:00:00,501204022,0,0,16,1,0
02:00:00,501204023,11,3,4,1,0
02:00:00,501204024,0,0,0,2,0
02:00:00,501204025,13,0,6,1,0
02:00:00,501205001,7,0,10,1,0
02:00:00,501205003,14,1,5,1,0
02:00:00,501205004,8,3,8,1,0
02:00:00,501205005,9,1,13,1,0
02:00:00,501205006,9,0,11,1,0
02:00:00,501205007,5,0,7,1,0
02:00:00,501205008,14,2,12,1,0
02:00:00,501205009,11,1,34,1,0
02:00:00,501205010,0,0,14,1,0
02:00:00,501205011,1,1,30,1,0
02:00:00,501205012,18,1,2,1,0
02:00:00,501205013,5,0,16,1,0
02:00:00,501205014,16,9,7,1,0
02:00:00,501205015,5,1,12,1,0
02:00:00,501205018,4,0,13,1,0
02:00:00,501205019,10,0,18,1,0
02:00:00,501205020,2,1,28,1,0
02:00:00,501205021,7,2,8,1,0
02:00:00,501205022,9,1,6,1,0
02:00:00,501205023,8,2,6,1,0
02:00:00,501205025,18,0,10,1,0
02:00:00,501205026,8,0,11,1,0
02:00:00,501205027,1,0,9,1,0
02:00:00,501205028,7,0,8,1,0
02:00:00,501205029,8,0,2,1,0
02:00:00,501205030,9,0,1,1,0
02:00:00,501205033,4,0,11,1,0
02:00:00,501205034,12,0,16,1,0
02:00:00,501205035,11,3,5,1,0
02:00:00,501205036,5,1,10,1,0
02:00:00,501205037,4,0,12,1,0
02:00:00,501205038,8,0,12,1,0
02:00:00,501205039,5,1,15,1,0
02:00:00,501205040,14,1,11,1,0
02:00:00,501205041,6,1,11,1,0
02:00:00,501205042,4,0,25,1,0
02:00:00,501208011,29,7,8,1,0
02:00:00,501208013,38,1,16,1,0
02:00:00,501208014,17,0,21,1,0
02:00:00,501208015,5,0,9,1,0
02:00:00,501208018,3,0,11,1,0
02:00:00,501208021,8,0,9,1,0
02:00:00,501208027,6,0,23,1,0
02:00:00,501208029,16,3,6,1,0
02:00:00,501208030,19,2,19,1,0
02:00:00,501208032,3,1,25,1,0
02:00:00,501208040,8,1,11,1,0
02:00:00,501208041,3,0,12,1,0
02:00:00,501208045,2,1,29,1,0
02:00:00,501208051,3,0,32,1,0
02:00:00,501208053,15,0,6,1,0
02:00:00,501208054,1,0,27,1,0
02:00:00,501208059,1,0,26,1,0
02:00:00,501208064,3,0,17,1,0
02:00:00,501208077,8,0,2,1,0
02:00:00,501208079,2,0,19,1,0
02:00:00,501208082,3,0,7,1,0
02:00:00,501208085,16,2,1,1,0
02:00:00,501208087,15,0,16,1,0
02:00:00,501208089,18,1,7,1,0
02:00:00,501208091,4,1,39,1,0
02:00:00,501208111,9,2,6,1,0
02:00:00,501208113,6,0,14,1,0
02:00:00,501208114,5,0,15,1,0
02:00:00,501208129,8,0,15,1,0
02:00:00,501208130,1,0,14,1,0
02:00:00,501209002,17,0,3,1,0
02:00:00,501209003,5,1,9,1,0
02:00:00,501209004,6,0,8,1,0
02:00:00,501209005,2,2,16,1,0
02:00:00,501209006,7,2,12,1,0
02:00:00,501209007,13,3,2,1,0
02:00:00,501209009,0,0,0,2,0
02:00:00,501209010,13,0,1,1,0
02:00:00,501209011,4,0,21,1,0
02:00:00,501209014,6,0,6,1,0
02:00:00,501209015,10,1,5,1,0
02:00:00,501209016,2,2,27,1,0
02:00:00,501209017,8,0,5,1,0
02:00:00,501209018,7,1,10,1,0
02:00:00,501209019,4,1,21,1,0
02:00:00,501209020,5,0,26,1,0
02:00:00,501209021,2,0,12,1,0
02:00:00,501209022,6,0,4,1,0
02:00:00,501209023,1,0,41,1,0
02:00:00,501209024,10,1,32,1,0
02:00:00,501209025,2,0,13,1,0
02:00:00,501209026,0,0,23,1,0
02:00:00,501209027,6,0,13,1,0
02:00:00,501209028,1,0,27,1,0
02:00:00,501209030,11,0,7,1,0
02:00:00,501209031,7,0,23,1,0
02:00:00,501209032,0,0,28,1,0
02:00:00,501209033,8,2,12,1,0
02:00:00,501209034,7,0,8,1,0
02:00:00,501209035,0,0,28,1,0
02:00:00,501209036,15,2,14,1,0
02:00:00,501209037,12,2,24,1,0
02:00:00,501209038,13,1,2,1,0
02:00:00,501209039,2,0,28,1,0
02:00:00,501209040,1,0,30,1,0
02:00:00,501209042,3,1,17,1,0
02:00:00,501209043,7,0,17,1,0
02:00:00,501209044,12,4,3,1,0
02:00:00,501209045,8,0,7,1,0
02:00:00,501209046,4,2,18,1,0
02:00:00,501209047,8,3,6,1,0
02:00:00,501209049,1,0,19,1,0
02:00:00,501209050,12,4,1,1,0
02:00:00,501209051,10,0,14,1,0
02:00:00,501209052,3,0,17,1,0
02:00:00,501209053,2,1,18,1,0
02:00:00,501209054,10,2,17,1,0
02:00:00,501209056,14,0,1,1,0
02:00:00,501209058,14,3,2,1,0
02:00:00,501209059,4,0,11,1,0
02:00:00,501209060,5,2,15,1,0
02:00:00,501209062,2,0,13,1,0
02:00:00,501209064,10,1,5,1,0
02:00:00,501209065,3,1,12,1,0
02:00:00,501209066,10,2,4,1,0
02:00:00,501209067,8,0,6,1,0
02:00:00,501209068,3,0,14,1,0
02:00:00,501209069,2,1,61,1,0
02:00:00,501209070,16,1,1,1,0
02:00:00,501209071,6,0,11,1,0
02:00:00,501209073,11,3,4,1,0
02:00:00,501209074,17,0,6,1,0
02:00:00,501209075,7,0,7,1,0
02:00:00,501209076,1,0,22,1,0
02:00:00,501209077,4,1,11,1,0
02:00:00,501209078,7,2,6,1,0
02:00:00,501209079,4,0,21,1,0
02:00:00,501209080,2,0,24,1,0
02:00:00,501209081,9,2,6,1,0
02:00:00,501209084,2,0,21,1,0
02:00:00,501209085,14,1,12,1,0
02:00:00,501209087,4,2,35,1,0
02:00:00,501209088,7,1,8,1,0
02:00:00,501209089,1,0,19,1,0
02:00:00,501209090,12,1,2,1,0
02:00:00,501209091,1,1,15,1,0
02:00:00,501209092,14,0,2,1,0
02:00:00,501209093,9,0,6,1,0
02:00:00,501209094,11,2,5,1,0
02:00:00,501209095,4,2,10,1,0
02:00:00,501209096,10,1,3,1,0
02:00:00,501209097,5,2,10,1,0
02:00:00,501209098,5,1,10,1,0
02:00:00,501209099,5,0,15,1,0
02:00:00,501209100,12,0,1,1,0
02:00:00,501209101,5,0,10,1,0
02:00:00,501209102,2,0,18,1,0
02:00:00,501209104,7,1,12,1,0
02:00:00,501209105,15,1,10,1,0
02:00:00,501209106,3,0,15,1,0
02:00:00,501211001,27,7,10,1,0
02:00:00,501211002,6,0,9,1,0
02:00:00,501211004,5,1,10,1,0
02:00:00,501211005,3,1,16,1,0
02:00:00,501211006,4,0,12,1,0
02:00:00,501211007,7,0,12,1,0
02:00:00,501211009,9,0,9,1,0
02:00:00,501211011,16,1,14,1,0
02:00:00,501211012,8,1,10,1,0
02:10:00,501201001,0,0,0,2,0
02:10:00,501201002,18,0,22,1,0
02:10:00,501201003,5,0,18,1,0
02:10:00,501201004,11,1,3,1,0
02:10:00,501201005,3,0,16,1,0
02:10:00,501201006,8,0,20,1,0
02:10:00,501201007,7,1,12,1,0
02:10:00,501201008,9,2,16,1,0
02:10:00,501201010,3,0,7,1,0
02:10:00,501201011,5,0,16,1,0
02:10:00,501201012,24,2,16,1,0
02:10:00,501201013,7,0,15,1,0
02:10:00,501201014,11,0,8,1,0
02:10:00,501201015,1,1,24,1,0
02:10:00,501201016,20,2,5,1,0
02:10:00,501201017,7,0,20,1,0
02:10:00,501201018,8,0,16,1,0
02:10:00,501201019,16,2,12,1,0
02:10:00,501201020,8,0,16,1,0
02:10:00,501201021,8,0,7,1,0
02:10:00,501201022,8,0,8,1,0
02:10:00,501201023,1,0,27,1,0
02:10:00,501201024,10,0,13,1,0
02:10:00,501201025,7,1,17,1,0
02:10:00,501201026,13,0,6,1,0
02:10:00,501201028,5,0,14,1,0
02:10:00,501201029,7,1,6,1,0
02:10:00,501201030,7,0,7,1,0
02:10:00,501201031,9,2,8,1,0
02:10:00,501202001,2,1,12,1,0
02:10:00,501202003,3,1,37,1,0
02:10:00,501202013,8,0,9,1,0
02:10:00,501202023,7,0,6,1,0
02:10:00,501202024,5,0,10,1,0
02:10:00,501202034,6,2,9,1,0
02:10:00,501202035,20,0,8,1,0
02:10:00,501202036,21,0,18,1,0
02:10:00,501202040,4,0,41,1,0
02:10:00,501202043,23,3,1,1,0
02:10:00,501202044,0,0,0,2,0
02:10:00,501202047,1,0,21,1,0
02:10:00,501202050,10,0,6,1,0
02:10:00,501202055,13,1,2,1,0
02:10:00,501202058,9,0,6,1,0
02:10:00,501202065,12,0,3,1,0
02:10:00,501202068,5,0,12,1,0
02:10:00,501202070,10,0,6,1,0
02:10:00,501202078,6,0,19,1,0
02:10:00,501202080,13,0,13,1,0
02:10:00,501202081,15,1,8,1,0
02:10:00,501202082,3,0,18,1,0
02:10:00,501202083,8,0,16,1,0
02:10:00,501202084,2,0,22,1,0
02:10:00,501202085,4,0,31,1,0
02:10:00,501202088,4,0,26,1,0
02:10:00,501202089,3,0,26,1,0
02:10:00,501202096,12,2,1,1,0
02:10:00,501203001,1,0,19,1,0
02:10:00,501203002,5,0,17,1,0
02:10:00,501203003,0,0,93,1,0
02:10:00,501203005,3,0,17,1,0
02:10:00,501203006,1,0,14,1,0
02:10:00,501203007,12,0,3,1,0
02:10:00,501203008,6,0,10,1,0
02:10:00,501203010,16,1,17,1,0
02:10:00,501203011,31,10,6,1,0
02:10:00,501203012,5,2,11,1,0
02:10:00,501203013,7,2,17,1,0
02:10:00,501203015,10,2,2,1,0
02:10:00,501203020,13,0,7,1,0
02:10:00,501203022,8,2,11,1,0
02:10:00,501203023,6,0,12,1,0
02:10:00,501203028,10,1,15,1,0
02:10:00,501203040,0,0,22,1,0
02:10:00,501203045,7,0,11,1,0
02:10:00,501203050,13,1,47,1,0
02:10:00,501203051,0,0,24,1,0
02:10:00,501203053,10,0,16,1,0
02:10:00,501203054,7,0,15,1,0
02:10:00,501203064,12,0,3,1,0
02:10:00,501203065,15,3,1,1,0
02:10:00,501203070,5,1,10,1,0
02:10:00,501203073,4,0,20,1,0
02:10:00,501203076,5,0,11,1,0
02:10:00,501203078,12,2,4,1,0
02:10:00,501203080,7,1,8,1,0
02:10:00,501203084,5,0,6,1,0
02:10:00,501203085,5,1,5,1,0
02:10:00,501203088,4,0,10,1,0
02:10:00,501203089,1,0,11,1,0
02:10:00,501203090,6,1,3,1,0
02:10:00,501203091,9,2,4,1,0
02:10:00,501203092,4,0,16,1,0
02:10:00,501203100,7,0,12,1,0
02:10:00,501203101,0,0,0,2,0
02:10:00,501203102,10,1,9,1,0
02:10:00,501203104,13,2,5,1,0
02:10:00,501203105,6,3,5,1,0
02:10:00,501203107,0,0,0,2,0
02:10:00,501203109,4,0,22,1,0
02:10:00,501203110,2,1,39,1,0
02:10:00,501203111,9,3,2,1,0
02:10:00,501203113,6,0,12,1,0
02:10:00,501203114,10,0,40,1,0
02:10:00,501203117,0,0,0,2,0
02:10:00,501203118,11,1,8,1,0
02:10:00,501203121,24,2,0,1,0
02:10:00,501203122,13,1,7,1,0
02:10:00,501203125,9,0,16,1,0
02:10:00,501203131,10,2,10,1,0
02:10:00,501203140,13,0,28,1,0
02:10:00,501203141,5,1,11,1,0
02:10:00,501203142,7,0,67,1,0
02:10:00,501203145,10,2,5,1,0
02:10:00,501203151,10,0,8,1,0
02:10:00,501203155,5,1,14,1,0
02:10:00,501203157,1,0,16,1,0
02:10:00,501203159,2,1,18,1,0
02:10:00,501203161,1,0,17,1,0
02:10:00,501203162,14,0,7,1,0
02:10:00,501203163,13,2,3,1,0
02:10:00,501204001,16,1,9,1,0
02:10:00,501204002,2,0,33,1,0
02:10:00,501204003,13,0,29,1,0
02:10:00,501204004,0,0,14,1,0
02:10:00,501204005,20,4,0,1,0
02:10:00,501204007,3,0,33,1,0
02:10:00,501204008,0,0,14,1,0
02:10:00,501204009,0,0,0,2,0
02:10:00,501204010,0,0,0,2,0
02:10:00,501204011,2,0,13,1,0
02:10:00,501204012,13,0,1,1,0
02:10:00,501204013,5,2,9,1,0
02:10:00,501204014,9,0,7,1,0
02:10:00,501204015,9,0,6,1,0
02:10:00,501204016,1,0,19,1,0
02:10:00,501204017,3,0,12,1,0
02:10:00,501204018,10,0,14,1,0
02:10:00,501204020,2,2,18,1,0
02:10:00,501204021,0,0,20,1,0
02:10:00,501204022,0,0,16,1,0
02:10:00,501204023,11,3,4,1,0
02:10:00,501204024,0,0,0,2,0
02:10:00,501204025,13,0,6,1,0
02:10:00,501205001,7,0,10,1,0
02:10:00,501205003,14,1,5,1,0
02:10:00,501205004,8,3,8,1,0
02:10:00,501205005,9,1,13,1,0
02:10:00,501205006,8,0,12,1,0
02:10:00,501205007,5,0,7,1,0
02:10:00,501205008,14,2,12,1,0
02:10:00,501205009,11,1,34,1,0
02:10:00,501205010,6,0,8,1,0
02:10:00,501205011,1,1,30,1,0
02:10:00,501205012,18,1,2,1,0
02:10:00,501205013,5,0,16,1,0
02:10:00,501205014,16,9,7,1,0
02:10:00,501205015,5,1,12,1,0
02:10:00,501205018,4,0,13,1,0
02:10:00,501205019,10,0,18,1,0
02:10:00,501205020,2,1,28,1,0
02:10:00,501205021,7,2,8,1,0
02:10:00,501205022,9,1,6,1,0
02:10:00,501205023,8,2,6,1,0
02:10:00,501205025,18,0,10,1,0
02:10:00,501205026,8,0,11,1,0
02:10:00,501205027,1,0,9,1,0
02:10:00,501205028,7,0,8,1,0
02:10:00,501205029,8,0,2,1,0
02:10:00,501205030,9,0,1,1,0
02:10:00,501205033,4,0,11,1,0
02:10:00,501205034,12,0,16,1,0
02:10:00,501205035,11,3,5,1,0
02:10:00,501205036,5,1,10,1,0
02:10:00,501205037,4,0,12,1,0
02:10:00,501205038,8,0,12,1,0
02:10:00,501205039,5,1,15,1,0
02:10:00,501205040,14,1,11,1,0
02:10:00,501205041,6,1,11,1,0
02:10:00,501205042,4,0,25,1,0
02:10:00,501208011,30,7,7,1,0
02:10:00,501208013,38,1,16,1,0
02:10:00,501208014,17,0,21,1,0
02:10:00,501208015,5,0,9,1,0
02:10:00,501208018,3,0,11,1,0
02:10:00,501208021,8,0,9,1,0
02:10:00,501208027,6,0,23,1,0
02:10:00,501208029,16,3,6,1,0
02:10:00,501208030,18,1,20,1,0
02:10:00,501208032,3,1,25,1,0
02:10:00,501208040,8,1,11,1,0
02:10:00,501208041,3,0,12,1,0
02:10:00,501208045,2,1,29,1,0
02:10:00,501208051,3,0,32,1,0
02:10:00,501208053,15,0,6,1,0
02:10:00,501208054,1,0,27,1,0
02:10:00,501208059,1,0,26,1,0
02:10:00,501208064,3,0,17,1,0
02:10:00,501208077,8,0,2,1,0
02:10:00,501208079,2,0,19,1,0
02:10:00,501208082,3,0,7,1,0
02:10:00,501208085,16,2,1,1,0
02:10:00,501208087,15,0,16,1,0
02:10:00,501208089,18,1,7,1,0
02:10:00,501208091,4,1,39,1,0
02:10:00,501208111,9,2,6,1,0
02:10:00,501208113,6,0,14,1,0
02:10:00,501208114,5,0,15,1,0
02:10:00,501208129,8,0,15,1,0
02:10:00,501208130,1,0,14,1,0
02:10:00,501209002,17,0,3,1,0
02:10:00,501209003,5,1,9,1,0
02:10:00,501209004,6,0,8,1,0
02:10:00,501209005,2,2,16,1,0
02:10:00,501209006,7,2,12,1,0
02:10:00,501209007,13,3,2,1,0
02:10:00,501209009,0,0,0,2,0
02:10:00,501209010,13,0,1,1,0
02:10:00,501209011,4,0,21,1,0
02:10:00,501209014,6,0,6,1,0
02:10:00,501209015,10,1,5,1,0
02:10:00,501209016,2,2,27,1,0
02:10:00,501209017,8,0,5,1,0
02:10:00,501209018,8,1,9,1,0
02:10:00,501209019,4,1,21,1,0
02:10:00,501209020,5,0,26,1,0
02:10:00,501209021,2,0,12,1,0
02:10:00,501209022,6,0,4,1,0
02:10:00,501209023,1,0,41,1,0
02:10:00,501209024,10,1,32,1,0
02:10:00,501209025,2,0,13,1,0
02:10:00,501209026,0,0,23,1,0
02:10:00,501209027,6,0,13,1,0
02:10:00,501209028,1,0,27,1,0
02:10:00,501209030,11,0,7,1,0
02:10:00,501209031,7,0,23,1,0
02:10:00,501209032,0,0,28,1,0
02:10:00,501209033,8,2,12,1,0
02:10:00,501209034,7,0,8,1,0
02:10:00,501209035,0,0,28,1,0
02:10:00,501209036,15,2,14,1,0
02:10:00,501209037,12,2,24,1,0
02:10:00,501209038,13,1,2,1,0
02:10:00,501209039,2,0,28,1,0
02:10:00,501209040,1,0,30,1,0
02:10:00,501209042,5,1,15,1,0
02:10:00,501209043,7,0,17,1,0
02:10:00,501209044,12,4,3,1,0
02:10:00,501209045,8,0,7,1,0
02:10:00,501209046,4,2,18,1,0
02:10:00,501209047,8,3,6,1,0
02:10:00,501209049,1,0,19,1,0
02:10:00,501209050,12,4,1,1,0
02:10:00,501209051,10,0,14,1,0
02:10:00,501209052,3,0,17,1,0
02:10:00,501209053,2,1,18,1,0
02:10:00,501209054,9,1,17,1,0
02:10:00,501209056,14,0,1,1,0
02:10:00,501209058,13,3,3,1,0
02:10:00,501209059,4,0,11,1,0
02:10:00,501209060,5,2,15,1,0
02:10:00,501209062,2,0,13,1,0
02:10:00,501209064,10,1,5,1,0
02:10:00,501209065,3,1,12,1,0
02:10:00,501209066,10,2,4,1,0
02:10:00,501209067,8,0,6,1,0
02:10:00,501209068,3,0,14,1,0
02:10:00,501209069,2,1,61,1,0
02:10:00,501209070,16,1,1,1,0
02:10:00,501209071,6,0,11,1,0
02:10:00,501209073,11,3,4,1,0
02:10:00,501209074,17,0,6,1,0
02:10:00,501209075,7,0,7,1,0
02:10:00,501209076,1,0,22,1,0
02:10:00,501209077,4,1,11,1,0
02:10:00,501209078,7,2,6,1,0
02:10:00,501209079,4,0,21,1,0
02:10:00,501209080,2,0,24,1,0
02:10:00,501209081,9,2,6,1,0
02:10:00,501209084,2,0,21,1,0
02:10:00,501209085,14,1,12,1,0
02:10:00,501209087,4,2,35,1,0
02:10:00,501209088,7,1,8,1,0
02:10:00,501209089,1,0,19,1,0
02:10:00,501209090,12,1,2,1,0
02:10:00,501209091,1,1,15,1,0
02:10:00,501209092,14,0,2,1,0
02:10:00,501209093,9,0,6,1,0
02:10:00,501209094,11,2,5,1,0
02:10:00,501209095,5,2,9,1,0
02:10:00,501209096,10,1,3,1,0
02:10:00,501209097,5,2,10,1,0
02:10:00,501209098,5,1,10,1,0
02:10:00,501209099,5,0,15,1,0
02:10:00,501209100,12,0,1,1,0
02:10:00,501209101,5,0,10,1,0
02:10:00,501209102,2,0,18,1,0
02:10:00,501209104,7,1,12,1,0
02:10:00,501209105,15,1,10,1,0
02:10:00,501209106,3,0,15,1,0
02:10:00,501211001,27,7,10,1,0
02:10:00,501211002,6,0,9,1,0
02:10:00,501211004,5,1,10,1,0
02:10:00,501211005,3,1,16,1,0
02:10:00,501211006,4,0,12,1,0
02:10:00,501211007,7,0,12,1,0
02:10:00,501211009,9,0,9,1,0
02:10:00,501211011,16,1,14,1,0
02:10:00,501211012,8,1,10,1,0
02:20:00,501201001,0,0,0,2,0
02:20:00,501201002,18,0,22,1,0
02:20:00,501201003,5,0,18,1,0
02:20:00,501201004,11,1,3,1,0
02:20:00,501201005,8,1,11,1,0
02:20:00,501201006,8,0,20,1,0
02:20:00,501201007,6,0,13,1,0
02:20:00,501201008,9,2,16,1,0
02:20:00,501201010,3,0,7,1,0
02:20:00,501201011,5,0,16,1,0
02:20:00,501201012,24,2,16,1,0
02:20:00,501201013,7,0,15,1,0
02:20:00,501201014,11,0,8,1,0
02:20:00,501201015,1,1,24,1,0
02:20:00,501201016,14,2,11,1,0
02:20:00,501201017,7,0,20,1,0
02:20:00,501201018,8,0,16,1,0
02:20:00,501201019,17,1,11,1,0
02:20:00,501201020,8,0,16,1,0
02:20:00,501201021,8,0,7,1,0
02:20:00,501201022,8,0,8,1,0
02:20:00,501201023,1,0,27,1,0
02:20:00,501201024,9,0,14,1,0
02:20:00,501201025,7,1,17,1,0
02:20:00,501201026,14,1,5,1,0
02:20:00,501201028,5,0,14,1,0
02:20:00,501201029,7,1,6,1,0
02:20:00,501201030,7,0,7,1,0
02:20:00,501201031,9,2,8,1,0
02:20:00,501202001,2,1,12,1,0
02:20:00,501202003,3,1,37,1,0
02:20:00,501202013,8,0,9,1,0
02:20:00,501202023,7,0,6,1,0
02:20:00,501202024,5,0,10,1,0
02:20:00,501202034,6,2,9,1,0
02:20:00,501202035,20,0,8,1,0
02:20:00,501202036,21,0,18,1,0
02:20:00,501202040,4,0,41,1,0
02:20:00,501202043,23,3,1,1,0
02:20:00,501202044,0,0,0,2,0
02:20:00,501202047,1,0,21,1,0
02:20:00,501202050,10,0,6,1,0
02:20:00,501202055,13,1,2,1,0
02:20:00,501202058,9,0,6,1,0
02:20:00,501202065,13,1,2,1,0
02:20:00,501202068,5,0,12,1,0
02:20:00,501202070,10,0,6,1,0
02:20:00,501202078,6,0,19,1,0
02:20:00,501202080,16,2,10,1,0
02:20:00,501202081,15,1,8,1,0
02:20:00,501202082,3,0,18,1,0
02:20:00,501202083,7,0,17,1,0
02:20:00,501202084,2,0,22,1,0
02:20:00,501202085,4,0,31,1,0
02:20:00,501202088,4,0,26,1,0
02:20:00,501202089,3,0,26,1,0
02:20:00,501202096,12,2,1,1,0
02:20:00,501203001,1,0,19,1,0
02:20:00,501203002,5,0,17,1,0
02:20:00,501203003,1,1,92,1,0
02:20:00,501203005,3,0,17,1,0
02:20:00,501203006,1,0,14,1,0
02:20:00,501203007,12,0,3,1,0
02:20:00,501203008,6,0,10,1,0
02:20:00,501203010,16,1,17,1,0
02:20:00,501203011,31,10,6,1,0
02:20:00,501203012,5,2,11,1,0
02:20:00,501203013,7,2,17,1,0
02:20:00,501203015,10,2,2,1,0
02:20:00,501203020,13,0,7,1,0
02:20:00,501203022,8,2,11,1,0
02:20:00,501203023,6,0,12,1,0
02:20:00,501203028,10,1,15,1,0
02:20:00,501203040,0,0,22,1,0
02:20:00,501203045,7,0,11,1,0
02:20:00,501203050,12,0,48,1,0
02:20:00,501203051,0,0,24,1,0
02:20:00,501203053,10,0,16,1,0
02:20:00,501203054,7,0,15,1,0
02:20:00,501203064,12,0,3,1,0
02:20:00,501203065,15,3,1,1,0
02:20:00,501203070,5,1,10,1,0
02:20:00,501203073,4,0,20,1,0
02:20:00,501203076,5,0,11,1,0
02:20:00,501203078,12,2,4,1,0
02:20:00,501203080,6,0,9,1,0
02:20:00,501203084,5,0,6,1,0
02:20:00,501203085,5,1,5,1,0
02:20:00,501203088,4,0,10,1,0
02:20:00,501203089,1,0,11,1,0
02:20:00,501203090,6,1,3,1,0
02:20:00,501203091,9,2,4,1,0
02:20:00,501203092,4,0,16,1,0
02:20:00,501203100,7,0,12,1,0
02:20:00,501203101,0,0,0,2,0
02:20:00,501203102,11,1,8,1,0
02:20:00,501203104,13,2,5,1,0
02:20:00,501203105,6,3,5,1,0
02:20:00,501203107,0,0,0,2,0
02:20:00,501203109,4,0,22,1,0
02:20:00,501203110,2,1,39,1,0
02:20:00,501203111,9,3,2,1,0
02:20:00,501203113,6,0,12,1,0
02:20:00,501203114,10,0,40,1,0
02:20:00,501203117,0,0,0,2,0
02:20:00,501203118,11,1,8,1,0
02:20:00,501203121,24,2,0,1,0
02:20:00,501203122,13,1,7,1,0
02:20:00,501203125,9,0,16,1,0
02:20:00,501203131,10,2,10,1,0
02:20:00,501203140,14,0,27,1,0
02:20:00,501203141,5,1,11,1,0
02:20:00,501203142,9,1,65,1,0
02:20:00,501203145,10,2,5,1,0
02:20:00,501203151,12,0,6,1,0
02:20:00,501203155,6,2,13,1,0
02:20:00,501203157,1,0,16,1,0
02:20:00,501203159,2,1,18,1,0
02:20:00,501203161,1,0,17,1,0
02:20:00,501203162,14,0,7,1,0
02:20:00,501203163,13,2,3,1,0
02:20:00,501204001,16,1,9,1,0
02:20:00,501204002,2,0,33,1,0
02:20:00,501204003,11,0,31,1,0
02:20:00,501204004,0,0,14,1,0
02:20:00,501204005,20,4,0,1,0
02:20:00,501204007,3,0,33,1,0
02:20:00,501204008,0,0,14,1,0
02:20:00,501204009,0,0,0,2,0
02:20:00,501204010,0,0,0,2,0
02:20:00,501204011,2,0,13,1,0
02:20:00,501204012,13,0,1,1,0
02:20:00,501204013,5,2,9,1,0
02:20:00,501204014,9,0,7,1,0
02:20:00,501204015,9,0,6,1,0
02:20:00,501204016,1,0,19,1,0
02:20:00,501204017,3,0,12,1,0
02:20:00,501204018,10,0,14,1,0
02:20:00,501204020,2,2,18,1,0
02:20:00,501204021,0,0,20,1,0
02:20:00,501204022,0,0,16,1,0
02:20:00,501204023,11,3,4,1,0
02:20:00,501204024,0,0,0,2,0
02:20:00,501204025,13,0,6,1,0
02:20:00,501205001,7,0,10,1,0
02:20:00,501205003,14,1,5,1,0
02:20:00,501205004,8,3,8,1,0
02:20:00,501205005,9,1,13,1,0
02:20:00,501205006,8,0,12,1,0
02:20:00,501205007,5,0,7,1,0
02:20:00,501205008,14,1,12,1,0
02:20:00,501205009,8,0,37,1,0
02:20:00,501205010,6,0,8,1,0
02:20:00,501205011,1,1,30,1,0
02:20:00,501205012,18,1,2,1,0
02:20:00,501205013,5,0,16,1,0
02:20:00,501205014,16,9,7,1,0
02:20:00,501205015,5,1,12,1,0
02:20:00,501205018,4,0,13,1,0
02:20:00,501205019,10,0,18,1,0
02:20:00,501205020,2,1,28,1,0
02:20:00,501205021,7,2,8,1,0
02:20:00,501205022,9,1,6,1,0
02:20:00,501205023,8,2,6,1,0
02:20:00,501205025,16,0,12,1,0
02:20:00,501205026,8,0,11,1,0
02:20:00,501205027,1,0,9,1,0
02:20:00,501205028,7,0,8,1,0
02:20:00,501205029,8,0,2,1,0
02:20:00,501205030,9,0,1,1,0
02:20:00,501205033,4,0,11,1,0
02:20:00,501205034,12,0,16,1,0
02:20:00,501205035,11,3,5,1,0
02:20:00,501205036,5,1,10,1,0
02:20:00,501205037,4,0,12,1,0
02:20:00,501205038,8,0,12,1,0
02:20:00,501205039,5,1,15,1,0
02:20:00,501205040,14,1,11,1,0
02:20:00,501205041,5,1,12,1,0
02:20:00,501205042,4,0,25,1,0
02:20:00,501208011,29,6,8,1,0
02:20:00,501208013,38,1,16,1,0
02:20:00,501208014,17,0,21,1,0
02:20:00,501208015,5,0,9,1,0
02:20:00,501208018,3,0,11,1,0
02:20:00,501208021,8,0,9,1,0
02:20:00,501208027,6,0,23,1,0
02:20:00,501208029,16,3,6,1,0
02:20:00,501208030,18,1,20,1,0
02:20:00,501208032,3,1,25,1,0
02:20:00,501208040,8,1,11,1,0
02:20:00,501208041,3,0,12,1,0
02:20:00,501208045,2,1,29,1,0
02:20:00,501208051,3,0,32,1,0
02:20:00,501208053,15,0,6,1,0
02:20:00,501208054,1,0,27,1,0
02:20:00,501208059,1,0,26,1,0
02:20:00,501208064,3,0,17,1,0
02:20:00,501208077,8,0,2,1,0
02:20:00,501208079,2,0,19,1,0
02:20:00,501208082,3,0,7,1,0
02:20:00,501208085,16,2,1,1,0
02:20:00,501208087,15,0,16,1,0
02:20:00,501208089,18,1,7,1,0
02:20:00,501208091,4,1,39,1,0
02:20:00,501208111,9,2,6,1,0
02:20:00,501208113,6,0,14,1,0
02:20:00,501208114,5,0,15,1,0
02:20:00,501208129,8,0,15,1,0
02:20:00,501208130,1,0,14,1,0
02:20:00,501209002,16,0,4,1,0
02:20:00,501209003,5,1,9,1,0
02:20:00,501209004,6,0,8,1,0
02:20:00,501209005,2,2,16,1,0
02:20:00,501209006,7,2,12,1,0
02:20:00,501209007,13,3,2,1,0
02:20:00,501209009,0,0,0,2,0
02:20:00,501209010,13,0,1,1,0
02:20:00,501209011,4,0,21,1,0
02:20:00,501209014,6,0,6,1,0
02:20:00,501209015,10,1,5,1,0
02:20:00,501209016,2,2,27,1,0
02:20:00,501209017,8,0,5,1,0
02:20:00,501209018,8,1,9,1,0
02:20:00,501209019,4,1,21,1,0
02:20:00,501209020,5,0,26,1,0
02:20:00,501209021,2,0,12,1,0
02:20:00,501209022,6,0,4,1,0
02:20:00,501209023,1,0,41,1,0
02:20:00,501209024,10,1,32,1,0
02:20:00,501209025,2,0,13,1,0
02:20:00,501209026,0,0,23,1,0
02:20:00,501209027,6,0,13,1,0
02:20:00,501209028,1,0,27,1,0
02:20:00,501209030,11,0,7,1,0
02:20:00,501209031,7,0,23,1,0
02:20:00,501209032,0,0,28,1,0
02:20:00,501209033,8,2,12,1,0
02:20:00,501209034,7,0,8,1,0
02:20:00,501209035,0,0,28,1,0
02:20:00,501209036,15,2,14,1,0
02:20:00,501209037,12,2,24,1,0
02:20:00,501209038,13,1,2,1,0
02:20:00,501209039,2,0,28,1,0
02:20:00,501209040,1,0,30,1,0
02:20:00,501209042,5,1,15,1,0
02:20:00,501209043,7,0,17,1,0
02:20:00,501209044,12,4,3,1,0
02:20:00,501209045,8,0,7,1,0
02:20:00,501209046,4,2,18,1,0
02:20:00,501209047,8,3,6,1,0
02:20:00,501209049,1,0,19,1,0
02:20:00,501209050,12,4,1,1,0
02:20:00,501209051,10,0,14,1,0
02:20:00,501209052,3,0,17,1,0
02:20:00,501209053,2,1,18,1,0
02:20:00,501209054,9,1,17,1,0
02:20:00,501209056,14,0,1,1,0
02:20:00,501209058,13,3,3,1,0
02:20:00,501209059,4,0,11,1,0
02:20:00,501209060,5,2,15,1,0
02:20:00,501209062,2,0,13,1,0
02:20:00,501209064,10,1,5,1,0
02:20:00,501209065,3,1,12,1,0
02:20:00,501209066,10,2,4,1,0
02:20:00,501209067,8,0,6,1,0
02:20:00,501209068,4,1,13,1,0
02:20:00,501209069,2,1,61,1,0
02:20:00,501209070,16,1,1,1,0
02:20:00,501209071,6,0,11,1,0
02:20:00,501209073,11,3,4,1,0
02:20:00,501209074,17,0,6,1,0
02:20:00,501209075,7,0,7,1,0
02:20:00,501209076,1,0,22,1,0
02:20:00,501209077,4,1,11,1,0
02:20:00,501209078,7,2,6,1,0
02:20:00,501209079,4,0,21,1,0
02:20:00,501209080,2,0,24,1,0
02:20:00,501209081,9,2,6,1,0
02:20:00,501209084,2,0,21,1,0
02:20:00,501209085,14,1,12,1,0
02:20:00,501209087,4,2,35,1,0
02:20:00,501209088,7,1,8,1,0
02:20:00,501209089,1,0,19,1,0
02:20:00,501209090,12,1,2,1,0
02:20:00,501209091,1,1,15,1,0
02:20:00,501209092,14,0,2,1,0
02:20:00,501209093,9,0,6,1,0
02:20:00,501209094,11,2,5,1,0
02:20:00,501209095,5,2,9,1,0
02:20:00,501209096,10,1,3,1,0
02:20:00,501209097,5,2,10,1,0
02:20:00,501209098,5,1,10,1,0
02:20:00,501209099,5,0,15,1,0
02:20:00,501209100,12,0,1,1,0
02:20:00,501209101,5,0,10,1,0
02:20:00,501209102,2,0,18,1,0
02:20:00,501209104,7,1,12,1,0
02:20:00,501209105,15,1,10,1,0
02:20:00,501209106,3,0,15,1,0
02:20:00,501211001,27,7,10,1,0
02:20:00,501211002,6,0,9,1,0
02:20:00,501211004,5,1,10,1,0
02:20:00,501211005,3,1,16,1,0
02:20:00,501211006,4,0,12,1,0
02:20:00,501211007,7,0,12,1,0
02:20:00,501211009,9,0,9,1,0
02:20:00,501211011,16,1,14,1,0
02:20:00,501211012,8,1,10,1,0
02:30:00,501201001,0,0,0,2,0
02:30:00,501201002,18,0,22,1,0
02:30:00,501201003,5,0,18,1,0
02:30:00,501201004,11,1,3,1,0
02:30:00,501201005,9,1,10,1,0
02:30:00,501201006,9,1,19,1,0
02:30:00,501201007,5,0,14,1,0
02:30:00,501201008,9,2,16,1,0
02:30:00,501201010,3,0,7,1,0
02:30:00,501201011,5,0,16,1,0
02:30:00,501201012,24,2,16,1,0
02:30:00,501201013,7,0,15,1,0
02:30:00,501201014,11,0,8,1,0
02:30:00,501201015,2,2,23,1,0
02:30:00,501201016,14,2,11,1,0
02:30:00,501201017,8,1,19,1,0
02:30:00,501201018,8,0,16,1,0
02:30:00,501201019,17,1,11,1,0
02:30:00,501201020,8,0,16,1,0
02:30:00,501201021,8,0,7,1,0
02:30:00,501201022,8,0,8,1,0
02:30:00,501201023,1,0,27,1,0
02:30:00,501201024,9,0,14,1,0
02:30:00,501201025,7,1,17,1,0
02:30:00,501201026,14,1,5,1,0
02:30:00,501201028,5,0,14,1,0
02:30:00,501201029,7,1,6,1,0
02:30:00,501201030,7,0,7,1,0
02:30:00,501201031,9,2,8,1,0
02:30:00,501202001,3,1,11,1,0
02:30:00,501202003,3,1,37,1,0
02:30:00,501202013,8,0,9,1,0
02:30:00,501202023,7,0,6,1,0
02:30:00,501202024,5,0,10,1,0
02:30:00,501202034,6,2,9,1,0
02:30:00,501202035,20,0,8,1,0
02:30:00,501202036,21,0,18,1,0
02:30:00,501202040,4,0,41,1,0
02:30:00,501202043,23,3,1,1,0
02:30:00,501202044,0,0,0,2,0
02:30:00,501202047,1,0,21,1,0
02:30:00,501202050,9,0,7,1,0
02:30:00,501202055,13,1,2,1,0
02:30:00,501202058,9,0,6,1,0
02:30:00,501202065,13,1,2,1,0
02:30:00,501202068,5,0,12,1,0
02:30:00,501202070,10,0,6,1,0
02:30:00,501202078,8,0,17,1,0
02:30:00,501202080,16,2,10,1,0
02:30:00,501202081,16,1,7,1,0
02:30:00,501202082,3,0,18,1,0
02:30:00,501202083,7,0,17,1,0
02:30:00,501202084,2,0,22,1,0
02:30:00,501202085,4,0,31,1,0
02:30:00,501202088,4,0,26,1,0
02:30:00,501202089,3,0,26,1,0
02:30:00,501202096,12,2,1,1,0
02:30:00,501203001,0,0,20,1,0
02:30:00,501203002,5,0,17,1,0
02:30:00,501203003,9,1,85,1,0
02:30:00,501203005,3,0,17,1,0
02:30:00,501203006,1,0,14,1,0
02:30:00,501203007,12,0,3,1,0
02:30:00,501203008,6,0,10,1,0
02:30:00,501203010,16,1,17,1,0
02:30:00,501203011,31,10,6,1,0
02:30:00,501203012,5,2,11,1,0
02:30:00,501203013,7,2,17,1,0
02:30:00,501203015,10,2,2,1,0
02:30:00,501203020,13,0,7,1,0
02:30:00,501203022,8,2,11,1,0
02:30:00,501203023,6,0,12,1,0
02:30:00,501203028,9,0,16,1,0
02:30:00,501203040,0,0,22,1,0
02:30:00,501203045,7,0,11,1,0
02:30:00,501203050,12,0,48,1,0
02:30:00,501203051,0,0,24,1,0
02:30:00,501203053,10,0,16,1,0
02:30:00,501203054,7,0,15,1,0
02:30:00,501203064,12,0,3,1,0
02:30:00,501203065,15,3,1,1,0
02:30:00,501203070,5,1,10,1,0
02:30:00,501203073,4,0,20,1,0
02:30:00,501203076,5,0,11,1,0
02:30:00,501203078,12,2,4,1,0
02:30:00,501203080,6,0,9,1,0
02:30:00,501203084,5,0,6,1,0
02:30:00,501203085,5,1,5,1,0
02:30:00,501203088,4,0,10,1,0
02:30:00,501203089,1,0,11,1,0
02:30:00,501203090,6,1,3,1,0
02:30:00,501203091,9,2,4,1,0
02:30:00,501203092,4,0,16,1,0
02:30:00,501203100,7,0,12,1,0
02:30:00,501203101,0,0,0,2,0
02:30:00,501203102,11,1,8,1,0
02:30:00,501203104,13,2,5,1,0
02:30:00,501203105,6,3,5,1,0
02:30:00,501203107,0,0,0,2,0
02:30:00,501203109,4,0,22,1,0
02:30:00,501203110,2,1,39,1,0
02:30:00,501203111,9,3,2,1,0
02:30:00,501203113,6,0,12,1,0
02:30:00,501203114,9,0,41,1,0
02:30:00,501203117,0,0,0,2,0
02:30:00,501203118,11,1,8,1,0
02:30:00,501203121,24,2,0,1,0
02:30:00,501203122,13,1,7,1,0
02:30:00,501203125,9,0,16,1,0
02:30:00,501203131,10,2,10,1,0
02:30:00,501203140,14,0,27,1,0
02:30:00,501203141,5,1,11,1,0
02:30:00,501203142,9,1,65,1,0
02:30:00,501203145,10,2,5,1,0
02:30:00,501203151,12,0,6,1,0
02:30:00,501203155,5,1,14,1,0
02:30:00,501203157,1,0,16,1,0
02:30:00,501203159,2,1,18,1,0
02:30:00,501203161,1,0,17,1,0
02:30:00,501203162,14,0,7,1,0
02:30:00,501203163,13,2,3,1,0
02:30:00,501204001,16,1,9,1,0
02:30:00,501204002,2,0,33,1,0
02:30:00,501204003,11,0,31,1,0
02:30:00,501204004,0,0,14,1,0
02:30:00,501204005,20,4,0,1,0
02:30:00,501204007,2,0,34,1,0
02:30:00,501204008,0,0,14,1,0
02:30:00,501204009,0,0,0,2,0
02:30:00,501204010,0,0,0,2,0
02:30:00,501204011,2,0,13,1,0
02:30:00,501204012,13,0,1,1,0
02:30:00,501204013,5,2,9,1,0
02:30:00,501204014,9,0,7,1,0
02:30:00,501204015,9,0,6,1,0
02:30:00,501204016,1,0,19,1,0
02:30:00,501204017,3,0,12,1,0
02:30:00,501204018,10,0,14,1,0
02:30:00,501204020,2,2,18,1,0
02:30:00,501204021,0,0,20,1,0
02:30:00,501204022,0,0,16,1,0
02:30:00,501204023,11,3,4,1,0
02:30:00,501204024,0,0,0,2,0
02:30:00,501204025,13,0,6,1,0
02:30:00,501205001,7,0,10,1,0
02:30:00,501205003,14,1,5,1,0
02:30:00,501205004,8,3,8,1,0
02:30:00,501205005,9,1,13,1,0
02:30:00,501205006,9,1,11,1,0
02:30:00,501205007,5,0,7,1,0
02:30:00,501205008,14,1,12,1,0
02:30:00,501205009,8,0,37,1,0
02:30:00,501205010,6,0,8,1,0
02:30:00,501205011,1,1,30,1,0
02:30:00,501205012,18,1,2,1,0
02:30:00,501205013,5,0,16,1,0
02:30:00,501205014,16,9,7,1,0
02:30:00,501205015,5,1,12,1,0
02:30:00,501205018,4,0,13,1,0
02:30:00,501205019,10,0,18,1,0
02:30:00,501205020,2,1,28,1,0
02:30:00,501205021,7,2,8,1,0
02:30:00,501205022,9,1,6,1,0
02:30:00,501205023,7,1,7,1,0
02:30:00,501205025,16,0,12,1,0
02:30:00,501205026,8,0,11,1,0
02:30:00,501205027,1,0,9,1,0
02:30:00,501205028,7,0,8,1,0
02:30:00,501205029,8,0,2,1,0
02:30:00,501205030,9,0,1,1,0
02:30:00,501205033,4,0,11,1,0
02:30:00,501205034,9,0,19,1,0
02:30:00,501205035,11,3,5,1,0
02:30:00,501205036,5,1,10,1,0
02:30:00,501205037,4,0,12,1,0
02:30:00,501205038,8,0,12,1,0
02:30:00,501205039,5,1,15,1,0
02:30:00,501205040,14,1,11,1,0
02:30:00,501205041,6,1,11,1,0
02:30:00,501205042,4,0,25,1,0
02:30:00,501208011,29,6,8,1,0
02:30:00,501208013,38,1,16,1,0
02:30:00,501208014,17,0,21,1,0
02:30:00,501208015,5,0,9,1,0
02:30:00,501208018,3,0,11,1,0
02:30:00,501208021,8,0,9,1,0
02:30:00,501208027,6,0,23,1,0
02:30:00,501208029,16,3,6,1,0
02:30:00,501208030,18,1,20,1,0
02:30:00,501208032,3,1,25,1,0
02:30:00,501208040,8,1,11,1,0
02:30:00,501208041,3,0,12,1,0
02:30:00,501208045,2,1,29,1,0
02:30:00,501208051,3,0,32,1,0
02:30:00,501208053,15,0,6,1,0
02:30:00,501208054,1,0,27,1,0
02:30:00,501208059,1,0,26,1,0
02:30:00,501208064,3,0,17,1,0
02:30:00,501208077,9,1,1,1,0
02:30:00,501208079,2,0,19,1,0
02:30:00,501208082,3,0,7,1,0
02:30:00,501208085,17,2,0,1,0
02:30:00,501208087,15,0,16,1,0
02:30:00,501208089,18,1,7,1,0
02:30:00,501208091,4,1,39,1,0
02:30:00,501208111,9,2,6,1,0
02:30:00,501208113,6,0,14,1,0
02:30:00,501208114,5,0,15,1,0
02:30:00,501208129,8,0,15,1,0
02:30:00,501208130,1,0,14,1,0
02:30:00,501209002,16,0,4,1,0
02:30:00,501209003,5,1,9,1,0
02:30:00,501209004,6,0,8,1,0
02:30:00,501209005,2,2,16,1,0
02:30:00,501209006,7,2,12,1,0
02:30:00,501209007,13,3,2,1,0
02:30:00,501209009,0,0,0,2,0
02:30:00,501209010,13,0,1,1,0
02:30:00,501209011,4,0,21,1,0
02:30:00,501209014,6,0,6,1,0
02:30:00,501209015,10,1,5,1,0
02:30:00,501209016,2,2,27,1,0
02:30:00,501209017,8,0,5,1,0
02:30:00,501209018,8,1,9,1,0
02:30:00,501209019,4,1,21,1,0
02:30:00,501209020,5,0,26,1,0
02:30:00,501209021,2,0,12,1,0
02:30:00,501209022,6,0,4,1,0
02:30:00,501209023,1,0,41,1,0
02:30:00,501209024,10,1,32,1,0
02:30:00,501209025,2,0,13,1,0
02:30:00,501209026,1,0,22,1,0
02:30:00,501209027,6,0,13,1,0
02:30:00,501209028,1,0,27,1,0
02:30:00,501209030,11,0,7,1,0
02:30:00,501209031,7,0,23,1,0
02:30:00,501209032,0,0,28,1,0
02:30:00,501209033,8,2,12,1,0
02:30:00,501209034,7,0,8,1,0
02:30:00,501209035,0,0,28,1,0
02:30:00,501209036,15,2,14,1,0
02:30:00,501209037,12,2,24,1,0
02:30:00,501209038,13,1,2,1,0
02:30:00,501209039,2,0,28,1,0
02:30:00,501209040,1,0,30,1,0
02:30:00,501209042,5,1,15,1,0
02:30:00,501209043,7,0,17,1,0
02:30:00,501209044,12,4,3,1,0
02:30:00,501209045,8,0,7,1,0
02:30:00,501209046,4,2,18,1,0
02:30:00,501209047,8,3,6,1,0
02:30:00,501209049,1,0,19,1,0
02:30:00,501209050,12,4,1,1,0
02:30:00,501209051,10,0,14,1,0
02:30:00,501209052,3,0,17,1,0
02:30:00,501209053,2,1,18,1,0
02:30:00,501209054,9,1,17,1,0
02:30:00,501209056,14,0,1,1,0
02:30:00,501209058,13,3,3,1,0
02:30:00,501209059,4,0,11,1,0
02:30:00,501209060,3,2,17,1,0
02:30:00,501209062,2,0,13,1,0
02:30:00,501209064,10,1,5,1,0
02:30:00,501209065,3,1,12,1,0
02:30:00,501209066,10,2,4,1,0
02:30:00,501209067,8,0,6,1,0
02:30:00,501209068,4,1,13,1,0
02:30:00,501209069,2,1,61,1,0
02:30:00,501209070,15,0,2,1,0
02:30:00,501209071,6,0,11,1,0
02:30:00,501209073,11,3,4,1,0
02:30:00,501209074,17,0,6,1,0
02:30:00,501209075,7,0,7,1,0
02:30:00,501209076,2,0,21,1,0
02:30:00,501209077,4,1,11,1,0
02:30:00,501209078,7,2,6,1,0
02:30:00,501209079,4,0,21,1,0
02:30:00,501209080,2,0,24,1,0
02:30:00,501209081,9,2,6,1,0
02:30:00,501209084,2,0,21,1,0
02:30:00,501209085,14,1,12,1,0
02:30:00,501209087,4,2,35,1,0
02:30:00,501209088,7,1,8,1,0
02:30:00,501209089,1,0,19,1,0
02:30:00,501209090,12,1,2,1,0
02:30:00,501209091,1,1,15,1,0
02:30:00,501209092,14,0,2,1,0
02:30:00,501209093,9,0,6,1,0
02:30:00,501209094,11,2,5,1,0
02:30:00,501209095,5,2,9,1,0
02:30:00,501209096,10,1,3,1,0
02:30:00,501209097,5,2,10,1,0
02:30:00,501209098,5,1,10,1,0
02:30:00,501209099,5,0,15,1,0
02:30:00,501209100,12,0,1,1,0
02:30:00,501209101,5,0,10,1,0
02:30:00,501209102,2,0,18,1,0
02:30:00,501209104,7,1,12,1,0
02:30:00,501209105,15,1,10,1,0
02:30:00,501209106,5,2,15,1,0
02:30:00,501211001,27,7,10,1,0
02:30:00,501211002,6,0,9,1,0
02:30:00,501211004,5,1,10,1,0
02:30:00,501211005,3,1,16,1,0
02:30:00,501211006,4,0,12,1,0
02:30:00,501211007,7,0,12,1,0
02:30:00,501211009,9,0,9,1,0
02:30:00,501211011,16,1,14,1,0
02:30:00,501211012,8,1,10,1,0
02:40:00,501201001,0,0,0,2,0
02:40:00,501201002,19,1,21,1,0
02:40:00,501201003,5,0,18,1,0
02:40:00,501201004,11,1,3,1,0
02:40:00,501201005,8,0,11,1,0
02:40:00,501201006,9,1,19,1,0
02:40:00,501201007,9,3,10,1,0
02:40:00,501201008,9,2,16,1,0
02:40:00,501201010,3,0,7,1,0
02:40:00,501201011,5,0,16,1,0
02:40:00,501201012,24,2,16,1,0
02:40:00,501201013,7,0,15,1,0
02:40:00,501201014,11,0,8,1,0
02:40:00,501201015,1,1,24,1,0
02:40:00,501201016,15,2,10,1,0
02:40:00,501201017,6,0,21,1,0
02:40:00,501201018,8,0,16,1,0
02:40:00,501201019,18,2,10,1,0
02:40:00,501201020,8,0,16,1,0
02:40:00,501201021,8,0,7,1,0
02:40:00,501201022,8,0,8,1,0
02:40:00,501201023,1,0,27,1,0
02:40:00,501201024,9,0,14,1,0
02:40:00,501201025,7,1,17,1,0
02:40:00,501201026,14,1,5,1,0
02:40:00,501201028,6,1,13,1,0
02:40:00,501201029,7,1,6,1,0
02:40:00,501201030,6,0,8,1,0
02:40:00,501201031,9,2,8,1,0
02:40:00,501202001,3,1,11,1,0
02:40:00,501202003,3,1,37,1,0
02:40:00,501202013,8,0,9,1,0
02:40:00,501202023,8,0,5,1,0
02:40:00,501202024,5,0,10,1,0
02:40:00,501202034,6,2,9,1,0
02:40:00,501202035,20,0,8,1,0
02:40:00,501202036,21,0,18,1,0
02:40:00,501202040,4,0,41,1,0
02:40:00,501202043,22,2,1,1,0
02:40:00,501202044,0,0,0,2,0
02:40:00,501202047,1,0,21,1,0
02:40:00,501202050,8,0,8,1,0
02:40:00,501202055,13,1,2,1,0
02:40:00,501202058,9,0,6,1,0
02:40:00,501202065,13,1,2,1,0
02:40:00,501202068,5,0,12,1,0
02:40:00,501202070,10,0,6,1,0
02:40:00,501202078,8,0,17,1,0
02:40:00,501202080,15,2,11,1,0
02:40:00,501202081,17,2,6,1,0
02:40:00,501202082,3,0,18,1,0
02:40:00,501202083,7,0,17,1,0
02:40:00,501202084,2,0,22,1,0
02:40:00,501202085,4,0,31,1,0
02:40:00,501202088,4,0,26,1,0
02:40:00,501202089,3,0,26,1,0
02:40:00,501202096,12,2,1,1,0
02:40:00,501203001,9,0,11,1,0
02:40:00,501203002,6,0,16,1,0
02:40:00,501203003,9,2,85,1,0
02:40:00,501203005,3,0,17,1,0
02:40:00,501203006,1,0,14,1,0
02:40:00,501203007,12,0,3,1,0
02:40:00,501203008,6,0,10,1,0
02:40:00,501203010,16,1,17,1,0
02:40:00,501203011,31,10,6,1,0
02:40:00,501203012,5,2,11,1,0
02:40:00,501203013,7,2,17,1,0
02:40:00,501203015,10,2,2,1,0
02:40:00,501203020,13,0,7,1,0
02:40:00,501203022,8,2,11,1,0
02:40:00,501203023,6,0,12,1,0
02:40:00,501203028,8,0,17,1,0
02:40:00,501203040,0,0,22,1,0
02:40:00,501203045,7,0,11,1,0
02:40:00,501203050,12,0,48,1,0
02:40:00,501203051,0,0,24,1,0
02:40:00,501203053,10,0,16,1,0
02:40:00,501203054,8,1,14,1,0
02:40:00,501203064,12,0,3,1,0
02:40:00,501203065,15,3,1,1,0
02:40:00,501203070,5,1,10,1,0
02:40:00,501203073,4,0,20,1,0
02:40:00,501203076,5,0,11,1,0
02:40:00,501203078,12,2,4,1,0
02:40:00,501203080,6,0,9,1,0
02:40:00,501203084,5,0,6,1,0
02:40:00,501203085,5,1,5,1,0
02:40:00,501203088,4,0,10,1,0
02:40:00,501203089,0,0,12,1,0
02:40:00,501203090,6,1,3,1,0
02:40:00,501203091,9,2,4,1,0
02:40:00,501203092,4,0,16,1,0
02:40:00,501203100,4,0,15,1,0
02:40:00,501203101,0,0,0,2,0
02:40:00,501203102,11,1,8,1,0
02:40:00,501203104,13,2,5,1,0
02:40:00,501203105,6,3,5,1,0
02:40:00,501203107,0,0,0,2,0
02:40:00,501203109,4,0,22,1,0
02:40:00,501203110,2,1,39,1,0
02:40:00,501203111,9,3,2,1,0
02:40:00,501203113,6,0,12,1,0
02:40:00,501203114,9,0,41,1,0
02:40:00,501203117,0,0,0,2,0
02:40:00,501203118,11,1,8,1,0
02:40:00,501203121,24,2,0,1,0
02:40:00,501203122,13,1,7,1,0
02:40:00,501203125,9,0,16,1,0
02:40:00,501203131,10,2,10,1,0
02:40:00,501203140,14,0,27,1,0
02:40:00,501203141,5,1,11,1,0
02:40:00,501203142,9,1,65,1,0
02:40:00,501203145,10,2,5,1,0
02:40:00,501203151,11,0,7,1,0
02:40:00,501203155,5,1,14,1,0
02:40:00,501203157,1,0,16,1,0
02:40:00,501203159,2,1,18,1,0
02:40:00,501203161,1,0,17,1,0
02:40:00,501203162,14,0,7,1,0
02:40:00,501203163,13,2,3,1,0
02:40:00,501204001,16,1,9,1,0
02:40:00,501204002,2,0,33,1,0
02:40:00,501204003,11,0,31,1,0
02:40:00,501204004,0,0,14,1,0
02:40:00,501204005,20,4,0,1,0
02:40:00,501204007,2,0,34,1,0
02:40:00,501204008,0,0,14,1,0
02:40:00,501204009,0,0,0,2,0
02:40:00,501204010,0,0,0,2,0
02:40:00,501204011,2,0,13,1,0
02:40:00,501204012,13,0,1,1,0
02:40:00,501204013,8,2,6,1,0
02:40:00,501204014,9,0,7,1,0
02:40:00,501204015,9,0,6,1,0
02:40:00,501204016,3,0,17,1,0
02:40:00,501204017,3,0,12,1,0
02:40:00,501204018,10,0,14,1,0
02:40:00,501204020,2,2,18,1,0
02:40:00,501204021,0,0,20,1,0
02:40:00,501204022,0,0,16,1,0
02:40:00,501204023,11,3,4,1,0
02:40:00,501204024,0,0,0,2,0
02:40:00,501204025,13,0,6,1,0
02:40:00,501205001,7,0,10,1,0
02:40:00,501205003,14,1,5,1,0
02:40:00,501205004,8,3,8,1,0
02:40:00,501205005,9,1,13,1,0
02:40:00,501205006,9,1,11,1,0
02:40:00,501205007,5,0,7,1,0
02:40:00,501205008,14,1,12,1,0
02:40:00,501205009,8,0,37,1,0
02:40:00,501205010,6,0,8,1,0
02:40:00,501205011,1,1,30,1,0
02:40:00,501205012,15,1,5,1,0
02:40:00,501205013,5,0,16,1,0
02:40:00,501205014,16,9,7,1,0
02:40:00,501205015,5,1,12,1,0
02:40:00,501205018,4,0,13,1,0
02:40:00,501205019,10,0,18,1,0
02:40:00,501205020,2,1,28,1,0
02:40:00,501205021,7,2,8,1,0
02:40:00,501205022,9,1,6,1,0
02:40:00,501205023,7,1,7,1,0
02:40:00,501205025,16,0,12,1,0
02:40:00,501205026,8,0,11,1,0
02:40:00,501205027,1,0,9,1,0
02:40:00,501205028,7,0,8,1,0
02:40:00,501205029,8,0,2,1,0
02:40:00,501205030,9,0,1,1,0
02:40:00,501205033,4,0,11,1,0
02:40:00,501205034,9,0,19,1,0
02:40:00,501205035,11,3,5,1,0
02:40:00,501205036,5,1,10,1,0
02:40:00,501205037,4,0,12,1,0
02:40:00,501205038,8,0,12,1,0
02:40:00,501205039,5,1,15,1,0
02:40:00,501205040,13,0,12,1,0
02:40:00,501205041,6,1,11,1,0
02:40:00,501205042,4,0,25,1,0
02:40:00,501208011,29,6,8,1,0
02:40:00,501208013,38,1,16,1,0
02:40:00,501208014,17,0,21,1,0
02:40:00,501208015,5,0,9,1,0
02:40:00,501208018,3,0,11,1,0
02:40:00,501208021,8,0,9,1,0
02:40:00,501208027,6,0,23,1,0
02:40:00,501208029,16,3,6,1,0
02:40:00,501208030,18,1,20,1,0
02:40:00,501208032,3,1,25,1,0
02:40:00,501208040,8,1,11,1,0
02:40:00,501208041,3,0,12,1,0
02:40:00,501208045,2,1,29,1,0
02:40:00,501208051,3,0,32,1,0
02:40:00,501208053,15,0,6,1,0
02:40:00,501208054,1,0,27,1,0
02:40:00,501208059,1,0,26,1,0
02:40:00,501208064,3,0,17,1,0
02:40:00,501208077,9,1,1,1,0
02:40:00,501208079,2,0,19,1,0
02:40:00,501208082,3,0,7,1,0
02:40:00,501208085,17,2,0,1,0
02:40:00,501208087,15,0,16,1,0
02:40:00,501208089,18,1,7,1,0
02:40:00,501208091,4,1,39,1,0
02:40:00,501208111,9,2,6,1,0
02:40:00,501208113,6,0,14,1,0
02:40:00,501208114,5,0,15,1,0
02:40:00,501208129,8,0,15,1,0
02:40:00,501208130,1,0,14,1,0
02:40:00,501209002,16,0,4,1,0
02:40:00,501209003,5,1,9,1,0
02:40:00,501209004,6,0,8,1,0
02:40:00,501209005,2,2,16,1,0
02:40:00,501209006,7,2,12,1,0
02:40:00,501209007,13,3,2,1,0
02:40:00,501209009,0,0,0,2,0
02:40:00,501209010,13,0,1,1,0
02:40:00,501209011,4,0,21,1,0
02:40:00,501209014,6,0,6,1,0
02:40:00,501209015,10,1,5,1,0
02:40:00,501209016,2,2,27,1,0
02:40:00,501209017,8,0,5,1,0
02:40:00,501209018,8,1,9,1,0
02:40:00,501209019,4,1,21,1,0
02:40:00,501209020,5,0,26,1,0
02:40:00,501209021,2,0,12,1,0
02:40:00,501209022,6,0,4,1,0
02:40:00,501209023,1,0,41,1,0
02:40:00,501209024,10,1,32,1,0
02:40:00,501209025,2,0,13,1,0
02:40:00,501209026,1,0,22,1,0
02:40:00,501209027,6,0,13,1,0
02:40:00,501209028,1,0,27,1,0
02:40:00,501209030,11,0,7,1,0
02:40:00,501209031,7,0,23,1,0
02:40:00,501209032,0,0,28,1,0
02:40:00,501209033,8,2,12,1,0
02:40:00,501209034,7,0,8,1,0
02:40:00,501209035,0,0,28,1,0
02:40:00,501209036,15,2,14,1,0
02:40:00,501209037,12,2,24,1,0
02:40:00,501209038,13,1,2,1,0
02:40:00,501209039,2,0,28,1,0
02:40:00,501209040,1,0,30,1,0
02:40:00,501209042,5,1,15,1,0
02:40:00,501209043,7,0,17,1,0
02:40:00,501209044,12,4,3,1,0
02:40:00,501209045,8,0,7,1,0
02:40:00,501209046,4,2,18,1,0
02:40:00,501209047,8,3,6,1,0
02:40:00,501209049,1,0,19,1,0
02:40:00,501209050,12,4,1,1,0
02:40:00,501209051,10,0,14,1,0
02:40:00,501209052,3,0,17,1,0
02:40:00,501209053,2,1,18,1,0
02:40:00,501209054,9,1,17,1,0
02:40:00,501209056,14,0,1,1,0
02:40:00,501209058,13,3,3,1,0
02:40:00,501209059,3,0,12,1,0
02:40:00,501209060,3,2,17,1,0
02:40:00,501209062,2,0,13,1,0
02:40:00,501209064,10,1,5,1,0
02:40:00,501209065,3,1,12,1,0
02:40:00,501209066,10,2,4,1,0
02:40:00,501209067,8,0,6,1,0
02:40:00,501209068,4,1,13,1,0
02:40:00,501209069,2,1,61,1,0
02:40:00,501209070,16,0,1,1,0
02:40:00,501209071,6,0,11,1,0
02:40:00,501209073,11,3,4,1,0
02:40:00,501209074,17,0,6,1,0
02:40:00,501209075,7,0,7,1,0
02:40:00,501209076,2,0,21,1,0
02:40:00,501209077,4,1,11,1,0
02:40:00,501209078,7,2,6,1,0
02:40:00,501209079,4,0,21,1,0
02:40:00,501209080,2,0,24,1,0
02:40:00,501209081,9,2,6,1,0
02:40:00,501209084,2,0,21,1,0
02:40:00,501209085,14,1,12,1,0
02:40:00,501209087,4,2,35,1,0
02:40:00,501209088,7,1,8,1,0
02:40:00,501209089,1,0,19,1,0
02:40:00,501209090,12,1,2,1,0
02:40:00,501209091,1,1,15,1,0
02:40:00,501209092,14,0,2,1,0
02:40:00,501209093,9,0,6,1,0
02:40:00,501209094,11,2,5,1,0
02:40:00,501209095,5,2,9,1,0
02:40:00,501209096,10,1,3,1,0
02:40:00,501209097,5,2,10,1,0
02:40:00,501209098,5,1,10,1,0
02:40:00,501209099,5,0,15,1,0
02:40:00,501209100,12,0,1,1,0
02:40:00,501209101,5,0,10,1,0
02:40:00,501209102,2,0,18,1,0
02:40:00,501209104,7,1,12,1,0
02:40:00,501209105,15,1,10,1,0
02:40:00,501209106,5,2,15,1,0
02:40:00,501211001,27,7,10,1,0
02:40:00,501211002,6,0,9,1,0
02:40:00,501211004,5,1,10,1,0
02:40:00,501211005,3,1,16,1,0
02:40:00,501211006,4,0,12,1,0
02:40:00,501211007,7,0,12,1,0
02:40:00,501211009,9,0,9,1,0
02:40:00,501211011,16,1,14,1,0
02:40:00,501211012,8,1,10,1,0
02:50:00,501201001,0,0,0,2,0
02:50:00,501201002,19,1,21,1,0
02:50:00,501201003,5,0,18,1,0
02:50:00,501201004,11,1,3,1,0
02:50:00,501201005,8,0,11,1,0
02:50:00,501201006,9,1,19,1,0
02:50:00,501201007,9,3,10,1,0
02:50:00,501201008,9,2,16,1,0
02:50:00,501201010,3,0,7,1,0
02:50:00,501201011,5,0,16,1,0
02:50:00,501201012,24,2,16,1,0
02:50:00,501201013,7,0,15,1,0
02:50:00,501201014,11,0,8,1,0
02:50:00,501201015,1,1,24,1,0
02:50:00,501201016,16,3,9,1,0
02:50:00,501201017,6,0,21,1,0
02:50:00,501201018,8,0,16,1,0
02:50:00,501201019,18,2,10,1,0
02:50:00,501201020,8,0,16,1,0
02:50:00,501201021,8,0,7,1,0
02:50:00,501201022,7,0,9,1,0
02:50:00,501201023,1,0,27,1,0
02:50:00,501201024,9,0,14,1,0
02:50:00,501201025,7,1,17,1,0
02:50:00,501201026,14,1,5,1,0
02:50:00,501201028,6,1,13,1,0
02:50:00,501201029,7,1,6,1,0
02:50:00,501201030,7,0,7,1,0
02:50:00,501201031,8,2,9,1,0
02:50:00,501202001,3,1,11,1,0
02:50:00,501202003,3,1,37,1,0
02:50:00,501202013,8,0,9,1,0
02:50:00,501202023,9,1,4,1,0
02:50:00,501202024,5,0,10,1,0
02:50:00,501202034,6,2,9,1,0
02:50:00,501202035,17,0,11,1,0
02:50:00,501202036,21,0,18,1,0
02:50:00,501202040,4,0,41,1,0
02:50:00,501202043,22,2,1,1,0
02:50:00,501202044,0,0,0,2,0
02:50:00,501202047,1,0,21,1,0
02:50:00,501202050,8,0,8,1,0
02:50:00,501202055,13,1,2,1,0
02:50:00,501202058,9,0,6,1,0
02:50:00,501202065,13,1,2,1,0
02:50:00,501202068,1,0,16,1,0
02:50:00,501202070,10,0,6,1,0
02:50:00,501202078,8,0,17,1,0
02:50:00,501202080,14,1,12,1,0
02:50:00,501202081,17,2,6,1,0
02:50:00,501202082,3,0,18,1,0
02:50:00,501202083,7,0,17,1,0
02:50:00,501202084,2,0,22,1,0
02:50:00,501202085,6,0,29,1,0
02:50:00,501202088,4,0,26,1,0
02:50:00,501202089,3,0,26,1,0
02:50:00,501202096,12,2,1,1,0
02:50:00,501203001,9,0,11,1,0
02:50:00,501203002,6,0,16,1,0
02:50:00,501203003,9,2,85,1,0
02:50:00,501203005,3,0,17,1,0
02:50:00,501203006,1,0,14,1,0
02:50:00,501203007,12,0,3,1,0
02:50:00,501203008,6,0,10,1,0
02:50:00,501203010,16,1,17,1,0
02:50:00,501203011,31,10,6,1,0
02:50:00,501203012,5,2,11,1,0
02:50:00,501203013,7,2,17,1,0
02:50:00,501203015,10,2,2,1,0
02:50:00,501203020,14,1,6,1,0
02:50:00,501203022,8,2,11,1,0
02:50:00,501203023,6,0,12,1,0
02:50:00,501203028,8,0,17,1,0
02:50:00,501203040,0,0,22,1,0
02:50:00,501203045,7,0,11,1,0
02:50:00,501203050,12,0,48,1,0
02:50:00,501203051,0,0,24,1,0
02:50:00,501203053,10,0,16,1,0
02:50:00,501203054,8,1,14,1,0
02:50:00,501203064,12,0,3,1,0
02:50:00,501203065,15,3,1,1,0
02:50:00,501203070,5,1,10,1,0
02:50:00,501203073,4,0,20,1,0
02:50:00,501203076,5,0,11,1,0
02:50:00,501203078,12,2,4,1,0
02:50:00,501203080,6,0,9,1,0
02:50:00,501203084,5,0,6,1,0
02:50:00,501203085,5,1,5,1,0
02:50:00,501203088,4,0,10,1,0
02:50:00,501203089,0,0,12,1,0
02:50:00,501203090,6,1,3,1,0
02:50:00,501203091,9,2,4,1,0
02:50:00,501203092,4,0,16,1,0
02:50:00,501203100,4,0,15,1,0
02:50:00,501203101,0,0,0,2,0
02:50:00,501203102,11,1,8,1,0
02:50:00,501203104,13,2,5,1,0
02:50:00,501203105,6,3,5,1,0
02:50:00,501203107,0,0,0,2,0
02:50:00,501203109,4,0,22,1,0
02:50:00,501203110,2,1,39,1,0
02:50:00,501203111,9,3,2,1,0
02:50:00,501203113,6,0,12,1,0
02:50:00,501203114,10,0,40,1,0
02:50:00,501203117,0,0,0,2,0
02:50:00,501203118,11,1,8,1,0
02:50:00,501203121,18,2,6,1,0
02:50:00,501203122,13,1,7,1,0
02:50:00,501203125,9,0,16,1,0
02:50:00,501203131,10,2,10,1,0
02:50:00,501203140,14,0,27,1,0
02:50:00,501203141,5,1,11,1,0
02:50:00,501203142,10,2,64,1,0
02:50:00,501203145,10,2,5,1,0
02:50:00,501203151,11,0,7,1,0
02:50:00,501203155,5,1,14,1,0
02:50:00,501203157,1,0,16,1,0
02:50:00,501203159,2,1,18,1,0
02:50:00,501203161,1,0,17,1,0
02:50:00,501203162,14,0,7,1,0
02:50:00,501203163,13,2,3,1,0
02:50:00,501204001,16,1,9,1,0
02:50:00,501204002,1,0,34,1,0
02:50:00,501204003,12,0,30,1,0
02:50:00,501204004,0,0,14,1,0
02:50:00,501204005,20,4,0,1,0
02:50:00,501204007,1,0,35,1,0
02:50:00,501204008,0,0,14,1,0
02:50:00,501204009,0,0,0,2,0
02:50:00,501204010,0,0,0,2,0
02:50:00,501204011,2,0,13,1,0
02:50:00,501204012,13,0,1,1,0
02:50:00,501204013,8,2,6,1,0
02:50:00,501204014,9,0,7,1,0
02:50:00,501204015,9,0,6,1,0
02:50:00,501204016,3,0,17,1,0
02:50:00,501204017,3,0,12,1,0
02:50:00,501204018,11,1,13,1,0
02:50:00,501204020,2,2,18,1,0
02:50:00,501204021,0,0,20,1,0
02:50:00,501204022,0,0,16,1,0
02:50:00,501204023,11,3,4,1,0
02:50:00,501204024,0,0,0,2,0
02:50:00,501204025,13,0,6,1,0
02:50:00,501205001,7,0,10,1,0
02:50:00,501205003,15,1,4,1,0
02:50:00,501205004,8,3,8,1,0
02:50:00,501205005,9,1,13,1,0
02:50:00,501205006,9,1,11,1,0
02:50:00,501205007,5,0,7,1,0
02:50:00,501205008,14,1,12,1,0
02:50:00,501205009,7,0,38,1,0
02:50:00,501205010,6,0,8,1,0
02:50:00,501205011,1,1,30,1,0
02:50:00,501205012,15,1,5,1,0
02:50:00,501205013,5,0,16,1,0
02:50:00,501205014,16,9,7,1,0
02:50:00,501205015,5,1,12,1,0
02:50:00,501205018,4,0,13,1,0
02:50:00,501205019,10,0,18,1,0
02:50:00,501205020,2,1,28,1,0
02:50:00,501205021,7,2,8,1,0
02:50:00,501205022,10,1,5,1,0
02:50:00,501205023,7,1,7,1,0
02:50:00,501205025,16,0,12,1,0
02:50:00,501205026,8,0,11,1,0
02:50:00,501205027,1,0,9,1,0
02:50:00,501205028,7,0,8,1,0
02:50:00,501205029,8,0,2,1,0
02:50:00,501205030,9,0,1,1,0
02:50:00,501205033,4,0,11,1,0
02:50:00,501205034,9,0,19,1,0
02:50:00,501205035,11,3,5,1,0
02:50:00,501205036,5,1,10,1,0
02:50:00,501205037,4,0,12,1,0
02:50:00,501205038,8,0,12,1,0
02:50:00,501205039,5,1,15,1,0
02:50:00,501205040,13,0,12,1,0
02:50:00,501205041,5,0,12,1,0
02:50:00,501205042,4,0,25,1,0
02:50:00,501208011,29,6,8,1,0
02:50:00,501208013,38,1,16,1,0
02:50:00,501208014,17,0,21,1,0
02:50:00,501208015,5,0,9,1,0
02:50:00,501208018,3,0,11,1,0
02:50:00,501208021,8,0,9,1,0
02:50:00,501208027,6,0,23,1,0
02:50:00,501208029,16,3,6,1,0
02:50:00,501208030,18,1,20,1,0
02:50:00,501208032,3,1,25,1,0
02:50:00,501208040,8,1,11,1,0
02:50:00,501208041,3,0,12,1,0
02:50:00,501208045,2,1,29,1,0
02:50:00,501208051,3,0,32,1,0
02:50:00,501208053,15,0,6,1,0
02:50:00,501208054,1,0,27,1,0
02:50:00,501208059,1,0,26,1,0
02:50:00,501208064,3,0,17,1,0
02:50:00,501208077,9,1,1,1,0
02:50:00,501208079,2,0,19,1,0
02:50:00,501208082,2,0,8,1,0
02:50:00,501208085,17,2,0,1,0
02:50:00,501208087,15,0,16,1,0
02:50:00,501208089,18,1,7,1,0
02:50:00,501208091,4,1,39,1,0
02:50:00,501208111,9,2,6,1,0
02:50:00,501208113,6,0,14,1,0
02:50:00,501208114,5,0,15,1,0
02:50:00,501208129,8,0,15,1,0
02:50:00,501208130,1,0,14,1,0
02:50:00,501209002,16,0,4,1,0
02:50:00,501209003,5,1,9,1,0
02:50:00,501209004,6,0,8,1,0
02:50:00,501209005,2,2,16,1,0
02:50:00,501209006,7,2,12,1,0
02:50:00,501209007,13,3,2,1,0
02:50:00,501209009,0,0,0,2,0
02:50:00,501209010,13,0,1,1,0
02:50:00,501209011,4,0,21,1,0
02:50:00,501209014,6,0,6,1,0
02:50:00,501209015,10,1,5,1,0
02:50:00,501209016,2,2,27,1,0
02:50:00,501209017,8,0,5,1,0
02:50:00,501209018,8,1,9,1,0
02:50:00,501209019,4,1,21,1,0
02:50:00,501209020,5,0,26,1,0
02:50:00,501209021,3,0,11,1,0
02:50:00,501209022,6,0,4,1,0
02:50:00,501209023,1,0,41,1,0
02:50:00,501209024,10,1,32,1,0
02:50:00,501209025,2,0,13,1,0
02:50:00,501209026,1,0,22,1,0
02:50:00,501209027,6,0,13,1,0
02:50:00,501209028,1,0,27,1,0
02:50:00,501209030,11,0,7,1,0
02:50:00,501209031,7,0,23,1,0
02:50:00,501209032,0,0,28,1,0
02:50:00,501209033,8,2,12,1,0
02:50:00,501209034,7,0,8,1,0
02:50:00,501209035,0,0,28,1,0
02:50:00,501209036,11,2,18,1,0
02:50:00,501209037,12,2,24,1,0
02:50:00,501209038,13,1,2,1,0
02:50:00,501209039,2,0,28,1,0
02:50:00,501209040,1,0,30,1,0
02:50:00,501209042,5,1,15,1,0
02:50:00,501209043,7,0,17,1,0
02:50:00,501209044,12,4,3,1,0
02:50:00,501209045,8,0,7,1,0
02:50:00,501209046,4,2,18,1,0
02:50:00,501209047,8,3,6,1,0
02:50:00,501209049,1,0,19,1,0
02:50:00,501209050,12,4,1,1,0
02:50:00,501209051,10,0,14,1,0
02:50:00,501209052,3,0,17,1,0
02:50:00,501209053,2,1,18,1,0
02:50:00,501209054,9,1,17,1,0
02:50:00,501209056,14,0,1,1,0
02:50:00,501209058,13,3,3,1,0
02:50:00,501209059,3,0,12,1,0
02:50:00,501209060,3,2,17,1,0
02:50:00,501209062,2,0,13,1,0
02:50:00,501209064,10,1,5,1,0
02:50:00,501209065,3,1,12,1,0
02:50:00,501209066,10,2,4,1,0
02:50:00,501209067,8,0,6,1,0
02:50:00,501209068,4,1,13,1,0
02:50:00,501209069,2,1,61,1,0
02:50:00,501209070,16,0,1,1,0
02:50:00,501209071,6,0,11,1,0
02:50:00,501209073,11,3,4,1,0
02:50:00,501209074,17,0,6,1,0
02:50:00,501209075,7,0,7,1,0
02:50:00,501209076,2,0,21,1,0
02:50:00,501209077,4,1,11,1,0
02:50:00,501209078,7,2,6,1,0
02:50:00,501209079,4,0,21,1,0
02:50:00,501209080,2,0,24,1,0
02:50:00,501209081,9,2,6,1,0
02:50:00,501209084,2,0,21,1,0
02:50:00,501209085,14,1,12,1,0
02:50:00,501209087,4,2,35,1,0
02:50:00,501209088,7,1,8,1,0
02:50:00,501209089,1,0,19,1,0
02:50:00,501209090,12,1,2,1,0
02:50:00,501209091,1,1,15,1,0
02:50:00,501209092,14,0,2,1,0
02:50:00,501209093,9,0,6,1,0
02:50:00,501209094,11,2,5,1,0
02:50:00,501209095,5,2,9,1,0
02:50:00,501209096,10,1,3,1,0
02:50:00,501209097,5,2,10,1,0
02:50:00,501209098,5,1,10,1,0
02:50:00,501209099,5,0,15,1,0
02:50:00,501209100,12,0,1,1,0
02:50:00,501209101,5,0,10,1,0
02:50:00,501209102,2,0,18,1,0
02:50:00,501209104,7,1,12,1,0
02:50:00,501209105,15,1,10,1,0
02:50:00,501209106,5,2,15,1,0
02:50:00,501211001,27,7,10,1,0
02:50:00,501211002,6,0,9,1,0
02:50:00,501211004,5,1,10,1,0
02:50:00,501211005,3,1,16,1,0
02:50:00,501211006,4,0,12,1,0
02:50:00,501211007,7,0,12,1,0
02:50:00,501211009,9,0,9,1,0
02:50:00,501211011,16,1,14,1,0
02:50:00,501211012,8,1,10,1,0
03:00:00,501201001,0,0,0,2,0
03:00:00,501201002,19,1,21,1,0
03:00:00,501201003,6,0,17,1,0
03:00:00,501201004,10,1,4,1,0
03:00:00,501201005,8,0,11,1,0
03:00:00,501201006,9,1,19,1,0
03:00:00,501201007,9,3,10,1,0
03:00:00,501201008,9,2,16,1,0
03:00:00,501201010,3,0,7,1,0
03:00:00,501201011,5,0,16,1,0
03:00:00,501201012,24,2,16,1,0
03:00:00,501201013,7,0,15,1,0
03:00:00,501201014,11,0,8,1,0
03:00:00,501201015,1,1,24,1,0
03:00:00,501201016,16,3,9,1,0
03:00:00,501201017,6,0,21,1,0
03:00:00,501201018,8,0,16,1,0
03:00:00,501201019,19,2,9,1,0
03:00:00,501201020,8,0,16,1,0
03:00:00,501201021,7,0,8,1,0
03:00:00,501201022,7,0,9,1,0
03:00:00,501201023,1,0,27,1,0
03:00:00,501201024,9,0,14,1,0
03:00:00,501201025,7,1,17,1,0
03:00:00,501201026,14,1,5,1,0
03:00:00,501201028,7,2,12,1,0
03:00:00,501201029,7,1,6,1,0
03:00:00,501201030,6,0,8,1,0
03:00:00,501201031,8,2,9,1,0
03:00:00,501202001,3,0,11,1,0
03:00:00,501202003,3,1,37,1,0
03:00:00,501202013,8,0,9,1,0
03:00:00,501202023,9,1,4,1,0
03:00:00,501202024,5,0,10,1,0
03:00:00,501202034,6,2,9,1,0
03:00:00,501202035,17,0,11,1,0
03:00:00,501202036,20,0,19,1,0
03:00:00,501202040,4,0,41,1,0
03:00:00,501202043,22,2,1,1,0
03:00:00,501202044,0,0,0,2,0
03:00:00,501202047,1,0,21,1,0
03:00:00,501202050,8,0,8,1,0
03:00:00,501202055,13,1,2,1,0
03:00:00,501202058,9,0,6,1,0
03:00:00,501202065,14,1,1,1,0
03:00:00,501202068,1,0,16,1,0
03:00:00,501202070,10,0,6,1,0
03:00:00,501202078,7,0,18,1,0
03:00:00,501202080,14,1,12,1,0
03:00:00,501202081,17,1,6,1,0
03:00:00,501202082,3,0,18,1,0
03:00:00,501202083,7,0,17,1,0
03:00:00,501202084,2,0,22,1,0
03:00:00,501202085,6,0,29,1,0
03:00:00,501202088,4,0,26,1,0
03:00:00,501202089,3,0,26,1,0
03:00:00,501202096,13,2,0,1,0
03:00:00,501203001,9,0,11,1,0
03:00:00,501203002,6,0,16,1,0
03:00:00,501203003,8,1,86,1,0
03:00:00,501203005,3,0,17,1,0
03:00:00,501203006,1,0,14,1,0
03:00:00,501203007,12,0,3,1,0
03:00:00,501203008,6,0,10,1,0
03:00:00,501203010,16,1,17,1,0
03:00:00,501203011,31,10,6,1,0
03:00:00,501203012,5,2,11,1,0
03:00:00,501203013,7,2,17,1,0
03:00:00,501203015,10,2,2,1,0
03:00:00,501203020,14,1,6,1,0
03:00:00,501203022,8,2,11,1,0
03:00:00,501203023,6,0,12,1,0
03:00:00,501203028,7,0,18,1,0
03:00:00,501203040,0,0,22,1,0
03:00:00,501203045,8,0,10,1,0
03:00:00,501203050,11,0,49,1,0
03:00:00,501203051,0,0,24,1,0
03:00:00,501203053,10,0,16,1,0
03:00:00,501203054,8,1,14,1,0
03:00:00,501203064,12,0,3,1,0
03:00:00,501203065,15,3,1,1,0
03:00:00,501203070,5,1,10,1,0
03:00:00,501203073,4,0,20,1,0
03:00:00,501203076,5,0,11,1,0
03:00:00,501203078,12,2,4,1,0
03:00:00,501203080,6,0,9,1,0
03:00:00,501203084,5,0,6,1,0
03:00:00,501203085,5,1,5,1,0
03:00:00,501203088,4,0,10,1,0
03:00:00,501203089,0,0,12,1,0
03:00:00,501203090,6,1,3,1,0
03:00:00,501203091,9,2,4,1,0
03:00:00,501203092,4,0,16,1,0
03:00:00,501203100,4,0,15,1,0
03:00:00,501203101,0,0,0,2,0
03:00:00,501203102,11,1,8,1,0
03:00:00,501203104,13,2,5,1,0
03:00:00,501203105,6,3,5,1,0
03:00:00,501203107,0,0,0,2,0
03:00:00,501203109,4,0,22,1,0
03:00:00,501203110,2,1,39,1,0
03:00:00,501203111,9,3,2,1,0
03:00:00,501203113,6,0,12,1,0
03:00:00,501203114,10,0,40,1,0
03:00:00,501203117,0,0,0,2,0
03:00:00,501203118,11,1,8,1,0
03:00:00,501203121,18,2,6,1,0
03:00:00,501203122,13,1,7,1,0
03:00:00,501203125,9,0,16,1,0
03:00:00,501203131,10,2,10,1,0
03:00:00,501203140,16,0,25,1,0
03:00:00,501203141,5,1,11,1,0
03:00:00,501203142,8,1,66,1,0
03:00:00,501203145,10,2,5,1,0
03:00:00,501203151,11,0,7,1,0
03:00:00,501203155,5,1,14,1,0
03:00:00,501203157,1,0,16,1,0
03:00:00,501203159,2,1,18,1,0
03:00:00,501203161,1,0,17,1,0
03:00:00,501203162,14,0,7,1,0
03:00:00,501203163,13,2,3,1,0
03:00:00,501204001,16,1,9,1,0
03:00:00,501204002,1,0,34,1,0
03:00:00,501204003,12,0,30,1,0
03:00:00,501204004,0,0,14,1,0
03:00:00,501204005,10,4,10,1,0
03:00:00,501204007,1,0,35,1,0
03:00:00,501204008,0,0,14,1,0
03:00:00,501204009,0,0,0,2,0
03:00:00,501204010,0,0,0,2,0
03:00:00,501204011,2,0,13,1,0
03:00:00,501204012,13,0,1,1,0
03:00:00,501204013,8,2,6,1,0
03:00:00,501204014,9,0,7,1,0
03:00:00,501204015,9,0,6,1,0
03:00:00,501204016,3,0,17,1,0
03:00:00,501204017,2,0,13,1,0
03:00:00,501204018,11,1,13,1,0
03:00:00,501204020,2,2,18,1,0
03:00:00,501204021,0,0,20,1,0
03:00:00,501204022,0,0,16,1,0
03:00:00,501204023,11,3,4,1,0
03:00:00,501204024,0,0,0,2,0
03:00:00,501204025,13,0,6,1,0
03:00:00,501205001,7,0,10,1,0
03:00:00,501205003,16,1,3,1,0
03:00:00,501205004,8,3,8,1,0
03:00:00,501205005,9,1,13,1,0
03:00:00,501205006,9,1,11,1,0
03:00:00,501205007,5,0,7,1,0
03:00:00,501205008,14,1,12,1,0
03:00:00,501205009,7,0,38,1,0
03:00:00,501205010,6,0,8,1,0
03:00:00,501205011,1,1,30,1,0
03:00:00,501205012,18,1,2,1,0
03:00:00,501205013,5,0,16,1,0
03:00:00,501205014,16,9,7,1,0
03:00:00,501205015,5,1,12,1,0
03:00:00,501205018,4,0,13,1,0
03:00:00,501205019,10,0,18,1,0
03:00:00,501205020,2,1,28,1,0
03:00:00,501205021,7,2,8,1,0
03:00:00,501205022,10,1,5,1,0
03:00:00,501205023,7,1,7,1,0
03:00:00,501205025,16,0,12,1,0
03:00:00,501205026,8,0,11,1,0
03:00:00,501205027,1,0,9,1,0
03:00:00,501205028,7,0,8,1,0
03:00:00,501205029,8,0,2,1,0
03:00:00,501205030,9,0,1,1,0
03:00:00,501205033,4,0,11,1,0
03:00:00,501205034,9,0,19,1,0
03:00:00,501205035,11,3,5,1,0
03:00:00,501205036,5,1,10,1,0
03:00:00,501205037,4,0,12,1,0
03:00:00,501205038,8,0,12,1,0
03:00:00,501205039,5,1,15,1,0
03:00:00,501205040,13,0,12,1,0
03:00:00,501205041,5,0,12,1,0
03:00:00,501205042,4,0,25,1,0
03:00:00,501208011,28,5,8,1,0
03:00:00,501208013,38,1,16,1,0
03:00:00,501208014,17,0,21,1,0
03:00:00,501208015,5,0,9,1,0
03:00:00,501208018,3,0,11,1,0
03:00:00,501208021,8,0,9,1,0
03:00:00,501208027,6,0,23,1,0
03:00:00,501208029,16,3,6,1,0
03:00:00,501208030,18,1,20,1,0
03:00:00,501208032,3,1,25,1,0
03:00:00,501208040,8,1,11,1,0
03:00:00,501208041,3,0,12,1,0
03:00:00,501208045,2,1,29,1,0
03:00:00,501208051,3,0,32,1,0
03:00:00,501208053,15,0,6,1,0
03:00:00,501208054,1,0,27,1,0
03:00:00,501208059,1,0,26,1,0
03:00:00,501208064,3,0,17,1,0
03:00:00,501208077,9,1,1,1,0
03:00:00,501208079,2,0,19,1,0
03:00:00,501208082,2,0,8,1,0
03:00:00,501208085,17,2,0,1,0
03:00:00,501208087,15,0,16,1,0
03:00:00,501208089,18,1,7,1,0
03:00:00,501208091,4,1,39,1,0
03:00:00,501208111,10,2,5,1,0
03:00:00,501208113,6,0,14,1,0
03:00:00,501208114,5,0,15,1,0
03:00:00,501208129,8,0,15,1,0
03:00:00,501208130,1,0,14,1,0
03:00:00,501209002,16,0,4,1,0
03:00:00,501209003,4,0,10,1,0
03:00:00,501209004,6,0,8,1,0
03:00:00,501209005,2,2,16,1,0
03:00:00,501209006,7,2,12,1,0
03:00:00,501209007,13,3,2,1,0
03:00:00,501209009,0,0,0,2,0
03:00:00,501209010,13,0,1,1,0
03:00:00,501209011,4,0,21,1,0
03:00:00,501209014,6,0,6,1,0
03:00:00,501209015,11,2,4,1,0
03:00:00,501209016,2,2,27,1,0
03:00:00,501209017,8,0,5,1,0
03:00:00,501209018,8,1,9,1,0
03:00:00,501209019,4,1,21,1,0
03:00:00,501209020,5,0,26,1,0
03:00:00,501209021,3,0,11,1,0
03:00:00,501209022,6,0,4,1,0
03:00:00,501209023,1,0,41,1,0
03:00:00,501209024,10,1,32,1,0
03:00:00,501209025,2,0,13,1,0
03:00:00,501209026,1,0,22,1,0
03:00:00,501209027,6,0,13,1,0
03:00:00,501209028,1,0,27,1,0
03:00:00,501209030,11,0,7,1,0
03:00:00,501209031,7,0,23,1,0
03:00:00,501209032,0,0,28,1,0
03:00:00,501209033,8,2,12,1,0
03:00:00,501209034,7,0,8,1,0
03:00:00,501209035,0,0,28,1,0
03:00:00,501209036,11,2,18,1,0
03:00:00,501209037,12,2,24,1,0
03:00:00,501209038,13,1,2,1,0
03:00:00,501209039,2,0,28,1,0
03:00:00,501209040,1,0,30,1,0
03:00:00,501209042,5,1,15,1,0
03:00:00,501209043,7,0,17,1,0
03:00:00,501209044,12,4,3,1,0
03:00:00,501209045,8,0,7,1,0
03:00:00,501209046,4,2,18,1,0
03:00:00,501209047,8,3,6,1,0
03:00:00,501209049,1,0,19,1,0
03:00:00,501209050,12,4,1,1,0
03:00:00,501209051,10,0,14,1,0
03:00:00,501209052,3,0,17,1,0
03:00:00,501209053,2,1,18,1,0
03:00:00,501209054,9,1,17,1,0
03:00:00,501209056,14,0,1,1,0
03:00:00,501209058,13,3,3,1,0
03:00:00,501209059,3,0,12,1,0
03:00:00,501209060,4,2,16,1,0
03:00:00,501209062,2,0,13,1,0
03:00:00,501209064,10,1,5,1,0
03:00:00,501209065,3,1,12,1,0
03:00:00,501209066,10,2,4,1,0
03:00:00,501209067,8,0,6,1,0
03:00:00,501209068,4,1,13,1,0
03:00:00,501209069,2,1,61,1,0
03:00:00,501209070,16,0,1,1,0
03:00:00,501209071,6,0,11,1,0
03:00:00,501209073,11,3,4,1,0
03:00:00,501209074,17,0,6,1,0
03:00:00,501209075,7,0,7,1,0
03:00:00,501209076,2,0,21,1,0
03:00:00,501209077,4,1,11,1,0
03:00:00,501209078,7,2,6,1,0
03:00:00,501209079,4,0,21,1,0
03:00:00,501209080,2,0,24,1,0
03:00:00,501209081,9,2,6,1,0
03:00:00,501209084,2,0,21,1,0
03:00:00,501209085,14,1,12,1,0
03:00:00,501209087,4,2,35,1,0
03:00:00,501209088,7,1,8,1,0
03:00:00,501209089,1,0,19,1,0
03:00:00,501209090,12,1,2,1,0
03:00:00,501209091,1,1,15,1,0
03:00:00,501209092,14,0,2,1,0
03:00:00,501209093,9,0,6,1,0
03:00:00,501209094,11,2,5,1,0
03:00:00,501209095,5,2,9,1,0
03:00:00,501209096,10,1,3,1,0
03:00:00,501209097,5,2,10,1,0
03:00:00,501209098,5,1,10,1,0
03:00:00,501209099,5,0,15,1,0
03:00:00,501209100,12,0,1,1,0
03:00:00,501209101,5,0,10,1,0
03:00:00,501209102,2,0,18,1,0
03:00:00,501209104,7,1,12,1,0
03:00:00,501209105,17,1,8,1,0
03:00:00,501209106,5,2,15,1,0
03:00:00,501211001,27,7,10,1,0
03:00:00,501211002,6,0,9,1,0
03:00:00,501211004,5,1,10,1,0
03:00:00,501211005,3,1,16,1,0
03:00:00,501211006,4,0,12,1,0
03:00:00,501211007,7,0,12,1,0
03:00:00,501211009,9,0,9,1,0
03:00:00,501211011,16,1,14,1,0
03:00:00,501211012,8,1,10,1,0
03:10:00,501201001,0,0,0,2,0
03:10:00,501201002,19,1,21,1,0
03:10:00,501201003,6,0,17,1,0
03:10:00,501201004,10,1,4,1,0
03:10:00,501201005,8,0,11,1,0
03:10:00,501201006,9,1,19,1,0
03:10:00,501201007,9,3,10,1,0
03:10:00,501201008,9,2,16,1,0
03:10:00,501201010,3,0,7,1,0
03:10:00,501201011,5,0,16,1,0
03:10:00,501201012,24,2,16,1,0
03:10:00,501201013,7,0,15,1,0
03:10:00,501201014,11,0,8,1,0
03:10:00,501201015,1,1,24,1,0
03:10:00,501201016,15,2,10,1,0
03:10:00,501201017,6,0,21,1,0
03:10:00,501201018,8,0,16,1,0
03:10:00,501201019,19,2,9,1,0
03:10:00,501201020,8,0,16,1,0
03:10:00,501201021,7,0,8,1,0
03:10:00,501201022,7,0,9,1,0
03:10:00,501201023,1,0,27,1,0
03:10:00,501201024,9,0,14,1,0
03:10:00,501201025,7,1,17,1,0
03:10:00,501201026,14,1,5,1,0
03:10:00,501201028,7,2,12,1,0
03:10:00,501201029,7,1,6,1,0
03:10:00,501201030,6,0,8,1,0
03:10:00,501201031,8,2,9,1,0
03:10:00,501202001,3,0,11,1,0
03:10:00,501202003,3,1,37,1,0
03:10:00,501202013,8,0,9,1,0
03:10:00,501202023,9,1,4,1,0
03:10:00,501202024,5,0,10,1,0
03:10:00,501202034,6,2,9,1,0
03:10:00,501202035,16,0,12,1,0
03:10:00,501202036,20,0,19,1,0
03:10:00,501202040,4,0,41,1,0
03:10:00,501202043,22,2,1,1,0
03:10:00,501202044,0,0,0,2,0
03:10:00,501202047,1,0,21,1,0
03:10:00,501202050,8,0,8,1,0
03:10:00,501202055,13,1,2,1,0
03:10:00,501202058,9,0,6,1,0
03:10:00,501202065,14,1,1,1,0
03:10:00,501202068,1,0,16,1,0
03:10:00,501202070,10,0,6,1,0
03:10:00,501202078,7,0,18,1,0
03:10:00,501202080,14,1,12,1,0
03:10:00,501202081,17,1,6,1,0
03:10:00,501202082,1,0,20,1,0
03:10:00,501202083,7,0,17,1,0
03:10:00,501202084,2,0,22,1,0
03:10:00,501202085,6,0,29,1,0
03:10:00,501202088,4,0,26,1,0
03:10:00,501202089,3,0,26,1,0
03:10:00,501202096,13,2,0,1,0
03:10:00,501203001,9,0,11,1,0
03:10:00,501203002,6,0,16,1,0
03:10:00,501203003,8,1,86,1,0
03:10:00,501203005,3,0,17,1,0
03:10:00,501203006,1,0,14,1,0
03:10:00,501203007,12,0,3,1,0
03:10:00,501203008,6,0,10,1,0
03:10:00,501203010,16,1,17,1,0
03:10:00,501203011,31,10,6,1,0
03:10:00,501203012,5,2,11,1,0
03:10:00,501203013,7,2,17,1,0
03:10:00,501203015,10,2,2,1,0
03:10:00,501203020,14,1,6,1,0
03:10:00,501203022,7,1,11,1,0
03:10:00,501203023,6,0,12,1,0
03:10:00,501203028,7,0,18,1,0
03:10:00,501203040,0,0,22,1,0
03:10:00,501203045,8,0,10,1,0
03:10:00,501203050,11,0,49,1,0
03:10:00,501203051,0,0,24,1,0
03:10:00,501203053,9,0,17,1,0
03:10:00,501203054,8,1,14,1,0
03:10:00,501203064,12,0,3,1,0
03:10:00,501203065,15,3,1,1,0
03:10:00,501203070,5,1,10,1,0
03:10:00,501203073,4,0,20,1,0
03:10:00,501203076,5,0,11,1,0
03:10:00,501203078,12,2,4,1,0
03:10:00,501203080,6,0,9,1,0
03:10:00,501203084,5,0,6,1,0
03:10:00,501203085,5,1,5,1,0
03:10:00,501203088,4,0,10,1,0
03:10:00,501203089,1,0,11,1,0
03:10:00,501203090,6,1,3,1,0
03:10:00,501203091,9,2,4,1,0
03:10:00,501203092,4,0,16,1,0
03:10:00,501203100,4,0,15,1,0
03:10:00,501203101,0,0,0,2,0
03:10:00,501203102,11,1,8,1,0
03:10:00,501203104,13,2,5,1,0
03:10:00,501203105,6,3,5,1,0
03:10:00,501203107,0,0,0,2,0
03:10:00,501203109,5,0,21,1,0
03:10:00,501203110,2,1,39,1,0
03:10:00,501203111,9,3,2,1,0
03:10:00,501203113,6,0,12,1,0
03:10:00,501203114,10,0,40,1,0
03:10:00,501203117,0,0,0,2,0
03:10:00,501203118,11,1,8,1,0
03:10:00,501203121,18,2,6,1,0
03:10:00,501203122,13,1,7,1,0
03:10:00,501203125,9,0,16,1,0
03:10:00,501203131,10,2,10,1,0
03:10:00,501203140,16,0,25,1,0
03:10:00,501203141,5,1,11,1,0
03:10:00,501203142,7,1,67,1,0
03:10:00,501203145,10,2,5,1,0
03:10:00,501203151,12,0,6,1,0
03:10:00,501203155,5,1,14,1,0
03:10:00,501203157,1,0,16,1,0
03:10:00,501203159,2,1,18,1,0
03:10:00,501203161,1,0,17,1,0
03:10:00,501203162,14,0,7,1,0
03:10:00,501203163,13,2,3,1,0
03:10:00,501204001,16,1,9,1,0
03:10:00,501204002,1,0,34,1,0
03:10:00,501204003,16,0,26,1,0
03:10:00,501204004,1,0,13,1,0
03:10:00,501204005,10,4,10,1,0
03:10:00,501204007,4,0,32,1,0
03:10:00,501204008,0,0,14,1,0
03:10:00,501204009,0,0,0,2,0
03:10:00,501204010,0,0,0,2,0
03:10:00,501204011,2,0,13,1,0
03:10:00,501204012,13,0,1,1,0
03:10:00,501204013,8,2,6,1,0
03:10:00,501204014,9,0,7,1,0
03:10:00,501204015,9,0,6,1,0
03:10:00,501204016,1,0,19,1,0
03:10:00,501204017,2,0,13,1,0
03:10:00,501204018,11,1,13,1,0
03:10:00,501204020,2,2,18,1,0
03:10:00,501204021,0,0,20,1,0
03:10:00,501204022,0,0,16,1,0
03:10:00,501204023,11,3,4,1,0
03:10:00,501204024,0,0,0,2,0
03:10:00,501204025,13,0,6,1,0
03:10:00,501205001,7,0,10,1,0
03:10:00,501205003,16,1,3,1,0
03:10:00,501205004,8,3,8,1,0
03:10:00,501205005,9,1,13,1,0
03:10:00,501205006,10,1,10,1,0
03:10:00,501205007,5,0,7,1,0
03:10:00,501205008,14,1,12,1,0
03:10:00,501205009,7,0,38,1,0
03:10:00,501205010,6,0,8,1,0
03:10:00,501205011,1,1,30,1,0
03:10:00,501205012,17,1,3,1,0
03:10:00,501205013,5,0,16,1,0
03:10:00,501205014,16,9,7,1,0
03:10:00,501205015,5,1,12,1,0
03:10:00,501205018,4,0,13,1,0
03:10:00,501205019,10,0,18,1,0
03:10:00,501205020,2,1,28,1,0
03:10:00,501205021,7,2,8,1,0
03:10:00,501205022,10,1,5,1,0
03:10:00,501205023,8,2,6,1,0
03:10:00,501205025,16,0,12,1,0
03:10:00,501205026,8,0,11,1,0
03:10:00,501205027,1,0,9,1,0
03:10:00,501205028,7,0,8,1,0
03:10:00,501205029,8,0,2,1,0
03:10:00,501205030,9,0,1,1,0
03:10:00,501205033,4,0,11,1,0
03:10:00,501205034,12,0,16,1,0
03:10:00,501205035,11,3,5,1,0
03:10:00,501205036,5,1,10,1,0
03:10:00,501205037,4,0,12,1,0
03:10:00,501205038,8,0,12,1,0
03:10:00,501205039,5,1,15,1,0
03:10:00,501205040,13,0,12,1,0
03:10:00,501205041,7,1,10,1,0
03:10:00,501205042,4,0,25,1,0
03:10:00,501208011,28,5,8,1,0
03:10:00,501208013,38,1,16,1,0
03:10:00,501208014,17,0,21,1,0
03:10:00,501208015,5,0,9,1,0
03:10:00,501208018,3,0,11,1,0
03:10:00,501208021,8,0,9,1,0
03:10:00,501208027,6,0,23,1,0
03:10:00,501208029,16,3,6,1,0
03:10:00,501208030,18,1,20,1,0
03:10:00,501208032,3,1,25,1,0
03:10:00,501208040,8,1,11,1,0
03:10:00,501208041,3,0,12,1,0
03:10:00,501208045,2,1,29,1,0
03:10:00,501208051,3,0,32,1,0
03:10:00,501208053,15,0,6,1,0
03:10:00,501208054,1,0,27,1,0
03:10:00,501208059,1,0,26,1,0
03:10:00,501208064,3,0,17,1,0
03:10:00,501208077,9,1,1,1,0
03:10:00,501208079,2,0,19,1,0
03:10:00,501208082,2,0,8,1,0
03:10:00,501208085,17,2,0,1,0
03:10:00,501208087,15,0,16,1,0
03:10:00,501208089,18,1,7,1,0
03:10:00,501208091,4,1,39,1,0
03:10:00,501208111,10,2,5,1,0
03:10:00,501208113,6,0,14,1,0
03:10:00,501208114,5,0,15,1,0
03:10:00,501208129,8,0,15,1,0
03:10:00,501208130,1,0,14,1,0
03:10:00,501209002,16,0,4,1,0
03:10:00,501209003,4,0,10,1,0
03:10:00,501209004,6,0,8,1,0
03:10:00,501209005,2,2,16,1,0
03:10:00,501209006,7,2,12,1,0
03:10:00,501209007,13,3,2,1,0
03:10:00,501209009,0,0,0,2,0
03:10:00,501209010,7,0,7,1,0
03:10:00,501209011,4,0,21,1,0
03:10:00,501209014,6,0,6,1,0
03:10:00,501209015,11,2,4,1,0
03:10:00,501209016,2,2,27,1,0
03:10:00,501209017,8,0,5,1,0
03:10:00,501209018,8,1,9,1,0
03:10:00,501209019,4,1,21,1,0
03:10:00,501209020,5,0,26,1,0
03:10:00,501209021,3,0,11,1,0
03:10:00,501209022,6,0,4,1,0
03:10:00,501209023,1,0,41,1,0
03:10:00,501209024,10,1,32,1,0
03:10:00,501209025,2,0,13,1,0
03:10:00,501209026,1,0,22,1,0
03:10:00,501209027,6,0,13,1,0
03:10:00,501209028,1,0,27,1,0
03:10:00,501209030,11,0,7,1,0
03:10:00,501209031,7,0,23,1,0
03:10:00,501209032,0,0,28,1,0
03:10:00,501209033,8,2,12,1,0
03:10:00,501209034,7,0,8,1,0
03:10:00,501209035,0,0,28,1,0
03:10:00,501209036,11,2,18,1,0
03:10:00,501209037,12,2,24,1,0
03:10:00,501209038,13,1,2,1,0
03:10:00,501209039,2,0,28,1,0
03:10:00,501209040,1,0,30,1,0
03:10:00,501209042,5,1,15,1,0
03:10:00,501209043,7,0,17,1,0
03:10:00,501209044,12,4,3,1,0
03:10:00,501209045,8,0,7,1,0
03:10:00,501209046,4,2,18,1,0
03:10:00,501209047,8,3,6,1,0
03:10:00,501209049,1,0,19,1,0
03:10:00,501209050,12,4,1,1,0
03:10:00,501209051,10,0,14,1,0
03:10:00,501209052,3,0,17,1,0
03:10:00,501209053,2,1,18,1,0
03:10:00,501209054,9,1,17,1,0
03:10:00,501209056,14,0,1,1,0
03:10:00,501209058,13,3,3,1,0
03:10:00,501209059,3,0,12,1,0
03:10:00,501209060,4,2,16,1,0
03:10:00,501209062,2,0,13,1,0
03:10:00,501209064,10,1,5,1,0
03:10:00,501209065,3,1,12,1,0
03:10:00,501209066,10,2,4,1,0
03:10:00,501209067,8,0,6,1,0
03:10:00,501209068,4,1,13,1,0
03:10:00,501209069,2,1,61,1,0
03:10:00,501209070,16,0,1,1,0
03:10:00,501209071,2,0,15,1,0
03:10:00,501209073,11,3,4,1,0
03:10:00,501209074,17,0,6,1,0
03:10:00,501209075,7,0,7,1,0
03:10:00,501209076,2,0,21,1,0
03:10:00,501209077,4,1,11,1,0
03:10:00,501209078,7,2,6,1,0
03:10:00,501209079,4,0,21,1,0
03:10:00,501209080,2,0,24,1,0
03:10:00,501209081,9,2,6,1,0
03:10:00,501209084,2,0,21,1,0
03:10:00,501209085,14,1,12,1,0
03:10:00,501209087,4,2,35,1,0
03:10:00,501209088,7,1,8,1,0
03:10:00,501209089,1,0,19,1,0
03:10:00,501209090,12,1,2,1,0
03:10:00,501209091,1,1,15,1,0
03:10:00,501209092,14,0,2,1,0
03:10:00,501209093,9,0,6,1,0
03:10:00,501209094,11,2,5,1,0
03:10:00,501209095,5,2,9,1,0
03:10:00,501209096,10,1,3,1,0
03:10:00,501209097,5,2,10,1,0
03:10:00,501209098,5,1,10,1,0
03:10:00,501209099,5,0,15,1,0
03:10:00,501209100,12,0,1,1,0
03:10:00,501209101,5,0,10,1,0
03:10:00,501209102,2,0,18,1,0
03:10:00,501209104,7,1,12,1,0
03:10:00,501209105,17,1,8,1,0
03:10:00,501209106,5,2,15,1,0
03:10:00,501211001,27,7,10,1,0
03:10:00,501211002,6,0,9,1,0
03:10:00,501211004,5,1,10,1,0
03:10:00,501211005,3,1,16,1,0
03:10:00,501211006,4,0,12,1,0
03:10:00,501211007,7,0,12,1,0
03:10:00,501211009,9,0,9,1,0
03:10:00,501211011,16,1,14,1,0
03:10:00,501211012,8,1,10,1,0
03:20:00,501201001,0,0,0,2,0
03:20:00,501201002,19,1,21,1,0
03:20:00,501201003,6,0,17,1,0
03:20:00,501201004,10,1,4,1,0
03:20:00,501201005,8,0,11,1,0
03:20:00,501201006,9,1,19,1,0
03:20:00,501201007,8,2,11,1,0
03:20:00,501201008,9,2,16,1,0
03:20:00,501201010,3,0,7,1,0
03:20:00,501201011,5,0,16,1,0
03:20:00,501201012,24,2,16,1,0
03:20:00,501201013,7,0,15,1,0
03:20:00,501201014,11,0,8,1,0
03:20:00,501201015,1,1,24,1,0
03:20:00,501201016,15,2,10,1,0
03:20:00,501201017,6,0,21,1,0
03:20:00,501201018,8,0,16,1,0
03:20:00,501201019,19,2,9,1,0
03:20:00,501201020,8,0,16,1,0
03:20:00,501201021,7,0,8,1,0
03:20:00,501201022,7,0,9,1,0
03:20:00,501201023,1,0,27,1,0
03:20:00,501201024,9,0,14,1,0
03:20:00,501201025,7,1,17,1,0
03:20:00,501201026,14,1,5,1,0
03:20:00,501201028,7,2,12,1,0
03:20:00,501201029,7,1,6,1,0
03:20:00,501201030,6,0,8,1,0
03:20:00,501201031,8,2,9,1,0
03:20:00,501202001,2,0,12,1,0
03:20:00,501202003,2,0,38,1,0
03:20:00,501202013,8,0,9,1,0
03:20:00,501202023,9,0,4,1,0
03:20:00,501202024,5,0,10,1,0
03:20:00,501202034,6,2,9,1,0
03:20:00,501202035,14,0,14,1,0
03:20:00,501202036,20,0,19,1,0
03:20:00,501202040,3,0,42,1,0
03:20:00,501202043,22,2,1,1,0
03:20:00,501202044,0,0,0,2,0
03:20:00,501202047,1,0,21,1,0
03:20:00,501202050,8,0,8,1,0
03:20:00,501202055,13,1,2,1,0
03:20:00,501202058,8,0,7,1,0
03:20:00,501202065,14,1,1,1,0
03:20:00,501202068,1,0,16,1,0
03:20:00,501202070,10,0,6,1,0
03:20:00,501202078,7,0,18,1,0
03:20:00,501202080,13,0,13,1,0
03:20:00,501202081,17,1,6,1,0
03:20:00,501202082,1,0,20,1,0
03:20:00,501202083,7,0,17,1,0
03:20:00,501202084,2,0,22,1,0
03:20:00,501202085,6,0,29,1,0
03:20:00,501202088,4,0,26,1,0
03:20:00,501202089,3,0,26,1,0
03:20:00,501202096,13,2,0,1,0
03:20:00,501203001,9,0,11,1,0
03:20:00,501203002,6,0,16,1,0
03:20:00,501203003,8,1,86,1,0
03:20:00,501203005,3,0,17,1,0
03:20:00,501203006,1,0,14,1,0
03:20:00,501203007,12,0,3,1,0
03:20:00,501203008,6,0,10,1,0
03:20:00,501203010,16,1,17,1,0
03:20:00,501203011,31,10,6,1,0
03:20:00,501203012,5,2,11,1,0
03:20:00,501203013,8,2,16,1,0
03:20:00,501203015,10,2,2,1,0
03:20:00,501203020,14,1,6,1,0
03:20:00,501203022,7,1,11,1,0
03:20:00,501203023,6,0,12,1,0
03:20:00,501203028,7,0,18,1,0
03:20:00,501203040,0,0,22,1,0
03:20:00,501203045,8,0,10,1,0
03:20:00,501203050,11,0,49,1,0
03:20:00,501203051,0,0,24,1,0
03:20:00,501203053,9,0,17,1,0
03:20:00,501203054,8,1,14,1,0
03:20:00,501203064,12,0,3,1,0
03:20:00,501203065,15,3,1,1,0
03:20:00,501203070,5,1,10,1,0
03:20:00,501203073,4,0,20,1,0
03:20:00,501203076,5,0,11,1,0
03:20:00,501203078,12,2,4,1,0
03:20:00,501203080,6,0,9,1,0
03:20:00,501203084,5,0,6,1,0
03:20:00,501203085,5,1,5,1,0
03:20:00,501203088,4,0,10,1,0
03:20:00,501203089,1,0,11,1,0
03:20:00,501203090,6,1,3,1,0
03:20:00,501203091,9,2,4,1,0
03:20:00,501203092,4,0,16,1,0
03:20:00,501203100,4,0,15,1,0
03:20:00,501203101,0,0,0,2,0
03:20:00,501203102,11,1,8,1,0
03:20:00,501203104,13,2,5,1,0
03:20:00,501203105,6,3,5,1,0
03:20:00,501203107,0,0,0,2,0
03:20:00,501203109,5,0,21,1,0
03:20:00,501203110,2,1,39,1,0
03:20:00,501203111,9,3,2,1,0
03:20:00,501203113,6,0,12,1,0
03:20:00,501203114,10,0,40,1,0
03:20:00,501203117,0,0,0,2,0
03:20:00,501203118,11,1,8,1,0
03:20:00,501203121,18,2,6,1,0
03:20:00,501203122,13,1,7,1,0
03:20:00,501203125,9,0,16,1,0
03:20:00,501203131,10,2,10,1,0
03:20:00,501203140,17,0,24,1,0
03:20:00,501203141,5,1,11,1,0
03:20:00,501203142,7,1,67,1,0
03:20:00,501203145,10,2,5,1,0
03:20:00,501203151,12,0,6,1,0
03:20:00,501203155,4,0,15,1,0
03:20:00,501203157,1,0,16,1,0
03:20:00,501203159,2,1,18,1,0
03:20:00,501203161,1,0,17,1,0
03:20:00,501203162,14,0,7,1,0
03:20:00,501203163,13,2,3,1,0
03:20:00,501204001,16,1,9,1,0
03:20:00,501204002,1,0,34,1,0
03:20:00,501204003,16,0,26,1,0
03:20:00,501204004,4,0,10,1,0
03:20:00,501204005,10,4,10,1,0
03:20:00,501204007,4,0,32,1,0
03:20:00,501204008,0,0,14,1,0
03:20:00,501204009,0,0,0,2,0
03:20:00,501204010,0,0,0,2,0
03:20:00,501204011,2,0,13,1,0
03:20:00,501204012,13,0,1,1,0
03:20:00,501204013,8,2,6,1,0
03:20:00,501204014,9,0,7,1,0
03:20:00,501204015,9,0,6,1,0
03:20:00,501204016,4,0,16,1,0
03:20:00,501204017,4,0,11,1,0
03:20:00,501204018,11,1,13,1,0
03:20:00,501204020,2,2,18,1,0
03:20:00,501204021,0,0,20,1,0
03:20:00,501204022,4,0,12,1,0
03:20:00,501204023,11,3,4,1,0
03:20:00,501204024,0,0,0,2,0
03:20:00,501204025,13,0,6,1,0
03:20:00,501205001,8,0,9,1,0
03:20:00,501205003,16,1,3,1,0
03:20:00,501205004,8,3,8,1,0
03:20:00,501205005,9,1,13,1,0
03:20:00,501205006,11,1,9,1,0
03:20:00,501205007,5,0,7,1,0
03:20:00,501205008,14,1,12,1,0
03:20:00,501205009,7,0,38,1,0
03:20:00,501205010,6,0,8,1,0
03:20:00,501205011,1,1,30,1,0
03:20:00,501205012,18,1,2,1,0
03:20:00,501205013,5,0,16,1,0
03:20:00,501205014,16,9,7,1,0
03:20:00,501205015,5,1,12,1,0
03:20:00,501205018,4,0,13,1,0
03:20:00,501205019,10,0,18,1,0
03:20:00,501205020,2,1,28,1,0
03:20:00,501205021,7,2,8,1,0
03:20:00,501205022,10,1,5,1,0
03:20:00,501205023,9,3,5,1,0
03:20:00,501205025,16,0,12,1,0
03:20:00,501205026,8,0,11,1,0
03:20:00,501205027,1,0,9,1,0
03:20:00,501205028,7,0,8,1,0
03:20:00,501205029,8,0,2,1,0
03:20:00,501205030,8,0,2,1,0
03:20:00,501205033,4,0,11,1,0
03:20:00,501205034,12,0,16,1,0
03:20:00,501205035,11,3,5,1,0
03:20:00,501205036,5,1,10,1,0
03:20:00,501205037,4,0,12,1,0
03:20:00,501205038,8,0,12,1,0
03:20:00,501205039,7,1,13,1,0
03:20:00,501205040,13,0,12,1,0
03:20:00,501205041,6,0,11,1,0
03:20:00,501205042,4,0,25,1,0
03:20:00,501208011,28,5,8,1,0
03:20:00,501208013,38,1,16,1,0
03:20:00,501208014,17,0,21,1,0
03:20:00,501208015,5,0,9,1,0
03:20:00,501208018,3,0,11,1,0
03:20:00,501208021,8,0,9,1,0
03:20:00,501208027,6,0,23,1,0
03:20:00,501208029,17,4,5,1,0
03:20:00,501208030,18,1,20,1,0
03:20:00,501208032,3,1,25,1,0
03:20:00,501208040,8,1,11,1,0
03:20:00,501208041,3,0,12,1,0
03:20:00,501208045,2,1,29,1,0
03:20:00,501208051,3,0,32,1,0
03:20:00,501208053,15,0,6,1,0
03:20:00,501208054,1,0,27,1,0
03:20:00,501208059,1,0,26,1,0
03:20:00,501208064,3,0,17,1,0
03:20:00,501208077,9,1,1,1,0
03:20:00,501208079,2,0,19,1,0
03:20:00,501208082,2,0,8,1,0
03:20:00,501208085,17,2,0,1,0
03:20:00,501208087,15,0,16,1,0
03:20:00,501208089,18,1,7,1,0
03:20:00,501208091,4,1,39,1,0
03:20:00,501208111,9,1,6,1,0
03:20:00,501208113,6,0,14,1,0
03:20:00,501208114,5,0,15,1,0
03:20:00,501208129,8,0,15,1,0
03:20:00,501208130,2,0,13,1,0
03:20:00,501209002,16,0,4,1,0
03:20:00,501209003,4,0,10,1,0
03:20:00,501209004,6,0,8,1,0
03:20:00,501209005,2,2,16,1,0
03:20:00,501209006,7,2,12,1,0
03:20:00,501209007,13,3,2,1,0
03:20:00,501209009,0,0,0,2,0
03:20:00,501209010,7,0,7,1,0
03:20:00,501209011,4,0,21,1,0
03:20:00,501209014,6,0,6,1,0
03:20:00,501209015,11,2,4,1,0
03:20:00,501209016,2,2,27,1,0
03:20:00,501209017,8,0,5,1,0
03:20:00,501209018,8,1,9,1,0
03:20:00,501209019,4,1,21,1,0
03:20:00,501209020,5,0,26,1,0
03:20:00,501209021,3,0,11,1,0
03:20:00,501209022,6,0,4,1,0
03:20:00,501209023,1,0,41,1,0
03:20:00,501209024,10,1,32,1,0
03:20:00,501209025,2,0,13,1,0
03:20:00,501209026,1,0,22,1,0
03:20:00,501209027,6,0,13,1,0
03:20:00,501209028,1,0,27,1,0
03:20:00,501209030,11,0,7,1,0
03:20:00,501209031,7,0,23,1,0
03:20:00,501209032,0,0,28,1,0
03:20:00,501209033,8,2,12,1,0
03:20:00,501209034,7,0,8,1,0
03:20:00,501209035,0,0,28,1,0
03:20:00,501209036,11,2,18,1,0
03:20:00,501209037,12,2,24,1,0
03:20:00,501209038,13,1,2,1,0
03:20:00,501209039,2,0,28,1,0
03:20:00,501209040,1,0,30,1,0
03:20:00,501209042,5,1,15,1,0
03:20:00,501209043,7,0,17,1,0
03:20:00,501209044,12,4,3,1,0
03:20:00,501209045,7,0,8,1,0
03:20:00,501209046,4,2,18,1,0
03:20:00,501209047,8,3,6,1,0
03:20:00,501209049,1,0,19,1,0
03:20:00,501209050,12,4,1,1,0
03:20:00,501209051,10,0,14,1,0
03:20:00,501209052,3,0,17,1,0
03:20:00,501209053,2,1,18,1,0
03:20:00,501209054,13,1,13,1,0
03:20:00,501209056,13,0,2,1,0
03:20:00,501209058,13,3,3,1,0
03:20:00,501209059,4,0,11,1,0
03:20:00,501209060,5,3,15,1,0
03:20:00,501209062,2,0,13,1,0
03:20:00,501209064,10,1,5,1,0
03:20:00,501209065,4,1,11,1,0
03:20:00,501209066,10,2,4,1,0
03:20:00,501209067,8,0,6,1,0
03:20:00,501209068,4,1,13,1,0
03:20:00,501209069,2,1,61,1,0
03:20:00,501209070,16,0,1,1,0
03:20:00,501209071,2,0,15,1,0
03:20:00,501209073,11,3,4,1,0
03:20:00,501209074,17,0,6,1,0
03:20:00,501209075,7,0,7,1,0
03:20:00,501209076,2,0,21,1,0
03:20:00,501209077,4,1,11,1,0
03:20:00,501209078,7,2,6,1,0
03:20:00,501209079,4,0,21,1,0
03:20:00,501209080,2,0,24,1,0
03:20:00,501209081,9,2,6,1,0
03:20:00,501209084,2,0,21,1,0
03:20:00,501209085,14,1,12,1,0
03:20:00,501209087,4,2,35,1,0
03:20:00,501209088,7,1,8,1,0
03:20:00,501209089,1,0,19,1,0
03:20:00,501209090,13,1,1,1,0
03:20:00,501209091,1,1,15,1,0
03:20:00,501209092,14,0,2,1,0
03:20:00,501209093,9,0,6,1,0
03:20:00,501209094,11,2,5,1,0
03:20:00,501209095,5,2,9,1,0
03:20:00,501209096,10,1,3,1,0
03:20:00,501209097,5,2,10,1,0
03:20:00,501209098,5,1,10,1,0
03:20:00,501209099,5,0,15,1,0
03:20:00,501209100,12,0,1,1,0
03:20:00,501209101,5,0,10,1,0
03:20:00,501209102,2,0,18,1,0
03:20:00,501209104,7,1,12,1,0
03:20:00,501209105,17,1,8,1,0
03:20:00,501209106,5,2,15,1,0
03:20:00,501211001,27,7,10,1,0
03:20:00,501211002,6,0,9,1,0
03:20:00,501211004,5,1,10,1,0
03:20:00,501211005,3,1,16,1,0
03:20:00,501211006,4,0,12,1,0
03:20:00,501211007,7,0,12,1,0
03:20:00,501211009,9,0,9,1,0
03:20:00,501211011,16,1,14,1,0
03:20:00,501211012,8,1,10,1,0
03:30:00,501201001,0,0,0,2,0
03:30:00,501201002,19,1,21,1,0
03:30:00,501201003,6,0,17,1,0
03:30:00,501201004,10,1,4,1,0
03:30:00,501201005,8,0,11,1,0
03:30:00,501201006,9,1,19,1,0
03:30:00,501201007,9,2,10,1,0
03:30:00,501201008,9,2,16,1,0
03:30:00,501201010,3,0,7,1,0
03:30:00,501201011,5,0,16,1,0
03:30:00,501201012,24,2,16,1,0
03:30:00,501201013,7,0,15,1,0
03:30:00,501201014,11,0,8,1,0
03:30:00,501201015,1,1,24,1,0
03:30:00,501201016,15,2,10,1,0
03:30:00,501201017,6,0,21,1,0
03:30:00,501201018,8,0,16,1,0
03:30:00,501201019,19,2,9,1,0
03:30:00,501201020,8,0,16,1,0
03:30:00,501201021,7,0,8,1,0
03:30:00,501201022,7,0,9,1,0
03:30:00,501201023,1,0,27,1,0
03:30:00,501201024,9,0,14,1,0
03:30:00,501201025,8,1,16,1,0
03:30:00,501201026,14,1,5,1,0
03:30:00,501201028,7,2,12,1,0
03:30:00,501201029,7,1,6,1,0
03:30:00,501201030,6,0,8,1,0
03:30:00,501201031,8,2,9,1,0
03:30:00,501202001,2,0,12,1,0
03:30:00,501202003,2,0,38,1,0
03:30:00,501202013,8,0,9,1,0
03:30:00,501202023,9,0,4,1,0
03:30:00,501202024,5,0,10,1,0
03:30:00,501202034,6,2,9,1,0
03:30:00,501202035,14,0,14,1,0
03:30:00,501202036,20,0,19,1,0
03:30:00,501202040,3,0,42,1,0
03:30:00,501202043,22,2,1,1,0
03:30:00,501202044,0,0,0,2,0
03:30:00,501202047,1,0,21,1,0
03:30:00,501202050,8,0,8,1,0
03:30:00,501202055,13,1,2,1,0
03:30:00,501202058,8,0,7,1,0
03:30:00,501202065,14,1,1,1,0
03:30:00,501202068,1,0,16,1,0
03:30:00,501202070,10,0,6,1,0
03:30:00,501202078,7,0,18,1,0
03:30:00,501202080,12,0,14,1,0
03:30:00,501202081,17,1,6,1,0
03:30:00,501202082,1,0,20,1,0
03:30:00,501202083,7,0,17,1,0
03:30:00,501202084,3,1,21,1,0
03:30:00,501202085,6,0,29,1,0
03:30:00,501202088,4,0,26,1,0
03:30:00,501202089,3,0,26,1,0
03:30:00,501202096,13,2,0,1,0
03:30:00,501203001,8,0,12,1,0
03:30:00,501203002,6,0,16,1,0
03:30:00,501203003,8,1,86,1,0
03:30:00,501203005,3,0,17,1,0
03:30:00,501203006,1,0,14,1,0
03:30:00,501203007,12,0,3,1,0
03:30:00,501203008,6,0,10,1,0
03:30:00,501203010,16,1,17,1,0
03:30:00,501203011,31,10,6,1,0
03:30:00,501203012,5,2,11,1,0
03:30:00,501203013,8,2,16,1,0
03:30:00,501203015,10,2,2,1,0
03:30:00,501203020,14,1,6,1,0
03:30:00,501203022,7,1,11,1,0
03:30:00,501203023,6,0,12,1,0
03:30:00,501203028,7,0,18,1,0
03:30:00,501203040,1,1,21,1,0
03:30:00,501203045,8,0,10,1,0
03:30:00,501203050,28,1,32,1,0
03:30:00,501203051,0,0,24,1,0
03:30:00,501203053,9,0,17,1,0
03:30:00,501203054,8,1,14,1,0
03:30:00,501203064,12,0,3,1,0
03:30:00,501203065,15,3,1,1,0
03:30:00,501203070,5,1,10,1,0
03:30:00,501203073,4,0,20,1,0
03:30:00,501203076,5,0,11,1,0
03:30:00,501203078,12,2,4,1,0
03:30:00,501203080,6,0,9,1,0
03:30:00,501203084,5,0,6,1,0
03:30:00,501203085,5,1,5,1,0
03:30:00,501203088,4,0,10,1,0
03:30:00,501203089,1,0,11,1,0
03:30:00,501203090,6,1,3,1,0
03:30:00,501203091,9,2,4,1,0
03:30:00,501203092,4,0,16,1,0
03:30:00,501203100,4,0,15,1,0
03:30:00,501203101,0,0,0,2,0
03:30:00,501203102,11,1,8,1,0
03:30:00,501203104,13,2,5,1,0
03:30:00,501203105,6,3,5,1,0
03:30:00,501203107,0,0,0,2,0
03:30:00,501203109,5,0,21,1,0
03:30:00,501203110,2,1,39,1,0
03:30:00,501203111,9,3,2,1,0
03:30:00,501203113,6,0,12,1,0
03:30:00,501203114,10,0,40,1,0
03:30:00,501203117,0,0,0,2,0
03:30:00,501203118,11,1,8,1,0
03:30:00,501203121,18,2,6,1,0
03:30:00,501203122,13,1,7,1,0
03:30:00,501203125,9,0,16,1,0
03:30:00,501203131,10,2,10,1,0
03:30:00,501203140,17,0,24,1,0
03:30:00,501203141,5,1,11,1,0
03:30:00,501203142,7,1,67,1,0
03:30:00,501203145,10,2,5,1,0
03:30:00,501203151,12,0,6,1,0
03:30:00,501203155,4,0,15,1,0
03:30:00,501203157,1,0,16,1,0
03:30:00,501203159,2,1,18,1,0
03:30:00,501203161,1,0,17,1,0
03:30:00,501203162,14,0,7,1,0
03:30:00,501203163,13,2,3,1,0
03:30:00,501204001,16,1,9,1,0
03:30:00,501204002,1,0,34,1,0
03:30:00,501204003,16,0,26,1,0
03:30:00,501204004,4,0,10,1,0
03:30:00,501204005,10,4,10,1,0
03:30:00,501204007,4,0,32,1,0
03:30:00,501204008,3,0,11,1,0
03:30:00,501204009,0,0,0,2,0
03:30:00,501204010,0,0,0,2,0
03:30:00,501204011,2,0,13,1,0
03:30:00,501204012,11,0,3,1,0
03:30:00,501204013,8,2,6,1,0
03:30:00,501204014,9,0,7,1,0
03:30:00,501204015,9,0,6,1,0
03:30:00,501204016,4,0,16,1,0
03:30:00,501204017,4,0,11,1,0
03:30:00,501204018,11,1,13,1,0
03:30:00,501204020,2,2,18,1,0
03:30:00,501204021,0,0,20,1,0
03:30:00,501204022,4,0,12,1,0
03:30:00,501204023,11,3,4,1,0
03:30:00,501204024,0,0,0,2,0
03:30:00,501204025,13,0,6,1,0
03:30:00,501205001,8,0,9,1,0
03:30:00,501205003,16,1,3,1,0
03:30:00,501205004,8,3,8,1,0
03:30:00,501205005,9,1,13,1,0
03:30:00,501205006,12,1,8,1,0
03:30:00,501205007,5,0,7,1,0
03:30:00,501205008,14,1,12,1,0
03:30:00,501205009,7,0,38,1,0
03:30:00,501205010,6,0,8,1,0
03:30:00,501205011,1,1,30,1,0
03:30:00,501205012,13,1,7,1,0
03:30:00,501205013,4,0,17,1,0
03:30:00,501205014,16,8,7,1,0
03:30:00,501205015,5,1,12,1,0
03:30:00,501205018,4,0,13,1,0
03:30:00,501205019,10,0,18,1,0
03:30:00,501205020,1,1,29,1,0
03:30:00,501205021,7,2,8,1,0
03:30:00,501205022,10,1,5,1,0
03:30:00,501205023,9,3,5,1,0
03:30:00,501205025,16,0,12,1,0
03:30:00,501205026,8,0,11,1,0
03:30:00,501205027,1,0,9,1,0
03:30:00,501205028,7,0,8,1,0
03:30:00,501205029,8,0,2,1,0
03:30:00,501205030,8,0,2,1,0
03:30:00,501205033,4,0,11,1,0
03:30:00,501205034,12,0,16,1,0
03:30:00,501205035,11,3,5,1,0
03:30:00,501205036,5,1,10,1,0
03:30:00,501205037,4,0,12,1,0
03:30:00,501205038,8,0,12,1,0
03:30:00,501205039,8,1,12,1,0
03:30:00,501205040,13,0,12,1,0
03:30:00,501205041,6,0,11,1,0
03:30:00,501205042,4,0,25,1,0
03:30:00,501208011,28,5,8,1,0
03:30:00,501208013,38,1,16,1,0
03:30:00,501208014,17,0,21,1,0
03:30:00,501208015,5,0,9,1,0
03:30:00,501208018,2,0,12,1,0
03:30:00,501208021,8,0,9,1,0
03:30:00,501208027,6,0,23,1,0
03:30:00,501208029,17,4,5,1,0
03:30:00,501208030,18,1,20,1,0
03:30:00,501208032,3,1,25,1,0
03:30:00,501208040,8,1,11,1,0
03:30:00,501208041,3,0,12,1,0
03:30:00,501208045,2,1,29,1,0
03:30:00,501208051,3,0,32,1,0
03:30:00,501208053,15,0,6,1,0
03:30:00,501208054,1,0,27,1,0
03:30:00,501208059,1,0,26,1,0
03:30:00,501208064,3,0,17,1,0
03:30:00,501208077,9,1,1,1,0
03:30:00,501208079,2,0,19,1,0
03:30:00,501208082,2,0,8,1,0
03:30:00,501208085,16,2,1,1,0
03:30:00,501208087,15,0,16,1,0
03:30:00,501208089,18,1,7,1,0
03:30:00,501208091,4,1,39,1,0
03:30:00,501208111,9,1,6,1,0
03:30:00,501208113,6,0,14,1,0
03:30:00,501208114,5,0,15,1,0
03:30:00,501208129,8,0,15,1,0
03:30:00,501208130,2,0,13,1,0
03:30:00,501209002,16,0,4,1,0
03:30:00,501209003,4,0,10,1,0
03:30:00,501209004,6,0,8,1,0
03:30:00,501209005,2,2,16,1,0
03:30:00,501209006,7,2,12,1,0
03:30:00,501209007,13,3,2,1,0
03:30:00,501209009,0,0,0,2,0
03:30:00,501209010,7,0,7,1,0
03:30:00,501209011,4,0,21,1,0
03:30:00,501209014,6,0,6,1,0
03:30:00,501209015,11,2,4,1,0
03:30:00,501209016,2,2,27,1,0
03:30:00,501209017,8,0,5,1,0
03:30:00,501209018,8,1,9,1,0
03:30:00,501209019,4,1,21,1,0
03:30:00,501209020,5,0,26,1,0
03:30:00,501209021,3,0,11,1,0
03:30:00,501209022,6,0,4,1,0
03:30:00,501209023,1,0,41,1,0
03:30:00,501209024,10,1,32,1,0
03:30:00,501209025,2,0,13,1,0
03:30:00,501209026,1,0,22,1,0
03:30:00,501209027,6,0,13,1,0
03:30:00,501209028,1,0,27,1,0
03:30:00,501209030,11,0,7,1,0
03:30:00,501209031,7,0,23,1,0
03:30:00,501209032,0,0,28,1,0
03:30:00,501209033,8,2,12,1,0
03:30:00,501209034,7,0,8,1,0
03:30:00,501209035,1,0,27,1,0
03:30:00,501209036,11,2,18,1,0
03:30:00,501209037,12,2,24,1,0
03:30:00,501209038,13,1,2,1,0
03:30:00,501209039,2,0,28,1,0
03:30:00,501209040,1,0,30,1,0
03:30:00,501209042,5,1,15,1,0
03:30:00,501209043,7,0,17,1,0
03:30:00,501209044,12,4,3,1,0
03:30:00,501209045,7,0,8,1,0
03:30:00,501209046,4,2,18,1,0
03:30:00,501209047,8,3,6,1,0
03:30:00,501209049,1,0,19,1,0
03:30:00,501209050,12,4,1,1,0
03:30:00,501209051,10,0,14,1,0
03:30:00,501209052,3,0,17,1,0
03:30:00,501209053,2,1,18,1,0
03:30:00,501209054,13,1,13,1,0
03:30:00,501209056,13,0,2,1,0
03:30:00,501209058,13,3,3,1,0
03:30:00,501209059,4,0,11,1,0
03:30:00,501209060,5,3,15,1,0
03:30:00,501209062,2,0,13,1,0
03:30:00,501209064,10,1,5,1,0
03:30:00,501209065,4,1,11,1,0
03:30:00,501209066,10,2,4,1,0
03:30:00,501209067,8,0,6,1,0
03:30:00,501209068,4,1,13,1,0
03:30:00,501209069,2,1,61,1,0
03:30:00,501209070,16,0,1,1,0
03:30:00,501209071,2,0,15,1,0
03:30:00,501209073,11,3,4,1,0
03:30:00,501209074,17,0,6,1,0
03:30:00,501209075,7,0,7,1,0
03:30:00,501209076,2,0,21,1,0
03:30:00,501209077,4,1,11,1,0
03:30:00,501209078,7,2,6,1,0
03:30:00,501209079,4,0,21,1,0
03:30:00,501209080,2,0,24,1,0
03:30:00,501209081,9,2,6,1,0
03:30:00,501209084,2,0,21,1,0
03:30:00,501209085,14,1,12,1,0
03:30:00,501209087,4,2,35,1,0
03:30:00,501209088,7,1,8,1,0
03:30:00,501209089,1,0,19,1,0
03:30:00,501209090,13,1,1,1,0
03:30:00,501209091,1,1,15,1,0
03:30:00,501209092,14,0,2,1,0
03:30:00,501209093,9,0,6,1,0
03:30:00,501209094,11,2,5,1,0
03:30:00,501209095,5,2,9,1,0
03:30:00,501209096,10,1,3,1,0
03:30:00,501209097,5,2,10,1,0
03:30:00,501209098,5,1,10,1,0
03:30:00,501209099,5,0,15,1,0
03:30:00,501209100,12,0,1,1,0
03:30:00,501209101,5,0,10,1,0
03:30:00,501209102,2,0,18,1,0
03:30:00,501209104,7,1,12,1,0
03:30:00,501209105,17,1,8,1,0
03:30:00,501209106,5,2,15,1,0
03:30:00,501211001,27,7,10,1,0
03:30:00,501211002,6,0,9,1,0
03:30:00,501211004,5,1,10,1,0
03:30:00,501211005,3,1,16,1,0
03:30:00,501211006,4,0,12,1,0
03:30:00,501211007,7,0,12,1,0
03:30:00,501211009,9,0,9,1,0
03:30:00,501211011,16,1,14,1,0
03:30:00,501211012,8,1,10,1,0
03:40:00,501201001,0,0,0,2,0
03:40:00,501201002,19,1,21,1,0
03:40:00,501201003,6,0,17,1,0
03:40:00,501201004,10,1,4,1,0
03:40:00,501201005,8,0,11,1,0
03:40:00,501201006,9,1,19,1,0
03:40:00,501201007,9,2,10,1,0
03:40:00,501201008,9,2,16,1,0
03:40:00,501201010,3,0,7,1,0
03:40:00,501201011,5,0,16,1,0
03:40:00,501201012,24,2,16,1,0
03:40:00,501201013,7,0,15,1,0
03:40:00,501201014,11,0,8,1,0
03:40:00,501201015,1,1,24,1,0
03:40:00,501201016,15,2,10,1,0
03:40:00,501201017,6,0,21,1,0
03:40:00,501201018,8,0,16,1,0
03:40:00,501201019,19,2,9,1,0
03:40:00,501201020,8,0,16,1,0
03:40:00,501201021,7,0,8,1,0
03:40:00,501201022,7,0,9,1,0
03:40:00,501201023,1,0,27,1,0
03:40:00,501201024,9,0,14,1,0
03:40:00,501201025,8,1,16,1,0
03:40:00,501201026,14,1,5,1,0
03:40:00,501201028,7,2,12,1,0
03:40:00,501201029,7,1,6,1,0
03:40:00,501201030,6,0,8,1,0
03:40:00,501201031,8,2,9,1,0
03:40:00,501202001,2,0,12,1,0
03:40:00,501202003,2,0,38,1,0
03:40:00,501202013,8,0,9,1,0
03:40:00,501202023,9,0,4,1,0
03:40:00,501202024,5,0,10,1,0
03:40:00,501202034,6,2,9,1,0
03:40:00,501202035,14,0,14,1,0
03:40:00,501202036,21,0,18,1,0
03:40:00,501202040,3,0,42,1,0
03:40:00,501202043,22,2,1,1,0
03:40:00,501202044,0,0,0,2,0
03:40:00,501202047,1,0,21,1,0
03:40:00,501202050,8,0,8,1,0
03:40:00,501202055,13,1,2,1,0
03:40:00,501202058,8,0,7,1,0
03:40:00,501202065,14,1,1,1,0
03:40:00,501202068,1,0,16,1,0
03:40:00,501202070,10,0,6,1,0
03:40:00,501202078,7,0,18,1,0
03:40:00,501202080,12,0,14,1,0
03:40:00,501202081,17,1,6,1,0
03:40:00,501202082,1,0,20,1,0
03:40:00,501202083,7,0,17,1,0
03:40:00,501202084,3,1,21,1,0
03:40:00,501202085,6,0,29,1,0
03:40:00,501202088,4,0,26,1,0
03:40:00,501202089,3,0,26,1,0
03:40:00,501202096,13,2,0,1,0
03:40:00,501203001,8,0,12,1,0
03:40:00,501203002,6,0,16,1,0
03:40:00,501203003,8,1,86,1,0
03:40:00,501203005,3,0,17,1,0
03:40:00,501203006,1,0,14,1,0
03:40:00,501203007,12,0,3,1,0
03:40:00,501203008,6,0,10,1,0
03:40:00,501203010,16,1,17,1,0
03:40:00,501203011,31,10,6,1,0
03:40:00,501203012,5,2,11,1,0
03:40:00,501203013,8,2,16,1,0
03:40:00,501203015,10,2,2,1,0
03:40:00,501203020,14,1,6,1,0
03:40:00,501203022,7,1,11,1,0
03:40:00,501203023,6,0,12,1,0
03:40:00,501203028,7,0,18,1,0
03:40:00,501203040,1,1,21,1,0
03:40:00,501203045,8,0,10,1,0
03:40:00,501203050,28,1,32,1,0
03:40:00,501203051,2,1,22,1,0
03:40:00,501203053,9,0,17,1,0
03:40:00,501203054,8,1,14,1,0
03:40:00,501203064,12,0,3,1,0
03:40:00,501203065,15,3,1,1,0
03:40:00,501203070,5,1,10,1,0
03:40:00,501203073,4,0,20,1,0
03:40:00,501203076,5,0,11,1,0
03:40:00,501203078,12,2,4,1,0
03:40:00,501203080,6,0,9,1,0
03:40:00,501203084,5,0,6,1,0
03:40:00,501203085,5,1,5,1,0
03:40:00,501203088,4,0,10,1,0
03:40:00,501203089,1,0,11,1,0
03:40:00,501203090,6,1,3,1,0
03:40:00,501203091,9,2,4,1,0
03:40:00,501203092,4,0,16,1,0
03:40:00,501203100,4,0,15,1,0
03:40:00,501203101,0,0,0,2,0
03:40:00,501203102,11,1,8,1,0
03:40:00,501203104,13,2,5,1,0
03:40:00,501203105,6,3,5,1,0
03:40:00,501203107,0,0,0,2,0
03:40:00,501203109,5,0,21,1,0
03:40:00,501203110,2,1,39,1,0
03:40:00,501203111,9,3,2,1,0
03:40:00,501203113,6,0,12,1,0
03:40:00,501203114,10,0,40,1,0
03:40:00,501203117,0,0,0,2,0
03:40:00,501203118,12,1,7,1,0
03:40:00,501203121,18,2,6,1,0
03:40:00,501203122,13,1,7,1,0
03:40:00,501203125,9,0,16,1,0
03:40:00,501203131,10,2,10,1,0
03:40:00,501203140,17,0,24,1,0
03:40:00,501203141,5,1,11,1,0
03:40:00,501203142,7,1,67,1,0
03:40:00,501203145,10,2,5,1,0
03:40:00,501203151,12,0,6,1,0
03:40:00,501203155,4,0,15,1,0
03:40:00,501203157,1,0,16,1,0
03:40:00,501203159,2,1,18,1,0
03:40:00,501203161,1,0,17,1,0
03:40:00,501203162,14,0,7,1,0
03:40:00,501203163,13,2,3,1,0
03:40:00,501204001,10,1,15,1,0
03:40:00,501204002,1,0,34,1,0
03:40:00,501204003,16,0,26,1,0
03:40:00,501204004,4,0,10,1,0
03:40:00,501204005,10,4,10,1,0
03:40:00,501204007,4,0,32,1,0
03:40:00,501204008,2,0,12,1,0
03:40:00,501204009,0,0,0,2,0
03:40:00,501204010,0,0,0,2,0
03:40:00,501204011,2,0,13,1,0
03:40:00,501204012,7,0,7,1,0
03:40:00,501204013,8,2,6,1,0
03:40:00,501204014,9,0,7,1,0
03:40:00,501204015,9,0,6,1,0
03:40:00,501204016,4,0,16,1,0
03:40:00,501204017,4,0,11,1,0
03:40:00,501204018,11,1,13,1,0
03:40:00,501204020,2,2,18,1,0
03:40:00,501204021,0,0,20,1,0
03:40:00,501204022,4,0,12,1,0
03:40:00,501204023,11,3,4,1,0
03:40:00,501204024,0,0,0,2,0
03:40:00,501204025,13,0,6,1,0
03:40:00,501205001,9,1,8,1,0
03:40:00,501205003,16,2,3,1,0
03:40:00,501205004,8,3,8,1,0
03:40:00,501205005,9,1,13,1,0
03:40:00,501205006,12,1,8,1,0
03:40:00,501205007,5,0,7,1,0
03:40:00,501205008,14,1,12,1,0
03:40:00,501205009,7,0,38,1,0
03:40:00,501205010,6,0,8,1,0
03:40:00,501205011,1,1,30,1,0
03:40:00,501205012,13,1,7,1,0
03:40:00,501205013,4,0,17,1,0
03:40:00,501205014,17,8,6,1,0
03:40:00,501205015,5,1,12,1,0
03:40:00,501205018,4,0,13,1,0
03:40:00,501205019,11,0,17,1,0
03:40:00,501205020,1,1,29,1,0
03:40:00,501205021,7,2,8,1,0
03:40:00,501205022,10,1,5,1,0
03:40:00,501205023,8,2,6,1,0
03:40:00,501205025,16,0,12,1,0
03:40:00,501205026,8,0,11,1,0
03:40:00,501205027,1,0,9,1,0
03:40:00,501205028,7,0,8,1,0
03:40:00,501205029,8,0,2,1,0
03:40:00,501205030,8,0,2,1,0
03:40:00,501205033,4,0,11,1,0
03:40:00,501205034,12,0,16,1,0
03:40:00,501205035,11,3,5,1,0
03:40:00,501205036,5,1,10,1,0
03:40:00,501205037,4,0,12,1,0
03:40:00,501205038,8,0,12,1,0
03:40:00,501205039,8,1,12,1,0
03:40:00,501205040,13,0,12,1,0
03:40:00,501205041,6,0,11,1,0
03:40:00,501205042,4,0,25,1,0
03:40:00,501208011,28,4,8,1,0
03:40:00,501208013,38,1,16,1,0
03:40:00,501208014,17,0,21,1,0
03:40:00,501208015,5,0,9,1,0
03:40:00,501208018,2,0,12,1,0
03:40:00,501208021,8,0,9,1,0
03:40:00,501208027,6,0,23,1,0
03:40:00,501208029,17,4,5,1,0
03:40:00,501208030,18,1,20,1,0
03:40:00,501208032,3,1,25,1,0
03:40:00,501208040,8,1,11,1,0
03:40:00,501208041,3,0,12,1,0
03:40:00,501208045,2,1,29,1,0
03:40:00,501208051,3,0,32,1,0
03:40:00,501208053,15,0,6,1,0
03:40:00,501208054,1,0,27,1,0
03:40:00,501208059,1,0,26,1,0
03:40:00,501208064,3,0,17,1,0
03:40:00,501208077,9,1,1,1,0
03:40:00,501208079,2,0,19,1,0
03:40:00,501208082,2,0,8,1,0
03:40:00,501208085,13,2,4,1,0
03:40:00,501208087,15,0,16,1,0
03:40:00,501208089,18,1,7,1,0
03:40:00,501208091,4,1,39,1,0
03:40:00,501208111,9,1,6,1,0
03:40:00,501208113,6,0,14,1,0
03:40:00,501208114,5,0,15,1,0
03:40:00,501208129,8,0,15,1,0
03:40:00,501208130,2,0,13,1,0
03:40:00,501209002,16,0,4,1,0
03:40:00,501209003,4,0,10,1,0
03:40:00,501209004,6,0,8,1,0
03:40:00,501209005,2,2,16,1,0
03:40:00,501209006,7,2,12,1,0
03:40:00,501209007,13,3,2,1,0
03:40:00,501209009,0,0,0,2,0
03:40:00,501209010,7,0,7,1,0
03:40:00,501209011,4,0,21,1,0
03:40:00,501209014,6,0,6,1,0
03:40:00,501209015,11,2,4,1,0
03:40:00,501209016,2,2,27,1,0
03:40:00,501209017,8,0,5,1,0
03:40:00,501209018,8,1,9,1,0
03:40:00,501209019,4,1,21,1,0
03:40:00,501209020,5,0,26,1,0
03:40:00,501209021,3,0,11,1,0
03:40:00,501209022,6,0,4,1,0
03:40:00,501209023,1,0,41,1,0
03:40:00,501209024,10,1,32,1,0
03:40:00,501209025,2,0,13,1,0
03:40:00,501209026,1,0,22,1,0
03:40:00,501209027,6,0,13,1,0
03:40:00,501209028,1,0,27,1,0
03:40:00,501209030,11,0,7,1,0
03:40:00,501209031,7,0,23,1,0
03:40:00,501209032,0,0,28,1,0
03:40:00,501209033,8,2,12,1,0
03:40:00,501209034,7,0,8,1,0
03:40:00,501209035,1,0,27,1,0
03:40:00,501209036,11,2,18,1,0
03:40:00,501209037,12,2,24,1,0
03:40:00,501209038,13,1,2,1,0
03:40:00,501209039,2,0,28,1,0
03:40:00,501209040,1,0,30,1,0
03:40:00,501209042,5,1,15,1,0
03:40:00,501209043,7,0,17,1,0
03:40:00,501209044,12,4,3,1,0
03:40:00,501209045,7,0,8,1,0
03:40:00,501209046,4,2,18,1,0
03:40:00,501209047,8,3,6,1,0
03:40:00,501209049,1,0,19,1,0
03:40:00,501209050,12,4,1,1,0
03:40:00,501209051,10,0,14,1,0
03:40:00,501209052,3,0,17,1,0
03:40:00,501209053,2,1,18,1,0
03:40:00,501209054,13,1,13,1,0
03:40:00,501209056,13,0,2,1,0
03:40:00,501209058,13,3,3,1,0
03:40:00,501209059,4,0,11,1,0
03:40:00,501209060,5,3,15,1,0
03:40:00,501209062,2,0,13,1,0
03:40:00,501209064,9,0,6,1,0
03:40:00,501209065,4,1,11,1,0
03:40:00,501209066,10,2,4,1,0
03:40:00,501209067,8,0,6,1,0
03:40:00,501209068,4,1,13,1,0
03:40:00,501209069,2,1,61,1,0
03:40:00,501209070,16,0,1,1,0
03:40:00,501209071,2,0,15,1,0
03:40:00,501209073,11,3,4,1,0
03:40:00,501209074,17,0,6,1,0
03:40:00,501209075,7,0,7,1,0
03:40:00,501209076,2,0,21,1,0
03:40:00,501209077,4,1,11,1,0
03:40:00,501209078,7,2,6,1,0
03:40:00,501209079,4,0,21,1,0
03:40:00,501209080,2,0,24,1,0
03:40:00,501209081,9,2,6,1,0
03:40:00,501209084,2,0,21,1,0
03:40:00,501209085,14,1,12,1,0
03:40:00,501209087,4,2,35,1,0
03:40:00,501209088,7,1,8,1,0
03:40:00,501209089,1,0,19,1,0
03:40:00,501209090,13,1,1,1,0
03:40:00,501209091,1,1,15,1,0
03:40:00,501209092,14,0,2,1,0
03:40:00,501209093,9,0,6,1,0
03:40:00,501209094,11,2,5,1,0
03:40:00,501209095,5,2,9,1,0
03:40:00,501209096,10,1,3,1,0
03:40:00,501209097,5,2,10,1,0
03:40:00,501209098,5,1,10,1,0
03:40:00,501209099,5,0,15,1,0
03:40:00,501209100,12,0,1,1,0
03:40:00,501209101,5,0,10,1,0
03:40:00,501209102,2,0,18,1,0
03:40:00,501209104,7,1,12,1,0
03:40:00,501209105,17,1,8,1,0
03:40:00,501209106,5,2,15,1,0
03:40:00,501211001,27,7,10,1,0
03:40:00,501211002,6,0,9,1,0
03:40:00,501211004,5,1,10,1,0
03:40:00,501211005,3,1,16,1,0
03:40:00,501211006,4,0,12,1,0
03:40:00,501211007,7,0,12,1,0
03:40:00,501211009,9,0,9,1,0
03:40:00,501211011,16,1,14,1,0
03:40:00,501211012,8,1,10,1,0
03:50:00,501201001,0,0,0,2,0
03:50:00,501201002,19,1,21,1,0
03:50:00,501201003,6,0,17,1,0
03:50:00,501201004,10,1,4,1,0
03:50:00,501201005,8,0,11,1,0
03:50:00,501201006,9,1,19,1,0
03:50:00,501201007,9,2,10,1,0
03:50:00,501201008,9,2,16,1,0
03:50:00,501201010,3,0,7,1,0
03:50:00,501201011,5,0,16,1,0
03:50:00,501201012,24,2,16,1,0
03:50:00,501201013,7,0,15,1,0
03:50:00,501201014,11,0,8,1,0
03:50:00,501201015,1,1,24,1,0
03:50:00,501201016,15,2,10,1,0
03:50:00,501201017,5,0,22,1,0
03:50:00,501201018,8,0,16,1,0
03:50:00,501201019,19,2,9,1,0
03:50:00,501201020,8,0,16,1,0
03:50:00,501201021,7,0,8,1,0
03:50:00,501201022,7,0,9,1,0
03:50:00,501201023,1,0,27,1,0
03:50:00,501201024,9,0,14,1,0
03:50:00,501201025,8,1,16,1,0
03:50:00,501201026,14,1,5,1,0
03:50:00,501201028,7,2,12,1,0
03:50:00,501201029,7,1,6,1,0
03:50:00,501201030,6,0,8,1,0
03:50:00,501201031,8,2,9,1,0
03:50:00,501202001,2,0,12,1,0
03:50:00,501202003,2,0,38,1,0
03:50:00,501202013,8,0,9,1,0
03:50:00,501202023,9,0,4,1,0
03:50:00,501202024,5,0,10,1,0
03:50:00,501202034,6,2,9,1,0
03:50:00,501202035,14,0,14,1,0
03:50:00,501202036,21,0,18,1,0
03:50:00,501202040,3,0,42,1,0
03:50:00,501202043,22,2,1,1,0
03:50:00,501202044,0,0,0,2,0
03:50:00,501202047,1,0,21,1,0
03:50:00,501202050,7,0,9,1,0
03:50:00,501202055,13,1,2,1,0
03:50:00,501202058,8,0,7,1,0
03:50:00,501202065,14,1,1,1,0
03:50:00,501202068,1,0,16,1,0
03:50:00,501202070,10,0,6,1,0
03:50:00,501202078,7,0,18,1,0
03:50:00,501202080,12,0,14,1,0
03:50:00,501202081,17,1,6,1,0
03:50:00,501202082,1,0,20,1,0
03:50:00,501202083,7,0,17,1,0
03:50:00,501202084,3,1,21,1,0
03:50:00,501202085,8,0,27,1,0
03:50:00,501202088,4,0,26,1,0
03:50:00,501202089,3,0,26,1,0
03:50:00,501202096,13,2,0,1,0
03:50:00,501203001,8,0,12,1,0
03:50:00,501203002,6,0,16,1,0
03:50:00,501203003,8,1,86,1,0
03:50:00,501203005,3,0,17,1,0
03:50:00,501203006,1,0,14,1,0
03:50:00,501203007,12,0,3,1,0
03:50:00,501203008,6,0,10,1,0
03:50:00,501203010,16,1,17,1,0
03:50:00,501203011,31,10,6,1,0
03:50:00,501203012,5,2,11,1,0
03:50:00,501203013,8,2,16,1,0
03:50:00,501203015,10,2,2,1,0
03:50:00,501203020,14,1,6,1,0
03:50:00,501203022,7,1,11,1,0
03:50:00,501203023,6,0,12,1,0
03:50:00,501203028,7,0,18,1,0
03:50:00,501203040,1,1,21,1,0
03:50:00,501203045,8,0,10,1,0
03:50:00,501203050,28,1,32,1,0
03:50:00,501203051,10,5,14,1,0
03:50:00,501203053,9,0,17,1,0
03:50:00,501203054,8,1,14,1,0
03:50:00,501203064,12,0,3,1,0
03:50:00,501203065,15,3,1,1,0
03:50:00,501203070,5,1,10,1,0
03:50:00,501203073,4,0,20,1,0
03:50:00,501203076,5,0,11,1,0
03:50:00,501203078,12,2,4,1,0
03:50:00,501203080,6,0,9,1,0
03:50:00,501203084,5,0,6,1,0
03:50:00,501203085,5,1,5,1,0
03:50:00,501203088,4,0,10,1,0
03:50:00,501203089,1,0,11,1,0
03:50:00,501203090,6,1,3,1,0
03:50:00,501203091,9,2,4,1,0
03:50:00,501203092,4,0,16,1,0
03:50:00,501203100,3,0,16,1,0
03:50:00,501203101,0,0,0,2,0
03:50:00,501203102,11,1,8,1,0
03:50:00,501203104,13,2,5,1,0
03:50:00,501203105,6,3,5,1,0
03:50:00,501203107,0,0,0,2,0
03:50:00,501203109,5,0,21,1,0
03:50:00,501203110,2,1,39,1,0
03:50:00,501203111,9,3,2,1,0
03:50:00,501203113,6,0,12,1,0
03:50:00,501203114,10,0,40,1,0
03:50:00,501203117,0,0,0,2,0
03:50:00,501203118,12,1,7,1,0
03:50:00,501203121,18,2,6,1,0
03:50:00,501203122,13,1,7,1,0
03:50:00,501203125,9,0,16,1,0
03:50:00,501203131,10,2,10,1,0
03:50:00,501203140,17,0,24,1,0
03:50:00,501203141,5,1,11,1,0
03:50:00,501203142,8,2,66,1,0
03:50:00,501203145,10,2,5,1,0
03:50:00,501203151,12,0,6,1,0
03:50:00,501203155,4,0,15,1,0
03:50:00,501203157,1,0,16,1,0
03:50:00,501203159,2,1,18,1,0
03:50:00,501203161,1,0,17,1,0
03:50:00,501203162,14,0,7,1,0
03:50:00,501203163,13,2,3,1,0
03:50:00,501204001,6,1,19,1,0
03:50:00,501204002,1,0,34,1,0
03:50:00,501204003,16,0,26,1,0
03:50:00,501204004,4,0,10,1,0
03:50:00,501204005,10,4,10,1,0
03:50:00,501204007,4,0,32,1,0
03:50:00,501204008,2,0,12,1,0
03:50:00,501204009,0,0,0,2,0
03:50:00,501204010,0,0,0,2,0
03:50:00,501204011,2,0,13,1,0
03:50:00,501204012,7,0,7,1,0
03:50:00,501204013,8,2,6,1,0
03:50:00,501204014,9,0,7,1,0
03:50:00,501204015,9,0,6,1,0
03:50:00,501204016,4,0,16,1,0
03:50:00,501204017,6,0,9,1,0
03:50:00,501204018,11,1,13,1,0
03:50:00,501204020,2,2,18,1,0
03:50:00,501204021,0,0,20,1,0
03:50:00,501204022,4,0,12,1,0
03:50:00,501204023,11,3,4,1,0
03:50:00,501204024,0,0,0,2,0
03:50:00,501204025,13,0,6,1,0
03:50:00,501205001,9,1,8,1,0
03:50:00,501205003,16,2,3,1,0
03:50:00,501205004,8,3,8,1,0
03:50:00,501205005,9,1,13,1,0
03:50:00,501205006,12,1,8,1,0
03:50:00,501205007,5,0,7,1,0
03:50:00,501205008,14,1,12,1,0
03:50:00,501205009,6,0,39,1,0
03:50:00,501205010,6,0,8,1,0
03:50:00,501205011,1,1,30,1,0
03:50:00,501205012,13,0,7,1,0
03:50:00,501205013,4,0,17,1,0
03:50:00,501205014,17,8,6,1,0
03:50:00,501205015,5,1,12,1,0
03:50:00,501205018,4,0,13,1,0
03:50:00,501205019,11,0,17,1,0
03:50:00,501205020,1,1,29,1,0
03:50:00,501205021,7,2,8,1,0
03:50:00,501205022,10,1,5,1,0
03:50:00,501205023,8,2,6,1,0
03:50:00,501205025,16,0,12,1,0
03:50:00,501205026,8,0,11,1,0
03:50:00,501205027,1,0,9,1,0
03:50:00,501205028,7,0,8,1,0
03:50:00,501205029,8,0,2,1,0
03:50:00,501205030,8,0,2,1,0
03:50:00,501205033,4,0,11,1,0
03:50:00,501205034,12,0,16,1,0
03:50:00,501205035,11,3,5,1,0
03:50:00,501205036,5,1,10,1,0
03:50:00,501205037,2,0,14,1,0
03:50:00,501205038,8,0,12,1,0
03:50:00,501205039,8,1,12,1,0
03:50:00,501205040,13,0,12,1,0
03:50:00,501205041,6,0,11,1,0
03:50:00,501205042,4,0,25,1,0
03:50:00,501208011,28,4,8,1,0
03:50:00,501208013,38,1,16,1,0
03:50:00,501208014,17,0,21,1,0
03:50:00,501208015,5,0,9,1,0
03:50:00,501208018,2,0,12,1,0
03:50:00,501208021,8,0,9,1,0
03:50:00,501208027,6,0,23,1,0
03:50:00,501208029,17,4,5,1,0
03:50:00,501208030,18,1,20,1,0
03:50:00,501208032,3,1,25,1,0
03:50:00,501208040,8,1,11,1,0
03:50:00,501208041,3,0,12,1,0
03:50:00,501208045,2,1,29,1,0
03:50:00,501208051,3,0,32,1,0
03:50:00,501208053,15,0,6,1,0
03:50:00,501208054,1,0,27,1,0
03:50:00,501208059,1,0,26,1,0
03:50:00,501208064,3,0,17,1,0
03:50:00,501208077,9,1,1,1,0
03:50:00,501208079,2,0,19,1,0
03:50:00,501208082,2,0,8,1,0
03:50:00,501208085,13,2,4,1,0
03:50:00,501208087,15,0,16,1,0
03:50:00,501208089,18,1,7,1,0
03:50:00,501208091,4,1,39,1,0
03:50:00,501208111,9,1,6,1,0
03:50:00,501208113,6,0,14,1,0
03:50:00,501208114,5,0,15,1,0
03:50:00,501208129,8,0,15,1,0
03:50:00,501208130,2,0,13,1,0
03:50:00,501209002,16,0,4,1,0
03:50:00,501209003,4,0,10,1,0
03:50:00,501209004,6,0,8,1,0
03:50:00,501209005,2,2,16,1,0
03:50:00,501209006,7,2,12,1,0
03:50:00,501209007,13,3,2,1,0
03:50:00,501209009,0,0,0,2,0
03:50:00,501209010,7,0,7,1,0
03:50:00,501209011,4,0,21,1,0
03:50:00,501209014,6,0,6,1,0
03:50:00,501209015,11,2,4,1,0
03:50:00,501209016,2,2,27,1,0
03:50:00,501209017,8,0,5,1,0
03:50:00,501209018,8,1,9,1,0
03:50:00,501209019,4,1,21,1,0
03:50:00,501209020,5,0,26,1,0
03:50:00,501209021,3,0,11,1,0
03:50:00,501209022,6,0,4,1,0
03:50:00,501209023,1,0,41,1,0
03:50:00,501209024,10,1,32,1,0
03:50:00,501209025,2,0,13,1,0
03:50:00,501209026,1,0,22,1,0
03:50:00,501209027,6,0,13,1,0
03:50:00,501209028,1,0,27,1,0
03:50:00,501209030,11,0,7,1,0
03:50:00,501209031,7,0,23,1,0
03:50:00,501209032,0,0,28,1,0
03:50:00,501209033,8,2,12,1,0
03:50:00,501209034,7,0,8,1,0
03:50:00,501209035,1,0,27,1,0
03:50:00,501209036,11,2,18,1,0
03:50:00,501209037,12,2,24,1,0
03:50:00,501209038,13,1,2,1,0
03:50:00,501209039,2,0,28,1,0
03:50:00,501209040,1,0,30,1,0
03:50:00,501209042,5,1,15,1,0
03:50:00,501209043,7,0,17,1,0
03:50:00,501209044,12,4,3,1,0
03:50:00,501209045,7,0,8,1,0
03:50:00,501209046,4,2,18,1,0
03:50:00,501209047,8,3,6,1,0
03:50:00,501209049,1,0,19,1,0
03:50:00,501209050,12,4,1,1,0
03:50:00,501209051,10,0,14,1,0
03:50:00,501209052,3,0,17,1,0
03:50:00,501209053,2,1,18,1,0
03:50:00,501209054,13,1,13,1,0
03:50:00,501209056,13,0,2,1,0
03:50:00,501209058,13,3,3,1,0
03:50:00,501209059,4,0,11,1,0
03:50:00,501209060,5,3,15,1,0
03:50:00,501209062,2,0,13,1,0
03:50:00,501209064,9,0,6,1,0
03:50:00,501209065,4,1,11,1,0
03:50:00,501209066,10,2,4,1,0
03:50:00,501209067,8,0,6,1,0
03:50:00,501209068,4,1,13,1,0
03:50:00,501209069,2,1,61,1,0
03:50:00,501209070,16,0,1,1,0
03:50:00,501209071,2,0,15,1,0
03:50:00,501209073,11,3,4,1,0
03:50:00,501209074,17,0,6,1,0
03:50:00,501209075,7,0,7,1,0
03:50:00,501209076,2,0,21,1,0
03:50:00,501209077,4,1,11,1,0
03:50:00,501209078,7,2,6,1,0
03:50:00,501209079,4,0,21,1,0
03:50:00,501209080,2,0,24,1,0
03:50:00,501209081,9,2,6,1,0
03:50:00,501209084,2,0,21,1,0
03:50:00,501209085,14,1,12,1,0
03:50:00,501209087,4,2,35,1,0
03:50:00,501209088,7,1,8,1,0
03:50:00,501209089,1,0,19,1,0
03:50:00,501209090,13,1,1,1,0
03:50:00,501209091,1,1,15,1,0
03:50:00,501209092,14,0,2,1,0
03:50:00,501209093,9,0,6,1,0
03:50:00,501209094,11,2,5,1,0
03:50:00,501209095,5,2,9,1,0
03:50:00,501209096,10,1,3,1,0
03:50:00,501209097,5,2,10,1,0
03:50:00,501209098,5,1,10,1,0
03:50:00,501209099,5,0,15,1,0
03:50:00,501209100,12,0,1,1,0
03:50:00,501209101,5,0,10,1,0
03:50:00,501209102,2,0,18,1,0
03:50:00,501209104,7,1,12,1,0
03:50:00,501209105,17,1,8,1,0
03:50:00,501209106,5,2,15,1,0
03:50:00,501211001,27,7,10,1,0
03:50:00,501211002,6,0,9,1,0
03:50:00,501211004,5,1,10,1,0
03:50:00,501211005,3,1,16,1,0
03:50:00,501211006,4,0,12,1,0
03:50:00,501211007,7,0,12,1,0
03:50:00,501211009,9,0,9,1,0
03:50:00,501211011,16,1,14,1,0
03:50:00,501211012,8,1,10,1,0
04:01:08,501201001,0,0,0,2,0
04:01:08,501201002,19,1,21,1,0
04:01:08,501201003,6,0,17,1,0
04:01:08,501201004,10,1,4,1,0
04:01:08,501201005,8,0,11,1,0
04:01:08,501201006,9,1,19,1,0
04:01:08,501201007,9,2,10,1,0
04:01:08,501201008,9,2,16,1,0
04:01:08,501201010,3,0,7,1,0
04:01:08,501201011,5,0,16,1,0
04:01:08,501201012,24,2,16,1,0
04:01:08,501201013,7,0,15,1,0
04:01:08,501201014,11,0,8,1,0
04:01:08,501201015,1,1,24,1,0
04:01:08,501201016,15,2,10,1,0
04:01:08,501201017,4,0,23,1,0
04:01:08,501201018,8,0,16,1,0
04:01:08,501201019,19,2,9,1,0
04:01:08,501201020,8,0,16,1,0
04:01:08,501201021,7,0,8,1,0
04:01:08,501201022,7,0,9,1,0
04:01:08,501201023,1,0,27,1,0
04:01:08,501201024,9,0,14,1,0
04:01:08,501201025,8,1,16,1,0
04:01:08,501201026,14,1,5,1,0
04:01:08,501201028,7,2,12,1,0
04:01:08,501201029,6,0,7,1,0
04:01:08,501201030,6,0,8,1,0
04:01:08,501201031,8,2,9,1,0
04:01:08,501202001,2,0,12,1,0
04:01:08,501202003,2,0,38,1,0
04:01:08,501202013,8,0,9,1,0
04:01:08,501202023,9,0,4,1,0
04:01:08,501202024,5,0,10,1,0
04:01:08,501202034,6,2,9,1,0
04:01:08,501202035,14,0,14,1,0
04:01:08,501202036,21,0,18,1,0
04:01:08,501202040,3,0,42,1,0
04:01:08,501202043,17,3,8,1,0
04:01:08,501202044,0,0,0,2,0
04:01:08,501202047,1,0,21,1,0
04:01:08,501202050,7,0,9,1,0
04:01:08,501202055,13,1,2,1,0
04:01:08,501202058,8,0,7,1,0
04:01:08,501202065,14,1,1,1,0
04:01:08,501202068,1,0,16,1,0
04:01:08,501202070,10,0,6,1,0
04:01:08,501202078,7,0,18,1,0
04:01:08,501202080,12,0,14,1,0
04:01:08,501202081,17,1,6,1,0
04:01:08,501202082,1,0,20,1,0
04:01:08,501202083,7,0,17,1,0
04:01:08,501202084,3,1,21,1,0
04:01:08,501202085,8,0,27,1,0
04:01:08,501202088,4,0,26,1,0
04:01:08,501202089,3,0,26,1,0
04:01:08,501202096,13,2,0,1,0
04:01:08,501203001,5,0,15,1,0
04:01:08,501203002,5,0,17,1,0
04:01:08,501203003,8,1,86,1,0
04:01:08,501203005,3,0,17,1,0
04:01:08,501203006,1,0,14,1,0
04:01:08,501203007,12,0,3,1,0
04:01:08,501203008,5,0,11,1,0
04:01:08,501203010,16,1,17,1,0
04:01:08,501203011,32,10,5,1,0
04:01:08,501203012,5,2,11,1,0
04:01:08,501203013,8,2,16,1,0
04:01:08,501203015,10,2,2,1,0
04:01:08,501203020,14,1,6,1,0
04:01:08,501203022,7,1,11,1,0
04:01:08,501203023,6,0,12,1,0
04:01:08,501203028,7,0,18,1,0
04:01:08,501203040,1,1,21,1,0
04:01:08,501203045,8,0,10,1,0
04:01:08,501203050,28,1,32,1,0
04:01:08,501203051,10,5,14,1,0
04:01:08,501203053,9,0,17,1,0
04:01:08,501203054,8,1,14,1,0
04:01:08,501203064,12,0,3,1,0
04:01:08,501203065,15,3,1,1,0
04:01:08,501203070,5,1,10,1,0
04:01:08,501203073,4,0,20,1,0
04:01:08,501203076,5,0,11,1,0
04:01:08,501203078,12,2,4,1,0
04:01:08,501203080,6,0,9,1,0
04:01:08,501203084,5,0,6,1,0
04:01:08,501203085,5,1,5,1,0
04:01:08,501203088,4,0,10,1,0
04:01:08,501203089,1,0,11,1,0
04:01:08,501203090,6,1,3,1,0
04:01:08,501203091,9,2,4,1,0
04:01:08,501203092,4,0,16,1,0
04:01:08,501203100,3,0,16,1,0
04:01:08,501203101,0,0,0,2,0
04:01:08,501203102,11,1,8,1,0
04:01:08,501203104,13,2,5,1,0
04:01:08,501203105,6,3,5,1,0
04:01:08,501203107,0,0,0,2,0
04:01:08,501203109,5,0,21,1,0
04:01:08,501203110,2,1,39,1,0
04:01:08,501203111,9,3,2,1,0
04:01:08,501203113,6,0,12,1,0
04:01:08,501203114,11,1,39,1,0
04:01:08,501203117,0,0,0,2,0
04:01:08,501203118,12,1,7,1,0
04:01:08,501203121,18,2,6,1,0
04:01:08,501203122,13,1,7,1,0
04:01:08,501203125,9,0,16,1,0
04:01:08,501203131,10,2,10,1,0
04:01:08,501203140,17,0,24,1,0
04:01:08,501203141,5,1,11,1,0
04:01:08,501203142,8,2,66,1,0
04:01:08,501203145,10,2,5,1,0
04:01:08,501203151,12,0,6,1,0
04:01:08,501203155,4,0,15,1,0
04:01:08,501203157,1,0,16,1,0
04:01:08,501203159,2,1,18,1,0
04:01:08,501203161,1,0,17,1,0
04:01:08,501203162,14,0,7,1,0
04:01:08,501203163,13,2,3,1,0
04:01:08,501204001,6,1,19,1,0
04:01:08,501204002,1,0,34,1,0
04:01:08,501204003,16,0,26,1,0
04:01:08,501204004,4,0,10,1,0
04:01:08,501204005,10,4,10,1,0
04:01:08,501204007,4,0,32,1,0
04:01:08,501204008,2,0,12,1,0
04:01:08,501204009,0,0,0,2,0
04:01:08,501204010,0,0,0,2,0
04:01:08,501204011,2,0,13,1,0
04:01:08,501204012,7,0,7,1,0
04:01:08,501204013,8,2,6,1,0
04:01:08,501204014,9,0,7,1,0
04:01:08,501204015,9,0,6,1,0
04:01:08,501204016,4,0,16,1,0
04:01:08,501204017,6,0,9,1,0
04:01:08,501204018,11,1,13,1,0
04:01:08,501204020,2,2,18,1,0
04:01:08,501204021,4,0,16,1,0
04:01:08,501204022,4,0,12,1,0
04:01:08,501204023,11,3,4,1,0
04:01:08,501204024,0,0,0,2,0
04:01:08,501204025,13,0,6,1,0
04:01:08,501205001,9,1,8,1,0
04:01:08,501205003,16,2,3,1,0
04:01:08,501205004,8,3,8,1,0
04:01:08,501205005,9,1,13,1,0
04:01:08,501205006,12,1,8,1,0
04:01:08,501205007,5,0,7,1,0
04:01:08,501205008,14,1,12,1,0
04:01:08,501205009,6,0,39,1,0
04:01:08,501205010,6,0,8,1,0
04:01:08,501205011,1,1,30,1,0
04:01:08,501205012,12,0,8,1,0
04:01:08,501205013,4,0,17,1,0
04:01:08,501205014,17,8,6,1,0
04:01:08,501205015,5,1,12,1,0
04:01:08,501205018,4,0,13,1,0
04:01:08,501205019,11,0,17,1,0
04:01:08,501205020,1,1,29,1,0
04:01:08,501205021,7,2,8,1,0
04:01:08,501205022,10,1,5,1,0
04:01:08,501205023,8,2,6,1,0
04:01:08,501205025,16,0,12,1,0
04:01:08,501205026,8,0,11,1,0
04:01:08,501205027,1,0,9,1,0
04:01:08,501205028,7,0,8,1,0
04:01:08,501205029,8,0,2,1,0
04:01:08,501205030,8,0,2,1,0
04:01:08,501205033,4,0,11,1,0
04:01:08,501205034,12,0,16,1,0
04:01:08,501205035,11,3,5,1,0
04:01:08,501205036,5,1,10,1,0
04:01:08,501205037,2,0,14,1,0
04:01:08,501205038,8,0,12,1,0
04:01:08,501205039,8,1,12,1,0
04:01:08,501205040,13,0,12,1,0
04:01:08,501205041,6,0,11,1,0
04:01:08,501205042,4,0,25,1,0
04:01:08,501208011,28,4,8,1,0
04:01:08,501208013,38,1,16,1,0
04:01:08,501208014,17,0,21,1,0
04:01:08,501208015,5,0,9,1,0
04:01:08,501208018,2,0,12,1,0
04:01:08,501208021,8,0,9,1,0
04:01:08,501208027,6,0,23,1,0
04:01:08,501208029,17,4,5,1,0
04:01:08,501208030,18,1,20,1,0
04:01:08,501208032,3,1,25,1,0
04:01:08,501208040,8,1,11,1,0
04:01:08,501208041,3,0,12,1,0
04:01:08,501208045,2,1,29,1,0
04:01:08,501208051,3,0,32,1,0
04:01:08,501208053,15,0,6,1,0
04:01:08,501208054,1,0,27,1,0
04:01:08,501208059,1,0,26,1,0
04:01:08,501208064,3,0,17,1,0
04:01:08,501208077,9,1,1,1,0
04:01:08,501208079,2,0,19,1,0
04:01:08,501208082,2,0,8,1,0
04:01:08,501208085,13,2,4,1,0
04:01:08,501208087,15,0,16,1,0
04:01:08,501208089,18,1,7,1,0
04:01:08,501208091,4,1,39,1,0
04:01:08,501208111,9,1,6,1,0
04:01:08,501208113,6,0,14,1,0
04:01:08,501208114,5,0,15,1,0
04:01:08,501208129,8,0,15,1,0
04:01:08,501208130,2,0,13,1,0
04:01:08,501209002,16,0,4,1,0
04:01:08,501209003,4,0,10,1,0
04:01:08,501209004,6,0,8,1,0
04:01:08,501209005,2,2,16,1,0
04:01:08,501209006,7,2,12,1,0
04:01:08,501209007,13,3,2,1,0
04:01:08,501209009,0,0,0,2,0
04:01:08,501209010,7,0,7,1,0
04:01:08,501209011,4,0,21,1,0
04:01:08,501209014,6,0,6,1,0
04:01:08,501209015,11,2,4,1,0
04:01:08,501209016,2,2,27,1,0
04:01:08,501209017,8,0,5,1,0
04:01:08,501209018,8,1,9,1,0
04:01:08,501209019,4,1,21,1,0
04:01:08,501209020,5,0,26,1,0
04:01:08,501209021,3,0,11,1,0
04:01:08,501209022,5,0,5,1,0
04:01:08,501209023,6,0,36,1,0
04:01:08,501209024,10,1,32,1,0
04:01:08,501209025,2,0,13,1,0
04:01:08,501209026,1,0,22,1,0
04:01:08,501209027,6,0,13,1,0
04:01:08,501209028,1,0,27,1,0
04:01:08,501209030,11,0,7,1,0
04:01:08,501209031,7,0,23,1,0
04:01:08,501209032,0,0,28,1,0
04:01:08,501209033,8,2,12,1,0
04:01:08,501209034,7,0,8,1,0
04:01:08,501209035,3,0,25,1,0
04:01:08,501209036,11,2,18,1,0
04:01:08,501209037,12,2,24,1,0
04:01:08,501209038,13,1,2,1,0
04:01:08,501209039,2,0,28,1,0
04:01:08,501209040,1,0,30,1,0
04:01:08,501209042,5,1,15,1,0
04:01:08,501209043,7,0,17,1,0
04:01:08,501209044,12,4,3,1,0
04:01:08,501209045,7,0,8,1,0
04:01:08,501209046,4,2,18,1,0
04:01:08,501209047,8,3,6,1,0
04:01:08,501209049,1,0,19,1,0
04:01:08,501209050,12,4,1,1,0
04:01:08,501209051,10,0,14,1,0
04:01:08,501209052,3,0,17,1,0
04:01:08,501209053,2,1,18,1,0
04:01:08,501209054,13,1,13,1,0
04:01:08,501209056,13,0,2,1,0
04:01:08,501209058,13,3,3,1,0
04:01:08,501209059,4,0,11,1,0
04:01:08,501209060,5,3,15,1,0
04:01:08,501209062,2,0,13,1,0
04:01:08,501209064,9,0,6,1,0
04:01:08,501209065,4,1,11,1,0
04:01:08,501209066,10,2,4,1,0
04:01:08,501209067,8,0,6,1,0
04:01:08,501209068,4,1,13,1,0
04:01:08,501209069,2,1,61,1,0
04:01:08,501209070,16,0,1,1,0
04:01:08,501209071,2,0,15,1,0
04:01:08,501209073,11,3,4,1,0
04:01:08,501209074,17,0,6,1,0
04:01:08,501209075,7,0,7,1,0
04:01:08,501209076,2,0,21,1,0
04:01:08,501209077,4,1,11,1,0
04:01:08,501209078,7,2,6,1,0
04:01:08,501209079,4,0,21,1,0
04:01:08,501209080,2,0,24,1,0
04:01:08,501209081,9,2,6,1,0
04:01:08,501209084,2,0,21,1,0
04:01:08,501209085,14,1,12,1,0
04:01:08,501209087,4,2,35,1,0
04:01:08,501209088,7,1,8,1,0
04:01:08,501209089,1,0,19,1,0
04:01:08,501209090,13,1,1,1,0
04:01:08,501209091,1,1,15,1,0
04:01:08,501209092,14,0,2,1,0
04:01:08,501209093,9,0,6,1,0
04:01:08,501209094,11,2,5,1,0
04:01:08,501209095,5,2,9,1,0
04:01:08,501209096,10,1,3,1,0
04:01:08,501209097,5,2,10,1,0
04:01:08,501209098,5,1,10,1,0
04:01:08,501209099,5,0,15,1,0
04:01:08,501209100,12,0,1,1,0
04:01:08,501209101,5,0,10,1,0
04:01:08,501209102,2,0,18,1,0
04:01:08,501209104,7,1,12,1,0
04:01:08,501209105,17,1,8,1,0
04:01:08,501209106,5,2,15,1,0
04:01:08,501211001,27,7,10,1,0
04:01:08,501211002,6,0,9,1,0
04:01:08,501211004,5,1,10,1,0
04:01:08,501211005,3,1,16,1,0
04:01:08,501211006,4,0,12,1,0
04:01:08,501211007,7,0,12,1,0
04:01:08,501211009,9,0,9,1,0
04:01:08,501211011,16,1,14,1,0
04:01:08,501211012,8,1,10,1,0
04:10:01,501201001,0,0,0,2,0
04:10:01,501201002,19,1,21,1,0
04:10:01,501201003,6,0,17,1,0
04:10:01,501201004,10,1,4,1,0
04:10:01,501201005,8,0,11,1,0
04:10:01,501201006,9,1,19,1,0
04:10:01,501201007,9,2,10,1,0
04:10:01,501201008,9,2,16,1,0
04:10:01,501201010,3,0,7,1,0
04:10:01,501201011,5,0,16,1,0
04:10:01,501201012,24,2,16,1,0
04:10:01,501201013,7,0,15,1,0
04:10:01,501201014,11,0,8,1,0
04:10:01,501201015,1,1,24,1,0
04:10:01,501201016,15,2,10,1,0
04:10:01,501201017,4,0,23,1,0
04:10:01,501201018,8,0,16,1,0
04:10:01,501201019,19,2,9,1,0
04:10:01,501201020,8,0,16,1,0
04:10:01,501201021,7,0,8,1,0
04:10:01,501201022,7,0,9,1,0
04:10:01,501201023,1,0,27,1,0
04:10:01,501201024,9,0,14,1,0
04:10:01,501201025,8,1,16,1,0
04:10:01,501201026,14,1,5,1,0
04:10:01,501201028,7,2,12,1,0
04:10:01,501201029,6,0,7,1,0
04:10:01,501201030,6,0,8,1,0
04:10:01,501201031,8,2,9,1,0
04:10:01,501202001,2,0,12,1,0
04:10:01,501202003,2,0,38,1,0
04:10:01,501202013,8,0,9,1,0
04:10:01,501202023,9,0,4,1,0
04:10:01,501202024,5,0,10,1,0
04:10:01,501202034,6,2,9,1,0
04:10:01,501202035,14,0,14,1,0
04:10:01,501202036,21,0,18,1,0
04:10:01,501202040,3,0,42,1,0
04:10:01,501202043,15,3,10,1,0
04:10:01,501202044,0,0,0,2,0
04:10:01,501202047,1,0,21,1,0
04:10:01,501202050,7,0,9,1,0
04:10:01,501202055,13,1,2,1,0
04:10:01,501202058,8,0,7,1,0
04:10:01,501202065,14,1,1,1,0
04:10:01,501202068,1,0,16,1,0
04:10:01,501202070,10,0,6,1,0
04:10:01,501202078,7,0,18,1,0
04:10:01,501202080,12,0,14,1,0
04:10:01,501202081,17,1,6,1,0
04:10:01,501202082,1,0,20,1,0
04:10:01,501202083,7,0,17,1,0
04:10:01,501202084,3,1,21,1,0
04:10:01,501202085,8,0,27,1,0
04:10:01,501202088,4,0,26,1,0
04:10:01,501202089,3,0,26,1,0
04:10:01,501202096,13,2,0,1,0
04:10:01,501203001,4,0,16,1,0
04:10:01,501203002,6,0,16,1,0
04:10:01,501203003,8,1,86,1,0
04:10:01,501203005,3,0,17,1,0
04:10:01,501203006,1,0,14,1,0
04:10:01,501203007,12,0,3,1,0
04:10:01,501203008,5,0,11,1,0
04:10:01,501203010,16,1,17,1,0
04:10:01,501203011,32,10,5,1,0
04:10:01,501203012,5,2,11,1,0
04:10:01,501203013,8,2,16,1,0
04:10:01,501203015,10,2,2,1,0
04:10:01,501203020,14,1,6,1,0
04:10:01,501203022,7,1,11,1,0
04:10:01,501203023,6,0,12,1,0
04:10:01,501203028,7,0,18,1,0
04:10:01,501203040,2,2,20,1,0
04:10:01,501203045,8,0,10,1,0
04:10:01,501203050,28,1,32,1,0
04:10:01,501203051,11,5,13,1,0
04:10:01,501203053,7,0,19,1,0
04:10:01,501203054,8,1,14,1,0
04:10:01,501203064,12,0,3,1,0
04:10:01,501203065,15,3,1,1,0
04:10:01,501203070,5,1,10,1,0
04:10:01,501203073,4,0,20,1,0
04:10:01,501203076,5,0,11,1,0
04:10:01,501203078,12,2,4,1,0
04:10:01,501203080,7,0,8,1,0
04:10:01,501203084,5,0,6,1,0
04:10:01,501203085,5,1,5,1,0
04:10:01,501203088,4,0,10,1,0
04:10:01,501203089,1,0,11,1,0
04:10:01,501203090,6,1,3,1,0
04:10:01,501203091,9,2,4,1,0
04:10:01,501203092,4,0,16,1,0
04:10:01,501203100,3,0,16,1,0
04:10:01,501203101,0,0,0,2,0
04:10:01,501203102,10,0,9,1,0
04:10:01,501203104,13,2,5,1,0
04:10:01,501203105,6,3,5,1,0
04:10:01,501203107,0,0,0,2,0
04:10:01,501203109,5,0,21,1,0
04:10:01,501203110,2,1,39,1,0
04:10:01,501203111,9,3,2,1,0
04:10:01,501203113,6,0,12,1,0
04:10:01,501203114,12,2,38,1,0
04:10:01,501203117,0,0,0,2,0
04:10:01,501203118,12,1,7,1,0
04:10:01,501203121,18,2,6,1,0
04:10:01,501203122,13,1,7,1,0
04:10:01,501203125,9,0,16,1,0
04:10:01,501203131,10,2,10,1,0
04:10:01,501203140,16,0,25,1,0
04:10:01,501203141,5,1,11,1,0
04:10:01,501203142,8,2,66,1,0
04:10:01,501203145,10,2,5,1,0
04:10:01,501203151,11,0,7,1,0
04:10:01,501203155,4,0,15,1,0
04:10:01,501203157,1,0,16,1,0
04:10:01,501203159,2,1,18,1,0
04:10:01,501203161,1,0,17,1,0
04:10:01,501203162,14,0,7,1,0
04:10:01,501203163,13,2,3,1,0
04:10:01,501204001,6,1,19,1,0
04:10:01,501204002,1,0,34,1,0
04:10:01,501204003,16,0,26,1,0
04:10:01,501204004,4,0,10,1,0
04:10:01,501204005,10,4,10,1,0
04:10:01,501204007,2,0,34,1,0
04:10:01,501204008,2,0,12,1,0
04:10:01,501204009,0,0,0,2,0
04:10:01,501204010,0,0,0,2,0
04:10:01,501204011,2,0,13,1,0
04:10:01,501204012,7,0,7,1,0
04:10:01,501204013,8,2,6,1,0
04:10:01,501204014,9,0,7,1,0
04:10:01,501204015,9,0,6,1,0
04:10:01,501204016,4,0,16,1,0
04:10:01,501204017,6,0,9,1,0
04:10:01,501204018,11,1,13,1,0
04:10:01,501204020,2,2,18,1,0
04:10:01,501204021,4,0,16,1,0
04:10:01,501204022,4,0,12,1,0
04:10:01,501204023,11,3,4,1,0
04:10:01,501204024,0,0,0,2,0
04:10:01,501204025,14,0,5,1,0
04:10:01,501205001,9,1,8,1,0
04:10:01,501205003,16,2,3,1,0
04:10:01,501205004,8,3,8,1,0
04:10:01,501205005,9,1,13,1,0
04:10:01,501205006,12,1,8,1,0
04:10:01,501205007,3,0,9,1,0
04:10:01,501205008,14,1,12,1,0
04:10:01,501205009,5,0,40,1,0
04:10:01,501205010,6,0,8,1,0
04:10:01,501205011,1,1,30,1,0
04:10:01,501205012,11,0,9,1,0
04:10:01,501205013,4,0,17,1,0
04:10:01,501205014,17,8,6,1,0
04:10:01,501205015,5,1,12,1,0
04:10:01,501205018,4,0,13,1,0
04:10:01,501205019,11,0,17,1,0
04:10:01,501205020,1,1,29,1,0
04:10:01,501205021,7,2,8,1,0
04:10:01,501205022,10,1,5,1,0
04:10:01,501205023,8,2,6,1,0
04:10:01,501205025,16,0,12,1,0
04:10:01,501205026,8,0,11,1,0
04:10:01,501205027,1,0,9,1,0
04:10:01,501205028,7,0,8,1,0
04:10:01,501205029,8,0,2,1,0
04:10:01,501205030,8,0,2,1,0
04:10:01,501205033,4,0,11,1,0
04:10:01,501205034,12,0,16,1,0
04:10:01,501205035,11,3,5,1,0
04:10:01,501205036,5,1,10,1,0
04:10:01,501205037,2,0,14,1,0
04:10:01,501205038,8,0,12,1,0
04:10:01,501205039,8,1,12,1,0
04:10:01,501205040,13,0,12,1,0
04:10:01,501205041,6,0,11,1,0
04:10:01,501205042,4,0,25,1,0
04:10:01,501208011,28,4,8,1,0
04:10:01,501208013,38,1,16,1,0
04:10:01,501208014,17,0,21,1,0
04:10:01,501208015,5,0,9,1,0
04:10:01,501208018,2,0,12,1,0
04:10:01,501208021,8,0,9,1,0
04:10:01,501208027,6,0,23,1,0
04:10:01,501208029,17,4,5,1,0
04:10:01,501208030,18,1,20,1,0
04:10:01,501208032,3,1,25,1,0
04:10:01,501208040,8,1,11,1,0
04:10:01,501208041,3,0,12,1,0
04:10:01,501208045,2,1,29,1,0
04:10:01,501208051,3,0,32,1,0
04:10:01,501208053,15,0,6,1,0
04:10:01,501208054,1,0,27,1,0
04:10:01,501208059,1,0,26,1,0
04:10:01,501208064,3,0,17,1,0
04:10:01,501208077,9,1,1,1,0
04:10:01,501208079,2,0,19,1,0
04:10:01,501208082,2,0,8,1,0
04:10:01,501208085,13,2,4,1,0
04:10:01,501208087,15,0,16,1,0
04:10:01,501208089,18,1,7,1,0
04:10:01,501208091,4,1,39,1,0
04:10:01,501208111,9,1,6,1,0
04:10:01,501208113,6,0,14,1,0
04:10:01,501208114,5,0,15,1,0
04:10:01,501208129,8,0,15,1,0
04:10:01,501208130,2,0,13,1,0
04:10:01,501209002,16,0,4,1,0
04:10:01,501209003,4,0,10,1,0
04:10:01,501209004,6,0,8,1,0
04:10:01,501209005,2,2,16,1,0
04:10:01,501209006,7,2,12,1,0
04:10:01,501209007,13,3,2,1,0
04:10:01,501209009,0,0,0,2,0
04:10:01,501209010,7,0,7,1,0
04:10:01,501209011,4,0,21,1,0
04:10:01,501209014,6,0,6,1,0
04:10:01,501209015,11,2,4,1,0
04:10:01,501209016,2,2,27,1,0
04:10:01,501209017,8,0,5,1,0
04:10:01,501209018,8,1,9,1,0
04:10:01,501209019,4,1,21,1,0
04:10:01,501209020,5,0,26,1,0
04:10:01,501209021,3,0,11,1,0
04:10:01,501209022,5,0,5,1,0
04:10:01,501209023,10,0,32,1,0
04:10:01,501209024,10,1,32,1,0
04:10:01,501209025,2,0,13,1,0
04:10:01,501209026,1,0,22,1,0
04:10:01,501209027,6,0,13,1,0
04:10:01,501209028,1,0,27,1,0
04:10:01,501209030,11,0,7,1,0
04:10:01,501209031,7,0,23,1,0
04:10:01,501209032,0,0,28,1,0
04:10:01,501209033,8,2,12,1,0
04:10:01,501209034,7,0,8,1,0
04:10:01,501209035,2,0,26,1,0
04:10:01,501209036,11,2,18,1,0
04:10:01,501209037,12,2,24,1,0
04:10:01,501209038,13,1,2,1,0
04:10:01,501209039,2,0,28,1,0
04:10:01,501209040,1,0,30,1,0
04:10:01,501209042,7,1,13,1,0
04:10:01,501209043,9,0,15,1,0
04:10:01,501209044,12,4,3,1,0
04:10:01,501209045,7,0,8,1,0
04:10:01,501209046,4,2,18,1,0
04:10:01,501209047,8,3,6,1,0
04:10:01,501209049,1,0,19,1,0
04:10:01,501209050,12,4,1,1,0
04:10:01,501209051,10,0,14,1,0
04:10:01,501209052,3,0,17,1,0
04:10:01,501209053,2,1,18,1,0
04:10:01,501209054,13,1,13,1,0
04:10:01,501209056,13,0,2,1,0
04:10:01,501209058,13,3,3,1,0
04:10:01,501209059,4,0,11,1,0
04:10:01,501209060,5,3,15,1,0
04:10:01,501209062,2,0,13,1,0
04:10:01,501209064,9,0,6,1,0
04:10:01,501209065,4,1,11,1,0
04:10:01,501209066,10,2,4,1,0
04:10:01,501209067,8,0,6,1,0
04:10:01,501209068,4,1,13,1,0
04:10:01,501209069,2,1,61,1,0
04:10:01,501209070,16,0,1,1,0
04:10:01,501209071,2,0,15,1,0
04:10:01,501209073,11,3,4,1,0
04:10:01,501209074,17,0,6,1,0
04:10:01,501209075,7,0,7,1,0
04:10:01,501209076,2,0,21,1,0
04:10:01,501209077,4,1,11,1,0
04:10:01,501209078,7,2,6,1,0
04:10:01,501209079,4,0,21,1,0
04:10:01,501209080,2,0,24,1,0
04:10:01,501209081,9,2,6,1,0
04:10:01,501209084,2,0,21,1,0
04:10:01,501209085,14,1,12,1,0
04:10:01,501209087,4,2,35,1,0
04:10:01,501209088,7,1,8,1,0
04:10:01,501209089,1,0,19,1,0
04:10:01,501209090,13,1,1,1,0
04:10:01,501209091,1,1,15,1,0
04:10:01,501209092,5,0,11,1,0
04:10:01,501209093,9,0,6,1,0
04:10:01,501209094,11,2,5,1,0
04:10:01,501209095,5,2,9,1,0
04:10:01,501209096,10,1,3,1,0
04:10:01,501209097,5,2,10,1,0
04:10:01,501209098,5,1,10,1,0
04:10:01,501209099,5,0,15,1,0
04:10:01,501209100,12,0,1,1,0
04:10:01,501209101,5,0,10,1,0
04:10:01,501209102,2,0,18,1,0
04:10:01,501209104,7,1,12,1,0
04:10:01,501209105,17,1,8,1,0
04:10:01,501209106,5,2,15,1,0
04:10:01,501211001,27,7,10,1,0
04:10:01,501211002,6,0,9,1,0
04:10:01,501211004,5,1,10,1,0
04:10:01,501211005,3,1,16,1,0
04:10:01,501211006,4,0,12,1,0
04:10:01,501211007,7,0,12,1,0
04:10:01,501211009,9,0,9,1,0
04:10:01,501211011,16,1,14,1,0
04:10:01,501211012,8,1,10,1,0
04:20:00,501201001,0,0,0,2,0
04:20:00,501201002,19,1,21,1,0
04:20:00,501201003,6,0,17,1,0
04:20:00,501201004,10,1,4,1,0
04:20:00,501201005,8,0,11,1,0
04:20:00,501201006,9,1,19,1,0
04:20:00,501201007,8,1,11,1,0
04:20:00,501201008,9,2,16,1,0
04:20:00,501201010,3,0,7,1,0
04:20:00,501201011,5,0,16,1,0
04:20:00,501201012,24,2,16,1,0
04:20:00,501201013,7,0,15,1,0
04:20:00,501201014,11,0,8,1,0
04:20:00,501201015,1,1,24,1,0
04:20:00,501201016,16,2,9,1,0
04:20:00,501201017,4,0,23,1,0
04:20:00,501201018,8,0,16,1,0
04:20:00,501201019,19,2,9,1,0
04:20:00,501201020,8,0,16,1,0
04:20:00,501201021,7,0,8,1,0
04:20:00,501201022,7,0,9,1,0
04:20:00,501201023,1,0,27,1,0
04:20:00,501201024,10,0,13,1,0
04:20:00,501201025,8,1,16,1,0
04:20:00,501201026,14,1,5,1,0
04:20:00,501201028,7,2,12,1,0
04:20:00,501201029,6,0,7,1,0
04:20:00,501201030,6,0,8,1,0
04:20:00,501201031,8,2,9,1,0
04:20:00,501202001,2,0,12,1,0
04:20:00,501202003,2,0,38,1,0
04:20:00,501202013,8,0,9,1,0
04:20:00,501202023,9,0,4,1,0
04:20:00,501202024,5,0,10,1,0
04:20:00,501202034,7,2,8,1,0
04:20:00,501202035,14,0,14,1,0
04:20:00,501202036,21,0,18,1,0
04:20:00,501202040,2,0,43,1,0
04:20:00,501202043,15,3,10,1,0
04:20:00,501202044,0,0,0,2,0
04:20:00,501202047,1,0,21,1,0
04:20:00,501202050,7,0,9,1,0
04:20:00,501202055,13,1,2,1,0
04:20:00,501202058,8,0,7,1,0
04:20:00,501202065,14,1,1,1,0
04:20:00,501202068,1,0,16,1,0
04:20:00,501202070,10,0,6,1,0
04:20:00,501202078,7,0,18,1,0
04:20:00,501202080,12,0,14,1,0
04:20:00,501202081,17,1,6,1,0
04:20:00,501202082,1,0,20,1,0
04:20:00,501202083,7,0,17,1,0
04:20:00,501202084,3,1,21,1,0
04:20:00,501202085,8,0,27,1,0
04:20:00,501202088,4,0,26,1,0
04:20:00,501202089,3,0,26,1,0
04:20:00,501202096,8,2,5,1,0
04:20:00,501203001,5,1,15,1,0
04:20:00,501203002,6,0,16,1,0
04:20:00,501203003,8,1,86,1,0
04:20:00,501203005,3,0,17,1,0
04:20:00,501203006,1,0,14,1,0
04:20:00,501203007,13,0,2,1,0
04:20:00,501203008,5,0,11,1,0
04:20:00,501203010,16,1,17,1,0
04:20:00,501203011,32,10,5,1,0
04:20:00,501203012,5,2,11,1,0
04:20:00,501203013,8,2,16,1,0
04:20:00,501203015,10,2,2,1,0
04:20:00,501203020,14,1,6,1,0
04:20:00,501203022,7,1,11,1,0
04:20:00,501203023,6,0,12,1,0
04:20:00,501203028,9,0,16,1,0
04:20:00,501203040,2,2,20,1,0
04:20:00,501203045,8,0,10,1,0
04:20:00,501203050,28,1,32,1,0
04:20:00,501203051,11,5,13,1,0
04:20:00,501203053,7,0,19,1,0
04:20:00,501203054,8,1,14,1,0
04:20:00,501203064,12,0,3,1,0
04:20:00,501203065,15,3,1,1,0
04:20:00,501203070,5,1,10,1,0
04:20:00,501203073,4,0,20,1,0
04:20:00,501203076,5,0,11,1,0
04:20:00,501203078,12,2,4,1,0
04:20:00,501203080,7,0,8,1,0
04:20:00,501203084,5,0,6,1,0
04:20:00,501203085,5,1,5,1,0
04:20:00,501203088,4,0,10,1,0
04:20:00,501203089,1,0,11,1,0
04:20:00,501203090,6,1,3,1,0
04:20:00,501203091,9,2,4,1,0
04:20:00,501203092,4,0,16,1,0
04:20:00,501203100,4,1,15,1,0
04:20:00,501203101,0,0,0,2,0
04:20:00,501203102,10,0,9,1,0
04:20:00,501203104,13,2,5,1,0
04:20:00,501203105,6,3,5,1,0
04:20:00,501203107,0,0,0,2,0
04:20:00,501203109,5,0,21,1,0
04:20:00,501203110,2,1,39,1,0
04:20:00,501203111,9,3,2,1,0
04:20:00,501203113,6,0,12,1,0
04:20:00,501203114,12,2,38,1,0
04:20:00,501203117,0,0,0,2,0
04:20:00,501203118,12,1,7,1,0
04:20:00,501203121,18,2,6,1,0
04:20:00,501203122,13,1,7,1,0
04:20:00,501203125,9,0,16,1,0
04:20:00,501203131,10,2,10,1,0
04:20:00,501203140,15,0,26,1,0
04:20:00,501203141,5,1,11,1,0
04:20:00,501203142,7,2,67,1,0
04:20:00,501203145,10,2,5,1,0
04:20:00,501203151,11,0,7,1,0
04:20:00,501203155,4,0,15,1,0
04:20:00,501203157,1,0,16,1,0
04:20:00,501203159,2,1,18,1,0
04:20:00,501203161,1,0,17,1,0
04:20:00,501203162,14,0,7,1,0
04:20:00,501203163,13,2,3,1,0
04:20:00,501204001,7,1,18,1,0
04:20:00,501204002,1,0,34,1,0
04:20:00,501204003,16,0,26,1,0
04:20:00,501204004,4,0,10,1,0
04:20:00,501204005,10,4,10,1,0
04:20:00,501204007,2,0,34,1,0
04:20:00,501204008,2,0,12,1,0
04:20:00,501204009,0,0,0,2,0
04:20:00,501204010,0,0,0,2,0
04:20:00,501204011,2,0,13,1,0
04:20:00,501204012,7,0,7,1,0
04:20:00,501204013,8,2,6,1,0
04:20:00,501204014,9,0,7,1,0
04:20:00,501204015,9,0,6,1,0
04:20:00,501204016,4,0,16,1,0
04:20:00,501204017,6,0,9,1,0
04:20:00,501204018,11,1,13,1,0
04:20:00,501204020,2,2,18,1,0
04:20:00,501204021,5,0,15,1,0
04:20:00,501204022,4,0,12,1,0
04:20:00,501204023,11,3,4,1,0
04:20:00,501204024,0,0,0,2,0
04:20:00,501204025,14,0,5,1,0
04:20:00,501205001,9,1,8,1,0
04:20:00,501205003,16,2,3,1,0
04:20:00,501205004,8,3,8,1,0
04:20:00,501205005,9,1,13,1,0
04:20:00,501205006,12,1,8,1,0
04:20:00,501205007,3,0,9,1,0
04:20:00,501205008,14,1,12,1,0
04:20:00,501205009,3,0,42,1,0
04:20:00,501205010,6,0,8,1,0
04:20:00,501205011,1,1,30,1,0
04:20:00,501205012,10,0,10,1,0
04:20:00,501205013,4,0,17,1,0
04:20:00,501205014,17,8,6,1,0
04:20:00,501205015,5,1,12,1,0
04:20:00,501205018,4,0,13,1,0
04:20:00,501205019,11,0,17,1,0
04:20:00,501205020,1,1,29,1,0
04:20:00,501205021,7,2,8,1,0
04:20:00,501205022,10,1,5,1,0
04:20:00,501205023,8,2,6,1,0
04:20:00,501205025,16,0,12,1,0
04:20:00,501205026,8,0,11,1,0
04:20:00,501205027,1,0,9,1,0
04:20:00,501205028,7,0,8,1,0
04:20:00,501205029,8,0,2,1,0
04:20:00,501205030,8,0,2,1,0
04:20:00,501205033,4,0,11,1,0
04:20:00,501205034,12,0,16,1,0
04:20:00,501205035,11,3,5,1,0
04:20:00,501205036,5,1,10,1,0
04:20:00,501205037,2,0,14,1,0
04:20:00,501205038,8,0,12,1,0
04:20:00,501205039,8,1,12,1,0
04:20:00,501205040,14,1,11,1,0
04:20:00,501205041,6,0,11,1,0
04:20:00,501205042,4,0,25,1,0
04:20:00,501208011,28,4,8,1,0
04:20:00,501208013,38,1,16,1,0
04:20:00,501208014,17,0,21,1,0
04:20:00,501208015,5,0,9,1,0
04:20:00,501208018,2,0,12,1,0
04:20:00,501208021,8,0,9,1,0
04:20:00,501208027,6,0,23,1,0
04:20:00,501208029,17,4,5,1,0
04:20:00,501208030,18,1,20,1,0
04:20:00,501208032,3,1,25,1,0
04:20:00,501208040,8,1,11,1,0
04:20:00,501208041,3,0,12,1,0
04:20:00,501208045,2,1,29,1,0
04:20:00,501208051,3,0,32,1,0
04:20:00,501208053,15,0,6,1,0
04:20:00,501208054,1,0,27,1,0
04:20:00,501208059,1,0,26,1,0
04:20:00,501208064,3,0,17,1,0
04:20:00,501208077,9,1,1,1,0
04:20:00,501208079,2,0,19,1,0
04:20:00,501208082,2,0,8,1,0
04:20:00,501208085,12,1,5,1,0
04:20:00,501208087,15,0,16,1,0
04:20:00,501208089,18,1,7,1,0
04:20:00,501208091,4,1,39,1,0
04:20:00,501208111,9,1,6,1,0
04:20:00,501208113,6,0,14,1,0
04:20:00,501208114,5,0,15,1,0
04:20:00,501208129,8,0,15,1,0
04:20:00,501208130,2,0,13,1,0
04:20:00,501209002,16,0,4,1,0
04:20:00,501209003,4,0,10,1,0
04:20:00,501209004,6,0,8,1,0
04:20:00,501209005,2,2,16,1,0
04:20:00,501209006,7,2,12,1,0
04:20:00,501209007,13,3,2,1,0
04:20:00,501209009,0,0,0,2,0
04:20:00,501209010,7,0,7,1,0
04:20:00,501209011,4,0,21,1,0
04:20:00,501209014,6,0,6,1,0
04:20:00,501209015,11,2,4,1,0
04:20:00,501209016,2,2,27,1,0
04:20:00,501209017,8,0,5,1,0
04:20:00,501209018,8,1,9,1,0
04:20:00,501209019,4,1,21,1,0
04:20:00,501209020,5,0,26,1,0
04:20:00,501209021,3,0,11,1,0
04:20:00,501209022,5,0,5,1,0
04:20:00,501209023,10,0,32,1,0
04:20:00,501209024,11,1,31,1,0
04:20:00,501209025,2,0,13,1,0
04:20:00,501209026,1,0,22,1,0
04:20:00,501209027,6,0,13,1,0
04:20:00,501209028,1,0,27,1,0
04:20:00,501209030,11,0,7,1,0
04:20:00,501209031,7,0,23,1,0
04:20:00,501209032,0,0,28,1,0
04:20:00,501209033,9,3,11,1,0
04:20:00,501209034,7,0,8,1,0
04:20:00,501209035,2,0,26,1,0
04:20:00,501209036,11,2,18,1,0
04:20:00,501209037,12,2,24,1,0
04:20:00,501209038,13,1,2,1,0
04:20:00,501209039,2,0,28,1,0
04:20:00,501209040,1,0,30,1,0
04:20:00,501209042,6,1,14,1,0
04:20:00,501209043,9,0,15,1,0
04:20:00,501209044,12,4,3,1,0
04:20:00,501209045,7,0,8,1,0
04:20:00,501209046,4,2,18,1,0
04:20:00,501209047,8,3,6,1,0
04:20:00,501209049,1,0,19,1,0
04:20:00,501209050,12,4,1,1,0
04:20:00,501209051,8,0,16,1,0
04:20:00,501209052,3,0,17,1,0
04:20:00,501209053,2,1,18,1,0
04:20:00,501209054,13,1,13,1,0
04:20:00,501209056,13,0,2,1,0
04:20:00,501209058,13,3,3,1,0
04:20:00,501209059,4,0,11,1,0
04:20:00,501209060,14,3,6,1,0
04:20:00,501209062,2,0,13,1,0
04:20:00,501209064,9,0,6,1,0
04:20:00,501209065,4,1,11,1,0
04:20:00,501209066,10,2,4,1,0
04:20:00,501209067,8,0,6,1,0
04:20:00,501209068,4,1,13,1,0
04:20:00,501209069,2,1,61,1,0
04:20:00,501209070,16,0,1,1,0
04:20:00,501209071,2,0,15,1,0
04:20:00,501209073,11,3,4,1,0
04:20:00,501209074,17,0,6,1,0
04:20:00,501209075,7,0,7,1,0
04:20:00,501209076,2,0,21,1,0
04:20:00,501209077,4,1,11,1,0
04:20:00,501209078,7,2,6,1,0
04:20:00,501209079,4,0,21,1,0
04:20:00,501209080,2,0,24,1,0
04:20:00,501209081,9,2,6,1,0
04:20:00,501209084,2,0,21,1,0
04:20:00,501209085,15,1,11,1,0
04:20:00,501209087,4,2,35,1,0
04:20:00,501209088,7,1,8,1,0
04:20:00,501209089,1,0,19,1,0
04:20:00,501209090,13,1,1,1,0
04:20:00,501209091,1,1,15,1,0
04:20:00,501209092,5,0,11,1,0
04:20:00,501209093,9,0,6,1,0
04:20:00,501209094,11,2,5,1,0
04:20:00,501209095,5,2,9,1,0
04:20:00,501209096,10,1,3,1,0
04:20:00,501209097,5,2,10,1,0
04:20:00,501209098,5,1,10,1,0
04:20:00,501209099,5,0,15,1,0
04:20:00,501209100,12,0,1,1,0
04:20:00,501209101,5,0,10,1,0
04:20:00,501209102,2,0,18,1,0
04:20:00,501209104,7,1,12,1,0
04:20:00,501209105,17,1,8,1,0
04:20:00,501209106,5,2,15,1,0
04:20:00,501211001,27,7,10,1,0
04:20:00,501211002,6,0,9,1,0
04:20:00,501211004,5,1,10,1,0
04:20:00,501211005,3,1,16,1,0
04:20:00,501211006,4,0,12,1,0
04:20:00,501211007,7,0,12,1,0
04:20:00,501211009,9,0,9,1,0
04:20:00,501211011,16,1,14,1,0
04:20:00,501211012,8,1,10,1,0
04:30:00,501201001,0,0,0,2,0
04:30:00,501201002,19,1,21,1,0
04:30:00,501201003,6,0,17,1,0
04:30:00,501201004,10,1,4,1,0
04:30:00,501201005,8,0,11,1,0
04:30:00,501201006,9,1,19,1,0
04:30:00,501201007,6,0,13,1,0
04:30:00,501201008,9,2,16,1,0
04:30:00,501201010,3,0,7,1,0
04:30:00,501201011,5,0,16,1,0
04:30:00,501201012,24,2,16,1,0
04:30:00,501201013,7,0,15,1,0
04:30:00,501201014,12,0,7,1,0
04:30:00,501201015,1,1,24,1,0
04:30:00,501201016,15,2,10,1,0
04:30:00,501201017,4,0,23,1,0
04:30:00,501201018,8,0,16,1,0
04:30:00,501201019,19,2,9,1,0
04:30:00,501201020,8,0,16,1,0
04:30:00,501201021,7,0,8,1,0
04:30:00,501201022,7,0,9,1,0
04:30:00,501201023,1,0,27,1,0
04:30:00,501201024,10,0,13,1,0
04:30:00,501201025,8,1,16,1,0
04:30:00,501201026,14,1,5,1,0
04:30:00,501201028,7,2,12,1,0
04:30:00,501201029,6,0,7,1,0
04:30:00,501201030,6,0,8,1,0
04:30:00,501201031,8,2,9,1,0
04:30:00,501202001,2,0,12,1,0
04:30:00,501202003,2,0,38,1,0
04:30:00,501202013,8,0,9,1,0
04:30:00,501202023,9,0,4,1,0
04:30:00,501202024,5,0,10,1,0
04:30:00,501202034,7,2,8,1,0
04:30:00,501202035,14,0,14,1,0
04:30:00,501202036,21,0,18,1,0
04:30:00,501202040,2,0,43,1,0
04:30:00,501202043,15,3,10,1,0
04:30:00,501202044,0,0,0,2,0
04:30:00,501202047,1,0,21,1,0
04:30:00,501202050,7,0,9,1,0
04:30:00,501202055,13,1,2,1,0
04:30:00,501202058,8,0,7,1,0
04:30:00,501202065,14,1,1,1,0
04:30:00,501202068,0,0,17,1,0
04:30:00,501202070,10,0,6,1,0
04:30:00,501202078,7,0,18,1,0
04:30:00,501202080,11,0,15,1,0
04:30:00,501202081,17,1,6,1,0
04:30:00,501202082,1,0,20,1,0
04:30:00,501202083,7,0,16,1,0
04:30:00,501202084,3,1,21,1,0
04:30:00,501202085,8,0,27,1,0
04:30:00,501202088,4,0,26,1,0
04:30:00,501202089,3,0,26,1,0
04:30:00,501202096,9,3,5,1,0
04:30:00,501203001,3,1,17,1,0
04:30:00,501203002,6,0,16,1,0
04:30:00,501203003,8,1,86,1,0
04:30:00,501203005,3,0,17,1,0
04:30:00,501203006,1,0,14,1,0
04:30:00,501203007,13,0,2,1,0
04:30:00,501203008,5,0,11,1,0
04:30:00,501203010,16,1,17,1,0
04:30:00,501203011,32,10,5,1,0
04:30:00,501203012,5,2,11,1,0
04:30:00,501203013,8,2,16,1,0
04:30:00,501203015,10,2,2,1,0
04:30:00,501203020,14,1,6,1,0
04:30:00,501203022,7,1,11,1,0
04:30:00,501203023,6,0,12,1,0
04:30:00,501203028,9,0,16,1,0
04:30:00,501203040,2,2,20,1,0
04:30:00,501203045,8,0,10,1,0
04:30:00,501203050,28,1,32,1,0
04:30:00,501203051,11,5,13,1,0
04:30:00,501203053,7,0,19,1,0
04:30:00,501203054,8,1,14,1,0
04:30:00,501203064,12,0,3,1,0
04:30:00,501203065,15,3,1,1,0
04:30:00,501203070,5,1,10,1,0
04:30:00,501203073,4,0,20,1,0
04:30:00,501203076,5,0,11,1,0
04:30:00,501203078,12,2,4,1,0
04:30:00,501203080,7,0,8,1,0
04:30:00,501203084,5,0,6,1,0
04:30:00,501203085,5,1,5,1,0
04:30:00,501203088,4,0,10,1,0
04:30:00,501203089,1,0,11,1,0
04:30:00,501203090,6,1,3,1,0
04:30:00,501203091,9,2,4,1,0
04:30:00,501203092,4,0,16,1,0
04:30:00,501203100,4,1,15,1,0
04:30:00,501203101,0,0,0,2,0
04:30:00,501203102,10,0,9,1,0
04:30:00,501203104,13,2,5,1,0
04:30:00,501203105,6,3,5,1,0
04:30:00,501203107,0,0,0,2,0
04:30:00,501203109,5,0,21,1,0
04:30:00,501203110,2,1,39,1,0
04:30:00,501203111,9,3,2,1,0
04:30:00,501203113,6,0,12,1,0
04:30:00,501203114,12,2,38,1,0
04:30:00,501203117,0,0,0,2,0
04:30:00,501203118,12,1,7,1,0
04:30:00,501203121,18,2,6,1,0
04:30:00,501203122,13,1,7,1,0
04:30:00,501203125,9,0,16,1,0
04:30:00,501203131,10,2,10,1,0
04:30:00,501203140,15,0,26,1,0
04:30:00,501203141,5,1,11,1,0
04:30:00,501203142,7,2,67,1,0
04:30:00,501203145,10,2,5,1,0
04:30:00,501203151,11,0,7,1,0
04:30:00,501203155,5,1,14,1,0
04:30:00,501203157,1,0,16,1,0
04:30:00,501203159,2,1,18,1,0
04:30:00,501203161,1,0,17,1,0
04:30:00,501203162,14,0,7,1,0
04:30:00,501203163,13,2,3,1,0
04:30:00,501204001,6,1,19,1,0
04:30:00,501204002,1,0,34,1,0
04:30:00,501204003,16,0,26,1,0
04:30:00,501204004,4,0,10,1,0
04:30:00,501204005,10,4,10,1,0
04:30:00,501204007,2,0,34,1,0
04:30:00,501204008,2,0,12,1,0
04:30:00,501204009,0,0,0,2,0
04:30:00,501204010,0,0,0,2,0
04:30:00,501204011,2,0,13,1,0
04:30:00,501204012,7,0,7,1,0
04:30:00,501204013,8,2,6,1,0
04:30:00,501204014,9,0,7,1,0
04:30:00,501204015,9,0,6,1,0
04:30:00,501204016,4,0,16,1,0
04:30:00,501204017,6,0,9,1,0
04:30:00,501204018,11,1,13,1,0
04:30:00,501204020,2,2,18,1,0
04:30:00,501204021,5,0,15,1,0
04:30:00,501204022,4,0,12,1,0
04:30:00,501204023,12,3,3,1,0
04:30:00,501204024,0,0,0,2,0
04:30:00,501204025,14,0,5,1,0
04:30:00,501205001,8,1,9,1,0
04:30:00,501205003,16,2,3,1,0
04:30:00,501205004,8,3,8,1,0
04:30:00,501205005,9,1,13,1,0
04:30:00,501205006,12,1,8,1,0
04:30:00,501205007,3,0,9,1,0
04:30:00,501205008,14,1,12,1,0
04:30:00,501205009,3,0,42,1,0
04:30:00,501205010,6,0,8,1,0
04:30:00,501205011,1,1,30,1,0
04:30:00,501205012,10,0,10,1,0
04:30:00,501205013,4,0,17,1,0
04:30:00,501205014,17,8,6,1,0
04:30:00,501205015,4,1,13,1,0
04:30:00,501205018,4,0,13,1,0
04:30:00,501205019,11,0,17,1,0
04:30:00,501205020,1,1,29,1,0
04:30:00,501205021,8,2,7,1,0
04:30:00,501205022,10,1,5,1,0
04:30:00,501205023,8,2,6,1,0
04:30:00,501205025,16,0,12,1,0
04:30:00,501205026,8,0,11,1,0
04:30:00,501205027,1,0,9,1,0
04:30:00,501205028,7,0,8,1,0
04:30:00,501205029,8,0,2,1,0
04:30:00,501205030,8,0,2,1,0
04:30:00,501205033,4,0,11,1,0
04:30:00,501205034,12,0,16,1,0
04:30:00,501205035,11,3,5,1,0
04:30:00,501205036,5,1,10,1,0
04:30:00,501205037,2,0,14,1,0
04:30:00,501205038,8,0,12,1,0
04:30:00,501205039,8,1,12,1,0
04:30:00,501205040,14,1,11,1,0
04:30:00,501205041,6,0,11,1,0
04:30:00,501205042,4,0,25,1,0
04:30:00,501208011,28,4,8,1,0
04:30:00,501208013,38,1,16,1,0
04:30:00,501208014,17,0,21,1,0
04:30:00,501208015,5,0,9,1,0
04:30:00,501208018,2,0,12,1,0
04:30:00,501208021,8,0,9,1,0
04:30:00,501208027,6,0,23,1,0
04:30:00,501208029,17,4,5,1,0
04:30:00,501208030,18,1,20,1,0
04:30:00,501208032,3,1,25,1,0
04:30:00,501208040,8,1,11,1,0
04:30:00,501208041,3,0,12,1,0
04:30:00,501208045,2,1,29,1,0
04:30:00,501208051,3,0,32,1,0
04:30:00,501208053,15,0,6,1,0
04:30:00,501208054,1,0,27,1,0
04:30:00,501208059,1,0,26,1,0
04:30:00,501208064,3,0,17,1,0
04:30:00,501208077,9,1,1,1,0
04:30:00,501208079,2,0,19,1,0
04:30:00,501208082,2,0,8,1,0
04:30:00,501208085,12,1,5,1,0
04:30:00,501208087,15,0,16,1,0
04:30:00,501208089,18,1,7,1,0
04:30:00,501208091,4,1,39,1,0
04:30:00,501208111,9,1,6,1,0
04:30:00,501208113,6,0,14,1,0
04:30:00,501208114,5,0,15,1,0
04:30:00,501208129,8,0,15,1,0
04:30:00,501208130,2,0,13,1,0
04:30:00,501209002,16,0,4,1,0
04:30:00,501209003,4,0,10,1,0
04:30:00,501209004,6,0,8,1,0
04:30:00,501209005,2,2,16,1,0
04:30:00,501209006,7,2,12,1,0
04:30:00,501209007,13,3,2,1,0
04:30:00,501209009,0,0,0,2,0
04:30:00,501209010,7,0,7,1,0
04:30:00,501209011,4,0,21,1,0
04:30:00,501209014,5,0,7,1,0
04:30:00,501209015,11,2,4,1,0
04:30:00,501209016,2,2,27,1,0
04:30:00,501209017,8,0,5,1,0
04:30:00,501209018,8,1,9,1,0
04:30:00,501209019,4,1,21,1,0
04:30:00,501209020,5,0,26,1,0
04:30:00,501209021,3,0,11,1,0
04:30:00,501209022,5,0,5,1,0
04:30:00,501209023,10,0,32,1,0
04:30:00,501209024,11,1,31,1,0
04:30:00,501209025,2,0,13,1,0
04:30:00,501209026,1,0,22,1,0
04:30:00,501209027,6,0,13,1,0
04:30:00,501209028,1,0,27,1,0
04:30:00,501209030,11,0,7,1,0
04:30:00,501209031,7,0,23,1,0
04:30:00,501209032,0,0,28,1,0
04:30:00,501209033,9,3,11,1,0
04:30:00,501209034,7,0,8,1,0
04:30:00,501209035,2,0,26,1,0
04:30:00,501209036,11,2,18,1,0
04:30:00,501209037,12,2,24,1,0
04:30:00,501209038,13,1,2,1,0
04:30:00,501209039,2,0,28,1,0
04:30:00,501209040,1,0,30,1,0
04:30:00,501209042,6,1,14,1,0
04:30:00,501209043,9,0,15,1,0
04:30:00,501209044,12,4,3,1,0
04:30:00,501209045,7,0,8,1,0
04:30:00,501209046,4,2,18,1,0
04:30:00,501209047,8,3,6,1,0
04:30:00,501209049,1,0,19,1,0
04:30:00,501209050,12,4,1,1,0
04:30:00,501209051,2,0,22,1,0
04:30:00,501209052,3,0,17,1,0
04:30:00,501209053,2,1,18,1,0
04:30:00,501209054,13,1,13,1,0
04:30:00,501209056,13,0,2,1,0
04:30:00,501209058,14,3,2,1,0
04:30:00,501209059,4,0,11,1,0
04:30:00,501209060,14,3,6,1,0
04:30:00,501209062,2,0,13,1,0
04:30:00,501209064,9,0,6,1,0
04:30:00,501209065,5,1,10,1,0
04:30:00,501209066,10,2,4,1,0
04:30:00,501209067,8,0,6,1,0
04:30:00,501209068,4,1,13,1,0
04:30:00,501209069,2,1,61,1,0
04:30:00,501209070,16,0,1,1,0
04:30:00,501209071,2,0,15,1,0
04:30:00,501209073,11,3,4,1,0
04:30:00,501209074,17,0,6,1,0
04:30:00,501209075,7,0,7,1,0
04:30:00,501209076,2,0,21,1,0
04:30:00,501209077,4,1,11,1,0
04:30:00,501209078,7,2,6,1,0
04:30:00,501209079,4,0,21,1,0
04:30:00,501209080,2,0,24,1,0
04:30:00,501209081,9,2,6,1,0
04:30:00,501209084,2,0,21,1,0
04:30:00,501209085,15,1,11,1,0
04:30:00,501209087,4,2,35,1,0
04:30:00,501209088,7,1,8,1,0
04:30:00,501209089,1,0,19,1,0
04:30:00,501209090,13,1,1,1,0
04:30:00,501209091,1,1,15,1,0
04:30:00,501209092,5,0,11,1,0
04:30:00,501209093,9,0,6,1,0
04:30:00,501209094,11,2,5,1,0
04:30:00,501209095,5,2,9,1,0
04:30:00,501209096,10,1,3,1,0
04:30:00,501209097,5,2,10,1,0
04:30:00,501209098,5,1,10,1,0
04:30:00,501209099,5,0,15,1,0
04:30:00,501209100,12,0,1,1,0
04:30:00,501209101,5,0,10,1,0
04:30:00,501209102,2,0,18,1,0
04:30:00,501209104,7,1,12,1,0
04:30:00,501209105,17,1,8,1,0
04:30:00,501209106,5,2,15,1,0
04:30:00,501211001,27,7,10,1,0
04:30:00,501211002,6,0,9,1,0
04:30:00,501211004,5,1,10,1,0
04:30:00,501211005,3,1,16,1,0
04:30:00,501211006,4,0,12,1,0
04:30:00,501211007,7,0,12,1,0
04:30:00,501211009,9,0,9,1,0
04:30:00,501211011,16,1,14,1,0
04:30:00,501211012,8,1,10,1,0
04:40:00,501201001,0,0,0,2,0
04:40:00,501201002,19,1,21,1,0
04:40:00,501201003,6,0,17,1,0
04:40:00,501201004,10,1,4,1,0
04:40:00,501201005,8,0,11,1,0
04:40:00,501201006,8,1,20,1,0
04:40:00,501201007,6,0,13,1,0
04:40:00,501201008,9,2,16,1,0
04:40:00,501201010,3,0,7,1,0
04:40:00,501201011,5,0,16,1,0
04:40:00,501201012,24,2,16,1,0
04:40:00,501201013,7,0,15,1,0
04:40:00,501201014,12,0,7,1,0
04:40:00,501201015,1,1,24,1,0
04:40:00,501201016,15,2,10,1,0
04:40:00,501201017,7,0,20,1,0
04:40:00,501201018,8,0,16,1,0
04:40:00,501201019,19,2,9,1,0
04:40:00,501201020,8,0,16,1,0
04:40:00,501201021,7,0,8,1,0
04:40:00,501201022,7,0,9,1,0
04:40:00,501201023,1,0,27,1,0
04:40:00,501201024,10,0,13,1,0
04:40:00,501201025,8,1,16,1,0
04:40:00,501201026,14,1,5,1,0
04:40:00,501201028,7,2,12,1,0
04:40:00,501201029,6,0,7,1,0
04:40:00,501201030,6,0,8,1,0
04:40:00,501201031,7,2,10,1,0
04:40:00,501202001,2,0,12,1,0
04:40:00,501202003,2,0,38,1,0
04:40:00,501202013,8,0,9,1,0
04:40:00,501202023,9,0,4,1,0
04:40:00,501202024,5,0,10,1,0
04:40:00,501202034,7,2,8,1,0
04:40:00,501202035,14,0,14,1,0
04:40:00,501202036,21,0,18,1,0
04:40:00,501202040,2,0,43,1,0
04:40:00,501202043,14,2,11,1,0
04:40:00,501202044,0,0,0,2,0
04:40:00,501202047,1,0,21,1,0
04:40:00,501202050,8,1,8,1,0
04:40:00,501202055,13,1,2,1,0
04:40:00,501202058,8,0,7,1,0
04:40:00,501202065,14,1,1,1,0
04:40:00,501202068,0,0,17,1,0
04:40:00,501202070,10,0,6,1,0
04:40:00,501202078,7,0,18,1,0
04:40:00,501202080,10,0,16,1,0
04:40:00,501202081,17,1,6,1,0
04:40:00,501202082,1,0,20,1,0
04:40:00,501202083,6,0,17,1,0
04:40:00,501202084,3,1,21,1,0
04:40:00,501202085,8,0,27,1,0
04:40:00,501202088,4,0,26,1,0
04:40:00,501202089,3,0,26,1,0
04:40:00,501202096,9,3,5,1,0
04:40:00,501203001,2,1,18,1,0
04:40:00,501203002,6,0,16,1,0
04:40:00,501203003,6,0,88,1,0
04:40:00,501203005,3,0,17,1,0
04:40:00,501203006,1,0,14,1,0
04:40:00,501203007,13,0,2,1,0
04:40:00,501203008,5,0,11,1,0
04:40:00,501203010,16,1,17,1,0
04:40:00,501203011,32,10,5,1,0
04:40:00,501203012,5,2,11,1,0
04:40:00,501203013,8,2,16,1,0
04:40:00,501203015,10,2,2,1,0
04:40:00,501203020,13,0,7,1,0
04:40:00,501203022,7,1,11,1,0
04:40:00,501203023,7,0,11,1,0
04:40:00,501203028,10,1,15,1,0
04:40:00,501203040,2,2,20,1,0
04:40:00,501203045,8,0,10,1,0
04:40:00,501203050,28,1,32,1,0
04:40:00,501203051,11,5,13,1,0
04:40:00,501203053,6,0,20,1,0
04:40:00,501203054,8,1,14,1,0
04:40:00,501203064,12,0,3,1,0
04:40:00,501203065,15,3,1,1,0
04:40:00,501203070,5,1,10,1,0
04:40:00,501203073,4,0,20,1,0
04:40:00,501203076,5,0,11,1,0
04:40:00,501203078,12,2,4,1,0
04:40:00,501203080,7,0,8,1,0
04:40:00,501203084,5,0,6,1,0
04:40:00,501203085,5,1,5,1,0
04:40:00,501203088,4,0,10,1,0
04:40:00,501203089,1,0,11,1,0
04:40:00,501203090,6,1,3,1,0
04:40:00,501203091,9,2,4,1,0
04:40:00,501203092,4,0,16,1,0
04:40:00,501203100,4,1,15,1,0
04:40:00,501203101,0,0,0,2,0
04:40:00,501203102,10,0,9,1,0
04:40:00,501203104,13,2,5,1,0
04:40:00,501203105,6,2,5,1,0
04:40:00,501203107,0,0,0,2,0
04:40:00,501203109,5,0,21,1,0
04:40:00,501203110,2,1,39,1,0
04:40:00,501203111,9,3,2,1,0
04:40:00,501203113,6,0,12,1,0
04:40:00,501203114,12,2,38,1,0
04:40:00,501203117,0,0,0,2,0
04:40:00,501203118,12,1,7,1,0
04:40:00,501203121,19,2,5,1,0
04:40:00,501203122,13,1,7,1,0
04:40:00,501203125,9,0,16,1,0
04:40:00,501203131,10,2,10,1,0
04:40:00,501203140,15,0,26,1,0
04:40:00,501203141,5,1,11,1,0
04:40:00,501203142,9,3,65,1,0
04:40:00,501203145,10,2,5,1,0
04:40:00,501203151,11,0,7,1,0
04:40:00,501203155,5,1,14,1,0
04:40:00,501203157,1,0,16,1,0
04:40:00,501203159,2,1,18,1,0
04:40:00,501203161,1,0,17,1,0
04:40:00,501203162,14,0,7,1,0
04:40:00,501203163,13,2,3,1,0
04:40:00,501204001,6,1,19,1,0
04:40:00,501204002,1,0,34,1,0
04:40:00,501204003,16,0,26,1,0
04:40:00,501204004,4,0,10,1,0
04:40:00,501204005,10,4,10,1,0
04:40:00,501204007,2,0,34,1,0
04:40:00,501204008,2,0,12,1,0
04:40:00,501204009,0,0,0,2,0
04:40:00,501204010,0,0,0,2,0
04:40:00,501204011,2,0,13,1,0
04:40:00,501204012,7,0,7,1,0
04:40:00,501204013,7,1,7,1,0
04:40:00,501204014,9,0,7,1,0
04:40:00,501204015,9,0,6,1,0
04:40:00,501204016,4,0,16,1,0
04:40:00,501204017,6,0,9,1,0
04:40:00,501204018,11,1,13,1,0
04:40:00,501204020,2,2,18,1,0
04:40:00,501204021,5,0,15,1,0
04:40:00,501204022,4,0,12,1,0
04:40:00,501204023,12,3,3,1,0
04:40:00,501204024,0,0,0,2,0
04:40:00,501204025,14,0,5,1,0
04:40:00,501205001,8,1,9,1,0
04:40:00,501205003,16,2,3,1,0
04:40:00,501205004,8,3,8,1,0
04:40:00,501205005,9,1,13,1,0
04:40:00,501205006,12,1,8,1,0
04:40:00,501205007,3,0,9,1,0
04:40:00,501205008,14,1,12,1,0
04:40:00,501205009,3,0,42,1,0
04:40:00,501205010,6,0,8,1,0
04:40:00,501205011,1,1,30,1,0
04:40:00,501205012,8,0,12,1,0
04:40:00,501205013,4,0,17,1,0
04:40:00,501205014,17,8,6,1,0
04:40:00,501205015,4,1,13,1,0
04:40:00,501205018,4,0,13,1,0
04:40:00,501205019,11,0,17,1,0
04:40:00,501205020,1,1,29,1,0
04:40:00,501205021,8,2,7,1,0
04:40:00,501205022,10,1,5,1,0
04:40:00,501205023,8,2,6,1,0
04:40:00,501205025,16,0,12,1,0
04:40:00,501205026,7,0,12,1,0
04:40:00,501205027,1,0,9,1,0
04:40:00,501205028,8,1,7,1,0
04:40:00,501205029,8,0,2,1,0
04:40:00,501205030,8,0,2,1,0
04:40:00,501205033,4,0,11,1,0
04:40:00,501205034,12,0,16,1,0
04:40:00,501205035,11,3,5,1,0
04:40:00,501205036,5,1,10,1,0
04:40:00,501205037,2,0,14,1,0
04:40:00,501205038,8,0,12,1,0
04:40:00,501205039,7,0,13,1,0
04:40:00,501205040,14,1,11,1,0
04:40:00,501205041,6,0,11,1,0
04:40:00,501205042,4,0,25,1,0
04:40:00,501208011,28,4,8,1,0
04:40:00,501208013,38,1,16,1,0
04:40:00,501208014,17,0,21,1,0
04:40:00,501208015,5,0,9,1,0
04:40:00,501208018,2,0,12,1,0
04:40:00,501208021,8,0,9,1,0
04:40:00,501208027,6,0,23,1,0
04:40:00,501208029,17,4,5,1,0
04:40:00,501208030,18,1,20,1,0
04:40:00,501208032,3,1,25,1,0
04:40:00,501208040,8,1,11,1,0
04:40:00,501208041,3,0,12,1,0
04:40:00,501208045,2,1,29,1,0
04:40:00,501208051,3,0,32,1,0
04:40:00,501208053,15,0,6,1,0
04:40:00,501208054,1,0,27,1,0
04:40:00,501208059,1,0,26,1,0
04:40:00,501208064,3,0,17,1,0
04:40:00,501208077,9,1,1,1,0
04:40:00,501208079,2,0,19,1,0
04:40:00,501208082,2,0,8,1,0
04:40:00,501208085,12,1,5,1,0
04:40:00,501208087,15,0,16,1,0
04:40:00,501208089,18,1,7,1,0
04:40:00,501208091,4,1,39,1,0
04:40:00,501208111,9,1,6,1,0
04:40:00,501208113,6,0,14,1,0
04:40:00,501208114,5,0,15,1,0
04:40:00,501208129,8,0,15,1,0
04:40:00,501208130,2,0,13,1,0
04:40:00,501209002,16,0,4,1,0
04:40:00,501209003,4,0,10,1,0
04:40:00,501209004,6,0,8,1,0
04:40:00,501209005,2,2,16,1,0
04:40:00,501209006,7,2,12,1,0
04:40:00,501209007,13,3,2,1,0
04:40:00,501209009,0,0,0,2,0
04:40:00,501209010,7,0,7,1,0
04:40:00,501209011,3,0,22,1,0
04:40:00,501209014,5,0,7,1,0
04:40:00,501209015,11,2,4,1,0
04:40:00,501209016,2,2,27,1,0
04:40:00,501209017,8,0,5,1,0
04:40:00,501209018,8,1,9,1,0
04:40:00,501209019,4,1,21,1,0
04:40:00,501209020,5,0,26,1,0
04:40:00,501209021,3,0,11,1,0
04:40:00,501209022,5,0,5,1,0
04:40:00,501209023,11,0,31,1,0
04:40:00,501209024,7,0,35,1,0
04:40:00,501209025,2,0,13,1,0
04:40:00,501209026,1,0,22,1,0
04:40:00,501209027,6,0,13,1,0
04:40:00,501209028,1,0,27,1,0
04:40:00,501209030,11,0,7,1,0
04:40:00,501209031,7,0,23,1,0
04:40:00,501209032,0,0,28,1,0
04:40:00,501209033,9,3,11,1,0
04:40:00,501209034,7,0,8,1,0
04:40:00,501209035,2,0,26,1,0
04:40:00,501209036,11,2,18,1,0
04:40:00,501209037,12,2,24,1,0
04:40:00,501209038,13,1,2,1,0
04:40:00,501209039,2,0,28,1,0
04:40:00,501209040,2,0,29,1,0
04:40:00,501209042,6,1,14,1,0
04:40:00,501209043,9,0,15,1,0
04:40:00,501209044,12,4,3,1,0
04:40:00,501209045,7,0,8,1,0
04:40:00,501209046,4,2,18,1,0
04:40:00,501209047,8,3,6,1,0
04:40:00,501209049,1,0,19,1,0
04:40:00,501209050,12,4,1,1,0
04:40:00,501209051,2,0,22,1,0
04:40:00,501209052,3,0,17,1,0
04:40:00,501209053,2,1,18,1,0
04:40:00,501209054,7,1,19,1,0
04:40:00,501209056,13,0,2,1,0
04:40:00,501209058,14,3,2,1,0
04:40:00,501209059,4,0,11,1,0
04:40:00,501209060,14,3,6,1,0
04:40:00,501209062,2,0,13,1,0
04:40:00,501209064,9,0,6,1,0
04:40:00,501209065,5,1,10,1,0
04:40:00,501209066,10,2,4,1,0
04:40:00,501209067,8,0,6,1,0
04:40:00,501209068,4,1,13,1,0
04:40:00,501209069,3,1,60,1,0
04:40:00,501209070,16,0,1,1,0
04:40:00,501209071,2,0,15,1,0
04:40:00,501209073,11,3,4,1,0
04:40:00,501209074,17,0,6,1,0
04:40:00,501209075,7,0,7,1,0
04:40:00,501209076,2,0,21,1,0
04:40:00,501209077,4,1,11,1,0
04:40:00,501209078,7,2,6,1,0
04:40:00,501209079,4,0,21,1,0
04:40:00,501209080,2,0,24,1,0
04:40:00,501209081,9,2,6,1,0
04:40:00,501209084,2,0,21,1,0
04:40:00,501209085,15,1,11,1,0
04:40:00,501209087,4,2,35,1,0
04:40:00,501209088,7,1,8,1,0
04:40:00,501209089,1,0,19,1,0
04:40:00,501209090,13,1,1,1,0
04:40:00,501209091,1,1,15,1,0
04:40:00,501209092,5,0,11,1,0
04:40:00,501209093,9,0,6,1,0
04:40:00,501209094,11,2,5,1,0
04:40:00,501209095,5,2,9,1,0
04:40:00,501209096,10,1,3,1,0
04:40:00,501209097,5,2,10,1,0
04:40:00,501209098,5,1,10,1,0
04:40:00,501209099,5,0,15,1,0
04:40:00,501209100,12,0,1,1,0
04:40:00,501209101,5,0,10,1,0
04:40:00,501209102,2,0,18,1,0
04:40:00,501209104,6,0,13,1,0
04:40:00,501209105,17,1,8,1,0
04:40:00,501209106,5,2,15,1,0
04:40:00,501211001,27,7,10,1,0
04:40:00,501211002,6,0,9,1,0
04:40:00,501211004,5,1,10,1,0
04:40:00,501211005,3,1,16,1,0
04:40:00,501211006,4,0,12,1,0
04:40:00,501211007,7,0,12,1,0
04:40:00,501211009,9,0,9,1,0
04:40:00,501211011,16,1,14,1,0
04:40:00,501211012,8,1,10,1,0
04:50:00,501201001,0,0,0,2,0
04:50:00,501201002,19,1,21,1,0
04:50:00,501201003,6,0,17,1,0
04:50:00,501201004,12,1,2,1,0
04:50:00,501201005,8,0,11,1,0
04:50:00,501201006,9,1,19,1,0
04:50:00,501201007,6,0,13,1,0
04:50:00,501201008,9,2,16,1,0
04:50:00,501201010,3,0,7,1,0
04:50:00,501201011,5,0,16,1,0
04:50:00,501201012,25,2,15,1,0
04:50:00,501201013,7,0,15,1,0
04:50:00,501201014,12,0,7,1,0
04:50:00,501201015,1,1,24,1,0
04:50:00,501201016,15,2,10,1,0
04:50:00,501201017,7,0,20,1,0
04:50:00,501201018,9,1,15,1,0
04:50:00,501201019,19,2,9,1,0
04:50:00,501201020,8,0,16,1,0
04:50:00,501201021,7,0,8,1,0
04:50:00,501201022,7,0,9,1,0
04:50:00,501201023,1,0,27,1,0
04:50:00,501201024,10,0,13,1,0
04:50:00,501201025,8,1,16,1,0
04:50:00,501201026,14,1,5,1,0
04:50:00,501201028,7,2,12,1,0
04:50:00,501201029,6,0,7,1,0
04:50:00,501201030,6,0,8,1,0
04:50:00,501201031,7,2,10,1,0
04:50:00,501202001,2,0,12,1,0
04:50:00,501202003,3,0,37,1,0
04:50:00,501202013,8,0,9,1,0
04:50:00,501202023,8,0,5,1,0
04:50:00,501202024,5,0,10,1,0
04:50:00,501202034,7,2,8,1,0
04:50:00,501202035,14,0,14,1,0
04:50:00,501202036,21,0,18,1,0
04:50:00,501202040,2,0,43,1,0
04:50:00,501202043,14,2,11,1,0
04:50:00,501202044,0,0,0,2,0
04:50:00,501202047,1,0,21,1,0
04:50:00,501202050,8,1,8,1,0
04:50:00,501202055,13,1,2,1,0
04:50:00,501202058,8,0,7,1,0
04:50:00,501202065,14,1,1,1,0
04:50:00,501202068,0,0,17,1,0
04:50:00,501202070,10,0,6,1,0
04:50:00,501202078,7,0,18,1,0
04:50:00,501202080,9,0,17,1,0
04:50:00,501202081,17,1,6,1,0
04:50:00,501202082,1,0,20,1,0
04:50:00,501202083,6,0,17,1,0
04:50:00,501202084,3,1,21,1,0
04:50:00,501202085,8,0,27,1,0
04:50:00,501202088,4,0,26,1,0
04:50:00,501202089,3,0,26,1,0
04:50:00,501202096,9,3,5,1,0
04:50:00,501203001,2,1,18,1,0
04:50:00,501203002,6,0,16,1,0
04:50:00,501203003,6,0,88,1,0
04:50:00,501203005,3,0,17,1,0
04:50:00,501203006,1,0,14,1,0
04:50:00,501203007,13,0,2,1,0
04:50:00,501203008,5,0,11,1,0
04:50:00,501203010,16,1,17,1,0
04:50:00,501203011,31,10,6,1,0
04:50:00,501203012,5,2,11,1,0
04:50:00,501203013,8,2,16,1,0
04:50:00,501203015,10,2,2,1,0
04:50:00,501203020,13,0,7,1,0
04:50:00,501203022,7,1,11,1,0
04:50:00,501203023,7,0,11,1,0
04:50:00,501203028,10,1,15,1,0
04:50:00,501203040,2,2,20,1,0
04:50:00,501203045,8,0,10,1,0
04:50:00,501203050,28,1,32,1,0
04:50:00,501203051,11,5,13,1,0
04:50:00,501203053,6,0,20,1,0
04:50:00,501203054,8,1,14,1,0
04:50:00,501203064,12,0,3,1,0
04:50:00,501203065,15,3,1,1,0
04:50:00,501203070,5,1,10,1,0
04:50:00,501203073,4,0,20,1,0
04:50:00,501203076,5,0,11,1,0
04:50:00,501203078,12,2,4,1,0
04:50:00,501203080,7,0,8,1,0
04:50:00,501203084,5,0,6,1,0
04:50:00,501203085,5,1,5,1,0
04:50:00,501203088,4,0,10,1,0
04:50:00,501203089,1,0,11,1,0
04:50:00,501203090,6,1,3,1,0
04:50:00,501203091,9,2,4,1,0
04:50:00,501203092,4,0,16,1,0
04:50:00,501203100,4,1,15,1,0
04:50:00,501203101,0,0,0,2,0
04:50:00,501203102,10,0,9,1,0
04:50:00,501203104,13,2,5,1,0
04:50:00,501203105,6,2,5,1,0
04:50:00,501203107,0,0,0,2,0
04:50:00,501203109,5,0,21,1,0
04:50:00,501203110,2,1,39,1,0
04:50:00,501203111,9,3,2,1,0
04:50:00,501203113,6,0,12,1,0
04:50:00,501203114,12,2,38,1,0
04:50:00,501203117,0,0,0,2,0
04:50:00,501203118,12,1,7,1,0
04:50:00,501203121,19,2,5,1,0
04:50:00,501203122,13,1,7,1,0
04:50:00,501203125,9,0,16,1,0
04:50:00,501203131,10,2,10,1,0
04:50:00,501203140,15,0,26,1,0
04:50:00,501203141,5,1,11,1,0
04:50:00,501203142,8,2,66,1,0
04:50:00,501203145,10,2,5,1,0
04:50:00,501203151,11,0,7,1,0
04:50:00,501203155,5,1,14,1,0
04:50:00,501203157,1,0,16,1,0
04:50:00,501203159,2,1,18,1,0
04:50:00,501203161,1,0,17,1,0
04:50:00,501203162,14,0,7,1,0
04:50:00,501203163,13,2,3,1,0
04:50:00,501204001,6,1,19,1,0
04:50:00,501204002,1,0,34,1,0
04:50:00,501204003,16,0,26,1,0
04:50:00,501204004,4,0,10,1,0
04:50:00,501204005,10,4,10,1,0
04:50:00,501204007,2,0,34,1,0
04:50:00,501204008,2,0,12,1,0
04:50:00,501204009,0,0,0,2,0
04:50:00,501204010,0,0,0,2,0
04:50:00,501204011,2,0,13,1,0
04:50:00,501204012,7,0,7,1,0
04:50:00,501204013,7,1,7,1,0
04:50:00,501204014,10,0,6,1,0
04:50:00,501204015,9,0,6,1,0
04:50:00,501204016,4,0,16,1,0
04:50:00,501204017,6,0,9,1,0
04:50:00,501204018,11,1,13,1,0
04:50:00,501204020,2,2,18,1,0
04:50:00,501204021,5,0,15,1,0
04:50:00,501204022,4,0,12,1,0
04:50:00,501204023,12,3,3,1,0
04:50:00,501204024,0,0,0,2,0
04:50:00,501204025,14,0,5,1,0
04:50:00,501205001,8,0,9,1,0
04:50:00,501205003,16,2,3,1,0
04:50:00,501205004,8,3,8,1,0
04:50:00,501205005,9,1,13,1,0
04:50:00,501205006,12,1,8,1,0
04:50:00,501205007,3,0,9,1,0
04:50:00,501205008,14,1,12,1,0
04:50:00,501205009,3,0,42,1,0
04:50:00,501205010,5,0,9,1,0
04:50:00,501205011,1,1,30,1,0
04:50:00,501205012,8,1,12,1,0
04:50:00,501205013,4,0,17,1,0
04:50:00,501205014,17,8,6,1,0
04:50:00,501205015,4,1,13,1,0
04:50:00,501205018,4,0,13,1,0
04:50:00,501205019,11,0,17,1,0
04:50:00,501205020,1,1,29,1,0
04:50:00,501205021,8,2,7,1,0
04:50:00,501205022,10,1,5,1,0
04:50:00,501205023,8,2,6,1,0
04:50:00,501205025,16,0,12,1,0
04:50:00,501205026,7,0,12,1,0
04:50:00,501205027,1,0,9,1,0
04:50:00,501205028,8,1,7,1,0
04:50:00,501205029,8,0,2,1,0
04:50:00,501205030,8,0,2,1,0
04:50:00,501205033,4,0,11,1,0
04:50:00,501205034,12,0,16,1,0
04:50:00,501205035,11,3,5,1,0
04:50:00,501205036,5,1,10,1,0
04:50:00,501205037,2,0,14,1,0
04:50:00,501205038,8,0,12,1,0
04:50:00,501205039,7,0,13,1,0
04:50:00,501205040,14,1,11,1,0
04:50:00,501205041,6,0,11,1,0
04:50:00,501205042,4,0,25,1,0
04:50:00,501208011,27,3,9,1,0
04:50:00,501208013,38,1,16,1,0
04:50:00,501208014,17,0,21,1,0
04:50:00,501208015,5,0,9,1,0
04:50:00,501208018,2,0,12,1,0
04:50:00,501208021,8,0,9,1,0
04:50:00,501208027,6,0,23,1,0
04:50:00,501208029,17,4,5,1,0
04:50:00,501208030,18,1,20,1,0
04:50:00,501208032,3,1,25,1,0
04:50:00,501208040,8,1,11,1,0
04:50:00,501208041,3,0,12,1,0
04:50:00,501208045,2,1,29,1,0
04:50:00,501208051,3,0,32,1,0
04:50:00,501208053,15,0,6,1,0
04:50:00,501208054,1,0,27,1,0
04:50:00,501208059,1,0,26,1,0
04:50:00,501208064,3,0,17,1,0
04:50:00,501208077,9,1,1,1,0
04:50:00,501208079,2,0,19,1,0
04:50:00,501208082,3,0,7,1,0
04:50:00,501208085,12,1,5,1,0
04:50:00,501208087,15,0,16,1,0
04:50:00,501208089,18,1,7,1,0
04:50:00,501208091,4,1,39,1,0
04:50:00,501208111,9,1,6,1,0
04:50:00,501208113,6,0,14,1,0
04:50:00,501208114,5,0,15,1,0
04:50:00,501208129,8,0,15,1,0
04:50:00,501208130,2,0,13,1,0
04:50:00,501209002,16,0,4,1,0
04:50:00,501209003,4,0,10,1,0
04:50:00,501209004,6,0,8,1,0
04:50:00,501209005,2,2,16,1,0
04:50:00,501209006,8,2,11,1,0
04:50:00,501209007,13,3,2,1,0
04:50:00,501209009,0,0,0,2,0
04:50:00,501209010,7,0,7,1,0
04:50:00,501209011,3,0,22,1,0
04:50:00,501209014,5,0,7,1,0
04:50:00,501209015,11,2,4,1,0
04:50:00,501209016,2,2,27,1,0
04:50:00,501209017,8,0,5,1,0
04:50:00,501209018,8,1,9,1,0
04:50:00,501209019,4,1,21,1,0
04:50:00,501209020,5,0,26,1,0
04:50:00,501209021,3,0,11,1,0
04:50:00,501209022,5,0,5,1,0
04:50:00,501209023,12,1,30,1,0
04:50:00,501209024,7,0,35,1,0
04:50:00,501209025,2,0,13,1,0
04:50:00,501209026,9,2,16,1,0
04:50:00,501209027,6,0,13,1,0
04:50:00,501209028,1,0,27,1,0
04:50:00,501209030,11,0,7,1,0
04:50:00,501209031,7,0,23,1,0
04:50:00,501209032,0,0,28,1,0
04:50:00,501209033,9,3,11,1,0
04:50:00,501209034,7,0,8,1,0
04:50:00,501209035,2,0,26,1,0
04:50:00,501209036,11,2,18,1,0
04:50:00,501209037,12,2,24,1,0
04:50:00,501209038,13,1,2,1,0
04:50:00,501209039,2,0,28,1,0
04:50:00,501209040,2,0,29,1,0
04:50:00,501209042,6,1,14,1,0
04:50:00,501209043,9,0,15,1,0
04:50:00,501209044,12,4,3,1,0
04:50:00,501209045,7,0,8,1,0
04:50:00,501209046,4,2,18,1,0
04:50:00,501209047,8,3,6,1,0
04:50:00,501209049,1,0,19,1,0
04:50:00,501209050,12,4,1,1,0
04:50:00,501209051,4,0,20,1,0
04:50:00,501209052,3,0,17,1,0
04:50:00,501209053,2,1,18,1,0
04:50:00,501209054,7,1,19,1,0
04:50:00,501209056,13,0,2,1,0
04:50:00,501209058,14,3,2,1,0
04:50:00,501209059,4,0,11,1,0
04:50:00,501209060,14,3,6,1,0
04:50:00,501209062,2,0,13,1,0
04:50:00,501209064,9,0,6,1,0
04:50:00,501209065,5,1,10,1,0
04:50:00,501209066,10,2,4,1,0
04:50:00,501209067,8,0,6,1,0
04:50:00,501209068,4,1,13,1,0
04:50:00,501209069,3,1,60,1,0
04:50:00,501209070,16,0,1,1,0
04:50:00,501209071,2,0,15,1,0
04:50:00,501209073,11,3,4,1,0
04:50:00,501209074,17,0,6,1,0
04:50:00,501209075,7,0,7,1,0
04:50:00,501209076,2,0,21,1,0
04:50:00,501209077,4,1,11,1,0
04:50:00,501209078,7,2,6,1,0
04:50:00,501209079,4,0,21,1,0
04:50:00,501209080,2,0,24,1,0
04:50:00,501209081,9,2,6,1,0
04:50:00,501209084,2,0,21,1,0
04:50:00,501209085,15,1,11,1,0
04:50:00,501209087,4,2,35,1,0
04:50:00,501209088,7,1,8,1,0
04:50:00,501209089,1,0,19,1,0
04:50:00,501209090,13,1,1,1,0
04:50:00,501209091,1,1,15,1,0
04:50:00,501209092,5,0,11,1,0
04:50:00,501209093,9,0,6,1,0
04:50:00,501209094,11,2,5,1,0
04:50:00,501209095,5,2,9,1,0
04:50:00,501209096,10,1,3,1,0
04:50:00,501209097,5,2,10,1,0
04:50:00,501209098,5,1,10,1,0
04:50:00,501209099,5,0,15,1,0
04:50:00,501209100,12,0,1,1,0
04:50:00,501209101,5,0,10,1,0
04:50:00,501209102,2,0,18,1,0
04:50:00,501209104,6,0,13,1,0
04:50:00,501209105,16,1,9,1,0
04:50:00,501209106,5,2,15,1,0
04:50:00,501211001,27,7,10,1,0
04:50:00,501211002,6,0,9,1,0
04:50:00,501211004,5,1,10,1,0
04:50:00,501211005,3,1,16,1,0
04:50:00,501211006,4,0,12,1,0
04:50:00,501211007,7,0,12,1,0
04:50:00,501211009,9,0,9,1,0
04:50:00,501211011,16,1,14,1,0
04:50:00,501211012,8,1,10,1,0
05:00:01,501201001,0,0,0,2,0
05:00:01,501201002,19,1,21,1,0
05:00:01,501201003,6,0,17,1,0
05:00:01,501201004,12,1,2,1,0
05:00:01,501201005,8,0,11,1,0
05:00:01,501201006,9,1,19,1,0
05:00:01,501201007,8,0,11,1,0
05:00:01,501201008,9,2,16,1,0
05:00:01,501201010,3,0,7,1,0
05:00:01,501201011,5,0,16,1,0
05:00:01,501201012,24,2,16,1,0
05:00:01,501201013,7,0,15,1,0
05:00:01,501201014,12,0,7,1,0
05:00:01,501201015,1,1,24,1,0
05:00:01,501201016,15,2,10,1,0
05:00:01,501201017,7,0,20,1,0
05:00:01,501201018,9,1,15,1,0
05:00:01,501201019,19,2,9,1,0
05:00:01,501201020,8,0,16,1,0
05:00:01,501201021,7,0,8,1,0
05:00:01,501201022,7,0,9,1,0
05:00:01,501201023,1,0,27,1,0
05:00:01,501201024,10,0,13,1,0
05:00:01,501201025,9,1,15,1,0
05:00:01,501201026,14,1,5,1,0
05:00:01,501201028,7,2,12,1,0
05:00:01,501201029,6,0,7,1,0
05:00:01,501201030,6,0,8,1,0
05:00:01,501201031,7,2,10,1,0
05:00:01,501202001,2,0,12,1,0
05:00:01,501202003,3,0,37,1,0
05:00:01,501202013,8,0,9,1,0
05:00:01,501202023,8,0,5,1,0
05:00:01,501202024,5,0,10,1,0
05:00:01,501202034,7,2,8,1,0
05:00:01,501202035,14,0,14,1,0
05:00:01,501202036,20,0,19,1,0
05:00:01,501202040,2,0,43,1,0
05:00:01,501202043,14,2,11,1,0
05:00:01,501202044,0,0,0,2,0
05:00:01,501202047,1,0,21,1,0
05:00:01,501202050,8,1,8,1,0
05:00:01,501202055,13,1,2,1,0
05:00:01,501202058,8,0,7,1,0
05:00:01,501202065,14,1,1,1,0
05:00:01,501202068,0,0,17,1,0
05:00:01,501202070,10,0,6,1,0
05:00:01,501202078,7,0,18,1,0
05:00:01,501202080,8,0,18,1,0
05:00:01,501202081,17,1,6,1,0
05:00:01,501202082,2,0,19,1,0
05:00:01,501202083,6,0,17,1,0
05:00:01,501202084,3,1,21,1,0
05:00:01,501202085,8,0,27,1,0
05:00:01,501202088,4,0,26,1,0
05:00:01,501202089,3,0,26,1,0
05:00:01,501202096,9,3,5,1,0
05:00:01,501203001,2,1,18,1,0
05:00:01,501203002,6,0,16,1,0
05:00:01,501203003,6,0,88,1,0
05:00:01,501203005,3,0,17,1,0
05:00:01,501203006,1,0,14,1,0
05:00:01,501203007,13,0,2,1,0
05:00:01,501203008,5,0,11,1,0
05:00:01,501203010,16,1,17,1,0
05:00:01,501203011,31,10,6,1,0
05:00:01,501203012,5,2,11,1,0
05:00:01,501203013,8,2,16,1,0
05:00:01,501203015,10,2,2,1,0
05:00:01,501203020,13,0,7,1,0
05:00:01,501203022,7,1,11,1,0
05:00:01,501203023,7,0,11,1,0
05:00:01,501203028,10,1,15,1,0
05:00:01,501203040,2,2,20,1,0
05:00:01,501203045,8,0,10,1,0
05:00:01,501203050,28,1,32,1,0
05:00:01,501203051,11,5,13,1,0
05:00:01,501203053,6,0,20,1,0
05:00:01,501203054,8,1,14,1,0
05:00:01,501203064,12,0,3,1,0
05:00:01,501203065,14,2,2,1,0
05:00:01,501203070,5,1,10,1,0
05:00:01,501203073,4,0,20,1,0
05:00:01,501203076,5,0,11,1,0
05:00:01,501203078,12,2,4,1,0
05:00:01,501203080,7,0,8,1,0
05:00:01,501203084,5,0,6,1,0
05:00:01,501203085,5,1,5,1,0
05:00:01,501203088,4,0,10,1,0
05:00:01,501203089,1,0,11,1,0
05:00:01,501203090,6,1,3,1,0
05:00:01,501203091,9,2,4,1,0
05:00:01,501203092,4,0,16,1,0
05:00:01,501203100,4,1,15,1,0
05:00:01,501203101,0,0,0,2,0
05:00:01,501203102,10,0,9,1,0
05:00:01,501203104,13,2,5,1,0
05:00:01,501203105,6,2,5,1,0
05:00:01,501203107,0,0,0,2,0
05:00:01,501203109,5,0,21,1,0
05:00:01,501203110,2,1,39,1,0
05:00:01,501203111,9,3,2,1,0
05:00:01,501203113,7,0,11,1,0
05:00:01,501203114,12,2,38,1,0
05:00:01,501203117,0,0,0,2,0
05:00:01,501203118,12,1,7,1,0
05:00:01,501203121,19,2,5,1,0
05:00:01,501203122,13,1,7,1,0
05:00:01,501203125,9,0,16,1,0
05:00:01,501203131,10,2,10,1,0
05:00:01,501203140,17,0,24,1,0
05:00:01,501203141,5,1,11,1,0
05:00:01,501203142,9,3,65,1,0
05:00:01,501203145,10,2,5,1,0
05:00:01,501203151,11,0,7,1,0
05:00:01,501203155,5,1,14,1,0
05:00:01,501203157,1,0,16,1,0
05:00:01,501203159,2,1,18,1,0
05:00:01,501203161,1,0,17,1,0
05:00:01,501203162,14,0,7,1,0
05:00:01,501203163,13,2,3,1,0
05:00:01,501204001,6,1,19,1,0
05:00:01,501204002,1,0,34,1,0
05:00:01,501204003,15,0,27,1,0
05:00:01,501204004,4,0,10,1,0
05:00:01,501204005,11,4,9,1,0
05:00:01,501204007,2,0,34,1,0
05:00:01,501204008,2,0,12,1,0
05:00:01,501204009,0,0,0,2,0
05:00:01,501204010,0,0,0,2,0
05:00:01,501204011,2,0,13,1,0
05:00:01,501204012,7,0,7,1,0
05:00:01,501204013,7,1,7,1,0
05:00:01,501204014,10,0,6,1,0
05:00:01,501204015,9,0,6,1,0
05:00:01,501204016,4,0,16,1,0
05:00:01,501204017,6,0,9,1,0
05:00:01,501204018,11,1,13,1,0
05:00:01,501204020,2,2,18,1,0
05:00:01,501204021,5,0,15,1,0
05:00:01,501204022,4,0,12,1,0
05:00:01,501204023,12,3,3,1,0
05:00:01,501204024,0,0,0,2,0
05:00:01,501204025,14,0,5,1,0
05:00:01,501205001,8,0,9,1,0
05:00:01,501205003,16,2,3,1,0
05:00:01,501205004,8,3,8,1,0
05:00:01,501205005,9,1,13,1,0
05:00:01,501205006,12,1,8,1,0
05:00:01,501205007,3,0,9,1,0
05:00:01,501205008,14,1,12,1,0
05:00:01,501205009,3,0,42,1,0
05:00:01,501205010,5,0,9,1,0
05:00:01,501205011,1,1,30,1,0
05:00:01,501205012,8,1,12,1,0
05:00:01,501205013,4,0,17,1,0
05:00:01,501205014,17,8,6,1,0
05:00:01,501205015,4,1,13,1,0
05:00:01,501205018,4,0,13,1,0
05:00:01,501205019,12,1,16,1,0
05:00:01,501205020,1,1,29,1,0
05:00:01,501205021,8,2,7,1,0
05:00:01,501205022,10,1,5,1,0
05:00:01,501205023,8,2,6,1,0
05:00:01,501205025,14,0,14,1,0
05:00:01,501205026,7,0,12,1,0
05:00:01,501205027,1,0,9,1,0
05:00:01,501205028,8,1,7,1,0
05:00:01,501205029,8,0,2,1,0
05:00:01,501205030,8,0,2,1,0
05:00:01,501205033,4,0,11,1,0
05:00:01,501205034,12,0,16,1,0
05:00:01,501205035,11,3,5,1,0
05:00:01,501205036,5,1,10,1,0
05:00:01,501205037,2,0,14,1,0
05:00:01,501205038,8,0,12,1,0
05:00:01,501205039,7,0,13,1,0
05:00:01,501205040,14,1,11,1,0
05:00:01,501205041,7,0,10,1,0
05:00:01,501205042,4,0,25,1,0
05:00:01,501208011,27,3,9,1,0
05:00:01,501208013,38,1,16,1,0
05:00:01,501208014,17,0,21,1,0
05:00:01,501208015,5,0,9,1,0
05:00:01,501208018,2,0,12,1,0
05:00:01,501208021,8,0,9,1,0
05:00:01,501208027,6,0,23,1,0
05:00:01,501208029,17,4,5,1,0
05:00:01,501208030,18,1,20,1,0
05:00:01,501208032,3,1,25,1,0
05:00:01,501208040,8,1,11,1,0
05:00:01,501208041,3,0,12,1,0
05:00:01,501208045,2,1,29,1,0
05:00:01,501208051,3,0,32,1,0
05:00:01,501208053,15,0,6,1,0
05:00:01,501208054,1,0,27,1,0
05:00:01,501208059,1,0,26,1,0
05:00:01,501208064,3,0,17,1,0
05:00:01,501208077,9,1,1,1,0
05:00:01,501208079,2,0,19,1,0
05:00:01,501208082,3,0,7,1,0
05:00:01,501208085,12,1,5,1,0
05:00:01,501208087,15,0,16,1,0
05:00:01,501208089,18,1,7,1,0
05:00:01,501208091,4,1,39,1,0
05:00:01,501208111,9,1,6,1,0
05:00:01,501208113,6,0,14,1,0
05:00:01,501208114,5,0,15,1,0
05:00:01,501208129,8,0,15,1,0
05:00:01,501208130,1,0,14,1,0
05:00:01,501209002,16,0,4,1,0
05:00:01,501209003,4,0,10,1,0
05:00:01,501209004,6,0,8,1,0
05:00:01,501209005,2,2,16,1,0
05:00:01,501209006,8,2,11,1,0
05:00:01,501209007,13,3,2,1,0
05:00:01,501209009,0,0,0,2,0
05:00:01,501209010,7,0,7,1,0
05:00:01,501209011,3,0,22,1,0
05:00:01,501209014,5,0,7,1,0
05:00:01,501209015,12,3,3,1,0
05:00:01,501209016,2,2,27,1,0
05:00:01,501209017,7,0,6,1,0
05:00:01,501209018,8,1,9,1,0
05:00:01,501209019,4,1,21,1,0
05:00:01,501209020,5,0,26,1,0
05:00:01,501209021,3,0,11,1,0
05:00:01,501209022,5,0,5,1,0
05:00:01,501209023,12,1,30,1,0
05:00:01,501209024,7,0,35,1,0
05:00:01,501209025,2,0,13,1,0
05:00:01,501209026,19,2,6,1,0
05:00:01,501209027,6,0,13,1,0
05:00:01,501209028,1,0,27,1,0
05:00:01,501209030,11,0,7,1,0
05:00:01,501209031,7,0,23,1,0
05:00:01,501209032,0,0,28,1,0
05:00:01,501209033,9,3,11,1,0
05:00:01,501209034,7,0,8,1,0
05:00:01,501209035,2,0,26,1,0
05:00:01,501209036,11,2,18,1,0
05:00:01,501209037,12,2,24,1,0
05:00:01,501209038,13,1,2,1,0
05:00:01,501209039,2,0,28,1,0
05:00:01,501209040,2,0,29,1,0
05:00:01,501209042,6,1,14,1,0
05:00:01,501209043,9,0,15,1,0
05:00:01,501209044,12,4,3,1,0
05:00:01,501209045,7,0,8,1,0
05:00:01,501209046,5,2,17,1,0
05:00:01,501209047,8,3,6,1,0
05:00:01,501209049,1,0,19,1,0
05:00:01,501209050,12,4,1,1,0
05:00:01,501209051,4,0,20,1,0
05:00:01,501209052,3,0,17,1,0
05:00:01,501209053,2,1,18,1,0
05:00:01,501209054,7,1,19,1,0
05:00:01,501209056,13,0,2,1,0
05:00:01,501209058,14,3,2,1,0
05:00:01,501209059,4,0,11,1,0
05:00:01,501209060,14,3,6,1,0
05:00:01,501209062,2,0,13,1,0
05:00:01,501209064,9,0,6,1,0
05:00:01,501209065,4,0,11,1,0
05:00:01,501209066,10,2,4,1,0
05:00:01,501209067,9,0,5,1,0
05:00:01,501209068,4,1,13,1,0
05:00:01,501209069,3,1,60,1,0
05:00:01,501209070,16,0,1,1,0
05:00:01,501209071,2,0,15,1,0
05:00:01,501209073,11,3,4,1,0
05:00:01,501209074,17,0,6,1,0
05:00:01,501209075,7,0,7,1,0
05:00:01,501209076,2,0,21,1,0
05:00:01,501209077,4,1,11,1,0
05:00:01,501209078,7,2,6,1,0
05:00:01,501209079,4,0,21,1,0
05:00:01,501209080,2,0,24,1,0
05:00:01,501209081,9,2,6,1,0
05:00:01,501209084,2,0,21,1,0
05:00:01,501209085,15,1,11,1,0
05:00:01,501209087,5,2,34,1,0
05:00:01,501209088,7,1,8,1,0
05:00:01,501209089,1,0,19,1,0
05:00:01,501209090,13,1,1,1,0
05:00:01,501209091,1,1,15,1,0
05:00:01,501209092,5,0,11,1,0
05:00:01,501209093,9,0,6,1,0
05:00:01,501209094,11,2,5,1,0
05:00:01,501209095,5,2,9,1,0
05:00:01,501209096,10,1,3,1,0
05:00:01,501209097,5,2,10,1,0
05:00:01,501209098,5,1,10,1,0
05:00:01,501209099,5,0,15,1,0
05:00:01,501209100,12,0,1,1,0
05:00:01,501209101,5,0,10,1,0
05:00:01,501209102,2,0,18,1,0
05:00:01,501209104,6,0,13,1,0
05:00:01,501209105,16,1,9,1,0
05:00:01,501209106,5,2,15,1,0
05:00:01,501211001,27,7,10,1,0
05:00:01,501211002,6,0,9,1,0
05:00:01,501211004,5,1,10,1,0
05:00:01,501211005,3,1,16,1,0
05:00:01,501211006,4,0,12,1,0
05:00:01,501211007,7,0,12,1,0
05:00:01,501211009,9,0,9,1,0
05:00:01,501211011,16,1,14,1,0
05:00:01,501211012,8,1,10,1,0
05:10:00,501201001,0,0,0,2,0
05:10:00,501201002,19,1,21,1,0
05:10:00,501201003,6,0,17,1,0
05:10:00,501201004,12,1,2,1,0
05:10:00,501201005,8,0,11,1,0
05:10:00,501201006,9,1,19,1,0
05:10:00,501201007,8,0,11,1,0
05:10:00,501201008,9,2,16,1,0
05:10:00,501201010,3,0,7,1,0
05:10:00,501201011,5,0,16,1,0
05:10:00,501201012,24,2,16,1,0
05:10:00,501201013,7,0,15,1,0
05:10:00,501201014,12,0,7,1,0
05:10:00,501201015,1,1,24,1,0
05:10:00,501201016,15,2,10,1,0
05:10:00,501201017,7,0,20,1,0
05:10:00,501201018,9,1,15,1,0
05:10:00,501201019,19,2,9,1,0
05:10:00,501201020,8,0,16,1,0
05:10:00,501201021,7,0,8,1,0
05:10:00,501201022,7,0,9,1,0
05:10:00,501201023,1,0,27,1,0
05:10:00,501201024,10,0,13,1,0
05:10:00,501201025,9,1,15,1,0
05:10:00,501201026,14,1,5,1,0
05:10:00,501201028,6,1,13,1,0
05:10:00,501201029,6,0,7,1,0
05:10:00,501201030,6,0,8,1,0
05:10:00,501201031,7,2,10,1,0
05:10:00,501202001,1,0,13,1,0
05:10:00,501202003,4,1,36,1,0
05:10:00,501202013,8,0,9,1,0
05:10:00,501202023,8,0,5,1,0
05:10:00,501202024,5,0,10,1,0
05:10:00,501202034,8,3,7,1,0
05:10:00,501202035,14,0,14,1,0
05:10:00,501202036,18,0,21,1,0
05:10:00,501202040,2,0,43,1,0
05:10:00,501202043,14,2,11,1,0
05:10:00,501202044,0,0,0,2,0
05:10:00,501202047,1,0,21,1,0
05:10:00,501202050,8,1,8,1,0
05:10:00,501202055,13,1,2,1,0
05:10:00,501202058,8,0,7,1,0
05:10:00,501202065,14,1,1,1,0
05:10:00,501202068,0,0,17,1,0
05:10:00,501202070,10,0,6,1,0
05:10:00,501202078,7,0,18,1,0
05:10:00,501202080,8,0,18,1,0
05:10:00,501202081,17,1,6,1,0
05:10:00,501202082,2,0,19,1,0
05:10:00,501202083,6,0,17,1,0
05:10:00,501202084,4,1,20,1,0
05:10:00,501202085,8,0,27,1,0
05:10:00,501202088,4,0,26,1,0
05:10:00,501202089,3,0,26,1,0
05:10:00,501202096,9,3,5,1,0
05:10:00,501203001,2,1,18,1,0
05:10:00,501203002,6,0,16,1,0
05:10:00,501203003,6,0,88,1,0
05:10:00,501203005,3,0,17,1,0
05:10:00,501203006,1,0,14,1,0
05:10:00,501203007,13,0,2,1,0
05:10:00,501203008,5,0,11,1,0
05:10:00,501203010,16,1,17,1,0
05:10:00,501203011,31,10,6,1,0
05:10:00,501203012,5,2,11,1,0
05:10:00,501203013,8,2,16,1,0
05:10:00,501203015,10,2,2,1,0
05:10:00,501203020,13,0,7,1,0
05:10:00,501203022,7,1,11,1,0
05:10:00,501203023,7,0,11,1,0
05:10:00,501203028,10,1,15,1,0
05:10:00,501203040,2,2,20,1,0
05:10:00,501203045,8,0,10,1,0
05:10:00,501203050,28,1,32,1,0
05:10:00,501203051,11,5,13,1,0
05:10:00,501203053,6,0,20,1,0
05:10:00,501203054,8,1,14,1,0
05:10:00,501203064,12,0,3,1,0
05:10:00,501203065,13,1,3,1,0
05:10:00,501203070,5,1,10,1,0
05:10:00,501203073,4,0,20,1,0
05:10:00,501203076,5,0,11,1,0
05:10:00,501203078,12,2,4,1,0
05:10:00,501203080,8,1,7,1,0
05:10:00,501203084,5,0,6,1,0
05:10:00,501203085,5,1,5,1,0
05:10:00,501203088,4,0,10,1,0
05:10:00,501203089,1,0,11,1,0
05:10:00,501203090,6,1,3,1,0
05:10:00,501203091,9,2,4,1,0
05:10:00,501203092,4,0,16,1,0
05:10:00,501203100,4,1,15,1,0
05:10:00,501203101,0,0,0,2,0
05:10:00,501203102,10,0,9,1,0
05:10:00,501203104,13,2,5,1,0
05:10:00,501203105,6,2,5,1,0
05:10:00,501203107,0,0,0,2,0
05:10:00,501203109,3,0,23,1,0
05:10:00,501203110,2,1,39,1,0
05:10:00,501203111,9,3,2,1,0
05:10:00,501203113,7,0,11,1,0
05:10:00,501203114,12,2,38,1,0
05:10:00,501203117,0,0,0,2,0
05:10:00,501203118,11,1,8,1,0
05:10:00,501203121,20,3,4,1,0
05:10:00,501203122,13,1,7,1,0
05:10:00,501203125,9,0,16,1,0
05:10:00,501203131,10,2,10,1,0
05:10:00,501203140,17,0,24,1,0
05:10:00,501203141,5,1,11,1,0
05:10:00,501203142,13,4,61,1,0
05:10:00,501203145,10,2,5,1,0
05:10:00,501203151,10,0,8,1,0
05:10:00,501203155,6,2,13,1,0
05:10:00,501203157,2,1,15,1,0
05:10:00,501203159,2,1,18,1,0
05:10:00,501203161,1,0,17,1,0
05:10:00,501203162,14,0,7,1,0
05:10:00,501203163,13,2,3,1,0
05:10:00,501204001,5,1,20,1,0
05:10:00,501204002,1,0,34,1,0
05:10:00,501204003,14,0,28,1,0
05:10:00,501204004,4,0,10,1,0
05:10:00,501204005,11,4,9,1,0
05:10:00,501204007,2,0,34,1,0
05:10:00,501204008,2,0,12,1,0
05:10:00,501204009,0,0,0,2,0
05:10:00,501204010,0,0,0,2,0
05:10:00,501204011,2,0,13,1,0
05:10:00,501204012,7,0,7,1,0
05:10:00,501204013,7,1,7,1,0
05:10:00,501204014,10,0,6,1,0
05:10:00,501204015,9,0,6,1,0
05:10:00,501204016,4,0,16,1,0
05:10:00,501204017,6,0,9,1,0
05:10:00,501204018,11,1,13,1,0
05:10:00,501204020,2,2,18,1,0
05:10:00,501204021,5,0,15,1,0
05:10:00,501204022,4,0,12,1,0
05:10:00,501204023,12,3,3,1,0
05:10:00,501204024,0,0,0,2,0
05:10:00,501204025,14,0,5,1,0
05:10:00,501205001,8,0,9,1,0
05:10:00,501205003,15,1,4,1,0
05:10:00,501205004,8,3,8,1,0
05:10:00,501205005,9,1,13,1,0
05:10:00,501205006,12,1,8,1,0
05:10:00,501205007,3,0,9,1,0
05:10:00,501205008,14,1,12,1,0
05:10:00,501205009,3,0,42,1,0
05:10:00,501205010,5,0,9,1,0
05:10:00,501205011,1,1,30,1,0
05:10:00,501205012,8,1,12,1,0
05:10:00,501205013,4,0,17,1,0
05:10:00,501205014,17,8,6,1,0
05:10:00,501205015,4,1,13,1,0
05:10:00,501205018,4,0,13,1,0
05:10:00,501205019,12,1,16,1,0
05:10:00,501205020,1,1,29,1,0
05:10:00,501205021,8,2,7,1,0
05:10:00,501205022,10,1,5,1,0
05:10:00,501205023,8,2,6,1,0
05:10:00,501205025,14,0,14,1,0
05:10:00,501205026,7,0,12,1,0
05:10:00,501205027,1,0,9,1,0
05:10:00,501205028,8,1,7,1,0
05:10:00,501205029,9,0,1,1,0
05:10:00,501205030,8,0,2,1,0
05:10:00,501205033,4,0,11,1,0
05:10:00,501205034,12,0,16,1,0
05:10:00,501205035,11,3,5,1,0
05:10:00,501205036,5,1,10,1,0
05:10:00,501205037,2,0,14,1,0
05:10:00,501205038,8,0,12,1,0
05:10:00,501205039,7,0,13,1,0
05:10:00,501205040,14,1,11,1,0
05:10:00,501205041,6,0,11,1,0
05:10:00,501205042,4,0,25,1,0
05:10:00,501208011,27,3,9,1,0
05:10:00,501208013,38,1,16,1,0
05:10:00,501208014,17,0,21,1,0
05:10:00,501208015,5,0,9,1,0
05:10:00,501208018,2,0,12,1,0
05:10:00,501208021,8,0,9,1,0
05:10:00,501208027,6,0,23,1,0
05:10:00,501208029,17,3,5,1,0
05:10:00,501208030,18,1,20,1,0
05:10:00,501208032,3,1,25,1,0
05:10:00,501208040,8,1,11,1,0
05:10:00,501208041,3,0,12,1,0
05:10:00,501208045,2,1,29,1,0
05:10:00,501208051,3,0,32,1,0
05:10:00,501208053,15,0,6,1,0
05:10:00,501208054,1,0,27,1,0
05:10:00,501208059,1,0,26,1,0
05:10:00,501208064,3,0,17,1,0
05:10:00,501208077,9,1,1,1,0
05:10:00,501208079,2,0,19,1,0
05:10:00,501208082,3,0,7,1,0
05:10:00,501208085,12,1,5,1,0
05:10:00,501208087,15,0,16,1,0
05:10:00,501208089,18,1,7,1,0
05:10:00,501208091,4,1,39,1,0
05:10:00,501208111,9,1,6,1,0
05:10:00,501208113,6,0,14,1,0
05:10:00,501208114,5,0,15,1,0
05:10:00,501208129,8,0,15,1,0
05:10:00,501208130,1,0,14,1,0
05:10:00,501209002,16,0,4,1,0
05:10:00,501209003,4,0,10,1,0
05:10:00,501209004,6,0,8,1,0
05:10:00,501209005,2,2,16,1,0
05:10:00,501209006,8,2,11,1,0
05:10:00,501209007,13,3,2,1,0
05:10:00,501209009,0,0,0,2,0
05:10:00,501209010,7,0,7,1,0
05:10:00,501209011,3,0,22,1,0
05:10:00,501209014,5,0,7,1,0
05:10:00,501209015,12,3,3,1,0
05:10:00,501209016,2,2,27,1,0
05:10:00,501209017,7,0,6,1,0
05:10:00,501209018,8,1,9,1,0
05:10:00,501209019,4,1,21,1,0
05:10:00,501209020,5,0,26,1,0
05:10:00,501209021,3,0,11,1,0
05:10:00,501209022,5,0,5,1,0
05:10:00,501209023,12,1,30,1,0
05:10:00,501209024,7,0,35,1,0
05:10:00,501209025,2,0,13,1,0
05:10:00,501209026,19,2,6,1,0
05:10:00,501209027,6,0,13,1,0
05:10:00,501209028,1,0,27,1,0
05:10:00,501209030,11,0,7,1,0
05:10:00,501209031,7,0,23,1,0
05:10:00,501209032,0,0,28,1,0
05:10:00,501209033,9,3,11,1,0
05:10:00,501209034,7,0,8,1,0
05:10:00,501209035,2,0,26,1,0
05:10:00,501209036,11,2,18,1,0
05:10:00,501209037,12,2,24,1,0
05:10:00,501209038,13,1,2,1,0
05:10:00,501209039,6,0,24,1,0
05:10:00,501209040,2,0,29,1,0
05:10:00,501209042,6,1,14,1,0
05:10:00,501209043,9,0,15,1,0
05:10:00,501209044,12,4,3,1,0
05:10:00,501209045,7,0,8,1,0
05:10:00,501209046,5,2,17,1,0
05:10:00,501209047,8,3,6,1,0
05:10:00,501209049,1,0,19,1,0
05:10:00,501209050,12,4,1,1,0
05:10:00,501209051,4,0,20,1,0
05:10:00,501209052,3,0,17,1,0
05:10:00,501209053,2,1,18,1,0
05:10:00,501209054,7,1,19,1,0
05:10:00,501209056,13,0,2,1,0
05:10:00,501209058,14,3,2,1,0
05:10:00,501209059,4,0,11,1,0
05:10:00,501209060,14,3,6,1,0
05:10:00,501209062,2,0,13,1,0
05:10:00,501209064,9,0,6,1,0
05:10:00,501209065,4,0,11,1,0
05:10:00,501209066,10,2,4,1,0
05:10:00,501209067,9,0,5,1,0
05:10:00,501209068,4,1,13,1,0
05:10:00,501209069,3,1,60,1,0
05:10:00,501209070,5,0,12,1,0
05:10:00,501209071,2,0,15,1,0
05:10:00,501209073,11,3,4,1,0
05:10:00,501209074,17,0,6,1,0
05:10:00,501209075,7,0,7,1,0
05:10:00,501209076,2,0,21,1,0
05:10:00,501209077,4,1,11,1,0
05:10:00,501209078,7,2,6,1,0
05:10:00,501209079,4,0,21,1,0
05:10:00,501209080,2,0,24,1,0
05:10:00,501209081,9,2,6,1,0
05:10:00,501209084,2,0,21,1,0
05:10:00,501209085,15,1,11,1,0
05:10:00,501209087,5,2,34,1,0
05:10:00,501209088,7,1,8,1,0
05:10:00,501209089,1,0,19,1,0
05:10:00,501209090,13,1,1,1,0
05:10:00,501209091,1,1,15,1,0
05:10:00,501209092,5,0,11,1,0
05:10:00,501209093,9,0,6,1,0
05:10:00,501209094,11,2,5,1,0
05:10:00,501209095,5,2,9,1,0
05:10:00,501209096,10,1,3,1,0
05:10:00,501209097,5,2,10,1,0
05:10:00,501209098,5,1,10,1,0
05:10:00,501209099,5,0,15,1,0
05:10:00,501209100,12,0,1,1,0
05:10:00,501209101,5,0,10,1,0
05:10:00,501209102,2,0,18,1,0
05:10:00,501209104,6,0,13,1,0
05:10:00,501209105,16,1,9,1,0
05:10:00,501209106,5,2,15,1,0
05:10:00,501211001,27,7,10,1,0
05:10:00,501211002,6,0,9,1,0
05:10:00,501211004,5,1,10,1,0
05:10:00,501211005,3,1,16,1,0
05:10:00,501211006,4,0,12,1,0
05:10:00,501211007,7,0,12,1,0
05:10:00,501211009,9,0,9,1,0
05:10:00,501211011,16,1,14,1,0
05:10:00,501211012,8,1,10,1,0
05:20:00,501201001,0,0,0,2,0
05:20:00,501201002,19,1,21,1,0
05:20:00,501201003,6,0,17,1,0
05:20:00,501201004,10,0,4,1,0
05:20:00,501201005,8,0,11,1,0
05:20:00,501201006,9,0,19,1,0
05:20:00,501201007,8,0,11,1,0
05:20:00,501201008,9,2,16,1,0
05:20:00,501201010,3,0,7,1,0
05:20:00,501201011,5,0,16,1,0
05:20:00,501201012,25,3,15,1,0
05:20:00,501201013,7,0,15,1,0
05:20:00,501201014,12,0,7,1,0
05:20:00,501201015,1,1,24,1,0
05:20:00,501201016,14,1,11,1,0
05:20:00,501201017,5,0,22,1,0
05:20:00,501201018,8,0,16,1,0
05:20:00,501201019,19,2,9,1,0
05:20:00,501201020,7,0,17,1,0
05:20:00,501201021,7,0,8,1,0
05:20:00,501201022,7,0,9,1,0
05:20:00,501201023,1,0,27,1,0
05:20:00,501201024,10,0,13,1,0
05:20:00,501201025,9,1,15,1,0
05:20:00,501201026,14,1,5,1,0
05:20:00,501201028,6,1,13,1,0
05:20:00,501201029,6,0,7,1,0
05:20:00,501201030,6,0,8,1,0
05:20:00,501201031,7,2,10,1,0
05:20:00,501202001,1,0,13,1,0
05:20:00,501202003,4,1,36,1,0
05:20:00,501202013,8,0,9,1,0
05:20:00,501202023,8,0,5,1,0
05:20:00,501202024,5,0,10,1,0
05:20:00,501202034,8,3,7,1,0
05:20:00,501202035,14,0,14,1,0
05:20:00,501202036,18,0,21,1,0
05:20:00,501202040,2,0,43,1,0
05:20:00,501202043,14,2,11,1,0
05:20:00,501202044,0,0,0,2,0
05:20:00,501202047,1,0,21,1,0
05:20:00,501202050,8,1,8,1,0
05:20:00,501202055,13,1,2,1,0
05:20:00,501202058,8,0,7,1,0
05:20:00,501202065,14,1,1,1,0
05:20:00,501202068,0,0,17,1,0
05:20:00,501202070,10,0,6,1,0
05:20:00,501202078,7,0,18,1,0
05:20:00,501202080,6,0,20,1,0
05:20:00,501202081,17,1,6,1,0
05:20:00,501202082,2,0,19,1,0
05:20:00,501202083,6,0,17,1,0
05:20:00,501202084,4,1,20,1,0
05:20:00,501202085,9,0,26,1,0
05:20:00,501202088,4,0,26,1,0
05:20:00,501202089,3,0,26,1,0
05:20:00,501202096,9,3,5,1,0
05:20:00,501203001,1,1,19,1,0
05:20:00,501203002,6,0,16,1,0
05:20:00,501203003,6,0,88,1,0
05:20:00,501203005,3,0,17,1,0
05:20:00,501203006,1,0,14,1,0
05:20:00,501203007,13,0,2,1,0
05:20:00,501203008,5,0,11,1,0
05:20:00,501203010,16,1,17,1,0
05:20:00,501203011,31,10,6,1,0
05:20:00,501203012,5,2,11,1,0
05:20:00,501203013,8,2,16,1,0
05:20:00,501203015,10,2,2,1,0
05:20:00,501203020,13,0,7,1,0
05:20:00,501203022,7,1,11,1,0
05:20:00,501203023,7,0,11,1,0
05:20:00,501203028,11,1,14,1,0
05:20:00,501203040,2,1,20,1,0
05:20:00,501203045,8,0,10,1,0
05:20:00,501203050,29,2,31,1,0
05:20:00,501203051,11,5,13,1,0
05:20:00,501203053,6,0,20,1,0
05:20:00,501203054,8,1,14,1,0
05:20:00,501203064,12,0,3,1,0
05:20:00,501203065,12,0,4,1,0
05:20:00,501203070,5,1,10,1,0
05:20:00,501203073,4,0,20,1,0
05:20:00,501203076,5,0,11,1,0
05:20:00,501203078,12,2,4,1,0
05:20:00,501203080,8,1,7,1,0
05:20:00,501203084,4,0,7,1,0
05:20:00,501203085,5,1,5,1,0
05:20:00,501203088,4,0,10,1,0
05:20:00,501203089,1,0,11,1,0
05:20:00,501203090,6,1,3,1,0
05:20:00,501203091,9,2,4,1,0
05:20:00,501203092,4,0,16,1,0
05:20:00,501203100,4,1,15,1,0
05:20:00,501203101,0,0,0,2,0
05:20:00,501203102,10,0,9,1,0
05:20:00,501203104,13,2,5,1,0
05:20:00,501203105,6,2,5,1,0
05:20:00,501203107,0,0,0,2,0
05:20:00,501203109,3,0,23,1,0
05:20:00,501203110,2,1,39,1,0
05:20:00,501203111,9,3,2,1,0
05:20:00,501203113,7,0,11,1,0
05:20:00,501203114,12,2,38,1,0
05:20:00,501203117,0,0,0,2,0
05:20:00,501203118,11,1,8,1,0
05:20:00,501203121,20,3,4,1,0
05:20:00,501203122,13,1,7,1,0
05:20:00,501203125,8,0,17,1,0
05:20:00,501203131,10,2,10,1,0
05:20:00,501203140,17,0,24,1,0
05:20:00,501203141,5,1,11,1,0
05:20:00,501203142,13,4,61,1,0
05:20:00,501203145,10,2,5,1,0
05:20:00,501203151,9,0,9,1,0
05:20:00,501203155,6,2,13,1,0
05:20:00,501203157,1,0,16,1,0
05:20:00,501203159,2,1,18,1,0
05:20:00,501203161,1,0,17,1,0
05:20:00,501203162,14,0,7,1,0
05:20:00,501203163,13,2,3,1,0
05:20:00,501204001,5,1,20,1,0
05:20:00,501204002,1,0,34,1,0
05:20:00,501204003,14,0,28,1,0
05:20:00,501204004,4,0,10,1,0
05:20:00,501204005,11,4,9,1,0
05:20:00,501204007,2,0,34,1,0
05:20:00,501204008,2,0,12,1,0
05:20:00,501204009,0,0,0,2,0
05:20:00,501204010,0,0,0,2,0
05:20:00,501204011,2,0,13,1,0
05:20:00,501204012,7,0,7,1,0
05:20:00,501204013,7,1,7,1,0
05:20:00,501204014,10,0,6,1,0
05:20:00,501204015,9,0,6,1,0
05:20:00,501204016,4,0,16,1,0
05:20:00,501204017,6,0,9,1,0
05:20:00,501204018,11,1,13,1,0
05:20:00,501204020,2,2,18,1,0
05:20:00,501204021,5,0,15,1,0
05:20:00,501204022,4,0,12,1,0
05:20:00,501204023,12,3,3,1,0
05:20:00,501204024,0,0,0,2,0
05:20:00,501204025,14,0,5,1,0
05:20:00,501205001,9,0,8,1,0
05:20:00,501205003,15,1,4,1,0
05:20:00,501205004,8,3,8,1,0
05:20:00,501205005,9,1,13,1,0
05:20:00,501205006,12,1,8,1,0
05:20:00,501205007,3,0,9,1,0
05:20:00,501205008,15,2,11,1,0
05:20:00,501205009,3,0,42,1,0
05:20:00,501205010,5,0,9,1,0
05:20:00,501205011,1,1,30,1,0
05:20:00,501205012,8,1,12,1,0
05:20:00,501205013,4,0,17,1,0
05:20:00,501205014,17,8,6,1,0
05:20:00,501205015,4,1,13,1,0
05:20:00,501205018,4,0,13,1,0
05:20:00,501205019,12,1,16,1,0
05:20:00,501205020,1,1,29,1,0
05:20:00,501205021,8,2,7,1,0
05:20:00,501205022,11,2,4,1,0
05:20:00,501205023,7,1,7,1,0
05:20:00,501205025,16,0,12,1,0
05:20:00,501205026,7,0,12,1,0
05:20:00,501205027,1,0,9,1,0
05:20:00,501205028,8,1,7,1,0
05:20:00,501205029,9,0,1,1,0
05:20:00,501205030,8,0,2,1,0
05:20:00,501205033,4,0,11,1,0
05:20:00,501205034,12,0,16,1,0
05:20:00,501205035,11,3,5,1,0
05:20:00,501205036,5,1,10,1,0
05:20:00,501205037,2,0,14,1,0
05:20:00,501205038,8,0,12,1,0
05:20:00,501205039,7,0,13,1,0
05:20:00,501205040,14,1,11,1,0
05:20:00,501205041,6,0,11,1,0
05:20:00,501205042,4,0,25,1,0
05:20:00,501208011,27,3,9,1,0
05:20:00,501208013,38,1,16,1,0
05:20:00,501208014,17,0,21,1,0
05:20:00,501208015,5,0,9,1,0
05:20:00,501208018,2,0,12,1,0
05:20:00,501208021,8,0,9,1,0
05:20:00,501208027,6,0,23,1,0
05:20:00,501208029,17,3,5,1,0
05:20:00,501208030,18,1,20,1,0
05:20:00,501208032,3,1,25,1,0
05:20:00,501208040,8,1,11,1,0
05:20:00,501208041,3,0,12,1,0
05:20:00,501208045,2,1,29,1,0
05:20:00,501208051,3,0,32,1,0
05:20:00,501208053,15,0,6,1,0
05:20:00,501208054,1,0,27,1,0
05:20:00,501208059,1,0,26,1,0
05:20:00,501208064,3,0,17,1,0
05:20:00,501208077,9,1,1,1,0
05:20:00,501208079,2,0,19,1,0
05:20:00,501208082,3,0,7,1,0
05:20:00,501208085,12,1,5,1,0
05:20:00,501208087,15,0,16,1,0
05:20:00,501208089,18,1,7,1,0
05:20:00,501208091,4,1,39,1,0
05:20:00,501208111,9,1,6,1,0
05:20:00,501208113,6,0,14,1,0
05:20:00,501208114,5,0,15,1,0
05:20:00,501208129,8,0,15,1,0
05:20:00,501208130,1,0,14,1,0
05:20:00,501209002,15,0,5,1,0
05:20:00,501209003,4,0,10,1,0
05:20:00,501209004,6,0,8,1,0
05:20:00,501209005,2,2,16,1,0
05:20:00,501209006,8,2,11,1,0
05:20:00,501209007,12,3,3,1,0
05:20:00,501209009,0,0,0,2,0
05:20:00,501209010,7,0,7,1,0
05:20:00,501209011,3,0,22,1,0
05:20:00,501209014,5,0,7,1,0
05:20:00,501209015,12,3,3,1,0
05:20:00,501209016,2,2,27,1,0
05:20:00,501209017,7,0,6,1,0
05:20:00,501209018,8,1,9,1,0
05:20:00,501209019,4,1,21,1,0
05:20:00,501209020,5,0,26,1,0
05:20:00,501209021,3,0,11,1,0
05:20:00,501209022,4,0,6,1,0
05:20:00,501209023,12,1,30,1,0
05:20:00,501209024,7,0,35,1,0
05:20:00,501209025,2,0,13,1,0
05:20:00,501209026,19,2,6,1,0
05:20:00,501209027,6,0,13,1,0
05:20:00,501209028,1,0,27,1,0
05:20:00,501209030,11,0,7,1,0
05:20:00,501209031,7,0,23,1,0
05:20:00,501209032,3,0,25,1,0
05:20:00,501209033,9,3,11,1,0
05:20:00,501209034,7,0,8,1,0
05:20:00,501209035,2,0,26,1,0
05:20:00,501209036,11,2,18,1,0
05:20:00,501209037,12,2,24,1,0
05:20:00,501209038,13,1,2,1,0
05:20:00,501209039,7,0,23,1,0
05:20:00,501209040,2,0,29,1,0
05:20:00,501209042,5,1,15,1,0
05:20:00,501209043,9,0,15,1,0
05:20:00,501209044,12,4,3,1,0
05:20:00,501209045,7,0,8,1,0
05:20:00,501209046,5,2,17,1,0
05:20:00,501209047,8,3,6,1,0
05:20:00,501209049,1,0,19,1,0
05:20:00,501209050,12,4,1,1,0
05:20:00,501209051,4,0,20,1,0
05:20:00,501209052,3,0,17,1,0
05:20:00,501209053,2,1,18,1,0
05:20:00,501209054,7,1,19,1,0
05:20:00,501209056,13,0,2,1,0
05:20:00,501209058,14,3,2,1,0
05:20:00,501209059,4,0,11,1,0
05:20:00,501209060,14,3,6,1,0
05:20:00,501209062,2,0,13,1,0
05:20:00,501209064,9,0,6,1,0
05:20:00,501209065,3,0,12,1,0
05:20:00,501209066,10,2,4,1,0
05:20:00,501209067,9,0,5,1,0
05:20:00,501209068,4,1,13,1,0
05:20:00,501209069,4,1,59,1,0
05:20:00,501209070,5,0,12,1,0
05:20:00,501209071,2,0,15,1,0
05:20:00,501209073,11,3,4,1,0
05:20:00,501209074,17,0,6,1,0
05:20:00,501209075,7,0,7,1,0
05:20:00,501209076,2,0,21,1,0
05:20:00,501209077,4,1,11,1,0
05:20:00,501209078,7,2,6,1,0
05:20:00,501209079,4,0,21,1,0
05:20:00,501209080,2,0,24,1,0
05:20:00,501209081,9,2,6,1,0
05:20:00,501209084,2,0,21,1,0
05:20:00,501209085,15,1,11,1,0
05:20:00,501209087,5,2,34,1,0
05:20:00,501209088,7,1,8,1,0
05:20:00,501209089,1,0,19,1,0
05:20:00,501209090,13,1,1,1,0
05:20:00,501209091,1,1,15,1,0
05:20:00,501209092,5,0,11,1,0
05:20:00,501209093,9,0,6,1,0
05:20:00,501209094,11,2,5,1,0
05:20:00,501209095,5,2,9,1,0
05:20:00,501209096,10,1,3,1,0
05:20:00,501209097,5,2,10,1,0
05:20:00,501209098,5,1,10,1,0
05:20:00,501209099,5,0,15,1,0
05:20:00,501209100,12,0,1,1,0
05:20:00,501209101,5,0,10,1,0
05:20:00,501209102,2,0,18,1,0
05:20:00,501209104,6,0,13,1,0
05:20:00,501209105,16,1,9,1,0
05:20:00,501209106,5,2,15,1,0
05:20:00,501211001,27,7,10,1,0
05:20:00,501211002,6,0,9,1,0
05:20:00,501211004,5,1,10,1,0
05:20:00,501211005,3,1,16,1,0
05:20:00,501211006,4,0,12,1,0
05:20:00,501211007,7,0,12,1,0
05:20:00,501211009,9,0,9,1,0
05:20:00,501211011,16,1,14,1,0
05:20:00,501211012,8,1,10,1,0
05:30:00,501201001,0,0,0,2,0
05:30:00,501201002,19,1,21,1,0
05:30:00,501201003,6,0,17,1,0
05:30:00,501201004,10,0,4,1,0
05:30:00,501201005,9,0,10,1,0
05:30:00,501201006,10,0,18,1,0
05:30:00,501201007,8,0,11,1,0
05:30:00,501201008,9,2,16,1,0
05:30:00,501201010,3,0,7,1,0
05:30:00,501201011,5,0,16,1,0
05:30:00,501201012,25,3,15,1,0
05:30:00,501201013,7,0,15,1,0
05:30:00,501201014,12,0,7,1,0
05:30:00,501201015,1,1,24,1,0
05:30:00,501201016,14,1,11,1,0
05:30:00,501201017,5,0,22,1,0
05:30:00,501201018,8,0,16,1,0
05:30:00,501201019,19,2,9,1,0
05:30:00,501201020,7,0,17,1,0
05:30:00,501201021,7,0,8,1,0
05:30:00,501201022,7,0,9,1,0
05:30:00,501201023,1,0,27,1,0
05:30:00,501201024,10,0,13,1,0
05:30:00,501201025,9,1,15,1,0
05:30:00,501201026,13,0,6,1,0
05:30:00,501201028,6,1,13,1,0
05:30:00,501201029,5,0,8,1,0
05:30:00,501201030,6,0,8,1,0
05:30:00,501201031,9,2,8,1,0
05:30:00,501202001,1,0,13,1,0
05:30:00,501202003,4,1,36,1,0
05:30:00,501202013,8,0,9,1,0
05:30:00,501202023,8,0,5,1,0
05:30:00,501202024,5,0,10,1,0
05:30:00,501202034,8,3,7,1,0
05:30:00,501202035,14,0,14,1,0
05:30:00,501202036,18,0,21,1,0
05:30:00,501202040,2,0,43,1,0
05:30:00,501202043,14,2,11,1,0
05:30:00,501202044,0,0,0,2,0
05:30:00,501202047,1,0,21,1,0
05:30:00,501202050,8,1,8,1,0
05:30:00,501202055,13,1,2,1,0
05:30:00,501202058,8,0,7,1,0
05:30:00,501202065,14,1,1,1,0
05:30:00,501202068,0,0,17,1,0
05:30:00,501202070,10,0,6,1,0
05:30:00,501202078,7,0,18,1,0
05:30:00,501202080,6,0,20,1,0
05:30:00,501202081,17,1,6,1,0
05:30:00,501202082,2,0,19,1,0
05:30:00,501202083,6,0,17,1,0
05:30:00,501202084,4,1,20,1,0
05:30:00,501202085,9,0,26,1,0
05:30:00,501202088,4,0,26,1,0
05:30:00,501202089,3,0,26,1,0
05:30:00,501202096,9,3,5,1,0
05:30:00,501203001,1,1,19,1,0
05:30:00,501203002,6,0,16,1,0
05:30:00,501203003,7,0,87,1,0
05:30:00,501203005,2,0,18,1,0
05:30:00,501203006,1,0,14,1,0
05:30:00,501203007,13,0,2,1,0
05:30:00,501203008,5,0,11,1,0
05:30:00,501203010,16,1,17,1,0
05:30:00,501203011,31,10,6,1,0
05:30:00,501203012,5,2,11,1,0
05:30:00,501203013,9,2,15,1,0
05:30:00,501203015,10,2,2,1,0
05:30:00,501203020,13,0,7,1,0
05:30:00,501203022,7,1,11,1,0
05:30:00,501203023,6,0,12,1,0
05:30:00,501203028,10,0,15,1,0
05:30:00,501203040,4,2,18,1,0
05:30:00,501203045,7,0,11,1,0
05:30:00,501203050,29,2,31,1,0
05:30:00,501203051,11,5,13,1,0
05:30:00,501203053,6,0,20,1,0
05:30:00,501203054,8,1,14,1,0
05:30:00,501203064,12,0,3,1,0
05:30:00,501203065,10,0,6,1,0
05:30:00,501203070,5,1,10,1,0
05:30:00,501203073,4,0,20,1,0
05:30:00,501203076,5,0,11,1,0
05:30:00,501203078,12,2,4,1,0
05:30:00,501203080,8,1,7,1,0
05:30:00,501203084,4,0,7,1,0
05:30:00,501203085,5,1,5,1,0
05:30:00,501203088,4,0,10,1,0
05:30:00,501203089,1,0,11,1,0
05:30:00,501203090,6,1,3,1,0
05:30:00,501203091,9,2,4,1,0
05:30:00,501203092,4,0,16,1,0
05:30:00,501203100,4,1,15,1,0
05:30:00,501203101,0,0,0,2,0
05:30:00,501203102,10,0,9,1,0
05:30:00,501203104,13,2,5,1,0
05:30:00,501203105,6,2,5,1,0
05:30:00,501203107,0,0,0,2,0
05:30:00,501203109,3,0,23,1,0
05:30:00,501203110,2,1,39,1,0
05:30:00,501203111,9,3,2,1,0
05:30:00,501203113,7,0,11,1,0
05:30:00,501203114,12,1,38,1,0
05:30:00,501203117,0,0,0,2,0
05:30:00,501203118,11,1,8,1,0
05:30:00,501203121,20,3,4,1,0
05:30:00,501203122,13,1,7,1,0
05:30:00,501203125,6,0,19,1,0
05:30:00,501203131,10,2,10,1,0
05:30:00,501203140,17,0,24,1,0
05:30:00,501203141,5,1,11,1,0
05:30:00,501203142,16,6,58,1,0
05:30:00,501203145,10,2,5,1,0
05:30:00,501203151,7,0,11,1,0
05:30:00,501203155,6,2,13,1,0
05:30:00,501203157,1,0,16,1,0
05:30:00,501203159,2,1,18,1,0
05:30:00,501203161,1,0,17,1,0
05:30:00,501203162,14,0,7,1,0
05:30:00,501203163,13,2,3,1,0
05:30:00,501204001,5,1,20,1,0
05:30:00,501204002,1,0,34,1,0
05:30:00,501204003,14,0,28,1,0
05:30:00,501204004,4,0,10,1,0
05:30:00,501204005,11,4,9,1,0
05:30:00,501204007,2,0,34,1,0
05:30:00,501204008,2,0,12,1,0
05:30:00,501204009,0,0,0,2,0
05:30:00,501204010,0,0,0,2,0
05:30:00,501204011,2,0,13,1,0
05:30:00,501204012,7,0,7,1,0
05:30:00,501204013,7,1,7,1,0
05:30:00,501204014,10,0,6,1,0
05:30:00,501204015,9,0,6,1,0
05:30:00,501204016,4,0,16,1,0
05:30:00,501204017,6,0,9,1,0
05:30:00,501204018,10,0,14,1,0
05:30:00,501204020,2,2,18,1,0
05:30:00,501204021,5,0,15,1,0
05:30:00,501204022,3,0,13,1,0
05:30:00,501204023,12,3,3,1,0
05:30:00,501204024,0,0,0,2,0
05:30:00,501204025,14,0,5,1,0
05:30:00,501205001,9,0,8,1,0
05:30:00,501205003,15,1,4,1,0
05:30:00,501205004,8,3,8,1,0
05:30:00,501205005,9,1,13,1,0
05:30:00,501205006,12,0,8,1,0
05:30:00,501205007,3,0,9,1,0
05:30:00,501205008,15,2,11,1,0
05:30:00,501205009,3,0,42,1,0
05:30:00,501205010,5,0,9,1,0
05:30:00,501205011,1,1,30,1,0
05:30:00,501205012,8,0,12,1,0
05:30:00,501205013,4,0,17,1,0
05:30:00,501205014,17,8,6,1,0
05:30:00,501205015,4,1,13,1,0
05:30:00,501205018,4,0,13,1,0
05:30:00,501205019,12,1,16,1,0
05:30:00,501205020,1,1,29,1,0
05:30:00,501205021,8,2,7,1,0
05:30:00,501205022,11,2,4,1,0
05:30:00,501205023,7,1,7,1,0
05:30:00,501205025,16,0,12,1,0
05:30:00,501205026,7,0,12,1,0
05:30:00,501205027,1,0,9,1,0
05:30:00,501205028,8,1,7,1,0
05:30:00,501205029,9,0,1,1,0
05:30:00,501205030,8,0,2,1,0
05:30:00,501205033,4,0,11,1,0
05:30:00,501205034,12,0,16,1,0
05:30:00,501205035,11,3,5,1,0
05:30:00,501205036,5,1,10,1,0
05:30:00,501205037,3,1,13,1,0
05:30:00,501205038,8,0,12,1,0
05:30:00,501205039,7,0,13,1,0
05:30:00,501205040,14,1,11,1,0
05:30:00,501205041,6,0,11,1,0
05:30:00,501205042,4,0,25,1,0
05:30:00,501208011,27,3,9,1,0
05:30:00,501208013,38,1,16,1,0
05:30:00,501208014,16,0,22,1,0
05:30:00,501208015,5,0,9,1,0
05:30:00,501208018,2,0,12,1,0
05:30:00,501208021,8,0,9,1,0
05:30:00,501208027,6,0,23,1,0
05:30:00,501208029,16,3,6,1,0
05:30:00,501208030,17,0,21,1,0
05:30:00,501208032,3,1,25,1,0
05:30:00,501208040,8,1,11,1,0
05:30:00,501208041,3,0,12,1,0
05:30:00,501208045,2,1,29,1,0
05:30:00,501208051,3,0,32,1,0
05:30:00,501208053,15,0,6,1,0
05:30:00,501208054,1,0,27,1,0
05:30:00,501208059,1,0,26,1,0
05:30:00,501208064,3,0,17,1,0
05:30:00,501208077,9,1,1,1,0
05:30:00,501208079,2,0,19,1,0
05:30:00,501208082,3,0,7,1,0
05:30:00,501208085,12,1,5,1,0
05:30:00,501208087,15,0,16,1,0
05:30:00,501208089,17,1,8,1,0
05:30:00,501208091,4,1,39,1,0
05:30:00,501208111,9,1,6,1,0
05:30:00,501208113,6,0,14,1,0
05:30:00,501208114,5,0,15,1,0
05:30:00,501208129,8,0,15,1,0
05:30:00,501208130,1,0,14,1,0
05:30:00,501209002,15,0,5,1,0
05:30:00,501209003,5,1,9,1,0
05:30:00,501209004,6,0,8,1,0
05:30:00,501209005,2,2,16,1,0
05:30:00,501209006,8,2,11,1,0
05:30:00,501209007,12,3,3,1,0
05:30:00,501209009,0,0,0,2,0
05:30:00,501209010,7,0,7,1,0
05:30:00,501209011,3,0,22,1,0
05:30:00,501209014,5,0,7,1,0
05:30:00,501209015,12,3,3,1,0
05:30:00,501209016,2,2,27,1,0
05:30:00,501209017,7,0,6,1,0
05:30:00,501209018,8,1,9,1,0
05:30:00,501209019,4,1,21,1,0
05:30:00,501209020,5,0,26,1,0
05:30:00,501209021,3,0,11,1,0
05:30:00,501209022,4,0,6,1,0
05:30:00,501209023,20,1,22,1,0
05:30:00,501209024,7,0,35,1,0
05:30:00,501209025,2,0,13,1,0
05:30:00,501209026,18,1,7,1,0
05:30:00,501209027,6,0,13,1,0
05:30:00,501209028,1,0,27,1,0
05:30:00,501209030,11,0,7,1,0
05:30:00,501209031,7,0,23,1,0
05:30:00,501209032,3,0,25,1,0
05:30:00,501209033,9,3,11,1,0
05:30:00,501209034,6,0,9,1,0
05:30:00,501209035,2,0,26,1,0
05:30:00,501209036,7,2,22,1,0
05:30:00,501209037,12,2,24,1,0
05:30:00,501209038,13,1,2,1,0
05:30:00,501209039,7,0,23,1,0
05:30:00,501209040,2,0,29,1,0
05:30:00,501209042,5,1,15,1,0
05:30:00,501209043,9,0,15,1,0
05:30:00,501209044,12,4,3,1,0
05:30:00,501209045,7,0,8,1,0
05:30:00,501209046,5,2,17,1,0
05:30:00,501209047,8,3,6,1,0
05:30:00,501209049,1,0,19,1,0
05:30:00,501209050,12,4,1,1,0
05:30:00,501209051,4,0,20,1,0
05:30:00,501209052,3,0,17,1,0
05:30:00,501209053,2,1,18,1,0
05:30:00,501209054,7,1,19,1,0
05:30:00,501209056,13,0,2,1,0
05:30:00,501209058,14,3,2,1,0
05:30:00,501209059,4,0,11,1,0
05:30:00,501209060,14,3,6,1,0
05:30:00,501209062,2,0,13,1,0
05:30:00,501209064,9,0,6,1,0
05:30:00,501209065,4,0,11,1,0
05:30:00,501209066,10,2,4,1,0
05:30:00,501209067,9,0,5,1,0
05:30:00,501209068,4,1,13,1,0
05:30:00,501209069,5,1,58,1,0
05:30:00,501209070,4,0,13,1,0
05:30:00,501209071,2,0,15,1,0
05:30:00,501209073,11,3,4,1,0
05:30:00,501209074,17,0,6,1,0
05:30:00,501209075,7,0,7,1,0
05:30:00,501209076,2,0,21,1,0
05:30:00,501209077,4,1,11,1,0
05:30:00,501209078,7,2,6,1,0
05:30:00,501209079,4,0,21,1,0
05:30:00,501209080,3,0,23,1,0
05:30:00,501209081,9,2,6,1,0
05:30:00,501209084,2,0,21,1,0
05:30:00,501209085,15,1,11,1,0
05:30:00,501209087,4,1,35,1,0
05:30:00,501209088,7,1,8,1,0
05:30:00,501209089,1,0,19,1,0
05:30:00,501209090,13,1,1,1,0
05:30:00,501209091,1,1,15,1,0
05:30:00,501209092,5,0,11,1,0
05:30:00,501209093,9,0,6,1,0
05:30:00,501209094,11,2,5,1,0
05:30:00,501209095,5,2,9,1,0
05:30:00,501209096,10,1,3,1,0
05:30:00,501209097,5,2,10,1,0
05:30:00,501209098,5,1,10,1,0
05:30:00,501209099,5,0,15,1,0
05:30:00,501209100,12,0,1,1,0
05:30:00,501209101,5,0,10,1,0
05:30:00,501209102,2,0,18,1,0
05:30:00,501209104,6,0,13,1,0
05:30:00,501209105,16,1,9,1,0
05:30:00,501209106,5,2,15,1,0
05:30:00,501211001,27,7,10,1,0
05:30:00,501211002,6,0,9,1,0
05:30:00,501211004,5,1,10,1,0
05:30:00,501211005,3,1,16,1,0
05:30:00,501211006,4,0,12,1,0
05:30:00,501211007,5,0,14,1,0
05:30:00,501211009,9,0,9,1,0
05:30:00,501211011,16,1,14,1,0
05:30:00,501211012,8,1,10,1,0
05:40:00,501201001,0,0,0,2,0
05:40:00,501201002,21,1,19,1,0
05:40:00,501201003,5,0,18,1,0
05:40:00,501201004,10,0,4,1,0
05:40:00,501201005,9,0,10,1,0
05:40:00,501201006,10,0,18,1,0
05:40:00,501201007,8,0,11,1,0
05:40:00,501201008,9,2,16,1,0
05:40:00,501201010,3,0,7,1,0
05:40:00,501201011,5,0,16,1,0
05:40:00,501201012,24,2,16,1,0
05:40:00,501201013,6,0,16,1,0
05:40:00,501201014,12,0,7,1,0
05:40:00,501201015,1,1,24,1,0
05:40:00,501201016,15,2,10,1,0
05:40:00,501201017,5,0,22,1,0
05:40:00,501201018,8,0,16,1,0
05:40:00,501201019,19,2,9,1,0
05:40:00,501201020,7,0,17,1,0
05:40:00,501201021,7,0,8,1,0
05:40:00,501201022,6,0,10,1,0
05:40:00,501201023,1,0,27,1,0
05:40:00,501201024,10,0,13,1,0
05:40:00,501201025,8,1,16,1,0
05:40:00,501201026,13,0,6,1,0
05:40:00,501201028,6,1,13,1,0
05:40:00,501201029,5,0,8,1,0
05:40:00,501201030,6,0,8,1,0
05:40:00,501201031,7,1,10,1,0
05:40:00,501202001,1,0,13,1,0
05:40:00,501202003,4,1,36,1,0
05:40:00,501202013,8,0,9,1,0
05:40:00,501202023,8,0,5,1,0
05:40:00,501202024,5,0,10,1,0
05:40:00,501202034,7,3,7,1,0
05:40:00,501202035,12,0,16,1,0
05:40:00,501202036,19,1,20,1,0
05:40:00,501202040,2,0,43,1,0
05:40:00,501202043,14,2,11,1,0
05:40:00,501202044,0,0,0,2,0
05:40:00,501202047,1,0,21,1,0
05:40:00,501202050,8,1,8,1,0
05:40:00,501202055,12,0,3,1,0
05:40:00,501202058,8,0,7,1,0
05:40:00,501202065,14,1,1,1,0
05:40:00,501202068,0,0,17,1,0
05:40:00,501202070,10,0,6,1,0
05:40:00,501202078,7,0,18,1,0
05:40:00,501202080,6,0,20,1,0
05:40:00,501202081,17,1,6,1,0
05:40:00,501202082,2,0,19,1,0
05:40:00,501202083,6,0,17,1,0
05:40:00,501202084,5,1,19,1,0
05:40:00,501202085,10,1,25,1,0
05:40:00,501202088,3,0,27,1,0
05:40:00,501202089,3,0,26,1,0
05:40:00,501202096,9,3,5,1,0
05:40:00,501203001,1,1,19,1,0
05:40:00,501203002,6,0,16,1,0
05:40:00,501203003,8,1,86,1,0
05:40:00,501203005,2,0,18,1,0
05:40:00,501203006,1,0,14,1,0
05:40:00,501203007,13,0,2,1,0
05:40:00,501203008,5,0,11,1,0
05:40:00,501203010,16,1,17,1,0
05:40:00,501203011,30,9,7,1,0
05:40:00,501203012,5,2,11,1,0
05:40:00,501203013,10,3,14,1,0
05:40:00,501203015,10,2,2,1,0
05:40:00,501203020,13,0,7,1,0
05:40:00,501203022,7,1,11,1,0
05:40:00,501203023,6,0,12,1,0
05:40:00,501203028,10,0,15,1,0
05:40:00,501203040,5,2,17,1,0
05:40:00,501203045,7,0,11,1,0
05:40:00,501203050,28,1,32,1,0
05:40:00,501203051,11,5,13,1,0
05:40:00,501203053,6,0,20,1,0
05:40:00,501203054,8,1,14,1,0
05:40:00,501203064,12,0,3,1,0
05:40:00,501203065,8,0,8,1,0
05:40:00,501203070,5,1,10,1,0
05:40:00,501203073,4,0,20,1,0
05:40:00,501203076,5,0,11,1,0
05:40:00,501203078,12,2,4,1,0
05:40:00,501203080,8,1,7,1,0
05:40:00,501203084,4,0,7,1,0
05:40:00,501203085,5,1,5,1,0
05:40:00,501203088,4,0,10,1,0
05:40:00,501203089,1,0,11,1,0
05:40:00,501203090,6,1,3,1,0
05:40:00,501203091,9,2,4,1,0
05:40:00,501203092,4,0,16,1,0
05:40:00,501203100,4,1,15,1,0
05:40:00,501203101,0,0,0,2,0
05:40:00,501203102,10,0,9,1,0
05:40:00,501203104,13,2,5,1,0
05:40:00,501203105,6,2,5,1,0
05:40:00,501203107,0,0,0,2,0
05:40:00,501203109,3,0,23,1,0
05:40:00,501203110,2,1,39,1,0
05:40:00,501203111,9,3,2,1,0
05:40:00,501203113,7,0,11,1,0
05:40:00,501203114,11,0,39,1,0
05:40:00,501203117,0,0,0,2,0
05:40:00,501203118,10,1,9,1,0
05:40:00,501203121,19,2,5,1,0
05:40:00,501203122,13,1,7,1,0
05:40:00,501203125,7,0,18,1,0
05:40:00,501203131,10,2,10,1,0
05:40:00,501203140,17,0,24,1,0
05:40:00,501203141,5,1,11,1,0
05:40:00,501203142,15,5,59,1,0
05:40:00,501203145,10,1,5,1,0
05:40:00,501203151,6,0,12,1,0
05:40:00,501203155,5,1,14,1,0
05:40:00,501203157,1,0,16,1,0
05:40:00,501203159,2,1,18,1,0
05:40:00,501203161,1,0,17,1,0
05:40:00,501203162,13,0,8,1,0
05:40:00,501203163,13,2,3,1,0
05:40:00,501204001,5,1,20,1,0
05:40:00,501204002,1,0,34,1,0
05:40:00,501204003,14,0,28,1,0
05:40:00,501204004,4,0,10,1,0
05:40:00,501204005,11,4,9,1,0
05:40:00,501204007,2,0,34,1,0
05:40:00,501204008,2,0,12,1,0
05:40:00,501204009,0,0,0,2,0
05:40:00,501204010,0,0,0,2,0
05:40:00,501204011,2,0,13,1,0
05:40:00,501204012,7,0,7,1,0
05:40:00,501204013,7,1,7,1,0
05:40:00,501204014,10,0,6,1,0
05:40:00,501204015,9,0,6,1,0
05:40:00,501204016,4,0,16,1,0
05:40:00,501204017,6,0,9,1,0
05:40:00,501204018,10,0,14,1,0
05:40:00,501204020,2,2,18,1,0
05:40:00,501204021,5,0,15,1,0
05:40:00,501204022,3,0,13,1,0
05:40:00,501204023,12,3,3,1,0
05:40:00,501204024,0,0,0,2,0
05:40:00,501204025,14,0,5,1,0
05:40:00,501205001,9,0,8,1,0
05:40:00,501205003,15,1,4,1,0
05:40:00,501205004,8,3,8,1,0
05:40:00,501205005,9,1,13,1,0
05:40:00,501205006,11,0,9,1,0
05:40:00,501205007,3,0,9,1,0
05:40:00,501205008,15,2,11,1,0
05:40:00,501205009,2,0,43,1,0
05:40:00,501205010,5,0,9,1,0
05:40:00,501205011,1,1,30,1,0
05:40:00,501205012,8,0,12,1,0
05:40:00,501205013,4,0,17,1,0
05:40:00,501205014,17,8,6,1,0
05:40:00,501205015,3,1,14,1,0
05:40:00,501205018,4,0,13,1,0
05:40:00,501205019,12,1,16,1,0
05:40:00,501205020,1,1,29,1,0
05:40:00,501205021,8,2,7,1,0
05:40:00,501205022,11,2,4,1,0
05:40:00,501205023,7,1,7,1,0
05:40:00,501205025,16,0,12,1,0
05:40:00,501205026,7,0,12,1,0
05:40:00,501205027,1,0,9,1,0
05:40:00,501205028,8,1,7,1,0
05:40:00,501205029,9,0,1,1,0
05:40:00,501205030,8,0,2,1,0
05:40:00,501205033,4,0,11,1,0
05:40:00,501205034,12,0,16,1,0
05:40:00,501205035,11,3,5,1,0
05:40:00,501205036,5,1,10,1,0
05:40:00,501205037,3,1,13,1,0
05:40:00,501205038,8,0,12,1,0
05:40:00,501205039,7,0,13,1,0
05:40:00,501205040,14,1,11,1,0
05:40:00,501205041,6,0,11,1,0
05:40:00,501205042,4,0,25,1,0
05:40:00,501208011,27,3,9,1,0
05:40:00,501208013,38,1,16,1,0
05:40:00,501208014,16,0,22,1,0
05:40:00,501208015,5,0,9,1,0
05:40:00,501208018,2,0,12,1,0
05:40:00,501208021,8,0,9,1,0
05:40:00,501208027,6,0,23,1,0
05:40:00,501208029,16,3,6,1,0
05:40:00,501208030,17,0,21,1,0
05:40:00,501208032,3,1,25,1,0
05:40:00,501208040,8,1,11,1,0
05:40:00,501208041,3,0,12,1,0
05:40:00,501208045,2,1,29,1,0
05:40:00,501208051,3,0,32,1,0
05:40:00,501208053,15,0,6,1,0
05:40:00,501208054,1,0,27,1,0
05:40:00,501208059,1,0,26,1,0
05:40:00,501208064,3,0,17,1,0
05:40:00,501208077,9,1,1,1,0
05:40:00,501208079,2,0,19,1,0
05:40:00,501208082,3,0,7,1,0
05:40:00,501208085,12,1,5,1,0
05:40:00,501208087,15,0,16,1,0
05:40:00,501208089,17,1,8,1,0
05:40:00,501208091,4,1,39,1,0
05:40:00,501208111,9,1,6,1,0
05:40:00,501208113,6,0,14,1,0
05:40:00,501208114,5,0,15,1,0
05:40:00,501208129,8,0,15,1,0
05:40:00,501208130,1,0,14,1,0
05:40:00,501209002,15,0,5,1,0
05:40:00,501209003,5,1,9,1,0
05:40:00,501209004,6,0,8,1,0
05:40:00,501209005,2,2,16,1,0
05:40:00,501209006,8,2,11,1,0
05:40:00,501209007,12,3,3,1,0
05:40:00,501209009,0,0,0,2,0
05:40:00,501209010,7,0,7,1,0
05:40:00,501209011,3,0,22,1,0
05:40:00,501209014,5,0,7,1,0
05:40:00,501209015,12,3,3,1,0
05:40:00,501209016,2,2,27,1,0
05:40:00,501209017,7,0,6,1,0
05:40:00,501209018,9,1,8,1,0
05:40:00,501209019,4,1,21,1,0
05:40:00,501209020,5,0,26,1,0
05:40:00,501209021,3,0,11,1,0
05:40:00,501209022,4,0,6,1,0
05:40:00,501209023,20,1,22,1,0
05:40:00,501209024,7,0,35,1,0
05:40:00,501209025,2,0,13,1,0
05:40:00,501209026,19,1,6,1,0
05:40:00,501209027,6,0,13,1,0
05:40:00,501209028,1,0,27,1,0
05:40:00,501209030,11,0,7,1,0
05:40:00,501209031,7,0,23,1,0
05:40:00,501209032,3,0,25,1,0
05:40:00,501209033,9,3,11,1,0
05:40:00,501209034,6,0,9,1,0
05:40:00,501209035,2,0,26,1,0
05:40:00,501209036,8,2,21,1,0
05:40:00,501209037,12,2,24,1,0
05:40:00,501209038,13,1,2,1,0
05:40:00,501209039,7,0,23,1,0
05:40:00,501209040,2,0,29,1,0
05:40:00,501209042,5,1,15,1,0
05:40:00,501209043,9,0,15,1,0
05:40:00,501209044,12,4,3,1,0
05:40:00,501209045,7,0,8,1,0
05:40:00,501209046,5,2,17,1,0
05:40:00,501209047,8,3,6,1,0
05:40:00,501209049,1,0,19,1,0
05:40:00,501209050,12,4,1,1,0
05:40:00,501209051,4,0,20,1,0
05:40:00,501209052,3,0,17,1,0
05:40:00,501209053,2,1,18,1,0
05:40:00,501209054,7,1,19,1,0
05:40:00,501209056,13,0,2,1,0
05:40:00,501209058,14,3,2,1,0
05:40:00,501209059,3,0,12,1,0
05:40:00,501209060,14,3,6,1,0
05:40:00,501209062,2,0,13,1,0
05:40:00,501209064,9,0,6,1,0
05:40:00,501209065,4,0,11,1,0
05:40:00,501209066,10,2,4,1,0
05:40:00,501209067,9,0,5,1,0
05:40:00,501209068,4,1,13,1,0
05:40:00,501209069,5,1,58,1,0
05:40:00,501209070,4,0,13,1,0
05:40:00,501209071,2,0,15,1,0
05:40:00,501209073,11,3,4,1,0
05:40:00,501209074,17,0,6,1,0
05:40:00,501209075,7,0,7,1,0
05:40:00,501209076,2,0,21,1,0
05:40:00,501209077,4,1,11,1,0
05:40:00,501209078,7,2,6,1,0
05:40:00,501209079,4,0,21,1,0
05:40:00,501209080,3,0,23,1,0
05:40:00,501209081,9,2,6,1,0
05:40:00,501209084,2,0,21,1,0
05:40:00,501209085,13,1,13,1,0
05:40:00,501209087,4,1,35,1,0
05:40:00,501209088,7,1,8,1,0
05:40:00,501209089,1,0,19,1,0
05:40:00,501209090,13,1,1,1,0
05:40:00,501209091,1,1,15,1,0
05:40:00,501209092,5,0,11,1,0
05:40:00,501209093,9,0,6,1,0
05:40:00,501209094,11,2,5,1,0
05:40:00,501209095,5,2,9,1,0
05:40:00,501209096,10,1,3,1,0
05:40:00,501209097,5,2,10,1,0
05:40:00,501209098,5,1,10,1,0
05:40:00,501209099,5,0,15,1,0
05:40:00,501209100,12,0,1,1,0
05:40:00,501209101,5,0,10,1,0
05:40:00,501209102,2,0,18,1,0
05:40:00,501209104,6,0,13,1,0
05:40:00,501209105,16,1,9,1,0
05:40:00,501209106,5,2,15,1,0
05:40:00,501211001,27,7,10,1,0
05:40:00,501211002,6,0,9,1,0
05:40:00,501211004,5,1,10,1,0
05:40:00,501211005,3,1,16,1,0
05:40:00,501211006,4,0,12,1,0
05:40:00,501211007,5,0,14,1,0
05:40:00,501211009,9,0,9,1,0
05:40:00,501211011,16,1,14,1,0
05:40:00,501211012,8,1,10,1,0
05:50:00,501201001,0,0,0,2,0
05:50:00,501201002,21,1,19,1,0
05:50:00,501201003,5,0,18,1,0
05:50:00,501201004,11,0,3,1,0
05:50:00,501201005,9,0,10,1,0
05:50:00,501201006,10,0,18,1,0
05:50:00,501201007,8,0,11,1,0
05:50:00,501201008,9,2,16,1,0
05:50:00,501201010,1,0,9,1,0
05:50:00,501201011,5,0,16,1,0
05:50:00,501201012,24,2,16,1,0
05:50:00,501201013,6,0,16,1,0
05:50:00,501201014,12,0,7,1,0
05:50:00,501201015,3,1,22,1,0
05:50:00,501201016,15,1,10,1,0
05:50:00,501201017,7,1,20,1,0
05:50:00,501201018,8,0,16,1,0
05:50:00,501201019,18,1,10,1,0
05:50:00,501201020,6,0,18,1,0
05:50:00,501201021,7,0,8,1,0
05:50:00,501201022,6,0,10,1,0
05:50:00,501201023,1,0,27,1,0
05:50:00,501201024,10,0,13,1,0
05:50:00,501201025,8,1,16,1,0
05:50:00,501201026,13,0,6,1,0
05:50:00,501201028,7,2,12,1,0
05:50:00,501201029,5,0,8,1,0
05:50:00,501201030,7,0,7,1,0
05:50:00,501201031,6,1,11,1,0
05:50:00,501202001,1,0,13,1,0
05:50:00,501202003,4,1,36,1,0
05:50:00,501202013,8,0,9,1,0
05:50:00,501202023,8,0,5,1,0
05:50:00,501202024,5,0,10,1,0
05:50:00,501202034,7,3,7,1,0
05:50:00,501202035,12,0,16,1,0
05:50:00,501202036,19,1,20,1,0
05:50:00,501202040,2,0,43,1,0
05:50:00,501202043,14,2,11,1,0
05:50:00,501202044,0,0,0,2,0
05:50:00,501202047,1,0,21,1,0
05:50:00,501202050,8,1,8,1,0
05:50:00,501202055,12,0,3,1,0
05:50:00,501202058,8,0,7,1,0
05:50:00,501202065,14,1,1,1,0
05:50:00,501202068,6,1,12,1,0
05:50:00,501202070,10,0,6,1,0
05:50:00,501202078,7,0,18,1,0
05:50:00,501202080,5,0,21,1,0
05:50:00,501202081,17,1,6,1,0
05:50:00,501202082,2,0,19,1,0
05:50:00,501202083,6,0,17,1,0
05:50:00,501202084,5,1,19,1,0
05:50:00,501202085,10,1,25,1,0
05:50:00,501202088,3,0,27,1,0
05:50:00,501202089,3,0,26,1,0
05:50:00,501202096,9,3,5,1,0
05:50:00,501203001,0,0,20,1,0
05:50:00,501203002,6,0,16,1,0
05:50:00,501203003,8,1,86,1,0
05:50:00,501203005,2,0,18,1,0
05:50:00,501203006,1,0,14,1,0
05:50:00,501203007,13,0,2,1,0
05:50:00,501203008,5,0,11,1,0
05:50:00,501203010,16,1,17,1,0
05:50:00,501203011,30,9,7,1,0
05:50:00,501203012,5,2,11,1,0
05:50:00,501203013,10,3,14,1,0
05:50:00,501203015,9,1,3,1,0
05:50:00,501203020,13,0,7,1,0
05:50:00,501203022,7,1,11,1,0
05:50:00,501203023,6,0,12,1,0
05:50:00,501203028,9,0,16,1,0
05:50:00,501203040,6,2,16,1,0
05:50:00,501203045,6,0,12,1,0
05:50:00,501203050,28,1,32,1,0
05:50:00,501203051,11,5,13,1,0
05:50:00,501203053,6,0,20,1,0
05:50:00,501203054,8,1,14,1,0
05:50:00,501203064,12,0,3,1,0
05:50:00,501203065,4,0,12,1,0
05:50:00,501203070,5,1,10,1,0
05:50:00,501203073,4,0,20,1,0
05:50:00,501203076,5,0,11,1,0
05:50:00,501203078,12,2,4,1,0
05:50:00,501203080,8,1,7,1,0
05:50:00,501203084,4,0,7,1,0
05:50:00,501203085,5,1,5,1,0
05:50:00,501203088,4,0,10,1,0
05:50:00,501203089,1,0,11,1,0
05:50:00,501203090,6,1,3,1,0
05:50:00,501203091,9,2,4,1,0
05:50:00,501203092,4,0,16,1,0
05:50:00,501203100,3,1,16,1,0
05:50:00,501203101,0,0,0,2,0
05:50:00,501203102,10,0,9,1,0
05:50:00,501203104,13,2,5,1,0
05:50:00,501203105,6,2,5,1,0
05:50:00,501203107,0,0,0,2,0
05:50:00,501203109,3,0,23,1,0
05:50:00,501203110,2,1,39,1,0
05:50:00,501203111,8,2,3,1,0
05:50:00,501203113,7,0,11,1,0
05:50:00,501203114,11,1,39,1,0
05:50:00,501203117,0,0,0,2,0
05:50:00,501203118,9,1,10,1,0
05:50:00,501203121,19,2,5,1,0
05:50:00,501203122,13,1,7,1,0
05:50:00,501203125,8,1,17,1,0
05:50:00,501203131,10,2,10,1,0
05:50:00,501203140,18,0,23,1,0
05:50:00,501203141,5,1,11,1,0
05:50:00,501203142,16,6,58,1,0
05:50:00,501203145,10,0,5,1,0
05:50:00,501203151,2,0,16,1,0
05:50:00,501203155,5,1,14,1,0
05:50:00,501203157,1,0,16,1,0
05:50:00,501203159,2,1,18,1,0
05:50:00,501203161,1,0,17,1,0
05:50:00,501203162,13,0,8,1,0
05:50:00,501203163,13,2,3,1,0
05:50:00,501204001,5,1,20,1,0
05:50:00,501204002,1,0,34,1,0
05:50:00,501204003,14,0,28,1,0
05:50:00,501204004,4,0,10,1,0
05:50:00,501204005,11,4,9,1,0
05:50:00,501204007,2,0,34,1,0
05:50:00,501204008,2,0,12,1,0
05:50:00,501204009,0,0,0,2,0
05:50:00,501204010,0,0,0,2,0
05:50:00,501204011,2,0,13,1,0
05:50:00,501204012,7,0,7,1,0
05:50:00,501204013,7,0,7,1,0
05:50:00,501204014,10,0,6,1,0
05:50:00,501204015,9,0,6,1,0
05:50:00,501204016,4,0,16,1,0
05:50:00,501204017,5,0,10,1,0
05:50:00,501204018,10,0,14,1,0
05:50:00,501204020,2,2,18,1,0
05:50:00,501204021,5,0,15,1,0
05:50:00,501204022,3,0,13,1,0
05:50:00,501204023,11,3,4,1,0
05:50:00,501204024,0,0,0,2,0
05:50:00,501204025,14,0,5,1,0
05:50:00,501205001,9,0,8,1,0
05:50:00,501205003,15,1,4,1,0
05:50:00,501205004,8,3,8,1,0
05:50:00,501205005,9,1,13,1,0
05:50:00,501205006,11,0,9,1,0
05:50:00,501205007,3,0,9,1,0
05:50:00,501205008,15,2,11,1,0
05:50:00,501205009,2,0,43,1,0
05:50:00,501205010,5,0,9,1,0
05:50:00,501205011,1,1,30,1,0
05:50:00,501205012,6,0,14,1,0
05:50:00,501205013,4,0,17,1,0
05:50:00,501205014,16,7,7,1,0
05:50:00,501205015,4,1,13,1,0
05:50:00,501205018,4,0,13,1,0
05:50:00,501205019,12,1,16,1,0
05:50:00,501205020,1,1,29,1,0
05:50:00,501205021,8,2,7,1,0
05:50:00,501205022,11,2,4,1,0
05:50:00,501205023,6,0,8,1,0
05:50:00,501205025,16,0,12,1,0
05:50:00,501205026,7,0,12,1,0
05:50:00,501205027,1,0,9,1,0
05:50:00,501205028,8,1,7,1,0
05:50:00,501205029,9,0,1,1,0
05:50:00,501205030,8,0,2,1,0
05:50:00,501205033,4,0,11,1,0
05:50:00,501205034,12,0,16,1,0
05:50:00,501205035,11,3,5,1,0
05:50:00,501205036,5,1,10,1,0
05:50:00,501205037,3,1,13,1,0
05:50:00,501205038,8,0,12,1,0
05:50:00,501205039,7,0,13,1,0
05:50:00,501205040,13,0,12,1,0
05:50:00,501205041,6,0,11,1,0
05:50:00,501205042,4,0,25,1,0
05:50:00,501208011,27,3,9,1,0
05:50:00,501208013,38,1,16,1,0
05:50:00,501208014,16,0,22,1,0
05:50:00,501208015,5,0,9,1,0
05:50:00,501208018,2,0,12,1,0
05:50:00,501208021,8,0,9,1,0
05:50:00,501208027,6,0,23,1,0
05:50:00,501208029,16,3,6,1,0
05:50:00,501208030,17,0,21,1,0
05:50:00,501208032,3,1,25,1,0
05:50:00,501208040,8,1,11,1,0
05:50:00,501208041,3,0,12,1,0
05:50:00,501208045,2,1,29,1,0
05:50:00,501208051,3,0,32,1,0
05:50:00,501208053,15,0,6,1,0
05:50:00,501208054,1,0,27,1,0
05:50:00,501208059,1,0,26,1,0
05:50:00,501208064,3,0,17,1,0
05:50:00,501208077,9,1,1,1,0
05:50:00,501208079,2,0,19,1,0
05:50:00,501208082,3,0,7,1,0
05:50:00,501208085,12,1,5,1,0
05:50:00,501208087,15,0,16,1,0
05:50:00,501208089,17,1,8,1,0
05:50:00,501208091,4,1,39,1,0
05:50:00,501208111,9,1,6,1,0
05:50:00,501208113,7,0,13,1,0
05:50:00,501208114,5,0,15,1,0
05:50:00,501208129,8,0,15,1,0
05:50:00,501208130,1,0,14,1,0
05:50:00,501209002,15,0,5,1,0
05:50:00,501209003,5,1,9,1,0
05:50:00,501209004,6,0,8,1,0
05:50:00,501209005,3,2,15,1,0
05:50:00,501209006,8,2,11,1,0
05:50:00,501209007,11,2,4,1,0
05:50:00,501209009,0,0,0,2,0
05:50:00,501209010,7,0,7,1,0
05:50:00,501209011,3,0,22,1,0
05:50:00,501209014,5,0,7,1,0
05:50:00,501209015,12,3,3,1,0
05:50:00,501209016,2,2,27,1,0
05:50:00,501209017,7,0,6,1,0
05:50:00,501209018,8,1,9,1,0
05:50:00,501209019,5,2,20,1,0
05:50:00,501209020,5,0,26,1,0
05:50:00,501209021,3,0,11,1,0
05:50:00,501209022,4,0,6,1,0
05:50:00,501209023,20,1,22,1,0
05:50:00,501209024,7,0,35,1,0
05:50:00,501209025,2,0,13,1,0
05:50:00,501209026,19,1,6,1,0
05:50:00,501209027,6,0,13,1,0
05:50:00,501209028,1,0,27,1,0
05:50:00,501209030,11,0,7,1,0
05:50:00,501209031,7,0,23,1,0
05:50:00,501209032,3,0,25,1,0
05:50:00,501209033,9,3,11,1,0
05:50:00,501209034,6,0,9,1,0
05:50:00,501209035,2,0,26,1,0
05:50:00,501209036,8,2,21,1,0
05:50:00,501209037,12,2,24,1,0
05:50:00,501209038,13,1,2,1,0
05:50:00,501209039,7,0,23,1,0
05:50:00,501209040,2,0,29,1,0
05:50:00,501209042,5,1,15,1,0
05:50:00,501209043,8,0,16,1,0
05:50:00,501209044,12,4,3,1,0
05:50:00,501209045,7,0,8,1,0
05:50:00,501209046,5,2,17,1,0
05:50:00,501209047,8,3,6,1,0
05:50:00,501209049,1,0,19,1,0
05:50:00,501209050,12,4,1,1,0
05:50:00,501209051,4,0,20,1,0
05:50:00,501209052,3,0,17,1,0
05:50:00,501209053,2,1,18,1,0
05:50:00,501209054,6,1,20,1,0
05:50:00,501209056,13,0,2,1,0
05:50:00,501209058,14,3,2,1,0
05:50:00,501209059,3,0,12,1,0
05:50:00,501209060,14,3,6,1,0
05:50:00,501209062,2,0,13,1,0
05:50:00,501209064,8,0,7,1,0
05:50:00,501209065,4,0,11,1,0
05:50:00,501209066,9,2,5,1,0
05:50:00,501209067,9,0,5,1,0
05:50:00,501209068,4,1,13,1,0
05:50:00,501209069,5,1,58,1,0
05:50:00,501209070,4,0,13,1,0
05:50:00,501209071,2,0,15,1,0
05:50:00,501209073,11,3,4,1,0
05:50:00,501209074,17,0,6,1,0
05:50:00,501209075,7,0,7,1,0
05:50:00,501209076,2,0,21,1,0
05:50:00,501209077,4,1,11,1,0
05:50:00,501209078,7,2,6,1,0
05:50:00,501209079,5,0,20,1,0
05:50:00,501209080,3,0,23,1,0
05:50:00,501209081,9,2,6,1,0
05:50:00,501209084,2,0,21,1,0
05:50:00,501209085,12,1,14,1,0
05:50:00,501209087,4,1,35,1,0
05:50:00,501209088,7,1,8,1,0
05:50:00,501209089,1,0,19,1,0
05:50:00,501209090,13,1,1,1,0
05:50:00,501209091,1,1,15,1,0
05:50:00,501209092,5,0,11,1,0
05:50:00,501209093,9,0,6,1,0
05:50:00,501209094,11,2,5,1,0
05:50:00,501209095,5,2,9,1,0
05:50:00,501209096,10,1,3,1,0
05:50:00,501209097,5,2,10,1,0
05:50:00,501209098,5,1,10,1,0
05:50:00,501209099,5,0,15,1,0
05:50:00,501209100,12,0,1,1,0
05:50:00,501209101,5,0,10,1,0
05:50:00,501209102,2,0,18,1,0
05:50:00,501209104,6,0,13,1,0
05:50:00,501209105,16,1,9,1,0
05:50:00,501209106,5,2,15,1,0
05:50:00,501211001,27,7,10,1,0
05:50:00,501211002,6,0,9,1,0
05:50:00,501211004,5,1,10,1,0
05:50:00,501211005,3,1,16,1,0
05:50:00,501211006,4,0,12,1,0
05:50:00,501211007,5,0,14,1,0
05:50:00,501211009,9,0,9,1,0
05:50:00,501211011,16,1,14,1,0
05:50:00,501211012,8,1,10,1,0
06:00:00,501201001,0,0,0,2,0
06:00:00,501201002,19,0,21,1,0
06:00:00,501201003,5,0,18,1,0
06:00:00,501201004,11,0,3,1,0
06:00:00,501201005,9,0,10,1,0
06:00:00,501201006,10,0,18,1,0
06:00:00,501201007,8,0,11,1,0
06:00:00,501201008,9,2,16,1,0
06:00:00,501201010,1,0,9,1,0
06:00:00,501201011,5,0,16,1,0
06:00:00,501201012,24,2,16,1,0
06:00:00,501201013,6,0,16,1,0
06:00:00,501201014,13,0,6,1,0
06:00:00,501201015,4,1,21,1,0
06:00:00,501201016,16,2,9,1,0
06:00:00,501201017,6,0,21,1,0
06:00:00,501201018,8,0,16,1,0
06:00:00,501201019,18,1,10,1,0
06:00:00,501201020,6,0,18,1,0
06:00:00,501201021,8,0,7,1,0
06:00:00,501201022,6,0,10,1,0
06:00:00,501201023,1,0,27,1,0
06:00:00,501201024,10,0,13,1,0
06:00:00,501201025,7,1,17,1,0
06:00:00,501201026,13,0,6,1,0
06:00:00,501201028,7,2,12,1,0
06:00:00,501201029,5,0,8,1,0
06:00:00,501201030,7,0,7,1,0
06:00:00,501201031,6,1,11,1,0
06:00:00,501202001,1,0,13,1,0
06:00:00,501202003,4,1,36,1,0
06:00:00,501202013,8,0,9,1,0
06:00:00,501202023,8,0,5,1,0
06:00:00,501202024,5,0,10,1,0
06:00:00,501202034,8,4,7,1,0
06:00:00,501202035,12,0,16,1,0
06:00:00,501202036,21,1,18,1,0
06:00:00,501202040,2,0,43,1,0
06:00:00,501202043,14,2,11,1,0
06:00:00,501202044,0,0,0,2,0
06:00:00,501202047,1,0,21,1,0
06:00:00,501202050,8,1,8,1,0
06:00:00,501202055,12,0,3,1,0
06:00:00,501202058,8,0,7,1,0
06:00:00,501202065,14,1,1,1,0
06:00:00,501202068,6,1,12,1,0
06:00:00,501202070,10,0,6,1,0
06:00:00,501202078,7,0,18,1,0
06:00:00,501202080,5,0,21,1,0
06:00:00,501202081,17,1,6,1,0
06:00:00,501202082,2,1,19,1,0
06:00:00,501202083,6,0,17,1,0
06:00:00,501202084,5,1,19,1,0
06:00:00,501202085,10,1,25,1,0
06:00:00,501202088,3,0,27,1,0
06:00:00,501202089,3,0,26,1,0
06:00:00,501202096,9,3,5,1,0
06:00:00,501203001,0,0,20,1,0
06:00:00,501203002,8,0,14,1,0
06:00:00,501203003,8,0,86,1,0
06:00:00,501203005,2,0,18,1,0
06:00:00,501203006,1,0,14,1,0
06:00:00,501203007,13,0,2,1,0
06:00:00,501203008,5,0,11,1,0
06:00:00,501203010,16,1,17,1,0
06:00:00,501203011,30,9,7,1,0
06:00:00,501203012,5,2,11,1,0
06:00:00,501203013,10,4,14,1,0
06:00:00,501203015,7,0,5,1,0
06:00:00,501203020,14,1,6,1,0
06:00:00,501203022,7,1,11,1,0
06:00:00,501203023,6,0,12,1,0
06:00:00,501203028,9,0,16,1,0
06:00:00,501203040,7,2,15,1,0
06:00:00,501203045,5,0,13,1,0
06:00:00,501203050,28,1,32,1,0
06:00:00,501203051,11,5,13,1,0
06:00:00,501203053,6,0,20,1,0
06:00:00,501203054,8,1,14,1,0
06:00:00,501203064,12,0,3,1,0
06:00:00,501203065,0,0,16,1,0
06:00:00,501203070,5,1,10,1,0
06:00:00,501203073,4,0,20,1,0
06:00:00,501203076,5,0,11,1,0
06:00:00,501203078,12,2,4,1,0
06:00:00,501203080,7,0,8,1,0
06:00:00,501203084,4,0,7,1,0
06:00:00,501203085,5,1,5,1,0
06:00:00,501203088,4,0,10,1,0
06:00:00,501203089,1,0,11,1,0
06:00:00,501203090,6,1,3,1,0
06:00:00,501203091,9,2,4,1,0
06:00:00,501203092,4,0,16,1,0
06:00:00,501203100,2,0,17,1,0
06:00:00,501203101,0,0,0,2,0
06:00:00,501203102,10,0,9,1,0
06:00:00,501203104,13,2,5,1,0
06:00:00,501203105,6,2,5,1,0
06:00:00,501203107,0,0,0,2,0
06:00:00,501203109,2,0,24,1,0
06:00:00,501203110,2,1,39,1,0
06:00:00,501203111,7,1,4,1,0
06:00:00,501203113,7,0,11,1,0
06:00:00,501203114,10,1,40,1,0
06:00:00,501203117,0,0,0,2,0
06:00:00,501203118,7,0,12,1,0
06:00:00,501203121,18,2,6,1,0
06:00:00,501203122,14,1,6,1,0
06:00:00,501203125,8,1,17,1,0
06:00:00,501203131,10,2,10,1,0
06:00:00,501203140,18,0,23,1,0
06:00:00,501203141,5,1,11,1,0
06:00:00,501203142,17,6,57,1,0
06:00:00,501203145,11,1,4,1,0
06:00:00,501203151,0,0,18,1,0
06:00:00,501203155,5,1,14,1,0
06:00:00,501203157,1,0,16,1,0
06:00:00,501203159,2,1,18,1,0
06:00:00,501203161,1,0,17,1,0
06:00:00,501203162,13,0,8,1,0
06:00:00,501203163,13,2,3,1,0
06:00:00,501204001,5,1,20,1,0
06:00:00,501204002,1,0,34,1,0
06:00:00,501204003,14,0,28,1,0
06:00:00,501204004,4,0,10,1,0
06:00:00,501204005,10,3,10,1,0
06:00:00,501204007,3,0,33,1,0
06:00:00,501204008,2,0,12,1,0
06:00:00,501204009,0,0,0,2,0
06:00:00,501204010,0,0,0,2,0
06:00:00,501204011,2,0,13,1,0
06:00:00,501204012,6,0,8,1,0
06:00:00,501204013,7,0,7,1,0
06:00:00,501204014,11,1,5,1,0
06:00:00,501204015,9,0,6,1,0
06:00:00,501204016,4,0,16,1,0
06:00:00,501204017,5,0,10,1,0
06:00:00,501204018,10,0,14,1,0
06:00:00,501204020,2,2,18,1,0
06:00:00,501204021,5,0,15,1,0
06:00:00,501204022,3,0,13,1,0
06:00:00,501204023,11,3,4,1,0
06:00:00,501204024,0,0,0,2,0
06:00:00,501204025,14,0,5,1,0
06:00:00,501205001,9,0,8,1,0
06:00:00,501205003,15,1,4,1,0
06:00:00,501205004,8,3,8,1,0
06:00:00,501205005,9,1,13,1,0
06:00:00,501205006,10,0,10,1,0
06:00:00,501205007,3,0,9,1,0
06:00:00,501205008,15,2,11,1,0
06:00:00,501205009,3,1,42,1,0
06:00:00,501205010,5,0,9,1,0
06:00:00,501205011,1,1,30,1,0
06:00:00,501205012,4,0,16,1,0
06:00:00,501205013,4,0,17,1,0
06:00:00,501205014,15,6,8,1,0
06:00:00,501205015,4,1,13,1,0
06:00:00,501205018,4,0,13,1,0
06:00:00,501205019,12,1,16,1,0
06:00:00,501205020,1,1,29,1,0
06:00:00,501205021,8,2,7,1,0
06:00:00,501205022,11,2,4,1,0
06:00:00,501205023,6,0,8,1,0
06:00:00,501205025,16,0,12,1,0
06:00:00,501205026,7,0,12,1,0
06:00:00,501205027,1,0,9,1,0
06:00:00,501205028,8,1,7,1,0
06:00:00,501205029,9,0,1,1,0
06:00:00,501205030,8,0,2,1,0
06:00:00,501205033,4,0,11,1,0
06:00:00,501205034,11,0,17,1,0
06:00:00,501205035,11,3,5,1,0
06:00:00,501205036,4,0,11,1,0
06:00:00,501205037,4,2,12,1,0
06:00:00,501205038,8,0,12,1,0
06:00:00,501205039,8,0,12,1,0
06:00:00,501205040,13,0,12,1,0
06:00:00,501205041,6,0,11,1,0
06:00:00,501205042,4,0,25,1,0
06:00:00,501208011,27,3,9,1,0
06:00:00,501208013,38,1,16,1,0
06:00:00,501208014,16,0,22,1,0
06:00:00,501208015,5,0,9,1,0
06:00:00,501208018,2,0,12,1,0
06:00:00,501208021,8,0,9,1,0
06:00:00,501208027,6,0,23,1,0
06:00:00,501208029,16,2,6,1,0
06:00:00,501208030,17,0,21,1,0
06:00:00,501208032,3,1,25,1,0
06:00:00,501208040,8,1,11,1,0
06:00:00,501208041,3,0,12,1,0
06:00:00,501208045,2,1,29,1,0
06:00:00,501208051,3,0,32,1,0
06:00:00,501208053,14,0,7,1,0
06:00:00,501208054,1,0,27,1,0
06:00:00,501208059,1,0,26,1,0
06:00:00,501208064,4,0,16,1,0
06:00:00,501208077,9,1,1,1,0
06:00:00,501208079,2,0,19,1,0
06:00:00,501208082,3,0,7,1,0
06:00:00,501208085,12,1,5,1,0
06:00:00,501208087,15,0,16,1,0
06:00:00,501208089,17,1,8,1,0
06:00:00,501208091,4,1,39,1,0
06:00:00,501208111,9,1,6,1,0
06:00:00,501208113,7,0,13,1,0
06:00:00,501208114,5,0,15,1,0
06:00:00,501208129,8,0,15,1,0
06:00:00,501208130,1,0,14,1,0
06:00:00,501209002,15,0,5,1,0
06:00:00,501209003,5,1,9,1,0
06:00:00,501209004,6,0,8,1,0
06:00:00,501209005,5,2,13,1,0
06:00:00,501209006,8,2,11,1,0
06:00:00,501209007,11,2,4,1,0
06:00:00,501209009,0,0,0,2,0
06:00:00,501209010,8,0,6,1,0
06:00:00,501209011,3,0,22,1,0
06:00:00,501209014,5,0,7,1,0
06:00:00,501209015,12,3,3,1,0
06:00:00,501209016,2,2,27,1,0
06:00:00,501209017,7,0,6,1,0
06:00:00,501209018,10,1,7,1,0
06:00:00,501209019,5,2,20,1,0
06:00:00,501209020,5,0,26,1,0
06:00:00,501209021,3,0,11,1,0
06:00:00,501209022,4,0,6,1,0
06:00:00,501209023,20,1,22,1,0
06:00:00,501209024,8,0,34,1,0
06:00:00,501209025,2,0,13,1,0
06:00:00,501209026,19,1,6,1,0
06:00:00,501209027,7,1,12,1,0
06:00:00,501209028,1,0,27,1,0
06:00:00,501209030,11,0,7,1,0
06:00:00,501209031,7,0,23,1,0
06:00:00,501209032,3,0,25,1,0
06:00:00,501209033,9,3,11,1,0
06:00:00,501209034,6,0,9,1,0
06:00:00,501209035,2,0,26,1,0
06:00:00,501209036,7,1,22,1,0
06:00:00,501209037,12,2,24,1,0
06:00:00,501209038,13,1,2,1,0
06:00:00,501209039,7,0,23,1,0
06:00:00,501209040,2,0,29,1,0
06:00:00,501209042,5,1,15,1,0
06:00:00,501209043,8,0,16,1,0
06:00:00,501209044,12,4,3,1,0
06:00:00,501209045,7,0,8,1,0
06:00:00,501209046,5,2,17,1,0
06:00:00,501209047,8,3,6,1,0
06:00:00,501209049,1,0,19,1,0
06:00:00,501209050,12,4,1,1,0
06:00:00,501209051,4,0,20,1,0
06:00:00,501209052,3,0,17,1,0
06:00:00,501209053,2,1,18,1,0
06:00:00,501209054,6,1,20,1,0
06:00:00,501209056,13,0,2,1,0
06:00:00,501209058,14,3,2,1,0
06:00:00,501209059,3,0,12,1,0
06:00:00,501209060,14,3,6,1,0
06:00:00,501209062,2,0,13,1,0
06:00:00,501209064,9,0,6,1,0
06:00:00,501209065,4,0,11,1,0
06:00:00,501209066,9,2,5,1,0
06:00:00,501209067,9,0,5,1,0
06:00:00,501209068,4,1,13,1,0
06:00:00,501209069,5,1,58,1,0
06:00:00,501209070,4,0,13,1,0
06:00:00,501209071,2,0,15,1,0
06:00:00,501209073,11,3,4,1,0
06:00:00,501209074,17,0,6,1,0
06:00:00,501209075,7,0,7,1,0
06:00:00,501209076,2,0,21,1,0
06:00:00,501209077,4,1,11,1,0
06:00:00,501209078,7,2,6,1,0
06:00:00,501209079,5,0,20,1,0
06:00:00,501209080,4,1,22,1,0
06:00:00,501209081,10,3,5,1,0
06:00:00,501209084,2,0,21,1,0
06:00:00,501209085,12,1,14,1,0
06:00:00,501209087,4,1,35,1,0
06:00:00,501209088,7,1,8,1,0
06:00:00,501209089,1,0,19,1,0
06:00:00,501209090,12,0,2,1,0
06:00:00,501209091,1,1,15,1,0
06:00:00,501209092,5,0,11,1,0
06:00:00,501209093,9,0,6,1,0
06:00:00,501209094,11,2,5,1,0
06:00:00,501209095,5,2,9,1,0
06:00:00,501209096,10,1,3,1,0
06:00:00,501209097,5,2,10,1,0
06:00:00,501209098,5,1,10,1,0
06:00:00,501209099,5,0,15,1,0
06:00:00,501209100,12,0,1,1,0
06:00:00,501209101,5,0,10,1,0
06:00:00,501209102,2,0,18,1,0
06:00:00,501209104,6,0,13,1,0
06:00:00,501209105,16,1,9,1,0
06:00:00,501209106,5,2,15,1,0
06:00:00,501211001,27,7,10,1,0
06:00:00,501211002,6,0,9,1,0
06:00:00,501211004,5,1,10,1,0
06:00:00,501211005,3,0,16,1,0
06:00:00,501211006,4,0,12,1,0
06:00:00,501211007,5,0,14,1,0
06:00:00,501211009,9,0,9,1,0
06:00:00,501211011,16,1,14,1,0
06:00:00,501211012,8,1,10,1,0
06:10:00,501201001,0,0,0,2,0
06:10:00,501201002,19,0,21,1,0
06:10:00,501201003,5,0,18,1,0
06:10:00,501201004,11,0,3,1,0
06:10:00,501201005,9,0,10,1,0
06:10:00,501201006,11,1,17,1,0
06:10:00,501201007,8,0,11,1,0
06:10:00,501201008,9,2,16,1,0
06:10:00,501201010,1,0,9,1,0
06:10:00,501201011,6,1,15,1,0
06:10:00,501201012,24,2,16,1,0
06:10:00,501201013,6,0,16,1,0
06:10:00,501201014,13,0,6,1,0
06:10:00,501201015,5,2,20,1,0
06:10:00,501201016,16,2,9,1,0
06:10:00,501201017,7,1,20,1,0
06:10:00,501201018,8,0,16,1,0
06:10:00,501201019,18,1,10,1,0
06:10:00,501201020,6,0,18,1,0
06:10:00,501201021,10,0,5,1,0
06:10:00,501201022,5,0,11,1,0
06:10:00,501201023,1,0,27,1,0
06:10:00,501201024,10,0,13,1,0
06:10:00,501201025,6,1,18,1,0
06:10:00,501201026,13,0,6,1,0
06:10:00,501201028,7,2,12,1,0
06:10:00,501201029,5,0,8,1,0
06:10:00,501201030,7,0,7,1,0
06:10:00,501201031,7,1,10,1,0
06:10:00,501202001,1,0,13,1,0
06:10:00,501202003,3,0,37,1,0
06:10:00,501202013,8,0,9,1,0
06:10:00,501202023,8,0,5,1,0
06:10:00,501202024,4,0,11,1,0
06:10:00,501202034,8,4,7,1,0
06:10:00,501202035,13,1,16,1,0
06:10:00,501202036,21,1,18,1,0
06:10:00,501202040,3,1,42,1,0
06:10:00,501202043,14,2,11,1,0
06:10:00,501202044,0,0,0,2,0
06:10:00,501202047,1,0,21,1,0
06:10:00,501202050,8,1,8,1,0
06:10:00,501202055,12,0,3,1,0
06:10:00,501202058,9,0,6,1,0
06:10:00,501202065,14,1,1,1,0
06:10:00,501202068,6,1,12,1,0
06:10:00,501202070,10,0,6,1,0
06:10:00,501202078,7,0,18,1,0
06:10:00,501202080,5,0,21,1,0
06:10:00,501202081,18,2,5,1,0
06:10:00,501202082,2,1,19,1,0
06:10:00,501202083,6,0,17,1,0
06:10:00,501202084,4,1,20,1,0
06:10:00,501202085,10,1,25,1,0
06:10:00,501202088,2,0,28,1,0
06:10:00,501202089,3,0,26,1,0
06:10:00,501202096,8,3,6,1,0
06:10:00,501203001,0,0,20,1,0
06:10:00,501203002,8,0,14,1,0
06:10:00,501203003,8,0,86,1,0
06:10:00,501203005,2,0,18,1,0
06:10:00,501203006,1,0,14,1,0
06:10:00,501203007,13,0,2,1,0
06:10:00,501203008,6,0,10,1,0
06:10:00,501203010,16,1,17,1,0
06:10:00,501203011,30,9,7,1,0
06:10:00,501203012,5,2,11,1,0
06:10:00,501203013,11,4,13,1,0
06:10:00,501203015,5,0,7,1,0
06:10:00,501203020,14,1,6,1,0
06:10:00,501203022,7,0,11,1,0
06:10:00,501203023,5,0,13,1,0
06:10:00,501203028,9,0,16,1,0
06:10:00,501203040,7,1,15,1,0
06:10:00,501203045,0,0,18,1,0
06:10:00,501203050,40,3,20,1,0
06:10:00,501203051,11,5,13,1,0
06:10:00,501203053,6,0,20,1,0
06:10:00,501203054,8,1,14,1,0
06:10:00,501203064,12,0,3,1,0
06:10:00,501203065,0,0,16,1,0
06:10:00,501203070,5,1,10,1,0
06:10:00,501203073,4,0,20,1,0
06:10:00,501203076,5,0,11,1,0
06:10:00,501203078,12,2,4,1,0
06:10:00,501203080,7,0,8,1,0
06:10:00,501203084,3,0,8,1,0
06:10:00,501203085,5,1,5,1,0
06:10:00,501203088,4,0,10,1,0
06:10:00,501203089,1,0,11,1,0
06:10:00,501203090,6,1,3,1,0
06:10:00,501203091,10,3,3,1,0
06:10:00,501203092,4,0,16,1,0
06:10:00,501203100,2,0,17,1,0
06:10:00,501203101,0,0,0,2,0
06:10:00,501203102,10,0,9,1,0
06:10:00,501203104,13,2,5,1,0
06:10:00,501203105,6,2,5,1,0
06:10:00,501203107,0,0,0,2,0
06:10:00,501203109,2,0,24,1,0
06:10:00,501203110,2,1,39,1,0
06:10:00,501203111,7,1,4,1,0
06:10:00,501203113,7,0,11,1,0
06:10:00,501203114,9,1,41,1,0
06:10:00,501203117,0,0,0,2,0
06:10:00,501203118,2,0,17,1,0
06:10:00,501203121,19,2,5,1,0
06:10:00,501203122,14,1,6,1,0
06:10:00,501203125,6,0,19,1,0
06:10:00,501203131,10,2,10,1,0
06:10:00,501203140,19,0,22,1,0
06:10:00,501203141,5,1,11,1,0
06:10:00,501203142,19,7,55,1,0
06:10:00,501203145,10,0,5,1,0
06:10:00,501203151,0,0,18,1,0
06:10:00,501203155,5,1,14,1,0
06:10:00,501203157,2,1,15,1,0
06:10:00,501203159,2,1,18,1,0
06:10:00,501203161,1,0,17,1,0
06:10:00,501203162,13,0,8,1,0
06:10:00,501203163,13,2,3,1,0
06:10:00,501204001,5,1,20,1,0
06:10:00,501204002,1,0,34,1,0
06:10:00,501204003,14,0,28,1,0
06:10:00,501204004,5,0,9,1,0
06:10:00,501204005,10,3,10,1,0
06:10:00,501204007,3,0,33,1,0
06:10:00,501204008,2,0,12,1,0
06:10:00,501204009,0,0,0,2,0
06:10:00,501204010,0,0,0,2,0
06:10:00,501204011,2,0,13,1,0
06:10:00,501204012,7,0,7,1,0
06:10:00,501204013,7,0,7,1,0
06:10:00,501204014,11,1,5,1,0
06:10:00,501204015,8,0,7,1,0
06:10:00,501204016,4,0,16,1,0
06:10:00,501204017,5,0,10,1,0
06:10:00,501204018,10,0,14,1,0
06:10:00,501204020,2,2,18,1,0
06:10:00,501204021,5,0,15,1,0
06:10:00,501204022,3,0,13,1,0
06:10:00,501204023,11,3,4,1,0
06:10:00,501204024,0,0,0,2,0
06:10:00,501204025,14,0,5,1,0
06:10:00,501205001,9,0,8,1,0
06:10:00,501205003,15,1,4,1,0
06:10:00,501205004,8,3,8,1,0
06:10:00,501205005,9,1,13,1,0
06:10:00,501205006,10,0,10,1,0
06:10:00,501205007,3,0,9,1,0
06:10:00,501205008,15,2,11,1,0
06:10:00,501205009,3,1,42,1,0
06:10:00,501205010,5,0,9,1,0
06:10:00,501205011,1,1,30,1,0
06:10:00,501205012,4,0,16,1,0
06:10:00,501205013,4,0,17,1,0
06:10:00,501205014,15,6,8,1,0
06:10:00,501205015,4,1,13,1,0
06:10:00,501205018,4,0,13,1,0
06:10:00,501205019,12,1,16,1,0
06:10:00,501205020,1,1,29,1,0
06:10:00,501205021,8,2,7,1,0
06:10:00,501205022,11,2,4,1,0
06:10:00,501205023,6,0,8,1,0
06:10:00,501205025,16,0,12,1,0
06:10:00,501205026,7,0,12,1,0
06:10:00,501205027,1,0,9,1,0
06:10:00,501205028,8,1,7,1,0
06:10:00,501205029,9,0,1,1,0
06:10:00,501205030,8,0,2,1,0
06:10:00,501205033,4,0,11,1,0
06:10:00,501205034,11,0,17,1,0
06:10:00,501205035,11,3,5,1,0
06:10:00,501205036,4,0,11,1,0
06:10:00,501205037,4,2,12,1,0
06:10:00,501205038,8,0,12,1,0
06:10:00,501205039,8,0,12,1,0
06:10:00,501205040,13,0,12,1,0
06:10:00,501205041,6,0,11,1,0
06:10:00,501205042,4,0,25,1,0
06:10:00,501208011,27,3,9,1,0
06:10:00,501208013,38,1,16,1,0
06:10:00,501208014,17,0,21,1,0
06:10:00,501208015,5,0,9,1,0
06:10:00,501208018,2,0,12,1,0
06:10:00,501208021,8,0,9,1,0
06:10:00,501208027,6,0,23,1,0
06:10:00,501208029,16,2,6,1,0
06:10:00,501208030,17,0,21,1,0
06:10:00,501208032,3,1,25,1,0
06:10:00,501208040,8,1,11,1,0
06:10:00,501208041,3,0,12,1,0
06:10:00,501208045,2,1,29,1,0
06:10:00,501208051,3,0,32,1,0
06:10:00,501208053,14,0,7,1,0
06:10:00,501208054,1,0,27,1,0
06:10:00,501208059,1,0,26,1,0
06:10:00,501208064,4,0,16,1,0
06:10:00,501208077,8,0,2,1,0
06:10:00,501208079,2,0,19,1,0
06:10:00,501208082,1,0,9,1,0
06:10:00,501208085,12,1,5,1,0
06:10:00,501208087,15,0,16,1,0
06:10:00,501208089,15,1,10,1,0
06:10:00,501208091,4,1,39,1,0
06:10:00,501208111,9,1,6,1,0
06:10:00,501208113,7,0,13,1,0
06:10:00,501208114,5,0,15,1,0
06:10:00,501208129,8,0,15,1,0
06:10:00,501208130,1,0,14,1,0
06:10:00,501209002,14,0,6,1,0
06:10:00,501209003,5,1,9,1,0
06:10:00,501209004,6,0,8,1,0
06:10:00,501209005,9,2,9,1,0
06:10:00,501209006,8,2,11,1,0
06:10:00,501209007,11,2,4,1,0
06:10:00,501209009,0,0,0,2,0
06:10:00,501209010,8,0,6,1,0
06:10:00,501209011,4,0,21,1,0
06:10:00,501209014,5,0,7,1,0
06:10:00,501209015,12,3,3,1,0
06:10:00,501209016,2,2,27,1,0
06:10:00,501209017,7,0,6,1,0
06:10:00,501209018,8,1,9,1,0
06:10:00,501209019,5,2,20,1,0
06:10:00,501209020,5,0,26,1,0
06:10:00,501209021,3,0,11,1,0
06:10:00,501209022,4,0,6,1,0
06:10:00,501209023,20,1,22,1,0
06:10:00,501209024,7,0,35,1,0
06:10:00,501209025,2,0,13,1,0
06:10:00,501209026,19,0,6,1,0
06:10:00,501209027,7,1,12,1,0
06:10:00,501209028,1,0,27,1,0
06:10:00,501209030,11,0,7,1,0
06:10:00,501209031,7,0,23,1,0
06:10:00,501209032,3,0,25,1,0
06:10:00,501209033,9,3,11,1,0
06:10:00,501209034,6,0,9,1,0
06:10:00,501209035,2,0,26,1,0
06:10:00,501209036,7,1,22,1,0
06:10:00,501209037,12,2,24,1,0
06:10:00,501209038,13,1,2,1,0
06:10:00,501209039,7,0,23,1,0
06:10:00,501209040,0,0,31,1,0
06:10:00,501209042,5,1,15,1,0
06:10:00,501209043,7,0,17,1,0
06:10:00,501209044,12,4,3,1,0
06:10:00,501209045,7,0,8,1,0
06:10:00,501209046,4,1,18,1,0
06:10:00,501209047,8,3,6,1,0
06:10:00,501209049,1,0,19,1,0
06:10:00,501209050,12,4,1,1,0
06:10:00,501209051,4,0,20,1,0
06:10:00,501209052,3,0,17,1,0
06:10:00,501209053,2,1,18,1,0
06:10:00,501209054,5,1,21,1,0
06:10:00,501209056,13,0,2,1,0
06:10:00,501209058,14,3,2,1,0
06:10:00,501209059,3,0,12,1,0
06:10:00,501209060,14,3,6,1,0
06:10:00,501209062,2,0,13,1,0
06:10:00,501209064,9,0,6,1,0
06:10:00,501209065,4,0,11,1,0
06:10:00,501209066,9,2,5,1,0
06:10:00,501209067,9,0,5,1,0
06:10:00,501209068,4,1,13,1,0
06:10:00,501209069,4,1,59,1,0
06:10:00,501209070,4,0,13,1,0
06:10:00,501209071,3,0,14,1,0
06:10:00,501209073,11,3,4,1,0
06:10:00,501209074,17,0,6,1,0
06:10:00,501209075,9,0,5,1,0
06:10:00,501209076,2,0,21,1,0
06:10:00,501209077,4,1,11,1,0
06:10:00,501209078,7,2,6,1,0
06:10:00,501209079,5,0,20,1,0
06:10:00,501209080,5,1,21,1,0
06:10:00,501209081,10,3,5,1,0
06:10:00,501209084,2,0,21,1,0
06:10:00,501209085,12,1,14,1,0
06:10:00,501209087,3,1,36,1,0
06:10:00,501209088,7,1,8,1,0
06:10:00,501209089,1,0,19,1,0
06:10:00,501209090,12,0,2,1,0
06:10:00,501209091,1,1,15,1,0
06:10:00,501209092,4,0,12,1,0
06:10:00,501209093,9,0,6,1,0
06:10:00,501209094,11,2,5,1,0
06:10:00,501209095,5,2,9,1,0
06:10:00,501209096,10,1,3,1,0
06:10:00,501209097,5,2,10,1,0
06:10:00,501209098,5,1,10,1,0
06:10:00,501209099,5,0,15,1,0
06:10:00,501209100,12,0,1,1,0
06:10:00,501209101,5,0,10,1,0
06:10:00,501209102,2,0,18,1,0
06:10:00,501209104,5,0,14,1,0
06:10:00,501209105,15,1,10,1,0
06:10:00,501209106,5,2,15,1,0
06:10:00,501211001,27,7,10,1,0
06:10:00,501211002,6,0,9,1,0
06:10:00,501211004,5,1,10,1,0
06:10:00,501211005,3,0,16,1,0
06:10:00,501211006,4,0,12,1,0
06:10:00,501211007,5,0,14,1,0
06:10:00,501211009,9,0,9,1,0
06:10:00,501211011,15,1,15,1,0
06:10:00,501211012,8,1,10,1,0
06:20:00,501201001,0,0,0,2,0
06:20:00,501201002,19,0,21,1,0
06:20:00,501201003,5,0,18,1,0
06:20:00,501201004,11,0,3,1,0
06:20:00,501201005,9,0,10,1,0
06:20:00,501201006,12,2,16,1,0
06:20:00,501201007,8,0,11,1,0
06:20:00,501201008,9,2,16,1,0
06:20:00,501201010,1,0,9,1,0
06:20:00,501201011,6,1,15,1,0
06:20:00,501201012,24,2,16,1,0
06:20:00,501201013,6,0,16,1,0
06:20:00,501201014,13,0,6,1,0
06:20:00,501201015,5,2,20,1,0
06:20:00,501201016,16,2,9,1,0
06:20:00,501201017,6,0,21,1,0
06:20:00,501201018,8,0,16,1,0
06:20:00,501201019,18,1,10,1,0
06:20:00,501201020,6,0,18,1,0
06:20:00,501201021,10,0,5,1,0
06:20:00,501201022,5,0,11,1,0
06:20:00,501201023,1,0,27,1,0
06:20:00,501201024,10,0,13,1,0
06:20:00,501201025,6,1,18,1,0
06:20:00,501201026,13,0,6,1,0
06:20:00,501201028,7,2,12,1,0
06:20:00,501201029,7,0,6,1,0
06:20:00,501201030,7,0,7,1,0
06:20:00,501201031,7,1,10,1,0
06:20:00,501202001,1,0,13,1,0
06:20:00,501202003,3,0,37,1,0
06:20:00,501202013,8,0,9,1,0
06:20:00,501202023,6,0,7,1,0
06:20:00,501202024,4,0,11,1,0
06:20:00,501202034,8,4,7,1,0
06:20:00,501202035,13,1,16,1,0
06:20:00,501202036,21,1,18,1,0
06:20:00,501202040,3,1,42,1,0
06:20:00,501202043,13,1,12,1,0
06:20:00,501202044,0,0,0,2,0
06:20:00,501202047,1,0,21,1,0
06:20:00,501202050,7,0,9,1,0
06:20:00,501202055,11,0,4,1,0
06:20:00,501202058,9,0,6,1,0
06:20:00,501202065,14,1,1,1,0
06:20:00,501202068,6,1,12,1,0
06:20:00,501202070,10,0,6,1,0
06:20:00,501202078,7,0,18,1,0
06:20:00,501202080,6,1,20,1,0
06:20:00,501202081,17,1,6,1,0
06:20:00,501202082,3,2,18,1,0
06:20:00,501202083,6,0,17,1,0
06:20:00,501202084,5,2,19,1,0
06:20:00,501202085,10,1,25,1,0
06:20:00,501202088,3,0,27,1,0
06:20:00,501202089,3,0,26,1,0
06:20:00,501202096,8,3,6,1,0
06:20:00,501203001,0,0,20,1,0
06:20:00,501203002,9,0,13,1,0
06:20:00,501203003,9,1,85,1,0
06:20:00,501203005,2,0,18,1,0
06:20:00,501203006,1,0,14,1,0
06:20:00,501203007,12,0,3,1,0
06:20:00,501203008,6,0,10,1,0
06:20:00,501203010,16,1,17,1,0
06:20:00,501203011,30,9,7,1,0
06:20:00,501203012,5,2,11,1,0
06:20:00,501203013,11,4,13,1,0
06:20:00,501203015,5,0,7,1,0
06:20:00,501203020,14,1,6,1,0
06:20:00,501203022,7,0,11,1,0
06:20:00,501203023,5,0,13,1,0
06:20:00,501203028,9,0,16,1,0
06:20:00,501203040,7,1,15,1,0
06:20:00,501203045,0,0,18,1,0
06:20:00,501203050,40,2,20,1,0
06:20:00,501203051,11,4,13,1,0
06:20:00,501203053,6,0,20,1,0
06:20:00,501203054,8,1,14,1,0
06:20:00,501203064,12,0,3,1,0
06:20:00,501203065,7,0,9,1,0
06:20:00,501203070,5,1,10,1,0
06:20:00,501203073,4,0,20,1,0
06:20:00,501203076,5,0,11,1,0
06:20:00,501203078,12,2,4,1,0
06:20:00,501203080,7,0,8,1,0
06:20:00,501203084,3,0,8,1,0
06:20:00,501203085,5,1,5,1,0
06:20:00,501203088,4,0,10,1,0
06:20:00,501203089,1,0,11,1,0
06:20:00,501203090,6,1,3,1,0
06:20:00,501203091,10,3,3,1,0
06:20:00,501203092,4,0,16,1,0
06:20:00,501203100,1,0,18,1,0
06:20:00,501203101,0,0,0,2,0
06:20:00,501203102,10,0,9,1,0
06:20:00,501203104,13,2,5,1,0
06:20:00,501203105,6,2,5,1,0
06:20:00,501203107,0,0,0,2,0
06:20:00,501203109,2,0,24,1,0
06:20:00,501203110,2,1,39,1,0
06:20:00,501203111,7,1,4,1,0
06:20:00,501203113,7,0,11,1,0
06:20:00,501203114,9,1,41,1,0
06:20:00,501203117,0,0,0,2,0
06:20:00,501203118,0,0,19,1,0
06:20:00,501203121,18,2,6,1,0
06:20:00,501203122,14,1,6,1,0
06:20:00,501203125,6,0,19,1,0
06:20:00,501203131,10,2,10,1,0
06:20:00,501203140,19,0,22,1,0
06:20:00,501203141,5,1,11,1,0
06:20:00,501203142,20,7,54,1,0
06:20:00,501203145,10,0,5,1,0
06:20:00,501203151,0,0,18,1,0
06:20:00,501203155,4,1,15,1,0
06:20:00,501203157,2,1,15,1,0
06:20:00,501203159,2,1,18,1,0
06:20:00,501203161,1,0,17,1,0
06:20:00,501203162,13,0,8,1,0
06:20:00,501203163,13,2,3,1,0
06:20:00,501204001,5,1,20,1,0
06:20:00,501204002,1,0,34,1,0
06:20:00,501204003,14,0,28,1,0
06:20:00,501204004,5,0,9,1,0
06:20:00,501204005,10,3,10,1,0
06:20:00,501204007,3,0,33,1,0
06:20:00,501204008,2,0,12,1,0
06:20:00,501204009,0,0,0,2,0
06:20:00,501204010,0,0,0,2,0
06:20:00,501204011,2,0,13,1,0
06:20:00,501204012,6,0,8,1,0
06:20:00,501204013,7,0,7,1,0
06:20:00,501204014,11,1,5,1,0
06:20:00,501204015,9,0,6,1,0
06:20:00,501204016,4,0,16,1,0
06:20:00,501204017,5,0,10,1,0
06:20:00,501204018,10,0,14,1,0
06:20:00,501204020,2,2,18,1,0
06:20:00,501204021,5,0,15,1,0
06:20:00,501204022,3,0,13,1,0
06:20:00,501204023,11,3,4,1,0
06:20:00,501204024,0,0,0,2,0
06:20:00,501204025,14,0,5,1,0
06:20:00,501205001,9,0,8,1,0
06:20:00,501205003,9,1,10,1,0
06:20:00,501205004,8,3,8,1,0
06:20:00,501205005,9,1,13,1,0
06:20:00,501205006,11,0,9,1,0
06:20:00,501205007,3,0,9,1,0
06:20:00,501205008,12,1,14,1,0
06:20:00,501205009,3,1,42,1,0
06:20:00,501205010,5,0,9,1,0
06:20:00,501205011,1,1,30,1,0
06:20:00,501205012,4,0,16,1,0
06:20:00,501205013,4,0,17,1,0
06:20:00,501205014,15,6,8,1,0
06:20:00,501205015,4,1,13,1,0
06:20:00,501205018,4,0,13,1,0
06:20:00,501205019,12,1,16,1,0
06:20:00,501205020,1,1,29,1,0
06:20:00,501205021,8,2,7,1,0
06:20:00,501205022,11,2,4,1,0
06:20:00,501205023,6,0,8,1,0
06:20:00,501205025,15,0,13,1,0
06:20:00,501205026,7,0,12,1,0
06:20:00,501205027,1,0,9,1,0
06:20:00,501205028,8,1,7,1,0
06:20:00,501205029,8,0,2,1,0
06:20:00,501205030,8,0,2,1,0
06:20:00,501205033,4,0,11,1,0
06:20:00,501205034,12,0,16,1,0
06:20:00,501205035,11,3,5,1,0
06:20:00,501205036,4,0,11,1,0
06:20:00,501205037,4,2,12,1,0
06:20:00,501205038,8,0,12,1,0
06:20:00,501205039,8,0,12,1,0
06:20:00,501205040,13,0,12,1,0
06:20:00,501205041,6,0,11,1,0
06:20:00,501205042,4,0,25,1,0
06:20:00,501208011,26,2,10,1,0
06:20:00,501208013,38,1,16,1,0
06:20:00,501208014,16,0,22,1,0
06:20:00,501208015,5,0,9,1,0
06:20:00,501208018,3,0,11,1,0
06:20:00,501208021,8,0,9,1,0
06:20:00,501208027,6,0,23,1,0
06:20:00,501208029,14,1,8,1,0
06:20:00,501208030,17,0,21,1,0
06:20:00,501208032,4,2,24,1,0
06:20:00,501208040,8,1,11,1,0
06:20:00,501208041,3,0,12,1,0
06:20:00,501208045,2,1,29,1,0
06:20:00,501208051,3,0,32,1,0
06:20:00,501208053,14,0,7,1,0
06:20:00,501208054,1,0,27,1,0
06:20:00,501208059,1,0,26,1,0
06:20:00,501208064,5,0,15,1,0
06:20:00,501208077,8,0,2,1,0
06:20:00,501208079,2,0,19,1,0
06:20:00,501208082,1,0,9,1,0
06:20:00,501208085,12,1,5,1,0
06:20:00,501208087,16,0,15,1,0
06:20:00,501208089,15,1,10,1,0
06:20:00,501208091,4,1,39,1,0
06:20:00,501208111,8,1,7,1,0
06:20:00,501208113,7,0,13,1,0
06:20:00,501208114,5,0,15,1,0
06:20:00,501208129,9,0,14,1,0
06:20:00,501208130,1,0,14,1,0
06:20:00,501209002,10,0,10,1,0
06:20:00,501209003,5,1,9,1,0
06:20:00,501209004,6,0,8,1,0
06:20:00,501209005,11,3,7,1,0
06:20:00,501209006,8,2,11,1,0
06:20:00,501209007,11,2,4,1,0
06:20:00,501209009,0,0,0,2,0
06:20:00,501209010,8,0,6,1,0
06:20:00,501209011,4,0,21,1,0
06:20:00,501209014,5,0,7,1,0
06:20:00,501209015,11,3,4,1,0
06:20:00,501209016,2,2,27,1,0
06:20:00,501209017,5,0,8,1,0
06:20:00,501209018,10,2,7,1,0
06:20:00,501209019,5,2,20,1,0
06:20:00,501209020,6,1,25,1,0
06:20:00,501209021,3,0,11,1,0
06:20:00,501209022,4,0,6,1,0
06:20:00,501209023,18,0,23,1,0
06:20:00,501209024,6,0,36,1,0
06:20:00,501209025,2,0,13,1,0
06:20:00,501209026,13,0,12,1,0
06:20:00,501209027,7,1,12,1,0
06:20:00,501209028,1,0,27,1,0
06:20:00,501209030,11,0,7,1,0
06:20:00,501209031,7,0,23,1,0
06:20:00,501209032,3,0,25,1,0
06:20:00,501209033,9,3,11,1,0
06:20:00,501209034,6,0,9,1,0
06:20:00,501209035,2,0,26,1,0
06:20:00,501209036,7,1,22,1,0
06:20:00,501209037,10,1,26,1,0
06:20:00,501209038,13,1,2,1,0
06:20:00,501209039,8,0,22,1,0
06:20:00,501209040,0,0,31,1,0
06:20:00,501209042,8,1,12,1,0
06:20:00,501209043,6,0,18,1,0
06:20:00,501209044,12,4,3,1,0
06:20:00,501209045,7,0,8,1,0
06:20:00,501209046,4,1,18,1,0
06:20:00,501209047,8,3,6,1,0
06:20:00,501209049,1,0,19,1,0
06:20:00,501209050,12,4,1,1,0
06:20:00,501209051,5,1,19,1,0
06:20:00,501209052,3,0,17,1,0
06:20:00,501209053,1,1,19,1,0
06:20:00,501209054,5,1,21,1,0
06:20:00,501209056,13,0,2,1,0
06:20:00,501209058,14,3,2,1,0
06:20:00,501209059,3,0,12,1,0
06:20:00,501209060,14,3,6,1,0
06:20:00,501209062,2,0,13,1,0
06:20:00,501209064,9,0,6,1,0
06:20:00,501209065,4,0,11,1,0
06:20:00,501209066,9,2,5,1,0
06:20:00,501209067,9,0,5,1,0
06:20:00,501209068,4,1,13,1,0
06:20:00,501209069,3,1,60,1,0
06:20:00,501209070,4,0,13,1,0
06:20:00,501209071,3,0,14,1,0
06:20:00,501209073,11,3,4,1,0
06:20:00,501209074,17,0,6,1,0
06:20:00,501209075,9,0,5,1,0
06:20:00,501209076,2,0,21,1,0
06:20:00,501209077,4,1,11,1,0
06:20:00,501209078,7,2,6,1,0
06:20:00,501209079,5,0,20,1,0
06:20:00,501209080,3,0,23,1,0
06:20:00,501209081,10,3,5,1,0
06:20:00,501209084,2,0,21,1,0
06:20:00,501209085,13,1,13,1,0
06:20:00,501209087,4,1,35,1,0
06:20:00,501209088,7,1,8,1,0
06:20:00,501209089,1,0,19,1,0
06:20:00,501209090,11,0,3,1,0
06:20:00,501209091,1,1,15,1,0
06:20:00,501209092,4,0,12,1,0
06:20:00,501209093,9,0,6,1,0
06:20:00,501209094,11,2,5,1,0
06:20:00,501209095,5,2,9,1,0
06:20:00,501209096,10,1,3,1,0
06:20:00,501209097,5,2,10,1,0
06:20:00,501209098,5,1,10,1,0
06:20:00,501209099,5,0,15,1,0
06:20:00,501209100,12,0,1,1,0
06:20:00,501209101,5,0,10,1,0
06:20:00,501209102,2,0,18,1,0
06:20:00,501209104,5,0,14,1,0
06:20:00,501209105,14,1,11,1,0
06:20:00,501209106,5,2,15,1,0
06:20:00,501211001,27,7,10,1,0
06:20:00,501211002,6,0,9,1,0
06:20:00,501211004,5,1,10,1,0
06:20:00,501211005,3,0,16,1,0
06:20:00,501211006,4,0,12,1,0
06:20:00,501211007,5,0,14,1,0
06:20:00,501211009,9,0,9,1,0
06:20:00,501211011,15,1,15,1,0
06:20:00,501211012,8,1,10,1,0
06:30:00,501201001,0,0,0,2,0
06:30:00,501201002,18,0,22,1,0
06:30:00,501201003,5,0,18,1,0
06:30:00,501201004,11,0,3,1,0
06:30:00,501201005,9,0,10,1,0
06:30:00,501201006,12,2,16,1,0
06:30:00,501201007,8,0,11,1,0
06:30:00,501201008,9,2,16,1,0
06:30:00,501201010,1,0,9,1,0
06:30:00,501201011,6,1,15,1,0
06:30:00,501201012,24,2,16,1,0
06:30:00,501201013,5,0,17,1,0
06:30:00,501201014,13,0,6,1,0
06:30:00,501201015,5,2,20,1,0
06:30:00,501201016,16,2,9,1,0
06:30:00,501201017,7,1,20,1,0
06:30:00,501201018,9,1,15,1,0
06:30:00,501201019,18,1,10,1,0
06:30:00,501201020,6,0,18,1,0
06:30:00,501201021,10,0,5,1,0
06:30:00,501201022,5,0,11,1,0
06:30:00,501201023,1,0,27,1,0
06:30:00,501201024,10,0,13,1,0
06:30:00,501201025,6,1,18,1,0
06:30:00,501201026,13,0,6,1,0
06:30:00,501201028,7,2,12,1,0
06:30:00,501201029,7,0,6,1,0
06:30:00,501201030,7,0,7,1,0
06:30:00,501201031,7,1,10,1,0
06:30:00,501202001,2,1,12,1,0
06:30:00,501202003,3,0,37,1,0
06:30:00,501202013,8,0,9,1,0
06:30:00,501202023,6,0,7,1,0
06:30:00,501202024,4,0,11,1,0
06:30:00,501202034,8,4,7,1,0
06:30:00,501202035,14,1,15,1,0
06:30:00,501202036,22,1,17,1,0
06:30:00,501202040,3,1,42,1,0
06:30:00,501202043,13,1,12,1,0
06:30:00,501202044,0,0,0,2,0
06:30:00,501202047,1,0,21,1,0
06:30:00,501202050,7,0,9,1,0
06:30:00,501202055,11,0,4,1,0
06:30:00,501202058,10,0,5,1,0
06:30:00,501202065,13,1,2,1,0
06:30:00,501202068,6,1,12,1,0
06:30:00,501202070,10,0,6,1,0
06:30:00,501202078,7,0,18,1,0
06:30:00,501202080,6,1,20,1,0
06:30:00,501202081,15,0,8,1,0
06:30:00,501202082,2,1,19,1,0
06:30:00,501202083,6,0,17,1,0
06:30:00,501202084,5,2,19,1,0
06:30:00,501202085,9,1,26,1,0
06:30:00,501202088,5,1,25,1,0
06:30:00,501202089,3,0,26,1,0
06:30:00,501202096,8,3,6,1,0
06:30:00,501203001,0,0,20,1,0
06:30:00,501203002,9,0,13,1,0
06:30:00,501203003,10,0,83,1,0
06:30:00,501203005,2,0,18,1,0
06:30:00,501203006,1,0,14,1,0
06:30:00,501203007,12,0,3,1,0
06:30:00,501203008,6,0,10,1,0
06:30:00,501203010,16,1,17,1,0
06:30:00,501203011,30,9,7,1,0
06:30:00,501203012,6,2,10,1,0
06:30:00,501203013,11,4,13,1,0
06:30:00,501203015,11,0,1,1,0
06:30:00,501203020,14,1,6,1,0
06:30:00,501203022,7,0,11,1,0
06:30:00,501203023,7,1,11,1,0
06:30:00,501203028,9,0,16,1,0
06:30:00,501203040,6,0,16,1,0
06:30:00,501203045,1,0,17,1,0
06:30:00,501203050,36,1,24,1,0
06:30:00,501203051,11,4,13,1,0
06:30:00,501203053,6,0,20,1,0
06:30:00,501203054,8,1,14,1,0
06:30:00,501203064,11,0,4,1,0
06:30:00,501203065,1,0,15,1,0
06:30:00,501203070,5,1,10,1,0
06:30:00,501203073,4,0,20,1,0
06:30:00,501203076,5,0,11,1,0
06:30:00,501203078,11,1,5,1,0
06:30:00,501203080,6,0,9,1,0
06:30:00,501203084,3,0,8,1,0
06:30:00,501203085,5,1,5,1,0
06:30:00,501203088,4,0,10,1,0
06:30:00,501203089,1,0,11,1,0
06:30:00,501203090,6,1,3,1,0
06:30:00,501203091,10,3,3,1,0
06:30:00,501203092,4,0,16,1,0
06:30:00,501203100,1,0,18,1,0
06:30:00,501203101,0,0,0,2,0
06:30:00,501203102,10,0,9,1,0
06:30:00,501203104,13,2,5,1,0
06:30:00,501203105,6,2,5,1,0
06:30:00,501203107,0,0,0,2,0
06:30:00,501203109,2,0,24,1,0
06:30:00,501203110,2,1,39,1,0
06:30:00,501203111,7,1,4,1,0
06:30:00,501203113,6,0,12,1,0
06:30:00,501203114,10,1,40,1,0
06:30:00,501203117,0,0,0,2,0
06:30:00,501203118,0,0,19,1,0
06:30:00,501203121,17,2,7,1,0
06:30:00,501203122,14,1,6,1,0
06:30:00,501203125,5,0,20,1,0
06:30:00,501203131,9,1,11,1,0
06:30:00,501203140,18,0,23,1,0
06:30:00,501203141,5,1,11,1,0
06:30:00,501203142,23,7,51,1,0
06:30:00,501203145,9,0,6,1,0
06:30:00,501203151,0,0,18,1,0
06:30:00,501203155,4,1,15,1,0
06:30:00,501203157,2,1,15,1,0
06:30:00,501203159,2,1,18,1,0
06:30:00,501203161,1,0,17,1,0
06:30:00,501203162,13,0,8,1,0
06:30:00,501203163,13,2,3,1,0
06:30:00,501204001,5,1,20,1,0
06:30:00,501204002,1,0,34,1,0
06:30:00,501204003,13,0,29,1,0
06:30:00,501204004,5,0,9,1,0
06:30:00,501204005,10,3,10,1,0
06:30:00,501204007,3,0,33,1,0
06:30:00,501204008,0,0,14,1,0
06:30:00,501204009,0,0,0,2,0
06:30:00,501204010,0,0,0,2,0
06:30:00,501204011,2,0,13,1,0
06:30:00,501204012,6,0,8,1,0
06:30:00,501204013,7,0,7,1,0
06:30:00,501204014,11,1,5,1,0
06:30:00,501204015,9,0,6,1,0
06:30:00,501204016,4,0,16,1,0
06:30:00,501204017,5,0,10,1,0
06:30:00,501204018,10,0,14,1,0
06:30:00,501204020,2,2,18,1,0
06:30:00,501204021,5,0,15,1,0
06:30:00,501204022,3,0,13,1,0
06:30:00,501204023,11,3,4,1,0
06:30:00,501204024,0,0,0,2,0
06:30:00,501204025,14,0,5,1,0
06:30:00,501205001,9,0,8,1,0
06:30:00,501205003,9,1,10,1,0
06:30:00,501205004,8,3,8,1,0
06:30:00,501205005,8,1,14,1,0
06:30:00,501205006,11,0,9,1,0
06:30:00,501205007,3,0,9,1,0
06:30:00,501205008,12,1,14,1,0
06:30:00,501205009,3,1,42,1,0
06:30:00,501205010,4,0,10,1,0
06:30:00,501205011,1,1,30,1,0
06:30:00,501205012,4,0,16,1,0
06:30:00,501205013,4,0,17,1,0
06:30:00,501205014,15,6,8,1,0
06:30:00,501205015,4,1,13,1,0
06:30:00,501205018,3,0,14,1,0
06:30:00,501205019,12,1,16,1,0
06:30:00,501205020,1,1,29,1,0
06:30:00,501205021,8,2,7,1,0
06:30:00,501205022,11,2,4,1,0
06:30:00,501205023,6,0,8,1,0
06:30:00,501205025,16,1,12,1,0
06:30:00,501205026,7,0,12,1,0
06:30:00,501205027,1,0,9,1,0
06:30:00,501205028,5,0,10,1,0
06:30:00,501205029,8,0,2,1,0
06:30:00,501205030,8,0,2,1,0
06:30:00,501205033,4,0,11,1,0
06:30:00,501205034,14,1,14,1,0
06:30:00,501205035,11,3,5,1,0
06:30:00,501205036,4,0,11,1,0
06:30:00,501205037,4,2,12,1,0
06:30:00,501205038,8,0,12,1,0
06:30:00,501205039,8,0,12,1,0
06:30:00,501205040,13,0,12,1,0
06:30:00,501205041,3,0,14,1,0
06:30:00,501205042,4,0,25,1,0
06:30:00,501208011,26,2,10,1,0
06:30:00,501208013,41,2,13,1,0
06:30:00,501208014,16,0,22,1,0
06:30:00,501208015,5,0,9,1,0
06:30:00,501208018,3,0,11,1,0
06:30:00,501208021,7,0,10,1,0
06:30:00,501208027,5,0,24,1,0
06:30:00,501208029,13,0,9,1,0
06:30:00,501208030,18,0,20,1,0
06:30:00,501208032,4,2,24,1,0
06:30:00,501208040,8,1,11,1,0
06:30:00,501208041,3,0,12,1,0
06:30:00,501208045,2,1,29,1,0
06:30:00,501208051,3,0,32,1,0
06:30:00,501208053,14,0,7,1,0
06:30:00,501208054,1,0,27,1,0
06:30:00,501208059,1,0,26,1,0
06:30:00,501208064,5,0,15,1,0
06:30:00,501208077,8,1,2,1,0
06:30:00,501208079,2,0,19,1,0
06:30:00,501208082,1,0,9,1,0
06:30:00,501208085,12,1,5,1,0
06:30:00,501208087,17,0,14,1,0
06:30:00,501208089,15,1,10,1,0
06:30:00,501208091,4,1,39,1,0
06:30:00,501208111,8,1,7,1,0
06:30:00,501208113,7,0,13,1,0
06:30:00,501208114,5,0,15,1,0
06:30:00,501208129,8,0,15,1,0
06:30:00,501208130,1,0,14,1,0
06:30:00,501209002,10,0,10,1,0
06:30:00,501209003,4,0,10,1,0
06:30:00,501209004,6,0,8,1,0
06:30:00,501209005,16,4,2,1,0
06:30:00,501209006,8,2,11,1,0
06:30:00,501209007,11,2,4,1,0
06:30:00,501209009,0,0,0,2,0
06:30:00,501209010,9,0,5,1,0
06:30:00,501209011,4,0,21,1,0
06:30:00,501209014,5,0,7,1,0
06:30:00,501209015,10,2,5,1,0
06:30:00,501209016,2,2,27,1,0
06:30:00,501209017,5,0,8,1,0
06:30:00,501209018,9,1,8,1,0
06:30:00,501209019,6,3,19,1,0
06:30:00,501209020,6,1,25,1,0
06:30:00,501209021,3,0,11,1,0
06:30:00,501209022,4,0,6,1,0
06:30:00,501209023,18,0,23,1,0
06:30:00,501209024,7,0,35,1,0
06:30:00,501209025,2,0,13,1,0
06:30:00,501209026,11,0,14,1,0
06:30:00,501209027,7,1,12,1,0
06:30:00,501209028,1,0,27,1,0
06:30:00,501209030,11,0,7,1,0
06:30:00,501209031,8,0,22,1,0
06:30:00,501209032,3,0,25,1,0
06:30:00,501209033,9,3,11,1,0
06:30:00,501209034,6,0,9,1,0
06:30:00,501209035,2,0,26,1,0
06:30:00,501209036,9,1,20,1,0
06:30:00,501209037,10,1,26,1,0
06:30:00,501209038,13,1,2,1,0
06:30:00,501209039,8,0,22,1,0
06:30:00,501209040,0,0,31,1,0
06:30:00,501209042,7,0,13,1,0
06:30:00,501209043,6,0,18,1,0
06:30:00,501209044,12,4,3,1,0
06:30:00,501209045,7,0,8,1,0
06:30:00,501209046,3,0,19,1,0
06:30:00,501209047,8,3,6,1,0
06:30:00,501209049,2,0,18,1,0
06:30:00,501209050,12,4,1,1,0
06:30:00,501209051,5,1,19,1,0
06:30:00,501209052,3,0,17,1,0
06:30:00,501209053,1,1,19,1,0
06:30:00,501209054,4,1,22,1,0
06:30:00,501209056,13,0,2,1,0
06:30:00,501209058,14,3,2,1,0
06:30:00,501209059,5,1,10,1,0
06:30:00,501209060,15,4,5,1,0
06:30:00,501209062,2,0,13,1,0
06:30:00,501209064,7,0,8,1,0
06:30:00,501209065,3,0,12,1,0
06:30:00,501209066,8,2,6,1,0
06:30:00,501209067,9,0,5,1,0
06:30:00,501209068,4,1,13,1,0
06:30:00,501209069,3,1,60,1,0
06:30:00,501209070,6,0,11,1,0
06:30:00,501209071,3,0,14,1,0
06:30:00,501209073,11,3,4,1,0
06:30:00,501209074,17,0,6,1,0
06:30:00,501209075,9,0,5,1,0
06:30:00,501209076,2,0,21,1,0
06:30:00,501209077,4,1,11,1,0
06:30:00,501209078,7,2,6,1,0
06:30:00,501209079,6,0,19,1,0
06:30:00,501209080,3,0,23,1,0
06:30:00,501209081,10,3,5,1,0
06:30:00,501209084,2,0,21,1,0
06:30:00,501209085,13,1,13,1,0
06:30:00,501209087,3,0,36,1,0
06:30:00,501209088,7,1,8,1,0
06:30:00,501209089,1,0,19,1,0
06:30:00,501209090,11,0,3,1,0
06:30:00,501209091,2,2,14,1,0
06:30:00,501209092,4,0,12,1,0
06:30:00,501209093,9,0,6,1,0
06:30:00,501209094,11,2,5,1,0
06:30:00,501209095,5,2,9,1,0
06:30:00,501209096,10,1,3,1,0
06:30:00,501209097,5,2,10,1,0
06:30:00,501209098,5,1,10,1,0
06:30:00,501209099,5,0,15,1,0
06:30:00,501209100,12,0,1,1,0
06:30:00,501209101,5,0,10,1,0
06:30:00,501209102,2,0,18,1,0
06:30:00,501209104,4,0,15,1,0
06:30:00,501209105,14,1,11,1,0
06:30:00,501209106,4,2,16,1,0
06:30:00,501211001,27,7,10,1,0
06:30:00,501211002,6,0,9,1,0
06:30:00,501211004,5,1,10,1,0
06:30:00,501211005,3,0,16,1,0
06:30:00,501211006,4,0,12,1,0
06:30:00,501211007,5,0,14,1,0
06:30:00,501211009,9,0,9,1,0
06:30:00,501211011,15,1,15,1,0
06:30:00,501211012,8,1,10,1,0
06:40:00,501201001,0,0,0,2,0
06:40:00,501201002,15,0,25,1,0
06:40:00,501201003,5,0,18,1,0
06:40:00,501201004,12,0,2,1,0
06:40:00,501201005,9,0,10,1,0
06:40:00,501201006,13,3,15,1,0
06:40:00,501201007,8,0,11,1,0
06:40:00,501201008,9,2,16,1,0
06:40:00,501201010,1,0,9,1,0
06:40:00,501201011,6,1,15,1,0
06:40:00,501201012,24,2,16,1,0
06:40:00,501201013,5,0,17,1,0
06:40:00,501201014,12,0,7,1,0
06:40:00,501201015,5,2,20,1,0
06:40:00,501201016,16,3,9,1,0
06:40:00,501201017,8,1,19,1,0
06:40:00,501201018,9,1,15,1,0
06:40:00,501201019,18,1,10,1,0
06:40:00,501201020,5,0,19,1,0
06:40:00,501201021,11,0,4,1,0
06:40:00,501201022,5,1,11,1,0
06:40:00,501201023,1,0,27,1,0
06:40:00,501201024,10,0,13,1,0
06:40:00,501201025,6,1,18,1,0
06:40:00,501201026,12,0,7,1,0
06:40:00,501201028,6,2,13,1,0
06:40:00,501201029,7,0,6,1,0
06:40:00,501201030,7,0,7,1,0
06:40:00,501201031,6,0,11,1,0
06:40:00,501202001,2,1,12,1,0
06:40:00,501202003,3,0,37,1,0
06:40:00,501202013,8,0,9,1,0
06:40:00,501202023,6,0,7,1,0
06:40:00,501202024,4,0,11,1,0
06:40:00,501202034,9,4,6,1,0
06:40:00,501202035,13,0,16,1,0
06:40:00,501202036,20,1,19,1,0
06:40:00,501202040,2,1,43,1,0
06:40:00,501202043,13,1,12,1,0
06:40:00,501202044,0,0,0,2,0
06:40:00,501202047,1,0,21,1,0
06:40:00,501202050,6,0,10,1,0
06:40:00,501202055,11,0,4,1,0
06:40:00,501202058,9,0,6,1,0
06:40:00,501202065,13,1,2,1,0
06:40:00,501202068,5,0,13,1,0
06:40:00,501202070,10,0,6,1,0
06:40:00,501202078,7,0,18,1,0
06:40:00,501202080,7,1,19,1,0
06:40:00,501202081,15,0,8,1,0
06:40:00,501202082,2,1,19,1,0
06:40:00,501202083,6,0,17,1,0
06:40:00,501202084,5,2,19,1,0
06:40:00,501202085,9,1,26,1,0
06:40:00,501202088,4,0,26,1,0
06:40:00,501202089,4,0,25,1,0
06:40:00,501202096,8,3,6,1,0
06:40:00,501203001,0,0,20,1,0
06:40:00,501203002,9,0,13,1,0
06:40:00,501203003,8,0,85,1,0
06:40:00,501203005,2,0,18,1,0
06:40:00,501203006,1,0,14,1,0
06:40:00,501203007,12,0,3,1,0
06:40:00,501203008,6,0,10,1,0
06:40:00,501203010,16,1,17,1,0
06:40:00,501203011,29,8,8,1,0
06:40:00,501203012,6,2,10,1,0
06:40:00,501203013,13,4,11,1,0
06:40:00,501203015,9,0,3,1,0
06:40:00,501203020,14,1,6,1,0
06:40:00,501203022,2,0,16,1,0
06:40:00,501203023,7,0,11,1,0
06:40:00,501203028,9,0,16,1,0
06:40:00,501203040,6,0,16,1,0
06:40:00,501203045,2,0,16,1,0
06:40:00,501203050,35,1,25,1,0
06:40:00,501203051,10,3,14,1,0
06:40:00,501203053,5,0,21,1,0
06:40:00,501203054,8,1,14,1,0
06:40:00,501203064,11,0,4,1,0
06:40:00,501203065,1,0,15,1,0
06:40:00,501203070,5,1,10,1,0
06:40:00,501203073,4,0,20,1,0
06:40:00,501203076,5,0,11,1,0
06:40:00,501203078,10,1,6,1,0
06:40:00,501203080,6,0,9,1,0
06:40:00,501203084,3,1,8,1,0
06:40:00,501203085,5,1,5,1,0
06:40:00,501203088,4,0,10,1,0
06:40:00,501203089,1,0,11,1,0
06:40:00,501203090,6,1,3,1,0
06:40:00,501203091,10,3,3,1,0
06:40:00,501203092,4,0,16,1,0
06:40:00,501203100,0,0,19,1,0
06:40:00,501203101,0,0,0,2,0
06:40:00,501203102,10,0,9,1,0
06:40:00,501203104,13,2,5,1,0
06:40:00,501203105,6,2,5,1,0
06:40:00,501203107,0,0,0,2,0
06:40:00,501203109,3,0,23,1,0
06:40:00,501203110,2,1,39,1,0
06:40:00,501203111,7,1,4,1,0
06:40:00,501203113,6,0,12,1,0
06:40:00,501203114,12,1,38,1,0
06:40:00,501203117,0,0,0,2,0
06:40:00,501203118,0,0,19,1,0
06:40:00,501203121,16,2,8,1,0
06:40:00,501203122,14,1,6,1,0
06:40:00,501203125,2,0,23,1,0
06:40:00,501203131,9,1,11,1,0
06:40:00,501203140,17,0,24,1,0
06:40:00,501203141,6,2,10,1,0
06:40:00,501203142,25,7,49,1,0
06:40:00,501203145,9,0,6,1,0
06:40:00,501203151,9,0,9,1,0
06:40:00,501203155,4,1,15,1,0
06:40:00,501203157,2,1,15,1,0
06:40:00,501203159,2,1,18,1,0
06:40:00,501203161,1,0,17,1,0
06:40:00,501203162,13,0,8,1,0
06:40:00,501203163,13,2,3,1,0
06:40:00,501204001,5,1,20,1,0
06:40:00,501204002,2,0,33,1,0
06:40:00,501204003,11,0,31,1,0
06:40:00,501204004,5,0,9,1,0
06:40:00,501204005,9,4,11,1,0
06:40:00,501204007,4,0,32,1,0
06:40:00,501204008,1,0,13,1,0
06:40:00,501204009,0,0,0,2,0
06:40:00,501204010,0,0,0,2,0
06:40:00,501204011,1,0,14,1,0
06:40:00,501204012,7,1,7,1,0
06:40:00,501204013,7,0,7,1,0
06:40:00,501204014,11,1,5,1,0
06:40:00,501204015,9,0,6,1,0
06:40:00,501204016,2,0,18,1,0
06:40:00,501204017,5,0,10,1,0
06:40:00,501204018,10,0,14,1,0
06:40:00,501204020,2,1,17,1,0
06:40:00,501204021,5,0,15,1,0
06:40:00,501204022,3,0,13,1,0
06:40:00,501204023,10,2,5,1,0
06:40:00,501204024,0,0,0,2,0
06:40:00,501204025,14,0,5,1,0
06:40:00,501205001,9,0,8,1,0
06:40:00,501205003,9,1,10,1,0
06:40:00,501205004,8,3,8,1,0
06:40:00,501205005,8,1,14,1,0
06:40:00,501205006,12,0,8,1,0
06:40:00,501205007,3,0,9,1,0
06:40:00,501205008,11,1,15,1,0
06:40:00,501205009,3,1,42,1,0
06:40:00,501205010,3,0,11,1,0
06:40:00,501205011,1,1,30,1,0
06:40:00,501205012,4,0,16,1,0
06:40:00,501205013,4,0,17,1,0
06:40:00,501205014,15,6,8,1,0
06:40:00,501205015,4,1,13,1,0
06:40:00,501205018,4,0,13,1,0
06:40:00,501205019,13,1,15,1,0
06:40:00,501205020,1,1,29,1,0
06:40:00,501205021,10,1,5,1,0
06:40:00,501205022,11,2,4,1,0
06:40:00,501205023,7,1,7,1,0
06:40:00,501205025,17,1,11,1,0
06:40:00,501205026,6,0,13,1,0
06:40:00,501205027,1,0,9,1,0
06:40:00,501205028,5,0,10,1,0
06:40:00,501205029,8,0,2,1,0
06:40:00,501205030,8,0,2,1,0
06:40:00,501205033,5,0,10,1,0
06:40:00,501205034,15,1,13,1,0
06:40:00,501205035,11,3,5,1,0
06:40:00,501205036,4,0,11,1,0
06:40:00,501205037,4,2,12,1,0
06:40:00,501205038,8,0,12,1,0
06:40:00,501205039,8,0,12,1,0
06:40:00,501205040,13,0,12,1,0
06:40:00,501205041,3,0,14,1,0
06:40:00,501205042,4,0,25,1,0
06:40:00,501208011,23,1,13,1,0
06:40:00,501208013,41,2,13,1,0
06:40:00,501208014,16,0,22,1,0
06:40:00,501208015,5,0,9,1,0
06:40:00,501208018,3,0,11,1,0
06:40:00,501208021,6,0,11,1,0
06:40:00,501208027,5,0,24,1,0
06:40:00,501208029,13,0,9,1,0
06:40:00,501208030,21,2,17,1,0
06:40:00,501208032,4,2,24,1,0
06:40:00,501208040,7,1,12,1,0
06:40:00,501208041,3,0,12,1,0
06:40:00,501208045,2,0,29,1,0
06:40:00,501208051,3,0,32,1,0
06:40:00,501208053,14,0,7,1,0
06:40:00,501208054,1,0,27,1,0
06:40:00,501208059,1,0,26,1,0
06:40:00,501208064,5,0,15,1,0
06:40:00,501208077,8,1,2,1,0
06:40:00,501208079,2,0,19,1,0
06:40:00,501208082,1,0,9,1,0
06:40:00,501208085,12,1,5,1,0
06:40:00,501208087,18,0,13,1,0
06:40:00,501208089,16,1,9,1,0
06:40:00,501208091,4,1,39,1,0
06:40:00,501208111,8,1,7,1,0
06:40:00,501208113,7,0,13,1,0
06:40:00,501208114,6,1,14,1,0
06:40:00,501208129,8,0,15,1,0
06:40:00,501208130,1,0,14,1,0
06:40:00,501209002,10,0,10,1,0
06:40:00,501209003,4,0,10,1,0
06:40:00,501209004,6,0,8,1,0
06:40:00,501209005,17,3,1,1,0
06:40:00,501209006,8,2,11,1,0
06:40:00,501209007,11,2,4,1,0
06:40:00,501209009,0,0,0,2,0
06:40:00,501209010,9,0,5,1,0
06:40:00,501209011,4,0,21,1,0
06:40:00,501209014,5,0,7,1,0
06:40:00,501209015,9,1,6,1,0
06:40:00,501209016,2,2,27,1,0
06:40:00,501209017,4,0,9,1,0
06:40:00,501209018,9,1,8,1,0
06:40:00,501209019,6,3,19,1,0
06:40:00,501209020,6,1,25,1,0
06:40:00,501209021,3,0,11,1,0
06:40:00,501209022,4,0,6,1,0
06:40:00,501209023,19,0,22,1,0
06:40:00,501209024,7,0,35,1,0
06:40:00,501209025,2,0,13,1,0
06:40:00,501209026,10,0,15,1,0
06:40:00,501209027,7,1,12,1,0
06:40:00,501209028,1,0,27,1,0
06:40:00,501209030,11,0,7,1,0
06:40:00,501209031,8,0,22,1,0
06:40:00,501209032,3,0,25,1,0
06:40:00,501209033,9,3,11,1,0
06:40:00,501209034,6,0,9,1,0
06:40:00,501209035,2,0,26,1,0
06:40:00,501209036,8,1,21,1,0
06:40:00,501209037,10,1,26,1,0
06:40:00,501209038,11,1,4,1,0
06:40:00,501209039,8,0,22,1,0
06:40:00,501209040,0,0,31,1,0
06:40:00,501209042,8,0,12,1,0
06:40:00,501209043,7,0,17,1,0
06:40:00,501209044,12,4,3,1,0
06:40:00,501209045,7,0,8,1,0
06:40:00,501209046,3,0,19,1,0
06:40:00,501209047,8,3,6,1,0
06:40:00,501209049,2,0,18,1,0
06:40:00,501209050,12,4,1,1,0
06:40:00,501209051,5,1,19,1,0
06:40:00,501209052,2,0,18,1,0
06:40:00,501209053,1,1,19,1,0
06:40:00,501209054,4,1,22,1,0
06:40:00,501209056,13,0,2,1,0
06:40:00,501209058,13,2,3,1,0
06:40:00,501209059,5,1,10,1,0
06:40:00,501209060,15,4,5,1,0
06:40:00,501209062,2,0,13,1,0
06:40:00,501209064,7,0,8,1,0
06:40:00,501209065,2,0,13,1,0
06:40:00,501209066,7,2,7,1,0
06:40:00,501209067,9,0,5,1,0
06:40:00,501209068,4,1,13,1,0
06:40:00,501209069,3,1,60,1,0
06:40:00,501209070,10,0,7,1,0
06:40:00,501209071,3,0,14,1,0
06:40:00,501209073,11,3,4,1,0
06:40:00,501209074,15,0,8,1,0
06:40:00,501209075,9,0,5,1,0
06:40:00,501209076,1,0,22,1,0
06:40:00,501209077,4,1,11,1,0
06:40:00,501209078,7,2,6,1,0
06:40:00,501209079,8,1,17,1,0
06:40:00,501209080,5,0,21,1,0
06:40:00,501209081,10,3,5,1,0
06:40:00,501209084,2,0,21,1,0
06:40:00,501209085,14,1,12,1,0
06:40:00,501209087,3,0,36,1,0
06:40:00,501209088,7,1,8,1,0
06:40:00,501209089,1,0,19,1,0
06:40:00,501209090,9,0,5,1,0
06:40:00,501209091,2,2,14,1,0
06:40:00,501209092,5,1,11,1,0
06:40:00,501209093,9,0,6,1,0
06:40:00,501209094,11,2,5,1,0
06:40:00,501209095,5,2,9,1,0
06:40:00,501209096,10,1,3,1,0
06:40:00,501209097,5,2,10,1,0
06:40:00,501209098,5,1,10,1,0
06:40:00,501209099,5,0,15,1,0
06:40:00,501209100,12,0,1,1,0
06:40:00,501209101,5,0,10,1,0
06:40:00,501209102,2,0,18,1,0
06:40:00,501209104,4,0,15,1,0
06:40:00,501209105,14,1,11,1,0
06:40:00,501209106,4,2,16,1,0
06:40:00,501211001,27,7,10,1,0
06:40:00,501211002,6,0,9,1,0
06:40:00,501211004,5,1,10,1,0
06:40:00,501211005,3,0,16,1,0
06:40:00,501211006,4,0,12,1,0
06:40:00,501211007,5,0,14,1,0
06:40:00,501211009,9,0,9,1,0
06:40:00,501211011,14,1,16,1,0
06:40:00,501211012,8,1,10,1,0
06:50:00,501201001,0,0,0,2,0
06:50:00,501201002,16,0,24,1,0
06:50:00,501201003,5,0,18,1,0
06:50:00,501201004,12,0,2,1,0
06:50:00,501201005,9,0,10,1,0
06:50:00,501201006,13,3,15,1,0
06:50:00,501201007,8,0,11,1,0
06:50:00,501201008,5,0,20,1,0
06:50:00,501201010,2,0,8,1,0
06:50:00,501201011,6,1,15,1,0
06:50:00,501201012,24,2,16,1,0
06:50:00,501201013,5,0,17,1,0
06:50:00,501201014,11,0,8,1,0
06:50:00,501201015,5,2,20,1,0
06:50:00,501201016,17,3,8,1,0
06:50:00,501201017,8,1,19,1,0
06:50:00,501201018,9,1,15,1,0
06:50:00,501201019,18,1,10,1,0
06:50:00,501201020,6,0,18,1,0
06:50:00,501201021,10,0,5,1,0
06:50:00,501201022,4,0,12,1,0
06:50:00,501201023,1,0,27,1,0
06:50:00,501201024,9,0,14,1,0
06:50:00,501201025,6,1,18,1,0
06:50:00,501201026,12,0,7,1,0
06:50:00,501201028,6,2,13,1,0
06:50:00,501201029,7,0,6,1,0
06:50:00,501201030,8,0,6,1,0
06:50:00,501201031,6,0,11,1,0
06:50:00,501202001,2,1,12,1,0
06:50:00,501202003,2,0,38,1,0
06:50:00,501202013,8,0,9,1,0
06:50:00,501202023,5,0,8,1,0
06:50:00,501202024,4,0,11,1,0
06:50:00,501202034,9,4,6,1,0
06:50:00,501202035,14,0,15,1,0
06:50:00,501202036,21,1,18,1,0
06:50:00,501202040,3,1,42,1,0
06:50:00,501202043,13,1,12,1,0
06:50:00,501202044,0,0,0,2,0
06:50:00,501202047,1,0,21,1,0
06:50:00,501202050,5,0,11,1,0
06:50:00,501202055,12,0,3,1,0
06:50:00,501202058,9,0,6,1,0
06:50:00,501202065,13,1,2,1,0
06:50:00,501202068,5,0,13,1,0
06:50:00,501202070,11,0,5,1,0
06:50:00,501202078,7,0,18,1,0
06:50:00,501202080,7,1,19,1,0
06:50:00,501202081,15,0,8,1,0
06:50:00,501202082,2,0,19,1,0
06:50:00,501202083,6,0,17,1,0
06:50:00,501202084,6,2,18,1,0
06:50:00,501202085,8,1,27,1,0
06:50:00,501202088,3,0,27,1,0
06:50:00,501202089,5,0,24,1,0
06:50:00,501202096,8,3,6,1,0
06:50:00,501203001,0,0,20,1,0
06:50:00,501203002,9,0,13,1,0
06:50:00,501203003,8,0,85,1,0
06:50:00,501203005,2,0,18,1,0
06:50:00,501203006,1,0,14,1,0
06:50:00,501203007,12,0,3,1,0
06:50:00,501203008,6,0,10,1,0
06:50:00,501203010,16,1,17,1,0
06:50:00,501203011,29,8,8,1,0
06:50:00,501203012,6,2,10,1,0
06:50:00,501203013,11,2,13,1,0
06:50:00,501203015,6,0,6,1,0
06:50:00,501203020,13,1,7,1,0
06:50:00,501203022,2,0,16,1,0
06:50:00,501203023,5,0,13,1,0
06:50:00,501203028,9,0,16,1,0
06:50:00,501203040,8,1,14,1,0
06:50:00,501203045,1,0,17,1,0
06:50:00,501203050,35,1,25,1,0
06:50:00,501203051,10,3,14,1,0
06:50:00,501203053,5,0,21,1,0
06:50:00,501203054,8,1,14,1,0
06:50:00,501203064,10,0,5,1,0
06:50:00,501203065,1,0,15,1,0
06:50:00,501203070,5,1,10,1,0
06:50:00,501203073,4,0,20,1,0
06:50:00,501203076,5,0,11,1,0
06:50:00,501203078,10,1,6,1,0
06:50:00,501203080,5,0,10,1,0
06:50:00,501203084,3,1,8,1,0
06:50:00,501203085,5,1,5,1,0
06:50:00,501203088,4,0,10,1,0
06:50:00,501203089,1,0,11,1,0
06:50:00,501203090,6,1,3,1,0
06:50:00,501203091,10,3,3,1,0
06:50:00,501203092,4,0,16,1,0
06:50:00,501203100,0,0,19,1,0
06:50:00,501203101,0,0,0,2,0
06:50:00,501203102,10,0,9,1,0
06:50:00,501203104,13,2,5,1,0
06:50:00,501203105,6,2,5,1,0
06:50:00,501203107,0,0,0,2,0
06:50:00,501203109,2,0,24,1,0
06:50:00,501203110,1,1,40,1,0
06:50:00,501203111,7,1,4,1,0
06:50:00,501203113,6,0,12,1,0
06:50:00,501203114,11,2,39,1,0
06:50:00,501203117,0,0,0,2,0
06:50:00,501203118,0,0,19,1,0
06:50:00,501203121,13,2,11,1,0
06:50:00,501203122,14,1,6,1,0
06:50:00,501203125,0,0,25,1,0
06:50:00,501203131,8,1,12,1,0
06:50:00,501203140,16,0,25,1,0
06:50:00,501203141,6,2,10,1,0
06:50:00,501203142,25,4,49,1,0
06:50:00,501203145,9,0,6,1,0
06:50:00,501203151,7,0,11,1,0
06:50:00,501203155,5,1,14,1,0
06:50:00,501203157,3,1,14,1,0
06:50:00,501203159,2,1,18,1,0
06:50:00,501203161,1,0,17,1,0
06:50:00,501203162,13,0,8,1,0
06:50:00,501203163,13,2,3,1,0
06:50:00,501204001,5,1,20,1,0
06:50:00,501204002,2,0,33,1,0
06:50:00,501204003,11,0,31,1,0
06:50:00,501204004,5,0,9,1,0
06:50:00,501204005,9,4,11,1,0
06:50:00,501204007,5,0,31,1,0
06:50:00,501204008,1,0,13,1,0
06:50:00,501204009,0,0,0,2,0
06:50:00,501204010,0,0,0,2,0
06:50:00,501204011,1,0,14,1,0
06:50:00,501204012,7,1,7,1,0
06:50:00,501204013,8,0,6,1,0
06:50:00,501204014,11,1,5,1,0
06:50:00,501204015,9,0,6,1,0
06:50:00,501204016,2,0,18,1,0
06:50:00,501204017,5,0,10,1,0
06:50:00,501204018,10,0,14,1,0
06:50:00,501204020,1,1,18,1,0
06:50:00,501204021,5,0,15,1,0
06:50:00,501204022,3,0,13,1,0
06:50:00,501204023,11,3,4,1,0
06:50:00,501204024,0,0,0,2,0
06:50:00,501204025,14,0,5,1,0
06:50:00,501205001,9,0,8,1,0
06:50:00,501205003,9,1,10,1,0
06:50:00,501205004,8,3,8,1,0
06:50:00,501205005,8,1,14,1,0
06:50:00,501205006,12,0,8,1,0
06:50:00,501205007,2,0,10,1,0
06:50:00,501205008,11,1,15,1,0
06:50:00,501205009,3,1,42,1,0
06:50:00,501205010,3,0,11,1,0
06:50:00,501205011,2,1,29,1,0
06:50:00,501205012,4,0,16,1,0
06:50:00,501205013,4,0,17,1,0
06:50:00,501205014,12,3,11,1,0
06:50:00,501205015,4,1,13,1,0
06:50:00,501205018,4,0,13,1,0
06:50:00,501205019,13,1,15,1,0
06:50:00,501205020,2,1,28,1,0
06:50:00,501205021,10,1,5,1,0
06:50:00,501205022,11,2,4,1,0
06:50:00,501205023,9,1,5,1,0
06:50:00,501205025,17,1,11,1,0
06:50:00,501205026,6,0,13,1,0
06:50:00,501205027,1,0,9,1,0
06:50:00,501205028,7,0,8,1,0
06:50:00,501205029,9,0,1,1,0
06:50:00,501205030,9,0,1,1,0
06:50:00,501205033,5,0,10,1,0
06:50:00,501205034,14,1,14,1,0
06:50:00,501205035,11,3,5,1,0
06:50:00,501205036,3,0,12,1,0
06:50:00,501205037,4,2,12,1,0
06:50:00,501205038,8,0,12,1,0
06:50:00,501205039,8,0,12,1,0
06:50:00,501205040,13,0,12,1,0
06:50:00,501205041,3,0,14,1,0
06:50:00,501205042,4,0,25,1,0
06:50:00,501208011,23,1,13,1,0
06:50:00,501208013,40,1,14,1,0
06:50:00,501208014,15,0,23,1,0
06:50:00,501208015,5,0,9,1,0
06:50:00,501208018,3,0,11,1,0
06:50:00,501208021,6,0,11,1,0
06:50:00,501208027,5,0,24,1,0
06:50:00,501208029,12,0,10,1,0
06:50:00,501208030,20,0,18,1,0
06:50:00,501208032,4,2,24,1,0
06:50:00,501208040,7,1,12,1,0
06:50:00,501208041,3,0,12,1,0
06:50:00,501208045,2,0,29,1,0
06:50:00,501208051,4,1,31,1,0
06:50:00,501208053,14,0,7,1,0
06:50:00,501208054,1,0,27,1,0
06:50:00,501208059,1,0,26,1,0
06:50:00,501208064,6,0,14,1,0
06:50:00,501208077,7,0,3,1,0
06:50:00,501208079,2,0,19,1,0
06:50:00,501208082,1,0,9,1,0
06:50:00,501208085,12,1,5,1,0
06:50:00,501208087,18,0,13,1,0
06:50:00,501208089,16,1,9,1,0
06:50:00,501208091,4,1,39,1,0
06:50:00,501208111,8,1,7,1,0
06:50:00,501208113,7,0,13,1,0
06:50:00,501208114,6,1,14,1,0
06:50:00,501208129,7,0,16,1,0
06:50:00,501208130,1,0,14,1,0
06:50:00,501209002,10,0,10,1,0
06:50:00,501209003,4,0,10,1,0
06:50:00,501209004,6,0,8,1,0
06:50:00,501209005,18,3,0,1,0
06:50:00,501209006,8,2,11,1,0
06:50:00,501209007,10,1,5,1,0
06:50:00,501209009,0,0,0,2,0
06:50:00,501209010,9,0,5,1,0
06:50:00,501209011,4,0,21,1,0
06:50:00,501209014,5,0,7,1,0
06:50:00,501209015,10,1,5,1,0
06:50:00,501209016,2,2,27,1,0
06:50:00,501209017,4,0,9,1,0
06:50:00,501209018,10,2,7,1,0
06:50:00,501209019,6,3,19,1,0
06:50:00,501209020,6,1,25,1,0
06:50:00,501209021,3,0,11,1,0
06:50:00,501209022,4,0,6,1,0
06:50:00,501209023,19,0,22,1,0
06:50:00,501209024,7,0,35,1,0
06:50:00,501209025,1,0,14,1,0
06:50:00,501209026,11,0,14,1,0
06:50:00,501209027,7,1,12,1,0
06:50:00,501209028,1,0,27,1,0
06:50:00,501209030,11,0,7,1,0
06:50:00,501209031,9,1,21,1,0
06:50:00,501209032,3,0,25,1,0
06:50:00,501209033,9,3,11,1,0
06:50:00,501209034,6,0,9,1,0
06:50:00,501209035,2,0,26,1,0
06:50:00,501209036,10,1,19,1,0
06:50:00,501209037,10,1,26,1,0
06:50:00,501209038,12,1,3,1,0
06:50:00,501209039,8,0,22,1,0
06:50:00,501209040,0,0,31,1,0
06:50:00,501209042,8,0,12,1,0
06:50:00,501209043,7,0,17,1,0
06:50:00,501209044,12,4,3,1,0
06:50:00,501209045,7,0,8,1,0
06:50:00,501209046,4,0,18,1,0
06:50:00,501209047,8,3,6,1,0
06:50:00,501209049,2,1,18,1,0
06:50:00,501209050,12,4,1,1,0
06:50:00,501209051,5,1,19,1,0
06:50:00,501209052,2,0,18,1,0
06:50:00,501209053,1,1,19,1,0
06:50:00,501209054,4,1,22,1,0
06:50:00,501209056,13,0,2,1,0
06:50:00,501209058,13,2,3,1,0
06:50:00,501209059,5,1,10,1,0
06:50:00,501209060,14,3,6,1,0
06:50:00,501209062,2,0,13,1,0
06:50:00,501209064,7,0,8,1,0
06:50:00,501209065,2,0,13,1,0
06:50:00,501209066,8,2,6,1,0
06:50:00,501209067,9,0,5,1,0
06:50:00,501209068,4,1,13,1,0
06:50:00,501209069,4,0,59,1,0
06:50:00,501209070,9,0,8,1,0
06:50:00,501209071,2,0,15,1,0
06:50:00,501209073,11,3,4,1,0
06:50:00,501209074,15,0,8,1,0
06:50:00,501209075,9,0,5,1,0
06:50:00,501209076,1,0,22,1,0
06:50:00,501209077,4,1,11,1,0
06:50:00,501209078,7,2,6,1,0
06:50:00,501209079,8,1,17,1,0
06:50:00,501209080,4,0,22,1,0
06:50:00,501209081,10,3,5,1,0
06:50:00,501209084,2,0,21,1,0
06:50:00,501209085,14,1,12,1,0
06:50:00,501209087,1,0,38,1,0
06:50:00,501209088,7,1,8,1,0
06:50:00,501209089,1,0,19,1,0
06:50:00,501209090,9,0,5,1,0
06:50:00,501209091,2,2,14,1,0
06:50:00,501209092,5,1,11,1,0
06:50:00,501209093,8,0,7,1,0
06:50:00,501209094,12,2,4,1,0
06:50:00,501209095,4,2,10,1,0
06:50:00,501209096,10,1,3,1,0
06:50:00,501209097,5,2,10,1,0
06:50:00,501209098,5,1,10,1,0
06:50:00,501209099,5,0,15,1,0
06:50:00,501209100,12,0,1,1,0
06:50:00,501209101,5,0,10,1,0
06:50:00,501209102,2,0,18,1,0
06:50:00,501209104,4,0,15,1,0
06:50:00,501209105,14,1,11,1,0
06:50:00,501209106,4,2,16,1,0
06:50:00,501211001,27,7,10,1,0
06:50:00,501211002,6,0,9,1,0
06:50:00,501211004,5,1,10,1,0
06:50:00,501211005,3,0,16,1,0
06:50:00,501211006,4,0,12,1,0
06:50:00,501211007,5,0,14,1,0
06:50:00,501211009,9,0,9,1,0
06:50:00,501211011,14,1,16,1,0
06:50:00,501211012,8,1,10,1,0
07:00:00,501201001,0,0,0,2,0
07:00:00,501201002,15,0,25,1,0
07:00:00,501201003,5,0,18,1,0
07:00:00,501201004,12,0,2,1,0
07:00:00,501201005,8,0,11,1,0
07:00:00,501201006,12,2,16,1,0
07:00:00,501201007,8,0,11,1,0
07:00:00,501201008,5,0,20,1,0
07:00:00,501201010,3,1,7,1,0
07:00:00,501201011,6,1,15,1,0
07:00:00,501201012,21,2,19,1,0
07:00:00,501201013,5,0,17,1,0
07:00:00,501201014,10,0,9,1,0
07:00:00,501201015,4,1,21,1,0
07:00:00,501201016,16,3,9,1,0
07:00:00,501201017,8,0,19,1,0
07:00:00,501201018,9,1,15,1,0
07:00:00,501201019,18,0,10,1,0
07:00:00,501201020,7,0,17,1,0
07:00:00,501201021,10,0,5,1,0
07:00:00,501201022,5,0,11,1,0
07:00:00,501201023,1,0,27,1,0
07:00:00,501201024,7,0,16,1,0
07:00:00,501201025,6,1,18,1,0
07:00:00,501201026,12,0,7,1,0
07:00:00,501201028,6,2,13,1,0
07:00:00,501201029,7,0,6,1,0
07:00:00,501201030,7,0,7,1,0
07:00:00,501201031,6,0,11,1,0
07:00:00,501202001,2,1,12,1,0
07:00:00,501202003,2,0,38,1,0
07:00:00,501202013,9,0,8,1,0
07:00:00,501202023,4,0,9,1,0
07:00:00,501202024,4,0,11,1,0
07:00:00,501202034,9,4,6,1,0
07:00:00,501202035,15,0,14,1,0
07:00:00,501202036,21,1,18,1,0
07:00:00,501202040,3,1,42,1,0
07:00:00,501202043,13,1,12,1,0
07:00:00,501202044,0,0,0,2,0
07:00:00,501202047,2,0,20,1,0
07:00:00,501202050,5,0,11,1,0
07:00:00,501202055,11,0,4,1,0
07:00:00,501202058,9,0,6,1,0
07:00:00,501202065,13,1,2,1,0
07:00:00,501202068,4,0,14,1,0
07:00:00,501202070,11,0,5,1,0
07:00:00,501202078,7,0,18,1,0
07:00:00,501202080,7,1,19,1,0
07:00:00,501202081,15,0,8,1,0
07:00:00,501202082,1,0,20,1,0
07:00:00,501202083,6,0,17,1,0
07:00:00,501202084,5,1,19,1,0
07:00:00,501202085,7,0,28,1,0
07:00:00,501202088,3,0,27,1,0
07:00:00,501202089,5,0,24,1,0
07:00:00,501202096,8,3,6,1,0
07:00:00,501203001,1,0,19,1,0
07:00:00,501203002,9,0,13,1,0
07:00:00,501203003,5,0,88,1,0
07:00:00,501203005,1,0,19,1,0
07:00:00,501203006,1,0,14,1,0
07:00:00,501203007,12,0,3,1,0
07:00:00,501203008,6,0,10,1,0
07:00:00,501203010,16,1,17,1,0
07:00:00,501203011,29,8,8,1,0
07:00:00,501203012,6,2,10,1,0
07:00:00,501203013,11,2,13,1,0
07:00:00,501203015,6,0,6,1,0
07:00:00,501203020,8,0,12,1,0
07:00:00,501203022,2,0,16,1,0
07:00:00,501203023,4,0,14,1,0
07:00:00,501203028,8,0,17,1,0
07:00:00,501203040,11,1,11,1,0
07:00:00,501203045,0,0,18,1,0
07:00:00,501203050,36,1,24,1,0
07:00:00,501203051,7,2,17,1,0
07:00:00,501203053,7,0,19,1,0
07:00:00,501203054,10,1,12,1,0
07:00:00,501203064,10,0,5,1,0
07:00:00,501203065,1,0,15,1,0
07:00:00,501203070,5,1,10,1,0
07:00:00,501203073,4,0,20,1,0
07:00:00,501203076,5,0,11,1,0
07:00:00,501203078,10,1,6,1,0
07:00:00,501203080,5,0,10,1,0
07:00:00,501203084,4,1,7,1,0
07:00:00,501203085,5,1,5,1,0
07:00:00,501203088,4,0,10,1,0
07:00:00,501203089,1,0,11,1,0
07:00:00,501203090,6,1,3,1,0
07:00:00,501203091,10,3,3,1,0
07:00:00,501203092,4,0,16,1,0
07:00:00,501203100,0,0,19,1,0
07:00:00,501203101,0,0,0,2,0
07:00:00,501203102,10,0,9,1,0
07:00:00,501203104,13,2,5,1,0
07:00:00,501203105,5,2,6,1,0
07:00:00,501203107,0,0,0,2,0
07:00:00,501203109,0,0,26,1,0
07:00:00,501203110,1,1,40,1,0
07:00:00,501203111,6,0,5,1,0
07:00:00,501203113,8,1,10,1,0
07:00:00,501203114,13,2,37,1,0
07:00:00,501203117,0,0,0,2,0
07:00:00,501203118,0,0,19,1,0
07:00:00,501203121,13,2,11,1,0
07:00:00,501203122,14,1,6,1,0
07:00:00,501203125,0,0,25,1,0
07:00:00,501203131,8,1,12,1,0
07:00:00,501203140,16,0,25,1,0
07:00:00,501203141,5,1,11,1,0
07:00:00,501203142,24,1,50,1,0
07:00:00,501203145,9,0,6,1,0
07:00:00,501203151,5,0,13,1,0
07:00:00,501203155,5,1,14,1,0
07:00:00,501203157,2,1,15,1,0
07:00:00,501203159,2,1,18,1,0
07:00:00,501203161,2,1,16,1,0
07:00:00,501203162,13,0,8,1,0
07:00:00,501203163,13,2,3,1,0
07:00:00,501204001,5,1,20,1,0
07:00:00,501204002,1,0,34,1,0
07:00:00,501204003,12,0,30,1,0
07:00:00,501204004,5,0,9,1,0
07:00:00,501204005,8,3,12,1,0
07:00:00,501204007,3,0,33,1,0
07:00:00,501204008,1,0,13,1,0
07:00:00,501204009,0,0,0,2,0
07:00:00,501204010,0,0,0,2,0
07:00:00,501204011,2,1,13,1,0
07:00:00,501204012,7,1,7,1,0
07:00:00,501204013,8,0,6,1,0
07:00:00,501204014,11,1,5,1,0
07:00:00,501204015,9,0,6,1,0
07:00:00,501204016,2,0,18,1,0
07:00:00,501204017,5,0,10,1,0
07:00:00,501204018,10,0,14,1,0
07:00:00,501204020,1,1,18,1,0
07:00:00,501204021,6,1,14,1,0
07:00:00,501204022,3,0,13,1,0
07:00:00,501204023,10,2,5,1,0
07:00:00,501204024,0,0,0,2,0
07:00:00,501204025,14,0,5,1,0
07:00:00,501205001,9,0,8,1,0
07:00:00,501205003,8,0,11,1,0
07:00:00,501205004,8,3,8,1,0
07:00:00,501205005,8,1,14,1,0
07:00:00,501205006,12,0,8,1,0
07:00:00,501205007,2,0,10,1,0
07:00:00,501205008,11,1,15,1,0
07:00:00,501205009,3,1,42,1,0
07:00:00,501205010,2,0,12,1,0
07:00:00,501205011,1,1,30,1,0
07:00:00,501205012,5,1,15,1,0
07:00:00,501205013,4,0,17,1,0
07:00:00,501205014,12,2,11,1,0
07:00:00,501205015,4,1,13,1,0
07:00:00,501205018,4,0,13,1,0
07:00:00,501205019,13,1,15,1,0
07:00:00,501205020,4,2,26,1,0
07:00:00,501205021,10,1,5,1,0
07:00:00,501205022,11,2,4,1,0
07:00:00,501205023,9,1,5,1,0
07:00:00,501205025,19,2,9,1,0
07:00:00,501205026,6,0,13,1,0
07:00:00,501205027,1,0,9,1,0
07:00:00,501205028,8,1,7,1,0
07:00:00,501205029,9,0,1,1,0
07:00:00,501205030,9,0,1,1,0
07:00:00,501205033,5,0,10,1,0
07:00:00,501205034,14,1,14,1,0
07:00:00,501205035,12,3,4,1,0
07:00:00,501205036,4,0,11,1,0
07:00:00,501205037,4,2,12,1,0
07:00:00,501205038,8,0,12,1,0
07:00:00,501205039,8,0,12,1,0
07:00:00,501205040,16,0,9,1,0
07:00:00,501205041,1,0,16,1,0
07:00:00,501205042,4,0,25,1,0
07:00:00,501208011,23,1,13,1,0
07:00:00,501208013,41,1,13,1,0
07:00:00,501208014,15,0,23,1,0
07:00:00,501208015,5,0,9,1,0
07:00:00,501208018,3,0,11,1,0
07:00:00,501208021,6,0,11,1,0
07:00:00,501208027,4,0,25,1,0
07:00:00,501208029,12,0,10,1,0
07:00:00,501208030,21,1,17,1,0
07:00:00,501208032,4,2,24,1,0
07:00:00,501208040,7,1,12,1,0
07:00:00,501208041,3,0,12,1,0
07:00:00,501208045,2,0,29,1,0
07:00:00,501208051,4,1,31,1,0
07:00:00,501208053,14,0,7,1,0
07:00:00,501208054,1,0,27,1,0
07:00:00,501208059,1,0,26,1,0
07:00:00,501208064,7,0,13,1,0
07:00:00,501208077,7,0,3,1,0
07:00:00,501208079,2,0,19,1,0
07:00:00,501208082,2,0,8,1,0
07:00:00,501208085,12,1,5,1,0
07:00:00,501208087,18,0,13,1,0
07:00:00,501208089,17,1,8,1,0
07:00:00,501208091,3,1,40,1,0
07:00:00,501208111,8,1,7,1,0
07:00:00,501208113,7,0,13,1,0
07:00:00,501208114,6,1,14,1,0
07:00:00,501208129,7,0,16,1,0
07:00:00,501208130,1,0,14,1,0
07:00:00,501209002,10,0,10,1,0
07:00:00,501209003,3,0,11,1,0
07:00:00,501209004,5,0,9,1,0
07:00:00,501209005,18,2,0,1,0
07:00:00,501209006,8,2,11,1,0
07:00:00,501209007,10,1,5,1,0
07:00:00,501209009,0,0,0,2,0
07:00:00,501209010,10,1,4,1,0
07:00:00,501209011,4,0,21,1,0
07:00:00,501209014,5,0,7,1,0
07:00:00,501209015,11,1,4,1,0
07:00:00,501209016,2,2,27,1,0
07:00:00,501209017,4,0,9,1,0
07:00:00,501209018,10,2,7,1,0
07:00:00,501209019,6,3,19,1,0
07:00:00,501209020,6,1,25,1,0
07:00:00,501209021,4,1,10,1,0
07:00:00,501209022,5,1,5,1,0
07:00:00,501209023,19,1,22,1,0
07:00:00,501209024,6,0,36,1,0
07:00:00,501209025,1,0,14,1,0
07:00:00,501209026,10,0,15,1,0
07:00:00,501209027,7,1,12,1,0
07:00:00,501209028,1,0,27,1,0
07:00:00,501209030,11,0,7,1,0
07:00:00,501209031,8,1,22,1,0
07:00:00,501209032,3,0,25,1,0
07:00:00,501209033,8,3,12,1,0
07:00:00,501209034,6,0,9,1,0
07:00:00,501209035,2,0,26,1,0
07:00:00,501209036,10,1,19,1,0
07:00:00,501209037,10,1,26,1,0
07:00:00,501209038,11,1,4,1,0
07:00:00,501209039,9,0,21,1,0
07:00:00,501209040,0,0,31,1,0
07:00:00,501209042,8,0,12,1,0
07:00:00,501209043,7,0,17,1,0
07:00:00,501209044,12,4,3,1,0
07:00:00,501209045,7,0,8,1,0
07:00:00,501209046,4,0,18,1,0
07:00:00,501209047,8,3,6,1,0
07:00:00,501209049,2,1,18,1,0
07:00:00,501209050,12,4,1,1,0
07:00:00,501209051,5,1,19,1,0
07:00:00,501209052,2,0,18,1,0
07:00:00,501209053,1,1,19,1,0
07:00:00,501209054,4,1,22,1,0
07:00:00,501209056,13,0,2,1,0
07:00:00,501209058,13,2,3,1,0
07:00:00,501209059,5,1,10,1,0
07:00:00,501209060,13,3,7,1,0
07:00:00,501209062,2,0,13,1,0
07:00:00,501209064,7,0,8,1,0
07:00:00,501209065,2,0,13,1,0
07:00:00,501209066,9,2,5,1,0
07:00:00,501209067,9,0,5,1,0
07:00:00,501209068,4,1,13,1,0
07:00:00,501209069,5,0,58,1,0
07:00:00,501209070,9,0,8,1,0
07:00:00,501209071,2,0,15,1,0
07:00:00,501209073,10,2,5,1,0
07:00:00,501209074,15,0,8,1,0
07:00:00,501209075,9,0,5,1,0
07:00:00,501209076,1,0,22,1,0
07:00:00,501209077,4,1,11,1,0
07:00:00,501209078,7,2,6,1,0
07:00:00,501209079,9,0,16,1,0
07:00:00,501209080,4,0,22,1,0
07:00:00,501209081,10,3,5,1,0
07:00:00,501209084,2,0,21,1,0
07:00:00,501209085,14,1,12,1,0
07:00:00,501209087,0,0,39,1,0
07:00:00,501209088,7,1,8,1,0
07:00:00,501209089,1,0,19,1,0
07:00:00,501209090,9,0,5,1,0
07:00:00,501209091,3,2,13,1,0
07:00:00,501209092,5,1,11,1,0
07:00:00,501209093,8,0,7,1,0
07:00:00,501209094,12,2,4,1,0
07:00:00,501209095,4,2,10,1,0
07:00:00,501209096,10,1,3,1,0
07:00:00,501209097,5,2,10,1,0
07:00:00,501209098,3,0,12,1,0
07:00:00,501209099,5,0,15,1,0
07:00:00,501209100,12,0,1,1,0
07:00:00,501209101,5,0,10,1,0
07:00:00,501209102,2,0,18,1,0
07:00:00,501209104,4,0,15,1,0
07:00:00,501209105,14,1,11,1,0
07:00:00,501209106,4,2,16,1,0
07:00:00,501211001,27,7,10,1,0
07:00:00,501211002,6,0,9,1,0
07:00:00,501211004,5,1,10,1,0
07:00:00,501211005,3,0,16,1,0
07:00:00,501211006,4,0,12,1,0
07:00:00,501211007,7,1,12,1,0
07:00:00,501211009,9,0,9,1,0
07:00:00,501211011,15,1,15,1,0
07:00:00,501211012,8,1,10,1,0
07:10:00,501201001,0,0,0,2,0
07:10:00,501201002,15,0,25,1,0
07:10:00,501201003,4,0,19,1,0
07:10:00,501201004,11,0,3,1,0
07:10:00,501201005,8,0,11,1,0
07:10:00,501201006,12,1,16,1,0
07:10:00,501201007,3,0,16,1,0
07:10:00,501201008,5,0,20,1,0
07:10:00,501201010,3,1,7,1,0
07:10:00,501201011,6,1,15,1,0
07:10:00,501201012,21,2,19,1,0
07:10:00,501201013,5,0,17,1,0
07:10:00,501201014,10,0,9,1,0
07:10:00,501201015,4,1,21,1,0
07:10:00,501201016,15,3,10,1,0
07:10:00,501201017,9,0,18,1,0
07:10:00,501201018,9,1,15,1,0
07:10:00,501201019,17,0,11,1,0
07:10:00,501201020,6,0,18,1,0
07:10:00,501201021,10,0,5,1,0
07:10:00,501201022,5,0,11,1,0
07:10:00,501201023,1,0,27,1,0
07:10:00,501201024,8,1,15,1,0
07:10:00,501201025,5,1,19,1,0
07:10:00,501201026,12,0,7,1,0
07:10:00,501201028,6,2,13,1,0
07:10:00,501201029,7,0,6,1,0
07:10:00,501201030,7,0,7,1,0
07:10:00,501201031,6,0,11,1,0
07:10:00,501202001,2,1,12,1,0
07:10:00,501202003,3,0,37,1,0
07:10:00,501202013,10,0,7,1,0
07:10:00,501202023,4,0,9,1,0
07:10:00,501202024,4,0,11,1,0
07:10:00,501202034,9,4,6,1,0
07:10:00,501202035,12,0,17,1,0
07:10:00,501202036,24,0,15,1,0
07:10:00,501202040,3,0,42,1,0
07:10:00,501202043,9,1,16,1,0
07:10:00,501202044,0,0,0,2,0
07:10:00,501202047,2,0,20,1,0
07:10:00,501202050,5,0,11,1,0
07:10:00,501202055,8,0,7,1,0
07:10:00,501202058,9,0,6,1,0
07:10:00,501202065,14,1,1,1,0
07:10:00,501202068,4,0,14,1,0
07:10:00,501202070,11,0,5,1,0
07:10:00,501202078,8,0,17,1,0
07:10:00,501202080,8,1,18,1,0
07:10:00,501202081,15,0,8,1,0
07:10:00,501202082,0,0,21,1,0
07:10:00,501202083,6,0,17,1,0
07:10:00,501202084,5,1,19,1,0
07:10:00,501202085,7,0,28,1,0
07:10:00,501202088,4,0,26,1,0
07:10:00,501202089,5,0,24,1,0
07:10:00,501202096,8,3,6,1,0
07:10:00,501203001,0,0,20,1,0
07:10:00,501203002,9,0,13,1,0
07:10:00,501203003,4,0,89,1,0
07:10:00,501203005,1,0,19,1,0
07:10:00,501203006,1,0,14,1,0
07:10:00,501203007,12,0,3,1,0
07:10:00,501203008,6,0,10,1,0
07:10:00,501203010,16,1,17,1,0
07:10:00,501203011,29,8,8,1,0
07:10:00,501203012,6,2,10,1,0
07:10:00,501203013,11,2,13,1,0
07:10:00,501203015,10,0,2,1,0
07:10:00,501203020,6,0,14,1,0
07:10:00,501203022,2,0,16,1,0
07:10:00,501203023,4,0,14,1,0
07:10:00,501203028,9,0,16,1,0
07:10:00,501203040,9,0,13,1,0
07:10:00,501203045,1,0,17,1,0
07:10:00,501203050,35,0,25,1,0
07:10:00,501203051,5,2,19,1,0
07:10:00,501203053,7,0,19,1,0
07:10:00,501203054,7,1,15,1,0
07:10:00,501203064,10,0,5,1,0
07:10:00,501203065,1,0,15,1,0
07:10:00,501203070,4,0,11,1,0
07:10:00,501203073,4,0,20,1,0
07:10:00,501203076,5,0,11,1,0
07:10:00,501203078,10,1,6,1,0
07:10:00,501203080,5,0,10,1,0
07:10:00,501203084,4,1,7,1,0
07:10:00,501203085,5,1,5,1,0
07:10:00,501203088,5,0,9,1,0
07:10:00,501203089,1,0,11,1,0
07:10:00,501203090,6,1,3,1,0
07:10:00,501203091,10,3,3,1,0
07:10:00,501203092,4,0,16,1,0
07:10:00,501203100,0,0,19,1,0
07:10:00,501203101,0,0,0,2,0
07:10:00,501203102,10,0,9,1,0
07:10:00,501203104,11,1,7,1,0
07:10:00,501203105,5,2,6,1,0
07:10:00,501203107,0,0,0,2,0
07:10:00,501203109,0,0,26,1,0
07:10:00,501203110,2,2,39,1,0
07:10:00,501203111,6,0,5,1,0
07:10:00,501203113,12,2,6,1,0
07:10:00,501203114,14,2,36,1,0
07:10:00,501203117,0,0,0,2,0
07:10:00,501203118,0,0,19,1,0
07:10:00,501203121,13,2,11,1,0
07:10:00,501203122,14,1,6,1,0
07:10:00,501203125,0,0,25,1,0
07:10:00,501203131,7,1,13,1,0
07:10:00,501203140,14,0,27,1,0
07:10:00,501203141,4,0,12,1,0
07:10:00,501203142,31,1,43,1,0
07:10:00,501203145,10,0,5,1,0
07:10:00,501203151,3,0,15,1,0
07:10:00,501203155,4,1,15,1,0
07:10:00,501203157,2,1,15,1,0
07:10:00,501203159,2,1,18,1,0
07:10:00,501203161,2,1,16,1,0
07:10:00,501203162,13,0,8,1,0
07:10:00,501203163,12,1,4,1,0
07:10:00,501204001,5,1,20,1,0
07:10:00,501204002,3,1,32,1,0
07:10:00,501204003,13,0,29,1,0
07:10:00,501204004,5,0,9,1,0
07:10:00,501204005,8,3,12,1,0
07:10:00,501204007,3,0,33,1,0
07:10:00,501204008,0,0,14,1,0
07:10:00,501204009,0,0,0,2,0
07:10:00,501204010,0,0,0,2,0
07:10:00,501204011,3,2,12,1,0
07:10:00,501204012,6,1,8,1,0
07:10:00,501204013,8,0,6,1,0
07:10:00,501204014,11,1,5,1,0
07:10:00,501204015,9,0,6,1,0
07:10:00,501204016,2,0,18,1,0
07:10:00,501204017,5,0,10,1,0
07:10:00,501204018,10,0,14,1,0
07:10:00,501204020,1,1,18,1,0
07:10:00,501204021,4,1,16,1,0
07:10:00,501204022,3,0,13,1,0
07:10:00,501204023,9,2,6,1,0
07:10:00,501204024,0,0,0,2,0
07:10:00,501204025,14,0,5,1,0
07:10:00,501205001,9,0,8,1,0
07:10:00,501205003,8,0,11,1,0
07:10:00,501205004,8,3,8,1,0
07:10:00,501205005,10,1,12,1,0
07:10:00,501205006,14,0,6,1,0
07:10:00,501205007,1,0,11,1,0
07:10:00,501205008,10,1,16,1,0
07:10:00,501205009,3,1,42,1,0
07:10:00,501205010,2,0,12,1,0
07:10:00,501205011,1,1,30,1,0
07:10:00,501205012,5,1,15,1,0
07:10:00,501205013,4,0,17,1,0
07:10:00,501205014,7,1,16,1,0
07:10:00,501205015,3,1,14,1,0
07:10:00,501205018,3,0,14,1,0
07:10:00,501205019,13,0,15,1,0
07:10:00,501205020,4,2,26,1,0
07:10:00,501205021,10,1,5,1,0
07:10:00,501205022,11,2,4,1,0
07:10:00,501205023,10,1,4,1,0
07:10:00,501205025,19,2,9,1,0
07:10:00,501205026,7,1,12,1,0
07:10:00,501205027,1,0,9,1,0
07:10:00,501205028,8,2,7,1,0
07:10:00,501205029,8,0,2,1,0
07:10:00,501205030,9,0,1,1,0
07:10:00,501205033,5,0,10,1,0
07:10:00,501205034,14,1,14,1,0
07:10:00,501205035,12,3,4,1,0
07:10:00,501205036,4,0,11,1,0
07:10:00,501205037,4,2,12,1,0
07:10:00,501205038,8,0,12,1,0
07:10:00,501205039,8,0,12,1,0
07:10:00,501205040,15,0,10,1,0
07:10:00,501205041,1,0,16,1,0
07:10:00,501205042,4,0,25,1,0
07:10:00,501208011,23,1,13,1,0
07:10:00,501208013,41,1,13,1,0
07:10:00,501208014,18,0,20,1,0
07:10:00,501208015,6,0,8,1,0
07:10:00,501208018,3,0,11,1,0
07:10:00,501208021,6,0,11,1,0
07:10:00,501208027,4,0,25,1,0
07:10:00,501208029,13,0,9,1,0
07:10:00,501208030,22,1,16,1,0
07:10:00,501208032,4,2,24,1,0
07:10:00,501208040,7,1,12,1,0
07:10:00,501208041,3,0,12,1,0
07:10:00,501208045,2,0,29,1,0
07:10:00,501208051,4,1,31,1,0
07:10:00,501208053,15,1,6,1,0
07:10:00,501208054,0,0,28,1,0
07:10:00,501208059,1,0,26,1,0
07:10:00,501208064,7,0,13,1,0
07:10:00,501208077,6,0,4,1,0
07:10:00,501208079,2,0,19,1,0
07:10:00,501208082,2,0,8,1,0
07:10:00,501208085,12,1,5,1,0
07:10:00,501208087,20,1,11,1,0
07:10:00,501208089,15,1,10,1,0
07:10:00,501208091,3,1,40,1,0
07:10:00,501208111,6,0,9,1,0
07:10:00,501208113,7,0,13,1,0
07:10:00,501208114,6,1,14,1,0
07:10:00,501208129,7,0,16,1,0
07:10:00,501208130,1,0,14,1,0
07:10:00,501209002,10,0,10,1,0
07:10:00,501209003,3,0,11,1,0
07:10:00,501209004,4,0,10,1,0
07:10:00,501209005,18,1,0,1,0
07:10:00,501209006,8,2,11,1,0
07:10:00,501209007,9,0,6,1,0
07:10:00,501209009,0,0,0,2,0
07:10:00,501209010,10,1,4,1,0
07:10:00,501209011,4,0,21,1,0
07:10:00,501209014,5,0,7,1,0
07:10:00,501209015,11,1,4,1,0
07:10:00,501209016,2,2,27,1,0
07:10:00,501209017,4,0,9,1,0
07:10:00,501209018,9,2,8,1,0
07:10:00,501209019,4,2,21,1,0
07:10:00,501209020,8,3,23,1,0
07:10:00,501209021,4,0,10,1,0
07:10:00,501209022,5,1,5,1,0
07:10:00,501209023,19,0,22,1,0
07:10:00,501209024,6,0,36,1,0
07:10:00,501209025,1,0,14,1,0
07:10:00,501209026,9,1,16,1,0
07:10:00,501209027,6,1,13,1,0
07:10:00,501209028,1,0,27,1,0
07:10:00,501209030,10,0,8,1,0
07:10:00,501209031,7,1,23,1,0
07:10:00,501209032,3,0,25,1,0
07:10:00,501209033,8,3,12,1,0
07:10:00,501209034,5,0,10,1,0
07:10:00,501209035,2,0,26,1,0
07:10:00,501209036,10,1,19,1,0
07:10:00,501209037,10,1,26,1,0
07:10:00,501209038,10,0,5,1,0
07:10:00,501209039,9,0,21,1,0
07:10:00,501209040,0,0,31,1,0
07:10:00,501209042,8,0,12,1,0
07:10:00,501209043,7,0,17,1,0
07:10:00,501209044,12,4,3,1,0
07:10:00,501209045,7,0,8,1,0
07:10:00,501209046,4,0,18,1,0
07:10:00,501209047,8,3,6,1,0
07:10:00,501209049,1,1,19,1,0
07:10:00,501209050,13,4,0,1,0
07:10:00,501209051,6,1,18,1,0
07:10:00,501209052,2,0,18,1,0
07:10:00,501209053,1,1,19,1,0
07:10:00,501209054,3,0,23,1,0
07:10:00,501209056,13,0,2,1,0
07:10:00,501209058,13,2,3,1,0
07:10:00,501209059,2,0,13,1,0
07:10:00,501209060,14,3,6,1,0
07:10:00,501209062,2,0,13,1,0
07:10:00,501209064,7,0,8,1,0
07:10:00,501209065,2,0,13,1,0
07:10:00,501209066,9,2,5,1,0
07:10:00,501209067,9,0,5,1,0
07:10:00,501209068,4,1,13,1,0
07:10:00,501209069,6,0,57,1,0
07:10:00,501209070,9,0,8,1,0
07:10:00,501209071,2,0,15,1,0
07:10:00,501209073,10,2,5,1,0
07:10:00,501209074,15,0,8,1,0
07:10:00,501209075,9,0,5,1,0
07:10:00,501209076,0,0,23,1,0
07:10:00,501209077,4,1,11,1,0
07:10:00,501209078,7,2,6,1,0
07:10:00,501209079,10,1,15,1,0
07:10:00,501209080,4,0,22,1,0
07:10:00,501209081,11,3,4,1,0
07:10:00,501209084,2,0,21,1,0
07:10:00,501209085,15,2,11,1,0
07:10:00,501209087,1,0,38,1,0
07:10:00,501209088,7,1,8,1,0
07:10:00,501209089,1,0,19,1,0
07:10:00,501209090,8,0,6,1,0
07:10:00,501209091,3,2,13,1,0
07:10:00,501209092,5,1,11,1,0
07:10:00,501209093,8,0,7,1,0
07:10:00,501209094,11,2,5,1,0
07:10:00,501209095,4,2,10,1,0
07:10:00,501209096,10,1,3,1,0
07:10:00,501209097,5,2,10,1,0
07:10:00,501209098,3,0,12,1,0
07:10:00,501209099,5,0,15,1,0
07:10:00,501209100,12,0,1,1,0
07:10:00,501209101,6,0,9,1,0
07:10:00,501209102,2,0,18,1,0
07:10:00,501209104,4,0,15,1,0
07:10:00,501209105,14,1,11,1,0
07:10:00,501209106,4,2,16,1,0
07:10:00,501211001,27,7,10,1,0
07:10:00,501211002,6,0,9,1,0
07:10:00,501211004,5,1,10,1,0
07:10:00,501211005,3,0,16,1,0
07:10:00,501211006,5,0,11,1,0
07:10:00,501211007,7,1,12,1,0
07:10:00,501211009,9,0,9,1,0
07:10:00,501211011,13,1,17,1,0
07:10:00,501211012,8,1,10,1,0
07:20:00,501201001,0,0,0,2,0
07:20:00,501201002,14,0,26,1,0
07:20:00,501201003,4,0,19,1,0
07:20:00,501201004,11,0,3,1,0
07:20:00,501201005,8,0,11,1,0
07:20:00,501201006,11,0,17,1,0
07:20:00,501201007,4,0,15,1,0
07:20:00,501201008,5,0,20,1,0
07:20:00,501201010,3,1,7,1,0
07:20:00,501201011,6,1,15,1,0
07:20:00,501201012,22,2,18,1,0
07:20:00,501201013,5,0,17,1,0
07:20:00,501201014,10,0,9,1,0
07:20:00,501201015,4,1,21,1,0
07:20:00,501201016,15,3,10,1,0
07:20:00,501201017,9,1,18,1,0
07:20:00,501201018,9,1,15,1,0
07:20:00,501201019,18,0,10,1,0
07:20:00,501201020,6,0,18,1,0
07:20:00,501201021,10,0,5,1,0
07:20:00,501201022,5,0,11,1,0
07:20:00,501201023,1,0,27,1,0
07:20:00,501201024,8,1,15,1,0
07:20:00,501201025,4,1,20,1,0
07:20:00,501201026,11,0,8,1,0
07:20:00,501201028,8,3,11,1,0
07:20:00,501201029,7,0,6,1,0
07:20:00,501201030,7,0,7,1,0
07:20:00,501201031,5,0,12,1,0
07:20:00,501202001,2,1,12,1,0
07:20:00,501202003,4,0,36,1,0
07:20:00,501202013,11,1,6,1,0
07:20:00,501202023,4,0,9,1,0
07:20:00,501202024,4,0,11,1,0
07:20:00,501202034,10,4,5,1,0
07:20:00,501202035,13,0,16,1,0
07:20:00,501202036,23,0,16,1,0
07:20:00,501202040,3,0,42,1,0
07:20:00,501202043,6,1,19,1,0
07:20:00,501202044,0,0,0,2,0
07:20:00,501202047,2,0,20,1,0
07:20:00,501202050,5,0,11,1,0
07:20:00,501202055,8,0,7,1,0
07:20:00,501202058,9,0,6,1,0
07:20:00,501202065,13,1,2,1,0
07:20:00,501202068,5,0,13,1,0
07:20:00,501202070,11,0,5,1,0
07:20:00,501202078,8,0,17,1,0
07:20:00,501202080,7,0,19,1,0
07:20:00,501202081,15,0,8,1,0
07:20:00,501202082,0,0,21,1,0
07:20:00,501202083,6,0,17,1,0
07:20:00,501202084,6,1,18,1,0
07:20:00,501202085,6,0,29,1,0
07:20:00,501202088,6,0,24,1,0
07:20:00,501202089,5,0,24,1,0
07:20:00,501202096,8,3,6,1,0
07:20:00,501203001,0,0,20,1,0
07:20:00,501203002,9,0,13,1,0
07:20:00,501203003,4,0,89,1,0
07:20:00,501203005,2,0,18,1,0
07:20:00,501203006,1,0,14,1,0
07:20:00,501203007,12,0,3,1,0
07:20:00,501203008,5,0,11,1,0
07:20:00,501203010,16,0,17,1,0
07:20:00,501203011,23,8,14,1,0
07:20:00,501203012,6,2,10,1,0
07:20:00,501203013,11,1,13,1,0
07:20:00,501203015,10,0,2,1,0
07:20:00,501203020,5,0,15,1,0
07:20:00,501203022,1,0,17,1,0
07:20:00,501203023,4,0,14,1,0
07:20:00,501203028,9,1,16,1,0
07:20:00,501203040,9,0,13,1,0
07:20:00,501203045,1,0,17,1,0
07:20:00,501203050,34,0,26,1,0
07:20:00,501203051,4,1,20,1,0
07:20:00,501203053,6,0,20,1,0
07:20:00,501203054,8,1,14,1,0
07:20:00,501203064,10,0,5,1,0
07:20:00,501203065,1,0,15,1,0
07:20:00,501203070,4,0,11,1,0
07:20:00,501203073,4,0,20,1,0
07:20:00,501203076,5,0,11,1,0
07:20:00,501203078,10,1,6,1,0
07:20:00,501203080,5,0,10,1,0
07:20:00,501203084,3,1,8,1,0
07:20:00,501203085,5,1,5,1,0
07:20:00,501203088,5,0,9,1,0
07:20:00,501203089,1,0,11,1,0
07:20:00,501203090,6,1,3,1,0
07:20:00,501203091,10,3,3,1,0
07:20:00,501203092,4,0,16,1,0
07:20:00,501203100,0,0,19,1,0
07:20:00,501203101,0,0,0,2,0
07:20:00,501203102,11,0,8,1,0
07:20:00,501203104,11,1,7,1,0
07:20:00,501203105,5,2,6,1,0
07:20:00,501203107,0,0,0,2,0
07:20:00,501203109,2,1,24,1,0
07:20:00,501203110,1,1,40,1,0
07:20:00,501203111,6,0,5,1,0
07:20:00,501203113,14,1,4,1,0
07:20:00,501203114,13,2,37,1,0
07:20:00,501203117,0,0,0,2,0
07:20:00,501203118,8,2,12,1,0
07:20:00,501203121,13,2,11,1,0
07:20:00,501203122,14,1,6,1,0
07:20:00,501203125,0,0,25,1,0
07:20:00,501203131,8,2,12,1,0
07:20:00,501203140,14,1,27,1,0
07:20:00,501203141,5,0,11,1,0
07:20:00,501203142,29,0,45,1,0
07:20:00,501203145,9,0,6,1,0
07:20:00,501203151,3,0,15,1,0
07:20:00,501203155,5,1,14,1,0
07:20:00,501203157,2,1,15,1,0
07:20:00,501203159,2,1,18,1,0
07:20:00,501203161,3,2,15,1,0
07:20:00,501203162,13,0,8,1,0
07:20:00,501203163,12,1,4,1,0
07:20:00,501204001,5,1,20,1,0
07:20:00,501204002,3,1,32,1,0
07:20:00,501204003,15,1,27,1,0
07:20:00,501204004,5,0,9,1,0
07:20:00,501204005,8,3,12,1,0
07:20:00,501204007,3,0,33,1,0
07:20:00,501204008,0,0,14,1,0
07:20:00,501204009,0,0,0,2,0
07:20:00,501204010,0,0,0,2,0
07:20:00,501204011,2,1,13,1,0
07:20:00,501204012,6,1,8,1,0
07:20:00,501204013,7,0,7,1,0
07:20:00,501204014,5,1,11,1,0
07:20:00,501204015,9,0,6,1,0
07:20:00,501204016,2,0,18,1,0
07:20:00,501204017,5,0,10,1,0
07:20:00,501204018,10,0,14,1,0
07:20:00,501204020,2,1,17,1,0
07:20:00,501204021,1,0,19,1,0
07:20:00,501204022,2,0,14,1,0
07:20:00,501204023,9,2,6,1,0
07:20:00,501204024,0,0,0,2,0
07:20:00,501204025,14,0,5,1,0
07:20:00,501205001,9,0,8,1,0
07:20:00,501205003,8,0,11,1,0
07:20:00,501205004,8,3,8,1,0
07:20:00,501205005,11,1,11,1,0
07:20:00,501205006,14,0,6,1,0
07:20:00,501205007,1,0,11,1,0
07:20:00,501205008,10,1,16,1,0
07:20:00,501205009,2,1,43,1,0
07:20:00,501205010,2,0,12,1,0
07:20:00,501205011,1,1,30,1,0
07:20:00,501205012,5,1,15,1,0
07:20:00,501205013,4,0,17,1,0
07:20:00,501205014,4,1,19,1,0
07:20:00,501205015,3,1,14,1,0
07:20:00,501205018,3,0,14,1,0
07:20:00,501205019,13,0,15,1,0
07:20:00,501205020,3,1,27,1,0
07:20:00,501205021,10,1,5,1,0
07:20:00,501205022,11,2,4,1,0
07:20:00,501205023,10,1,4,1,0
07:20:00,501205025,17,2,11,1,0
07:20:00,501205026,7,1,12,1,0
07:20:00,501205027,1,0,9,1,0
07:20:00,501205028,10,2,5,1,0
07:20:00,501205029,8,0,2,1,0
07:20:00,501205030,9,0,1,1,0
07:20:00,501205033,3,0,12,1,0
07:20:00,501205034,15,2,13,1,0
07:20:00,501205035,11,3,5,1,0
07:20:00,501205036,4,0,11,1,0
07:20:00,501205037,3,1,13,1,0
07:20:00,501205038,8,0,12,1,0
07:20:00,501205039,6,0,14,1,0
07:20:00,501205040,14,0,11,1,0
07:20:00,501205041,1,0,16,1,0
07:20:00,501205042,4,0,25,1,0
07:20:00,501208011,24,2,12,1,0
07:20:00,501208013,41,1,13,1,0
07:20:00,501208014,19,1,19,1,0
07:20:00,501208015,6,0,8,1,0
07:20:00,501208018,3,0,11,1,0
07:20:00,501208021,7,0,10,1,0
07:20:00,501208027,3,0,26,1,0
07:20:00,501208029,12,0,10,1,0
07:20:00,501208030,21,0,17,1,0
07:20:00,501208032,3,2,25,1,0
07:20:00,501208040,7,1,12,1,0
07:20:00,501208041,3,0,12,1,0
07:20:00,501208045,2,0,29,1,0
07:20:00,501208051,4,1,31,1,0
07:20:00,501208053,12,0,9,1,0
07:20:00,501208054,0,0,28,1,0
07:20:00,501208059,1,0,26,1,0
07:20:00,501208064,7,0,13,1,0
07:20:00,501208077,7,0,3,1,0
07:20:00,501208079,2,0,19,1,0
07:20:00,501208082,2,0,8,1,0
07:20:00,501208085,12,1,5,1,0
07:20:00,501208087,20,1,11,1,0
07:20:00,501208089,15,1,10,1,0
07:20:00,501208091,3,1,40,1,0
07:20:00,501208111,6,0,9,1,0
07:20:00,501208113,7,0,13,1,0
07:20:00,501208114,7,1,13,1,0
07:20:00,501208129,7,0,16,1,0
07:20:00,501208130,1,0,14,1,0
07:20:00,501209002,10,0,10,1,0
07:20:00,501209003,4,1,10,1,0
07:20:00,501209004,2,0,12,1,0
07:20:00,501209005,10,1,8,1,0
07:20:00,501209006,8,2,11,1,0
07:20:00,501209007,9,0,6,1,0
07:20:00,501209009,0,0,0,2,0
07:20:00,501209010,10,0,4,1,0
07:20:00,501209011,5,1,20,1,0
07:20:00,501209014,5,0,7,1,0
07:20:00,501209015,11,1,4,1,0
07:20:00,501209016,5,2,24,1,0
07:20:00,501209017,3,0,10,1,0
07:20:00,501209018,10,3,7,1,0
07:20:00,501209019,3,2,22,1,0
07:20:00,501209020,9,4,22,1,0
07:20:00,501209021,5,0,9,1,0
07:20:00,501209022,5,1,5,1,0
07:20:00,501209023,19,0,22,1,0
07:20:00,501209024,5,0,37,1,0
07:20:00,501209025,1,0,14,1,0
07:20:00,501209026,10,0,15,1,0
07:20:00,501209027,5,1,14,1,0
07:20:00,501209028,1,0,27,1,0
07:20:00,501209030,10,1,8,1,0
07:20:00,501209031,7,1,23,1,0
07:20:00,501209032,3,0,25,1,0
07:20:00,501209033,9,4,11,1,0
07:20:00,501209034,4,0,11,1,0
07:20:00,501209035,1,0,27,1,0
07:20:00,501209036,11,2,18,1,0
07:20:00,501209037,10,1,26,1,0
07:20:00,501209038,10,0,5,1,0
07:20:00,501209039,9,0,21,1,0
07:20:00,501209040,0,0,31,1,0
07:20:00,501209042,6,0,14,1,0
07:20:00,501209043,5,0,19,1,0
07:20:00,501209044,12,4,3,1,0
07:20:00,501209045,7,0,8,1,0
07:20:00,501209046,5,0,17,1,0
07:20:00,501209047,8,3,6,1,0
07:20:00,501209049,2,2,18,1,0
07:20:00,501209050,13,4,0,1,0
07:20:00,501209051,5,1,19,1,0
07:20:00,501209052,2,0,18,1,0
07:20:00,501209053,1,1,19,1,0
07:20:00,501209054,2,0,24,1,0
07:20:00,501209056,13,0,2,1,0
07:20:00,501209058,13,2,3,1,0
07:20:00,501209059,1,0,14,1,0
07:20:00,501209060,14,2,6,1,0
07:20:00,501209062,2,0,13,1,0
07:20:00,501209064,7,0,8,1,0
07:20:00,501209065,2,0,13,1,0
07:20:00,501209066,8,1,6,1,0
07:20:00,501209067,9,0,5,1,0
07:20:00,501209068,4,1,13,1,0
07:20:00,501209069,8,0,55,1,0
07:20:00,501209070,9,0,8,1,0
07:20:00,501209071,1,0,16,1,0
07:20:00,501209073,10,2,5,1,0
07:20:00,501209074,15,0,8,1,0
07:20:00,501209075,9,0,5,1,0
07:20:00,501209076,0,0,23,1,0
07:20:00,501209077,4,1,11,1,0
07:20:00,501209078,7,2,6,1,0
07:20:00,501209079,10,1,15,1,0
07:20:00,501209080,4,0,22,1,0
07:20:00,501209081,11,3,4,1,0
07:20:00,501209084,2,0,21,1,0
07:20:00,501209085,16,2,10,1,0
07:20:00,501209087,1,0,38,1,0
07:20:00,501209088,7,1,8,1,0
07:20:00,501209089,1,0,19,1,0
07:20:00,501209090,6,0,8,1,0
07:20:00,501209091,3,2,13,1,0
07:20:00,501209092,4,0,11,1,0
07:20:00,501209093,10,0,5,1,0
07:20:00,501209094,11,2,5,1,0
07:20:00,501209095,3,2,11,1,0
07:20:00,501209096,10,1,3,1,0
07:20:00,501209097,5,2,10,1,0
07:20:00,501209098,3,0,12,1,0
07:20:00,501209099,5,0,15,1,0
07:20:00,501209100,12,0,1,1,0
07:20:00,501209101,6,0,9,1,0
07:20:00,501209102,2,0,18,1,0
07:20:00,501209104,4,0,15,1,0
07:20:00,501209105,14,1,11,1,0
07:20:00,501209106,4,2,16,1,0
07:20:00,501211001,29,7,8,1,0
07:20:00,501211002,6,0,9,1,0
07:20:00,501211004,5,1,10,1,0
07:20:00,501211005,3,0,16,1,0
07:20:00,501211006,5,0,11,1,0
07:20:00,501211007,6,1,13,1,0
07:20:00,501211009,9,0,9,1,0
07:20:00,501211011,13,1,17,1,0
07:20:00,501211012,8,1,10,1,0
07:30:00,501201001,0,0,0,2,0
07:30:00,501201002,14,0,26,1,0
07:30:00,501201003,3,0,20,1,0
07:30:00,501201004,7,0,7,1,0
07:30:00,501201005,8,0,11,1,0
07:30:00,501201006,11,0,17,1,0
07:30:00,501201007,4,0,15,1,0
07:30:00,501201008,5,0,20,1,0
07:30:00,501201010,3,1,7,1,0
07:30:00,501201011,6,1,15,1,0
07:30:00,501201012,21,2,19,1,0
07:30:00,501201013,5,0,17,1,0
07:30:00,501201014,10,0,9,1,0
07:30:00,501201015,3,1,22,1,0
07:30:00,501201016,16,3,9,1,0
07:30:00,501201017,7,0,20,1,0
07:30:00,501201018,9,1,15,1,0
07:30:00,501201019,16,0,12,1,0
07:30:00,501201020,7,1,17,1,0
07:30:00,501201021,10,0,5,1,0
07:30:00,501201022,5,0,11,1,0
07:30:00,501201023,1,0,27,1,0
07:30:00,501201024,7,0,16,1,0
07:30:00,501201025,5,1,19,1,0
07:30:00,501201026,11,0,8,1,0
07:30:00,501201028,8,3,11,1,0
07:30:00,501201029,7,0,6,1,0
07:30:00,501201030,8,0,6,1,0
07:30:00,501201031,5,0,12,1,0
07:30:00,501202001,3,1,11,1,0
07:30:00,501202003,4,0,36,1,0
07:30:00,501202013,15,1,2,1,0
07:30:00,501202023,4,0,9,1,0
07:30:00,501202024,6,0,9,1,0
07:30:00,501202034,9,3,6,1,0
07:30:00,501202035,11,0,18,1,0
07:30:00,501202036,22,0,17,1,0
07:30:00,501202040,3,0,42,1,0
07:30:00,501202043,8,1,17,1,0
07:30:00,501202044,0,0,0,2,0
07:30:00,501202047,2,0,20,1,0
07:30:00,501202050,4,0,12,1,0
07:30:00,501202055,7,0,8,1,0
07:30:00,501202058,9,0,6,1,0
07:30:00,501202065,13,1,2,1,0
07:30:00,501202068,5,0,13,1,0
07:30:00,501202070,11,0,5,1,0
07:30:00,501202078,8,0,17,1,0
07:30:00,501202080,7,0,19,1,0
07:30:00,501202081,14,0,9,1,0
07:30:00,501202082,0,0,21,1,0
07:30:00,501202083,6,0,17,1,0
07:30:00,501202084,6,0,18,1,0
07:30:00,501202085,4,0,31,1,0
07:30:00,501202088,6,0,24,1,0
07:30:00,501202089,5,0,24,1,0
07:30:00,501202096,8,3,6,1,0
07:30:00,501203001,0,0,20,1,0
07:30:00,501203002,9,0,13,1,0
07:30:00,501203003,1,0,92,1,0
07:30:00,501203005,2,0,18,1,0
07:30:00,501203006,1,0,14,1,0
07:30:00,501203007,12,0,3,1,0
07:30:00,501203008,5,0,11,1,0
07:30:00,501203010,16,0,17,1,0
07:30:00,501203011,21,8,16,1,0
07:30:00,501203012,6,2,10,1,0
07:30:00,501203013,10,1,14,1,0
07:30:00,501203015,10,0,2,1,0
07:30:00,501203020,5,0,15,1,0
07:30:00,501203022,1,0,17,1,0
07:30:00,501203023,4,0,14,1,0
07:30:00,501203028,8,0,17,1,0
07:30:00,501203040,6,0,16,1,0
07:30:00,501203045,2,0,16,1,0
07:30:00,501203050,32,1,28,1,0
07:30:00,501203051,4,1,20,1,0
07:30:00,501203053,6,0,20,1,0
07:30:00,501203054,8,1,14,1,0
07:30:00,501203064,7,0,8,1,0
07:30:00,501203065,1,0,15,1,0
07:30:00,501203070,4,0,11,1,0
07:30:00,501203073,4,0,20,1,0
07:30:00,501203076,5,0,11,1,0
07:30:00,501203078,11,1,5,1,0
07:30:00,501203080,5,0,10,1,0
07:30:00,501203084,2,1,9,1,0
07:30:00,501203085,5,1,5,1,0
07:30:00,501203088,5,0,9,1,0
07:30:00,501203089,1,0,11,1,0
07:30:00,501203090,6,1,3,1,0
07:30:00,501203091,6,3,7,1,0
07:30:00,501203092,3,0,17,1,0
07:30:00,501203100,0,0,19,1,0
07:30:00,501203101,0,0,0,2,0
07:30:00,501203102,11,0,8,1,0
07:30:00,501203104,10,1,8,1,0
07:30:00,501203105,5,2,6,1,0
07:30:00,501203107,0,0,0,2,0
07:30:00,501203109,2,2,24,1,0
07:30:00,501203110,1,1,40,1,0
07:30:00,501203111,6,0,5,1,0
07:30:00,501203113,14,1,4,1,0
07:30:00,501203114,15,1,35,1,0
07:30:00,501203117,0,0,0,2,0
07:30:00,501203118,8,1,12,1,0
07:30:00,501203121,13,2,11,1,0
07:30:00,501203122,14,1,6,1,0
07:30:00,501203125,1,0,24,1,0
07:30:00,501203131,8,2,12,1,0
07:30:00,501203140,13,1,28,1,0
07:30:00,501203141,5,0,11,1,0
07:30:00,501203142,29,0,45,1,0
07:30:00,501203145,9,0,6,1,0
07:30:00,501203151,4,0,14,1,0
07:30:00,501203155,6,1,13,1,0
07:30:00,501203157,2,1,15,1,0
07:30:00,501203159,2,1,18,1,0
07:30:00,501203161,5,2,13,1,0
07:30:00,501203162,13,0,8,1,0
07:30:00,501203163,13,1,3,1,0
07:30:00,501204001,5,1,20,1,0
07:30:00,501204002,3,1,32,1,0
07:30:00,501204003,17,0,25,1,0
07:30:00,501204004,6,1,8,1,0
07:30:00,501204005,7,3,13,1,0
07:30:00,501204007,4,0,32,1,0
07:30:00,501204008,0,0,14,1,0
07:30:00,501204009,0,0,0,2,0
07:30:00,501204010,0,0,0,2,0
07:30:00,501204011,2,1,13,1,0
07:30:00,501204012,5,1,9,1,0
07:30:00,501204013,5,0,9,1,0
07:30:00,501204014,5,1,11,1,0
07:30:00,501204015,8,0,7,1,0
07:30:00,501204016,2,0,18,1,0
07:30:00,501204017,5,0,10,1,0
07:30:00,501204018,10,0,14,1,0
07:30:00,501204020,2,1,17,1,0
07:30:00,501204021,1,0,19,1,0
07:30:00,501204022,2,0,14,1,0
07:30:00,501204023,7,2,8,1,0
07:30:00,501204024,0,0,0,2,0
07:30:00,501204025,14,0,5,1,0
07:30:00,501205001,10,0,7,1,0
07:30:00,501205003,8,0,11,1,0
07:30:00,501205004,8,3,8,1,0
07:30:00,501205005,11,1,11,1,0
07:30:00,501205006,13,0,7,1,0
07:30:00,501205007,2,0,10,1,0
07:30:00,501205008,10,1,16,1,0
07:30:00,501205009,2,1,43,1,0
07:30:00,501205010,3,0,11,1,0
07:30:00,501205011,1,1,30,1,0
07:30:00,501205012,5,1,15,1,0
07:30:00,501205013,4,0,17,1,0
07:30:00,501205014,4,1,19,1,0
07:30:00,501205015,2,1,15,1,0
07:30:00,501205018,4,0,13,1,0
07:30:00,501205019,13,0,15,1,0
07:30:00,501205020,3,1,27,1,0
07:30:00,501205021,11,2,4,1,0
07:30:00,501205022,11,2,4,1,0
07:30:00,501205023,10,1,4,1,0
07:30:00,501205025,18,2,10,1,0
07:30:00,501205026,7,1,12,1,0
07:30:00,501205027,1,0,9,1,0
07:30:00,501205028,12,1,3,1,0
07:30:00,501205029,7,0,3,1,0
07:30:00,501205030,9,0,1,1,0
07:30:00,501205033,3,0,12,1,0
07:30:00,501205034,15,2,13,1,0
07:30:00,501205035,11,3,5,1,0
07:30:00,501205036,4,0,11,1,0
07:30:00,501205037,3,1,13,1,0
07:30:00,501205038,9,0,11,1,0
07:30:00,501205039,7,0,13,1,0
07:30:00,501205040,12,0,13,1,0
07:30:00,501205041,1,0,16,1,0
07:30:00,501205042,4,0,25,1,0
07:30:00,501208011,25,3,11,1,0
07:30:00,501208013,42,2,12,1,0
07:30:00,501208014,19,1,19,1,0
07:30:00,501208015,8,0,7,1,0
07:30:00,501208018,10,0,4,1,0
07:30:00,501208021,7,0,10,1,0
07:30:00,501208027,3,0,26,1,0
07:30:00,501208029,12,0,10,1,0
07:30:00,501208030,22,0,16,1,0
07:30:00,501208032,3,2,25,1,0
07:30:00,501208040,7,1,12,1,0
07:30:00,501208041,3,0,12,1,0
07:30:00,501208045,2,0,29,1,0
07:30:00,501208051,4,1,31,1,0
07:30:00,501208053,12,0,9,1,0
07:30:00,501208054,0,0,28,1,0
07:30:00,501208059,1,0,26,1,0
07:30:00,501208064,7,0,13,1,0
07:30:00,501208077,7,0,3,1,0
07:30:00,501208079,2,0,19,1,0
07:30:00,501208082,2,0,8,1,0
07:30:00,501208085,12,1,5,1,0
07:30:00,501208087,20,1,11,1,0
07:30:00,501208089,15,1,10,1,0
07:30:00,501208091,3,1,40,1,0
07:30:00,501208111,6,0,9,1,0
07:30:00,501208113,7,0,13,1,0
07:30:00,501208114,7,1,13,1,0
07:30:00,501208129,7,0,16,1,0
07:30:00,501208130,1,0,14,1,0
07:30:00,501209002,10,0,10,1,0
07:30:00,501209003,3,0,11,1,0
07:30:00,501209004,2,0,12,1,0
07:30:00,501209005,11,2,7,1,0
07:30:00,501209006,8,2,11,1,0
07:30:00,501209007,8,0,7,1,0
07:30:00,501209009,0,0,0,2,0
07:30:00,501209010,10,0,4,1,0
07:30:00,501209011,5,1,20,1,0
07:30:00,501209014,5,0,7,1,0
07:30:00,501209015,11,1,4,1,0
07:30:00,501209016,4,2,25,1,0
07:30:00,501209017,3,0,10,1,0
07:30:00,501209018,11,4,5,1,0
07:30:00,501209019,4,2,21,1,0
07:30:00,501209020,11,4,20,1,0
07:30:00,501209021,5,0,9,1,0
07:30:00,501209022,5,1,5,1,0
07:30:00,501209023,19,0,22,1,0
07:30:00,501209024,4,0,38,1,0
07:30:00,501209025,1,0,14,1,0
07:30:00,501209026,10,0,15,1,0
07:30:00,501209027,5,1,14,1,0
07:30:00,501209028,1,0,27,1,0
07:30:00,501209030,10,1,8,1,0
07:30:00,501209031,7,1,23,1,0
07:30:00,501209032,3,0,25,1,0
07:30:00,501209033,9,4,11,1,0
07:30:00,501209034,4,0,11,1,0
07:30:00,501209035,1,0,27,1,0
07:30:00,501209036,11,2,18,1,0
07:30:00,501209037,10,1,26,1,0
07:30:00,501209038,10,0,5,1,0
07:30:00,501209039,9,0,21,1,0
07:30:00,501209040,0,0,31,1,0
07:30:00,501209042,7,0,13,1,0
07:30:00,501209043,6,0,18,1,0
07:30:00,501209044,12,4,3,1,0
07:30:00,501209045,7,0,8,1,0
07:30:00,501209046,5,0,17,1,0
07:30:00,501209047,8,3,6,1,0
07:30:00,501209049,2,2,18,1,0
07:30:00,501209050,12,3,1,1,0
07:30:00,501209051,5,1,19,1,0
07:30:00,501209052,2,0,18,1,0
07:30:00,501209053,1,1,19,1,0
07:30:00,501209054,2,0,24,1,0
07:30:00,501209056,13,0,2,1,0
07:30:00,501209058,12,1,4,1,0
07:30:00,501209059,2,0,13,1,0
07:30:00,501209060,16,2,4,1,0
07:30:00,501209062,2,0,13,1,0
07:30:00,501209064,7,0,8,1,0
07:30:00,501209065,1,0,14,1,0
07:30:00,501209066,6,1,8,1,0
07:30:00,501209067,9,0,5,1,0
07:30:00,501209068,4,1,13,1,0
07:30:00,501209069,9,0,54,1,0
07:30:00,501209070,7,0,10,1,0
07:30:00,501209071,0,0,17,1,0
07:30:00,501209073,10,2,5,1,0
07:30:00,501209074,15,0,8,1,0
07:30:00,501209075,9,0,5,1,0
07:30:00,501209076,0,0,23,1,0
07:30:00,501209077,4,1,11,1,0
07:30:00,501209078,7,2,6,1,0
07:30:00,501209079,11,2,14,1,0
07:30:00,501209080,3,0,23,1,0
07:30:00,501209081,11,3,4,1,0
07:30:00,501209084,2,0,21,1,0
07:30:00,501209085,16,2,10,1,0
07:30:00,501209087,2,1,37,1,0
07:30:00,501209088,7,1,8,1,0
07:30:00,501209089,1,0,19,1,0
07:30:00,501209090,6,0,8,1,0
07:30:00,501209091,2,1,14,1,0
07:30:00,501209092,4,0,11,1,0
07:30:00,501209093,10,0,5,1,0
07:30:00,501209094,11,2,5,1,0
07:30:00,501209095,3,2,11,1,0
07:30:00,501209096,10,1,3,1,0
07:30:00,501209097,5,2,10,1,0
07:30:00,501209098,3,0,12,1,0
07:30:00,501209099,5,0,15,1,0
07:30:00,501209100,12,0,1,1,0
07:30:00,501209101,6,0,9,1,0
07:30:00,501209102,2,0,18,1,0
07:30:00,501209104,4,0,15,1,0
07:30:00,501209105,14,1,11,1,0
07:30:00,501209106,4,2,16,1,0
07:30:00,501211001,29,7,8,1,0
07:30:00,501211002,6,0,9,1,0
07:30:00,501211004,5,1,10,1,0
07:30:00,501211005,3,0,16,1,0
07:30:00,501211006,5,0,11,1,0
07:30:00,501211007,6,1,13,1,0
07:30:00,501211009,9,0,9,1,0
07:30:00,501211011,13,1,17,1,0
07:30:00,501211012,9,1,9,1,0
07:40:00,501201001,0,0,0,2,0
07:40:00,501201002,14,0,26,1,0
07:40:00,501201003,4,0,19,1,0
07:40:00,501201004,7,0,7,1,0
07:40:00,501201005,8,0,11,1,0
07:40:00,501201006,11,0,17,1,0
07:40:00,501201007,4,0,15,1,0
07:40:00,501201008,5,0,20,1,0
07:40:00,501201010,3,1,7,1,0
07:40:00,501201011,6,1,15,1,0
07:40:00,501201012,21,2,19,1,0
07:40:00,501201013,5,0,17,1,0
07:40:00,501201014,10,0,9,1,0
07:40:00,501201015,2,1,23,1,0
07:40:00,501201016,18,3,7,1,0
07:40:00,501201017,8,0,19,1,0
07:40:00,501201018,9,1,15,1,0
07:40:00,501201019,15,1,13,1,0
07:40:00,501201020,7,1,17,1,0
07:40:00,501201021,11,0,4,1,0
07:40:00,501201022,5,0,11,1,0
07:40:00,501201023,1,0,27,1,0
07:40:00,501201024,8,0,15,1,0
07:40:00,501201025,3,0,21,1,0
07:40:00,501201026,11,0,8,1,0
07:40:00,501201028,8,3,11,1,0
07:40:00,501201029,7,0,6,1,0
07:40:00,501201030,6,0,8,1,0
07:40:00,501201031,5,0,12,1,0
07:40:00,501202001,3,1,11,1,0
07:40:00,501202003,3,0,37,1,0
07:40:00,501202013,16,1,1,1,0
07:40:00,501202023,4,0,9,1,0
07:40:00,501202024,7,0,8,1,0
07:40:00,501202034,9,3,6,1,0
07:40:00,501202035,8,0,21,1,0
07:40:00,501202036,22,0,17,1,0
07:40:00,501202040,4,0,41,1,0
07:40:00,501202043,8,1,17,1,0
07:40:00,501202044,0,0,0,2,0
07:40:00,501202047,2,0,20,1,0
07:40:00,501202050,4,0,12,1,0
07:40:00,501202055,6,0,9,1,0
07:40:00,501202058,9,0,6,1,0
07:40:00,501202065,13,1,2,1,0
07:40:00,501202068,4,0,14,1,0
07:40:00,501202070,12,0,4,1,0
07:40:00,501202078,7,0,18,1,0
07:40:00,501202080,7,0,19,1,0
07:40:00,501202081,13,0,10,1,0
07:40:00,501202082,0,0,21,1,0
07:40:00,501202083,6,0,17,1,0
07:40:00,501202084,7,1,17,1,0
07:40:00,501202085,2,0,33,1,0
07:40:00,501202088,6,0,24,1,0
07:40:00,501202089,5,0,24,1,0
07:40:00,501202096,8,3,6,1,0
07:40:00,501203001,0,0,20,1,0
07:40:00,501203002,10,1,12,1,0
07:40:00,501203003,2,1,91,1,0
07:40:00,501203005,2,0,18,1,0
07:40:00,501203006,1,0,14,1,0
07:40:00,501203007,12,0,3,1,0
07:40:00,501203008,5,0,11,1,0
07:40:00,501203010,16,0,17,1,0
07:40:00,501203011,20,5,17,1,0
07:40:00,501203012,6,2,10,1,0
07:40:00,501203013,9,0,15,1,0
07:40:00,501203015,10,0,2,1,0
07:40:00,501203020,3,0,17,1,0
07:40:00,501203022,1,0,17,1,0
07:40:00,501203023,5,0,13,1,0
07:40:00,501203028,8,0,17,1,0
07:40:00,501203040,6,0,16,1,0
07:40:00,501203045,2,1,16,1,0
07:40:00,501203050,26,0,34,1,0
07:40:00,501203051,4,1,20,1,0
07:40:00,501203053,6,0,20,1,0
07:40:00,501203054,9,1,13,1,0
07:40:00,501203064,7,0,8,1,0
07:40:00,501203065,1,0,15,1,0
07:40:00,501203070,5,0,10,1,0
07:40:00,501203073,4,0,20,1,0
07:40:00,501203076,5,0,11,1,0
07:40:00,501203078,11,1,5,1,0
07:40:00,501203080,3,0,12,1,0
07:40:00,501203084,3,1,8,1,0
07:40:00,501203085,4,0,6,1,0
07:40:00,501203088,5,0,9,1,0
07:40:00,501203089,1,0,11,1,0
07:40:00,501203090,6,1,3,1,0
07:40:00,501203091,7,3,6,1,0
07:40:00,501203092,2,0,18,1,0
07:40:00,501203100,3,0,16,1,0
07:40:00,501203101,0,0,0,2,0
07:40:00,501203102,11,0,7,1,0
07:40:00,501203104,10,1,8,1,0
07:40:00,501203105,5,2,6,1,0
07:40:00,501203107,0,0,0,2,0
07:40:00,501203109,2,2,24,1,0
07:40:00,501203110,1,1,40,1,0
07:40:00,501203111,7,0,4,1,0
07:40:00,501203113,17,1,1,1,0
07:40:00,501203114,19,1,31,1,0
07:40:00,501203117,0,0,0,2,0
07:40:00,501203118,8,1,12,1,0
07:40:00,501203121,12,1,12,1,0
07:40:00,501203122,14,1,6,1,0
07:40:00,501203125,1,0,24,1,0
07:40:00,501203131,7,2,13,1,0
07:40:00,501203140,12,1,29,1,0
07:40:00,501203141,5,0,11,1,0
07:40:00,501203142,28,0,46,1,0
07:40:00,501203145,10,0,5,1,0
07:40:00,501203151,4,0,14,1,0
07:40:00,501203155,6,1,13,1,0
07:40:00,501203157,2,1,15,1,0
07:40:00,501203159,3,1,17,1,0
07:40:00,501203161,6,2,12,1,0
07:40:00,501203162,13,0,8,1,0
07:40:00,501203163,12,0,4,1,0
07:40:00,501204001,4,1,21,1,0
07:40:00,501204002,4,2,31,1,0
07:40:00,501204003,17,0,25,1,0
07:40:00,501204004,5,0,9,1,0
07:40:00,501204005,6,2,14,1,0
07:40:00,501204007,5,0,31,1,0
07:40:00,501204008,1,1,13,1,0
07:40:00,501204009,0,0,0,2,0
07:40:00,501204010,0,0,0,2,0
07:40:00,501204011,4,1,11,1,0
07:40:00,501204012,6,1,8,1,0
07:40:00,501204013,4,0,10,1,0
07:40:00,501204014,5,1,11,1,0
07:40:00,501204015,9,0,6,1,0
07:40:00,501204016,2,0,18,1,0
07:40:00,501204017,4,0,11,1,0
07:40:00,501204018,10,0,14,1,0
07:40:00,501204020,2,1,17,1,0
07:40:00,501204021,2,0,18,1,0
07:40:00,501204022,2,0,14,1,0
07:40:00,501204023,5,2,10,1,0
07:40:00,501204024,0,0,0,2,0
07:40:00,501204025,6,0,13,1,0
07:40:00,501205001,10,0,7,1,0
07:40:00,501205003,8,0,11,1,0
07:40:00,501205004,8,3,8,1,0
07:40:00,501205005,11,1,11,1,0
07:40:00,501205006,12,0,8,1,0
07:40:00,501205007,2,0,10,1,0
07:40:00,501205008,10,1,16,1,0
07:40:00,501205009,2,1,43,1,0
07:40:00,501205010,3,0,11,1,0
07:40:00,501205011,1,1,30,1,0
07:40:00,501205012,4,0,16,1,0
07:40:00,501205013,4,0,17,1,0
07:40:00,501205014,3,1,20,1,0
07:40:00,501205015,3,1,14,1,0
07:40:00,501205018,3,0,14,1,0
07:40:00,501205019,13,0,15,1,0
07:40:00,501205020,2,1,28,1,0
07:40:00,501205021,12,2,3,1,0
07:40:00,501205022,11,1,4,1,0
07:40:00,501205023,9,0,5,1,0
07:40:00,501205025,18,3,10,1,0
07:40:00,501205026,7,1,12,1,0
07:40:00,501205027,1,0,9,1,0
07:40:00,501205028,13,1,2,1,0
07:40:00,501205029,7,0,3,1,0
07:40:00,501205030,9,0,1,1,0
07:40:00,501205033,3,0,12,1,0
07:40:00,501205034,14,1,14,1,0
07:40:00,501205035,11,3,5,1,0
07:40:00,501205036,3,0,12,1,0
07:40:00,501205037,2,0,14,1,0
07:40:00,501205038,9,0,11,1,0
07:40:00,501205039,7,0,13,1,0
07:40:00,501205040,11,0,14,1,0
07:40:00,501205041,1,0,16,1,0
07:40:00,501205042,5,0,24,1,0
07:40:00,501208011,27,4,9,1,0
07:40:00,501208013,42,2,12,1,0
07:40:00,501208014,17,0,21,1,0
07:40:00,501208015,7,0,7,1,0
07:40:00,501208018,10,0,4,1,0
07:40:00,501208021,8,1,9,1,0
07:40:00,501208027,3,0,26,1,0
07:40:00,501208029,11,0,11,1,0
07:40:00,501208030,22,1,16,1,0
07:40:00,501208032,2,1,26,1,0
07:40:00,501208040,8,1,11,1,0
07:40:00,501208041,3,0,12,1,0
07:40:00,501208045,2,0,29,1,0
07:40:00,501208051,5,2,30,1,0
07:40:00,501208053,12,0,9,1,0
07:40:00,501208054,0,0,28,1,0
07:40:00,501208059,1,0,26,1,0
07:40:00,501208064,7,0,13,1,0
07:40:00,501208077,6,0,4,1,0
07:40:00,501208079,2,0,19,1,0
07:40:00,501208082,2,0,8,1,0
07:40:00,501208085,12,1,5,1,0
07:40:00,501208087,19,0,12,1,0
07:40:00,501208089,15,1,10,1,0
07:40:00,501208091,3,1,40,1,0
07:40:00,501208111,5,0,10,1,0
07:40:00,501208113,7,0,13,1,0
07:40:00,501208114,7,1,13,1,0
07:40:00,501208129,8,0,15,1,0
07:40:00,501208130,1,0,14,1,0
07:40:00,501209002,10,0,10,1,0
07:40:00,501209003,3,0,11,1,0
07:40:00,501209004,2,0,12,1,0
07:40:00,501209005,10,1,8,1,0
07:40:00,501209006,8,2,11,1,0
07:40:00,501209007,8,0,7,1,0
07:40:00,501209009,0,0,0,2,0
07:40:00,501209010,9,0,5,1,0
07:40:00,501209011,5,1,20,1,0
07:40:00,501209014,5,0,7,1,0
07:40:00,501209015,11,1,4,1,0
07:40:00,501209016,4,2,25,1,0
07:40:00,501209017,4,1,9,1,0
07:40:00,501209018,13,3,3,1,0
07:40:00,501209019,2,2,23,1,0
07:40:00,501209020,11,3,20,1,0
07:40:00,501209021,5,0,9,1,0
07:40:00,501209022,5,1,5,1,0
07:40:00,501209023,16,0,25,1,0
07:40:00,501209024,5,0,37,1,0
07:40:00,501209025,1,0,14,1,0
07:40:00,501209026,10,0,15,1,0
07:40:00,501209027,5,1,14,1,0
07:40:00,501209028,2,0,26,1,0
07:40:00,501209030,9,0,9,1,0
07:40:00,501209031,7,1,23,1,0
07:40:00,501209032,4,0,24,1,0
07:40:00,501209033,8,3,12,1,0
07:40:00,501209034,4,0,11,1,0
07:40:00,501209035,1,0,27,1,0
07:40:00,501209036,11,2,18,1,0
07:40:00,501209037,10,1,26,1,0
07:40:00,501209038,10,0,5,1,0
07:40:00,501209039,9,0,21,1,0
07:40:00,501209040,0,0,31,1,0
07:40:00,501209042,6,0,14,1,0
07:40:00,501209043,5,0,19,1,0
07:40:00,501209044,12,4,3,1,0
07:40:00,501209045,7,0,8,1,0
07:40:00,501209046,1,0,21,1,0
07:40:00,501209047,8,3,6,1,0
07:40:00,501209049,2,1,18,1,0
07:40:00,501209050,12,3,1,1,0
07:40:00,501209051,5,1,19,1,0
07:40:00,501209052,2,0,18,1,0
07:40:00,501209053,1,1,19,1,0
07:40:00,501209054,0,0,26,1,0
07:40:00,501209056,13,0,2,1,0
07:40:00,501209058,11,1,5,1,0
07:40:00,501209059,2,0,13,1,0
07:40:00,501209060,15,2,5,1,0
07:40:00,501209062,2,0,13,1,0
07:40:00,501209064,7,0,8,1,0
07:40:00,501209065,1,0,14,1,0
07:40:00,501209066,6,1,8,1,0
07:40:00,501209067,8,0,6,1,0
07:40:00,501209068,4,1,13,1,0
07:40:00,501209069,13,0,50,1,0
07:40:00,501209070,8,0,9,1,0
07:40:00,501209071,0,0,17,1,0
07:40:00,501209073,10,2,5,1,0
07:40:00,501209074,15,0,8,1,0
07:40:00,501209075,10,1,4,1,0
07:40:00,501209076,0,0,23,1,0
07:40:00,501209077,4,1,11,1,0
07:40:00,501209078,7,2,6,1,0
07:40:00,501209079,7,1,18,1,0
07:40:00,501209080,5,0,21,1,0
07:40:00,501209081,11,3,4,1,0
07:40:00,501209084,2,0,21,1,0
07:40:00,501209085,16,2,10,1,0
07:40:00,501209087,5,1,34,1,0
07:40:00,501209088,7,1,8,1,0
07:40:00,501209089,1,0,19,1,0
07:40:00,501209090,6,0,8,1,0
07:40:00,501209091,1,1,15,1,0
07:40:00,501209092,4,0,11,1,0
07:40:00,501209093,10,0,5,1,0
07:40:00,501209094,11,2,5,1,0
07:40:00,501209095,3,2,11,1,0
07:40:00,501209096,9,1,4,1,0
07:40:00,501209097,5,2,10,1,0
07:40:00,501209098,3,0,12,1,0
07:40:00,501209099,5,0,15,1,0
07:40:00,501209100,12,0,1,1,0
07:40:00,501209101,6,0,9,1,0
07:40:00,501209102,2,0,18,1,0
07:40:00,501209104,4,0,15,1,0
07:40:00,501209105,14,1,11,1,0
07:40:00,501209106,4,2,16,1,0
07:40:00,501211001,29,7,8,1,0
07:40:00,501211002,4,0,11,1,0
07:40:00,501211004,5,1,10,1,0
07:40:00,501211005,3,0,16,1,0
07:40:00,501211006,5,0,11,1,0
07:40:00,501211007,6,1,13,1,0
07:40:00,501211009,9,0,9,1,0
07:40:00,501211011,13,1,17,1,0
07:40:00,501211012,9,1,9,1,0
07:50:00,501201001,0,0,0,2,0
07:50:00,501201002,14,0,26,1,0
07:50:00,501201003,4,0,19,1,0
07:50:00,501201004,7,0,7,1,0
07:50:00,501201005,8,0,11,1,0
07:50:00,501201006,12,0,16,1,0
07:50:00,501201007,3,0,16,1,0
07:50:00,501201008,5,0,20,1,0
07:50:00,501201010,3,1,7,1,0
07:50:00,501201011,5,0,16,1,0
07:50:00,501201012,22,2,18,1,0
07:50:00,501201013,6,0,16,1,0
07:50:00,501201014,11,1,8,1,0
07:50:00,501201015,1,1,24,1,0
07:50:00,501201016,18,3,7,1,0
07:50:00,501201017,7,0,20,1,0
07:50:00,501201018,9,1,15,1,0
07:50:00,501201019,16,1,12,1,0
07:50:00,501201020,7,1,17,1,0
07:50:00,501201021,10,0,5,1,0
07:50:00,501201022,4,0,12,1,0
07:50:00,501201023,1,0,27,1,0
07:50:00,501201024,8,0,15,1,0
07:50:00,501201025,4,1,20,1,0
07:50:00,501201026,11,0,8,1,0
07:50:00,501201028,8,3,11,1,0
07:50:00,501201029,7,0,6,1,0
07:50:00,501201030,5,0,9,1,0
07:50:00,501201031,5,0,12,1,0
07:50:00,501202001,3,1,11,1,0
07:50:00,501202003,3,0,37,1,0
07:50:00,501202013,16,1,1,1,0
07:50:00,501202023,6,0,7,1,0
07:50:00,501202024,7,0,8,1,0
07:50:00,501202034,9,2,6,1,0
07:50:00,501202035,6,0,23,1,0
07:50:00,501202036,21,0,18,1,0
07:50:00,501202040,4,0,41,1,0
07:50:00,501202043,10,0,15,1,0
07:50:00,501202044,0,0,0,2,0
07:50:00,501202047,2,0,20,1,0
07:50:00,501202050,4,0,12,1,0
07:50:00,501202055,6,0,9,1,0
07:50:00,501202058,9,0,6,1,0
07:50:00,501202065,13,1,2,1,0
07:50:00,501202068,5,1,13,1,0
07:50:00,501202070,12,0,4,1,0
07:50:00,501202078,7,0,18,1,0
07:50:00,501202080,9,0,17,1,0
07:50:00,501202081,13,0,10,1,0
07:50:00,501202082,0,0,21,1,0
07:50:00,501202083,6,0,17,1,0
07:50:00,501202084,7,1,17,1,0
07:50:00,501202085,3,0,32,1,0
07:50:00,501202088,6,0,24,1,0
07:50:00,501202089,5,0,24,1,0
07:50:00,501202096,8,3,6,1,0
07:50:00,501203001,7,3,13,1,0
07:50:00,501203002,9,0,13,1,0
07:50:00,501203003,3,1,91,1,0
07:50:00,501203005,2,0,18,1,0
07:50:00,501203006,1,0,14,1,0
07:50:00,501203007,13,1,2,1,0
07:50:00,501203008,5,0,11,1,0
07:50:00,501203010,16,0,17,1,0
07:50:00,501203011,20,5,17,1,0
07:50:00,501203012,6,2,10,1,0
07:50:00,501203013,8,0,16,1,0
07:50:00,501203015,9,0,3,1,0
07:50:00,501203020,3,0,17,1,0
07:50:00,501203022,1,0,17,1,0
07:50:00,501203023,7,0,11,1,0
07:50:00,501203028,7,0,18,1,0
07:50:00,501203040,6,0,16,1,0
07:50:00,501203045,6,1,12,1,0
07:50:00,501203050,23,0,37,1,0
07:50:00,501203051,4,1,20,1,0
07:50:00,501203053,6,0,20,1,0
07:50:00,501203054,8,1,14,1,0
07:50:00,501203064,6,0,9,1,0
07:50:00,501203065,1,0,15,1,0
07:50:00,501203070,5,0,10,1,0
07:50:00,501203073,4,0,20,1,0
07:50:00,501203076,4,0,12,1,0
07:50:00,501203078,12,1,4,1,0
07:50:00,501203080,3,0,12,1,0
07:50:00,501203084,3,1,8,1,0
07:50:00,501203085,3,0,7,1,0
07:50:00,501203088,6,0,8,1,0
07:50:00,501203089,1,0,11,1,0
07:50:00,501203090,6,1,3,1,0
07:50:00,501203091,7,3,6,1,0
07:50:00,501203092,2,0,18,1,0
07:50:00,501203100,2,0,17,1,0
07:50:00,501203101,0,0,0,2,0
07:50:00,501203102,10,0,8,1,0
07:50:00,501203104,10,1,8,1,0
07:50:00,501203105,5,2,6,1,0
07:50:00,501203107,0,0,0,2,0
07:50:00,501203109,2,2,24,1,0
07:50:00,501203110,2,1,39,1,0
07:50:00,501203111,7,0,4,1,0
07:50:00,501203113,16,0,2,1,0
07:50:00,501203114,27,2,23,1,0
07:50:00,501203117,0,0,0,2,0
07:50:00,501203118,8,1,12,1,0
07:50:00,501203121,10,1,14,1,0
07:50:00,501203122,14,1,6,1,0
07:50:00,501203125,1,0,24,1,0
07:50:00,501203131,7,2,13,1,0
07:50:00,501203140,11,0,30,1,0
07:50:00,501203141,5,0,11,1,0
07:50:00,501203142,30,1,45,1,0
07:50:00,501203145,10,0,5,1,0
07:50:00,501203151,5,0,13,1,0
07:50:00,501203155,6,1,13,1,0
07:50:00,501203157,2,1,15,1,0
07:50:00,501203159,3,1,17,1,0
07:50:00,501203161,5,0,13,1,0
07:50:00,501203162,13,0,8,1,0
07:50:00,501203163,12,0,4,1,0
07:50:00,501204001,5,1,20,1,0
07:50:00,501204002,4,2,31,1,0
07:50:00,501204003,14,1,28,1,0
07:50:00,501204004,5,0,9,1,0
07:50:00,501204005,6,2,14,1,0
07:50:00,501204007,5,0,31,1,0
07:50:00,501204008,1,1,13,1,0
07:50:00,501204009,0,0,0,2,0
07:50:00,501204010,0,0,0,2,0
07:50:00,501204011,3,1,12,1,0
07:50:00,501204012,11,1,3,1,0
07:50:00,501204013,4,0,10,1,0
07:50:00,501204014,5,1,11,1,0
07:50:00,501204015,10,1,5,1,0
07:50:00,501204016,2,0,18,1,0
07:50:00,501204017,4,0,11,1,0
07:50:00,501204018,10,0,14,1,0
07:50:00,501204020,4,1,15,1,0
07:50:00,501204021,1,0,19,1,0
07:50:00,501204022,2,0,14,1,0
07:50:00,501204023,5,2,10,1,0
07:50:00,501204024,0,0,0,2,0
07:50:00,501204025,6,0,13,1,0
07:50:00,501205001,10,0,7,1,0
07:50:00,501205003,8,0,11,1,0
07:50:00,501205004,8,3,8,1,0
07:50:00,501205005,12,1,10,1,0
07:50:00,501205006,12,0,8,1,0
07:50:00,501205007,2,0,10,1,0
07:50:00,501205008,8,1,18,1,0
07:50:00,501205009,2,1,43,1,0
07:50:00,501205010,4,1,10,1,0
07:50:00,501205011,1,1,30,1,0
07:50:00,501205012,4,0,16,1,0
07:50:00,501205013,4,0,17,1,0
07:50:00,501205014,3,1,20,1,0
07:50:00,501205015,7,1,10,1,0
07:50:00,501205018,3,0,14,1,0
07:50:00,501205019,13,0,15,1,0
07:50:00,501205020,2,1,28,1,0
07:50:00,501205021,12,2,3,1,0
07:50:00,501205022,9,1,6,1,0
07:50:00,501205023,9,0,5,1,0
07:50:00,501205025,18,2,10,1,0
07:50:00,501205026,7,1,12,1,0
07:50:00,501205027,1,0,9,1,0
07:50:00,501205028,11,1,4,1,0
07:50:00,501205029,7,0,3,1,0
07:50:00,501205030,9,0,1,1,0
07:50:00,501205033,3,0,12,1,0
07:50:00,501205034,14,1,14,1,0
07:50:00,501205035,11,3,5,1,0
07:50:00,501205036,3,0,12,1,0
07:50:00,501205037,3,0,13,1,0
07:50:00,501205038,9,0,11,1,0
07:50:00,501205039,10,3,10,1,0
07:50:00,501205040,11,0,14,1,0
07:50:00,501205041,1,0,16,1,0
07:50:00,501205042,6,1,23,1,0
07:50:00,501208011,29,4,7,1,0
07:50:00,501208013,42,2,12,1,0
07:50:00,501208014,19,1,19,1,0
07:50:00,501208015,7,0,7,1,0
07:50:00,501208018,10,0,4,1,0
07:50:00,501208021,8,1,9,1,0
07:50:00,501208027,3,0,26,1,0
07:50:00,501208029,10,0,12,1,0
07:50:00,501208030,22,1,16,1,0
07:50:00,501208032,3,1,25,1,0
07:50:00,501208040,7,1,12,1,0
07:50:00,501208041,3,0,12,1,0
07:50:00,501208045,2,0,29,1,0
07:50:00,501208051,4,1,31,1,0
07:50:00,501208053,12,0,9,1,0
07:50:00,501208054,0,0,28,1,0
07:50:00,501208059,1,0,26,1,0
07:50:00,501208064,8,0,12,1,0
07:50:00,501208077,6,0,4,1,0
07:50:00,501208079,3,0,18,1,0
07:50:00,501208082,1,0,9,1,0
07:50:00,501208085,13,2,4,1,0
07:50:00,501208087,19,0,12,1,0
07:50:00,501208089,13,1,12,1,0
07:50:00,501208091,3,1,40,1,0
07:50:00,501208111,5,0,10,1,0
07:50:00,501208113,7,0,13,1,0
07:50:00,501208114,7,1,13,1,0
07:50:00,501208129,8,0,15,1,0
07:50:00,501208130,1,0,14,1,0
07:50:00,501209002,10,0,10,1,0
07:50:00,501209003,4,1,10,1,0
07:50:00,501209004,2,0,12,1,0
07:50:00,501209005,10,1,8,1,0
07:50:00,501209006,8,2,11,1,0
07:50:00,501209007,9,0,6,1,0
07:50:00,501209009,0,0,0,2,0
07:50:00,501209010,9,0,5,1,0
07:50:00,501209011,5,1,20,1,0
07:50:00,501209014,6,1,6,1,0
07:50:00,501209015,11,1,4,1,0
07:50:00,501209016,4,2,25,1,0
07:50:00,501209017,4,0,9,1,0
07:50:00,501209018,14,6,2,1,0
07:50:00,501209019,3,2,22,1,0
07:50:00,501209020,11,3,20,1,0
07:50:00,501209021,5,0,9,1,0
07:50:00,501209022,5,1,5,1,0
07:50:00,501209023,15,0,26,1,0
07:50:00,501209024,5,0,37,1,0
07:50:00,501209025,1,0,14,1,0
07:50:00,501209026,9,0,16,1,0
07:50:00,501209027,4,1,15,1,0
07:50:00,501209028,2,0,26,1,0
07:50:00,501209030,8,0,10,1,0
07:50:00,501209031,7,1,23,1,0
07:50:00,501209032,4,0,24,1,0
07:50:00,501209033,9,3,11,1,0
07:50:00,501209034,4,0,11,1,0
07:50:00,501209035,1,0,27,1,0
07:50:00,501209036,11,2,18,1,0
07:50:00,501209037,10,1,26,1,0
07:50:00,501209038,9,0,6,1,0
07:50:00,501209039,9,0,21,1,0
07:50:00,501209040,0,0,31,1,0
07:50:00,501209042,8,0,12,1,0
07:50:00,501209043,6,0,18,1,0
07:50:00,501209044,12,4,3,1,0
07:50:00,501209045,7,0,8,1,0
07:50:00,501209046,1,0,21,1,0
07:50:00,501209047,8,3,6,1,0
07:50:00,501209049,1,0,19,1,0
07:50:00,501209050,12,3,1,1,0
07:50:00,501209051,6,1,18,1,0
07:50:00,501209052,2,0,18,1,0
07:50:00,501209053,2,1,18,1,0
07:50:00,501209054,0,0,26,1,0
07:50:00,501209056,12,0,3,1,0
07:50:00,501209058,10,0,6,1,0
07:50:00,501209059,3,0,12,1,0
07:50:00,501209060,14,1,6,1,0
07:50:00,501209062,2,0,13,1,0
07:50:00,501209064,7,0,8,1,0
07:50:00,501209065,1,0,14,1,0
07:50:00,501209066,7,2,7,1,0
07:50:00,501209067,8,0,6,1,0
07:50:00,501209068,4,1,13,1,0
07:50:00,501209069,13,0,50,1,0
07:50:00,501209070,8,0,9,1,0
07:50:00,501209071,0,0,17,1,0
07:50:00,501209073,9,1,6,1,0
07:50:00,501209074,15,0,8,1,0
07:50:00,501209075,11,1,3,1,0
07:50:00,501209076,1,0,22,1,0
07:50:00,501209077,4,1,11,1,0
07:50:00,501209078,7,2,6,1,0
07:50:00,501209079,7,1,18,1,0
07:50:00,501209080,6,1,20,1,0
07:50:00,501209081,10,3,5,1,0
07:50:00,501209084,2,0,21,1,0
07:50:00,501209085,17,2,9,1,0
07:50:00,501209087,7,3,32,1,0
07:50:00,501209088,7,1,8,1,0
07:50:00,501209089,3,0,17,1,0
07:50:00,501209090,6,0,8,1,0
07:50:00,501209091,1,1,15,1,0
07:50:00,501209092,4,0,11,1,0
07:50:00,501209093,9,0,6,1,0
07:50:00,501209094,10,1,6,1,0
07:50:00,501209095,5,2,9,1,0
07:50:00,501209096,9,1,4,1,0
07:50:00,501209097,5,1,10,1,0
07:50:00,501209098,3,0,12,1,0
07:50:00,501209099,5,0,15,1,0
07:50:00,501209100,12,0,1,1,0
07:50:00,501209101,6,0,9,1,0
07:50:00,501209102,2,0,18,1,0
07:50:00,501209104,4,0,15,1,0
07:50:00,501209105,15,1,10,1,0
07:50:00,501209106,4,2,16,1,0
07:50:00,501211001,28,5,9,1,0
07:50:00,501211002,4,0,11,1,0
07:50:00,501211004,5,1,10,1,0
07:50:00,501211005,3,0,16,1,0
07:50:00,501211006,5,0,11,1,0
07:50:00,501211007,6,1,13,1,0
07:50:00,501211009,9,0,9,1,0
07:50:00,501211011,13,1,17,1,0
07:50:00,501211012,9,1,9,1,0
08:00:00,501201001,0,0,0,2,0
08:00:00,501201002,14,0,26,1,0
08:00:00,501201003,4,0,19,1,0
08:00:00,501201004,7,0,7,1,0
08:00:00,501201005,8,0,11,1,0
08:00:00,501201006,14,0,14,1,0
08:00:00,501201007,2,0,17,1,0
08:00:00,501201008,4,0,21,1,0
08:00:00,501201010,2,1,8,1,0
08:00:00,501201011,5,0,16,1,0
08:00:00,501201012,22,2,18,1,0
08:00:00,501201013,6,0,16,1,0
08:00:00,501201014,10,1,9,1,0
08:00:00,501201015,1,1,24,1,0
08:00:00,501201016,18,3,7,1,0
08:00:00,501201017,5,0,22,1,0
08:00:00,501201018,9,1,15,1,0
08:00:00,501201019,15,0,13,1,0
08:00:00,501201020,7,1,17,1,0
08:00:00,501201021,10,0,5,1,0
08:00:00,501201022,4,0,12,1,0
08:00:00,501201023,1,0,27,1,0
08:00:00,501201024,8,0,15,1,0
08:00:00,501201025,4,1,20,1,0
08:00:00,501201026,11,0,8,1,0
08:00:00,501201028,9,3,10,1,0
08:00:00,501201029,7,0,6,1,0
08:00:00,501201030,5,0,9,1,0
08:00:00,501201031,5,0,12,1,0
08:00:00,501202001,3,1,11,1,0
08:00:00,501202003,3,0,37,1,0
08:00:00,501202013,17,1,0,1,0
08:00:00,501202023,6,0,7,1,0
08:00:00,501202024,11,0,4,1,0
08:00:00,501202034,9,2,6,1,0
08:00:00,501202035,22,1,7,1,0
08:00:00,501202036,23,1,16,1,0
08:00:00,501202040,4,0,41,1,0
08:00:00,501202043,10,0,15,1,0
08:00:00,501202044,0,0,0,2,0
08:00:00,501202047,2,0,20,1,0
08:00:00,501202050,5,0,11,1,0
08:00:00,501202055,9,0,6,1,0
08:00:00,501202058,11,1,4,1,0
08:00:00,501202065,13,1,2,1,0
08:00:00,501202068,5,1,13,1,0
08:00:00,501202070,11,0,5,1,0
08:00:00,501202078,7,0,18,1,0
08:00:00,501202080,10,0,16,1,0
08:00:00,501202081,11,0,12,1,0
08:00:00,501202082,1,1,20,1,0
08:00:00,501202083,6,0,17,1,0
08:00:00,501202084,6,0,18,1,0
08:00:00,501202085,3,0,32,1,0
08:00:00,501202088,6,0,24,1,0
08:00:00,501202089,3,0,26,1,0
08:00:00,501202096,8,3,6,1,0
08:00:00,501203001,6,2,14,1,0
08:00:00,501203002,8,0,14,1,0
08:00:00,501203003,7,1,87,1,0
08:00:00,501203005,2,0,18,1,0
08:00:00,501203006,3,0,12,1,0
08:00:00,501203007,13,1,2,1,0
08:00:00,501203008,5,0,11,1,0
08:00:00,501203010,16,0,17,1,0
08:00:00,501203011,20,5,17,1,0
08:00:00,501203012,6,2,10,1,0
08:00:00,501203013,5,0,19,1,0
08:00:00,501203015,8,0,4,1,0
08:00:00,501203020,2,0,18,1,0
08:00:00,501203022,1,0,17,1,0
08:00:00,501203023,6,0,12,1,0
08:00:00,501203028,7,0,18,1,0
08:00:00,501203040,6,0,16,1,0
08:00:00,501203045,8,2,10,1,0
08:00:00,501203050,24,0,36,1,0
08:00:00,501203051,4,1,20,1,0
08:00:00,501203053,8,0,18,1,0
08:00:00,501203054,8,1,14,1,0
08:00:00,501203064,7,0,8,1,0
08:00:00,501203065,0,0,16,1,0
08:00:00,501203070,5,0,10,1,0
08:00:00,501203073,4,0,20,1,0
08:00:00,501203076,4,0,12,1,0
08:00:00,501203078,12,1,4,1,0
08:00:00,501203080,3,0,12,1,0
08:00:00,501203084,3,1,8,1,0
08:00:00,501203085,3,0,7,1,0
08:00:00,501203088,6,0,8,1,0
08:00:00,501203089,1,0,11,1,0
08:00:00,501203090,7,2,2,1,0
08:00:00,501203091,7,3,6,1,0
08:00:00,501203092,2,0,18,1,0
08:00:00,501203100,2,0,17,1,0
08:00:00,501203101,0,0,0,2,0
08:00:00,501203102,10,0,8,1,0
08:00:00,501203104,10,1,8,1,0
08:00:00,501203105,5,2,6,1,0
08:00:00,501203107,0,0,0,2,0
08:00:00,501203109,2,2,24,1,0
08:00:00,501203110,2,1,39,1,0
08:00:00,501203111,7,1,4,1,0
08:00:00,501203113,17,0,1,1,0
08:00:00,501203114,32,3,18,1,0
08:00:00,501203117,0,0,0,2,0
08:00:00,501203118,7,1,13,1,0
08:00:00,501203121,10,1,14,1,0
08:00:00,501203122,14,1,6,1,0
08:00:00,501203125,1,0,24,1,0
08:00:00,501203131,7,2,13,1,0
08:00:00,501203140,11,0,30,1,0
08:00:00,501203141,5,0,11,1,0
08:00:00,501203142,29,1,46,1,0
08:00:00,501203145,10,1,5,1,0
08:00:00,501203151,7,0,11,1,0
08:00:00,501203155,6,1,13,1,0
08:00:00,501203157,2,1,15,1,0
08:00:00,501203159,3,1,17,1,0
08:00:00,501203161,5,0,13,1,0
08:00:00,501203162,13,0,8,1,0
08:00:00,501203163,12,0,4,1,0
08:00:00,501204001,5,1,20,1,0
08:00:00,501204002,1,0,34,1,0
08:00:00,501204003,11,1,31,1,0
08:00:00,501204004,5,0,9,1,0
08:00:00,501204005,6,2,14,1,0
08:00:00,501204007,5,0,31,1,0
08:00:00,501204008,1,1,13,1,0
08:00:00,501204009,0,0,0,2,0
08:00:00,501204010,0,0,0,2,0
08:00:00,501204011,1,0,14,1,0
08:00:00,501204012,13,1,1,1,0
08:00:00,501204013,4,0,10,1,0
08:00:00,501204014,5,1,11,1,0
08:00:00,501204015,10,1,5,1,0
08:00:00,501204016,2,0,18,1,0
08:00:00,501204017,4,0,11,1,0
08:00:00,501204018,11,1,13,1,0
08:00:00,501204020,4,1,15,1,0
08:00:00,501204021,0,0,20,1,0
08:00:00,501204022,2,0,14,1,0
08:00:00,501204023,6,2,9,1,0
08:00:00,501204024,0,0,0,2,0
08:00:00,501204025,6,0,13,1,0
08:00:00,501205001,9,0,8,1,0
08:00:00,501205003,8,0,11,1,0
08:00:00,501205004,8,3,8,1,0
08:00:00,501205005,11,1,11,1,0
08:00:00,501205006,12,0,8,1,0
08:00:00,501205007,1,0,11,1,0
08:00:00,501205008,8,1,18,1,0
08:00:00,501205009,2,0,43,1,0
08:00:00,501205010,5,1,9,1,0
08:00:00,501205011,3,1,28,1,0
08:00:00,501205012,4,0,16,1,0
08:00:00,501205013,5,0,16,1,0
08:00:00,501205014,2,1,21,1,0
08:00:00,501205015,7,1,10,1,0
08:00:00,501205018,2,0,15,1,0
08:00:00,501205019,16,0,12,1,0
08:00:00,501205020,2,1,28,1,0
08:00:00,501205021,12,2,3,1,0
08:00:00,501205022,9,1,6,1,0
08:00:00,501205023,6,0,8,1,0
08:00:00,501205025,14,0,14,1,0
08:00:00,501205026,7,1,12,1,0
08:00:00,501205027,1,0,9,1,0
08:00:00,501205028,8,0,7,1,0
08:00:00,501205029,6,0,4,1,0
08:00:00,501205030,5,0,5,1,0
08:00:00,501205033,3,0,12,1,0
08:00:00,501205034,14,1,14,1,0
08:00:00,501205035,11,3,5,1,0
08:00:00,501205036,3,0,12,1,0
08:00:00,501205037,3,0,13,1,0
08:00:00,501205038,9,0,11,1,0
08:00:00,501205039,10,3,10,1,0
08:00:00,501205040,11,0,14,1,0
08:00:00,501205041,2,0,15,1,0
08:00:00,501205042,6,1,23,1,0
08:00:00,501208011,30,4,6,1,0
08:00:00,501208013,41,1,13,1,0
08:00:00,501208014,20,1,18,1,0
08:00:00,501208015,7,0,7,1,0
08:00:00,501208018,10,0,4,1,0
08:00:00,501208021,8,1,9,1,0
08:00:00,501208027,4,1,25,1,0
08:00:00,501208029,9,0,13,1,0
08:00:00,501208030,23,1,15,1,0
08:00:00,501208032,3,1,25,1,0
08:00:00,501208040,7,1,12,1,0
08:00:00,501208041,3,0,12,1,0
08:00:00,501208045,2,0,29,1,0
08:00:00,501208051,4,1,31,1,0
08:00:00,501208053,12,0,9,1,0
08:00:00,501208054,4,0,24,1,0
08:00:00,501208059,1,0,26,1,0
08:00:00,501208064,8,0,12,1,0
08:00:00,501208077,6,0,4,1,0
08:00:00,501208079,3,0,18,1,0
08:00:00,501208082,2,0,8,1,0
08:00:00,501208085,13,2,4,1,0
08:00:00,501208087,19,0,12,1,0
08:00:00,501208089,13,1,12,1,0
08:00:00,501208091,3,1,40,1,0
08:00:00,501208111,5,0,10,1,0
08:00:00,501208113,7,0,13,1,0
08:00:00,501208114,7,1,13,1,0
08:00:00,501208129,7,0,16,1,0
08:00:00,501208130,1,0,14,1,0
08:00:00,501209002,9,0,11,1,0
08:00:00,501209003,3,0,11,1,0
08:00:00,501209004,2,0,12,1,0
08:00:00,501209005,10,1,8,1,0
08:00:00,501209006,8,2,11,1,0
08:00:00,501209007,8,0,7,1,0
08:00:00,501209009,0,0,0,2,0
08:00:00,501209010,9,0,5,1,0
08:00:00,501209011,5,2,20,1,0
08:00:00,501209014,6,1,6,1,0
08:00:00,501209015,11,1,4,1,0
08:00:00,501209016,4,2,25,1,0
08:00:00,501209017,6,2,7,1,0
08:00:00,501209018,16,9,0,1,0
08:00:00,501209019,3,2,22,1,0
08:00:00,501209020,12,3,19,1,0
08:00:00,501209021,5,0,9,1,0
08:00:00,501209022,4,1,6,1,0
08:00:00,501209023,11,0,30,1,0
08:00:00,501209024,5,0,37,1,0
08:00:00,501209025,1,0,14,1,0
08:00:00,501209026,9,0,16,1,0
08:00:00,501209027,4,0,15,1,0
08:00:00,501209028,2,0,26,1,0
08:00:00,501209030,6,0,12,1,0
08:00:00,501209031,7,1,23,1,0
08:00:00,501209032,4,0,24,1,0
08:00:00,501209033,8,3,12,1,0
08:00:00,501209034,5,1,10,1,0
08:00:00,501209035,1,0,27,1,0
08:00:00,501209036,11,2,18,1,0
08:00:00,501209037,10,1,26,1,0
08:00:00,501209038,8,0,7,1,0
08:00:00,501209039,10,0,20,1,0
08:00:00,501209040,0,0,31,1,0
08:00:00,501209042,4,0,16,1,0
08:00:00,501209043,7,0,17,1,0
08:00:00,501209044,12,4,3,1,0
08:00:00,501209045,9,0,6,1,0
08:00:00,501209046,2,1,20,1,0
08:00:00,501209047,7,3,7,1,0
08:00:00,501209049,2,1,18,1,0
08:00:00,501209050,11,2,2,1,0
08:00:00,501209051,6,1,18,1,0
08:00:00,501209052,2,0,18,1,0
08:00:00,501209053,2,1,18,1,0
08:00:00,501209054,1,0,25,1,0
08:00:00,501209056,12,0,3,1,0
08:00:00,501209058,10,0,6,1,0
08:00:00,501209059,3,0,12,1,0
08:00:00,501209060,14,1,6,1,0
08:00:00,501209062,2,0,13,1,0
08:00:00,501209064,7,0,8,1,0
08:00:00,501209065,0,0,15,1,0
08:00:00,501209066,6,1,8,1,0
08:00:00,501209067,8,0,6,1,0
08:00:00,501209068,4,1,13,1,0
08:00:00,501209069,16,0,47,1,0
08:00:00,501209070,8,0,9,1,0
08:00:00,501209071,0,0,17,1,0
08:00:00,501209073,9,1,6,1,0
08:00:00,501209074,15,0,8,1,0
08:00:00,501209075,12,2,2,1,0
08:00:00,501209076,1,0,22,1,0
08:00:00,501209077,2,1,13,1,0
08:00:00,501209078,7,2,6,1,0
08:00:00,501209079,7,1,18,1,0
08:00:00,501209080,7,2,19,1,0
08:00:00,501209081,10,3,5,1,0
08:00:00,501209084,2,0,21,1,0
08:00:00,501209085,17,2,9,1,0
08:00:00,501209087,10,6,29,1,0
08:00:00,501209088,7,1,8,1,0
08:00:00,501209089,3,0,17,1,0
08:00:00,501209090,5,0,9,1,0
08:00:00,501209091,1,1,15,1,0
08:00:00,501209092,3,0,12,1,0
08:00:00,501209093,9,1,6,1,0
08:00:00,501209094,10,1,6,1,0
08:00:00,501209095,5,2,9,1,0
08:00:00,501209096,9,1,4,1,0
08:00:00,501209097,5,1,10,1,0
08:00:00,501209098,3,0,12,1,0
08:00:00,501209099,5,0,15,1,0
08:00:00,501209100,12,0,1,1,0
08:00:00,501209101,6,0,9,1,0
08:00:00,501209102,2,0,18,1,0
08:00:00,501209104,4,0,15,1,0
08:00:00,501209105,16,1,9,1,0
08:00:00,501209106,5,3,15,1,0
08:00:00,501211001,29,5,8,1,0
08:00:00,501211002,4,0,11,1,0
08:00:00,501211004,5,1,10,1,0
08:00:00,501211005,3,0,16,1,0
08:00:00,501211006,5,0,11,1,0
08:00:00,501211007,6,1,13,1,0
08:00:00,501211009,9,0,9,1,0
08:00:00,501211011,13,1,17,1,0
08:00:00,501211012,9,1,9,1,0
08:10:00,501201001,0,0,0,2,0
08:10:00,501201002,14,0,26,1,0
08:10:00,501201003,4,0,19,1,0
08:10:00,501201004,8,0,6,1,0
08:10:00,501201005,7,0,12,1,0
08:10:00,501201006,13,0,15,1,0
08:10:00,501201007,3,1,16,1,0
08:10:00,501201008,2,0,23,1,0
08:10:00,501201010,2,1,8,1,0
08:10:00,501201011,4,0,17,1,0
08:10:00,501201012,18,2,22,1,0
08:10:00,501201013,7,0,15,1,0
08:10:00,501201014,10,1,9,1,0
08:10:00,501201015,1,0,24,1,0
08:10:00,501201016,18,3,7,1,0
08:10:00,501201017,7,0,20,1,0
08:10:00,501201018,8,0,16,1,0
08:10:00,501201019,15,0,13,1,0
08:10:00,501201020,7,1,17,1,0
08:10:00,501201021,10,0,5,1,0
08:10:00,501201022,7,1,9,1,0
08:10:00,501201023,1,0,27,1,0
08:10:00,501201024,11,0,12,1,0
08:10:00,501201025,3,1,21,1,0
08:10:00,501201026,11,0,8,1,0
08:10:00,501201028,10,3,9,1,0
08:10:00,501201029,7,0,6,1,0
08:10:00,501201030,6,1,8,1,0
08:10:00,501201031,5,0,12,1,0
08:10:00,501202001,3,1,11,1,0
08:10:00,501202003,2,0,38,1,0
08:10:00,501202013,17,1,0,1,0
08:10:00,501202023,6,0,7,1,0
08:10:00,501202024,12,1,3,1,0
08:10:00,501202034,7,1,8,1,0
08:10:00,501202035,26,2,4,1,0
08:10:00,501202036,23,1,16,1,0
08:10:00,501202040,5,0,40,1,0
08:10:00,501202043,10,0,15,1,0
08:10:00,501202044,0,0,0,2,0
08:10:00,501202047,2,0,20,1,0
08:10:00,501202050,5,0,11,1,0
08:10:00,501202055,7,0,8,1,0
08:10:00,501202058,9,0,6,1,0
08:10:00,501202065,13,1,2,1,0
08:10:00,501202068,4,1,14,1,0
08:10:00,501202070,13,1,3,1,0
08:10:00,501202078,7,0,18,1,0
08:10:00,501202080,11,0,15,1,0
08:10:00,501202081,10,1,13,1,0
08:10:00,501202082,7,3,16,1,0
08:10:00,501202083,5,0,18,1,0
08:10:00,501202084,4,0,20,1,0
08:10:00,501202085,2,0,33,1,0
08:10:00,501202088,6,0,24,1,0
08:10:00,501202089,3,0,26,1,0
08:10:00,501202096,8,3,6,1,0
08:10:00,501203001,5,1,15,1,0
08:10:00,501203002,8,0,14,1,0
08:10:00,501203003,7,1,87,1,0
08:10:00,501203005,2,0,18,1,0
08:10:00,501203006,3,0,12,1,0
08:10:00,501203007,13,1,2,1,0
08:10:00,501203008,5,0,11,1,0
08:10:00,501203010,16,0,17,1,0
08:10:00,501203011,21,5,16,1,0
08:10:00,501203012,6,2,10,1,0
08:10:00,501203013,5,0,19,1,0
08:10:00,501203015,8,0,4,1,0
08:10:00,501203020,4,0,16,1,0
08:10:00,501203022,2,0,16,1,0
08:10:00,501203023,6,0,12,1,0
08:10:00,501203028,7,0,18,1,0
08:10:00,501203040,6,0,16,1,0
08:10:00,501203045,8,2,10,1,0
08:10:00,501203050,23,0,37,1,0
08:10:00,501203051,4,1,20,1,0
08:10:00,501203053,8,0,18,1,0
08:10:00,501203054,9,1,13,1,0
08:10:00,501203064,6,0,9,1,0
08:10:00,501203065,1,0,15,1,0
08:10:00,501203070,5,0,10,1,0
08:10:00,501203073,4,0,20,1,0
08:10:00,501203076,4,0,12,1,0
08:10:00,501203078,12,1,4,1,0
08:10:00,501203080,3,0,12,1,0
08:10:00,501203084,2,0,9,1,0
08:10:00,501203085,3,0,7,1,0
08:10:00,501203088,5,0,9,1,0
08:10:00,501203089,1,0,11,1,0
08:10:00,501203090,7,2,2,1,0
08:10:00,501203091,7,3,6,1,0
08:10:00,501203092,2,0,18,1,0
08:10:00,501203100,1,0,18,1,0
08:10:00,501203101,0,0,0,2,0
08:10:00,501203102,9,0,9,1,0
08:10:00,501203104,10,1,8,1,0
08:10:00,501203105,4,0,7,1,0
08:10:00,501203107,0,0,0,2,0
08:10:00,501203109,3,0,23,1,0
08:10:00,501203110,3,2,38,1,0
08:10:00,501203111,7,0,4,1,0
08:10:00,501203113,16,0,2,1,0
08:10:00,501203114,32,2,18,1,0
08:10:00,501203117,0,0,0,2,0
08:10:00,501203118,7,1,13,1,0
08:10:00,501203121,10,1,14,1,0
08:10:00,501203122,14,1,6,1,0
08:10:00,501203125,0,0,25,1,0
08:10:00,501203131,6,2,14,1,0
08:10:00,501203140,20,6,21,1,0
08:10:00,501203141,5,0,11,1,0
08:10:00,501203142,26,1,49,1,0
08:10:00,501203145,10,1,5,1,0
08:10:00,501203151,6,0,12,1,0
08:10:00,501203155,6,1,13,1,0
08:10:00,501203157,3,1,14,1,0
08:10:00,501203159,3,1,17,1,0
08:10:00,501203161,6,0,12,1,0
08:10:00,501203162,13,0,8,1,0
08:10:00,501203163,12,0,4,1,0
08:10:00,501204001,4,1,21,1,0
08:10:00,501204002,2,0,33,1,0
08:10:00,501204003,10,1,32,1,0
08:10:00,501204004,5,0,9,1,0
08:10:00,501204005,7,2,13,1,0
08:10:00,501204007,5,0,31,1,0
08:10:00,501204008,1,1,13,1,0
08:10:00,501204009,0,0,0,2,0
08:10:00,501204010,0,0,0,2,0
08:10:00,501204011,0,0,15,1,0
08:10:00,501204012,11,0,3,1,0
08:10:00,501204013,3,0,11,1,0
08:10:00,501204014,5,1,11,1,0
08:10:00,501204015,9,0,6,1,0
08:10:00,501204016,2,0,18,1,0
08:10:00,501204017,4,0,11,1,0
08:10:00,501204018,11,1,13,1,0
08:10:00,501204020,4,1,15,1,0
08:10:00,501204021,0,0,20,1,0
08:10:00,501204022,3,0,13,1,0
08:10:00,501204023,6,2,9,1,0
08:10:00,501204024,0,0,0,2,0
08:10:00,501204025,6,0,13,1,0
08:10:00,501205001,9,0,8,1,0
08:10:00,501205003,7,0,12,1,0
08:10:00,501205004,8,3,8,1,0
08:10:00,501205005,10,1,12,1,0
08:10:00,501205006,14,0,6,1,0
08:10:00,501205007,0,0,12,1,0
08:10:00,501205008,8,1,18,1,0
08:10:00,501205009,2,0,43,1,0
08:10:00,501205010,9,1,5,1,0
08:10:00,501205011,1,1,30,1,0
08:10:00,501205012,5,0,15,1,0
08:10:00,501205013,6,0,15,1,0
08:10:00,501205014,2,1,21,1,0
08:10:00,501205015,8,1,9,1,0
08:10:00,501205018,2,0,15,1,0
08:10:00,501205019,16,0,12,1,0
08:10:00,501205020,3,1,27,1,0
08:10:00,501205021,12,2,3,1,0
08:10:00,501205022,9,1,6,1,0
08:10:00,501205023,8,0,6,1,0
08:10:00,501205025,8,0,20,1,0
08:10:00,501205026,6,0,13,1,0
08:10:00,501205027,3,0,7,1,0
08:10:00,501205028,8,0,7,1,0
08:10:00,501205029,6,0,4,1,0
08:10:00,501205030,5,0,5,1,0
08:10:00,501205033,2,0,13,1,0
08:10:00,501205034,14,0,14,1,0
08:10:00,501205035,11,3,5,1,0
08:10:00,501205036,3,0,12,1,0
08:10:00,501205037,3,0,13,1,0
08:10:00,501205038,9,0,11,1,0
08:10:00,501205039,10,3,10,1,0
08:10:00,501205040,11,0,14,1,0
08:10:00,501205041,3,0,14,1,0
08:10:00,501205042,6,1,23,1,0
08:10:00,501208011,28,2,8,1,0
08:10:00,501208013,41,1,13,1,0
08:10:00,501208014,20,2,18,1,0
08:10:00,501208015,5,0,9,1,0
08:10:00,501208018,11,0,3,1,0
08:10:00,501208021,8,1,9,1,0
08:10:00,501208027,5,1,24,1,0
08:10:00,501208029,8,0,14,1,0
08:10:00,501208030,22,1,16,1,0
08:10:00,501208032,3,1,25,1,0
08:10:00,501208040,8,1,11,1,0
08:10:00,501208041,3,0,12,1,0
08:10:00,501208045,2,0,29,1,0
08:10:00,501208051,4,1,31,1,0
08:10:00,501208053,11,0,10,1,0
08:10:00,501208054,4,0,24,1,0
08:10:00,501208059,1,0,26,1,0
08:10:00,501208064,7,0,13,1,0
08:10:00,501208077,6,0,4,1,0
08:10:00,501208079,2,0,19,1,0
08:10:00,501208082,2,0,8,1,0
08:10:00,501208085,13,2,4,1,0
08:10:00,501208087,20,0,11,1,0
08:10:00,501208089,12,1,13,1,0
08:10:00,501208091,3,1,40,1,0
08:10:00,501208111,6,0,9,1,0
08:10:00,501208113,7,0,13,1,0
08:10:00,501208114,7,1,13,1,0
08:10:00,501208129,7,0,16,1,0
08:10:00,501208130,1,0,14,1,0
08:10:00,501209002,9,0,11,1,0
08:10:00,501209003,3,0,11,1,0
08:10:00,501209004,3,1,11,1,0
08:10:00,501209005,10,1,8,1,0
08:10:00,501209006,8,2,11,1,0
08:10:00,501209007,8,0,7,1,0
08:10:00,501209009,0,0,0,2,0
08:10:00,501209010,9,0,5,1,0
08:10:00,501209011,3,0,22,1,0
08:10:00,501209014,6,1,6,1,0
08:10:00,501209015,11,1,4,1,0
08:10:00,501209016,5,3,24,1,0
08:10:00,501209017,6,2,7,1,0
08:10:00,501209018,16,9,0,1,0
08:10:00,501209019,2,1,23,1,0
08:10:00,501209020,14,3,17,1,0
08:10:00,501209021,5,0,9,1,0
08:10:00,501209022,4,1,6,1,0
08:10:00,501209023,14,0,27,1,0
08:10:00,501209024,5,0,37,1,0
08:10:00,501209025,1,0,14,1,0
08:10:00,501209026,6,0,19,1,0
08:10:00,501209027,4,0,15,1,0
08:10:00,501209028,2,0,26,1,0
08:10:00,501209030,7,0,11,1,0
08:10:00,501209031,7,1,23,1,0
08:10:00,501209032,4,0,24,1,0
08:10:00,501209033,8,3,12,1,0
08:10:00,501209034,5,1,10,1,0
08:10:00,501209035,1,0,27,1,0
08:10:00,501209036,11,1,18,1,0
08:10:00,501209037,10,1,26,1,0
08:10:00,501209038,5,0,10,1,0
08:10:00,501209039,10,0,20,1,0
08:10:00,501209040,0,0,31,1,0
08:10:00,501209042,4,0,16,1,0
08:10:00,501209043,7,0,17,1,0
08:10:00,501209044,12,4,3,1,0
08:10:00,501209045,8,0,7,1,0
08:10:00,501209046,0,0,22,1,0
08:10:00,501209047,7,3,7,1,0
08:10:00,501209049,1,1,19,1,0
08:10:00,501209050,11,2,2,1,0
08:10:00,501209051,6,1,18,1,0
08:10:00,501209052,2,0,18,1,0
08:10:00,501209053,2,1,18,1,0
08:10:00,501209054,16,0,10,1,0
08:10:00,501209056,13,0,2,1,0
08:10:00,501209058,8,1,8,1,0
08:10:00,501209059,3,0,12,1,0
08:10:00,501209060,13,1,7,1,0
08:10:00,501209062,2,0,13,1,0
08:10:00,501209064,7,0,8,1,0
08:10:00,501209065,0,0,15,1,0
08:10:00,501209066,6,1,8,1,0
08:10:00,501209067,8,0,6,1,0
08:10:00,501209068,4,1,13,1,0
08:10:00,501209069,19,0,44,1,0
08:10:00,501209070,9,0,8,1,0
08:10:00,501209071,0,0,17,1,0
08:10:00,501209073,9,1,6,1,0
08:10:00,501209074,15,0,8,1,0
08:10:00,501209075,11,1,3,1,0
08:10:00,501209076,1,0,22,1,0
08:10:00,501209077,2,1,13,1,0
08:10:00,501209078,6,1,7,1,0
08:10:00,501209079,9,1,16,1,0
08:10:00,501209080,4,1,21,1,0
08:10:00,501209081,10,3,5,1,0
08:10:00,501209084,3,0,20,1,0
08:10:00,501209085,17,2,9,1,0
08:10:00,501209087,9,5,30,1,0
08:10:00,501209088,7,1,8,1,0
08:10:00,501209089,3,0,17,1,0
08:10:00,501209090,5,0,9,1,0
08:10:00,501209091,1,1,15,1,0
08:10:00,501209092,3,0,12,1,0
08:10:00,501209093,8,1,7,1,0
08:10:00,501209094,10,1,6,1,0
08:10:00,501209095,5,1,9,1,0
08:10:00,501209096,9,1,4,1,0
08:10:00,501209097,5,1,10,1,0
08:10:00,501209098,3,0,12,1,0
08:10:00,501209099,5,0,15,1,0
08:10:00,501209100,12,0,1,1,0
08:10:00,501209101,6,0,9,1,0
08:10:00,501209102,2,0,18,1,0
08:10:00,501209104,0,0,19,1,0
08:10:00,501209105,17,1,8,1,0
08:10:00,501209106,5,3,15,1,0
08:10:00,501211001,29,5,8,1,0
08:10:00,501211002,4,0,11,1,0
08:10:00,501211004,5,1,10,1,0
08:10:00,501211005,3,0,16,1,0
08:10:00,501211006,5,0,11,1,0
08:10:00,501211007,5,0,14,1,0
08:10:00,501211009,9,0,9,1,0
08:10:00,501211011,13,1,17,1,0
08:10:00,501211012,9,1,9,1,0
08:20:00,501201001,0,0,0,2,0
08:20:00,501201002,14,0,26,1,0
08:20:00,501201003,4,0,19,1,0
08:20:00,501201004,6,0,8,1,0
08:20:00,501201005,6,0,13,1,0
08:20:00,501201006,13,0,15,1,0
08:20:00,501201007,4,1,15,1,0
08:20:00,501201008,2,0,23,1,0
08:20:00,501201010,1,0,9,1,0
08:20:00,501201011,4,0,17,1,0
08:20:00,501201012,17,2,23,1,0
08:20:00,501201013,7,0,15,1,0
08:20:00,501201014,9,0,10,1,0
08:20:00,501201015,1,0,24,1,0
08:20:00,501201016,18,3,7,1,0
08:20:00,501201017,7,0,20,1,0
08:20:00,501201018,7,0,17,1,0
08:20:00,501201019,13,0,15,1,0
08:20:00,501201020,7,1,17,1,0
08:20:00,501201021,10,0,5,1,0
08:20:00,501201022,8,2,8,1,0
08:20:00,501201023,1,0,27,1,0
08:20:00,501201024,20,3,3,1,0
08:20:00,501201025,2,0,22,1,0
08:20:00,501201026,11,0,8,1,0
08:20:00,501201028,11,3,8,1,0
08:20:00,501201029,7,0,6,1,0
08:20:00,501201030,7,1,7,1,0
08:20:00,501201031,5,0,12,1,0
08:20:00,501202001,2,0,12,1,0
08:20:00,501202003,1,0,39,1,0
08:20:00,501202013,17,1,0,1,0
08:20:00,501202023,6,0,7,1,0
08:20:00,501202024,12,1,3,1,0
08:20:00,501202034,7,1,8,1,0
08:20:00,501202035,27,2,3,1,0
08:20:00,501202036,23,0,16,1,0
08:20:00,501202040,5,0,40,1,0
08:20:00,501202043,11,1,14,1,0
08:20:00,501202044,0,0,0,2,0
08:20:00,501202047,2,0,20,1,0
08:20:00,501202050,5,0,11,1,0
08:20:00,501202055,7,0,8,1,0
08:20:00,501202058,10,0,5,1,0
08:20:00,501202065,15,2,0,1,0
08:20:00,501202068,4,1,14,1,0
08:20:00,501202070,13,1,3,1,0
08:20:00,501202078,7,0,18,1,0
08:20:00,501202080,9,0,17,1,0
08:20:00,501202081,9,1,14,1,0
08:20:00,501202082,8,3,15,1,0
08:20:00,501202083,6,0,17,1,0
08:20:00,501202084,5,0,19,1,0
08:20:00,501202085,0,0,35,1,0
08:20:00,501202088,6,0,24,1,0
08:20:00,501202089,3,0,26,1,0
08:20:00,501202096,8,3,6,1,0
08:20:00,501203001,3,1,17,1,0
08:20:00,501203002,8,0,14,1,0
08:20:00,501203003,5,0,89,1,0
08:20:00,501203005,3,0,17,1,0
08:20:00,501203006,3,0,12,1,0
08:20:00,501203007,13,1,2,1,0
08:20:00,501203008,6,0,10,1,0
08:20:00,501203010,16,0,17,1,0
08:20:00,501203011,19,4,18,1,0
08:20:00,501203012,6,2,10,1,0
08:20:00,501203013,4,0,20,1,0
08:20:00,501203015,9,0,3,1,0
08:20:00,501203020,4,0,16,1,0
08:20:00,501203022,3,1,15,1,0
08:20:00,501203023,7,1,11,1,0
08:20:00,501203028,7,0,18,1,0
08:20:00,501203040,4,0,18,1,0
08:20:00,501203045,9,2,9,1,0
08:20:00,501203050,16,0,44,1,0
08:20:00,501203051,3,1,21,1,0
08:20:00,501203053,10,0,16,1,0
08:20:00,501203054,9,1,13,1,0
08:20:00,501203064,8,0,7,1,0
08:20:00,501203065,1,0,15,1,0
08:20:00,501203070,5,0,10,1,0
08:20:00,501203073,4,0,20,1,0
08:20:00,501203076,4,0,12,1,0
08:20:00,501203078,12,1,4,1,0
08:20:00,501203080,4,1,11,1,0
08:20:00,501203084,1,0,10,1,0
08:20:00,501203085,3,0,7,1,0
08:20:00,501203088,5,0,9,1,0
08:20:00,501203089,2,0,10,1,0
08:20:00,501203090,7,2,2,1,0
08:20:00,501203091,7,3,6,1,0
08:20:00,501203092,2,0,18,1,0
08:20:00,501203100,1,0,18,1,0
08:20:00,501203101,0,0,0,2,0
08:20:00,501203102,10,1,8,1,0
08:20:00,501203104,10,1,8,1,0
08:20:00,501203105,4,0,7,1,0
08:20:00,501203107,0,0,0,2,0
08:20:00,501203109,6,2,20,1,0
08:20:00,501203110,3,2,38,1,0
08:20:00,501203111,4,0,7,1,0
08:20:00,501203113,16,0,2,1,0
08:20:00,501203114,29,0,21,1,0
08:20:00,501203117,0,0,0,2,0
08:20:00,501203118,7,1,13,1,0
08:20:00,501203121,10,1,14,1,0
08:20:00,501203122,14,1,6,1,0
08:20:00,501203125,1,0,24,1,0
08:20:00,501203131,7,1,13,1,0
08:20:00,501203140,23,7,18,1,0
08:20:00,501203141,5,0,11,1,0
08:20:00,501203142,22,0,53,1,0
08:20:00,501203145,9,0,6,1,0
08:20:00,501203151,7,0,11,1,0
08:20:00,501203155,6,1,13,1,0
08:20:00,501203157,2,0,15,1,0
08:20:00,501203159,3,1,17,1,0
08:20:00,501203161,6,0,12,1,0
08:20:00,501203162,13,0,8,1,0
08:20:00,501203163,12,0,4,1,0
08:20:00,501204001,4,1,21,1,0
08:20:00,501204002,2,0,33,1,0
08:20:00,501204003,10,1,32,1,0
08:20:00,501204004,5,0,9,1,0
08:20:00,501204005,7,2,13,1,0
08:20:00,501204007,5,0,31,1,0
08:20:00,501204008,3,1,11,1,0
08:20:00,501204009,0,0,0,2,0
08:20:00,501204010,0,0,0,2,0
08:20:00,501204011,0,0,15,1,0
08:20:00,501204012,13,1,1,1,0
08:20:00,501204013,3,0,11,1,0
08:20:00,501204014,5,1,11,1,0
08:20:00,501204015,9,0,6,1,0
08:20:00,501204016,2,0,18,1,0
08:20:00,501204017,4,0,11,1,0
08:20:00,501204018,11,1,13,1,0
08:20:00,501204020,3,1,16,1,0
08:20:00,501204021,0,0,20,1,0
08:20:00,501204022,3,0,13,1,0
08:20:00,501204023,5,2,10,1,0
08:20:00,501204024,0,0,0,2,0
08:20:00,501204025,6,0,13,1,0
08:20:00,501205001,7,0,10,1,0
08:20:00,501205003,7,0,12,1,0
08:20:00,501205004,6,2,10,1,0
08:20:00,501205005,8,1,14,1,0
08:20:00,501205006,13,0,7,1,0
08:20:00,501205007,0,0,12,1,0
08:20:00,501205008,9,1,17,1,0
08:20:00,501205009,2,0,43,1,0
08:20:00,501205010,9,1,5,1,0
08:20:00,501205011,1,1,30,1,0
08:20:00,501205012,5,0,15,1,0
08:20:00,501205013,7,0,14,1,0
08:20:00,501205014,2,1,21,1,0
08:20:00,501205015,8,1,9,1,0
08:20:00,501205018,1,0,16,1,0
08:20:00,501205019,16,0,12,1,0
08:20:00,501205020,3,1,27,1,0
08:20:00,501205021,12,2,3,1,0
08:20:00,501205022,9,1,6,1,0
08:20:00,501205023,6,0,8,1,0
08:20:00,501205025,9,0,19,1,0
08:20:00,501205026,6,0,13,1,0
08:20:00,501205027,3,0,7,1,0
08:20:00,501205028,7,1,8,1,0
08:20:00,501205029,6,0,4,1,0
08:20:00,501205030,5,0,5,1,0
08:20:00,501205033,2,0,13,1,0
08:20:00,501205034,14,0,14,1,0
08:20:00,501205035,11,3,5,1,0
08:20:00,501205036,2,0,13,1,0
08:20:00,501205037,2,0,14,1,0
08:20:00,501205038,11,1,9,1,0
08:20:00,501205039,9,2,11,1,0
08:20:00,501205040,10,0,15,1,0
08:20:00,501205041,3,0,14,1,0
08:20:00,501205042,6,1,23,1,0
08:20:00,501208011,29,1,7,1,0
08:20:00,501208013,41,2,13,1,0
08:20:00,501208014,21,1,17,1,0
08:20:00,501208015,5,0,9,1,0
08:20:00,501208018,12,0,2,1,0
08:20:00,501208021,8,1,9,1,0
08:20:00,501208027,3,0,26,1,0
08:20:00,501208029,9,0,13,1,0
08:20:00,501208030,23,1,15,1,0
08:20:00,501208032,3,1,25,1,0
08:20:00,501208040,8,1,11,1,0
08:20:00,501208041,3,0,12,1,0
08:20:00,501208045,2,0,29,1,0
08:20:00,501208051,4,1,31,1,0
08:20:00,501208053,11,0,10,1,0
08:20:00,501208054,4,0,24,1,0
08:20:00,501208059,1,0,26,1,0
08:20:00,501208064,7,0,13,1,0
08:20:00,501208077,5,0,5,1,0
08:20:00,501208079,2,0,19,1,0
08:20:00,501208082,3,0,7,1,0
08:20:00,501208085,13,2,4,1,0
08:20:00,501208087,20,0,11,1,0
08:20:00,501208089,11,1,14,1,0
08:20:00,501208091,4,2,39,1,0
08:20:00,501208111,6,0,9,1,0
08:20:00,501208113,7,0,13,1,0
08:20:00,501208114,7,1,13,1,0
08:20:00,501208129,7,0,16,1,0
08:20:00,501208130,1,0,14,1,0
08:20:00,501209002,9,0,11,1,0
08:20:00,501209003,3,0,11,1,0
08:20:00,501209004,2,0,12,1,0
08:20:00,501209005,9,1,9,1,0
08:20:00,501209006,8,2,11,1,0
08:20:00,501209007,8,0,7,1,0
08:20:00,501209009,0,0,0,2,0
08:20:00,501209010,9,0,5,1,0
08:20:00,501209011,3,0,22,1,0
08:20:00,501209014,6,1,6,1,0
08:20:00,501209015,9,1,6,1,0
08:20:00,501209016,5,3,24,1,0
08:20:00,501209017,7,2,6,1,0
08:20:00,501209018,11,9,5,1,0
08:20:00,501209019,2,1,23,1,0
08:20:00,501209020,14,3,17,1,0
08:20:00,501209021,5,0,9,1,0
08:20:00,501209022,4,1,6,1,0
08:20:00,501209023,14,0,27,1,0
08:20:00,501209024,4,0,38,1,0
08:20:00,501209025,1,0,14,1,0
08:20:00,501209026,4,0,21,1,0
08:20:00,501209027,4,0,15,1,0
08:20:00,501209028,2,0,26,1,0
08:20:00,501209030,7,0,11,1,0
08:20:00,501209031,5,0,25,1,0
08:20:00,501209032,4,0,24,1,0
08:20:00,501209033,8,2,12,1,0
08:20:00,501209034,5,1,10,1,0
08:20:00,501209035,1,0,27,1,0
08:20:00,501209036,8,1,21,1,0
08:20:00,501209037,10,1,26,1,0
08:20:00,501209038,5,0,10,1,0
08:20:00,501209039,10,0,20,1,0
08:20:00,501209040,0,0,31,1,0
08:20:00,501209042,4,0,16,1,0
08:20:00,501209043,8,0,16,1,0
08:20:00,501209044,12,4,3,1,0
08:20:00,501209045,6,0,9,1,0
08:20:00,501209046,1,1,21,1,0
08:20:00,501209047,6,3,8,1,0
08:20:00,501209049,1,1,19,1,0
08:20:00,501209050,12,2,1,1,0
08:20:00,501209051,6,1,18,1,0
08:20:00,501209052,2,0,18,1,0
08:20:00,501209053,2,1,18,1,0
08:20:00,501209054,16,0,10,1,0
08:20:00,501209056,13,0,2,1,0
08:20:00,501209058,9,1,7,1,0
08:20:00,501209059,3,0,12,1,0
08:20:00,501209060,13,1,7,1,0
08:20:00,501209062,2,0,13,1,0
08:20:00,501209064,7,0,8,1,0
08:20:00,501209065,0,0,15,1,0
08:20:00,501209066,5,1,9,1,0
08:20:00,501209067,8,0,6,1,0
08:20:00,501209068,4,1,13,1,0
08:20:00,501209069,8,0,55,1,0
08:20:00,501209070,10,0,7,1,0
08:20:00,501209071,0,0,17,1,0
08:20:00,501209073,8,0,7,1,0
08:20:00,501209074,15,0,8,1,0
08:20:00,501209075,13,1,1,1,0
08:20:00,501209076,2,0,21,1,0
08:20:00,501209077,3,2,12,1,0
08:20:00,501209078,6,1,7,1,0
08:20:00,501209079,8,0,17,1,0
08:20:00,501209080,3,0,22,1,0
08:20:00,501209081,12,3,3,1,0
08:20:00,501209084,3,0,20,1,0
08:20:00,501209085,16,1,10,1,0
08:20:00,501209087,13,7,26,1,0
08:20:00,501209088,7,1,8,1,0
08:20:00,501209089,3,0,17,1,0
08:20:00,501209090,6,0,8,1,0
08:20:00,501209091,2,2,14,1,0
08:20:00,501209092,3,0,12,1,0
08:20:00,501209093,7,0,8,1,0
08:20:00,501209094,10,1,6,1,0
08:20:00,501209095,6,1,8,1,0
08:20:00,501209096,9,1,4,1,0
08:20:00,501209097,5,1,10,1,0
08:20:00,501209098,2,0,13,1,0
08:20:00,501209099,5,0,15,1,0
08:20:00,501209100,12,0,1,1,0
08:20:00,501209101,6,0,9,1,0
08:20:00,501209102,2,0,18,1,0
08:20:00,501209104,0,0,19,1,0
08:20:00,501209105,17,1,8,1,0
08:20:00,501209106,6,3,14,1,0
08:20:00,501211001,29,5,8,1,0
08:20:00,501211002,4,0,11,1,0
08:20:00,501211004,5,1,10,1,0
08:20:00,501211005,3,0,16,1,0
08:20:00,501211006,5,0,11,1,0
08:20:00,501211007,5,0,14,1,0
08:20:00,501211009,9,0,9,1,0
08:20:00,501211011,13,1,17,1,0
08:20:00,501211012,9,1,9,1,0
08:30:00,501201001,0,0,0,2,0
08:30:00,501201002,13,0,27,1,0
08:30:00,501201003,4,0,19,1,0
08:30:00,501201004,6,0,8,1,0
08:30:00,501201005,7,1,12,1,0
08:30:00,501201006,11,0,17,1,0
08:30:00,501201007,4,1,15,1,0
08:30:00,501201008,2,0,23,1,0
08:30:00,501201010,1,0,9,1,0
08:30:00,501201011,4,0,17,1,0
08:30:00,501201012,16,2,24,1,0
08:30:00,501201013,7,0,15,1,0
08:30:00,501201014,9,0,10,1,0
08:30:00,501201015,3,0,22,1,0
08:30:00,501201016,18,3,7,1,0
08:30:00,501201017,1,0,26,1,0
08:30:00,501201018,7,0,17,1,0
08:30:00,501201019,14,0,14,1,0
08:30:00,501201020,7,1,17,1,0
08:30:00,501201021,11,0,4,1,0
08:30:00,501201022,8,2,8,1,0
08:30:00,501201023,1,0,27,1,0
08:30:00,501201024,21,4,2,1,0
08:30:00,501201025,3,0,21,1,0
08:30:00,501201026,11,0,8,1,0
08:30:00,501201028,10,2,9,1,0
08:30:00,501201029,7,0,6,1,0
08:30:00,501201030,8,1,6,1,0
08:30:00,501201031,4,0,13,1,0
08:30:00,501202001,3,1,11,1,0
08:30:00,501202003,2,1,38,1,0
08:30:00,501202013,13,1,4,1,0
08:30:00,501202023,7,0,6,1,0
08:30:00,501202024,12,1,3,1,0
08:30:00,501202034,7,1,8,1,0
08:30:00,501202035,27,2,3,1,0
08:30:00,501202036,21,0,18,1,0
08:30:00,501202040,7,0,38,1,0
08:30:00,501202043,10,1,15,1,0
08:30:00,501202044,0,0,0,2,0
08:30:00,501202047,2,0,20,1,0
08:30:00,501202050,4,0,12,1,0
08:30:00,501202055,10,1,5,1,0
08:30:00,501202058,10,0,5,1,0
08:30:00,501202065,15,2,0,1,0
08:30:00,501202068,4,1,14,1,0
08:30:00,501202070,13,1,3,1,0
08:30:00,501202078,6,0,19,1,0
08:30:00,501202080,9,0,17,1,0
08:30:00,501202081,6,0,17,1,0
08:30:00,501202082,8,3,15,1,0
08:30:00,501202083,6,0,17,1,0
08:30:00,501202084,5,0,19,1,0
08:30:00,501202085,0,0,35,1,0
08:30:00,501202088,6,0,24,1,0
08:30:00,501202089,3,0,26,1,0
08:30:00,501202096,8,3,6,1,0
08:30:00,501203001,2,0,18,1,0
08:30:00,501203002,8,0,14,1,0
08:30:00,501203003,8,0,86,1,0
08:30:00,501203005,3,0,17,1,0
08:30:00,501203006,4,0,11,1,0
08:30:00,501203007,13,1,2,1,0
08:30:00,501203008,7,1,9,1,0
08:30:00,501203010,16,0,17,1,0
08:30:00,501203011,19,4,18,1,0
08:30:00,501203012,7,3,10,1,0
08:30:00,501203013,3,0,21,1,0
08:30:00,501203015,7,0,5,1,0
08:30:00,501203020,5,1,15,1,0
08:30:00,501203022,2,1,16,1,0
08:30:00,501203023,8,1,10,1,0
08:30:00,501203028,7,0,18,1,0
08:30:00,501203040,1,1,21,1,0
08:30:00,501203045,12,2,6,1,0
08:30:00,501203050,18,0,42,1,0
08:30:00,501203051,3,1,21,1,0
08:30:00,501203053,12,0,14,1,0
08:30:00,501203054,9,1,13,1,0
08:30:00,501203064,8,0,7,1,0
08:30:00,501203065,0,0,16,1,0
08:30:00,501203070,5,0,10,1,0
08:30:00,501203073,5,0,19,1,0
08:30:00,501203076,4,0,12,1,0
08:30:00,501203078,12,1,4,1,0
08:30:00,501203080,4,1,11,1,0
08:30:00,501203084,1,0,10,1,0
08:30:00,501203085,3,0,7,1,0
08:30:00,501203088,5,0,9,1,0
08:30:00,501203089,2,0,10,1,0
08:30:00,501203090,7,2,2,1,0
08:30:00,501203091,7,3,6,1,0
08:30:00,501203092,2,0,18,1,0
08:30:00,501203100,1,1,18,1,0
08:30:00,501203101,0,0,0,2,0
08:30:00,501203102,9,1,9,1,0
08:30:00,501203104,11,1,7,1,0
08:30:00,501203105,4,0,7,1,0
08:30:00,501203107,0,0,0,2,0
08:30:00,501203109,6,2,20,1,0
08:30:00,501203110,3,2,38,1,0
08:30:00,501203111,4,0,7,1,0
08:30:00,501203113,16,0,2,1,0
08:30:00,501203114,31,0,19,1,0
08:30:00,501203117,0,0,0,2,0
08:30:00,501203118,6,0,14,1,0
08:30:00,501203121,10,1,14,1,0
08:30:00,501203122,14,1,6,1,0
08:30:00,501203125,2,0,23,1,0
08:30:00,501203131,5,1,15,1,0
08:30:00,501203140,22,6,19,1,0
08:30:00,501203141,5,0,11,1,0
08:30:00,501203142,25,1,50,1,0
08:30:00,501203145,9,0,6,1,0
08:30:00,501203151,8,0,10,1,0
08:30:00,501203155,7,1,12,1,0
08:30:00,501203157,4,1,13,1,0
08:30:00,501203159,3,1,17,1,0
08:30:00,501203161,7,1,11,1,0
08:30:00,501203162,13,0,8,1,0
08:30:00,501203163,12,0,4,1,0
08:30:00,501204001,5,2,20,1,0
08:30:00,501204002,1,0,34,1,0
08:30:00,501204003,10,2,32,1,0
08:30:00,501204004,5,0,9,1,0
08:30:00,501204005,7,2,13,1,0
08:30:00,501204007,5,0,31,1,0
08:30:00,501204008,3,1,11,1,0
08:30:00,501204009,0,0,0,2,0
08:30:00,501204010,0,0,0,2,0
08:30:00,501204011,0,0,15,1,0
08:30:00,501204012,13,0,1,1,0
08:30:00,501204013,3,0,11,1,0
08:30:00,501204014,4,1,12,1,0
08:30:00,501204015,9,0,6,1,0
08:30:00,501204016,2,0,18,1,0
08:30:00,501204017,4,0,11,1,0
08:30:00,501204018,11,1,13,1,0
08:30:00,501204020,3,1,16,1,0
08:30:00,501204021,0,0,20,1,0
08:30:00,501204022,3,0,13,1,0
08:30:00,501204023,5,2,10,1,0
08:30:00,501204024,0,0,0,2,0
08:30:00,501204025,6,0,13,1,0
08:30:00,501205001,7,0,10,1,0
08:30:00,501205003,5,0,14,1,0
08:30:00,501205004,6,2,10,1,0
08:30:00,501205005,8,1,14,1,0
08:30:00,501205006,11,0,9,1,0
08:30:00,501205007,0,0,12,1,0
08:30:00,501205008,9,1,17,1,0
08:30:00,501205009,1,0,44,1,0
08:30:00,501205010,10,0,4,1,0
08:30:00,501205011,1,1,30,1,0
08:30:00,501205012,4,0,16,1,0
08:30:00,501205013,10,2,11,1,0
08:30:00,501205014,2,1,21,1,0
08:30:00,501205015,7,1,10,1,0
08:30:00,501205018,2,0,15,1,0
08:30:00,501205019,17,0,11,1,0
08:30:00,501205020,4,1,26,1,0
08:30:00,501205021,11,1,4,1,0
08:30:00,501205022,9,1,6,1,0
08:30:00,501205023,6,0,8,1,0
08:30:00,501205025,7,0,21,1,0
08:30:00,501205026,4,0,15,1,0
08:30:00,501205027,3,0,7,1,0
08:30:00,501205028,7,0,8,1,0
08:30:00,501205029,6,0,4,1,0
08:30:00,501205030,5,0,5,1,0
08:30:00,501205033,2,0,13,1,0
08:30:00,501205034,6,0,22,1,0
08:30:00,501205035,11,3,5,1,0
08:30:00,501205036,2,0,13,1,0
08:30:00,501205037,5,0,11,1,0
08:30:00,501205038,11,1,9,1,0
08:30:00,501205039,8,2,12,1,0
08:30:00,501205040,10,0,15,1,0
08:30:00,501205041,4,0,13,1,0
08:30:00,501205042,6,1,23,1,0
08:30:00,501208011,29,1,7,1,0
08:30:00,501208013,38,0,16,1,0
08:30:00,501208014,22,1,16,1,0
08:30:00,501208015,6,0,8,1,0
08:30:00,501208018,13,0,1,1,0
08:30:00,501208021,8,1,9,1,0
08:30:00,501208027,3,0,26,1,0
08:30:00,501208029,9,0,13,1,0
08:30:00,501208030,27,2,11,1,0
08:30:00,501208032,3,1,25,1,0
08:30:00,501208040,8,1,11,1,0
08:30:00,501208041,3,0,12,1,0
08:30:00,501208045,3,1,28,1,0
08:30:00,501208051,4,1,31,1,0
08:30:00,501208053,11,0,10,1,0
08:30:00,501208054,5,0,23,1,0
08:30:00,501208059,1,0,26,1,0
08:30:00,501208064,7,0,13,1,0
08:30:00,501208077,6,0,4,1,0
08:30:00,501208079,2,0,19,1,0
08:30:00,501208082,1,0,9,1,0
08:30:00,501208085,13,2,4,1,0
08:30:00,501208087,20,0,11,1,0
08:30:00,501208089,11,1,14,1,0
08:30:00,501208091,4,2,39,1,0
08:30:00,501208111,7,1,8,1,0
08:30:00,501208113,7,0,13,1,0
08:30:00,501208114,7,1,13,1,0
08:30:00,501208129,7,0,16,1,0
08:30:00,501208130,1,0,14,1,0
08:30:00,501209002,8,0,12,1,0
08:30:00,501209003,3,0,11,1,0
08:30:00,501209004,2,0,12,1,0
08:30:00,501209005,8,1,10,1,0
08:30:00,501209006,8,2,11,1,0
08:30:00,501209007,8,0,7,1,0
08:30:00,501209009,0,0,0,2,0
08:30:00,501209010,6,0,8,1,0
08:30:00,501209011,3,0,22,1,0
08:30:00,501209014,6,1,6,1,0
08:30:00,501209015,8,1,7,1,0
08:30:00,501209016,4,2,25,1,0
08:30:00,501209017,7,1,6,1,0
08:30:00,501209018,8,7,8,1,0
08:30:00,501209019,2,1,23,1,0
08:30:00,501209020,14,3,17,1,0
08:30:00,501209021,5,0,9,1,0
08:30:00,501209022,4,1,6,1,0
08:30:00,501209023,10,0,31,1,0
08:30:00,501209024,2,0,40,1,0
08:30:00,501209025,1,0,14,1,0
08:30:00,501209026,3,0,22,1,0
08:30:00,501209027,4,0,15,1,0
08:30:00,501209028,2,0,26,1,0
08:30:00,501209030,8,0,10,1,0
08:30:00,501209031,5,0,25,1,0
08:30:00,501209032,4,0,24,1,0
08:30:00,501209033,7,1,13,1,0
08:30:00,501209034,6,1,9,1,0
08:30:00,501209035,1,0,27,1,0
08:30:00,501209036,6,1,23,1,0
08:30:00,501209037,10,1,26,1,0
08:30:00,501209038,5,0,10,1,0
08:30:00,501209039,10,0,20,1,0
08:30:00,501209040,2,0,29,1,0
08:30:00,501209042,4,0,16,1,0
08:30:00,501209043,5,0,19,1,0
08:30:00,501209044,12,4,3,1,0
08:30:00,501209045,9,1,6,1,0
08:30:00,501209046,1,1,21,1,0
08:30:00,501209047,6,3,8,1,0
08:30:00,501209049,2,2,18,1,0
08:30:00,501209050,12,2,1,1,0
08:30:00,501209051,6,1,18,1,0
08:30:00,501209052,10,0,11,1,0
08:30:00,501209053,2,1,18,1,0
08:30:00,501209054,14,0,12,1,0
08:30:00,501209056,14,0,1,1,0
08:30:00,501209058,9,1,7,1,0
08:30:00,501209059,3,0,12,1,0
08:30:00,501209060,10,1,10,1,0
08:30:00,501209062,2,0,13,1,0
08:30:00,501209064,7,0,8,1,0
08:30:00,501209065,0,0,15,1,0
08:30:00,501209066,4,0,10,1,0
08:30:00,501209067,7,0,7,1,0
08:30:00,501209068,3,0,14,1,0
08:30:00,501209069,14,0,49,1,0
08:30:00,501209070,9,0,8,1,0
08:30:00,501209071,2,0,15,1,0
08:30:00,501209073,8,0,7,1,0
08:30:00,501209074,15,0,8,1,0
08:30:00,501209075,14,1,0,1,0
08:30:00,501209076,3,1,20,1,0
08:30:00,501209077,3,2,12,1,0
08:30:00,501209078,5,1,7,1,0
08:30:00,501209079,9,1,16,1,0
08:30:00,501209080,3,0,22,1,0
08:30:00,501209081,11,3,4,1,0
08:30:00,501209084,4,0,19,1,0
08:30:00,501209085,16,1,10,1,0
08:30:00,501209087,13,7,26,1,0
08:30:00,501209088,7,1,8,1,0
08:30:00,501209089,3,0,17,1,0
08:30:00,501209090,6,1,8,1,0
08:30:00,501209091,2,2,14,1,0
08:30:00,501209092,3,0,12,1,0
08:30:00,501209093,7,0,8,1,0
08:30:00,501209094,10,1,6,1,0
08:30:00,501209095,5,1,9,1,0
08:30:00,501209096,9,1,4,1,0
08:30:00,501209097,5,1,10,1,0
08:30:00,501209098,2,0,13,1,0
08:30:00,501209099,5,0,15,1,0
08:30:00,501209100,12,0,1,1,0
08:30:00,501209101,7,0,8,1,0
08:30:00,501209102,2,0,18,1,0
08:30:00,501209104,0,0,19,1,0
08:30:00,501209105,17,1,8,1,0
08:30:00,501209106,6,3,14,1,0
08:30:00,501211001,28,5,9,1,0
08:30:00,501211002,4,0,11,1,0
08:30:00,501211004,5,1,10,1,0
08:30:00,501211005,3,0,16,1,0
08:30:00,501211006,5,0,11,1,0
08:30:00,501211007,5,0,14,1,0
08:30:00,501211009,9,0,9,1,0
08:30:00,501211011,13,1,17,1,0
08:30:00,501211012,9,1,9,1,0
08:40:00,501201001,0,0,0,2,0
08:40:00,501201002,11,0,29,1,0
08:40:00,501201003,4,0,19,1,0
08:40:00,501201004,5,0,9,1,0
08:40:00,501201005,7,1,12,1,0
08:40:00,501201006,12,0,16,1,0
08:40:00,501201007,4,1,15,1,0
08:40:00,501201008,2,0,23,1,0
08:40:00,501201010,0,0,10,1,0
08:40:00,501201011,4,0,17,1,0
08:40:00,501201012,16,2,24,1,0
08:40:00,501201013,8,0,14,1,0
08:40:00,501201014,8,0,11,1,0
08:40:00,501201015,1,0,24,1,0
08:40:00,501201016,18,3,7,1,0
08:40:00,501201017,3,0,24,1,0
08:40:00,501201018,7,0,17,1,0
08:40:00,501201019,16,1,12,1,0
08:40:00,501201020,8,2,16,1,0
08:40:00,501201021,11,0,4,1,0
08:40:00,501201022,7,1,9,1,0
08:40:00,501201023,1,0,27,1,0
08:40:00,501201024,22,3,1,1,0
08:40:00,501201025,3,0,21,1,0
08:40:00,501201026,10,0,9,1,0
08:40:00,501201028,10,2,9,1,0
08:40:00,501201029,7,0,6,1,0
08:40:00,501201030,8,2,6,1,0
08:40:00,501201031,6,1,11,1,0
08:40:00,501202001,4,2,10,1,0
08:40:00,501202003,2,1,38,1,0
08:40:00,501202013,14,1,3,1,0
08:40:00,501202023,6,0,7,1,0
08:40:00,501202024,12,1,3,1,0
08:40:00,501202034,6,1,9,1,0
08:40:00,501202035,26,2,4,1,0
08:40:00,501202036,23,0,16,1,0
08:40:00,501202040,7,0,38,1,0
08:40:00,501202043,12,2,13,1,0
08:40:00,501202044,0,0,0,2,0
08:40:00,501202047,2,0,20,1,0
08:40:00,501202050,4,0,12,1,0
08:40:00,501202055,11,1,4,1,0
08:40:00,501202058,11,0,4,1,0
08:40:00,501202065,15,2,0,1,0
08:40:00,501202068,4,1,14,1,0
08:40:00,501202070,13,1,3,1,0
08:40:00,501202078,6,0,19,1,0
08:40:00,501202080,9,0,17,1,0
08:40:00,501202081,6,0,17,1,0
08:40:00,501202082,8,3,15,1,0
08:40:00,501202083,5,0,18,1,0
08:40:00,501202084,5,0,19,1,0
08:40:00,501202085,0,0,35,1,0
08:40:00,501202088,6,0,24,1,0
08:40:00,501202089,3,0,26,1,0
08:40:00,501202096,7,2,7,1,0
08:40:00,501203001,3,0,17,1,0
08:40:00,501203002,8,0,14,1,0
08:40:00,501203003,6,1,88,1,0
08:40:00,501203005,3,0,17,1,0
08:40:00,501203006,6,1,9,1,0
08:40:00,501203007,12,1,3,1,0
08:40:00,501203008,7,1,9,1,0
08:40:00,501203010,16,0,17,1,0
08:40:00,501203011,18,4,19,1,0
08:40:00,501203012,7,3,10,1,0
08:40:00,501203013,2,0,22,1,0
08:40:00,501203015,7,0,5,1,0
08:40:00,501203020,5,1,15,1,0
08:40:00,501203022,2,1,16,1,0
08:40:00,501203023,7,1,11,1,0
08:40:00,501203028,8,0,17,1,0
08:40:00,501203040,1,0,21,1,0
08:40:00,501203045,9,0,9,1,0
08:40:00,501203050,19,0,41,1,0
08:40:00,501203051,3,1,21,1,0
08:40:00,501203053,11,0,15,1,0
08:40:00,501203054,10,2,12,1,0
08:40:00,501203064,8,0,7,1,0
08:40:00,501203065,0,0,16,1,0
08:40:00,501203070,5,0,10,1,0
08:40:00,501203073,5,0,19,1,0
08:40:00,501203076,4,0,12,1,0
08:40:00,501203078,12,1,4,1,0
08:40:00,501203080,3,0,12,1,0
08:40:00,501203084,1,0,10,1,0
08:40:00,501203085,3,0,7,1,0
08:40:00,501203088,6,1,8,1,0
08:40:00,501203089,2,0,10,1,0
08:40:00,501203090,7,2,2,1,0
08:40:00,501203091,7,3,6,1,0
08:40:00,501203092,2,0,18,1,0
08:40:00,501203100,2,1,17,1,0
08:40:00,501203101,0,0,0,2,0
08:40:00,501203102,7,1,11,1,0
08:40:00,501203104,12,1,6,1,0
08:40:00,501203105,3,0,8,1,0
08:40:00,501203107,0,0,0,2,0
08:40:00,501203109,9,1,17,1,0
08:40:00,501203110,3,2,38,1,0
08:40:00,501203111,4,0,7,1,0
08:40:00,501203113,7,0,11,1,0
08:40:00,501203114,30,1,20,1,0
08:40:00,501203117,0,0,0,2,0
08:40:00,501203118,6,0,14,1,0
08:40:00,501203121,10,1,14,1,0
08:40:00,501203122,14,1,6,1,0
08:40:00,501203125,5,0,20,1,0
08:40:00,501203131,5,1,15,1,0
08:40:00,501203140,22,6,19,1,0
08:40:00,501203141,5,0,11,1,0
08:40:00,501203142,29,1,46,1,0
08:40:00,501203145,8,0,7,1,0
08:40:00,501203151,8,0,10,1,0
08:40:00,501203155,7,1,12,1,0
08:40:00,501203157,4,1,13,1,0
08:40:00,501203159,3,1,17,1,0
08:40:00,501203161,7,1,11,1,0
08:40:00,501203162,13,0,8,1,0
08:40:00,501203163,12,0,4,1,0
08:40:00,501204001,6,2,19,1,0
08:40:00,501204002,4,1,31,1,0
08:40:00,501204003,12,3,30,1,0
08:40:00,501204004,5,0,9,1,0
08:40:00,501204005,6,1,14,1,0
08:40:00,501204007,5,0,31,1,0
08:40:00,501204008,3,1,11,1,0
08:40:00,501204009,0,0,0,2,0
08:40:00,501204010,0,0,0,2,0
08:40:00,501204011,0,0,15,1,0
08:40:00,501204012,13,0,1,1,0
08:40:00,501204013,3,0,11,1,0
08:40:00,501204014,4,1,12,1,0
08:40:00,501204015,9,0,6,1,0
08:40:00,501204016,2,0,18,1,0
08:40:00,501204017,3,0,12,1,0
08:40:00,501204018,11,1,13,1,0
08:40:00,501204020,3,1,16,1,0
08:40:00,501204021,0,0,20,1,0
08:40:00,501204022,3,0,13,1,0
08:40:00,501204023,4,2,11,1,0
08:40:00,501204024,0,0,0,2,0
08:40:00,501204025,6,0,13,1,0
08:40:00,501205001,7,0,10,1,0
08:40:00,501205003,7,2,12,1,0
08:40:00,501205004,4,1,12,1,0
08:40:00,501205005,9,1,13,1,0
08:40:00,501205006,11,0,9,1,0
08:40:00,501205007,0,0,12,1,0
08:40:00,501205008,9,1,17,1,0
08:40:00,501205009,1,0,44,1,0
08:40:00,501205010,9,0,5,1,0
08:40:00,501205011,0,0,31,1,0
08:40:00,501205012,5,0,15,1,0
08:40:00,501205013,10,2,11,1,0
08:40:00,501205014,2,1,21,1,0
08:40:00,501205015,6,1,11,1,0
08:40:00,501205018,2,0,15,1,0
08:40:00,501205019,16,0,12,1,0
08:40:00,501205020,4,1,26,1,0
08:40:00,501205021,7,0,8,1,0
08:40:00,501205022,9,1,6,1,0
08:40:00,501205023,5,0,9,1,0
08:40:00,501205025,7,0,21,1,0
08:40:00,501205026,3,0,16,1,0
08:40:00,501205027,3,0,7,1,0
08:40:00,501205028,7,0,8,1,0
08:40:00,501205029,7,0,3,1,0
08:40:00,501205030,6,0,4,1,0
08:40:00,501205033,4,0,11,1,0
08:40:00,501205034,6,0,22,1,0
08:40:00,501205035,12,3,4,1,0
08:40:00,501205036,2,0,13,1,0
08:40:00,501205037,4,0,12,1,0
08:40:00,501205038,11,1,9,1,0
08:40:00,501205039,8,2,12,1,0
08:40:00,501205040,10,0,15,1,0
08:40:00,501205041,3,0,14,1,0
08:40:00,501205042,6,1,23,1,0
08:40:00,501208011,31,2,5,1,0
08:40:00,501208013,36,0,18,1,0
08:40:00,501208014,22,1,16,1,0
08:40:00,501208015,6,0,8,1,0
08:40:00,501208018,12,0,2,1,0
08:40:00,501208021,9,1,8,1,0
08:40:00,501208027,3,0,26,1,0
08:40:00,501208029,6,0,16,1,0
08:40:00,501208030,27,2,11,1,0
08:40:00,501208032,3,1,25,1,0
08:40:00,501208040,8,1,11,1,0
08:40:00,501208041,3,0,12,1,0
08:40:00,501208045,3,1,28,1,0
08:40:00,501208051,4,1,31,1,0
08:40:00,501208053,11,0,10,1,0
08:40:00,501208054,5,0,23,1,0
08:40:00,501208059,1,0,26,1,0
08:40:00,501208064,7,0,13,1,0
08:40:00,501208077,6,0,4,1,0
08:40:00,501208079,0,0,21,1,0
08:40:00,501208082,2,0,8,1,0
08:40:00,501208085,13,2,4,1,0
08:40:00,501208087,21,1,10,1,0
08:40:00,501208089,13,2,12,1,0
08:40:00,501208091,4,2,39,1,0
08:40:00,501208111,6,0,9,1,0
08:40:00,501208113,7,0,13,1,0
08:40:00,501208114,7,1,13,1,0
08:40:00,501208129,7,0,16,1,0
08:40:00,501208130,1,0,14,1,0
08:40:00,501209002,8,0,12,1,0
08:40:00,501209003,3,0,11,1,0
08:40:00,501209004,1,0,13,1,0
08:40:00,501209005,8,1,10,1,0
08:40:00,501209006,7,1,12,1,0
08:40:00,501209007,6,0,9,1,0
08:40:00,501209009,0,0,0,2,0
08:40:00,501209010,7,0,7,1,0
08:40:00,501209011,4,0,21,1,0
08:40:00,501209014,6,1,6,1,0
08:40:00,501209015,8,1,7,1,0
08:40:00,501209016,3,1,26,1,0
08:40:00,501209017,6,0,7,1,0
08:40:00,501209018,9,7,7,1,0
08:40:00,501209019,3,1,22,1,0
08:40:00,501209020,14,3,17,1,0
08:40:00,501209021,5,0,9,1,0
08:40:00,501209022,4,1,6,1,0
08:40:00,501209023,12,0,29,1,0
08:40:00,501209024,0,0,42,1,0
08:40:00,501209025,1,0,14,1,0
08:40:00,501209026,2,1,23,1,0
08:40:00,501209027,4,0,15,1,0
08:40:00,501209028,2,0,26,1,0
08:40:00,501209030,8,0,10,1,0
08:40:00,501209031,5,0,25,1,0
08:40:00,501209032,4,0,24,1,0
08:40:00,501209033,8,2,12,1,0
08:40:00,501209034,6,1,9,1,0
08:40:00,501209035,1,0,27,1,0
08:40:00,501209036,7,0,22,1,0
08:40:00,501209037,10,1,26,1,0
08:40:00,501209038,5,0,10,1,0
08:40:00,501209039,10,0,20,1,0
08:40:00,501209040,2,0,29,1,0
08:40:00,501209042,3,0,17,1,0
08:40:00,501209043,5,0,19,1,0
08:40:00,501209044,12,4,3,1,0
08:40:00,501209045,9,1,6,1,0
08:40:00,501209046,3,1,19,1,0
08:40:00,501209047,6,2,8,1,0
08:40:00,501209049,0,0,20,1,0
08:40:00,501209050,11,2,2,1,0
08:40:00,501209051,6,1,18,1,0
08:40:00,501209052,10,0,11,1,0
08:40:00,501209053,2,1,18,1,0
08:40:00,501209054,14,0,12,1,0
08:40:00,501209056,12,0,3,1,0
08:40:00,501209058,9,1,7,1,0
08:40:00,501209059,4,0,11,1,0
08:40:00,501209060,12,2,8,1,0
08:40:00,501209062,2,0,13,1,0
08:40:00,501209064,7,0,8,1,0
08:40:00,501209065,0,0,15,1,0
08:40:00,501209066,3,0,11,1,0
08:40:00,501209067,6,0,8,1,0
08:40:00,501209068,2,0,15,1,0
08:40:00,501209069,14,0,49,1,0
08:40:00,501209070,13,0,4,1,0
08:40:00,501209071,2,0,15,1,0
08:40:00,501209073,8,0,7,1,0
08:40:00,501209074,13,0,10,1,0
08:40:00,501209075,14,1,0,1,0
08:40:00,501209076,3,1,20,1,0
08:40:00,501209077,4,3,11,1,0
08:40:00,501209078,5,1,7,1,0
08:40:00,501209079,9,1,16,1,0
08:40:00,501209080,3,0,22,1,0
08:40:00,501209081,10,2,5,1,0
08:40:00,501209084,4,0,19,1,0
08:40:00,501209085,18,1,8,1,0
08:40:00,501209087,13,7,26,1,0
08:40:00,501209088,7,1,8,1,0
08:40:00,501209089,3,0,17,1,0
08:40:00,501209090,5,0,9,1,0
08:40:00,501209091,1,1,15,1,0
08:40:00,501209092,3,0,12,1,0
08:40:00,501209093,7,0,8,1,0
08:40:00,501209094,10,1,6,1,0
08:40:00,501209095,5,1,9,1,0
08:40:00,501209096,9,1,4,1,0
08:40:00,501209097,6,2,9,1,0
08:40:00,501209098,2,0,13,1,0
08:40:00,501209099,5,0,15,1,0
08:40:00,501209100,12,0,1,1,0
08:40:00,501209101,7,0,8,1,0
08:40:00,501209102,2,0,18,1,0
08:40:00,501209104,0,0,19,1,0
08:40:00,501209105,16,1,9,1,0
08:40:00,501209106,6,3,14,1,0
08:40:00,501211001,27,3,10,1,0
08:40:00,501211002,4,0,11,1,0
08:40:00,501211004,5,1,10,1,0
08:40:00,501211005,3,0,16,1,0
08:40:00,501211006,4,0,12,1,0
08:40:00,501211007,2,0,17,1,0
08:40:00,501211009,9,0,9,1,0
08:40:00,501211011,13,1,17,1,0
08:40:00,501211012,9,1,9,1,0
08:50:00,501201001,0,0,0,2,0
08:50:00,501201002,14,1,26,1,0
08:50:00,501201003,4,0,19,1,0
08:50:00,501201004,5,0,9,1,0
08:50:00,501201005,7,1,12,1,0
08:50:00,501201006,15,1,13,1,0
08:50:00,501201007,5,2,14,1,0
08:50:00,501201008,2,0,23,1,0
08:50:00,501201010,0,0,10,1,0
08:50:00,501201011,3,0,18,1,0
08:50:00,501201012,13,3,27,1,0
08:50:00,501201013,8,0,14,1,0
08:50:00,501201014,8,0,11,1,0
08:50:00,501201015,1,0,24,1,0
08:50:00,501201016,18,3,7,1,0
08:50:00,501201017,1,0,26,1,0
08:50:00,501201018,7,1,17,1,0
08:50:00,501201019,15,1,13,1,0
08:50:00,501201020,8,2,16,1,0
08:50:00,501201021,11,0,4,1,0
08:50:00,501201022,7,1,9,1,0
08:50:00,501201023,1,0,27,1,0
08:50:00,501201024,23,3,0,1,0
08:50:00,501201025,2,0,22,1,0
08:50:00,501201026,10,0,9,1,0
08:50:00,501201028,10,2,9,1,0
08:50:00,501201029,8,0,5,1,0
08:50:00,501201030,9,2,5,1,0
08:50:00,501201031,6,1,11,1,0
08:50:00,501202001,4,2,10,1,0
08:50:00,501202003,1,1,39,1,0
08:50:00,501202013,14,1,3,1,0
08:50:00,501202023,6,0,7,1,0
08:50:00,501202024,12,1,3,1,0
08:50:00,501202034,5,1,10,1,0
08:50:00,501202035,25,1,5,1,0
08:50:00,501202036,24,0,15,1,0
08:50:00,501202040,7,0,38,1,0
08:50:00,501202043,13,3,12,1,0
08:50:00,501202044,0,0,0,2,0
08:50:00,501202047,2,0,20,1,0
08:50:00,501202050,3,0,13,1,0
08:50:00,501202055,11,1,4,1,0
08:50:00,501202058,11,0,4,1,0
08:50:00,501202065,15,2,0,1,0
08:50:00,501202068,4,1,14,1,0
08:50:00,501202070,13,1,3,1,0
08:50:00,501202078,6,0,19,1,0
08:50:00,501202080,8,0,18,1,0
08:50:00,501202081,5,0,18,1,0
08:50:00,501202082,10,4,13,1,0
08:50:00,501202083,5,0,18,1,0
08:50:00,501202084,4,1,20,1,0
08:50:00,501202085,0,0,35,1,0
08:50:00,501202088,6,0,24,1,0
08:50:00,501202089,4,0,25,1,0
08:50:00,501202096,7,2,7,1,0
08:50:00,501203001,3,0,17,1,0
08:50:00,501203002,8,0,14,1,0
08:50:00,501203003,8,1,86,1,0
08:50:00,501203005,3,0,17,1,0
08:50:00,501203006,6,1,9,1,0
08:50:00,501203007,12,1,3,1,0
08:50:00,501203008,7,1,9,1,0
08:50:00,501203010,16,0,17,1,0
08:50:00,501203011,17,3,20,1,0
08:50:00,501203012,6,2,10,1,0
08:50:00,501203013,0,0,24,1,0
08:50:00,501203015,7,0,5,1,0
08:50:00,501203020,5,1,15,1,0
08:50:00,501203022,2,1,16,1,0
08:50:00,501203023,7,1,11,1,0
08:50:00,501203028,8,0,17,1,0
08:50:00,501203040,0,0,22,1,0
08:50:00,501203045,8,0,10,1,0
08:50:00,501203050,16,0,44,1,0
08:50:00,501203051,3,1,21,1,0
08:50:00,501203053,13,1,13,1,0
08:50:00,501203054,10,2,12,1,0
08:50:00,501203064,9,1,6,1,0
08:50:00,501203065,0,0,16,1,0
08:50:00,501203070,5,0,10,1,0
08:50:00,501203073,5,0,19,1,0
08:50:00,501203076,4,0,12,1,0
08:50:00,501203078,13,1,3,1,0
08:50:00,501203080,3,0,12,1,0
08:50:00,501203084,1,0,10,1,0
08:50:00,501203085,4,0,6,1,0
08:50:00,501203088,6,0,8,1,0
08:50:00,501203089,1,0,11,1,0
08:50:00,501203090,7,2,2,1,0
08:50:00,501203091,7,3,6,1,0
08:50:00,501203092,2,0,18,1,0
08:50:00,501203100,1,0,18,1,0
08:50:00,501203101,0,0,0,2,0
08:50:00,501203102,8,1,10,1,0
08:50:00,501203104,11,0,7,1,0
08:50:00,501203105,3,0,8,1,0
08:50:00,501203107,0,0,0,2,0
08:50:00,501203109,9,1,17,1,0
08:50:00,501203110,2,2,39,1,0
08:50:00,501203111,7,2,4,1,0
08:50:00,501203113,7,0,11,1,0
08:50:00,501203114,31,1,19,1,0
08:50:00,501203117,0,0,0,2,0
08:50:00,501203118,7,1,13,1,0
08:50:00,501203121,10,1,14,1,0
08:50:00,501203122,14,1,6,1,0
08:50:00,501203125,5,0,20,1,0
08:50:00,501203131,4,1,16,1,0
08:50:00,501203140,22,6,19,1,0
08:50:00,501203141,5,0,11,1,0
08:50:00,501203142,30,2,45,1,0
08:50:00,501203145,8,0,7,1,0
08:50:00,501203151,8,0,10,1,0
08:50:00,501203155,7,1,12,1,0
08:50:00,501203157,4,1,13,1,0
08:50:00,501203159,3,1,17,1,0
08:50:00,501203161,7,1,11,1,0
08:50:00,501203162,13,0,8,1,0
08:50:00,501203163,12,0,4,1,0
08:50:00,501204001,6,2,19,1,0
08:50:00,501204002,5,1,30,1,0
08:50:00,501204003,14,3,28,1,0
08:50:00,501204004,5,0,9,1,0
08:50:00,501204005,6,1,14,1,0
08:50:00,501204007,7,0,29,1,0
08:50:00,501204008,2,0,12,1,0
08:50:00,501204009,0,0,0,2,0
08:50:00,501204010,0,0,0,2,0
08:50:00,501204011,0,0,15,1,0
08:50:00,501204012,13,0,1,1,0
08:50:00,501204013,3,0,11,1,0
08:50:00,501204014,3,0,13,1,0
08:50:00,501204015,9,0,6,1,0
08:50:00,501204016,2,0,18,1,0
08:50:00,501204017,3,0,12,1,0
08:50:00,501204018,12,2,12,1,0
08:50:00,501204020,3,1,16,1,0
08:50:00,501204021,0,0,20,1,0
08:50:00,501204022,3,0,13,1,0
08:50:00,501204023,3,2,12,1,0
08:50:00,501204024,0,0,0,2,0
08:50:00,501204025,6,0,13,1,0
08:50:00,501205001,8,0,9,1,0
08:50:00,501205003,7,2,12,1,0
08:50:00,501205004,3,1,13,1,0
08:50:00,501205005,9,1,13,1,0
08:50:00,501205006,12,0,8,1,0
08:50:00,501205007,0,0,12,1,0
08:50:00,501205008,8,1,18,1,0
08:50:00,501205009,9,1,36,1,0
08:50:00,501205010,8,0,6,1,0
08:50:00,501205011,0,0,31,1,0
08:50:00,501205012,5,0,15,1,0
08:50:00,501205013,10,2,11,1,0
08:50:00,501205014,2,1,21,1,0
08:50:00,501205015,5,1,12,1,0
08:50:00,501205018,2,0,15,1,0
08:50:00,501205019,16,0,12,1,0
08:50:00,501205020,4,1,26,1,0
08:50:00,501205021,7,0,8,1,0
08:50:00,501205022,9,1,6,1,0
08:50:00,501205023,5,0,9,1,0
08:50:00,501205025,7,0,21,1,0
08:50:00,501205026,1,0,18,1,0
08:50:00,501205027,3,0,7,1,0
08:50:00,501205028,4,0,11,1,0
08:50:00,501205029,10,0,0,1,0
08:50:00,501205030,6,0,4,1,0
08:50:00,501205033,6,1,9,1,0
08:50:00,501205034,7,1,21,1,0
08:50:00,501205035,12,3,4,1,0
08:50:00,501205036,2,0,13,1,0
08:50:00,501205037,5,0,11,1,0
08:50:00,501205038,11,1,9,1,0
08:50:00,501205039,9,2,11,1,0
08:50:00,501205040,12,0,13,1,0
08:50:00,501205041,2,0,15,1,0
08:50:00,501205042,5,1,24,1,0
08:50:00,501208011,25,1,11,1,0
08:50:00,501208013,35,0,19,1,0
08:50:00,501208014,22,0,16,1,0
08:50:00,501208015,4,0,11,1,0
08:50:00,501208018,9,0,5,1,0
08:50:00,501208021,11,1,6,1,0
08:50:00,501208027,3,0,26,1,0
08:50:00,501208029,4,0,18,1,0
08:50:00,501208030,25,2,13,1,0
08:50:00,501208032,3,1,25,1,0
08:50:00,501208040,8,1,11,1,0
08:50:00,501208041,3,0,12,1,0
08:50:00,501208045,3,1,28,1,0
08:50:00,501208051,4,1,31,1,0
08:50:00,501208053,10,0,11,1,0
08:50:00,501208054,5,0,23,1,0
08:50:00,501208059,1,0,26,1,0
08:50:00,501208064,7,0,13,1,0
08:50:00,501208077,5,0,5,1,0
08:50:00,501208079,0,0,21,1,0
08:50:00,501208082,2,0,8,1,0
08:50:00,501208085,12,2,5,1,0
08:50:00,501208087,20,0,11,1,0
08:50:00,501208089,15,2,10,1,0
08:50:00,501208091,6,2,37,1,0
08:50:00,501208111,5,0,10,1,0
08:50:00,501208113,7,0,13,1,0
08:50:00,501208114,7,1,13,1,0
08:50:00,501208129,8,0,15,1,0
08:50:00,501208130,1,0,14,1,0
08:50:00,501209002,8,0,12,1,0
08:50:00,501209003,2,0,12,1,0
08:50:00,501209004,1,0,13,1,0
08:50:00,501209005,8,1,10,1,0
08:50:00,501209006,7,1,12,1,0
08:50:00,501209007,6,0,9,1,0
08:50:00,501209009,0,0,0,2,0
08:50:00,501209010,6,0,8,1,0
08:50:00,501209011,4,0,21,1,0
08:50:00,501209014,6,1,6,1,0
08:50:00,501209015,8,1,7,1,0
08:50:00,501209016,1,1,28,1,0
08:50:00,501209017,7,0,6,1,0
08:50:00,501209018,9,7,7,1,0
08:50:00,501209019,4,1,21,1,0
08:50:00,501209020,13,3,18,1,0
08:50:00,501209021,5,0,9,1,0
08:50:00,501209022,4,1,6,1,0
08:50:00,501209023,10,0,31,1,0
08:50:00,501209024,0,0,42,1,0
08:50:00,501209025,1,0,14,1,0
08:50:00,501209026,0,0,25,1,0
08:50:00,501209027,4,0,15,1,0
08:50:00,501209028,2,0,26,1,0
08:50:00,501209030,8,1,10,1,0
08:50:00,501209031,5,0,25,1,0
08:50:00,501209032,4,0,24,1,0
08:50:00,501209033,8,2,12,1,0
08:50:00,501209034,6,1,9,1,0
08:50:00,501209035,1,0,27,1,0
08:50:00,501209036,7,0,22,1,0
08:50:00,501209037,12,2,24,1,0
08:50:00,501209038,5,0,10,1,0
08:50:00,501209039,10,0,20,1,0
08:50:00,501209040,2,0,29,1,0
08:50:00,501209042,1,0,19,1,0
08:50:00,501209043,3,0,21,1,0
08:50:00,501209044,12,4,3,1,0
08:50:00,501209045,7,0,8,1,0
08:50:00,501209046,0,0,22,1,0
08:50:00,501209047,7,3,7,1,0
08:50:00,501209049,0,0,20,1,0
08:50:00,501209050,11,2,2,1,0
08:50:00,501209051,8,1,16,1,0
08:50:00,501209052,11,0,10,1,0
08:50:00,501209053,2,1,18,1,0
08:50:00,501209054,14,0,12,1,0
08:50:00,501209056,13,0,2,1,0
08:50:00,501209058,7,0,9,1,0
08:50:00,501209059,4,0,11,1,0
08:50:00,501209060,11,2,9,1,0
08:50:00,501209062,2,0,13,1,0
08:50:00,501209064,7,0,8,1,0
08:50:00,501209065,0,0,15,1,0
08:50:00,501209066,3,0,11,1,0
08:50:00,501209067,5,0,9,1,0
08:50:00,501209068,3,0,14,1,0
08:50:00,501209069,7,0,56,1,0
08:50:00,501209070,16,1,1,1,0
08:50:00,501209071,3,0,14,1,0
08:50:00,501209073,8,0,7,1,0
08:50:00,501209074,8,0,15,1,0
08:50:00,501209075,14,1,0,1,0
08:50:00,501209076,3,1,20,1,0
08:50:00,501209077,4,3,11,1,0
08:50:00,501209078,5,1,7,1,0
08:50:00,501209079,7,0,18,1,0
08:50:00,501209080,2,0,23,1,0
08:50:00,501209081,10,2,5,1,0
08:50:00,501209084,4,0,19,1,0
08:50:00,501209085,20,2,6,1,0
08:50:00,501209087,14,7,25,1,0
08:50:00,501209088,7,1,8,1,0
08:50:00,501209089,3,0,17,1,0
08:50:00,501209090,4,0,10,1,0
08:50:00,501209091,1,1,15,1,0
08:50:00,501209092,2,0,13,1,0
08:50:00,501209093,7,0,8,1,0
08:50:00,501209094,9,1,7,1,0
08:50:00,501209095,5,1,9,1,0
08:50:00,501209096,9,1,4,1,0
08:50:00,501209097,6,2,9,1,0
08:50:00,501209098,2,0,13,1,0
08:50:00,501209099,5,0,15,1,0
08:50:00,501209100,12,0,1,1,0
08:50:00,501209101,7,0,8,1,0
08:50:00,501209102,2,0,18,1,0
08:50:00,501209104,1,0,18,1,0
08:50:00,501209105,16,1,9,1,0
08:50:00,501209106,6,3,14,1,0
08:50:00,501211001,27,3,10,1,0
08:50:00,501211002,4,0,11,1,0
08:50:00,501211004,5,1,10,1,0
08:50:00,501211005,3,0,16,1,0
08:50:00,501211006,4,0,12,1,0
08:50:00,501211007,2,0,17,1,0
08:50:00,501211009,9,0,9,1,0
08:50:00,501211011,13,1,17,1,0
08:50:00,501211012,9,1,9,1,0
09:00:00,501201001,0,0,0,2,0
09:00:00,501201002,16,1,24,1,0
09:00:00,501201003,5,0,18,1,0
09:00:00,501201004,6,1,8,1,0
09:00:00,501201005,5,1,14,1,0
09:00:00,501201006,15,1,13,1,0
09:00:00,501201007,6,2,13,1,0
09:00:00,501201008,3,0,22,1,0
09:00:00,501201010,0,0,10,1,0
09:00:00,501201011,3,0,18,1,0
09:00:00,501201012,12,3,28,1,0
09:00:00,501201013,9,0,13,1,0
09:00:00,501201014,10,1,9,1,0
09:00:00,501201015,2,1,23,1,0
09:00:00,501201016,16,2,9,1,0
09:00:00,501201017,1,0,26,1,0
09:00:00,501201018,5,0,19,1,0
09:00:00,501201019,14,0,14,1,0
09:00:00,501201020,8,2,16,1,0
09:00:00,501201021,11,0,4,1,0
09:00:00,501201022,7,0,9,1,0
09:00:00,501201023,1,0,27,1,0
09:00:00,501201024,23,2,1,1,0
09:00:00,501201025,2,0,22,1,0
09:00:00,501201026,10,0,9,1,0
09:00:00,501201028,10,1,9,1,0
09:00:00,501201029,9,0,4,1,0
09:00:00,501201030,8,1,6,1,0
09:00:00,501201031,5,1,12,1,0
09:00:00,501202001,6,2,8,1,0
09:00:00,501202003,1,1,39,1,0
09:00:00,501202013,14,0,3,1,0
09:00:00,501202023,6,0,7,1,0
09:00:00,501202024,12,1,3,1,0
09:00:00,501202034,6,1,9,1,0
09:00:00,501202035,24,1,6,1,0
09:00:00,501202036,24,0,15,1,0
09:00:00,501202040,7,0,38,1,0
09:00:00,501202043,16,3,9,1,0
09:00:00,501202044,0,0,0,2,0
09:00:00,501202047,2,0,20,1,0
09:00:00,501202050,1,0,15,1,0
09:00:00,501202055,9,0,6,1,0
09:00:00,501202058,11,0,4,1,0
09:00:00,501202065,14,2,1,1,0
09:00:00,501202068,4,0,14,1,0
09:00:00,501202070,12,1,4,1,0
09:00:00,501202078,6,0,19,1,0
09:00:00,501202080,8,0,18,1,0
09:00:00,501202081,3,0,20,1,0
09:00:00,501202082,9,4,14,1,0
09:00:00,501202083,7,0,16,1,0
09:00:00,501202084,4,1,20,1,0
09:00:00,501202085,0,0,35,1,0
09:00:00,501202088,7,0,23,1,0
09:00:00,501202089,3,0,26,1,0
09:00:00,501202096,7,2,7,1,0
09:00:00,501203001,3,0,17,1,0
09:00:00,501203002,8,1,14,1,0
09:00:00,501203003,10,2,84,1,0
09:00:00,501203005,5,0,15,1,0
09:00:00,501203006,5,0,10,1,0
09:00:00,501203007,13,1,2,1,0
09:00:00,501203008,7,1,9,1,0
09:00:00,501203010,16,0,17,1,0
09:00:00,501203011,16,2,21,1,0
09:00:00,501203012,8,3,9,1,0
09:00:00,501203013,1,0,23,1,0
09:00:00,501203015,8,0,4,1,0
09:00:00,501203020,3,0,17,1,0
09:00:00,501203022,2,1,16,1,0
09:00:00,501203023,9,2,9,1,0
09:00:00,501203028,6,0,19,1,0
09:00:00,501203040,0,0,22,1,0
09:00:00,501203045,8,0,10,1,0
09:00:00,501203050,8,0,52,1,0
09:00:00,501203051,3,1,21,1,0
09:00:00,501203053,13,1,13,1,0
09:00:00,501203054,10,2,12,1,0
09:00:00,501203064,9,1,6,1,0
09:00:00,501203065,0,0,16,1,0
09:00:00,501203070,5,0,10,1,0
09:00:00,501203073,5,0,19,1,0
09:00:00,501203076,4,0,12,1,0
09:00:00,501203078,12,1,4,1,0
09:00:00,501203080,3,1,12,1,0
09:00:00,501203084,1,0,10,1,0
09:00:00,501203085,4,0,6,1,0
09:00:00,501203088,6,0,8,1,0
09:00:00,501203089,1,0,11,1,0
09:00:00,501203090,7,2,2,1,0
09:00:00,501203091,6,2,7,1,0
09:00:00,501203092,1,0,19,1,0
09:00:00,501203100,1,0,18,1,0
09:00:00,501203101,0,0,0,2,0
09:00:00,501203102,7,0,11,1,0
09:00:00,501203104,10,0,8,1,0
09:00:00,501203105,2,0,9,1,0
09:00:00,501203107,0,0,0,2,0
09:00:00,501203109,9,1,17,1,0
09:00:00,501203110,2,2,39,1,0
09:00:00,501203111,7,2,4,1,0
09:00:00,501203113,9,1,9,1,0
09:00:00,501203114,32,0,18,1,0
09:00:00,501203117,0,0,0,2,0
09:00:00,501203118,6,0,14,1,0
09:00:00,501203121,10,1,14,1,0
09:00:00,501203122,14,1,6,1,0
09:00:00,501203125,4,0,21,1,0
09:00:00,501203131,4,1,16,1,0
09:00:00,501203140,22,6,19,1,0
09:00:00,501203141,5,0,11,1,0
09:00:00,501203142,29,1,46,1,0
09:00:00,501203145,8,0,7,1,0
09:00:00,501203151,9,0,9,1,0
09:00:00,501203155,6,1,13,1,0
09:00:00,501203157,4,1,13,1,0
09:00:00,501203159,3,1,17,1,0
09:00:00,501203161,7,1,11,1,0
09:00:00,501203162,13,0,8,1,0
09:00:00,501203163,12,0,4,1,0
09:00:00,501204001,6,2,19,1,0
09:00:00,501204002,3,0,32,1,0
09:00:00,501204003,13,2,29,1,0
09:00:00,501204004,5,0,9,1,0
09:00:00,501204005,7,1,13,1,0
09:00:00,501204007,7,0,29,1,0
09:00:00,501204008,3,0,11,1,0
09:00:00,501204009,0,0,0,2,0
09:00:00,501204010,0,0,0,2,0
09:00:00,501204011,0,0,15,1,0
09:00:00,501204012,12,0,2,1,0
09:00:00,501204013,4,0,10,1,0
09:00:00,501204014,3,0,13,1,0
09:00:00,501204015,9,0,6,1,0
09:00:00,501204016,2,0,18,1,0
09:00:00,501204017,3,0,12,1,0
09:00:00,501204018,12,2,12,1,0
09:00:00,501204020,3,1,16,1,0
09:00:00,501204021,0,0,20,1,0
09:00:00,501204022,3,0,13,1,0
09:00:00,501204023,1,1,14,1,0
09:00:00,501204024,0,0,0,2,0
09:00:00,501204025,6,0,13,1,0
09:00:00,501205001,8,0,9,1,0
09:00:00,501205003,6,2,13,1,0
09:00:00,501205004,3,1,13,1,0
09:00:00,501205005,10,1,12,1,0
09:00:00,501205006,12,0,8,1,0
09:00:00,501205007,1,0,11,1,0
09:00:00,501205008,9,1,17,1,0
09:00:00,501205009,13,1,32,1,0
09:00:00,501205010,10,0,4,1,0
09:00:00,501205011,1,0,30,1,0
09:00:00,501205012,4,0,15,1,0
09:00:00,501205013,13,2,8,1,0
09:00:00,501205014,2,1,21,1,0
09:00:00,501205015,5,1,12,1,0
09:00:00,501205018,2,0,15,1,0
09:00:00,501205019,16,0,12,1,0
09:00:00,501205020,5,1,25,1,0
09:00:00,501205021,6,0,9,1,0
09:00:00,501205022,9,1,6,1,0
09:00:00,501205023,4,0,10,1,0
09:00:00,501205025,6,1,22,1,0
09:00:00,501205026,1,0,18,1,0
09:00:00,501205027,3,0,7,1,0
09:00:00,501205028,4,1,11,1,0
09:00:00,501205029,10,0,0,1,0
09:00:00,501205030,6,0,4,1,0
09:00:00,501205033,6,1,9,1,0
09:00:00,501205034,10,1,18,1,0
09:00:00,501205035,12,3,4,1,0
09:00:00,501205036,1,0,14,1,0
09:00:00,501205037,6,0,10,1,0
09:00:00,501205038,11,1,9,1,0
09:00:00,501205039,9,2,11,1,0
09:00:00,501205040,12,0,13,1,0
09:00:00,501205041,2,0,15,1,0
09:00:00,501205042,4,1,25,1,0
09:00:00,501208011,26,1,10,1,0
09:00:00,501208013,35,0,19,1,0
09:00:00,501208014,21,0,17,1,0
09:00:00,501208015,3,0,12,1,0
09:00:00,501208018,9,0,5,1,0
09:00:00,501208021,11,1,6,1,0
09:00:00,501208027,3,0,26,1,0
09:00:00,501208029,4,0,18,1,0
09:00:00,501208030,24,1,14,1,0
09:00:00,501208032,4,1,24,1,0
09:00:00,501208040,8,1,11,1,0
09:00:00,501208041,3,0,12,1,0
09:00:00,501208045,3,1,28,1,0
09:00:00,501208051,7,1,28,1,0
09:00:00,501208053,10,0,11,1,0
09:00:00,501208054,9,0,19,1,0
09:00:00,501208059,1,0,26,1,0
09:00:00,501208064,7,0,13,1,0
09:00:00,501208077,4,0,6,1,0
09:00:00,501208079,3,0,18,1,0
09:00:00,501208082,2,1,8,1,0
09:00:00,501208085,12,2,5,1,0
09:00:00,501208087,19,1,12,1,0
09:00:00,501208089,14,1,11,1,0
09:00:00,501208091,7,2,36,1,0
09:00:00,501208111,4,0,11,1,0
09:00:00,501208113,7,0,13,1,0
09:00:00,501208114,7,1,13,1,0
09:00:00,501208129,9,0,14,1,0
09:00:00,501208130,1,0,14,1,0
09:00:00,501209002,8,0,12,1,0
09:00:00,501209003,2,0,12,1,0
09:00:00,501209004,2,1,12,1,0
09:00:00,501209005,8,1,10,1,0
09:00:00,501209006,9,1,10,1,0
09:00:00,501209007,6,0,9,1,0
09:00:00,501209009,0,0,0,2,0
09:00:00,501209010,6,0,8,1,0
09:00:00,501209011,3,0,22,1,0
09:00:00,501209014,6,1,6,1,0
09:00:00,501209015,7,1,8,1,0
09:00:00,501209016,1,1,28,1,0
09:00:00,501209017,7,0,6,1,0
09:00:00,501209018,9,7,7,1,0
09:00:00,501209019,3,1,22,1,0
09:00:00,501209020,13,3,18,1,0
09:00:00,501209021,5,0,9,1,0
09:00:00,501209022,5,1,5,1,0
09:00:00,501209023,7,0,34,1,0
09:00:00,501209024,1,0,41,1,0
09:00:00,501209025,1,0,14,1,0
09:00:00,501209026,2,1,23,1,0
09:00:00,501209027,4,0,15,1,0
09:00:00,501209028,2,0,26,1,0
09:00:00,501209030,8,1,10,1,0
09:00:00,501209031,5,0,25,1,0
09:00:00,501209032,4,0,24,1,0
09:00:00,501209033,8,2,12,1,0
09:00:00,501209034,6,1,9,1,0
09:00:00,501209035,1,0,27,1,0
09:00:00,501209036,5,0,24,1,0
09:00:00,501209037,10,2,26,1,0
09:00:00,501209038,5,0,10,1,0
09:00:00,501209039,11,0,19,1,0
09:00:00,501209040,5,1,26,1,0
09:00:00,501209042,0,0,20,1,0
09:00:00,501209043,2,0,22,1,0
09:00:00,501209044,12,4,3,1,0
09:00:00,501209045,6,0,9,1,0
09:00:00,501209046,1,1,21,1,0
09:00:00,501209047,7,3,7,1,0
09:00:00,501209049,1,0,19,1,0
09:00:00,501209050,12,2,1,1,0
09:00:00,501209051,8,1,16,1,0
09:00:00,501209052,14,0,7,1,0
09:00:00,501209053,3,1,17,1,0
09:00:00,501209054,12,0,14,1,0
09:00:00,501209056,13,0,2,1,0
09:00:00,501209058,7,0,9,1,0
09:00:00,501209059,4,0,11,1,0
09:00:00,501209060,11,2,9,1,0
09:00:00,501209062,1,0,14,1,0
09:00:00,501209064,7,0,8,1,0
09:00:00,501209065,0,0,15,1,0
09:00:00,501209066,2,0,12,1,0
09:00:00,501209067,5,0,9,1,0
09:00:00,501209068,3,0,14,1,0
09:00:00,501209069,7,0,56,1,0
09:00:00,501209070,17,2,0,1,0
09:00:00,501209071,3,0,14,1,0
09:00:00,501209073,5,0,10,1,0
09:00:00,501209074,7,0,16,1,0
09:00:00,501209075,13,0,1,1,0
09:00:00,501209076,4,1,19,1,0
09:00:00,501209077,5,4,10,1,0
09:00:00,501209078,4,0,8,1,0
09:00:00,501209079,8,0,17,1,0
09:00:00,501209080,0,0,25,1,0
09:00:00,501209081,10,2,5,1,0
09:00:00,501209084,4,0,19,1,0
09:00:00,501209085,20,2,6,1,0
09:00:00,501209087,20,7,19,1,0
09:00:00,501209088,7,1,8,1,0
09:00:00,501209089,3,0,17,1,0
09:00:00,501209090,4,0,10,1,0
09:00:00,501209091,1,1,15,1,0
09:00:00,501209092,2,0,13,1,0
09:00:00,501209093,7,0,8,1,0
09:00:00,501209094,7,1,9,1,0
09:00:00,501209095,5,2,9,1,0
09:00:00,501209096,9,1,4,1,0
09:00:00,501209097,7,3,8,1,0
09:00:00,501209098,2,0,13,1,0
09:00:00,501209099,5,0,15,1,0
09:00:00,501209100,12,0,1,1,0
09:00:00,501209101,6,0,9,1,0
09:00:00,501209102,2,0,18,1,0
09:00:00,501209104,0,0,19,1,0
09:00:00,501209105,16,1,9,1,0
09:00:00,501209106,4,1,16,1,0
09:00:00,501211001,26,3,11,1,0
09:00:00,501211002,6,2,9,1,0
09:00:00,501211004,5,1,10,1,0
09:00:00,501211005,3,0,16,1,0
09:00:00,501211006,4,0,12,1,0
09:00:00,501211007,2,0,17,1,0
09:00:00,501211009,9,0,9,1,0
09:00:00,501211011,13,1,17,1,0
09:00:00,501211012,9,1,9,1,0
09:10:00,501201001,0,0,0,2,0
09:10:00,501201002,17,1,23,1,0
09:10:00,501201003,5,1,18,1,0
09:10:00,501201004,6,1,8,1,0
09:10:00,501201005,5,1,14,1,0
09:10:00,501201006,15,1,13,1,0
09:10:00,501201007,4,1,15,1,0
09:10:00,501201008,2,0,23,1,0
09:10:00,501201010,1,1,9,1,0
09:10:00,501201011,4,0,17,1,0
09:10:00,501201012,11,1,29,1,0
09:10:00,501201013,9,0,13,1,0
09:10:00,501201014,10,1,9,1,0
09:10:00,501201015,2,1,23,1,0
09:10:00,501201016,15,1,10,1,0
09:10:00,501201017,2,0,25,1,0
09:10:00,501201018,5,0,19,1,0
09:10:00,501201019,14,0,14,1,0
09:10:00,501201020,8,2,16,1,0
09:10:00,501201021,11,0,4,1,0
09:10:00,501201022,7,0,9,1,0
09:10:00,501201023,1,0,27,1,0
09:10:00,501201024,16,0,8,1,0
09:10:00,501201025,1,0,23,1,0
09:10:00,501201026,10,0,9,1,0
09:10:00,501201028,12,2,7,1,0
09:10:00,501201029,9,0,4,1,0
09:10:00,501201030,7,0,7,1,0
09:10:00,501201031,5,1,12,1,0
09:10:00,501202001,8,2,6,1,0
09:10:00,501202003,1,1,39,1,0
09:10:00,501202013,15,0,2,1,0
09:10:00,501202023,6,0,7,1,0
09:10:00,501202024,12,1,3,1,0
09:10:00,501202034,5,1,10,1,0
09:10:00,501202035,23,1,7,1,0
09:10:00,501202036,22,0,17,1,0
09:10:00,501202040,7,0,38,1,0
09:10:00,501202043,19,4,6,1,0
09:10:00,501202044,0,0,0,2,0
09:10:00,501202047,2,0,20,1,0
09:10:00,501202050,2,0,14,1,0
09:10:00,501202055,7,0,8,1,0
09:10:00,501202058,8,0,7,1,0
09:10:00,501202065,14,2,1,1,0
09:10:00,501202068,4,0,14,1,0
09:10:00,501202070,12,1,4,1,0
09:10:00,501202078,6,0,19,1,0
09:10:00,501202080,9,0,17,1,0
09:10:00,501202081,2,0,21,1,0
09:10:00,501202082,10,4,13,1,0
09:10:00,501202083,8,0,15,1,0
09:10:00,501202084,4,1,20,1,0
09:10:00,501202085,0,0,35,1,0
09:10:00,501202088,8,0,22,1,0
09:10:00,501202089,3,0,26,1,0
09:10:00,501202096,7,2,7,1,0
09:10:00,501203001,6,2,14,1,0
09:10:00,501203002,7,1,15,1,0
09:10:00,501203003,11,2,83,1,0
09:10:00,501203005,5,0,15,1,0
09:10:00,501203006,5,0,10,1,0
09:10:00,501203007,14,2,1,1,0
09:10:00,501203008,6,0,10,1,0
09:10:00,501203010,16,0,17,1,0
09:10:00,501203011,17,2,20,1,0
09:10:00,501203012,9,4,8,1,0
09:10:00,501203013,1,0,23,1,0
09:10:00,501203015,7,0,5,1,0
09:10:00,501203020,3,0,17,1,0
09:10:00,501203022,3,1,15,1,0
09:10:00,501203023,10,2,8,1,0
09:10:00,501203028,8,0,17,1,0
09:10:00,501203040,1,0,21,1,0
09:10:00,501203045,9,0,9,1,0
09:10:00,501203050,5,0,55,1,0
09:10:00,501203051,3,1,21,1,0
09:10:00,501203053,13,1,13,1,0
09:10:00,501203054,9,2,13,1,0
09:10:00,501203064,9,1,6,1,0
09:10:00,501203065,2,0,14,1,0
09:10:00,501203070,6,0,9,1,0
09:10:00,501203073,5,0,19,1,0
09:10:00,501203076,3,0,13,1,0
09:10:00,501203078,12,1,4,1,0
09:10:00,501203080,3,1,12,1,0
09:10:00,501203084,3,0,8,1,0
09:10:00,501203085,4,0,6,1,0
09:10:00,501203088,7,1,7,1,0
09:10:00,501203089,1,0,11,1,0
09:10:00,501203090,6,1,3,1,0
09:10:00,501203091,6,2,7,1,0
09:10:00,501203092,2,1,18,1,0
09:10:00,501203100,2,1,17,1,0
09:10:00,501203101,0,0,0,2,0
09:10:00,501203102,7,0,11,1,0
09:10:00,501203104,10,0,8,1,0
09:10:00,501203105,2,0,9,1,0
09:10:00,501203107,0,0,0,2,0
09:10:00,501203109,11,1,15,1,0
09:10:00,501203110,2,2,39,1,0
09:10:00,501203111,7,1,4,1,0
09:10:00,501203113,8,0,10,1,0
09:10:00,501203114,32,0,18,1,0
09:10:00,501203117,0,0,0,2,0
09:10:00,501203118,6,0,14,1,0
09:10:00,501203121,10,1,14,1,0
09:10:00,501203122,14,1,6,1,0
09:10:00,501203125,4,0,21,1,0
09:10:00,501203131,4,1,16,1,0
09:10:00,501203140,23,6,18,1,0
09:10:00,501203141,5,0,11,1,0
09:10:00,501203142,29,1,46,1,0
09:10:00,501203145,8,0,7,1,0
09:10:00,501203151,9,0,9,1,0
09:10:00,501203155,7,1,12,1,0
09:10:00,501203157,4,0,13,1,0
09:10:00,501203159,3,1,17,1,0
09:10:00,501203161,7,1,11,1,0
09:10:00,501203162,13,0,8,1,0
09:10:00,501203163,11,0,5,1,0
09:10:00,501204001,6,2,19,1,0
09:10:00,501204002,3,0,32,1,0
09:10:00,501204003,14,2,28,1,0
09:10:00,501204004,5,0,9,1,0
09:10:00,501204005,7,1,13,1,0
09:10:00,501204007,7,0,29,1,0
09:10:00,501204008,3,0,11,1,0
09:10:00,501204009,0,0,0,2,0
09:10:00,501204010,0,0,0,2,0
09:10:00,501204011,0,0,15,1,0
09:10:00,501204012,13,1,1,1,0
09:10:00,501204013,4,0,10,1,0
09:10:00,501204014,4,0,12,1,0
09:10:00,501204015,9,0,6,1,0
09:10:00,501204016,1,0,19,1,0
09:10:00,501204017,3,0,12,1,0
09:10:00,501204018,11,1,13,1,0
09:10:00,501204020,2,0,17,1,0
09:10:00,501204021,0,0,20,1,0
09:10:00,501204022,4,0,12,1,0
09:10:00,501204023,1,1,14,1,0
09:10:00,501204024,0,0,0,2,0
09:10:00,501204025,6,0,13,1,0
09:10:00,501205001,10,1,7,1,0
09:10:00,501205003,6,2,13,1,0
09:10:00,501205004,4,1,12,1,0
09:10:00,501205005,10,1,12,1,0
09:10:00,501205006,13,0,7,1,0
09:10:00,501205007,0,0,12,1,0
09:10:00,501205008,8,1,18,1,0
09:10:00,501205009,13,1,32,1,0
09:10:00,501205010,12,0,2,1,0
09:10:00,501205011,1,0,30,1,0
09:10:00,501205012,3,0,16,1,0
09:10:00,501205013,14,2,7,1,0
09:10:00,501205014,3,1,20,1,0
09:10:00,501205015,5,1,12,1,0
09:10:00,501205018,2,0,15,1,0
09:10:00,501205019,17,0,11,1,0
09:10:00,501205020,5,1,25,1,0
09:10:00,501205021,7,0,8,1,0
09:10:00,501205022,9,0,6,1,0
09:10:00,501205023,5,0,9,1,0
09:10:00,501205025,6,0,22,1,0
09:10:00,501205026,0,0,19,1,0
09:10:00,501205027,3,0,7,1,0
09:10:00,501205028,4,1,11,1,0
09:10:00,501205029,10,0,0,1,0
09:10:00,501205030,6,0,4,1,0
09:10:00,501205033,6,1,9,1,0
09:10:00,501205034,10,1,18,1,0
09:10:00,501205035,12,3,4,1,0
09:10:00,501205036,1,0,14,1,0
09:10:00,501205037,7,0,9,1,0
09:10:00,501205038,11,1,9,1,0
09:10:00,501205039,10,1,10,1,0
09:10:00,501205040,12,0,13,1,0
09:10:00,501205041,0,0,17,1,0
09:10:00,501205042,4,1,25,1,0
09:10:00,501208011,25,0,11,1,0
09:10:00,501208013,34,0,20,1,0
09:10:00,501208014,21,1,17,1,0
09:10:00,501208015,3,0,11,1,0
09:10:00,501208018,10,0,4,1,0
09:10:00,501208021,11,1,6,1,0
09:10:00,501208027,3,0,26,1,0
09:10:00,501208029,3,0,19,1,0
09:10:00,501208030,24,1,14,1,0
09:10:00,501208032,4,1,24,1,0
09:10:00,501208040,8,1,11,1,0
09:10:00,501208041,4,0,11,1,0
09:10:00,501208045,3,1,28,1,0
09:10:00,501208051,8,2,27,1,0
09:10:00,501208053,10,0,11,1,0
09:10:00,501208054,10,0,18,1,0
09:10:00,501208059,1,0,26,1,0
09:10:00,501208064,7,0,13,1,0
09:10:00,501208077,5,0,5,1,0
09:10:00,501208079,2,0,19,1,0
09:10:00,501208082,2,1,8,1,0
09:10:00,501208085,11,2,6,1,0
09:10:00,501208087,19,1,12,1,0
09:10:00,501208089,14,1,11,1,0
09:10:00,501208091,8,3,35,1,0
09:10:00,501208111,3,0,12,1,0
09:10:00,501208113,7,0,13,1,0
09:10:00,501208114,7,1,13,1,0
09:10:00,501208129,10,1,13,1,0
09:10:00,501208130,1,0,14,1,0
09:10:00,501209002,9,0,11,1,0
09:10:00,501209003,3,0,11,1,0
09:10:00,501209004,2,1,12,1,0
09:10:00,501209005,7,1,11,1,0
09:10:00,501209006,9,1,10,1,0
09:10:00,501209007,6,0,9,1,0
09:10:00,501209009,0,0,0,2,0
09:10:00,501209010,5,0,9,1,0
09:10:00,501209011,3,0,22,1,0
09:10:00,501209014,6,1,6,1,0
09:10:00,501209015,7,1,8,1,0
09:10:00,501209016,2,1,27,1,0
09:10:00,501209017,8,0,5,1,0
09:10:00,501209018,4,3,12,1,0
09:10:00,501209019,3,2,22,1,0
09:10:00,501209020,13,2,18,1,0
09:10:00,501209021,6,0,8,1,0
09:10:00,501209022,5,1,5,1,0
09:10:00,501209023,6,0,35,1,0
09:10:00,501209024,0,0,42,1,0
09:10:00,501209025,1,0,14,1,0
09:10:00,501209026,1,0,24,1,0
09:10:00,501209027,4,0,15,1,0
09:10:00,501209028,2,0,26,1,0
09:10:00,501209030,6,0,12,1,0
09:10:00,501209031,3,0,27,1,0
09:10:00,501209032,4,0,24,1,0
09:10:00,501209033,10,2,10,1,0
09:10:00,501209034,7,1,8,1,0
09:10:00,501209035,1,0,27,1,0
09:10:00,501209036,5,0,24,1,0
09:10:00,501209037,9,1,27,1,0
09:10:00,501209038,5,0,10,1,0
09:10:00,501209039,17,1,13,1,0
09:10:00,501209040,8,1,23,1,0
09:10:00,501209042,0,0,20,1,0
09:10:00,501209043,2,0,22,1,0
09:10:00,501209044,12,4,3,1,0
09:10:00,501209045,6,0,9,1,0
09:10:00,501209046,2,1,20,1,0
09:10:00,501209047,7,3,7,1,0
09:10:00,501209049,3,0,17,1,0
09:10:00,501209050,13,2,0,1,0
09:10:00,501209051,10,1,14,1,0
09:10:00,501209052,13,0,8,1,0
09:10:00,501209053,3,1,17,1,0
09:10:00,501209054,10,1,16,1,0
09:10:00,501209056,14,1,1,1,0
09:10:00,501209058,5,0,11,1,0
09:10:00,501209059,4,0,11,1,0
09:10:00,501209060,12,2,8,1,0
09:10:00,501209062,1,0,14,1,0
09:10:00,501209064,7,0,8,1,0
09:10:00,501209065,1,0,14,1,0
09:10:00,501209066,8,0,6,1,0
09:10:00,501209067,5,0,9,1,0
09:10:00,501209068,3,0,14,1,0
09:10:00,501209069,9,0,54,1,0
09:10:00,501209070,17,3,0,1,0
09:10:00,501209071,3,0,14,1,0
09:10:00,501209073,5,0,10,1,0
09:10:00,501209074,5,0,18,1,0
09:10:00,501209075,10,0,4,1,0
09:10:00,501209076,8,2,15,1,0
09:10:00,501209077,5,4,10,1,0
09:10:00,501209078,4,0,8,1,0
09:10:00,501209079,8,0,17,1,0
09:10:00,501209080,1,0,24,1,0
09:10:00,501209081,10,2,5,1,0
09:10:00,501209084,3,0,20,1,0
09:10:00,501209085,19,2,7,1,0
09:10:00,501209087,23,7,16,1,0
09:10:00,501209088,7,1,8,1,0
09:10:00,501209089,3,0,17,1,0
09:10:00,501209090,5,0,9,1,0
09:10:00,501209091,1,1,15,1,0
09:10:00,501209092,3,0,12,1,0
09:10:00,501209093,8,0,7,1,0
09:10:00,501209094,7,1,9,1,0
09:10:00,501209095,5,2,9,1,0
09:10:00,501209096,8,0,5,1,0
09:10:00,501209097,7,3,8,1,0
09:10:00,501209098,2,0,13,1,0
09:10:00,501209099,5,0,15,1,0
09:10:00,501209100,12,0,1,1,0
09:10:00,501209101,6,0,9,1,0
09:10:00,501209102,2,0,18,1,0
09:10:00,501209104,0,0,19,1,0
09:10:00,501209105,16,1,9,1,0
09:10:00,501209106,4,1,16,1,0
09:10:00,501211001,27,3,10,1,0
09:10:00,501211002,6,2,9,1,0
09:10:00,501211004,5,1,10,1,0
09:10:00,501211005,1,0,18,1,0
09:10:00,501211006,4,0,12,1,0
09:10:00,501211007,3,0,16,1,0
09:10:00,501211009,9,0,9,1,0
09:10:00,501211011,13,1,17,1,0
09:10:00,501211012,9,1,9,1,0
09:20:00,501201001,0,0,0,2,0
09:20:00,501201002,16,1,24,1,0
09:20:00,501201003,5,1,18,1,0
09:20:00,501201004,5,1,9,1,0
09:20:00,501201005,5,1,14,1,0
09:20:00,501201006,13,0,15,1,0
09:20:00,501201007,5,1,14,1,0
09:20:00,501201008,2,0,23,1,0
09:20:00,501201010,1,1,9,1,0
09:20:00,501201011,4,0,17,1,0
09:20:00,501201012,12,1,28,1,0
09:20:00,501201013,9,0,13,1,0
09:20:00,501201014,12,1,7,1,0
09:20:00,501201015,2,0,23,1,0
09:20:00,501201016,14,1,11,1,0
09:20:00,501201017,1,0,26,1,0
09:20:00,501201018,5,0,19,1,0
09:20:00,501201019,15,0,13,1,0
09:20:00,501201020,8,2,16,1,0
09:20:00,501201021,11,0,4,1,0
09:20:00,501201022,8,0,8,1,0
09:20:00,501201023,1,0,27,1,0
09:20:00,501201024,16,0,8,1,0
09:20:00,501201025,0,0,24,1,0
09:20:00,501201026,10,0,9,1,0
09:20:00,501201028,12,2,7,1,0
09:20:00,501201029,9,0,4,1,0
09:20:00,501201030,5,0,9,1,0
09:20:00,501201031,5,1,12,1,0
09:20:00,501202001,9,2,5,1,0
09:20:00,501202003,0,0,40,1,0
09:20:00,501202013,15,0,2,1,0
09:20:00,501202023,5,0,8,1,0
09:20:00,501202024,11,1,4,1,0
09:20:00,501202034,3,1,12,1,0
09:20:00,501202035,22,1,8,1,0
09:20:00,501202036,24,1,15,1,0
09:20:00,501202040,8,0,37,1,0
09:20:00,501202043,18,4,7,1,0
09:20:00,501202044,0,0,0,2,0
09:20:00,501202047,2,0,20,1,0
09:20:00,501202050,1,0,15,1,0
09:20:00,501202055,7,0,8,1,0
09:20:00,501202058,9,1,6,1,0
09:20:00,501202065,14,2,1,1,0
09:20:00,501202068,4,0,14,1,0
09:20:00,501202070,11,1,5,1,0
09:20:00,501202078,6,0,19,1,0
09:20:00,501202080,10,0,16,1,0
09:20:00,501202081,3,0,20,1,0
09:20:00,501202082,8,1,15,1,0
09:20:00,501202083,5,0,18,1,0
09:20:00,501202084,4,1,20,1,0
09:20:00,501202085,5,1,30,1,0
09:20:00,501202088,8,0,22,1,0
09:20:00,501202089,2,0,27,1,0
09:20:00,501202096,7,1,8,1,0
09:20:00,501203001,6,2,14,1,0
09:20:00,501203002,7,0,15,1,0
09:20:00,501203003,7,2,87,1,0
09:20:00,501203005,5,0,15,1,0
09:20:00,501203006,5,0,10,1,0
09:20:00,501203007,13,2,2,1,0
09:20:00,501203008,6,0,10,1,0
09:20:00,501203010,16,0,17,1,0
09:20:00,501203011,16,2,21,1,0
09:20:00,501203012,9,4,8,1,0
09:20:00,501203013,5,0,19,1,0
09:20:00,501203015,7,0,5,1,0
09:20:00,501203020,1,0,19,1,0
09:20:00,501203022,3,2,16,1,0
09:20:00,501203023,12,1,6,1,0
09:20:00,501203028,8,0,17,1,0
09:20:00,501203040,2,0,20,1,0
09:20:00,501203045,8,0,10,1,0
09:20:00,501203050,3,0,57,1,0
09:20:00,501203051,4,1,20,1,0
09:20:00,501203053,14,1,12,1,0
09:20:00,501203054,9,2,13,1,0
09:20:00,501203064,9,1,6,1,0
09:20:00,501203065,1,0,15,1,0
09:20:00,501203070,6,0,9,1,0
09:20:00,501203073,5,0,19,1,0
09:20:00,501203076,3,0,13,1,0
09:20:00,501203078,10,1,6,1,0
09:20:00,501203080,4,1,11,1,0
09:20:00,501203084,3,0,8,1,0
09:20:00,501203085,4,0,6,1,0
09:20:00,501203088,7,1,7,1,0
09:20:00,501203089,1,0,11,1,0
09:20:00,501203090,6,1,3,1,0
09:20:00,501203091,6,2,7,1,0
09:20:00,501203092,1,0,19,1,0
09:20:00,501203100,2,1,17,1,0
09:20:00,501203101,0,0,0,2,0
09:20:00,501203102,7,0,11,1,0
09:20:00,501203104,12,2,6,1,0
09:20:00,501203105,2,0,9,1,0
09:20:00,501203107,0,0,0,2,0
09:20:00,501203109,12,1,14,1,0
09:20:00,501203110,2,2,39,1,0
09:20:00,501203111,7,1,4,1,0
09:20:00,501203113,9,1,9,1,0
09:20:00,501203114,35,0,15,1,0
09:20:00,501203117,0,0,0,2,0
09:20:00,501203118,6,0,14,1,0
09:20:00,501203121,10,1,14,1,0
09:20:00,501203122,14,1,6,1,0
09:20:00,501203125,4,0,21,1,0
09:20:00,501203131,3,1,17,1,0
09:20:00,501203140,23,7,18,1,0
09:20:00,501203141,6,0,10,1,0
09:20:00,501203142,26,1,49,1,0
09:20:00,501203145,8,0,7,1,0
09:20:00,501203151,9,0,9,1,0
09:20:00,501203155,7,1,12,1,0
09:20:00,501203157,4,0,13,1,0
09:20:00,501203159,3,1,17,1,0
09:20:00,501203161,7,1,11,1,0
09:20:00,501203162,11,0,10,1,0
09:20:00,501203163,9,0,7,1,0
09:20:00,501204001,6,2,19,1,0
09:20:00,501204002,3,0,32,1,0
09:20:00,501204003,10,1,32,1,0
09:20:00,501204004,4,0,10,1,0
09:20:00,501204005,8,1,12,1,0
09:20:00,501204007,7,0,29,1,0
09:20:00,501204008,3,0,11,1,0
09:20:00,501204009,0,0,0,2,0
09:20:00,501204010,0,0,0,2,0
09:20:00,501204011,4,0,11,1,0
09:20:00,501204012,13,0,1,1,0
09:20:00,501204013,2,0,12,1,0
09:20:00,501204014,4,0,12,1,0
09:20:00,501204015,9,0,6,1,0
09:20:00,501204016,0,0,20,1,0
09:20:00,501204017,3,0,12,1,0
09:20:00,501204018,10,0,14,1,0
09:20:00,501204020,1,0,18,1,0
09:20:00,501204021,0,0,20,1,0
09:20:00,501204022,4,0,12,1,0
09:20:00,501204023,1,1,14,1,0
09:20:00,501204024,0,0,0,2,0
09:20:00,501204025,6,0,13,1,0
09:20:00,501205001,9,1,8,1,0
09:20:00,501205003,6,2,13,1,0
09:20:00,501205004,4,1,12,1,0
09:20:00,501205005,10,1,12,1,0
09:20:00,501205006,12,0,8,1,0
09:20:00,501205007,0,0,12,1,0
09:20:00,501205008,8,1,18,1,0
09:20:00,501205009,12,0,33,1,0
09:20:00,501205010,13,0,1,1,0
09:20:00,501205011,1,0,30,1,0
09:20:00,501205012,2,0,17,1,0
09:20:00,501205013,14,2,7,1,0
09:20:00,501205014,3,1,20,1,0
09:20:00,501205015,5,1,12,1,0
09:20:00,501205018,3,1,15,1,0
09:20:00,501205019,17,0,11,1,0
09:20:00,501205020,4,1,26,1,0
09:20:00,501205021,7,0,8,1,0
09:20:00,501205022,8,0,7,1,0
09:20:00,501205023,4,0,10,1,0
09:20:00,501205025,4,0,24,1,0
09:20:00,501205026,0,0,19,1,0
09:20:00,501205027,3,0,7,1,0
09:20:00,501205028,4,0,11,1,0
09:20:00,501205029,10,0,0,1,0
09:20:00,501205030,6,0,4,1,0
09:20:00,501205033,6,1,9,1,0
09:20:00,501205034,10,1,18,1,0
09:20:00,501205035,11,3,5,1,0
09:20:00,501205036,1,1,14,1,0
09:20:00,501205037,6,0,10,1,0
09:20:00,501205038,11,1,9,1,0
09:20:00,501205039,10,1,10,1,0
09:20:00,501205040,10,0,15,1,0
09:20:00,501205041,0,0,17,1,0
09:20:00,501205042,4,1,25,1,0
09:20:00,501208011,27,0,9,1,0
09:20:00,501208013,34,0,20,1,0
09:20:00,501208014,22,1,16,1,0
09:20:00,501208015,4,1,10,1,0
09:20:00,501208018,11,0,3,1,0
09:20:00,501208021,9,0,8,1,0
09:20:00,501208027,2,0,27,1,0
09:20:00,501208029,2,0,20,1,0
09:20:00,501208030,31,1,7,1,0
09:20:00,501208032,4,1,24,1,0
09:20:00,501208040,8,1,11,1,0
09:20:00,501208041,5,0,10,1,0
09:20:00,501208045,2,0,30,1,0
09:20:00,501208051,8,2,27,1,0
09:20:00,501208053,8,0,13,1,0
09:20:00,501208054,13,0,15,1,0
09:20:00,501208059,1,0,26,1,0
09:20:00,501208064,7,0,13,1,0
09:20:00,501208077,6,1,4,1,0
09:20:00,501208079,2,0,19,1,0
09:20:00,501208082,3,0,7,1,0
09:20:00,501208085,12,2,5,1,0
09:20:00,501208087,18,1,13,1,0
09:20:00,501208089,12,0,13,1,0
09:20:00,501208091,8,3,35,1,0
09:20:00,501208111,3,0,12,1,0
09:20:00,501208113,7,0,13,1,0
09:20:00,501208114,7,1,13,1,0
09:20:00,501208129,11,1,12,1,0
09:20:00,501208130,1,0,14,1,0
09:20:00,501209002,8,0,12,1,0
09:20:00,501209003,3,0,11,1,0
09:20:00,501209004,3,1,11,1,0
09:20:00,501209005,8,1,10,1,0
09:20:00,501209006,9,1,10,1,0
09:20:00,501209007,6,0,9,1,0
09:20:00,501209009,0,0,0,2,0
09:20:00,501209010,6,0,8,1,0
09:20:00,501209011,3,0,22,1,0
09:20:00,501209014,7,1,5,1,0
09:20:00,501209015,6,2,9,1,0
09:20:00,501209016,2,1,27,1,0
09:20:00,501209017,8,0,5,1,0
09:20:00,501209018,2,2,14,1,0
09:20:00,501209019,3,3,22,1,0
09:20:00,501209020,8,2,23,1,0
09:20:00,501209021,7,1,7,1,0
09:20:00,501209022,5,1,5,1,0
09:20:00,501209023,4,0,37,1,0
09:20:00,501209024,0,0,42,1,0
09:20:00,501209025,1,0,14,1,0
09:20:00,501209026,1,0,24,1,0
09:20:00,501209027,4,0,15,1,0
09:20:00,501209028,2,0,26,1,0
09:20:00,501209030,4,0,14,1,0
09:20:00,501209031,3,0,27,1,0
09:20:00,501209032,4,0,24,1,0
09:20:00,501209033,11,2,9,1,0
09:20:00,501209034,7,1,8,1,0
09:20:00,501209035,2,0,26,1,0
09:20:00,501209036,4,0,25,1,0
09:20:00,501209037,9,1,27,1,0
09:20:00,501209038,4,0,11,1,0
09:20:00,501209039,18,1,12,1,0
09:20:00,501209040,6,1,25,1,0
09:20:00,501209042,0,0,20,1,0
09:20:00,501209043,0,0,24,1,0
09:20:00,501209044,12,4,3,1,0
09:20:00,501209045,8,0,7,1,0
09:20:00,501209046,3,1,19,1,0
09:20:00,501209047,12,2,2,1,0
09:20:00,501209049,2,0,18,1,0
09:20:00,501209050,13,2,0,1,0
09:20:00,501209051,11,1,13,1,0
09:20:00,501209052,12,0,9,1,0
09:20:00,501209053,3,1,17,1,0
09:20:00,501209054,8,1,18,1,0
09:20:00,501209056,14,1,1,1,0
09:20:00,501209058,6,0,10,1,0
09:20:00,501209059,3,0,12,1,0
09:20:00,501209060,14,2,6,1,0
09:20:00,501209062,1,0,14,1,0
09:20:00,501209064,7,0,8,1,0
09:20:00,501209065,2,0,13,1,0
09:20:00,501209066,7,0,7,1,0
09:20:00,501209067,5,0,9,1,0
09:20:00,501209068,3,0,14,1,0
09:20:00,501209069,7,0,56,1,0
09:20:00,501209070,17,2,0,1,0
09:20:00,501209071,4,1,13,1,0
09:20:00,501209073,5,0,10,1,0
09:20:00,501209074,5,0,18,1,0
09:20:00,501209075,11,0,3,1,0
09:20:00,501209076,8,2,15,1,0
09:20:00,501209077,5,4,10,1,0
09:20:00,501209078,4,0,8,1,0
09:20:00,501209079,7,0,18,1,0
09:20:00,501209080,0,0,25,1,0
09:20:00,501209081,10,2,5,1,0
09:20:00,501209084,2,0,21,1,0
09:20:00,501209085,17,1,9,1,0
09:20:00,501209087,25,7,14,1,0
09:20:00,501209088,7,1,8,1,0
09:20:00,501209089,3,0,17,1,0
09:20:00,501209090,5,0,9,1,0
09:20:00,501209091,1,1,15,1,0
09:20:00,501209092,3,0,12,1,0
09:20:00,501209093,9,1,6,1,0
09:20:00,501209094,7,1,9,1,0
09:20:00,501209095,5,2,9,1,0
09:20:00,501209096,8,0,5,1,0
09:20:00,501209097,7,3,8,1,0
09:20:00,501209098,2,0,13,1,0
09:20:00,501209099,5,0,15,1,0
09:20:00,501209100,12,0,1,1,0
09:20:00,501209101,6,0,9,1,0
09:20:00,501209102,2,0,18,1,0
09:20:00,501209104,0,0,19,1,0
09:20:00,501209105,16,1,9,1,0
09:20:00,501209106,4,1,16,1,0
09:20:00,501211001,25,3,12,1,0
09:20:00,501211002,6,2,9,1,0
09:20:00,501211004,5,1,10,1,0
09:20:00,501211005,1,0,18,1,0
09:20:00,501211006,6,1,10,1,0
09:20:00,501211007,3,0,16,1,0
09:20:00,501211009,9,0,9,1,0
09:20:00,501211011,13,1,17,1,0
09:20:00,501211012,9,1,9,1,0
09:30:00,501201001,0,0,0,2,0
09:30:00,501201002,16,1,24,1,0
09:30:00,501201003,5,1,18,1,0
09:30:00,501201004,2,0,12,1,0
09:30:00,501201005,6,0,13,1,0
09:30:00,501201006,15,0,13,1,0
09:30:00,501201007,6,0,13,1,0
09:30:00,501201008,2,0,23,1,0
09:30:00,501201010,0,0,10,1,0
09:30:00,501201011,4,0,17,1,0
09:30:00,501201012,12,2,28,1,0
09:30:00,501201013,8,0,14,1,0
09:30:00,501201014,12,1,7,1,0
09:30:00,501201015,1,0,24,1,0
09:30:00,501201016,14,1,11,1,0
09:30:00,501201017,0,0,27,1,0
09:30:00,501201018,5,0,19,1,0
09:30:00,501201019,15,0,13,1,0
09:30:00,501201020,9,2,15,1,0
09:30:00,501201021,11,0,4,1,0
09:30:00,501201022,6,0,10,1,0
09:30:00,501201023,1,0,27,1,0
09:30:00,501201024,16,0,8,1,0
09:30:00,501201025,1,0,23,1,0
09:30:00,501201026,11,0,8,1,0
09:30:00,501201028,12,2,7,1,0
09:30:00,501201029,9,0,4,1,0
09:30:00,501201030,5,0,9,1,0
09:30:00,501201031,5,1,12,1,0
09:30:00,501202001,11,2,3,1,0
09:30:00,501202003,1,0,39,1,0
09:30:00,501202013,15,0,2,1,0
09:30:00,501202023,5,0,8,1,0
09:30:00,501202024,12,1,3,1,0
09:30:00,501202034,3,1,12,1,0
09:30:00,501202035,21,1,9,1,0
09:30:00,501202036,22,0,17,1,0
09:30:00,501202040,7,0,38,1,0
09:30:00,501202043,17,3,8,1,0
09:30:00,501202044,0,0,0,2,0
09:30:00,501202047,1,0,21,1,0
09:30:00,501202050,1,0,15,1,0
09:30:00,501202055,7,0,8,1,0
09:30:00,501202058,8,0,7,1,0
09:30:00,501202065,14,2,1,1,0
09:30:00,501202068,4,0,14,1,0
09:30:00,501202070,10,1,6,1,0
09:30:00,501202078,6,0,19,1,0
09:30:00,501202080,9,0,17,1,0
09:30:00,501202081,3,0,20,1,0
09:30:00,501202082,6,1,17,1,0
09:30:00,501202083,4,0,19,1,0
09:30:00,501202084,4,1,20,1,0
09:30:00,501202085,6,1,29,1,0
09:30:00,501202088,7,0,23,1,0
09:30:00,501202089,2,0,27,1,0
09:30:00,501202096,6,0,9,1,0
09:30:00,501203001,6,2,14,1,0
09:30:00,501203002,10,0,12,1,0
09:30:00,501203003,7,2,87,1,0
09:30:00,501203005,5,0,15,1,0
09:30:00,501203006,4,0,11,1,0
09:30:00,501203007,14,2,1,1,0
09:30:00,501203008,6,0,10,1,0
09:30:00,501203010,15,0,18,1,0
09:30:00,501203011,16,2,21,1,0
09:30:00,501203012,9,4,8,1,0
09:30:00,501203013,5,0,19,1,0
09:30:00,501203015,2,0,10,1,0
09:30:00,501203020,2,0,18,1,0
09:30:00,501203022,3,2,16,1,0
09:30:00,501203023,11,1,7,1,0
09:30:00,501203028,7,0,18,1,0
09:30:00,501203040,2,0,20,1,0
09:30:00,501203045,8,0,10,1,0
09:30:00,501203050,3,0,57,1,0
09:30:00,501203051,4,1,20,1,0
09:30:00,501203053,15,0,11,1,0
09:30:00,501203054,8,1,14,1,0
09:30:00,501203064,9,1,6,1,0
09:30:00,501203065,1,0,15,1,0
09:30:00,501203070,5,0,10,1,0
09:30:00,501203073,5,0,19,1,0
09:30:00,501203076,3,0,13,1,0
09:30:00,501203078,11,1,5,1,0
09:30:00,501203080,3,1,12,1,0
09:30:00,501203084,2,0,9,1,0
09:30:00,501203085,5,0,5,1,0
09:30:00,501203088,6,0,8,1,0
09:30:00,501203089,1,0,11,1,0
09:30:00,501203090,6,1,3,1,0
09:30:00,501203091,7,2,6,1,0
09:30:00,501203092,1,0,19,1,0
09:30:00,501203100,2,0,17,1,0
09:30:00,501203101,0,0,0,2,0
09:30:00,501203102,7,0,11,1,0
09:30:00,501203104,11,1,7,1,0
09:30:00,501203105,2,0,9,1,0
09:30:00,501203107,0,0,0,2,0
09:30:00,501203109,16,1,10,1,0
09:30:00,501203110,1,1,40,1,0
09:30:00,501203111,6,1,5,1,0
09:30:00,501203113,7,0,11,1,0
09:30:00,501203114,37,0,13,1,0
09:30:00,501203117,0,0,0,2,0
09:30:00,501203118,7,0,13,1,0
09:30:00,501203121,10,1,14,1,0
09:30:00,501203122,14,1,6,1,0
09:30:00,501203125,4,0,21,1,0
09:30:00,501203131,3,1,17,1,0
09:30:00,501203140,22,7,19,1,0
09:30:00,501203141,6,0,10,1,0
09:30:00,501203142,25,2,50,1,0
09:30:00,501203145,8,0,7,1,0
09:30:00,501203151,10,0,8,1,0
09:30:00,501203155,7,1,12,1,0
09:30:00,501203157,3,0,14,1,0
09:30:00,501203159,3,1,17,1,0
09:30:00,501203161,7,1,11,1,0
09:30:00,501203162,10,0,11,1,0
09:30:00,501203163,9,0,7,1,0
09:30:00,501204001,6,2,19,1,0
09:30:00,501204002,6,2,29,1,0
09:30:00,501204003,11,0,31,1,0
09:30:00,501204004,4,0,10,1,0
09:30:00,501204005,8,1,12,1,0
09:30:00,501204007,7,0,29,1,0
09:30:00,501204008,3,0,11,1,0
09:30:00,501204009,0,0,0,2,0
09:30:00,501204010,0,0,0,2,0
09:30:00,501204011,7,1,8,1,0
09:30:00,501204012,12,0,2,1,0
09:30:00,501204013,3,0,11,1,0
09:30:00,501204014,4,0,12,1,0
09:30:00,501204015,9,0,6,1,0
09:30:00,501204016,0,0,20,1,0
09:30:00,501204017,3,0,12,1,0
09:30:00,501204018,11,0,13,1,0
09:30:00,501204020,1,0,18,1,0
09:30:00,501204021,2,0,18,1,0
09:30:00,501204022,4,0,12,1,0
09:30:00,501204023,1,1,14,1,0
09:30:00,501204024,0,0,0,2,0
09:30:00,501204025,6,0,13,1,0
09:30:00,501205001,10,1,7,1,0
09:30:00,501205003,6,2,13,1,0
09:30:00,501205004,4,1,12,1,0
09:30:00,501205005,10,1,12,1,0
09:30:00,501205006,12,0,8,1,0
09:30:00,501205007,0,0,12,1,0
09:30:00,501205008,8,1,18,1,0
09:30:00,501205009,11,0,34,1,0
09:30:00,501205010,5,0,9,1,0
09:30:00,501205011,3,0,28,1,0
09:30:00,501205012,5,0,14,1,0
09:30:00,501205013,16,3,5,1,0
09:30:00,501205014,4,1,19,1,0
09:30:00,501205015,5,1,12,1,0
09:30:00,501205018,3,1,15,1,0
09:30:00,501205019,17,0,11,1,0
09:30:00,501205020,4,1,26,1,0
09:30:00,501205021,6,0,9,1,0
09:30:00,501205022,9,0,6,1,0
09:30:00,501205023,5,0,9,1,0
09:30:00,501205025,3,0,25,1,0
09:30:00,501205026,0,0,19,1,0
09:30:00,501205027,3,0,7,1,0
09:30:00,501205028,5,0,10,1,0
09:30:00,501205029,10,0,0,1,0
09:30:00,501205030,7,0,3,1,0
09:30:00,501205033,6,1,9,1,0
09:30:00,501205034,10,1,18,1,0
09:30:00,501205035,12,4,4,1,0
09:30:00,501205036,1,1,14,1,0
09:30:00,501205037,6,0,10,1,0
09:30:00,501205038,14,2,6,1,0
09:30:00,501205039,10,1,10,1,0
09:30:00,501205040,10,0,15,1,0
09:30:00,501205041,1,0,16,1,0
09:30:00,501205042,4,1,25,1,0
09:30:00,501208011,27,0,9,1,0
09:30:00,501208013,36,1,18,1,0
09:30:00,501208014,22,2,16,1,0
09:30:00,501208015,4,1,10,1,0
09:30:00,501208018,12,1,2,1,0
09:30:00,501208021,8,0,9,1,0
09:30:00,501208027,0,0,29,1,0
09:30:00,501208029,9,0,13,1,0
09:30:00,501208030,30,0,8,1,0
09:30:00,501208032,4,1,24,1,0
09:30:00,501208040,7,1,12,1,0
09:30:00,501208041,5,0,10,1,0
09:30:00,501208045,2,0,30,1,0
09:30:00,501208051,7,2,28,1,0
09:30:00,501208053,6,0,15,1,0
09:30:00,501208054,11,0,17,1,0
09:30:00,501208059,1,0,26,1,0
09:30:00,501208064,7,0,13,1,0
09:30:00,501208077,6,1,4,1,0
09:30:00,501208079,2,0,19,1,0
09:30:00,501208082,4,0,6,1,0
09:30:00,501208085,11,1,6,1,0
09:30:00,501208087,17,1,14,1,0
09:30:00,501208089,12,0,13,1,0
09:30:00,501208091,7,2,36,1,0
09:30:00,501208111,3,0,12,1,0
09:30:00,501208113,7,0,13,1,0
09:30:00,501208114,7,1,13,1,0
09:30:00,501208129,13,1,10,1,0
09:30:00,501208130,1,0,14,1,0
09:30:00,501209002,8,0,12,1,0
09:30:00,501209003,2,0,12,1,0
09:30:00,501209004,3,1,11,1,0
09:30:00,501209005,8,1,10,1,0
09:30:00,501209006,10,1,9,1,0
09:30:00,501209007,6,0,9,1,0
09:30:00,501209009,0,0,0,2,0
09:30:00,501209010,6,0,8,1,0
09:30:00,501209011,3,0,22,1,0
09:30:00,501209014,7,1,5,1,0
09:30:00,501209015,6,2,9,1,0
09:30:00,501209016,2,1,27,1,0
09:30:00,501209017,7,0,6,1,0
09:30:00,501209018,3,1,13,1,0
09:30:00,501209019,3,3,22,1,0
09:30:00,501209020,10,4,21,1,0
09:30:00,501209021,6,1,8,1,0
09:30:00,501209022,5,1,5,1,0
09:30:00,501209023,9,1,32,1,0
09:30:00,501209024,1,0,41,1,0
09:30:00,501209025,1,0,14,1,0
09:30:00,501209026,1,0,24,1,0
09:30:00,501209027,5,1,14,1,0
09:30:00,501209028,2,0,26,1,0
09:30:00,501209030,2,0,16,1,0
09:30:00,501209031,3,0,27,1,0
09:30:00,501209032,4,0,24,1,0
09:30:00,501209033,11,2,9,1,0
09:30:00,501209034,7,1,8,1,0
09:30:00,501209035,3,0,25,1,0
09:30:00,501209036,4,0,25,1,0
09:30:00,501209037,9,1,27,1,0
09:30:00,501209038,4,0,11,1,0
09:30:00,501209039,19,1,11,1,0
09:30:00,501209040,7,1,24,1,0
09:30:00,501209042,0,0,20,1,0
09:30:00,501209043,0,0,24,1,0
09:30:00,501209044,12,4,3,1,0
09:30:00,501209045,8,0,7,1,0
09:30:00,501209046,4,1,18,1,0
09:30:00,501209047,11,2,3,1,0
09:30:00,501209049,0,0,20,1,0
09:30:00,501209050,13,2,0,1,0
09:30:00,501209051,11,1,13,1,0
09:30:00,501209052,12,0,9,1,0
09:30:00,501209053,3,1,17,1,0
09:30:00,501209054,6,0,20,1,0
09:30:00,501209056,14,1,1,1,0
09:30:00,501209058,6,0,10,1,0
09:30:00,501209059,4,0,11,1,0
09:30:00,501209060,12,2,8,1,0
09:30:00,501209062,1,0,14,1,0
09:30:00,501209064,8,0,7,1,0
09:30:00,501209065,2,0,13,1,0
09:30:00,501209066,8,1,6,1,0
09:30:00,501209067,4,0,10,1,0
09:30:00,501209068,4,1,13,1,0
09:30:00,501209069,7,0,56,1,0
09:30:00,501209070,17,2,0,1,0
09:30:00,501209071,5,1,12,1,0
09:30:00,501209073,5,0,10,1,0
09:30:00,501209074,5,0,18,1,0
09:30:00,501209075,11,0,3,1,0
09:30:00,501209076,8,2,15,1,0
09:30:00,501209077,5,4,10,1,0
09:30:00,501209078,4,0,8,1,0
09:30:00,501209079,4,0,21,1,0
09:30:00,501209080,0,0,25,1,0
09:30:00,501209081,10,2,5,1,0
09:30:00,501209084,2,0,21,1,0
09:30:00,501209085,17,1,9,1,0
09:30:00,501209087,25,7,14,1,0
09:30:00,501209088,7,1,8,1,0
09:30:00,501209089,4,0,16,1,0
09:30:00,501209090,5,0,9,1,0
09:30:00,501209091,1,1,15,1,0
09:30:00,501209092,3,0,12,1,0
09:30:00,501209093,9,1,6,1,0
09:30:00,501209094,7,1,9,1,0
09:30:00,501209095,5,2,9,1,0
09:30:00,501209096,8,0,5,1,0
09:30:00,501209097,7,3,8,1,0
09:30:00,501209098,2,0,13,1,0
09:30:00,501209099,5,0,15,1,0
09:30:00,501209100,12,0,1,1,0
09:30:00,501209101,6,0,9,1,0
09:30:00,501209102,2,0,18,1,0
09:30:00,501209104,0,0,19,1,0
09:30:00,501209105,16,1,9,1,0
09:30:00,501209106,4,1,16,1,0
09:30:00,501211001,25,3,12,1,0
09:30:00,501211002,6,2,9,1,0
09:30:00,501211004,5,1,10,1,0
09:30:00,501211005,1,0,18,1,0
09:30:00,501211006,6,1,10,1,0
09:30:00,501211007,2,0,17,1,0
09:30:00,501211009,9,0,9,1,0
09:30:00,501211011,13,1,17,1,0
09:30:00,501211012,9,1,9,1,0
09:40:00,501201001,0,0,0,2,0
09:40:00,501201002,13,0,27,1,0
09:40:00,501201003,5,1,18,1,0
09:40:00,501201004,0,0,14,1,0
09:40:00,501201005,6,0,13,1,0
09:40:00,501201006,13,0,15,1,0
09:40:00,501201007,5,0,14,1,0
09:40:00,501201008,2,0,23,1,0
09:40:00,501201010,1,1,9,1,0
09:40:00,501201011,5,0,16,1,0
09:40:00,501201012,13,2,27,1,0
09:40:00,501201013,5,3,17,1,0
09:40:00,501201014,12,1,7,1,0
09:40:00,501201015,0,0,25,1,0
09:40:00,501201016,14,1,11,1,0
09:40:00,501201017,0,0,27,1,0
09:40:00,501201018,5,0,19,1,0
09:40:00,501201019,14,0,14,1,0
09:40:00,501201020,9,2,15,1,0
09:40:00,501201021,12,1,3,1,0
09:40:00,501201022,5,0,11,1,0
09:40:00,501201023,1,0,27,1,0
09:40:00,501201024,15,0,9,1,0
09:40:00,501201025,1,0,23,1,0
09:40:00,501201026,11,0,8,1,0
09:40:00,501201028,11,2,8,1,0
09:40:00,501201029,9,0,4,1,0
09:40:00,501201030,6,0,8,1,0
09:40:00,501201031,5,0,12,1,0
09:40:00,501202001,10,2,4,1,0
09:40:00,501202003,1,0,39,1,0
09:40:00,501202013,15,0,2,1,0
09:40:00,501202023,5,0,8,1,0
09:40:00,501202024,12,1,3,1,0
09:40:00,501202034,3,1,12,1,0
09:40:00,501202035,18,0,12,1,0
09:40:00,501202036,24,1,15,1,0
09:40:00,501202040,5,0,40,1,0
09:40:00,501202043,17,3,8,1,0
09:40:00,501202044,0,0,0,2,0
09:40:00,501202047,2,0,20,1,0
09:40:00,501202050,1,0,15,1,0
09:40:00,501202055,8,0,7,1,0
09:40:00,501202058,8,0,7,1,0
09:40:00,501202065,11,2,4,1,0
09:40:00,501202068,5,1,13,1,0
09:40:00,501202070,10,1,6,1,0
09:40:00,501202078,6,0,19,1,0
09:40:00,501202080,9,0,17,1,0
09:40:00,501202081,3,1,20,1,0
09:40:00,501202082,3,0,20,1,0
09:40:00,501202083,4,0,19,1,0
09:40:00,501202084,2,0,22,1,0
09:40:00,501202085,6,0,29,1,0
09:40:00,501202088,7,0,23,1,0
09:40:00,501202089,2,0,27,1,0
09:40:00,501202096,6,0,9,1,0
09:40:00,501203001,6,3,14,1,0
09:40:00,501203002,15,0,7,1,0
09:40:00,501203003,6,2,88,1,0
09:40:00,501203005,5,0,15,1,0
09:40:00,501203006,4,0,11,1,0
09:40:00,501203007,14,2,1,1,0
09:40:00,501203008,6,0,10,1,0
09:40:00,501203010,15,0,18,1,0
09:40:00,501203011,16,2,21,1,0
09:40:00,501203012,9,4,8,1,0
09:40:00,501203013,5,0,19,1,0
09:40:00,501203015,2,0,10,1,0
09:40:00,501203020,3,0,17,1,0
09:40:00,501203022,2,1,17,1,0
09:40:00,501203023,11,1,7,1,0
09:40:00,501203028,8,0,16,1,0
09:40:00,501203040,4,0,18,1,0
09:40:00,501203045,9,0,9,1,0
09:40:00,501203050,2,0,58,1,0
09:40:00,501203051,4,1,20,1,0
09:40:00,501203053,16,1,10,1,0
09:40:00,501203054,8,1,14,1,0
09:40:00,501203064,9,1,6,1,0
09:40:00,501203065,1,0,15,1,0
09:40:00,501203070,5,0,10,1,0
09:40:00,501203073,5,0,19,1,0
09:40:00,501203076,3,0,13,1,0
09:40:00,501203078,11,1,5,1,0
09:40:00,501203080,3,1,12,1,0
09:40:00,501203084,1,0,10,1,0
09:40:00,501203085,5,0,5,1,0
09:40:00,501203088,8,1,6,1,0
09:40:00,501203089,1,0,11,1,0
09:40:00,501203090,6,1,3,1,0
09:40:00,501203091,6,1,7,1,0
09:40:00,501203092,1,0,19,1,0
09:40:00,501203100,1,0,18,1,0
09:40:00,501203101,0,0,0,2,0
09:40:00,501203102,5,0,13,1,0
09:40:00,501203104,12,1,6,1,0
09:40:00,501203105,2,0,9,1,0
09:40:00,501203107,0,0,0,2,0
09:40:00,501203109,18,2,8,1,0
09:40:00,501203110,1,1,40,1,0
09:40:00,501203111,6,1,5,1,0
09:40:00,501203113,7,0,11,1,0
09:40:00,501203114,33,1,17,1,0
09:40:00,501203117,0,0,0,2,0
09:40:00,501203118,7,0,13,1,0
09:40:00,501203121,9,1,15,1,0
09:40:00,501203122,14,1,6,1,0
09:40:00,501203125,3,0,22,1,0
09:40:00,501203131,3,1,17,1,0
09:40:00,501203140,23,7,18,1,0
09:40:00,501203141,5,0,11,1,0
09:40:00,501203142,24,1,51,1,0
09:40:00,501203145,8,0,7,1,0
09:40:00,501203151,12,0,6,1,0
09:40:00,501203155,7,1,12,1,0
09:40:00,501203157,3,0,14,1,0
09:40:00,501203159,3,1,17,1,0
09:40:00,501203161,7,1,11,1,0
09:40:00,501203162,10,0,11,1,0
09:40:00,501203163,9,0,7,1,0
09:40:00,501204001,5,1,20,1,0
09:40:00,501204002,6,2,29,1,0
09:40:00,501204003,7,0,35,1,0
09:40:00,501204004,4,0,10,1,0
09:40:00,501204005,7,1,13,1,0
09:40:00,501204007,5,0,31,1,0
09:40:00,501204008,5,1,9,1,0
09:40:00,501204009,0,0,0,2,0
09:40:00,501204010,0,0,0,2,0
09:40:00,501204011,7,1,8,1,0
09:40:00,501204012,13,1,1,1,0
09:40:00,501204013,3,0,11,1,0
09:40:00,501204014,4,0,12,1,0
09:40:00,501204015,10,0,5,1,0
09:40:00,501204016,0,0,20,1,0
09:40:00,501204017,3,0,12,1,0
09:40:00,501204018,11,0,13,1,0
09:40:00,501204020,1,0,18,1,0
09:40:00,501204021,3,0,17,1,0
09:40:00,501204022,4,0,12,1,0
09:40:00,501204023,1,1,14,1,0
09:40:00,501204024,0,0,0,2,0
09:40:00,501204025,6,0,13,1,0
09:40:00,501205001,10,1,7,1,0
09:40:00,501205003,6,2,13,1,0
09:40:00,501205004,4,1,12,1,0
09:40:00,501205005,11,1,11,1,0
09:40:00,501205006,12,0,8,1,0
09:40:00,501205007,0,0,12,1,0
09:40:00,501205008,8,1,18,1,0
09:40:00,501205009,10,0,35,1,0
09:40:00,501205010,4,0,10,1,0
09:40:00,501205011,5,0,26,1,0
09:40:00,501205012,7,0,12,1,0
09:40:00,501205013,15,3,6,1,0
09:40:00,501205014,4,1,19,1,0
09:40:00,501205015,5,1,12,1,0
09:40:00,501205018,2,0,16,1,0
09:40:00,501205019,17,0,11,1,0
09:40:00,501205020,4,1,25,1,0
09:40:00,501205021,6,0,9,1,0
09:40:00,501205022,9,0,6,1,0
09:40:00,501205023,3,0,11,1,0
09:40:00,501205025,2,0,26,1,0
09:40:00,501205026,6,0,13,1,0
09:40:00,501205027,2,0,8,1,0
09:40:00,501205028,4,1,11,1,0
09:40:00,501205029,9,0,1,1,0
09:40:00,501205030,7,0,3,1,0
09:40:00,501205033,6,1,9,1,0
09:40:00,501205034,8,1,20,1,0
09:40:00,501205035,11,3,5,1,0
09:40:00,501205036,1,1,14,1,0
09:40:00,501205037,5,0,11,1,0
09:40:00,501205038,15,2,5,1,0
09:40:00,501205039,9,1,11,1,0
09:40:00,501205040,9,0,16,1,0
09:40:00,501205041,2,0,15,1,0
09:40:00,501205042,6,3,23,1,0
09:40:00,501208011,29,1,7,1,0
09:40:00,501208013,34,0,20,1,0
09:40:00,501208014,22,2,16,1,0
09:40:00,501208015,6,2,9,1,0
09:40:00,501208018,12,1,2,1,0
09:40:00,501208021,10,1,7,1,0
09:40:00,501208027,0,0,29,1,0
09:40:00,501208029,9,0,13,1,0
09:40:00,501208030,30,0,8,1,0
09:40:00,501208032,5,1,23,1,0
09:40:00,501208040,7,1,12,1,0
09:40:00,501208041,5,0,10,1,0
09:40:00,501208045,3,0,29,1,0
09:40:00,501208051,8,1,27,1,0
09:40:00,501208053,6,0,15,1,0
09:40:00,501208054,11,0,17,1,0
09:40:00,501208059,1,0,26,1,0
09:40:00,501208064,7,0,13,1,0
09:40:00,501208077,6,1,4,1,0
09:40:00,501208079,2,0,20,1,0
09:40:00,501208082,4,0,6,1,0
09:40:00,501208085,12,2,5,1,0
09:40:00,501208087,16,0,15,1,0
09:40:00,501208089,15,0,10,1,0
09:40:00,501208091,7,2,36,1,0
09:40:00,501208111,4,0,11,1,0
09:40:00,501208113,7,0,13,1,0
09:40:00,501208114,7,1,13,1,0
09:40:00,501208129,20,2,3,1,0
09:40:00,501208130,1,0,14,1,0
09:40:00,501209002,8,0,12,1,0
09:40:00,501209003,2,0,12,1,0
09:40:00,501209004,4,1,10,1,0
09:40:00,501209005,8,1,10,1,0
09:40:00,501209006,10,1,9,1,0
09:40:00,501209007,7,0,8,1,0
09:40:00,501209009,0,0,0,2,0
09:40:00,501209010,6,0,8,1,0
09:40:00,501209011,4,0,21,1,0
09:40:00,501209014,7,1,5,1,0
09:40:00,501209015,6,2,9,1,0
09:40:00,501209016,2,1,27,1,0
09:40:00,501209017,7,0,6,1,0
09:40:00,501209018,3,1,13,1,0
09:40:00,501209019,5,3,20,1,0
09:40:00,501209020,11,4,20,1,0
09:40:00,501209021,6,1,8,1,0
09:40:00,501209022,4,1,6,1,0
09:40:00,501209023,7,0,34,1,0
09:40:00,501209024,1,0,41,1,0
09:40:00,501209025,1,0,14,1,0
09:40:00,501209026,2,0,23,1,0
09:40:00,501209027,5,1,14,1,0
09:40:00,501209028,2,0,26,1,0
09:40:00,501209030,1,0,17,1,0
09:40:00,501209031,3,0,27,1,0
09:40:00,501209032,4,0,24,1,0
09:40:00,501209033,8,1,12,1,0
09:40:00,501209034,7,1,8,1,0
09:40:00,501209035,3,0,25,1,0
09:40:00,501209036,5,1,24,1,0
09:40:00,501209037,8,1,28,1,0
09:40:00,501209038,2,0,13,1,0
09:40:00,501209039,19,1,11,1,0
09:40:00,501209040,6,1,25,1,0
09:40:00,501209042,0,0,20,1,0
09:40:00,501209043,0,0,24,1,0
09:40:00,501209044,12,4,3,1,0
09:40:00,501209045,8,0,7,1,0
09:40:00,501209046,5,1,17,1,0
09:40:00,501209047,10,1,4,1,0
09:40:00,501209049,3,1,17,1,0
09:40:00,501209050,13,2,0,1,0
09:40:00,501209051,11,1,13,1,0
09:40:00,501209052,10,0,11,1,0
09:40:00,501209053,3,1,17,1,0
09:40:00,501209054,3,0,23,1,0
09:40:00,501209056,14,1,1,1,0
09:40:00,501209058,5,0,11,1,0
09:40:00,501209059,4,0,11,1,0
09:40:00,501209060,8,0,12,1,0
09:40:00,501209062,1,0,14,1,0
09:40:00,501209064,8,0,7,1,0
09:40:00,501209065,2,0,13,1,0
09:40:00,501209066,10,3,4,1,0
09:40:00,501209067,4,0,10,1,0
09:40:00,501209068,2,1,15,1,0
09:40:00,501209069,9,0,54,1,0
09:40:00,501209070,15,2,2,1,0
09:40:00,501209071,5,1,12,1,0
09:40:00,501209073,6,0,9,1,0
09:40:00,501209074,5,0,18,1,0
09:40:00,501209075,11,0,3,1,0
09:40:00,501209076,9,3,14,1,0
09:40:00,501209077,5,4,10,1,0
09:40:00,501209078,5,1,7,1,0
09:40:00,501209079,5,0,20,1,0
09:40:00,501209080,0,0,25,1,0
09:40:00,501209081,10,2,5,1,0
09:40:00,501209084,1,0,22,1,0
09:40:00,501209085,17,1,9,1,0
09:40:00,501209087,25,7,14,1,0
09:40:00,501209088,7,1,8,1,0
09:40:00,501209089,5,0,15,1,0
09:40:00,501209090,6,0,8,1,0
09:40:00,501209091,1,1,15,1,0
09:40:00,501209092,3,0,12,1,0
09:40:00,501209093,9,1,6,1,0
09:40:00,501209094,6,0,10,1,0
09:40:00,501209095,5,2,9,1,0
09:40:00,501209096,8,0,5,1,0
09:40:00,501209097,7,3,8,1,0
09:40:00,501209098,2,0,13,1,0
09:40:00,501209099,6,1,14,1,0
09:40:00,501209100,12,0,1,1,0
09:40:00,501209101,6,0,9,1,0
09:40:00,501209102,2,0,18,1,0
09:40:00,501209104,0,0,19,1,0
09:40:00,501209105,16,0,9,1,0
09:40:00,501209106,4,1,16,1,0
09:40:00,501211001,25,2,12,1,0
09:40:00,501211002,6,2,9,1,0
09:40:00,501211004,5,1,10,1,0
09:40:00,501211005,1,0,18,1,0
09:40:00,501211006,6,1,10,1,0
09:40:00,501211007,2,0,17,1,0
09:40:00,501211009,9,0,9,1,0
09:40:00,501211011,12,1,18,1,0
09:40:00,501211012,9,1,9,1,0
09:51:10,501201001,0,0,0,2,0
09:51:10,501201002,11,0,29,1,0
09:51:10,501201003,5,1,18,1,0
09:51:10,501201004,2,1,12,1,0
09:51:10,501201005,4,0,15,1,0
09:51:10,501201006,12,0,16,1,0
09:51:10,501201007,5,0,14,1,0
09:51:10,501201008,2,0,23,1,0
09:51:10,501201010,1,1,9,1,0
09:51:10,501201011,5,1,16,1,0
09:51:10,501201012,13,2,27,1,0
09:51:10,501201013,3,3,19,1,0
09:51:10,501201014,13,1,6,1,0
09:51:10,501201015,1,0,24,1,0
09:51:10,501201016,13,0,12,1,0
09:51:10,501201017,2,2,25,1,0
09:51:10,501201018,5,0,19,1,0
09:51:10,501201019,13,0,15,1,0
09:51:10,501201020,9,2,15,1,0
09:51:10,501201021,11,0,4,1,0
09:51:10,501201022,5,1,11,1,0
09:51:10,501201023,1,0,27,1,0
09:51:10,501201024,14,0,10,1,0
09:51:10,501201025,1,0,23,1,0
09:51:10,501201026,11,0,8,1,0
09:51:10,501201028,11,1,8,1,0
09:51:10,501201029,9,1,4,1,0
09:51:10,501201030,6,0,8,1,0
09:51:10,501201031,4,0,13,1,0
09:51:10,501202001,10,1,4,1,0
09:51:10,501202003,1,0,39,1,0
09:51:10,501202013,15,0,2,1,0
09:51:10,501202023,4,0,9,1,0
09:51:10,501202024,12,1,3,1,0
09:51:10,501202034,12,2,3,1,0
09:51:10,501202035,17,0,13,1,0
09:51:10,501202036,28,3,11,1,0
09:51:10,501202040,4,0,41,1,0
09:51:10,501202043,17,3,8,1,0
09:51:10,501202044,0,0,0,2,0
09:51:10,501202047,2,0,20,1,0
09:51:10,501202050,0,0,16,1,0
09:51:10,501202055,10,0,5,1,0
09:51:10,501202058,9,1,6,1,0
09:51:10,501202065,8,2,7,1,0
09:51:10,501202068,6,2,12,1,0
09:51:10,501202070,12,1,4,1,0
09:51:10,501202078,6,0,19,1,0
09:51:10,501202080,12,0,14,1,0
09:51:10,501202081,3,0,20,1,0
09:51:10,501202082,2,0,21,1,0
09:51:10,501202083,4,0,19,1,0
09:51:10,501202084,4,1,20,1,0
09:51:10,501202085,6,0,29,1,0
09:51:10,501202088,9,0,21,1,0
09:51:10,501202089,2,0,27,1,0
09:51:10,501202096,4,0,11,1,0
09:51:10,501203001,4,2,16,1,0
09:51:10,501203002,15,0,7,1,0
09:51:10,501203003,6,2,88,1,0
09:51:10,501203005,5,0,15,1,0
09:51:10,501203006,5,1,10,1,0
09:51:10,501203007,14,2,1,1,0
09:51:10,501203008,5,0,11,1,0
09:51:10,501203010,14,0,19,1,0
09:51:10,501203011,16,2,21,1,0
09:51:10,501203012,8,3,9,1,0
09:51:10,501203013,4,0,20,1,0
09:51:10,501203015,2,0,10,1,0
09:51:10,501203020,3,0,17,1,0
09:51:10,501203022,1,0,18,1,0
09:51:10,501203023,13,2,5,1,0
09:51:10,501203028,8,0,16,1,0
09:51:10,501203040,6,0,16,1,0
09:51:10,501203045,9,0,9,1,0
09:51:10,501203050,4,0,56,1,0
09:51:10,501203051,4,1,20,1,0
09:51:10,501203053,13,0,13,1,0
09:51:10,501203054,8,0,14,1,0
09:51:10,501203064,9,1,6,1,0
09:51:10,501203065,1,0,15,1,0
09:51:10,501203070,5,0,10,1,0
09:51:10,501203073,6,0,18,1,0
09:51:10,501203076,3,0,13,1,0
09:51:10,501203078,13,1,3,1,0
09:51:10,501203080,4,1,11,1,0
09:51:10,501203084,1,0,10,1,0
09:51:10,501203085,5,0,5,1,0
09:51:10,501203088,8,1,6,1,0
09:51:10,501203089,1,0,11,1,0
09:51:10,501203090,6,1,3,1,0
09:51:10,501203091,6,1,7,1,0
09:51:10,501203092,1,0,19,1,0
09:51:10,501203100,2,0,17,1,0
09:51:10,501203101,0,0,0,2,0
09:51:10,501203102,3,0,15,1,0
09:51:10,501203104,12,1,6,1,0
09:51:10,501203105,2,0,9,1,0
09:51:10,501203107,0,0,0,2,0
09:51:10,501203109,20,2,6,1,0
09:51:10,501203110,1,1,40,1,0
09:51:10,501203111,7,0,4,1,0
09:51:10,501203113,7,0,11,1,0
09:51:10,501203114,31,0,19,1,0
09:51:10,501203117,0,0,0,2,0
09:51:10,501203118,7,0,13,1,0
09:51:10,501203121,8,1,16,1,0
09:51:10,501203122,14,1,6,1,0
09:51:10,501203125,3,0,22,1,0
09:51:10,501203131,4,2,16,1,0
09:51:10,501203140,22,6,19,1,0
09:51:10,501203141,4,0,12,1,0
09:51:10,501203142,22,0,53,1,0
09:51:10,501203145,8,0,7,1,0
09:51:10,501203151,12,0,6,1,0
09:51:10,501203155,7,1,12,1,0
09:51:10,501203157,3,0,14,1,0
09:51:10,501203159,3,1,17,1,0
09:51:10,501203161,7,1,11,1,0
09:51:10,501203162,9,0,12,1,0
09:51:10,501203163,10,1,6,1,0
09:51:10,501204001,5,1,20,1,0
09:51:10,501204002,9,4,26,1,0
09:51:10,501204003,8,0,33,1,0
09:51:10,501204004,5,0,9,1,0
09:51:10,501204005,8,1,12,1,0
09:51:10,501204007,5,0,31,1,0
09:51:10,501204008,5,1,9,1,0
09:51:10,501204009,0,0,0,2,0
09:51:10,501204010,0,0,0,2,0
09:51:10,501204011,5,0,10,1,0
09:51:10,501204012,14,1,0,1,0
09:51:10,501204013,4,0,10,1,0
09:51:10,501204014,5,0,11,1,0
09:51:10,501204015,10,0,5,1,0
09:51:10,501204016,0,0,20,1,0
09:51:10,501204017,3,0,12,1,0
09:51:10,501204018,10,0,14,1,0
09:51:10,501204020,1,0,18,1,0
09:51:10,501204021,6,1,14,1,0
09:51:10,501204022,3,0,13,1,0
09:51:10,501204023,1,1,14,1,0
09:51:10,501204024,0,0,0,2,0
09:51:10,501204025,6,0,13,1,0
09:51:10,501205001,9,1,8,1,0
09:51:10,501205003,3,1,16,1,0
09:51:10,501205004,4,1,12,1,0
09:51:10,501205005,10,1,12,1,0
09:51:10,501205006,11,0,9,1,0
09:51:10,501205007,0,0,12,1,0
09:51:10,501205008,7,0,19,1,0
09:51:10,501205009,10,0,35,1,0
09:51:10,501205010,5,1,9,1,0
09:51:10,501205011,4,0,27,1,0
09:51:10,501205012,6,0,13,1,0
09:51:10,501205013,15,3,6,1,0
09:51:10,501205014,4,1,19,1,0
09:51:10,501205015,4,1,13,1,0
09:51:10,501205018,3,0,15,1,0
09:51:10,501205019,18,0,10,1,0
09:51:10,501205020,4,1,25,1,0
09:51:10,501205021,6,0,9,1,0
09:51:10,501205022,9,0,6,1,0
09:51:10,501205023,3,0,11,1,0
09:51:10,501205025,1,0,27,1,0
09:51:10,501205026,11,3,8,1,0
09:51:10,501205027,2,0,8,1,0
09:51:10,501205028,6,1,9,1,0
09:51:10,501205029,4,0,6,1,0
09:51:10,501205030,7,0,3,1,0
09:51:10,501205033,6,1,9,1,0
09:51:10,501205034,8,1,20,1,0
09:51:10,501205035,11,3,5,1,0
09:51:10,501205036,0,0,15,1,0
09:51:10,501205037,5,0,11,1,0
09:51:10,501205038,15,2,5,1,0
09:51:10,501205039,9,1,11,1,0
09:51:10,501205040,7,0,18,1,0
09:51:10,501205041,2,0,15,1,0
09:51:10,501205042,7,3,22,1,0
09:51:10,501208011,26,0,10,1,0
09:51:10,501208013,32,0,22,1,0
09:51:10,501208014,21,1,17,1,0
09:51:10,501208015,5,1,10,1,0
09:51:10,501208018,11,1,3,1,0
09:51:10,501208021,10,1,7,1,0
09:51:10,501208027,0,0,29,1,0
09:51:10,501208029,9,0,13,1,0
09:51:10,501208030,29,0,9,1,0
09:51:10,501208032,8,1,20,1,0
09:51:10,501208040,7,1,12,1,0
09:51:10,501208041,5,0,10,1,0
09:51:10,501208045,3,0,29,1,0
09:51:10,501208051,8,0,27,1,0
09:51:10,501208053,14,0,7,1,0
09:51:10,501208054,11,0,16,1,0
09:51:10,501208059,1,0,26,1,0
09:51:10,501208064,7,0,13,1,0
09:51:10,501208077,5,0,5,1,0
09:51:10,501208079,1,0,21,1,0
09:51:10,501208082,6,1,4,1,0
09:51:10,501208085,12,2,5,1,0
09:51:10,501208087,17,1,14,1,0
09:51:10,501208089,14,0,11,1,0
09:51:10,501208091,8,2,35,1,0
09:51:10,501208111,2,0,13,1,0
09:51:10,501208113,7,0,13,1,0
09:51:10,501208114,7,1,13,1,0
09:51:10,501208129,23,2,0,1,0
09:51:10,501208130,1,0,14,1,0
09:51:10,501209002,8,0,12,1,0
09:51:10,501209003,4,0,10,1,0
09:51:10,501209004,5,1,9,1,0
09:51:10,501209005,9,1,9,1,0
09:51:10,501209006,10,1,9,1,0
09:51:10,501209007,7,0,8,1,0
09:51:10,501209009,0,0,0,2,0
09:51:10,501209010,6,0,8,1,0
09:51:10,501209011,1,0,24,1,0
09:51:10,501209014,7,1,5,1,0
09:51:10,501209015,7,2,8,1,0
09:51:10,501209016,2,1,27,1,0
09:51:10,501209017,7,0,6,1,0
09:51:10,501209018,5,1,11,1,0
09:51:10,501209019,6,4,19,1,0
09:51:10,501209020,11,4,20,1,0
09:51:10,501209021,6,1,8,1,0
09:51:10,501209022,4,1,6,1,0
09:51:10,501209023,4,0,37,1,0
09:51:10,501209024,0,0,42,1,0
09:51:10,501209025,1,0,14,1,0
09:51:10,501209026,1,0,24,1,0
09:51:10,501209027,6,1,13,1,0
09:51:10,501209028,2,0,26,1,0
09:51:10,501209030,0,0,18,1,0
09:51:10,501209031,3,0,27,1,0
09:51:10,501209032,5,1,23,1,0
09:51:10,501209033,9,1,11,1,0
09:51:10,501209034,7,1,8,1,0
09:51:10,501209035,2,0,26,1,0
09:51:10,501209036,5,1,24,1,0
09:51:10,501209037,7,0,29,1,0
09:51:10,501209038,1,0,14,1,0
09:51:10,501209039,19,1,11,1,0
09:51:10,501209040,6,1,25,1,0
09:51:10,501209042,1,0,19,1,0
09:51:10,501209043,1,0,23,1,0
09:51:10,501209044,12,4,3,1,0
09:51:10,501209045,9,0,6,1,0
09:51:10,501209046,5,1,17,1,0
09:51:10,501209047,10,1,4,1,0
09:51:10,501209049,5,2,15,1,0
09:51:10,501209050,13,1,0,1,0
09:51:10,501209051,10,1,14,1,0
09:51:10,501209052,12,0,9,1,0
09:51:10,501209053,3,1,17,1,0
09:51:10,501209054,1,0,25,1,0
09:51:10,501209056,14,1,1,1,0
09:51:10,501209058,4,0,12,1,0
09:51:10,501209059,4,0,11,1,0
09:51:10,501209060,9,0,11,1,0
09:51:10,501209062,2,0,13,1,0
09:51:10,501209064,9,0,6,1,0
09:51:10,501209065,2,0,13,1,0
09:51:10,501209066,9,2,5,1,0
09:51:10,501209067,3,0,11,1,0
09:51:10,501209068,3,1,14,1,0
09:51:10,501209069,15,0,48,1,0
09:51:10,501209070,15,2,2,1,0
09:51:10,501209071,6,1,11,1,0
09:51:10,501209073,6,0,9,1,0
09:51:10,501209074,5,0,18,1,0
09:51:10,501209075,12,0,2,1,0
09:51:10,501209076,8,2,15,1,0
09:51:10,501209077,4,4,11,1,0
09:51:10,501209078,6,1,6,1,0
09:51:10,501209079,3,0,22,1,0
09:51:10,501209080,1,0,24,1,0
09:51:10,501209081,10,2,5,1,0
09:51:10,501209084,2,0,21,1,0
09:51:10,501209085,18,1,8,1,0
09:51:10,501209087,23,5,16,1,0
09:51:10,501209088,7,1,8,1,0
09:51:10,501209089,5,0,15,1,0
09:51:10,501209090,5,0,9,1,0
09:51:10,501209091,2,2,14,1,0
09:51:10,501209092,1,0,14,1,0
09:51:10,501209093,9,1,6,1,0
09:51:10,501209094,6,0,10,1,0
09:51:10,501209095,5,2,9,1,0
09:51:10,501209096,7,0,6,1,0
09:51:10,501209097,7,3,8,1,0
09:51:10,501209098,2,0,13,1,0
09:51:10,501209099,6,1,14,1,0
09:51:10,501209100,12,0,1,1,0
09:51:10,501209101,6,0,9,1,0
09:51:10,501209102,2,0,18,1,0
09:51:10,501209104,1,1,18,1,0
09:51:10,501209105,17,0,8,1,0
09:51:10,501209106,4,1,16,1,0
09:51:10,501211001,25,2,12,1,0
09:51:10,501211002,6,2,9,1,0
09:51:10,501211004,5,1,10,1,0
09:51:10,501211005,1,0,18,1,0
09:51:10,501211006,6,1,10,1,0
09:51:10,501211007,2,0,17,1,0
09:51:10,501211009,9,0,9,1,0
09:51:10,501211011,10,1,20,1,0
09:51:10,501211012,9,1,9,1,0
10:00:00,501201001,0,0,0,2,0
10:00:00,501201002,13,1,27,1,0
10:00:00,501201003,4,1,19,1,0
10:00:00,501201004,2,1,12,1,0
10:00:00,501201005,4,0,15,1,0
10:00:00,501201006,11,0,17,1,0
10:00:00,501201007,5,0,14,1,0
10:00:00,501201008,2,0,23,1,0
10:00:00,501201010,1,1,9,1,0
10:00:00,501201011,6,1,15,1,0
10:00:00,501201012,12,1,28,1,0
10:00:00,501201013,3,3,19,1,0
10:00:00,501201014,13,1,6,1,0
10:00:00,501201015,1,0,24,1,0
10:00:00,501201016,13,0,12,1,0
10:00:00,501201017,4,2,23,1,0
10:00:00,501201018,5,0,19,1,0
10:00:00,501201019,13,1,15,1,0
10:00:00,501201020,9,1,15,1,0
10:00:00,501201021,10,0,5,1,0
10:00:00,501201022,7,1,9,1,0
10:00:00,501201023,1,0,27,1,0
10:00:00,501201024,13,0,11,1,0
10:00:00,501201025,3,0,21,1,0
10:00:00,501201026,11,0,8,1,0
10:00:00,501201028,11,1,8,1,0
10:00:00,501201029,9,1,4,1,0
10:00:00,501201030,6,0,8,1,0
10:00:00,501201031,4,0,13,1,0
10:00:00,501202001,9,0,5,1,0
10:00:00,501202003,1,0,39,1,0
10:00:00,501202013,15,0,2,1,0
10:00:00,501202023,1,0,12,1,0
10:00:00,501202024,12,1,3,1,0
10:00:00,501202034,8,1,7,1,0
10:00:00,501202035,19,0,11,1,0
10:00:00,501202036,29,3,10,1,0
10:00:00,501202040,4,0,41,1,0
10:00:00,501202043,17,3,8,1,0
10:00:00,501202044,0,0,0,2,0
10:00:00,501202047,2,0,20,1,0
10:00:00,501202050,0,0,16,1,0
10:00:00,501202055,11,0,4,1,0
10:00:00,501202058,9,1,6,1,0
10:00:00,501202065,13,2,2,1,0
10:00:00,501202068,5,1,13,1,0
10:00:00,501202070,12,1,4,1,0
10:00:00,501202078,6,0,19,1,0
10:00:00,501202080,12,0,14,1,0
10:00:00,501202081,3,0,20,1,0
10:00:00,501202082,5,0,18,1,0
10:00:00,501202083,3,0,20,1,0
10:00:00,501202084,3,1,21,1,0
10:00:00,501202085,7,1,28,1,0
10:00:00,501202088,9,0,21,1,0
10:00:00,501202089,2,0,27,1,0
10:00:00,501202096,4,0,11,1,0
10:00:00,501203001,4,2,16,1,0
10:00:00,501203002,14,0,8,1,0
10:00:00,501203003,4,1,90,1,0
10:00:00,501203005,5,0,15,1,0
10:00:00,501203006,6,1,9,1,0
10:00:00,501203007,14,2,1,1,0
10:00:00,501203008,5,0,11,1,0
10:00:00,501203010,14,1,19,1,0
10:00:00,501203011,16,2,21,1,0
10:00:00,501203012,8,3,9,1,0
10:00:00,501203013,6,0,18,1,0
10:00:00,501203015,2,0,10,1,0
10:00:00,501203020,4,0,16,1,0
10:00:00,501203022,1,0,18,1,0
10:00:00,501203023,13,2,5,1,0
10:00:00,501203028,6,0,18,1,0
10:00:00,501203040,7,0,15,1,0
10:00:00,501203045,10,0,8,1,0
10:00:00,501203050,4,2,56,1,0
10:00:00,501203051,3,0,21,1,0
10:00:00,501203053,13,0,13,1,0
10:00:00,501203054,8,0,14,1,0
10:00:00,501203064,10,1,5,1,0
10:00:00,501203065,1,0,15,1,0
10:00:00,501203070,5,0,10,1,0
10:00:00,501203073,6,0,18,1,0
10:00:00,501203076,3,0,13,1,0
10:00:00,501203078,13,1,3,1,0
10:00:00,501203080,4,1,11,1,0
10:00:00,501203084,1,0,10,1,0
10:00:00,501203085,5,0,5,1,0
10:00:00,501203088,8,1,6,1,0
10:00:00,501203089,1,0,11,1,0
10:00:00,501203090,6,1,3,1,0
10:00:00,501203091,5,1,8,1,0
10:00:00,501203092,1,0,19,1,0
10:00:00,501203100,2,0,17,1,0
10:00:00,501203101,0,0,0,2,0
10:00:00,501203102,3,0,15,1,0
10:00:00,501203104,13,1,5,1,0
10:00:00,501203105,2,0,9,1,0
10:00:00,501203107,0,0,0,2,0
10:00:00,501203109,17,0,9,1,0
10:00:00,501203110,1,1,40,1,0
10:00:00,501203111,6,0,5,1,0
10:00:00,501203113,7,0,11,1,0
10:00:00,501203114,33,1,17,1,0
10:00:00,501203117,0,0,0,2,0
10:00:00,501203118,7,0,13,1,0
10:00:00,501203121,7,1,17,1,0
10:00:00,501203122,14,1,6,1,0
10:00:00,501203125,1,0,24,1,0
10:00:00,501203131,4,2,16,1,0
10:00:00,501203140,22,6,19,1,0
10:00:00,501203141,4,0,12,1,0
10:00:00,501203142,22,1,53,1,0
10:00:00,501203145,7,0,8,1,0
10:00:00,501203151,10,0,8,1,0
10:00:00,501203155,8,1,11,1,0
10:00:00,501203157,2,0,15,1,0
10:00:00,501203159,3,1,17,1,0
10:00:00,501203161,7,1,11,1,0
10:00:00,501203162,9,0,12,1,0
10:00:00,501203163,9,1,7,1,0
10:00:00,501204001,5,1,20,1,0
10:00:00,501204002,10,4,25,1,0
10:00:00,501204003,6,0,35,1,0
10:00:00,501204004,5,0,9,1,0
10:00:00,501204005,8,1,12,1,0
10:00:00,501204007,2,0,34,1,0
10:00:00,501204008,5,1,9,1,0
10:00:00,501204009,0,0,0,2,0
10:00:00,501204010,0,0,0,2,0
10:00:00,501204011,4,0,11,1,0
10:00:00,501204012,14,1,0,1,0
10:00:00,501204013,4,0,10,1,0
10:00:00,501204014,5,0,11,1,0
10:00:00,501204015,10,0,5,1,0
10:00:00,501204016,0,0,20,1,0
10:00:00,501204017,3,0,12,1,0
10:00:00,501204018,8,0,16,1,0
10:00:00,501204020,1,0,18,1,0
10:00:00,501204021,6,1,14,1,0
10:00:00,501204022,3,0,13,1,0
10:00:00,501204023,3,1,12,1,0
10:00:00,501204024,0,0,0,2,0
10:00:00,501204025,6,0,13,1,0
10:00:00,501205001,9,0,8,1,0
10:00:00,501205003,3,1,16,1,0
10:00:00,501205004,3,1,13,1,0
10:00:00,501205005,10,1,12,1,0
10:00:00,501205006,11,0,9,1,0
10:00:00,501205007,0,0,12,1,0
10:00:00,501205008,8,1,18,1,0
10:00:00,501205009,9,0,36,1,0
10:00:00,501205010,5,1,9,1,0
10:00:00,501205011,3,0,28,1,0
10:00:00,501205012,6,0,13,1,0
10:00:00,501205013,13,1,8,1,0
10:00:00,501205014,4,1,19,1,0
10:00:00,501205015,5,1,13,1,0
10:00:00,501205018,4,0,14,1,0
10:00:00,501205019,18,0,10,1,0
10:00:00,501205020,4,0,25,1,0
10:00:00,501205021,5,0,10,1,0
10:00:00,501205022,7,0,8,1,0
10:00:00,501205023,3,0,11,1,0
10:00:00,501205025,1,0,27,1,0
10:00:00,501205026,12,4,7,1,0
10:00:00,501205027,2,0,8,1,0
10:00:00,501205028,5,1,10,1,0
10:00:00,501205029,3,0,7,1,0
10:00:00,501205030,7,0,3,1,0
10:00:00,501205033,6,1,9,1,0
10:00:00,501205034,7,0,21,1,0
10:00:00,501205035,11,3,5,1,0
10:00:00,501205036,0,0,15,1,0
10:00:00,501205037,6,0,10,1,0
10:00:00,501205038,8,0,12,1,0
10:00:00,501205039,9,1,11,1,0
10:00:00,501205040,10,0,15,1,0
10:00:00,501205041,0,0,17,1,0
10:00:00,501205042,8,3,21,1,0
10:00:00,501208011,28,2,8,1,0
10:00:00,501208013,31,0,23,1,0
10:00:00,501208014,22,1,16,1,0
10:00:00,501208015,5,1,10,1,0
10:00:00,501208018,12,2,2,1,0
10:00:00,501208021,9,0,8,1,0
10:00:00,501208027,0,0,29,1,0
10:00:00,501208029,9,0,13,1,0
10:00:00,501208030,30,0,8,1,0
10:00:00,501208032,11,1,17,1,0
10:00:00,501208040,7,1,12,1,0
10:00:00,501208041,5,0,10,1,0
10:00:00,501208045,4,1,28,1,0
10:00:00,501208051,9,0,26,1,0
10:00:00,501208053,13,0,8,1,0
10:00:00,501208054,11,0,16,1,0
10:00:00,501208059,4,1,23,1,0
10:00:00,501208064,7,0,13,1,0
10:00:00,501208077,5,0,5,1,0
10:00:00,501208079,1,0,21,1,0
10:00:00,501208082,6,1,4,1,0
10:00:00,501208085,12,2,5,1,0
10:00:00,501208087,18,1,13,1,0
10:00:00,501208089,12,0,13,1,0
10:00:00,501208091,8,2,35,1,0
10:00:00,501208111,2,0,13,1,0
10:00:00,501208113,7,0,13,1,0
10:00:00,501208114,7,1,13,1,0
10:00:00,501208129,23,2,0,1,0
10:00:00,501208130,1,0,14,1,0
10:00:00,501209002,8,0,12,1,0
10:00:00,501209003,4,0,10,1,0
10:00:00,501209004,5,1,9,1,0
10:00:00,501209005,9,1,9,1,0
10:00:00,501209006,10,1,9,1,0
10:00:00,501209007,7,0,8,1,0
10:00:00,501209009,0,0,0,2,0
10:00:00,501209010,4,0,10,1,0
10:00:00,501209011,0,0,25,1,0
10:00:00,501209014,7,1,5,1,0
10:00:00,501209015,7,2,8,1,0
10:00:00,501209016,4,1,25,1,0
10:00:00,501209017,7,0,6,1,0
10:00:00,501209018,2,0,14,1,0
10:00:00,501209019,6,4,19,1,0
10:00:00,501209020,12,4,19,1,0
10:00:00,501209021,6,1,8,1,0
10:00:00,501209022,4,1,6,1,0
10:00:00,501209023,4,0,37,1,0
10:00:00,501209024,0,0,42,1,0
10:00:00,501209025,1,0,14,1,0
10:00:00,501209026,3,1,22,1,0
10:00:00,501209027,6,1,13,1,0
10:00:00,501209028,1,0,27,1,0
10:00:00,501209030,11,0,7,1,0
10:00:00,501209031,4,1,26,1,0
10:00:00,501209032,8,1,20,1,0
10:00:00,501209033,8,1,12,1,0
10:00:00,501209034,7,1,8,1,0
10:00:00,501209035,3,1,25,1,0
10:00:00,501209036,1,1,28,1,0
10:00:00,501209037,7,0,29,1,0
10:00:00,501209038,1,0,14,1,0
10:00:00,501209039,19,0,11,1,0
10:00:00,501209040,6,1,25,1,0
10:00:00,501209042,0,0,20,1,0
10:00:00,501209043,0,0,24,1,0
10:00:00,501209044,11,4,4,1,0
10:00:00,501209045,9,0,6,1,0
10:00:00,501209046,7,1,15,1,0
10:00:00,501209047,10,1,4,1,0
10:00:00,501209049,1,0,19,1,0
10:00:00,501209050,13,1,0,1,0
10:00:00,501209051,8,0,16,1,0
10:00:00,501209052,11,0,10,1,0
10:00:00,501209053,3,1,17,1,0
10:00:00,501209054,0,0,26,1,0
10:00:00,501209056,14,1,1,1,0
10:00:00,501209058,3,0,13,1,0
10:00:00,501209059,6,1,9,1,0
10:00:00,501209060,7,0,13,1,0
10:00:00,501209062,1,0,14,1,0
10:00:00,501209064,9,0,6,1,0
10:00:00,501209065,3,0,12,1,0
10:00:00,501209066,8,1,6,1,0
10:00:00,501209067,3,0,11,1,0
10:00:00,501209068,2,1,15,1,0
10:00:00,501209069,18,0,45,1,0
10:00:00,501209070,13,1,4,1,0
10:00:00,501209071,6,1,11,1,0
10:00:00,501209073,7,0,8,1,0
10:00:00,501209074,5,0,18,1,0
10:00:00,501209075,13,0,1,1,0
10:00:00,501209076,8,2,15,1,0
10:00:00,501209077,3,3,12,1,0
10:00:00,501209078,6,1,6,1,0
10:00:00,501209079,3,0,22,1,0
10:00:00,501209080,2,0,23,1,0
10:00:00,501209081,10,2,5,1,0
10:00:00,501209084,2,0,21,1,0
10:00:00,501209085,19,1,7,1,0
10:00:00,501209087,22,5,17,1,0
10:00:00,501209088,7,1,8,1,0
10:00:00,501209089,6,0,14,1,0
10:00:00,501209090,5,0,9,1,0
10:00:00,501209091,4,2,12,1,0
10:00:00,501209092,1,0,14,1,0
10:00:00,501209093,9,1,6,1,0
10:00:00,501209094,6,0,10,1,0
10:00:00,501209095,6,3,8,1,0
10:00:00,501209096,8,0,6,1,0
10:00:00,501209097,6,2,9,1,0
10:00:00,501209098,2,0,13,1,0
10:00:00,501209099,6,1,14,1,0
10:00:00,501209100,12,0,1,1,0
10:00:00,501209101,6,0,9,1,0
10:00:00,501209102,2,0,18,1,0
10:00:00,501209104,1,1,18,1,0
10:00:00,501209105,17,0,8,1,0
10:00:00,501209106,4,1,16,1,0
10:00:00,501211001,24,2,13,1,0
10:00:00,501211002,6,2,9,1,0
10:00:00,501211004,5,1,10,1,0
10:00:00,501211005,1,0,18,1,0
10:00:00,501211006,6,1,10,1,0
10:00:00,501211007,2,0,17,1,0
10:00:00,501211009,9,0,9,1,0
10:00:00,501211011,10,1,20,1,0
10:00:00,501211012,9,1,9,1,0
10:10:00,501201001,0,0,0,2,0
10:10:00,501201002,15,1,25,1,0
10:10:00,501201003,3,1,20,1,0
10:10:00,501201004,2,1,12,1,0
10:10:00,501201005,4,0,15,1,0
10:10:00,501201006,11,0,17,1,0
10:10:00,501201007,4,0,15,1,0
10:10:00,501201008,2,0,23,1,0
10:10:00,501201010,0,0,10,1,0
10:10:00,501201011,6,1,15,1,0
10:10:00,501201012,11,1,29,1,0
10:10:00,501201013,3,3,19,1,0
10:10:00,501201014,13,1,6,1,0
10:10:00,501201015,0,0,25,1,0
10:10:00,501201016,14,0,11,1,0
10:10:00,501201017,8,2,18,1,0
10:10:00,501201018,5,0,19,1,0
10:10:00,501201019,11,1,17,1,0
10:10:00,501201020,9,0,15,1,0
10:10:00,501201021,11,0,3,1,0
10:10:00,501201022,8,1,8,1,0
10:10:00,501201023,1,0,27,1,0
10:10:00,501201024,12,0,12,1,0
10:10:00,501201025,3,0,21,1,0
10:10:00,501201026,11,0,8,1,0
10:10:00,501201028,11,1,8,1,0
10:10:00,501201029,9,1,4,1,0
10:10:00,501201030,7,1,7,1,0
10:10:00,501201031,3,0,14,1,0
10:10:00,501202001,9,0,5,1,0
10:10:00,501202003,1,0,39,1,0
10:10:00,501202013,14,0,3,1,0
10:10:00,501202023,1,0,12,1,0
10:10:00,501202024,12,1,3,1,0
10:10:00,501202034,5,1,10,1,0
10:10:00,501202035,20,0,10,1,0
10:10:00,501202036,25,1,14,1,0
10:10:00,501202040,4,0,41,1,0
10:10:00,501202043,9,1,16,1,0
10:10:00,501202044,0,0,0,2,0
10:10:00,501202047,2,0,20,1,0
10:10:00,501202050,0,0,16,1,0
10:10:00,501202055,10,0,5,1,0
10:10:00,501202058,9,1,6,1,0
10:10:00,501202065,13,2,2,1,0
10:10:00,501202068,5,1,13,1,0
10:10:00,501202070,13,2,3,1,0
10:10:00,501202078,6,0,19,1,0
10:10:00,501202080,12,0,14,1,0
10:10:00,501202081,2,0,21,1,0
10:10:00,501202082,4,0,19,1,0
10:10:00,501202083,5,0,18,1,0
10:10:00,501202084,4,2,20,1,0
10:10:00,501202085,5,0,30,1,0
10:10:00,501202088,8,0,22,1,0
10:10:00,501202089,2,0,27,1,0
10:10:00,501202096,4,0,11,1,0
10:10:00,501203001,2,0,18,1,0
10:10:00,501203002,12,0,10,1,0
10:10:00,501203003,1,1,93,1,0
10:10:00,501203005,6,0,14,1,0
10:10:00,501203006,6,1,9,1,0
10:10:00,501203007,14,2,1,1,0
10:10:00,501203008,5,0,11,1,0
10:10:00,501203010,14,1,19,1,0
10:10:00,501203011,16,2,21,1,0
10:10:00,501203012,10,3,7,1,0
10:10:00,501203013,6,0,18,1,0
10:10:00,501203015,2,0,10,1,0
10:10:00,501203020,4,0,16,1,0
10:10:00,501203022,2,0,17,1,0
10:10:00,501203023,13,3,5,1,0
10:10:00,501203028,6,0,18,1,0
10:10:00,501203040,7,2,15,1,0
10:10:00,501203045,10,0,8,1,0
10:10:00,501203050,9,0,51,1,0
10:10:00,501203051,4,0,20,1,0
10:10:00,501203053,15,0,11,1,0
10:10:00,501203054,8,0,14,1,0
10:10:00,501203064,11,1,5,1,0
10:10:00,501203065,1,0,15,1,0
10:10:00,501203070,5,0,10,1,0
10:10:00,501203073,6,0,18,1,0
10:10:00,501203076,3,0,13,1,0
10:10:00,501203078,13,1,3,1,0
10:10:00,501203080,4,1,11,1,0
10:10:00,501203084,2,1,9,1,0
10:10:00,501203085,5,0,5,1,0
10:10:00,501203088,2,1,12,1,0
10:10:00,501203089,0,0,12,1,0
10:10:00,501203090,6,1,3,1,0
10:10:00,501203091,4,0,9,1,0
10:10:00,501203092,1,0,19,1,0
10:10:00,501203100,2,0,17,1,0
10:10:00,501203101,0,0,0,2,0
10:10:00,501203102,3,0,15,1,0
10:10:00,501203104,15,2,3,1,0
10:10:00,501203105,2,0,9,1,0
10:10:00,501203107,0,0,0,2,0
10:10:00,501203109,19,1,7,1,0
10:10:00,501203110,1,1,40,1,0
10:10:00,501203111,8,0,3,1,0
10:10:00,501203113,7,0,11,1,0
10:10:00,501203114,32,2,18,1,0
10:10:00,501203117,0,0,0,2,0
10:10:00,501203118,8,0,12,1,0
10:10:00,501203121,8,2,16,1,0
10:10:00,501203122,13,0,7,1,0
10:10:00,501203125,0,0,25,1,0
10:10:00,501203131,3,2,17,1,0
10:10:00,501203140,18,5,23,1,0
10:10:00,501203141,4,0,12,1,0
10:10:00,501203142,22,1,53,1,0
10:10:00,501203145,7,0,8,1,0
10:10:00,501203151,10,0,8,1,0
10:10:00,501203155,9,1,10,1,0
10:10:00,501203157,3,0,14,1,0
10:10:00,501203159,3,1,17,1,0
10:10:00,501203161,7,1,11,1,0
10:10:00,501203162,9,0,12,1,0
10:10:00,501203163,9,1,7,1,0
10:10:00,501204001,6,1,19,1,0
10:10:00,501204002,12,4,23,1,0
10:10:00,501204003,8,0,33,1,0
10:10:00,501204004,5,0,9,1,0
10:10:00,501204005,6,0,14,1,0
10:10:00,501204007,2,0,34,1,0
10:10:00,501204008,5,1,9,1,0
10:10:00,501204009,0,0,0,2,0
10:10:00,501204010,0,0,0,2,0
10:10:00,501204011,5,0,10,1,0
10:10:00,501204012,13,1,1,1,0
10:10:00,501204013,3,0,11,1,0
10:10:00,501204014,4,0,12,1,0
10:10:00,501204015,10,0,5,1,0
10:10:00,501204016,0,0,20,1,0
10:10:00,501204017,3,0,12,1,0
10:10:00,501204018,8,0,16,1,0
10:10:00,501204020,0,0,19,1,0
10:10:00,501204021,6,1,14,1,0
10:10:00,501204022,2,0,14,1,0
10:10:00,501204023,2,1,13,1,0
10:10:00,501204024,0,0,0,2,0
10:10:00,501204025,6,0,13,1,0
10:10:00,501205001,11,0,6,1,0
10:10:00,501205003,3,1,16,1,0
10:10:00,501205004,3,1,13,1,0
10:10:00,501205005,10,1,12,1,0
10:10:00,501205006,10,0,10,1,0
10:10:00,501205007,0,0,12,1,0
10:10:00,501205008,8,1,18,1,0
10:10:00,501205009,10,0,35,1,0
10:10:00,501205010,4,0,10,1,0
10:10:00,501205011,2,0,29,1,0
10:10:00,501205012,6,0,13,1,0
10:10:00,501205013,12,1,9,1,0
10:10:00,501205014,4,1,19,1,0
10:10:00,501205015,5,1,13,1,0
10:10:00,501205018,4,0,14,1,0
10:10:00,501205019,18,0,10,1,0
10:10:00,501205020,4,0,25,1,0
10:10:00,501205021,4,0,11,1,0
10:10:00,501205022,7,0,8,1,0
10:10:00,501205023,3,0,11,1,0
10:10:00,501205025,1,0,27,1,0
10:10:00,501205026,12,4,7,1,0
10:10:00,501205027,3,0,7,1,0
10:10:00,501205028,6,1,9,1,0
10:10:00,501205029,3,0,7,1,0
10:10:00,501205030,7,0,3,1,0
10:10:00,501205033,6,1,9,1,0
10:10:00,501205034,7,0,21,1,0
10:10:00,501205035,11,3,5,1,0
10:10:00,501205036,0,0,15,1,0
10:10:00,501205037,7,0,9,1,0
10:10:00,501205038,7,0,13,1,0
10:10:00,501205039,8,1,12,1,0
10:10:00,501205040,7,0,18,1,0
10:10:00,501205041,1,0,16,1,0
10:10:00,501205042,8,3,21,1,0
10:10:00,501208011,28,1,8,1,0
10:10:00,501208013,30,0,24,1,0
10:10:00,501208014,21,1,17,1,0
10:10:00,501208015,5,1,9,1,0
10:10:00,501208018,13,3,2,1,0
10:10:00,501208021,10,0,7,1,0
10:10:00,501208027,0,0,29,1,0
10:10:00,501208029,11,1,11,1,0
10:10:00,501208030,30,0,8,1,0
10:10:00,501208032,15,1,13,1,0
10:10:00,501208040,7,1,12,1,0
10:10:00,501208041,5,0,10,1,0
10:10:00,501208045,4,1,28,1,0
10:10:00,501208051,11,1,24,1,0
10:10:00,501208053,13,0,8,1,0
10:10:00,501208054,11,0,16,1,0
10:10:00,501208059,10,2,17,1,0
10:10:00,501208064,7,0,13,1,0
10:10:00,501208077,4,0,6,1,0
10:10:00,501208079,2,0,20,1,0
10:10:00,501208082,6,1,4,1,0
10:10:00,501208085,11,1,6,1,0
10:10:00,501208087,14,0,17,1,0
10:10:00,501208089,13,0,12,1,0
10:10:00,501208091,9,2,34,1,0
10:10:00,501208111,2,0,13,1,0
10:10:00,501208113,7,0,13,1,0
10:10:00,501208114,7,1,13,1,0
10:10:00,501208129,22,2,1,1,0
10:10:00,501208130,1,0,14,1,0
10:10:00,501209002,8,0,12,1,0
10:10:00,501209003,3,0,11,1,0
10:10:00,501209004,4,0,10,1,0
10:10:00,501209005,9,1,9,1,0
10:10:00,501209006,10,1,9,1,0
10:10:00,501209007,5,0,10,1,0
10:10:00,501209009,0,0,0,2,0
10:10:00,501209010,4,0,10,1,0
10:10:00,501209011,1,0,24,1,0
10:10:00,501209014,8,1,4,1,0
10:10:00,501209015,8,2,7,1,0
10:10:00,501209016,6,2,23,1,0
10:10:00,501209017,7,0,6,1,0
10:10:00,501209018,1,0,15,1,0
10:10:00,501209019,6,4,19,1,0
10:10:00,501209020,13,4,18,1,0
10:10:00,501209021,6,1,8,1,0
10:10:00,501209022,5,1,5,1,0
10:10:00,501209023,1,0,40,1,0
10:10:00,501209024,2,0,40,1,0
10:10:00,501209025,1,0,14,1,0
10:10:00,501209026,4,2,21,1,0
10:10:00,501209027,9,2,10,1,0
10:10:00,501209028,1,0,27,1,0
10:10:00,501209030,10,0,8,1,0
10:10:00,501209031,4,1,26,1,0
10:10:00,501209032,8,1,20,1,0
10:10:00,501209033,7,1,13,1,0
10:10:00,501209034,7,1,8,1,0
10:10:00,501209035,4,2,24,1,0
10:10:00,501209036,1,0,28,1,0
10:10:00,501209037,7,0,29,1,0
10:10:00,501209038,1,0,14,1,0
10:10:00,501209039,18,0,12,1,0
10:10:00,501209040,6,1,25,1,0
10:10:00,501209042,0,0,20,1,0
10:10:00,501209043,0,0,24,1,0
10:10:00,501209044,7,4,8,1,0
10:10:00,501209045,9,0,6,1,0
10:10:00,501209046,6,0,16,1,0
10:10:00,501209047,10,1,4,1,0
10:10:00,501209049,6,1,14,1,0
10:10:00,501209050,13,1,0,1,0
10:10:00,501209051,11,0,13,1,0
10:10:00,501209052,12,0,9,1,0
10:10:00,501209053,3,1,17,1,0
10:10:00,501209054,0,0,26,1,0
10:10:00,501209056,13,0,2,1,0
10:10:00,501209058,5,1,11,1,0
10:10:00,501209059,3,0,12,1,0
10:10:00,501209060,6,0,14,1,0
10:10:00,501209062,1,0,14,1,0
10:10:00,501209064,9,0,6,1,0
10:10:00,501209065,2,0,13,1,0
10:10:00,501209066,7,1,7,1,0
10:10:00,501209067,4,1,10,1,0
10:10:00,501209068,3,1,14,1,0
10:10:00,501209069,21,0,42,1,0
10:10:00,501209070,7,1,10,1,0
10:10:00,501209071,5,1,12,1,0
10:10:00,501209073,7,0,8,1,0
10:10:00,501209074,6,0,17,1,0
10:10:00,501209075,12,0,2,1,0
10:10:00,501209076,8,2,15,1,0
10:10:00,501209077,4,3,11,1,0
10:10:00,501209078,7,1,5,1,0
10:10:00,501209079,2,0,23,1,0
10:10:00,501209080,3,0,22,1,0
10:10:00,501209081,10,2,5,1,0
10:10:00,501209084,2,0,21,1,0
10:10:00,501209085,18,0,8,1,0
10:10:00,501209087,18,5,21,1,0
10:10:00,501209088,7,1,8,1,0
10:10:00,501209089,6,0,14,1,0
10:10:00,501209090,4,0,10,1,0
10:10:00,501209091,5,2,11,1,0
10:10:00,501209092,1,0,14,1,0
10:10:00,501209093,9,1,6,1,0
10:10:00,501209094,6,0,10,1,0
10:10:00,501209095,5,3,9,1,0
10:10:00,501209096,8,0,6,1,0
10:10:00,501209097,5,1,10,1,0
10:10:00,501209098,2,0,13,1,0
10:10:00,501209099,6,1,14,1,0
10:10:00,501209100,12,0,1,1,0
10:10:00,501209101,6,0,9,1,0
10:10:00,501209102,2,0,18,1,0
10:10:00,501209104,1,1,18,1,0
10:10:00,501209105,15,0,10,1,0
10:10:00,501209106,4,1,16,1,0
10:10:00,501211001,24,1,13,1,0
10:10:00,501211002,6,2,9,1,0
10:10:00,501211004,5,1,10,1,0
10:10:00,501211005,2,0,17,1,0
10:10:00,501211006,6,1,10,1,0
10:10:00,501211007,2,0,17,1,0
10:10:00,501211009,9,0,9,1,0
10:10:00,501211011,11,1,19,1,0
10:10:00,501211012,11,1,7,1,0
10:20:00,501201001,0,0,0,2,0
10:20:00,501201002,16,1,24,1,0
10:20:00,501201003,3,1,20,1,0
10:20:00,501201004,3,2,11,1,0
10:20:00,501201005,4,0,15,1,0
10:20:00,501201006,7,0,21,1,0
10:20:00,501201007,5,0,14,1,0
10:20:00,501201008,4,0,21,1,0
10:20:00,501201010,0,0,10,1,0
10:20:00,501201011,7,1,14,1,0
10:20:00,501201012,10,1,30,1,0
10:20:00,501201013,8,2,14,1,0
10:20:00,501201014,14,1,5,1,0
10:20:00,501201015,1,0,24,1,0
10:20:00,501201016,14,0,11,1,0
10:20:00,501201017,10,3,17,1,0
10:20:00,501201018,5,0,19,1,0
10:20:00,501201019,8,1,20,1,0
10:20:00,501201020,9,0,15,1,0
10:20:00,501201021,13,1,2,1,0
10:20:00,501201022,6,0,10,1,0
10:20:00,501201023,1,0,27,1,0
10:20:00,501201024,11,0,13,1,0
10:20:00,501201025,3,0,21,1,0
10:20:00,501201026,11,0,8,1,0
10:20:00,501201028,10,1,9,1,0
10:20:00,501201029,9,1,4,1,0
10:20:00,501201030,7,1,7,1,0
10:20:00,501201031,3,0,14,1,0
10:20:00,501202001,8,0,6,1,0
10:20:00,501202003,1,0,39,1,0
10:20:00,501202013,14,0,3,1,0
10:20:00,501202023,2,0,11,1,0
10:20:00,501202024,14,1,1,1,0
10:20:00,501202034,2,1,13,1,0
10:20:00,501202035,19,0,11,1,0
10:20:00,501202036,28,2,11,1,0
10:20:00,501202040,4,0,41,1,0
10:20:00,501202043,10,1,15,1,0
10:20:00,501202044,0,0,0,2,0
10:20:00,501202047,2,0,20,1,0
10:20:00,501202050,0,0,16,1,0
10:20:00,501202055,10,0,5,1,0
10:20:00,501202058,9,1,6,1,0
10:20:00,501202065,13,2,2,1,0
10:20:00,501202068,5,0,13,1,0
10:20:00,501202070,14,2,2,1,0
10:20:00,501202078,6,0,19,1,0
10:20:00,501202080,12,0,14,1,0
10:20:00,501202081,2,0,21,1,0
10:20:00,501202082,4,0,19,1,0
10:20:00,501202083,4,0,19,1,0
10:20:00,501202084,5,3,19,1,0
10:20:00,501202085,5,0,30,1,0
10:20:00,501202088,9,0,21,1,0
10:20:00,501202089,2,0,27,1,0
10:20:00,501202096,4,0,11,1,0
10:20:00,501203001,3,0,17,1,0
10:20:00,501203002,12,0,10,1,0
10:20:00,501203003,2,1,92,1,0
10:20:00,501203005,6,0,14,1,0
10:20:00,501203006,6,1,9,1,0
10:20:00,501203007,15,2,0,1,0
10:20:00,501203008,5,0,11,1,0
10:20:00,501203010,14,1,19,1,0
10:20:00,501203011,16,2,21,1,0
10:20:00,501203012,10,4,7,1,0
10:20:00,501203013,3,0,21,1,0
10:20:00,501203015,0,0,12,1,0
10:20:00,501203020,3,0,17,1,0
10:20:00,501203022,2,0,17,1,0
10:20:00,501203023,13,3,5,1,0
10:20:00,501203028,5,1,19,1,0
10:20:00,501203040,6,2,16,1,0
10:20:00,501203045,10,0,8,1,0
10:20:00,501203050,8,1,52,1,0
10:20:00,501203051,3,0,21,1,0
10:20:00,501203053,15,0,11,1,0
10:20:00,501203054,8,0,14,1,0
10:20:00,501203064,11,1,5,1,0
10:20:00,501203065,1,0,15,1,0
10:20:00,501203070,5,0,10,1,0
10:20:00,501203073,6,0,18,1,0
10:20:00,501203076,3,0,13,1,0
10:20:00,501203078,13,1,3,1,0
10:20:00,501203080,5,1,10,1,0
10:20:00,501203084,2,1,9,1,0
10:20:00,501203085,5,0,5,1,0
10:20:00,501203088,2,1,12,1,0
10:20:00,501203089,0,0,12,1,0
10:20:00,501203090,6,1,3,1,0
10:20:00,501203091,5,0,8,1,0
10:20:00,501203092,1,0,19,1,0
10:20:00,501203100,5,0,14,1,0
10:20:00,501203101,0,0,0,2,0
10:20:00,501203102,4,0,14,1,0
10:20:00,501203104,14,2,4,1,0
10:20:00,501203105,1,0,10,1,0
10:20:00,501203107,0,0,0,2,0
10:20:00,501203109,22,2,4,1,0
10:20:00,501203110,1,0,40,1,0
10:20:00,501203111,8,0,3,1,0
10:20:00,501203113,7,0,11,1,0
10:20:00,501203114,30,1,20,1,0
10:20:00,501203117,0,0,0,2,0
10:20:00,501203118,8,0,12,1,0
10:20:00,501203121,8,1,16,1,0
10:20:00,501203122,13,0,7,1,0
10:20:00,501203125,0,0,25,1,0
10:20:00,501203131,2,2,18,1,0
10:20:00,501203140,18,5,23,1,0
10:20:00,501203141,4,0,12,1,0
10:20:00,501203142,22,1,53,1,0
10:20:00,501203145,7,0,8,1,0
10:20:00,501203151,10,0,8,1,0
10:20:00,501203155,9,1,10,1,0
10:20:00,501203157,4,0,13,1,0
10:20:00,501203159,3,1,17,1,0
10:20:00,501203161,7,1,11,1,0
10:20:00,501203162,7,0,14,1,0
10:20:00,501203163,10,1,6,1,0
10:20:00,501204001,7,2,18,1,0
10:20:00,501204002,14,4,21,1,0
10:20:00,501204003,7,0,34,1,0
10:20:00,501204004,5,0,9,1,0
10:20:00,501204005,7,0,13,1,0
10:20:00,501204007,2,0,34,1,0
10:20:00,501204008,5,1,9,1,0
10:20:00,501204009,0,0,0,2,0
10:20:00,501204010,0,0,0,2,0
10:20:00,501204011,6,1,9,1,0
10:20:00,501204012,12,1,2,1,0
10:20:00,501204013,3,0,11,1,0
10:20:00,501204014,4,0,12,1,0
10:20:00,501204015,10,0,5,1,0
10:20:00,501204016,2,0,18,1,0
10:20:00,501204017,3,0,12,1,0
10:20:00,501204018,7,0,17,1,0
10:20:00,501204020,0,0,19,1,0
10:20:00,501204021,4,0,16,1,0
10:20:00,501204022,2,0,14,1,0
10:20:00,501204023,2,1,13,1,0
10:20:00,501204024,0,0,0,2,0
10:20:00,501204025,6,0,13,1,0
10:20:00,501205001,10,0,7,1,0
10:20:00,501205003,3,1,16,1,0
10:20:00,501205004,1,0,15,1,0
10:20:00,501205005,12,1,10,1,0
10:20:00,501205006,10,0,10,1,0
10:20:00,501205007,5,1,7,1,0
10:20:00,501205008,8,1,18,1,0
10:20:00,501205009,10,0,35,1,0
10:20:00,501205010,5,0,9,1,0
10:20:00,501205011,1,0,30,1,0
10:20:00,501205012,7,0,12,1,0
10:20:00,501205013,11,0,10,1,0
10:20:00,501205014,4,2,19,1,0
10:20:00,501205015,5,1,13,1,0
10:20:00,501205018,3,0,15,1,0
10:20:00,501205019,18,0,10,1,0
10:20:00,501205020,4,0,25,1,0
10:20:00,501205021,4,0,11,1,0
10:20:00,501205022,8,1,7,1,0
10:20:00,501205023,4,1,10,1,0
10:20:00,501205025,3,1,25,1,0
10:20:00,501205026,13,4,6,1,0
10:20:00,501205027,3,0,7,1,0
10:20:00,501205028,6,1,9,1,0
10:20:00,501205029,3,0,7,1,0
10:20:00,501205030,8,1,2,1,0
10:20:00,501205033,7,2,8,1,0
10:20:00,501205034,7,0,21,1,0
10:20:00,501205035,11,3,5,1,0
10:20:00,501205036,0,0,15,1,0
10:20:00,501205037,7,0,9,1,0
10:20:00,501205038,7,0,13,1,0
10:20:00,501205039,10,2,10,1,0
10:20:00,501205040,8,0,17,1,0
10:20:00,501205041,2,0,15,1,0
10:20:00,501205042,8,3,21,1,0
10:20:00,501208011,28,2,8,1,0
10:20:00,501208013,28,1,26,1,0
10:20:00,501208014,21,1,17,1,0
10:20:00,501208015,6,1,8,1,0
10:20:00,501208018,14,3,1,1,0
10:20:00,501208021,10,0,7,1,0
10:20:00,501208027,0,0,29,1,0
10:20:00,501208029,11,1,11,1,0
10:20:00,501208030,30,0,8,1,0
10:20:00,501208032,19,2,9,1,0
10:20:00,501208040,7,1,12,1,0
10:20:00,501208041,5,0,10,1,0
10:20:00,501208045,3,1,29,1,0
10:20:00,501208051,9,0,26,1,0
10:20:00,501208053,9,0,12,1,0
10:20:00,501208054,12,1,15,1,0
10:20:00,501208059,15,2,12,1,0
10:20:00,501208064,7,0,13,1,0
10:20:00,501208077,3,0,7,1,0
10:20:00,501208079,2,0,20,1,0
10:20:00,501208082,7,1,3,1,0
10:20:00,501208085,12,2,5,1,0
10:20:00,501208087,15,0,16,1,0
10:20:00,501208089,15,0,10,1,0
10:20:00,501208091,9,2,34,1,0
10:20:00,501208111,5,1,10,1,0
10:20:00,501208113,7,0,13,1,0
10:20:00,501208114,7,1,13,1,0
10:20:00,501208129,23,2,0,1,0
10:20:00,501208130,1,0,14,1,0
10:20:00,501209002,7,0,13,1,0
10:20:00,501209003,4,1,10,1,0
10:20:00,501209004,6,1,8,1,0
10:20:00,501209005,10,1,8,1,0
10:20:00,501209006,10,1,9,1,0
10:20:00,501209007,5,0,10,1,0
10:20:00,501209009,0,0,0,2,0
10:20:00,501209010,4,0,10,1,0
10:20:00,501209011,0,0,25,1,0
10:20:00,501209014,8,1,4,1,0
10:20:00,501209015,10,3,5,1,0
10:20:00,501209016,7,2,22,1,0
10:20:00,501209017,8,0,5,1,0
10:20:00,501209018,4,0,12,1,0
10:20:00,501209019,5,3,20,1,0
10:20:00,501209020,15,4,16,1,0
10:20:00,501209021,6,1,8,1,0
10:20:00,501209022,5,1,5,1,0
10:20:00,501209023,1,0,40,1,0
10:20:00,501209024,1,0,41,1,0
10:20:00,501209025,1,0,14,1,0
10:20:00,501209026,4,0,21,1,0
10:20:00,501209027,9,2,10,1,0
10:20:00,501209028,1,0,27,1,0
10:20:00,501209030,10,0,8,1,0
10:20:00,501209031,3,1,27,1,0
10:20:00,501209032,8,1,20,1,0
10:20:00,501209033,6,1,14,1,0
10:20:00,501209034,6,0,9,1,0
10:20:00,501209035,3,1,25,1,0
10:20:00,501209036,3,1,26,1,0
10:20:00,501209037,8,0,28,1,0
10:20:00,501209038,0,0,15,1,0
10:20:00,501209039,19,0,11,1,0
10:20:00,501209040,6,1,25,1,0
10:20:00,501209042,0,0,20,1,0
10:20:00,501209043,0,0,24,1,0
10:20:00,501209044,6,3,9,1,0
10:20:00,501209045,9,0,6,1,0
10:20:00,501209046,5,0,17,1,0
10:20:00,501209047,7,0,7,1,0
10:20:00,501209049,6,0,14,1,0
10:20:00,501209050,13,1,0,1,0
10:20:00,501209051,9,0,15,1,0
10:20:00,501209052,12,0,9,1,0
10:20:00,501209053,3,1,17,1,0
10:20:00,501209054,0,0,26,1,0
10:20:00,501209056,9,0,6,1,0
10:20:00,501209058,6,1,10,1,0
10:20:00,501209059,3,0,12,1,0
10:20:00,501209060,7,1,13,1,0
10:20:00,501209062,1,0,14,1,0
10:20:00,501209064,9,0,6,1,0
10:20:00,501209065,2,0,13,1,0
10:20:00,501209066,6,1,8,1,0
10:20:00,501209067,4,1,10,1,0
10:20:00,501209068,3,1,14,1,0
10:20:00,501209069,21,0,42,1,0
10:20:00,501209070,6,1,11,1,0
10:20:00,501209071,5,1,12,1,0
10:20:00,501209073,7,0,8,1,0
10:20:00,501209074,7,1,16,1,0
10:20:00,501209075,11,0,3,1,0
10:20:00,501209076,10,2,13,1,0
10:20:00,501209077,3,2,12,1,0
10:20:00,501209078,6,1,6,1,0
10:20:00,501209079,2,0,23,1,0
10:20:00,501209080,3,0,22,1,0
10:20:00,501209081,10,2,5,1,0
10:20:00,501209084,2,0,21,1,0
10:20:00,501209085,18,0,8,1,0
10:20:00,501209087,18,5,21,1,0
10:20:00,501209088,7,1,8,1,0
10:20:00,501209089,8,0,12,1,0
10:20:00,501209090,3,0,11,1,0
10:20:00,501209091,5,2,11,1,0
10:20:00,501209092,1,0,14,1,0
10:20:00,501209093,9,1,6,1,0
10:20:00,501209094,6,0,10,1,0
10:20:00,501209095,5,3,9,1,0
10:20:00,501209096,8,0,6,1,0
10:20:00,501209097,5,1,10,1,0
10:20:00,501209098,3,1,12,1,0
10:20:00,501209099,6,1,14,1,0
10:20:00,501209100,12,0,1,1,0
10:20:00,501209101,6,0,9,1,0
10:20:00,501209102,2,0,18,1,0
10:20:00,501209104,1,1,18,1,0
10:20:00,501209105,15,0,10,1,0
10:20:00,501209106,5,1,15,1,0
10:20:00,501211001,25,2,12,1,0
10:20:00,501211002,5,1,10,1,0
10:20:00,501211004,5,1,10,1,0
10:20:00,501211005,2,0,17,1,0
10:20:00,501211006,6,1,10,1,0
10:20:00,501211007,2,0,17,1,0
10:20:00,501211009,9,0,9,1,0
10:20:00,501211011,11,1,19,1,0
10:20:00,501211012,11,1,7,1,0
10:30:00,501201001,0,0,0,2,0
10:30:00,501201002,17,2,23,1,0
10:30:00,501201003,3,1,20,1,0
10:30:00,501201004,3,2,11,1,0
10:30:00,501201005,3,0,16,1,0
10:30:00,501201006,6,0,22,1,0
10:30:00,501201007,7,1,12,1,0
10:30:00,501201008,4,0,21,1,0
10:30:00,501201010,0,0,10,1,0
10:30:00,501201011,7,1,14,1,0
10:30:00,501201012,10,1,30,1,0
10:30:00,501201013,6,0,16,1,0
10:30:00,501201014,14,1,5,1,0
10:30:00,501201015,1,0,24,1,0
10:30:00,501201016,15,0,10,1,0
10:30:00,501201017,13,3,14,1,0
10:30:00,501201018,5,0,19,1,0
10:30:00,501201019,7,1,21,1,0
10:30:00,501201020,9,0,15,1,0
10:30:00,501201021,13,1,2,1,0
10:30:00,501201022,6,0,10,1,0
10:30:00,501201023,1,0,27,1,0
10:30:00,501201024,11,0,13,1,0
10:30:00,501201025,3,0,21,1,0
10:30:00,501201026,10,0,9,1,0
10:30:00,501201028,9,1,10,1,0
10:30:00,501201029,9,1,4,1,0
10:30:00,501201030,6,1,8,1,0
10:30:00,501201031,5,2,12,1,0
10:30:00,501202001,8,0,6,1,0
10:30:00,501202003,0,0,40,1,0
10:30:00,501202013,14,0,3,1,0
10:30:00,501202023,2,0,11,1,0
10:30:00,501202024,14,0,1,1,0
10:30:00,501202034,3,1,12,1,0
10:30:00,501202035,18,0,12,1,0
10:30:00,501202036,29,2,10,1,0
10:30:00,501202040,4,0,41,1,0
10:30:00,501202043,9,1,16,1,0
10:30:00,501202044,0,0,0,2,0
10:30:00,501202047,1,0,21,1,0
10:30:00,501202050,0,0,16,1,0
10:30:00,501202055,9,0,6,1,0
10:30:00,501202058,8,1,7,1,0
10:30:00,501202065,15,3,0,1,0
10:30:00,501202068,5,0,13,1,0
10:30:00,501202070,14,2,2,1,0
10:30:00,501202078,6,0,19,1,0
10:30:00,501202080,11,0,15,1,0
10:30:00,501202081,16,0,7,1,0
10:30:00,501202082,4,1,19,1,0
10:30:00,501202083,5,0,18,1,0
10:30:00,501202084,3,1,21,1,0
10:30:00,501202085,5,0,30,1,0
10:30:00,501202088,9,0,21,1,0
10:30:00,501202089,2,0,27,1,0
10:30:00,501202096,4,0,11,1,0
10:30:00,501203001,5,1,15,1,0
10:30:00,501203002,10,0,12,1,0
10:30:00,501203003,3,1,91,1,0
10:30:00,501203005,6,0,14,1,0
10:30:00,501203006,6,1,9,1,0
10:30:00,501203007,15,2,0,1,0
10:30:00,501203008,4,0,12,1,0
10:30:00,501203010,15,1,18,1,0
10:30:00,501203011,10,2,27,1,0
10:30:00,501203012,12,4,5,1,0
10:30:00,501203013,3,0,21,1,0
10:30:00,501203015,0,0,12,1,0
10:30:00,501203020,3,0,17,1,0
10:30:00,501203022,3,0,16,1,0
10:30:00,501203023,12,3,6,1,0
10:30:00,501203028,4,0,20,1,0
10:30:00,501203040,5,2,17,1,0
10:30:00,501203045,9,0,9,1,0
10:30:00,501203050,12,1,48,1,0
10:30:00,501203051,3,0,21,1,0
10:30:00,501203053,15,0,11,1,0
10:30:00,501203054,9,1,13,1,0
10:30:00,501203064,10,0,6,1,0
10:30:00,501203065,1,0,15,1,0
10:30:00,501203070,5,0,10,1,0
10:30:00,501203073,6,0,18,1,0
10:30:00,501203076,3,0,13,1,0
10:30:00,501203078,13,0,3,1,0
10:30:00,501203080,6,2,9,1,0
10:30:00,501203084,2,1,9,1,0
10:30:00,501203085,5,0,5,1,0
10:30:00,501203088,3,1,11,1,0
10:30:00,501203089,0,0,12,1,0
10:30:00,501203090,6,2,3,1,0
10:30:00,501203091,5,0,8,1,0
10:30:00,501203092,1,1,19,1,0
10:30:00,501203100,5,0,14,1,0
10:30:00,501203101,0,0,0,2,0
10:30:00,501203102,3,0,15,1,0
10:30:00,501203104,15,2,3,1,0
10:30:00,501203105,1,0,10,1,0
10:30:00,501203107,0,0,0,2,0
10:30:00,501203109,19,2,7,1,0
10:30:00,501203110,1,0,40,1,0
10:30:00,501203111,8,0,3,1,0
10:30:00,501203113,7,0,11,1,0
10:30:00,501203114,29,0,21,1,0
10:30:00,501203117,0,0,0,2,0
10:30:00,501203118,9,1,11,1,0
10:30:00,501203121,9,1,15,1,0
10:30:00,501203122,13,0,7,1,0
10:30:00,501203125,1,0,24,1,0
10:30:00,501203131,2,2,18,1,0
10:30:00,501203140,18,4,23,1,0
10:30:00,501203141,4,0,12,1,0
10:30:00,501203142,20,0,55,1,0
10:30:00,501203145,7,0,8,1,0
10:30:00,501203151,10,0,8,1,0
10:30:00,501203155,9,1,10,1,0
10:30:00,501203157,5,1,12,1,0
10:30:00,501203159,3,1,17,1,0
10:30:00,501203161,7,1,11,1,0
10:30:00,501203162,7,0,14,1,0
10:30:00,501203163,10,1,6,1,0
10:30:00,501204001,7,2,18,1,0
10:30:00,501204002,14,4,21,1,0
10:30:00,501204003,9,0,32,1,0
10:30:00,501204004,5,0,9,1,0
10:30:00,501204005,6,0,14,1,0
10:30:00,501204007,2,0,34,1,0
10:30:00,501204008,5,1,9,1,0
10:30:00,501204009,0,0,0,2,0
10:30:00,501204010,0,0,0,2,0
10:30:00,501204011,7,1,8,1,0
10:30:00,501204012,12,1,2,1,0
10:30:00,501204013,2,0,12,1,0
10:30:00,501204014,4,0,12,1,0
10:30:00,501204015,11,0,4,1,0
10:30:00,501204016,3,0,17,1,0
10:30:00,501204017,3,0,12,1,0
10:30:00,501204018,7,0,17,1,0
10:30:00,501204020,1,0,18,1,0
10:30:00,501204021,3,0,17,1,0
10:30:00,501204022,2,0,14,1,0
10:30:00,501204023,2,1,13,1,0
10:30:00,501204024,0,0,0,2,0
10:30:00,501204025,6,0,13,1,0
10:30:00,501205001,10,0,7,1,0
10:30:00,501205003,3,1,16,1,0
10:30:00,501205004,1,0,15,1,0
10:30:00,501205005,12,1,10,1,0
10:30:00,501205006,10,0,10,1,0
10:30:00,501205007,4,1,8,1,0
10:30:00,501205008,11,0,15,1,0
10:30:00,501205009,10,0,35,1,0
10:30:00,501205010,5,0,9,1,0
10:30:00,501205011,1,0,30,1,0
10:30:00,501205012,8,1,11,1,0
10:30:00,501205013,11,0,10,1,0
10:30:00,501205014,2,1,21,1,0
10:30:00,501205015,5,1,13,1,0
10:30:00,501205018,4,0,14,1,0
10:30:00,501205019,18,0,10,1,0
10:30:00,501205020,2,0,27,1,0
10:30:00,501205021,4,1,11,1,0
10:30:00,501205022,7,0,8,1,0
10:30:00,501205023,5,1,9,1,0
10:30:00,501205025,3,0,25,1,0
10:30:00,501205026,11,1,8,1,0
10:30:00,501205027,3,0,7,1,0
10:30:00,501205028,5,0,10,1,0
10:30:00,501205029,3,0,7,1,0
10:30:00,501205030,8,1,2,1,0
10:30:00,501205033,7,2,8,1,0
10:30:00,501205034,8,1,20,1,0
10:30:00,501205035,11,3,5,1,0
10:30:00,501205036,0,0,15,1,0
10:30:00,501205037,8,1,8,1,0
10:30:00,501205038,7,0,13,1,0
10:30:00,501205039,10,1,10,1,0
10:30:00,501205040,9,1,16,1,0
10:30:00,501205041,0,0,17,1,0
10:30:00,501205042,8,3,21,1,0
10:30:00,501208011,27,2,9,1,0
10:30:00,501208013,26,0,28,1,0
10:30:00,501208014,22,0,16,1,0
10:30:00,501208015,6,1,9,1,0
10:30:00,501208018,11,3,4,1,0
10:30:00,501208021,10,0,7,1,0
10:30:00,501208027,3,0,26,1,0
10:30:00,501208029,14,1,8,1,0
10:30:00,501208030,30,0,8,1,0
10:30:00,501208032,19,2,9,1,0
10:30:00,501208040,7,1,12,1,0
10:30:00,501208041,5,0,10,1,0
10:30:00,501208045,3,1,29,1,0
10:30:00,501208051,10,0,25,1,0
10:30:00,501208053,7,0,14,1,0
10:30:00,501208054,13,3,14,1,0
10:30:00,501208059,23,4,4,1,0
10:30:00,501208064,7,0,13,1,0
10:30:00,501208077,3,0,7,1,0
10:30:00,501208079,3,0,19,1,0
10:30:00,501208082,6,1,4,1,0
10:30:00,501208085,13,2,4,1,0
10:30:00,501208087,16,0,15,1,0
10:30:00,501208089,16,0,9,1,0
10:30:00,501208091,9,1,34,1,0
10:30:00,501208111,5,1,10,1,0
10:30:00,501208113,7,0,13,1,0
10:30:00,501208114,7,1,13,1,0
10:30:00,501208129,23,2,0,1,0
10:30:00,501208130,1,0,14,1,0
10:30:00,501209002,7,0,13,1,0
10:30:00,501209003,5,2,9,1,0
10:30:00,501209004,7,1,7,1,0
10:30:00,501209005,11,1,7,1,0
10:30:00,501209006,10,1,9,1,0
10:30:00,501209007,5,0,10,1,0
10:30:00,501209009,0,0,0,2,0
10:30:00,501209010,5,0,9,1,0
10:30:00,501209011,0,0,25,1,0
10:30:00,501209014,8,1,4,1,0
10:30:00,501209015,10,3,5,1,0
10:30:00,501209016,7,2,22,1,0
10:30:00,501209017,7,0,6,1,0
10:30:00,501209018,6,0,10,1,0
10:30:00,501209019,5,3,20,1,0
10:30:00,501209020,15,4,16,1,0
10:30:00,501209021,6,1,8,1,0
10:30:00,501209022,5,1,5,1,0
10:30:00,501209023,2,0,39,1,0
10:30:00,501209024,1,0,41,1,0
10:30:00,501209025,1,0,14,1,0
10:30:00,501209026,6,0,19,1,0
10:30:00,501209027,9,2,10,1,0
10:30:00,501209028,1,0,27,1,0
10:30:00,501209030,9,0,9,1,0
10:30:00,501209031,3,1,27,1,0
10:30:00,501209032,7,1,21,1,0
10:30:00,501209033,3,0,17,1,0
10:30:00,501209034,5,0,10,1,0
10:30:00,501209035,4,2,24,1,0
10:30:00,501209036,1,1,28,1,0
10:30:00,501209037,8,0,28,1,0
10:30:00,501209038,0,0,15,1,0
10:30:00,501209039,19,0,11,1,0
10:30:00,501209040,6,1,25,1,0
10:30:00,501209042,0,0,20,1,0
10:30:00,501209043,1,0,23,1,0
10:30:00,501209044,6,3,9,1,0
10:30:00,501209045,10,0,5,1,0
10:30:00,501209046,6,0,16,1,0
10:30:00,501209047,7,0,7,1,0
10:30:00,501209049,4,0,16,1,0
10:30:00,501209050,13,1,0,1,0
10:30:00,501209051,8,0,16,1,0
10:30:00,501209052,13,0,8,1,0
10:30:00,501209053,3,1,17,1,0
10:30:00,501209054,0,0,26,1,0
10:30:00,501209056,8,0,7,1,0
10:30:00,501209058,15,1,1,1,0
10:30:00,501209059,4,0,11,1,0
10:30:00,501209060,6,1,14,1,0
10:30:00,501209062,2,0,13,1,0
10:30:00,501209064,9,0,6,1,0
10:30:00,501209065,1,0,14,1,0
10:30:00,501209066,6,1,8,1,0
10:30:00,501209067,4,1,10,1,0
10:30:00,501209068,3,0,14,1,0
10:30:00,501209069,24,2,39,1,0
10:30:00,501209070,5,1,12,1,0
10:30:00,501209071,5,1,12,1,0
10:30:00,501209073,6,0,9,1,0
10:30:00,501209074,7,1,16,1,0
10:30:00,501209075,11,0,3,1,0
10:30:00,501209076,8,1,15,1,0
10:30:00,501209077,4,3,11,1,0
10:30:00,501209078,6,1,6,1,0
10:30:00,501209079,2,0,23,1,0
10:30:00,501209080,4,1,21,1,0
10:30:00,501209081,10,2,5,1,0
10:30:00,501209084,2,0,21,1,0
10:30:00,501209085,17,0,9,1,0
10:30:00,501209087,19,5,20,1,0
10:30:00,501209088,6,1,9,1,0
10:30:00,501209089,7,0,13,1,0
10:30:00,501209090,3,0,11,1,0
10:30:00,501209091,5,2,11,1,0
10:30:00,501209092,1,0,14,1,0
10:30:00,501209093,9,1,6,1,0
10:30:00,501209094,6,0,10,1,0
10:30:00,501209095,5,3,9,1,0
10:30:00,501209096,8,0,6,1,0
10:30:00,501209097,5,1,10,1,0
10:30:00,501209098,3,1,12,1,0
10:30:00,501209099,6,1,14,1,0
10:30:00,501209100,12,0,1,1,0
10:30:00,501209101,6,0,9,1,0
10:30:00,501209102,2,0,18,1,0
10:30:00,501209104,1,1,18,1,0
10:30:00,501209105,15,0,10,1,0
10:30:00,501209106,5,1,15,1,0
10:30:00,501211001,25,2,12,1,0
10:30:00,501211002,5,1,10,1,0
10:30:00,501211004,5,1,10,1,0
10:30:00,501211005,2,0,17,1,0
10:30:00,501211006,6,1,10,1,0
10:30:00,501211007,2,0,17,1,0
10:30:00,501211009,9,0,9,1,0
10:30:00,501211011,10,1,20,1,0
10:30:00,501211012,11,1,7,1,0
10:40:00,501201001,0,0,0,2,0
10:40:00,501201002,19,3,21,1,0
10:40:00,501201003,3,1,20,1,0
10:40:00,501201004,2,2,12,1,0
10:40:00,501201005,3,1,16,1,0
10:40:00,501201006,7,0,21,1,0
10:40:00,501201007,7,1,12,1,0
10:40:00,501201008,4,0,21,1,0
10:40:00,501201010,1,0,9,1,0
10:40:00,501201011,6,1,15,1,0
10:40:00,501201012,9,1,31,1,0
10:40:00,501201013,7,1,15,1,0
10:40:00,501201014,14,1,5,1,0
10:40:00,501201015,1,0,24,1,0
10:40:00,501201016,13,0,12,1,0
10:40:00,501201017,13,4,14,1,0
10:40:00,501201018,5,0,19,1,0
10:40:00,501201019,5,0,23,1,0
10:40:00,501201020,10,0,14,1,0
10:40:00,501201021,15,2,0,1,0
10:40:00,501201022,6,0,10,1,0
10:40:00,501201023,1,0,27,1,0
10:40:00,501201024,11,0,13,1,0
10:40:00,501201025,2,0,22,1,0
10:40:00,501201026,10,0,9,1,0
10:40:00,501201028,9,1,10,1,0
10:40:00,501201029,9,1,4,1,0
10:40:00,501201030,7,1,7,1,0
10:40:00,501201031,5,2,12,1,0
10:40:00,501202001,9,0,5,1,0
10:40:00,501202003,0,0,40,1,0
10:40:00,501202013,14,0,3,1,0
10:40:00,501202023,2,0,11,1,0
10:40:00,501202024,14,0,1,1,0
10:40:00,501202034,8,1,7,1,0
10:40:00,501202035,19,0,11,1,0
10:40:00,501202036,30,2,9,1,0
10:40:00,501202040,4,0,41,1,0
10:40:00,501202043,10,0,15,1,0
10:40:00,501202044,0,0,0,2,0
10:40:00,501202047,1,0,21,1,0
10:40:00,501202050,0,0,16,1,0
10:40:00,501202055,9,1,6,1,0
10:40:00,501202058,8,1,7,1,0
10:40:00,501202065,15,3,0,1,0
10:40:00,501202068,4,0,14,1,0
10:40:00,501202070,14,2,2,1,0
10:40:00,501202078,6,0,19,1,0
10:40:00,501202080,12,0,14,1,0
10:40:00,501202081,15,0,8,1,0
10:40:00,501202082,3,1,20,1,0
10:40:00,501202083,5,0,18,1,0
10:40:00,501202084,2,0,22,1,0
10:40:00,501202085,0,0,35,1,0
10:40:00,501202088,9,0,21,1,0
10:40:00,501202089,0,0,29,1,0
10:40:00,501202096,4,0,11,1,0
10:40:00,501203001,5,1,15,1,0
10:40:00,501203002,10,0,12,1,0
10:40:00,501203003,1,1,93,1,0
10:40:00,501203005,6,0,14,1,0
10:40:00,501203006,6,1,9,1,0
10:40:00,501203007,15,2,0,1,0
10:40:00,501203008,4,0,12,1,0
10:40:00,501203010,15,1,18,1,0
10:40:00,501203011,11,2,26,1,0
10:40:00,501203012,12,4,5,1,0
10:40:00,501203013,3,0,21,1,0
10:40:00,501203015,0,0,12,1,0
10:40:00,501203020,3,0,17,1,0
10:40:00,501203022,3,0,16,1,0
10:40:00,501203023,13,3,5,1,0
10:40:00,501203028,4,0,20,1,0
10:40:00,501203040,3,2,19,1,0
10:40:00,501203045,11,0,7,1,0
10:40:00,501203050,13,1,47,1,0
10:40:00,501203051,3,0,21,1,0
10:40:00,501203053,15,0,11,1,0
10:40:00,501203054,9,1,13,1,0
10:40:00,501203064,10,0,6,1,0
10:40:00,501203065,2,0,14,1,0
10:40:00,501203070,5,0,10,1,0
10:40:00,501203073,7,0,17,1,0
10:40:00,501203076,3,0,13,1,0
10:40:00,501203078,12,0,4,1,0
10:40:00,501203080,7,2,8,1,0
10:40:00,501203084,2,1,9,1,0
10:40:00,501203085,5,0,5,1,0
10:40:00,501203088,4,1,10,1,0
10:40:00,501203089,0,0,12,1,0
10:40:00,501203090,6,2,3,1,0
10:40:00,501203091,5,0,8,1,0
10:40:00,501203092,0,0,20,1,0
10:40:00,501203100,9,1,10,1,0
10:40:00,501203101,0,0,0,2,0
10:40:00,501203102,4,1,14,1,0
10:40:00,501203104,14,2,4,1,0
10:40:00,501203105,1,0,10,1,0
10:40:00,501203107,0,0,0,2,0
10:40:00,501203109,15,1,11,1,0
10:40:00,501203110,1,0,40,1,0
10:40:00,501203111,9,0,2,1,0
10:40:00,501203113,6,0,12,1,0
10:40:00,501203114,28,1,22,1,0
10:40:00,501203117,0,0,0,2,0
10:40:00,501203118,9,0,11,1,0
10:40:00,501203121,8,1,16,1,0
10:40:00,501203122,13,0,7,1,0
10:40:00,501203125,1,0,24,1,0
10:40:00,501203131,2,2,18,1,0
10:40:00,501203140,20,4,21,1,0
10:40:00,501203141,4,0,12,1,0
10:40:00,501203142,16,0,59,1,0
10:40:00,501203145,7,0,8,1,0
10:40:00,501203151,10,0,8,1,0
10:40:00,501203155,9,1,10,1,0
10:40:00,501203157,4,1,13,1,0
10:40:00,501203159,3,1,17,1,0
10:40:00,501203161,7,1,11,1,0
10:40:00,501203162,7,0,14,1,0
10:40:00,501203163,10,1,6,1,0
10:40:00,501204001,5,2,20,1,0
10:40:00,501204002,15,5,21,1,0
10:40:00,501204003,7,0,34,1,0
10:40:00,501204004,7,0,7,1,0
10:40:00,501204005,6,0,14,1,0
10:40:00,501204007,2,0,34,1,0
10:40:00,501204008,5,1,9,1,0
10:40:00,501204009,0,0,0,2,0
10:40:00,501204010,0,0,0,2,0
10:40:00,501204011,5,0,10,1,0
10:40:00,501204012,12,1,2,1,0
10:40:00,501204013,2,0,12,1,0
10:40:00,501204014,4,0,12,1,0
10:40:00,501204015,10,0,5,1,0
10:40:00,501204016,3,0,17,1,0
10:40:00,501204017,3,0,12,1,0
10:40:00,501204018,7,0,17,1,0
10:40:00,501204020,1,0,18,1,0
10:40:00,501204021,4,0,16,1,0
10:40:00,501204022,3,1,13,1,0
10:40:00,501204023,2,1,13,1,0
10:40:00,501204024,0,0,0,2,0
10:40:00,501204025,6,0,13,1,0
10:40:00,501205001,11,1,6,1,0
10:40:00,501205003,1,0,18,1,0
10:40:00,501205004,1,0,15,1,0
10:40:00,501205005,11,1,11,1,0
10:40:00,501205006,9,0,11,1,0
10:40:00,501205007,4,1,8,1,0
10:40:00,501205008,11,0,15,1,0
10:40:00,501205009,10,0,35,1,0
10:40:00,501205010,6,1,8,1,0
10:40:00,501205011,1,0,30,1,0
10:40:00,501205012,8,1,11,1,0
10:40:00,501205013,11,0,10,1,0
10:40:00,501205014,2,1,21,1,0
10:40:00,501205015,4,1,14,1,0
10:40:00,501205018,4,0,14,1,0
10:40:00,501205019,18,0,10,1,0
10:40:00,501205020,2,0,27,1,0
10:40:00,501205021,5,0,10,1,0
10:40:00,501205022,7,0,8,1,0
10:40:00,501205023,5,1,9,1,0
10:40:00,501205025,4,1,24,1,0
10:40:00,501205026,12,2,7,1,0
10:40:00,501205027,4,0,6,1,0
10:40:00,501205028,5,0,10,1,0
10:40:00,501205029,3,0,7,1,0
10:40:00,501205030,8,1,2,1,0
10:40:00,501205033,7,2,8,1,0
10:40:00,501205034,8,1,20,1,0
10:40:00,501205035,9,2,7,1,0
10:40:00,501205036,0,0,15,1,0
10:40:00,501205037,8,1,8,1,0
10:40:00,501205038,7,0,13,1,0
10:40:00,501205039,10,1,10,1,0
10:40:00,501205040,4,0,21,1,0
10:40:00,501205041,0,0,17,1,0
10:40:00,501205042,7,3,22,1,0
10:40:00,501208011,30,3,6,1,0
10:40:00,501208013,23,0,31,1,0
10:40:00,501208014,23,0,15,1,0
10:40:00,501208015,5,1,10,1,0
10:40:00,501208018,9,3,6,1,0
10:40:00,501208021,11,0,6,1,0
10:40:00,501208027,5,0,24,1,0
10:40:00,501208029,14,1,8,1,0
10:40:00,501208030,30,0,8,1,0
10:40:00,501208032,18,1,10,1,0
10:40:00,501208040,8,2,11,1,0
10:40:00,501208041,7,1,8,1,0
10:40:00,501208045,3,1,29,1,0
10:40:00,501208051,10,0,25,1,0
10:40:00,501208053,14,1,7,1,0
10:40:00,501208054,13,3,14,1,0
10:40:00,501208059,27,6,0,1,0
10:40:00,501208064,7,0,13,1,0
10:40:00,501208077,3,0,7,1,0
10:40:00,501208079,3,0,19,1,0
10:40:00,501208082,6,1,4,1,0
10:40:00,501208085,12,2,5,1,0
10:40:00,501208087,16,0,15,1,0
10:40:00,501208089,16,0,9,1,0
10:40:00,501208091,9,1,34,1,0
10:40:00,501208111,3,0,12,1,0
10:40:00,501208113,7,0,13,1,0
10:40:00,501208114,7,1,13,1,0
10:40:00,501208129,23,2,0,1,0
10:40:00,501208130,2,0,13,1,0
10:40:00,501209002,5,0,15,1,0
10:40:00,501209003,8,3,6,1,0
10:40:00,501209004,7,1,7,1,0
10:40:00,501209005,12,2,6,1,0
10:40:00,501209006,9,1,10,1,0
10:40:00,501209007,5,0,10,1,0
10:40:00,501209009,0,0,0,2,0
10:40:00,501209010,3,0,11,1,0
10:40:00,501209011,0,0,25,1,0
10:40:00,501209014,9,1,3,1,0
10:40:00,501209015,9,2,6,1,0
10:40:00,501209016,8,2,21,1,0
10:40:00,501209017,6,0,7,1,0
10:40:00,501209018,4,0,12,1,0
10:40:00,501209019,4,2,21,1,0
10:40:00,501209020,16,5,15,1,0
10:40:00,501209021,6,1,8,1,0
10:40:00,501209022,5,1,5,1,0
10:40:00,501209023,3,0,38,1,0
10:40:00,501209024,3,0,39,1,0
10:40:00,501209025,1,0,14,1,0
10:40:00,501209026,11,0,14,1,0
10:40:00,501209027,9,2,10,1,0
10:40:00,501209028,1,0,27,1,0
10:40:00,501209030,8,0,10,1,0
10:40:00,501209031,2,0,28,1,0
10:40:00,501209032,7,1,21,1,0
10:40:00,501209033,3,0,17,1,0
10:40:00,501209034,5,0,10,1,0
10:40:00,501209035,5,2,23,1,0
10:40:00,501209036,1,1,28,1,0
10:40:00,501209037,8,0,28,1,0
10:40:00,501209038,0,0,15,1,0
10:40:00,501209039,20,0,10,1,0
10:40:00,501209040,5,0,26,1,0
10:40:00,501209042,2,0,18,1,0
10:40:00,501209043,1,0,23,1,0
10:40:00,501209044,6,3,9,1,0
10:40:00,501209045,10,0,5,1,0
10:40:00,501209046,7,1,15,1,0
10:40:00,501209047,5,0,9,1,0
10:40:00,501209049,6,0,14,1,0
10:40:00,501209050,12,1,1,1,0
10:40:00,501209051,8,0,16,1,0
10:40:00,501209052,14,0,7,1,0
10:40:00,501209053,4,1,16,1,0
10:40:00,501209054,5,0,21,1,0
10:40:00,501209056,8,0,7,1,0
10:40:00,501209058,15,1,1,1,0
10:40:00,501209059,2,1,13,1,0
10:40:00,501209060,5,1,15,1,0
10:40:00,501209062,2,0,13,1,0
10:40:00,501209064,9,0,6,1,0
10:40:00,501209065,1,0,14,1,0
10:40:00,501209066,6,1,8,1,0
10:40:00,501209067,4,1,10,1,0
10:40:00,501209068,4,0,13,1,0
10:40:00,501209069,11,1,52,1,0
10:40:00,501209070,5,1,12,1,0
10:40:00,501209071,5,1,12,1,0
10:40:00,501209073,7,0,8,1,0
10:40:00,501209074,6,1,17,1,0
10:40:00,501209075,11,0,3,1,0
10:40:00,501209076,8,1,15,1,0
10:40:00,501209077,4,3,11,1,0
10:40:00,501209078,6,1,6,1,0
10:40:00,501209079,2,0,23,1,0
10:40:00,501209080,3,1,22,1,0
10:40:00,501209081,10,1,5,1,0
10:40:00,501209084,2,0,21,1,0
10:40:00,501209085,19,0,7,1,0
10:40:00,501209087,17,4,22,1,0
10:40:00,501209088,5,1,10,1,0
10:40:00,501209089,7,0,13,1,0
10:40:00,501209090,3,0,11,1,0
10:40:00,501209091,4,2,12,1,0
10:40:00,501209092,1,0,14,1,0
10:40:00,501209093,9,1,6,1,0
10:40:00,501209094,6,0,10,1,0
10:40:00,501209095,5,3,9,1,0
10:40:00,501209096,8,0,6,1,0
10:40:00,501209097,5,1,10,1,0
10:40:00,501209098,3,1,12,1,0
10:40:00,501209099,6,1,14,1,0
10:40:00,501209100,12,0,1,1,0
10:40:00,501209101,6,0,9,1,0
10:40:00,501209102,2,0,18,1,0
10:40:00,501209104,1,0,18,1,0
10:40:00,501209105,15,0,10,1,0
10:40:00,501209106,5,1,15,1,0
10:40:00,501211001,22,1,14,1,0
10:40:00,501211002,5,1,10,1,0
10:40:00,501211004,5,1,10,1,0
10:40:00,501211005,2,0,17,1,0
10:40:00,501211006,6,1,10,1,0
10:40:00,501211007,3,0,16,1,0
10:40:00,501211009,9,0,9,1,0
10:40:00,501211011,10,1,20,1,0
10:40:00,501211012,10,0,8,1,0
10:50:00,501201001,0,0,0,2,0
10:50:00,501201002,19,3,21,1,0
10:50:00,501201003,3,1,20,1,0
10:50:00,501201004,2,1,12,1,0
10:50:00,501201005,3,1,16,1,0
10:50:00,501201006,6,0,22,1,0
10:50:00,501201007,7,1,12,1,0
10:50:00,501201008,4,0,21,1,0
10:50:00,501201010,1,0,9,1,0
10:50:00,501201011,7,1,14,1,0
10:50:00,501201012,9,1,31,1,0
10:50:00,501201013,7,1,15,1,0
10:50:00,501201014,13,0,6,1,0
10:50:00,501201015,2,0,23,1,0
10:50:00,501201016,13,0,12,1,0
10:50:00,501201017,10,2,17,1,0
10:50:00,501201018,5,0,19,1,0
10:50:00,501201019,7,0,21,1,0
10:50:00,501201020,10,0,14,1,0
10:50:00,501201021,15,2,0,1,0
10:50:00,501201022,7,0,9,1,0
10:50:00,501201023,1,0,27,1,0
10:50:00,501201024,8,0,16,1,0
10:50:00,501201025,2,0,22,1,0
10:50:00,501201026,10,0,9,1,0
10:50:00,501201028,10,2,10,1,0
10:50:00,501201029,9,1,4,1,0
10:50:00,501201030,8,1,6,1,0
10:50:00,501201031,5,2,12,1,0
10:50:00,501202001,9,0,5,1,0
10:50:00,501202003,0,0,40,1,0
10:50:00,501202013,13,0,4,1,0
10:50:00,501202023,3,0,10,1,0
10:50:00,501202024,14,0,1,1,0
10:50:00,501202034,8,1,7,1,0
10:50:00,501202035,19,0,11,1,0
10:50:00,501202036,29,1,10,1,0
10:50:00,501202040,3,0,42,1,0
10:50:00,501202043,9,0,16,1,0
10:50:00,501202044,0,0,0,2,0
10:50:00,501202047,1,0,21,1,0
10:50:00,501202050,0,0,16,1,0
10:50:00,501202055,9,1,6,1,0
10:50:00,501202058,8,1,7,1,0
10:50:00,501202065,15,3,0,1,0
10:50:00,501202068,5,0,13,1,0
10:50:00,501202070,15,2,1,1,0
10:50:00,501202078,6,0,19,1,0
10:50:00,501202080,12,0,14,1,0
10:50:00,501202081,15,0,8,1,0
10:50:00,501202082,3,1,20,1,0
10:50:00,501202083,6,0,17,1,0
10:50:00,501202084,2,0,22,1,0
10:50:00,501202085,0,0,35,1,0
10:50:00,501202088,10,0,20,1,0
10:50:00,501202089,0,0,29,1,0
10:50:00,501202096,2,0,13,1,0
10:50:00,501203001,5,2,15,1,0
10:50:00,501203002,10,0,12,1,0
10:50:00,501203003,1,1,93,1,0
10:50:00,501203005,6,0,14,1,0
10:50:00,501203006,6,1,9,1,0
10:50:00,501203007,12,0,3,1,0
10:50:00,501203008,5,0,11,1,0
10:50:00,501203010,15,0,18,1,0
10:50:00,501203011,11,2,26,1,0
10:50:00,501203012,15,5,2,1,0
10:50:00,501203013,2,0,22,1,0
10:50:00,501203015,0,0,12,1,0
10:50:00,501203020,3,0,17,1,0
10:50:00,501203022,4,1,15,1,0
10:50:00,501203023,12,2,6,1,0
10:50:00,501203028,4,0,20,1,0
10:50:00,501203040,4,2,18,1,0
10:50:00,501203045,11,0,7,1,0
10:50:00,501203050,15,0,45,1,0
10:50:00,501203051,3,0,21,1,0
10:50:00,501203053,15,0,11,1,0
10:50:00,501203054,7,1,15,1,0
10:50:00,501203064,10,0,6,1,0
10:50:00,501203065,3,0,13,1,0
10:50:00,501203070,5,0,10,1,0
10:50:00,501203073,7,0,17,1,0
10:50:00,501203076,3,0,13,1,0
10:50:00,501203078,10,0,6,1,0
10:50:00,501203080,5,0,10,1,0
10:50:00,501203084,2,1,9,1,0
10:50:00,501203085,5,0,5,1,0
10:50:00,501203088,5,3,9,1,0
10:50:00,501203089,0,0,12,1,0
10:50:00,501203090,5,1,4,1,0
10:50:00,501203091,5,0,8,1,0
10:50:00,501203092,0,0,20,1,0
10:50:00,501203100,8,0,11,1,0
10:50:00,501203101,0,0,0,2,0
10:50:00,501203102,4,1,14,1,0
10:50:00,501203104,14,2,4,1,0
10:50:00,501203105,1,0,10,1,0
10:50:00,501203107,0,0,0,2,0
10:50:00,501203109,14,1,12,1,0
10:50:00,501203110,3,0,38,1,0
10:50:00,501203111,7,0,4,1,0
10:50:00,501203113,6,0,12,1,0
10:50:00,501203114,27,1,23,1,0
10:50:00,501203117,0,0,0,2,0
10:50:00,501203118,9,0,11,1,0
10:50:00,501203121,7,1,17,1,0
10:50:00,501203122,13,0,7,1,0
10:50:00,501203125,1,0,24,1,0
10:50:00,501203131,2,2,18,1,0
10:50:00,501203140,20,4,21,1,0
10:50:00,501203141,5,1,11,1,0
10:50:00,501203142,16,1,59,1,0
10:50:00,501203145,7,0,8,1,0
10:50:00,501203151,7,0,11,1,0
10:50:00,501203155,11,3,8,1,0
10:50:00,501203157,4,1,13,1,0
10:50:00,501203159,3,1,17,1,0
10:50:00,501203161,7,1,11,1,0
10:50:00,501203162,7,0,14,1,0
10:50:00,501203163,10,1,6,1,0
10:50:00,501204001,3,0,22,1,0
10:50:00,501204002,11,3,25,1,0
10:50:00,501204003,10,3,34,1,0
10:50:00,501204004,9,0,5,1,0
10:50:00,501204005,6,0,14,1,0
10:50:00,501204007,3,0,33,1,0
10:50:00,501204008,8,2,6,1,0
10:50:00,501204009,0,0,0,2,0
10:50:00,501204010,0,0,0,2,0
10:50:00,501204011,6,0,9,1,0
10:50:00,501204012,12,1,2,1,0
10:50:00,501204013,2,1,12,1,0
10:50:00,501204014,4,0,12,1,0
10:50:00,501204015,10,0,5,1,0
10:50:00,501204016,3,0,17,1,0
10:50:00,501204017,3,0,12,1,0
10:50:00,501204018,6,1,18,1,0
10:50:00,501204020,2,0,17,1,0
10:50:00,501204021,4,0,16,1,0
10:50:00,501204022,3,1,13,1,0
10:50:00,501204023,2,1,13,1,0
10:50:00,501204024,0,0,0,2,0
10:50:00,501204025,6,0,13,1,0
10:50:00,501205001,12,1,5,1,0
10:50:00,501205003,1,0,18,1,0
10:50:00,501205004,3,0,13,1,0
10:50:00,501205005,13,1,9,1,0
10:50:00,501205006,12,1,8,1,0
10:50:00,501205007,4,1,8,1,0
10:50:00,501205008,12,0,14,1,0
10:50:00,501205009,10,0,35,1,0
10:50:00,501205010,7,2,7,1,0
10:50:00,501205011,1,0,30,1,0
10:50:00,501205012,9,1,10,1,0
10:50:00,501205013,11,0,10,1,0
10:50:00,501205014,2,1,21,1,0
10:50:00,501205015,4,1,14,1,0
10:50:00,501205018,3,0,15,1,0
10:50:00,501205019,17,1,11,1,0
10:50:00,501205020,2,0,27,1,0
10:50:00,501205021,5,0,10,1,0
10:50:00,501205022,7,0,8,1,0
10:50:00,501205023,7,1,7,1,0
10:50:00,501205025,6,1,22,1,0
10:50:00,501205026,12,2,7,1,0
10:50:00,501205027,4,0,6,1,0
10:50:00,501205028,4,1,11,1,0
10:50:00,501205029,5,0,5,1,0
10:50:00,501205030,8,1,2,1,0
10:50:00,501205033,7,2,8,1,0
10:50:00,501205034,8,1,20,1,0
10:50:00,501205035,10,3,6,1,0
10:50:00,501205036,0,0,15,1,0
10:50:00,501205037,9,1,7,1,0
10:50:00,501205038,7,0,13,1,0
10:50:00,501205039,10,1,10,1,0
10:50:00,501205040,2,0,23,1,0
10:50:00,501205041,0,0,17,1,0
10:50:00,501205042,7,3,22,1,0
10:50:00,501208011,31,2,5,1,0
10:50:00,501208013,22,0,32,1,0
10:50:00,501208014,25,0,13,1,0
10:50:00,501208015,6,1,9,1,0
10:50:00,501208018,7,2,8,1,0
10:50:00,501208021,13,0,4,1,0
10:50:00,501208027,5,0,24,1,0
10:50:00,501208029,13,1,9,1,0
10:50:00,501208030,28,0,10,1,0
10:50:00,501208032,18,1,10,1,0
10:50:00,501208040,9,3,10,1,0
10:50:00,501208041,7,1,8,1,0
10:50:00,501208045,3,1,29,1,0
10:50:00,501208051,10,0,25,1,0
10:50:00,501208053,15,2,6,1,0
10:50:00,501208054,14,3,13,1,0
10:50:00,501208059,19,6,8,1,0
10:50:00,501208064,7,0,13,1,0
10:50:00,501208077,3,1,7,1,0
10:50:00,501208079,3,0,19,1,0
10:50:00,501208082,6,1,4,1,0
10:50:00,501208085,12,2,5,1,0
10:50:00,501208087,15,0,16,1,0
10:50:00,501208089,16,0,9,1,0
10:50:00,501208091,6,1,37,1,0
10:50:00,501208111,1,0,14,1,0
10:50:00,501208113,7,0,13,1,0
10:50:00,501208114,7,1,13,1,0
10:50:00,501208129,22,2,1,1,0
10:50:00,501208130,3,0,12,1,0
10:50:00,501209002,4,0,16,1,0
10:50:00,501209003,8,3,6,1,0
10:50:00,501209004,6,1,8,1,0
10:50:00,501209005,11,1,7,1,0
10:50:00,501209006,8,0,11,1,0
10:50:00,501209007,4,0,11,1,0
10:50:00,501209009,0,0,0,2,0
10:50:00,501209010,3,0,11,1,0
10:50:00,501209011,1,0,24,1,0
10:50:00,501209014,9,1,3,1,0
10:50:00,501209015,10,1,5,1,0
10:50:00,501209016,8,3,21,1,0
10:50:00,501209017,7,0,6,1,0
10:50:00,501209018,6,2,10,1,0
10:50:00,501209019,4,2,21,1,0
10:50:00,501209020,15,4,16,1,0
10:50:00,501209021,6,1,8,1,0
10:50:00,501209022,2,1,8,1,0
10:50:00,501209023,3,0,38,1,0
10:50:00,501209024,3,0,39,1,0
10:50:00,501209025,1,0,14,1,0
10:50:00,501209026,10,0,14,1,0
10:50:00,501209027,9,1,10,1,0
10:50:00,501209028,0,0,28,1,0
10:50:00,501209030,8,0,10,1,0
10:50:00,501209031,2,0,28,1,0
10:50:00,501209032,7,1,21,1,0
10:50:00,501209033,3,0,17,1,0
10:50:00,501209034,4,0,11,1,0
10:50:00,501209035,5,2,23,1,0
10:50:00,501209036,2,1,27,1,0
10:50:00,501209037,6,0,30,1,0
10:50:00,501209038,4,0,11,1,0
10:50:00,501209039,17,0,13,1,0
10:50:00,501209040,5,0,26,1,0
10:50:00,501209042,3,0,17,1,0
10:50:00,501209043,0,0,24,1,0
10:50:00,501209044,4,1,11,1,0
10:50:00,501209045,10,0,5,1,0
10:50:00,501209046,7,1,15,1,0
10:50:00,501209047,6,0,8,1,0
10:50:00,501209049,6,0,14,1,0
10:50:00,501209050,12,1,1,1,0
10:50:00,501209051,8,0,16,1,0
10:50:00,501209052,14,0,7,1,0
10:50:00,501209053,4,1,16,1,0
10:50:00,501209054,6,0,20,1,0
10:50:00,501209056,8,0,7,1,0
10:50:00,501209058,15,1,1,1,0
10:50:00,501209059,2,1,13,1,0
10:50:00,501209060,6,2,14,1,0
10:50:00,501209062,2,0,13,1,0
10:50:00,501209064,9,0,6,1,0
10:50:00,501209065,1,0,14,1,0
10:50:00,501209066,6,1,8,1,0
10:50:00,501209067,4,1,10,1,0
10:50:00,501209068,3,0,14,1,0
10:50:00,501209069,14,2,49,1,0
10:50:00,501209070,1,1,16,1,0
10:50:00,501209071,5,1,12,1,0
10:50:00,501209073,6,0,9,1,0
10:50:00,501209074,7,1,16,1,0
10:50:00,501209075,9,0,5,1,0
10:50:00,501209076,8,1,15,1,0
10:50:00,501209077,4,3,11,1,0
10:50:00,501209078,7,1,5,1,0
10:50:00,501209079,3,0,22,1,0
10:50:00,501209080,3,1,22,1,0
10:50:00,501209081,10,1,5,1,0
10:50:00,501209084,2,0,21,1,0
10:50:00,501209085,20,0,6,1,0
10:50:00,501209087,17,4,22,1,0
10:50:00,501209088,5,1,10,1,0
10:50:00,501209089,7,0,13,1,0
10:50:00,501209090,2,0,12,1,0
10:50:00,501209091,5,2,11,1,0
10:50:00,501209092,1,0,14,1,0
10:50:00,501209093,9,1,6,1,0
10:50:00,501209094,7,0,9,1,0
10:50:00,501209095,5,3,9,1,0
10:50:00,501209096,7,0,7,1,0
10:50:00,501209097,5,1,10,1,0
10:50:00,501209098,3,1,12,1,0
10:50:00,501209099,6,1,14,1,0
10:50:00,501209100,12,0,1,1,0
10:50:00,501209101,6,0,9,1,0
10:50:00,501209102,2,0,18,1,0
10:50:00,501209104,1,0,18,1,0
10:50:00,501209105,15,0,10,1,0
10:50:00,501209106,5,1,15,1,0
10:50:00,501211001,21,1,15,1,0
10:50:00,501211002,5,1,10,1,0
10:50:00,501211004,5,1,10,1,0
10:50:00,501211005,2,0,17,1,0
10:50:00,501211006,5,0,11,1,0
10:50:00,501211007,3,0,16,1,0
10:50:00,501211009,9,0,9,1,0
10:50:00,501211011,11,2,19,1,0
10:50:00,501211012,10,0,8,1,0
11:00:00,501201001,0,0,0,2,0
11:00:00,501201002,19,3,21,1,0
11:00:00,501201003,2,0,21,1,0
11:00:00,501201004,2,1,12,1,0
11:00:00,501201005,2,1,17,1,0
11:00:00,501201006,6,0,22,1,0
11:00:00,501201007,8,1,11,1,0
11:00:00,501201008,4,0,21,1,0
11:00:00,501201010,1,0,9,1,0
11:00:00,501201011,5,0,16,1,0
11:00:00,501201012,7,1,33,1,0
11:00:00,501201013,6,0,16,1,0
11:00:00,501201014,6,0,13,1,0
11:00:00,501201015,0,0,25,1,0
11:00:00,501201016,13,1,12,1,0
11:00:00,501201017,9,0,18,1,0
11:00:00,501201018,5,0,19,1,0
11:00:00,501201019,7,0,21,1,0
11:00:00,501201020,9,0,15,1,0
11:00:00,501201021,14,1,1,1,0
11:00:00,501201022,5,0,11,1,0
11:00:00,501201023,1,0,27,1,0
11:00:00,501201024,2,0,22,1,0
11:00:00,501201025,4,0,20,1,0
11:00:00,501201026,10,0,9,1,0
11:00:00,501201028,10,2,10,1,0
11:00:00,501201029,10,2,3,1,0
11:00:00,501201030,10,1,4,1,0
11:00:00,501201031,4,2,13,1,0
11:00:00,501202001,10,0,4,1,0
11:00:00,501202003,0,0,40,1,0
11:00:00,501202013,13,0,4,1,0
11:00:00,501202023,3,0,10,1,0
11:00:00,501202024,15,0,0,1,0
11:00:00,501202034,7,2,9,1,0
11:00:00,501202035,17,0,13,1,0
11:00:00,501202036,31,1,8,1,0
11:00:00,501202040,4,0,41,1,0
11:00:00,501202043,9,0,16,1,0
11:00:00,501202044,0,0,0,2,0
11:00:00,501202047,1,0,21,1,0
11:00:00,501202050,0,0,16,1,0
11:00:00,501202055,10,2,5,1,0
11:00:00,501202058,8,1,7,1,0
11:00:00,501202065,15,3,0,1,0
11:00:00,501202068,5,0,13,1,0
11:00:00,501202070,15,2,1,1,0
11:00:00,501202078,6,0,19,1,0
11:00:00,501202080,12,0,14,1,0
11:00:00,501202081,17,0,6,1,0
11:00:00,501202082,3,1,20,1,0
11:00:00,501202083,7,1,16,1,0
11:00:00,501202084,3,2,21,1,0
11:00:00,501202085,0,0,35,1,0
11:00:00,501202088,10,0,20,1,0
11:00:00,501202089,0,0,29,1,0
11:00:00,501202096,2,0,13,1,0
11:00:00,501203001,4,2,16,1,0
11:00:00,501203002,11,0,11,1,0
11:00:00,501203003,2,1,92,1,0
11:00:00,501203005,6,0,14,1,0
11:00:00,501203006,6,1,9,1,0
11:00:00,501203007,12,0,3,1,0
11:00:00,501203008,6,0,10,1,0
11:00:00,501203010,15,0,18,1,0
11:00:00,501203011,11,2,26,1,0
11:00:00,501203012,14,4,3,1,0
11:00:00,501203013,3,0,21,1,0
11:00:00,501203015,0,0,12,1,0
11:00:00,501203020,3,0,17,1,0
11:00:00,501203022,4,1,15,1,0
11:00:00,501203023,11,2,7,1,0
11:00:00,501203028,4,0,20,1,0
11:00:00,501203040,8,2,14,1,0
11:00:00,501203045,11,0,7,1,0
11:00:00,501203050,10,0,50,1,0
11:00:00,501203051,2,0,22,1,0
11:00:00,501203053,15,0,11,1,0
11:00:00,501203054,6,1,16,1,0
11:00:00,501203064,10,0,6,1,0
11:00:00,501203065,4,1,12,1,0
11:00:00,501203070,5,0,10,1,0
11:00:00,501203073,7,0,17,1,0
11:00:00,501203076,3,0,13,1,0
11:00:00,501203078,9,0,7,1,0
11:00:00,501203080,5,0,10,1,0
11:00:00,501203084,2,1,9,1,0
11:00:00,501203085,5,0,5,1,0
11:00:00,501203088,5,3,9,1,0
11:00:00,501203089,0,0,12,1,0
11:00:00,501203090,5,1,4,1,0
11:00:00,501203091,5,0,8,1,0
11:00:00,501203092,0,0,20,1,0
11:00:00,501203100,6,0,13,1,0
11:00:00,501203101,0,0,0,2,0
11:00:00,501203102,5,2,13,1,0
11:00:00,501203104,12,1,6,1,0
11:00:00,501203105,1,0,10,1,0
11:00:00,501203107,0,0,0,2,0
11:00:00,501203109,11,0,15,1,0
11:00:00,501203110,4,0,37,1,0
11:00:00,501203111,6,0,5,1,0
11:00:00,501203113,6,0,12,1,0
11:00:00,501203114,24,1,26,1,0
11:00:00,501203117,0,0,0,2,0
11:00:00,501203118,9,0,11,1,0
11:00:00,501203121,7,1,17,1,0
11:00:00,501203122,13,0,7,1,0
11:00:00,501203125,2,0,23,1,0
11:00:00,501203131,1,1,19,1,0
11:00:00,501203140,20,4,21,1,0
11:00:00,501203141,5,1,11,1,0
11:00:00,501203142,9,0,66,1,0
11:00:00,501203145,7,0,8,1,0
11:00:00,501203151,8,0,10,1,0
11:00:00,501203155,11,3,8,1,0
11:00:00,501203157,4,1,13,1,0
11:00:00,501203159,3,1,17,1,0
11:00:00,501203161,7,1,11,1,0
11:00:00,501203162,7,0,14,1,0
11:00:00,501203163,10,1,6,1,0
11:00:00,501204001,3,0,22,1,0
11:00:00,501204002,12,4,24,1,0
11:00:00,501204003,11,2,33,1,0
11:00:00,501204004,9,0,5,1,0
11:00:00,501204005,6,0,14,1,0
11:00:00,501204007,3,0,33,1,0
11:00:00,501204008,9,3,5,1,0
11:00:00,501204009,0,0,0,2,0
11:00:00,501204010,0,0,0,2,0
11:00:00,501204011,5,0,10,1,0
11:00:00,501204012,10,0,4,1,0
11:00:00,501204013,3,1,11,1,0
11:00:00,501204014,5,0,11,1,0
11:00:00,501204015,11,0,4,1,0
11:00:00,501204016,3,0,17,1,0
11:00:00,501204017,3,0,12,1,0
11:00:00,501204018,7,1,17,1,0
11:00:00,501204020,1,0,18,1,0
11:00:00,501204021,5,1,15,1,0
11:00:00,501204022,3,1,13,1,0
11:00:00,501204023,2,1,13,1,0
11:00:00,501204024,0,0,0,2,0
11:00:00,501204025,6,0,13,1,0
11:00:00,501205001,9,1,8,1,0
11:00:00,501205003,3,1,16,1,0
11:00:00,501205004,4,0,12,1,0
11:00:00,501205005,13,1,9,1,0
11:00:00,501205006,13,1,7,1,0
11:00:00,501205007,4,1,8,1,0
11:00:00,501205008,11,0,15,1,0
11:00:00,501205009,11,0,34,1,0
11:00:00,501205010,6,1,8,1,0
11:00:00,501205011,1,0,30,1,0
11:00:00,501205012,11,1,8,1,0
11:00:00,501205013,11,0,10,1,0
11:00:00,501205014,2,1,21,1,0
11:00:00,501205015,4,1,14,1,0
11:00:00,501205018,2,0,16,1,0
11:00:00,501205019,17,1,11,1,0
11:00:00,501205020,2,0,27,1,0
11:00:00,501205021,5,0,10,1,0
11:00:00,501205022,8,0,7,1,0
11:00:00,501205023,8,1,6,1,0
11:00:00,501205025,7,1,21,1,0
11:00:00,501205026,12,1,7,1,0
11:00:00,501205027,4,0,6,1,0
11:00:00,501205028,4,0,11,1,0
11:00:00,501205029,2,0,8,1,0
11:00:00,501205030,7,0,3,1,0
11:00:00,501205033,7,2,8,1,0
11:00:00,501205034,9,1,19,1,0
11:00:00,501205035,9,2,7,1,0
11:00:00,501205036,0,0,15,1,0
11:00:00,501205037,9,1,7,1,0
11:00:00,501205038,8,0,12,1,0
11:00:00,501205039,9,1,11,1,0
11:00:00,501205040,2,0,23,1,0
11:00:00,501205041,4,1,13,1,0
11:00:00,501205042,8,3,21,1,0
11:00:00,501208011,29,0,7,1,0
11:00:00,501208013,20,0,34,1,0
11:00:00,501208014,24,0,14,1,0
11:00:00,501208015,6,1,9,1,0
11:00:00,501208018,6,1,9,1,0
11:00:00,501208021,13,0,4,1,0
11:00:00,501208027,5,0,24,1,0
11:00:00,501208029,14,1,8,1,0
11:00:00,501208030,28,0,10,1,0
11:00:00,501208032,19,1,9,1,0
11:00:00,501208040,9,3,10,1,0
11:00:00,501208041,7,1,8,1,0
11:00:00,501208045,3,1,29,1,0
11:00:00,501208051,10,0,25,1,0
11:00:00,501208053,15,2,6,1,0
11:00:00,501208054,16,3,11,1,0
11:00:00,501208059,18,6,11,1,0
11:00:00,501208064,7,0,13,1,0
11:00:00,501208077,3,1,7,1,0
11:00:00,501208079,3,0,19,1,0
11:00:00,501208082,7,2,3,1,0
11:00:00,501208085,11,2,6,1,0
11:00:00,501208087,15,0,16,1,0
11:00:00,501208089,17,0,8,1,0
11:00:00,501208091,6,1,37,1,0
11:00:00,501208111,1,0,14,1,0
11:00:00,501208113,7,0,13,1,0
11:00:00,501208114,7,1,13,1,0
11:00:00,501208129,23,2,0,1,0
11:00:00,501208130,3,0,12,1,0
11:00:00,501209002,3,0,17,1,0
11:00:00,501209003,7,2,7,1,0
11:00:00,501209004,4,0,10,1,0
11:00:00,501209005,12,2,6,1,0
11:00:00,501209006,8,0,11,1,0
11:00:00,501209007,4,0,11,1,0
11:00:00,501209009,0,0,0,2,0
11:00:00,501209010,2,0,12,1,0
11:00:00,501209011,1,0,24,1,0
11:00:00,501209014,9,1,3,1,0
11:00:00,501209015,10,1,5,1,0
11:00:00,501209016,9,3,20,1,0
11:00:00,501209017,7,0,6,1,0
11:00:00,501209018,8,3,8,1,0
11:00:00,501209019,4,1,21,1,0
11:00:00,501209020,15,4,16,1,0
11:00:00,501209021,6,1,8,1,0
11:00:00,501209022,1,0,9,1,0
11:00:00,501209023,2,0,39,1,0
11:00:00,501209024,4,0,38,1,0
11:00:00,501209025,1,0,14,1,0
11:00:00,501209026,9,0,15,1,0
11:00:00,501209027,9,1,10,1,0
11:00:00,501209028,0,0,28,1,0
11:00:00,501209030,8,0,10,1,0
11:00:00,501209031,0,0,30,1,0
11:00:00,501209032,7,1,21,1,0
11:00:00,501209033,2,0,18,1,0
11:00:00,501209034,4,0,11,1,0
11:00:00,501209035,7,1,21,1,0
11:00:00,501209036,1,1,28,1,0
11:00:00,501209037,7,0,29,1,0
11:00:00,501209038,4,0,11,1,0
11:00:00,501209039,15,0,15,1,0
11:00:00,501209040,5,0,26,1,0
11:00:00,501209042,2,0,18,1,0
11:00:00,501209043,0,0,24,1,0
11:00:00,501209044,4,1,11,1,0
11:00:00,501209045,9,0,6,1,0
11:00:00,501209046,7,0,15,1,0
11:00:00,501209047,5,0,9,1,0
11:00:00,501209049,10,1,10,1,0
11:00:00,501209050,7,1,6,1,0
11:00:00,501209051,8,0,16,1,0
11:00:00,501209052,17,0,4,1,0
11:00:00,501209053,4,1,16,1,0
11:00:00,501209054,6,0,20,1,0
11:00:00,501209056,9,0,6,1,0
11:00:00,501209058,14,0,2,1,0
11:00:00,501209059,1,1,14,1,0
11:00:00,501209060,5,1,15,1,0
11:00:00,501209062,2,0,13,1,0
11:00:00,501209064,8,0,7,1,0
11:00:00,501209065,4,1,11,1,0
11:00:00,501209066,4,1,10,1,0
11:00:00,501209067,4,1,10,1,0
11:00:00,501209068,4,0,13,1,0
11:00:00,501209069,12,2,51,1,0
11:00:00,501209070,1,1,16,1,0
11:00:00,501209071,6,1,11,1,0
11:00:00,501209073,6,0,9,1,0
11:00:00,501209074,8,1,15,1,0
11:00:00,501209075,8,0,6,1,0
11:00:00,501209076,7,1,16,1,0
11:00:00,501209077,4,2,11,1,0
11:00:00,501209078,7,1,5,1,0
11:00:00,501209079,3,0,22,1,0
11:00:00,501209080,2,0,23,1,0
11:00:00,501209081,10,1,5,1,0
11:00:00,501209084,2,0,21,1,0
11:00:00,501209085,19,0,7,1,0
11:00:00,501209087,17,4,22,1,0
11:00:00,501209088,5,1,10,1,0
11:00:00,501209089,7,0,13,1,0
11:00:00,501209090,4,0,10,1,0
11:00:00,501209091,6,2,10,1,0
11:00:00,501209092,1,0,14,1,0
11:00:00,501209093,9,1,6,1,0
11:00:00,501209094,7,0,9,1,0
11:00:00,501209095,6,4,8,1,0
11:00:00,501209096,7,0,7,1,0
11:00:00,501209097,5,1,10,1,0
11:00:00,501209098,3,1,12,1,0
11:00:00,501209099,6,1,14,1,0
11:00:00,501209100,12,0,1,1,0
11:00:00,501209101,6,0,9,1,0
11:00:00,501209102,1,0,19,1,0
11:00:00,501209104,2,0,17,1,0
11:00:00,501209105,14,0,11,1,0
11:00:00,501209106,5,1,15,1,0
11:00:00,501211001,21,1,15,1,0
11:00:00,501211002,6,2,9,1,0
11:00:00,501211004,5,1,10,1,0
11:00:00,501211005,2,0,17,1,0
11:00:00,501211006,3,0,13,1,0
11:00:00,501211007,2,0,17,1,0
11:00:00,501211009,9,0,9,1,0
11:00:00,501211011,11,2,19,1,0
11:00:00,501211012,10,0,8,1,0
11:10:01,501201001,0,0,0,2,0
11:10:01,501201002,19,3,21,1,0
11:10:01,501201003,1,0,22,1,0
11:10:01,501201004,3,1,11,1,0
11:10:01,501201005,2,1,17,1,0
11:10:01,501201006,3,0,25,1,0
11:10:01,501201007,8,1,11,1,0
11:10:01,501201008,3,0,22,1,0
11:10:01,501201010,1,0,9,1,0
11:10:01,501201011,6,0,15,1,0
11:10:01,501201012,7,1,33,1,0
11:10:01,501201013,6,0,16,1,0
11:10:01,501201014,7,0,12,1,0
11:10:01,501201015,1,1,24,1,0
11:10:01,501201016,13,1,12,1,0
11:10:01,501201017,9,1,18,1,0
11:10:01,501201018,5,0,19,1,0
11:10:01,501201019,3,0,25,1,0
11:10:01,501201020,9,0,15,1,0
11:10:01,501201021,13,0,2,1,0
11:10:01,501201022,5,0,11,1,0
11:10:01,501201023,1,0,27,1,0
11:10:01,501201024,4,0,20,1,0
11:10:01,501201025,4,0,20,1,0
11:10:01,501201026,10,0,9,1,0
11:10:01,501201028,11,2,9,1,0
11:10:01,501201029,10,2,3,1,0
11:10:01,501201030,11,1,3,1,0
11:10:01,501201031,5,2,12,1,0
11:10:01,501202001,10,0,4,1,0
11:10:01,501202003,3,0,37,1,0
11:10:01,501202013,13,0,4,1,0
11:10:01,501202023,1,0,12,1,0
11:10:01,501202024,15,0,0,1,0
11:10:01,501202034,7,2,9,1,0
11:10:01,501202035,17,0,13,1,0
11:10:01,501202036,31,1,8,1,0
11:10:01,501202040,4,0,41,1,0
11:10:01,501202043,9,0,16,1,0
11:10:01,501202044,0,0,0,2,0
11:10:01,501202047,1,0,21,1,0
11:10:01,501202050,5,0,11,1,0
11:10:01,501202055,12,2,3,1,0
11:10:01,501202058,8,1,7,1,0
11:10:01,501202065,15,3,0,1,0
11:10:01,501202068,4,0,14,1,0
11:10:01,501202070,15,2,1,1,0
11:10:01,501202078,6,0,19,1,0
11:10:01,501202080,13,0,13,1,0
11:10:01,501202081,18,2,5,1,0
11:10:01,501202082,6,3,17,1,0
11:10:01,501202083,8,1,15,1,0
11:10:01,501202084,5,0,19,1,0
11:10:01,501202085,2,0,33,1,0
11:10:01,501202088,10,0,20,1,0
11:10:01,501202089,0,0,29,1,0
11:10:01,501202096,2,0,13,1,0
11:10:01,501203001,5,1,15,1,0
11:10:01,501203002,11,0,11,1,0
11:10:01,501203003,0,0,94,1,0
11:10:01,501203005,6,0,14,1,0
11:10:01,501203006,6,1,9,1,0
11:10:01,501203007,10,0,5,1,0
11:10:01,501203008,7,1,9,1,0
11:10:01,501203010,15,0,18,1,0
11:10:01,501203011,11,2,26,1,0
11:10:01,501203012,14,4,3,1,0
11:10:01,501203013,3,0,21,1,0
11:10:01,501203015,0,0,12,1,0
11:10:01,501203020,2,0,18,1,0
11:10:01,501203022,5,1,14,1,0
11:10:01,501203023,10,1,8,1,0
11:10:01,501203028,4,0,20,1,0
11:10:01,501203040,7,0,15,1,0
11:10:01,501203045,12,0,6,1,0
11:10:01,501203050,11,0,49,1,0
11:10:01,501203051,2,0,22,1,0
11:10:01,501203053,15,0,11,1,0
11:10:01,501203054,6,1,16,1,0
11:10:01,501203064,10,0,6,1,0
11:10:01,501203065,3,1,13,1,0
11:10:01,501203070,5,0,10,1,0
11:10:01,501203073,6,0,18,1,0
11:10:01,501203076,3,0,13,1,0
11:10:01,501203078,8,0,8,1,0
11:10:01,501203080,4,0,11,1,0
11:10:01,501203084,1,0,10,1,0
11:10:01,501203085,5,0,5,1,0
11:10:01,501203088,5,2,9,1,0
11:10:01,501203089,1,1,11,1,0
11:10:01,501203090,5,1,4,1,0
11:10:01,501203091,4,0,9,1,0
11:10:01,501203092,0,0,20,1,0
11:10:01,501203100,6,0,13,1,0
11:10:01,501203101,0,0,0,2,0
11:10:01,501203102,5,1,12,1,0
11:10:01,501203104,13,2,5,1,0
11:10:01,501203105,2,0,9,1,0
11:10:01,501203107,0,0,0,2,0
11:10:01,501203109,11,1,15,1,0
11:10:01,501203110,3,0,38,1,0
11:10:01,501203111,6,0,5,1,0
11:10:01,501203113,6,0,12,1,0
11:10:01,501203114,26,1,24,1,0
11:10:01,501203117,0,0,0,2,0
11:10:01,501203118,9,0,11,1,0
11:10:01,501203121,6,1,18,1,0
11:10:01,501203122,9,0,11,1,0
11:10:01,501203125,2,0,23,1,0
11:10:01,501203131,1,1,19,1,0
11:10:01,501203140,20,4,21,1,0
11:10:01,501203141,5,1,11,1,0
11:10:01,501203142,7,0,68,1,0
11:10:01,501203145,6,0,9,1,0
11:10:01,501203151,8,0,10,1,0
11:10:01,501203155,12,3,7,1,0
11:10:01,501203157,3,0,14,1,0
11:10:01,501203159,3,1,17,1,0
11:10:01,501203161,6,0,12,1,0
11:10:01,501203162,7,0,14,1,0
11:10:01,501203163,10,1,6,1,0
11:10:01,501204001,3,0,22,1,0
11:10:01,501204002,10,3,26,1,0
11:10:01,501204003,10,2,34,1,0
11:10:01,501204004,9,0,5,1,0
11:10:01,501204005,7,0,13,1,0
11:10:01,501204007,3,0,33,1,0
11:10:01,501204008,7,2,7,1,0
11:10:01,501204009,0,0,0,2,0
11:10:01,501204010,0,0,0,2,0
11:10:01,501204011,4,0,11,1,0
11:10:01,501204012,10,0,4,1,0
11:10:01,501204013,3,1,11,1,0
11:10:01,501204014,5,0,11,1,0
11:10:01,501204015,11,0,4,1,0
11:10:01,501204016,2,0,18,1,0
11:10:01,501204017,3,0,12,1,0
11:10:01,501204018,7,1,17,1,0
11:10:01,501204020,0,0,19,1,0
11:10:01,501204021,4,0,16,1,0
11:10:01,501204022,3,1,13,1,0
11:10:01,501204023,3,1,12,1,0
11:10:01,501204024,0,0,0,2,0
11:10:01,501204025,6,0,13,1,0
11:10:01,501205001,13,1,4,1,0
11:10:01,501205003,2,1,17,1,0
11:10:01,501205004,3,0,13,1,0
11:10:01,501205005,13,1,9,1,0
11:10:01,501205006,11,1,9,1,0
11:10:01,501205007,5,1,7,1,0
11:10:01,501205008,11,0,15,1,0
11:10:01,501205009,11,0,34,1,0
11:10:01,501205010,6,1,8,1,0
11:10:01,501205011,1,0,30,1,0
11:10:01,501205012,11,1,8,1,0
11:10:01,501205013,11,0,10,1,0
11:10:01,501205014,1,1,22,1,0
11:10:01,501205015,5,2,13,1,0
11:10:01,501205018,3,0,15,1,0
11:10:01,501205019,16,0,12,1,0
11:10:01,501205020,2,0,27,1,0
11:10:01,501205021,6,0,9,1,0
11:10:01,501205022,8,0,7,1,0
11:10:01,501205023,7,1,7,1,0
11:10:01,501205025,6,0,22,1,0
11:10:01,501205026,11,0,8,1,0
11:10:01,501205027,4,0,6,1,0
11:10:01,501205028,5,1,10,1,0
11:10:01,501205029,2,0,8,1,0
11:10:01,501205030,7,0,3,1,0
11:10:01,501205033,7,2,8,1,0
11:10:01,501205034,9,1,19,1,0
11:10:01,501205035,9,2,7,1,0
11:10:01,501205036,0,0,15,1,0
11:10:01,501205037,10,2,6,1,0
11:10:01,501205038,8,0,12,1,0
11:10:01,501205039,8,1,12,1,0
11:10:01,501205040,1,0,24,1,0
11:10:01,501205041,4,1,13,1,0
11:10:01,501205042,8,3,21,1,0
11:10:01,501208011,30,1,6,1,0
11:10:01,501208013,19,0,35,1,0
11:10:01,501208014,26,0,12,1,0
11:10:01,501208015,5,1,9,1,0
11:10:01,501208018,8,1,7,1,0
11:10:01,501208021,13,0,4,1,0
11:10:01,501208027,5,0,24,1,0
11:10:01,501208029,15,1,7,1,0
11:10:01,501208030,28,0,10,1,0
11:10:01,501208032,19,1,9,1,0
11:10:01,501208040,9,3,10,1,0
11:10:01,501208041,7,1,8,1,0
11:10:01,501208045,3,1,29,1,0
11:10:01,501208051,11,1,24,1,0
11:10:01,501208053,15,2,6,1,0
11:10:01,501208054,17,3,10,1,0
11:10:01,501208059,20,6,9,1,0
11:10:01,501208064,7,0,13,1,0
11:10:01,501208077,4,1,6,1,0
11:10:01,501208079,4,0,18,1,0
11:10:01,501208082,7,2,3,1,0
11:10:01,501208085,11,2,6,1,0
11:10:01,501208087,15,0,16,1,0
11:10:01,501208089,17,0,8,1,0
11:10:01,501208091,6,1,37,1,0
11:10:01,501208111,1,0,14,1,0
11:10:01,501208113,7,0,13,1,0
11:10:01,501208114,7,1,13,1,0
11:10:01,501208129,23,2,0,1,0
11:10:01,501208130,3,0,12,1,0
11:10:01,501209002,0,0,20,1,0
11:10:01,501209003,8,2,6,1,0
11:10:01,501209004,3,0,11,1,0
11:10:01,501209005,12,1,6,1,0
11:10:01,501209006,9,1,10,1,0
11:10:01,501209007,4,0,11,1,0
11:10:01,501209009,0,0,0,2,0
11:10:01,501209010,2,0,12,1,0
11:10:01,501209011,0,0,25,1,0
11:10:01,501209014,9,1,3,1,0
11:10:01,501209015,10,1,5,1,0
11:10:01,501209016,10,3,19,1,0
11:10:01,501209017,8,1,5,1,0
11:10:01,501209018,8,3,8,1,0
11:10:01,501209019,3,1,22,1,0
11:10:01,501209020,15,4,16,1,0
11:10:01,501209021,6,1,8,1,0
11:10:01,501209022,1,0,9,1,0
11:10:01,501209023,3,0,38,1,0
11:10:01,501209024,4,0,38,1,0
11:10:01,501209025,1,0,14,1,0
11:10:01,501209026,11,3,13,1,0
11:10:01,501209027,9,1,10,1,0
11:10:01,501209028,0,0,28,1,0
11:10:01,501209030,6,0,12,1,0
11:10:01,501209031,0,0,30,1,0
11:10:01,501209032,9,1,19,1,0
11:10:01,501209033,4,0,16,1,0
11:10:01,501209034,2,0,13,1,0
11:10:01,501209035,6,0,22,1,0
11:10:01,501209036,3,1,26,1,0
11:10:01,501209037,7,0,29,1,0
11:10:01,501209038,4,0,11,1,0
11:10:01,501209039,12,0,18,1,0
11:10:01,501209040,5,0,26,1,0
11:10:01,501209042,2,0,18,1,0
11:10:01,501209043,0,0,24,1,0
11:10:01,501209044,5,1,10,1,0
11:10:01,501209045,8,0,7,1,0
11:10:01,501209046,5,0,17,1,0
11:10:01,501209047,5,0,9,1,0
11:10:01,501209049,14,1,6,1,0
11:10:01,501209050,6,1,7,1,0
11:10:01,501209051,10,0,14,1,0
11:10:01,501209052,16,0,5,1,0
11:10:01,501209053,4,1,16,1,0
11:10:01,501209054,4,0,22,1,0
11:10:01,501209056,9,0,6,1,0
11:10:01,501209058,14,0,2,1,0
11:10:01,501209059,1,1,14,1,0
11:10:01,501209060,5,1,15,1,0
11:10:01,501209062,2,0,13,1,0
11:10:01,501209064,7,0,8,1,0
11:10:01,501209065,4,1,11,1,0
11:10:01,501209066,5,1,9,1,0
11:10:01,501209067,4,1,10,1,0
11:10:01,501209068,3,0,14,1,0
11:10:01,501209069,13,2,50,1,0
11:10:01,501209070,1,1,16,1,0
11:10:01,501209071,7,1,10,1,0
11:10:01,501209073,7,0,8,1,0
11:10:01,501209074,7,0,16,1,0
11:10:01,501209075,8,0,6,1,0
11:10:01,501209076,7,1,16,1,0
11:10:01,501209077,4,2,11,1,0
11:10:01,501209078,6,0,6,1,0
11:10:01,501209079,3,0,22,1,0
11:10:01,501209080,2,0,23,1,0
11:10:01,501209081,10,1,5,1,0
11:10:01,501209084,2,0,21,1,0
11:10:01,501209085,20,1,6,1,0
11:10:01,501209087,15,2,24,1,0
11:10:01,501209088,5,1,10,1,0
11:10:01,501209089,4,0,16,1,0
11:10:01,501209090,4,0,10,1,0
11:10:01,501209091,5,3,11,1,0
11:10:01,501209092,1,0,14,1,0
11:10:01,501209093,9,1,6,1,0
11:10:01,501209094,7,0,9,1,0
11:10:01,501209095,7,4,7,1,0
11:10:01,501209096,7,0,7,1,0
11:10:01,501209097,5,1,10,1,0
11:10:01,501209098,3,1,12,1,0
11:10:01,501209099,6,1,14,1,0
11:10:01,501209100,12,0,1,1,0
11:10:01,501209101,5,0,9,1,0
11:10:01,501209102,1,0,19,1,0
11:10:01,501209104,2,0,17,1,0
11:10:01,501209105,10,0,15,1,0
11:10:01,501209106,4,1,16,1,0
11:10:01,501211001,19,1,17,1,0
11:10:01,501211002,6,2,9,1,0
11:10:01,501211004,5,1,10,1,0
11:10:01,501211005,2,0,17,1,0
11:10:01,501211006,2,0,14,1,0
11:10:01,501211007,2,0,17,1,0
11:10:01,501211009,9,0,9,1,0
11:10:01,501211011,11,2,19,1,0
11:10:01,501211012,10,0,8,1,0
11:20:00,501201001,0,0,0,2,0
11:20:00,501201002,20,1,20,1,0
11:20:00,501201003,1,0,22,1,0
11:20:00,501201004,2,0,12,1,0
11:20:00,501201005,4,1,15,1,0
11:20:00,501201006,3,0,25,1,0
11:20:00,501201007,9,1,10,1,0
11:20:00,501201008,2,0,23,1,0
11:20:00,501201010,1,0,9,1,0
11:20:00,501201011,7,0,14,1,0
11:20:00,501201012,7,1,33,1,0
11:20:00,501201013,6,0,16,1,0
11:20:00,501201014,7,0,12,1,0
11:20:00,501201015,2,2,23,1,0
11:20:00,501201016,13,1,12,1,0
11:20:00,501201017,9,2,18,1,0
11:20:00,501201018,6,0,18,1,0
11:20:00,501201019,2,0,26,1,0
11:20:00,501201020,10,1,14,1,0
11:20:00,501201021,14,0,1,1,0
11:20:00,501201022,4,0,12,1,0
11:20:00,501201023,1,0,27,1,0
11:20:00,501201024,8,0,16,1,0
11:20:00,501201025,4,0,20,1,0
11:20:00,501201026,10,0,9,1,0
11:20:00,501201028,12,4,8,1,0
11:20:00,501201029,10,3,3,1,0
11:20:00,501201030,10,1,4,1,0
11:20:00,501201031,6,2,11,1,0
11:20:00,501202001,12,0,2,1,0
11:20:00,501202003,3,0,37,1,0
11:20:00,501202013,13,0,4,1,0
11:20:00,501202023,1,0,12,1,0
11:20:00,501202024,15,0,0,1,0
11:20:00,501202034,6,1,10,1,0
11:20:00,501202035,18,0,12,1,0
11:20:00,501202036,33,2,6,1,0
11:20:00,501202040,3,0,42,1,0
11:20:00,501202043,9,0,16,1,0
11:20:00,501202044,0,0,0,2,0
11:20:00,501202047,0,0,21,1,0
11:20:00,501202050,5,0,11,1,0
11:20:00,501202055,12,3,3,1,0
11:20:00,501202058,8,1,7,1,0
11:20:00,501202065,14,3,0,1,0
11:20:00,501202068,3,0,15,1,0
11:20:00,501202070,15,2,1,1,0
11:20:00,501202078,6,0,19,1,0
11:20:00,501202080,13,0,13,1,0
11:20:00,501202081,16,0,7,1,0
11:20:00,501202082,7,4,16,1,0
11:20:00,501202083,8,1,15,1,0
11:20:00,501202084,4,0,20,1,0
11:20:00,501202085,1,0,34,1,0
11:20:00,501202088,9,0,21,1,0
11:20:00,501202089,0,0,29,1,0
11:20:00,501202096,2,0,13,1,0
11:20:00,501203001,4,1,16,1,0
11:20:00,501203002,11,0,11,1,0
11:20:00,501203003,1,0,93,1,0
11:20:00,501203005,6,0,14,1,0
11:20:00,501203006,6,1,9,1,0
11:20:00,501203007,7,0,8,1,0
11:20:00,501203008,8,2,8,1,0
11:20:00,501203010,14,0,19,1,0
11:20:00,501203011,13,2,24,1,0
11:20:00,501203012,14,4,3,1,0
11:20:00,501203013,4,0,20,1,0
11:20:00,501203015,2,0,10,1,0
11:20:00,501203020,3,0,17,1,0
11:20:00,501203022,6,1,13,1,0
11:20:00,501203023,10,1,8,1,0
11:20:00,501203028,4,1,20,1,0
11:20:00,501203040,5,0,17,1,0
11:20:00,501203045,12,0,6,1,0
11:20:00,501203050,11,0,49,1,0
11:20:00,501203051,2,0,22,1,0
11:20:00,501203053,14,0,12,1,0
11:20:00,501203054,7,1,15,1,0
11:20:00,501203064,12,1,4,1,0
11:20:00,501203065,3,1,13,1,0
11:20:00,501203070,5,0,10,1,0
11:20:00,501203073,6,0,18,1,0
11:20:00,501203076,3,0,13,1,0
11:20:00,501203078,7,0,9,1,0
11:20:00,501203080,4,0,11,1,0
11:20:00,501203084,1,0,10,1,0
11:20:00,501203085,4,0,6,1,0
11:20:00,501203088,6,2,8,1,0
11:20:00,501203089,2,1,10,1,0
11:20:00,501203090,5,1,4,1,0
11:20:00,501203091,4,0,9,1,0
11:20:00,501203092,0,0,20,1,0
11:20:00,501203100,6,0,13,1,0
11:20:00,501203101,0,0,0,2,0
11:20:00,501203102,3,1,14,1,0
11:20:00,501203104,13,2,5,1,0
11:20:00,501203105,2,0,9,1,0
11:20:00,501203107,0,0,0,2,0
11:20:00,501203109,12,1,14,1,0
11:20:00,501203110,3,0,38,1,0
11:20:00,501203111,4,0,7,1,0
11:20:00,501203113,6,0,12,1,0
11:20:00,501203114,24,1,26,1,0
11:20:00,501203117,0,0,0,2,0
11:20:00,501203118,9,0,11,1,0
11:20:00,501203121,6,1,18,1,0
11:20:00,501203122,7,0,13,1,0
11:20:00,501203125,1,0,24,1,0
11:20:00,501203131,1,1,19,1,0
11:20:00,501203140,21,5,20,1,0
11:20:00,501203141,5,1,11,1,0
11:20:00,501203142,8,0,67,1,0
11:20:00,501203145,6,0,9,1,0
11:20:00,501203151,9,0,9,1,0
11:20:00,501203155,12,3,7,1,0
11:20:00,501203157,3,0,14,1,0
11:20:00,501203159,2,1,18,1,0
11:20:00,501203161,6,0,12,1,0
11:20:00,501203162,7,0,14,1,0
11:20:00,501203163,9,1,7,1,0
11:20:00,501204001,5,2,20,1,0
11:20:00,501204002,11,3,25,1,0
11:20:00,501204003,8,0,36,1,0
11:20:00,501204004,9,0,5,1,0
11:20:00,501204005,7,0,13,1,0
11:20:00,501204007,4,0,32,1,0
11:20:00,501204008,9,3,6,1,0
11:20:00,501204009,0,0,0,2,0
11:20:00,501204010,0,0,0,2,0
11:20:00,501204011,4,0,11,1,0
11:20:00,501204012,12,0,2,1,0
11:20:00,501204013,3,1,11,1,0
11:20:00,501204014,7,0,9,1,0
11:20:00,501204015,11,0,4,1,0
11:20:00,501204016,4,0,16,1,0
11:20:00,501204017,3,0,12,1,0
11:20:00,501204018,6,1,18,1,0
11:20:00,501204020,1,0,18,1,0
11:20:00,501204021,4,0,16,1,0
11:20:00,501204022,2,1,14,1,0
11:20:00,501204023,3,1,12,1,0
11:20:00,501204024,0,0,0,2,0
11:20:00,501204025,6,0,13,1,0
11:20:00,501205001,13,1,4,1,0
11:20:00,501205003,2,1,17,1,0
11:20:00,501205004,3,0,13,1,0
11:20:00,501205005,13,1,9,1,0
11:20:00,501205006,13,1,7,1,0
11:20:00,501205007,1,0,11,1,0
11:20:00,501205008,14,0,12,1,0
11:20:00,501205009,11,0,34,1,0
11:20:00,501205010,6,1,8,1,0
11:20:00,501205011,1,0,30,1,0
11:20:00,501205012,10,1,9,1,0
11:20:00,501205013,11,0,10,1,0
11:20:00,501205014,1,1,22,1,0
11:20:00,501205015,5,2,13,1,0
11:20:00,501205018,2,0,16,1,0
11:20:00,501205019,16,0,12,1,0
11:20:00,501205020,2,0,27,1,0
11:20:00,501205021,5,0,10,1,0
11:20:00,501205022,7,0,8,1,0
11:20:00,501205023,7,0,7,1,0
11:20:00,501205025,3,0,25,1,0
11:20:00,501205026,11,0,8,1,0
11:20:00,501205027,1,0,9,1,0
11:20:00,501205028,4,2,11,1,0
11:20:00,501205029,2,0,8,1,0
11:20:00,501205030,7,0,3,1,0
11:20:00,501205033,7,2,8,1,0
11:20:00,501205034,12,4,16,1,0
11:20:00,501205035,8,1,8,1,0
11:20:00,501205036,4,0,11,1,0
11:20:00,501205037,10,2,6,1,0
11:20:00,501205038,8,0,12,1,0
11:20:00,501205039,9,1,11,1,0
11:20:00,501205040,1,0,24,1,0
11:20:00,501205041,3,1,14,1,0
11:20:00,501205042,8,3,21,1,0
11:20:00,501208011,29,1,7,1,0
11:20:00,501208013,19,0,35,1,0
11:20:00,501208014,26,0,12,1,0
11:20:00,501208015,5,1,9,1,0
11:20:00,501208018,9,1,6,1,0
11:20:00,501208021,13,0,4,1,0
11:20:00,501208027,5,0,24,1,0
11:20:00,501208029,14,0,8,1,0
11:20:00,501208030,24,0,14,1,0
11:20:00,501208032,21,3,7,1,0
11:20:00,501208040,9,3,10,1,0
11:20:00,501208041,7,1,8,1,0
11:20:00,501208045,3,1,29,1,0
11:20:00,501208051,12,1,23,1,0
11:20:00,501208053,15,2,6,1,0
11:20:00,501208054,17,2,10,1,0
11:20:00,501208059,21,6,8,1,0
11:20:00,501208064,7,0,13,1,0
11:20:00,501208077,4,0,6,1,0
11:20:00,501208079,4,0,18,1,0
11:20:00,501208082,5,2,5,1,0
11:20:00,501208085,11,2,6,1,0
11:20:00,501208087,13,0,18,1,0
11:20:00,501208089,17,0,8,1,0
11:20:00,501208091,6,1,37,1,0
11:20:00,501208111,1,0,14,1,0
11:20:00,501208113,7,0,13,1,0
11:20:00,501208114,7,1,13,1,0
11:20:00,501208129,23,2,0,1,0
11:20:00,501208130,4,0,11,1,0
11:20:00,501209002,1,0,19,1,0
11:20:00,501209003,6,2,8,1,0
11:20:00,501209004,3,0,11,1,0
11:20:00,501209005,12,1,6,1,0
11:20:00,501209006,9,1,10,1,0
11:20:00,501209007,4,0,11,1,0
11:20:00,501209009,0,0,0,2,0
11:20:00,501209010,2,0,12,1,0
11:20:00,501209011,2,0,23,1,0
11:20:00,501209014,9,1,3,1,0
11:20:00,501209015,9,0,6,1,0
11:20:00,501209016,10,3,19,1,0
11:20:00,501209017,9,1,4,1,0
11:20:00,501209018,5,0,11,1,0
11:20:00,501209019,5,3,20,1,0
11:20:00,501209020,15,4,16,1,0
11:20:00,501209021,6,1,8,1,0
11:20:00,501209022,1,0,9,1,0
11:20:00,501209023,4,0,37,1,0
11:20:00,501209024,4,0,38,1,0
11:20:00,501209025,1,0,14,1,0
11:20:00,501209026,17,2,7,1,0
11:20:00,501209027,9,1,10,1,0
11:20:00,501209028,0,0,28,1,0
11:20:00,501209030,5,0,13,1,0
11:20:00,501209031,0,0,30,1,0
11:20:00,501209032,9,1,19,1,0
11:20:00,501209033,3,0,17,1,0
11:20:00,501209034,2,0,13,1,0
11:20:00,501209035,7,0,21,1,0
11:20:00,501209036,5,1,24,1,0
11:20:00,501209037,6,0,30,1,0
11:20:00,501209038,4,0,11,1,0
11:20:00,501209039,6,0,24,1,0
11:20:00,501209040,5,0,26,1,0
11:20:00,501209042,0,0,20,1,0
11:20:00,501209043,0,0,24,1,0
11:20:00,501209044,5,1,10,1,0
11:20:00,501209045,8,0,7,1,0
11:20:00,501209046,4,0,18,1,0
11:20:00,501209047,6,1,8,1,0
11:20:00,501209049,12,1,8,1,0
11:20:00,501209050,6,1,7,1,0
11:20:00,501209051,10,0,14,1,0
11:20:00,501209052,16,0,5,1,0
11:20:00,501209053,4,1,16,1,0
11:20:00,501209054,1,0,25,1,0
11:20:00,501209056,9,0,6,1,0
11:20:00,501209058,13,0,3,1,0
11:20:00,501209059,1,0,14,1,0
11:20:00,501209060,4,1,16,1,0
11:20:00,501209062,2,0,13,1,0
11:20:00,501209064,7,0,8,1,0
11:20:00,501209065,4,1,11,1,0
11:20:00,501209066,5,1,9,1,0
11:20:00,501209067,4,1,10,1,0
11:20:00,501209068,3,0,14,1,0
11:20:00,501209069,14,2,49,1,0
11:20:00,501209070,1,1,16,1,0
11:20:00,501209071,7,1,10,1,0
11:20:00,501209073,7,0,8,1,0
11:20:00,501209074,7,0,16,1,0
11:20:00,501209075,9,0,5,1,0
11:20:00,501209076,7,1,16,1,0
11:20:00,501209077,4,1,11,1,0
11:20:00,501209078,6,0,6,1,0
11:20:00,501209079,4,0,21,1,0
11:20:00,501209080,2,1,23,1,0
11:20:00,501209081,10,1,5,1,0
11:20:00,501209084,2,0,21,1,0
11:20:00,501209085,19,1,7,1,0
11:20:00,501209087,12,2,27,1,0
11:20:00,501209088,5,1,10,1,0
11:20:00,501209089,4,0,16,1,0
11:20:00,501209090,5,1,9,1,0
11:20:00,501209091,4,3,12,1,0
11:20:00,501209092,1,0,14,1,0
11:20:00,501209093,9,1,6,1,0
11:20:00,501209094,7,0,9,1,0
11:20:00,501209095,7,4,7,1,0
11:20:00,501209096,7,0,7,1,0
11:20:00,501209097,4,0,11,1,0
11:20:00,501209098,1,0,14,1,0
11:20:00,501209099,6,1,14,1,0
11:20:00,501209100,12,0,1,1,0
11:20:00,501209101,5,0,9,1,0
11:20:00,501209102,1,0,19,1,0
11:20:00,501209104,4,1,15,1,0
11:20:00,501209105,10,0,15,1,0
11:20:00,501209106,3,1,17,1,0
11:20:00,501211001,18,1,18,1,0
11:20:00,501211002,6,2,9,1,0
11:20:00,501211004,4,0,11,1,0
11:20:00,501211005,2,0,17,1,0
11:20:00,501211006,1,0,15,1,0
11:20:00,501211007,1,0,18,1,0
11:20:00,501211009,9,0,9,1,0
11:20:00,501211011,12,2,18,1,0
11:20:00,501211012,10,0,8,1,0
11:30:00,501201001,0,0,0,2,0
11:30:00,501201002,21,1,19,1,0
11:30:00,501201003,1,0,22,1,0
11:30:00,501201004,3,0,11,1,0
11:30:00,501201005,4,0,15,1,0
11:30:00,501201006,4,0,24,1,0
11:30:00,501201007,9,1,10,1,0
11:30:00,501201008,2,0,23,1,0
11:30:00,501201010,1,0,9,1,0
11:30:00,501201011,8,0,13,1,0
11:30:00,501201012,6,1,34,1,0
11:30:00,501201013,6,0,16,1,0
11:30:00,501201014,6,0,13,1,0
11:30:00,501201015,3,2,22,1,0
11:30:00,501201016,13,1,12,1,0
11:30:00,501201017,7,0,20,1,0
11:30:00,501201018,6,0,18,1,0
11:30:00,501201019,3,0,25,1,0
11:30:00,501201020,10,1,14,1,0
11:30:00,501201021,15,1,0,1,0
11:30:00,501201022,5,0,11,1,0
11:30:00,501201023,1,0,27,1,0
11:30:00,501201024,8,0,16,1,0
11:30:00,501201025,4,0,20,1,0
11:30:00,501201026,10,0,9,1,0
11:30:00,501201028,11,3,9,1,0
11:30:00,501201029,9,2,4,1,0
11:30:00,501201030,10,1,4,1,0
11:30:00,501201031,6,2,11,1,0
11:30:00,501202001,12,0,2,1,0
11:30:00,501202003,2,0,38,1,0
11:30:00,501202013,12,0,5,1,0
11:30:00,501202023,1,0,12,1,0
11:30:00,501202024,15,0,0,1,0
11:30:00,501202034,4,1,12,1,0
11:30:00,501202035,20,0,10,1,0
11:30:00,501202036,33,0,5,1,0
11:30:00,501202040,4,1,41,1,0
11:30:00,501202043,8,0,17,1,0
11:30:00,501202044,0,0,0,2,0
11:30:00,501202047,0,0,21,1,0
11:30:00,501202050,5,0,11,1,0
11:30:00,501202055,10,1,5,1,0
11:30:00,501202058,8,0,7,1,0
11:30:00,501202065,14,3,0,1,0
11:30:00,501202068,2,0,16,1,0
11:30:00,501202070,15,2,1,1,0
11:30:00,501202078,6,0,19,1,0
11:30:00,501202080,13,0,13,1,0
11:30:00,501202081,16,0,7,1,0
11:30:00,501202082,2,0,20,1,0
11:30:00,501202083,9,2,14,1,0
11:30:00,501202084,5,0,19,1,0
11:30:00,501202085,1,0,34,1,0
11:30:00,501202088,11,0,19,1,0
11:30:00,501202089,0,0,29,1,0
11:30:00,501202096,2,0,13,1,0
11:30:00,501203001,4,1,16,1,0
11:30:00,501203002,9,0,13,1,0
11:30:00,501203003,3,0,91,1,0
11:30:00,501203005,5,0,15,1,0
11:30:00,501203006,6,1,9,1,0
11:30:00,501203007,7,0,8,1,0
11:30:00,501203008,7,2,9,1,0
11:30:00,501203010,13,0,20,1,0
11:30:00,501203011,14,3,23,1,0
11:30:00,501203012,14,4,3,1,0
11:30:00,501203013,4,0,20,1,0
11:30:00,501203015,2,0,10,1,0
11:30:00,501203020,2,0,18,1,0
11:30:00,501203022,7,0,12,1,0
11:30:00,501203023,8,0,10,1,0
11:30:00,501203028,4,0,20,1,0
11:30:00,501203040,7,0,15,1,0
11:30:00,501203045,13,0,5,1,0
11:30:00,501203050,7,0,53,1,0
11:30:00,501203051,1,0,23,1,0
11:30:00,501203053,14,0,12,1,0
11:30:00,501203054,7,1,15,1,0
11:30:00,501203064,12,0,4,1,0
11:30:00,501203065,3,0,13,1,0
11:30:00,501203070,4,0,11,1,0
11:30:00,501203073,6,0,18,1,0
11:30:00,501203076,3,0,13,1,0
11:30:00,501203078,7,0,9,1,0
11:30:00,501203080,4,0,11,1,0
11:30:00,501203084,0,0,11,1,0
11:30:00,501203085,4,0,6,1,0
11:30:00,501203088,10,3,4,1,0
11:30:00,501203089,1,1,11,1,0
11:30:00,501203090,5,1,4,1,0
11:30:00,501203091,5,0,8,1,0
11:30:00,501203092,0,0,20,1,0
11:30:00,501203100,6,0,13,1,0
11:30:00,501203101,0,0,0,2,0
11:30:00,501203102,3,1,14,1,0
11:30:00,501203104,13,1,5,1,0
11:30:00,501203105,1,0,10,1,0
11:30:00,501203107,0,0,0,2,0
11:30:00,501203109,12,1,14,1,0
11:30:00,501203110,3,0,38,1,0
11:30:00,501203111,4,0,7,1,0
11:30:00,501203113,6,0,12,1,0
11:30:00,501203114,24,0,26,1,0
11:30:00,501203117,0,0,0,2,0
11:30:00,501203118,8,0,12,1,0
11:30:00,501203121,5,1,19,1,0
11:30:00,501203122,7,0,13,1,0
11:30:00,501203125,0,0,25,1,0
11:30:00,501203131,1,1,19,1,0
11:30:00,501203140,25,7,16,1,0
11:30:00,501203141,5,1,11,1,0
11:30:00,501203142,5,0,70,1,0
11:30:00,501203145,6,0,9,1,0
11:30:00,501203151,8,0,10,1,0
11:30:00,501203155,12,3,7,1,0
11:30:00,501203157,3,0,14,1,0
11:30:00,501203159,2,1,18,1,0
11:30:00,501203161,6,0,12,1,0
11:30:00,501203162,8,0,13,1,0
11:30:00,501203163,10,1,6,1,0
11:30:00,501204001,6,2,19,1,0
11:30:00,501204002,11,3,25,1,0
11:30:00,501204003,7,0,37,1,0
11:30:00,501204004,9,0,5,1,0
11:30:00,501204005,8,0,12,1,0
11:30:00,501204007,4,0,32,1,0
11:30:00,501204008,9,3,6,1,0
11:30:00,501204009,0,0,0,2,0
11:30:00,501204010,0,0,0,2,0
11:30:00,501204011,4,1,11,1,0
11:30:00,501204012,12,0,2,1,0
11:30:00,501204013,2,1,12,1,0
11:30:00,501204014,7,0,9,1,0
11:30:00,501204015,11,0,4,1,0
11:30:00,501204016,4,0,16,1,0
11:30:00,501204017,7,0,8,1,0
11:30:00,501204018,4,0,20,1,0
11:30:00,501204020,2,0,17,1,0
11:30:00,501204021,4,0,16,1,0
11:30:00,501204022,2,1,14,1,0
11:30:00,501204023,3,1,12,1,0
11:30:00,501204024,0,0,0,2,0
11:30:00,501204025,6,0,13,1,0
11:30:00,501205001,16,1,1,1,0
11:30:00,501205003,2,1,17,1,0
11:30:00,501205004,3,0,13,1,0
11:30:00,501205005,13,1,9,1,0
11:30:00,501205006,12,1,8,1,0
11:30:00,501205007,0,0,12,1,0
11:30:00,501205008,14,0,12,1,0
11:30:00,501205009,11,0,34,1,0
11:30:00,501205010,7,1,7,1,0
11:30:00,501205011,0,0,31,1,0
11:30:00,501205012,9,0,10,1,0
11:30:00,501205013,11,0,10,1,0
11:30:00,501205014,2,1,21,1,0
11:30:00,501205015,5,2,13,1,0
11:30:00,501205018,3,0,15,1,0
11:30:00,501205019,16,0,12,1,0
11:30:00,501205020,2,0,27,1,0
11:30:00,501205021,4,0,11,1,0
11:30:00,501205022,7,0,8,1,0
11:30:00,501205023,9,0,5,1,0
11:30:00,501205025,6,3,22,1,0
11:30:00,501205026,10,0,9,1,0
11:30:00,501205027,1,0,9,1,0
11:30:00,501205028,4,2,11,1,0
11:30:00,501205029,1,0,9,1,0
11:30:00,501205030,7,0,3,1,0
11:30:00,501205033,7,2,8,1,0
11:30:00,501205034,11,2,16,1,0
11:30:00,501205035,7,1,9,1,0
11:30:00,501205036,5,0,10,1,0
11:30:00,501205037,7,1,9,1,0
11:30:00,501205038,8,0,12,1,0
11:30:00,501205039,9,1,11,1,0
11:30:00,501205040,0,0,25,1,0
11:30:00,501205041,5,1,12,1,0
11:30:00,501205042,7,2,22,1,0
11:30:00,501208011,29,1,7,1,0
11:30:00,501208013,33,0,21,1,0
11:30:00,501208014,24,0,14,1,0
11:30:00,501208015,5,1,9,1,0
11:30:00,501208018,10,2,5,1,0
11:30:00,501208021,13,0,4,1,0
11:30:00,501208027,5,0,24,1,0
11:30:00,501208029,12,0,10,1,0
11:30:00,501208030,23,0,15,1,0
11:30:00,501208032,21,3,7,1,0
11:30:00,501208040,9,3,10,1,0
11:30:00,501208041,7,1,8,1,0
11:30:00,501208045,3,1,29,1,0
11:30:00,501208051,12,0,23,1,0
11:30:00,501208053,15,1,6,1,0
11:30:00,501208054,17,2,10,1,0
11:30:00,501208059,22,7,7,1,0
11:30:00,501208064,7,0,13,1,0
11:30:00,501208077,4,0,6,1,0
11:30:00,501208079,5,1,17,1,0
11:30:00,501208082,5,2,5,1,0
11:30:00,501208085,9,2,8,1,0
11:30:00,501208087,13,0,18,1,0
11:30:00,501208089,17,0,8,1,0
11:30:00,501208091,6,1,37,1,0
11:30:00,501208111,0,0,15,1,0
11:30:00,501208113,8,1,12,1,0
11:30:00,501208114,7,1,13,1,0
11:30:00,501208129,23,2,0,1,0
11:30:00,501208130,4,0,11,1,0
11:30:00,501209002,0,0,20,1,0
11:30:00,501209003,5,1,9,1,0
11:30:00,501209004,4,0,10,1,0
11:30:00,501209005,11,1,7,1,0
11:30:00,501209006,9,1,10,1,0
11:30:00,501209007,4,1,11,1,0
11:30:00,501209009,0,0,0,2,0
11:30:00,501209010,2,0,12,1,0
11:30:00,501209011,1,0,24,1,0
11:30:00,501209014,9,1,3,1,0
11:30:00,501209015,9,0,6,1,0
11:30:00,501209016,10,3,19,1,0
11:30:00,501209017,9,1,4,1,0
11:30:00,501209018,3,0,13,1,0
11:30:00,501209019,2,1,23,1,0
11:30:00,501209020,13,2,18,1,0
11:30:00,501209021,6,1,8,1,0
11:30:00,501209022,1,0,9,1,0
11:30:00,501209023,3,0,38,1,0
11:30:00,501209024,6,0,36,1,0
11:30:00,501209025,1,0,14,1,0
11:30:00,501209026,17,1,7,1,0
11:30:00,501209027,9,1,10,1,0
11:30:00,501209028,1,0,27,1,0
11:30:00,501209030,3,0,15,1,0
11:30:00,501209031,0,0,30,1,0
11:30:00,501209032,7,1,21,1,0
11:30:00,501209033,4,0,16,1,0
11:30:00,501209034,1,0,14,1,0
11:30:00,501209035,8,0,20,1,0
11:30:00,501209036,6,1,23,1,0
11:30:00,501209037,7,1,29,1,0
11:30:00,501209038,4,0,11,1,0
11:30:00,501209039,4,0,26,1,0
11:30:00,501209040,5,0,26,1,0
11:30:00,501209042,0,0,20,1,0
11:30:00,501209043,1,0,23,1,0
11:30:00,501209044,5,1,10,1,0
11:30:00,501209045,8,0,7,1,0
11:30:00,501209046,4,0,18,1,0
11:30:00,501209047,3,0,11,1,0
11:30:00,501209049,12,1,8,1,0
11:30:00,501209050,5,0,8,1,0
11:30:00,501209051,7,1,17,1,0
11:30:00,501209052,15,0,6,1,0
11:30:00,501209053,4,1,16,1,0
11:30:00,501209054,0,0,26,1,0
11:30:00,501209056,9,0,6,1,0
11:30:00,501209058,11,0,5,1,0
11:30:00,501209059,1,0,14,1,0
11:30:00,501209060,6,3,14,1,0
11:30:00,501209062,2,0,13,1,0
11:30:00,501209064,8,0,7,1,0
11:30:00,501209065,4,0,11,1,0
11:30:00,501209066,5,1,9,1,0
11:30:00,501209067,5,1,9,1,0
11:30:00,501209068,4,0,13,1,0
11:30:00,501209069,12,1,51,1,0
11:30:00,501209070,1,1,16,1,0
11:30:00,501209071,7,1,10,1,0
11:30:00,501209073,7,0,8,1,0
11:30:00,501209074,7,0,16,1,0
11:30:00,501209075,10,0,4,1,0
11:30:00,501209076,8,1,15,1,0
11:30:00,501209077,5,1,10,1,0
11:30:00,501209078,6,0,6,1,0
11:30:00,501209079,5,0,20,1,0
11:30:00,501209080,2,1,23,1,0
11:30:00,501209081,10,1,5,1,0
11:30:00,501209084,5,0,18,1,0
11:30:00,501209085,19,1,7,1,0
11:30:00,501209087,16,4,23,1,0
11:30:00,501209088,4,1,11,1,0
11:30:00,501209089,8,0,12,1,0
11:30:00,501209090,4,1,10,1,0
11:30:00,501209091,4,3,12,1,0
11:30:00,501209092,1,0,14,1,0
11:30:00,501209093,6,0,9,1,0
11:30:00,501209094,8,0,8,1,0
11:30:00,501209095,7,4,7,1,0
11:30:00,501209096,7,0,7,1,0
11:30:00,501209097,4,0,11,1,0
11:30:00,501209098,1,0,14,1,0
11:30:00,501209099,7,1,13,1,0
11:30:00,501209100,11,0,2,1,0
11:30:00,501209101,3,0,11,1,0
11:30:00,501209102,2,1,18,1,0
11:30:00,501209104,4,1,15,1,0
11:30:00,501209105,12,0,13,1,0
11:30:00,501209106,3,1,17,1,0
11:30:00,501211001,19,1,17,1,0
11:30:00,501211002,6,2,9,1,0
11:30:00,501211004,4,0,11,1,0
11:30:00,501211005,2,0,17,1,0
11:30:00,501211006,3,0,13,1,0
11:30:00,501211007,1,0,18,1,0
11:30:00,501211009,9,0,9,1,0
11:30:00,501211011,12,2,18,1,0
11:30:00,501211012,10,0,8,1,0
11:40:00,501201001,0,0,0,2,0
11:40:00,501201002,20,0,20,1,0
11:40:00,501201003,2,0,21,1,0
11:40:00,501201004,4,0,10,1,0
11:40:00,501201005,4,0,15,1,0
11:40:00,501201006,2,0,26,1,0
11:40:00,501201007,9,1,10,1,0
11:40:00,501201008,2,0,23,1,0
11:40:00,501201010,1,0,9,1,0
11:40:00,501201011,9,0,12,1,0
11:40:00,501201012,7,2,33,1,0
11:40:00,501201013,6,0,16,1,0
11:40:00,501201014,4,0,15,1,0
11:40:00,501201015,2,1,23,1,0
11:40:00,501201016,14,1,11,1,0
11:40:00,501201017,8,0,19,1,0
11:40:00,501201018,4,0,20,1,0
11:40:00,501201019,4,0,24,1,0
11:40:00,501201020,10,1,14,1,0
11:40:00,501201021,15,1,0,1,0
11:40:00,501201022,5,0,11,1,0
11:40:00,501201023,1,0,27,1,0
11:40:00,501201024,7,0,17,1,0
11:40:00,501201025,4,0,20,1,0
11:40:00,501201026,10,0,9,1,0
11:40:00,501201028,11,3,9,1,0
11:40:00,501201029,9,2,4,1,0
11:40:00,501201030,10,2,4,1,0
11:40:00,501201031,5,1,12,1,0
11:40:00,501202001,12,0,2,1,0
11:40:00,501202003,2,0,38,1,0
11:40:00,501202013,12,0,5,1,0
11:40:00,501202023,1,0,12,1,0
11:40:00,501202024,15,0,0,1,0
11:40:00,501202034,4,1,12,1,0
11:40:00,501202035,20,0,10,1,0
11:40:00,501202036,34,0,4,1,0
11:40:00,501202040,4,1,41,1,0
11:40:00,501202043,8,0,17,1,0
11:40:00,501202044,0,0,0,2,0
11:40:00,501202047,1,0,20,1,0
11:40:00,501202050,5,0,11,1,0
11:40:00,501202055,10,1,5,1,0
11:40:00,501202058,8,0,7,1,0
11:40:00,501202065,14,3,0,1,0
11:40:00,501202068,1,0,17,1,0
11:40:00,501202070,15,2,1,1,0
11:40:00,501202078,6,0,19,1,0
11:40:00,501202080,11,0,15,1,0
11:40:00,501202081,15,0,8,1,0
11:40:00,501202082,1,0,21,1,0
11:40:00,501202083,9,2,14,1,0
11:40:00,501202084,4,0,20,1,0
11:40:00,501202085,1,0,34,1,0
11:40:00,501202088,11,0,19,1,0
11:40:00,501202089,0,0,29,1,0
11:40:00,501202096,2,0,13,1,0
11:40:00,501203001,5,0,15,1,0
11:40:00,501203002,9,0,13,1,0
11:40:00,501203003,3,0,91,1,0
11:40:00,501203005,4,0,16,1,0
11:40:00,501203006,6,1,9,1,0
11:40:00,501203007,7,0,8,1,0
11:40:00,501203008,5,1,11,1,0
11:40:00,501203010,13,0,20,1,0
11:40:00,501203011,15,3,22,1,0
11:40:00,501203012,12,2,5,1,0
11:40:00,501203013,3,0,21,1,0
11:40:00,501203015,2,0,10,1,0
11:40:00,501203020,2,0,18,1,0
11:40:00,501203022,8,0,11,1,0
11:40:00,501203023,9,0,9,1,0
11:40:00,501203028,5,0,20,1,0
11:40:00,501203040,8,1,14,1,0
11:40:00,501203045,12,0,6,1,0
11:40:00,501203050,7,0,53,1,0
11:40:00,501203051,1,0,23,1,0
11:40:00,501203053,14,0,12,1,0
11:40:00,501203054,7,1,15,1,0
11:40:00,501203064,13,0,3,1,0
11:40:00,501203065,3,0,13,1,0
11:40:00,501203070,4,0,11,1,0
11:40:00,501203073,6,0,18,1,0
11:40:00,501203076,4,1,12,1,0
11:40:00,501203078,7,0,9,1,0
11:40:00,501203080,5,0,10,1,0
11:40:00,501203084,0,0,11,1,0
11:40:00,501203085,4,0,6,1,0
11:40:00,501203088,11,3,3,1,0
11:40:00,501203089,1,1,11,1,0
11:40:00,501203090,5,1,4,1,0
11:40:00,501203091,5,0,8,1,0
11:40:00,501203092,0,0,20,1,0
11:40:00,501203100,5,0,14,1,0
11:40:00,501203101,0,0,0,2,0
11:40:00,501203102,5,3,14,1,0
11:40:00,501203104,15,1,4,1,0
11:40:00,501203105,1,0,10,1,0
11:40:00,501203107,0,0,0,2,0
11:40:00,501203109,15,1,11,1,0
11:40:00,501203110,6,1,35,1,0
11:40:00,501203111,5,0,6,1,0
11:40:00,501203113,5,0,13,1,0
11:40:00,501203114,20,1,30,1,0
11:40:00,501203117,0,0,0,2,0
11:40:00,501203118,8,0,12,1,0
11:40:00,501203121,3,1,21,1,0
11:40:00,501203122,7,0,13,1,0
11:40:00,501203125,0,0,25,1,0
11:40:00,501203131,1,1,19,1,0
11:40:00,501203140,20,6,22,1,0
11:40:00,501203141,5,1,11,1,0
11:40:00,501203142,6,0,69,1,0
11:40:00,501203145,7,0,8,1,0
11:40:00,501203151,7,0,11,1,0
11:40:00,501203155,11,2,8,1,0
11:40:00,501203157,3,0,14,1,0
11:40:00,501203159,1,1,19,1,0
11:40:00,501203161,6,0,12,1,0
11:40:00,501203162,9,0,12,1,0
11:40:00,501203163,9,0,7,1,0
11:40:00,501204001,7,3,18,1,0
11:40:00,501204002,10,1,26,1,0
11:40:00,501204003,3,0,41,1,0
11:40:00,501204004,8,0,6,1,0
11:40:00,501204005,7,0,13,1,0
11:40:00,501204007,4,0,32,1,0
11:40:00,501204008,10,3,5,1,0
11:40:00,501204009,0,0,0,2,0
11:40:00,501204010,0,0,0,2,0
11:40:00,501204011,4,1,11,1,0
11:40:00,501204012,12,0,2,1,0
11:40:00,501204013,2,1,12,1,0
11:40:00,501204014,7,0,9,1,0
11:40:00,501204015,11,0,4,1,0
11:40:00,501204016,3,0,17,1,0
11:40:00,501204017,7,0,8,1,0
11:40:00,501204018,6,0,18,1,0
11:40:00,501204020,3,0,16,1,0
11:40:00,501204021,7,2,13,1,0
11:40:00,501204022,0,0,16,1,0
11:40:00,501204023,5,1,10,1,0
11:40:00,501204024,0,0,0,2,0
11:40:00,501204025,6,0,13,1,0
11:40:00,501205001,16,1,1,1,0
11:40:00,501205003,2,1,17,1,0
11:40:00,501205004,3,0,13,1,0
11:40:00,501205005,15,2,7,1,0
11:40:00,501205006,9,0,11,1,0
11:40:00,501205007,0,0,12,1,0
11:40:00,501205008,15,1,11,1,0
11:40:00,501205009,10,0,35,1,0
11:40:00,501205010,8,1,6,1,0
11:40:00,501205011,0,0,31,1,0
11:40:00,501205012,9,0,10,1,0
11:40:00,501205013,12,0,9,1,0
11:40:00,501205014,2,1,21,1,0
11:40:00,501205015,5,2,13,1,0
11:40:00,501205018,3,0,15,1,0
11:40:00,501205019,17,1,11,1,0
11:40:00,501205020,2,0,27,1,0
11:40:00,501205021,4,0,11,1,0
11:40:00,501205022,6,0,9,1,0
11:40:00,501205023,9,0,5,1,0
11:40:00,501205025,6,3,22,1,0
11:40:00,501205026,7,0,12,1,0
11:40:00,501205027,1,0,9,1,0
11:40:00,501205028,1,0,14,1,0
11:40:00,501205029,0,0,10,1,0
11:40:00,501205030,7,0,3,1,0
11:40:00,501205033,7,2,8,1,0
11:40:00,501205034,7,4,20,1,0
11:40:00,501205035,8,1,8,1,0
11:40:00,501205036,5,0,10,1,0
11:40:00,501205037,7,2,9,1,0
11:40:00,501205038,7,0,13,1,0
11:40:00,501205039,8,1,12,1,0
11:40:00,501205040,0,0,25,1,0
11:40:00,501205041,6,1,11,1,0
11:40:00,501205042,9,3,20,1,0
11:40:00,501208011,28,1,8,1,0
11:40:00,501208013,31,0,23,1,0
11:40:00,501208014,24,0,14,1,0
11:40:00,501208015,6,1,9,1,0
11:40:00,501208018,10,2,5,1,0
11:40:00,501208021,13,0,4,1,0
11:40:00,501208027,5,0,24,1,0
11:40:00,501208029,12,0,10,1,0
11:40:00,501208030,23,0,15,1,0
11:40:00,501208032,21,3,7,1,0
11:40:00,501208040,9,3,10,1,0
11:40:00,501208041,7,1,8,1,0
11:40:00,501208045,3,1,29,1,0
11:40:00,501208051,12,0,23,1,0
11:40:00,501208053,14,0,7,1,0
11:40:00,501208054,15,0,12,1,0
11:40:00,501208059,23,7,6,1,0
11:40:00,501208064,7,0,13,1,0
11:40:00,501208077,5,1,5,1,0
11:40:00,501208079,5,0,17,1,0
11:40:00,501208082,5,2,5,1,0
11:40:00,501208085,9,2,8,1,0
11:40:00,501208087,12,0,19,1,0
11:40:00,501208089,16,0,9,1,0
11:40:00,501208091,6,1,37,1,0
11:40:00,501208111,0,0,15,1,0
11:40:00,501208113,8,1,12,1,0
11:40:00,501208114,7,1,13,1,0
11:40:00,501208129,21,1,2,1,0
11:40:00,501208130,4,0,11,1,0
11:40:00,501209002,1,0,19,1,0
11:40:00,501209003,4,1,10,1,0
11:40:00,501209004,3,0,11,1,0
11:40:00,501209005,10,1,8,1,0
11:40:00,501209006,9,1,10,1,0
11:40:00,501209007,2,0,13,1,0
11:40:00,501209009,0,0,0,2,0
11:40:00,501209010,2,0,12,1,0
11:40:00,501209011,0,0,25,1,0
11:40:00,501209014,9,1,3,1,0
11:40:00,501209015,9,0,6,1,0
11:40:00,501209016,11,3,18,1,0
11:40:00,501209017,9,1,4,1,0
11:40:00,501209018,6,0,10,1,0
11:40:00,501209019,2,1,23,1,0
11:40:00,501209020,13,2,18,1,0
11:40:00,501209021,6,1,8,1,0
11:40:00,501209022,1,0,9,1,0
11:40:00,501209023,4,0,37,1,0
11:40:00,501209024,8,0,34,1,0
11:40:00,501209025,1,0,14,1,0
11:40:00,501209026,11,1,15,1,0
11:40:00,501209027,10,1,9,1,0
11:40:00,501209028,1,0,27,1,0
11:40:00,501209030,0,0,18,1,0
11:40:00,501209031,1,1,29,1,0
11:40:00,501209032,7,1,21,1,0
11:40:00,501209033,5,0,15,1,0
11:40:00,501209034,2,0,13,1,0
11:40:00,501209035,9,1,19,1,0
11:40:00,501209036,10,2,19,1,0
11:40:00,501209037,9,1,27,1,0
11:40:00,501209038,4,0,11,1,0
11:40:00,501209039,1,0,29,1,0
11:40:00,501209040,6,0,25,1,0
11:40:00,501209042,2,0,18,1,0
11:40:00,501209043,0,0,24,1,0
11:40:00,501209044,5,1,10,1,0
11:40:00,501209045,8,0,7,1,0
11:40:00,501209046,1,0,21,1,0
11:40:00,501209047,4,1,10,1,0
11:40:00,501209049,9,1,11,1,0
11:40:00,501209050,6,0,7,1,0
11:40:00,501209051,5,1,19,1,0
11:40:00,501209052,13,0,8,1,0
11:40:00,501209053,4,1,16,1,0
11:40:00,501209054,1,0,25,1,0
11:40:00,501209056,10,0,5,1,0
11:40:00,501209058,10,0,6,1,0
11:40:00,501209059,1,0,14,1,0
11:40:00,501209060,5,3,15,1,0
11:40:00,501209062,2,0,13,1,0
11:40:00,501209064,8,0,7,1,0
11:40:00,501209065,3,0,12,1,0
11:40:00,501209066,4,1,10,1,0
11:40:00,501209067,7,1,7,1,0
11:40:00,501209068,4,0,13,1,0
11:40:00,501209069,16,2,47,1,0
11:40:00,501209070,1,1,16,1,0
11:40:00,501209071,7,1,10,1,0
11:40:00,501209073,6,0,9,1,0
11:40:00,501209074,7,0,16,1,0
11:40:00,501209075,10,0,4,1,0
11:40:00,501209076,7,0,16,1,0
11:40:00,501209077,5,1,10,1,0
11:40:00,501209078,6,0,6,1,0
11:40:00,501209079,5,0,20,1,0
11:40:00,501209080,1,0,24,1,0
11:40:00,501209081,10,1,5,1,0
11:40:00,501209084,5,0,18,1,0
11:40:00,501209085,19,1,7,1,0
11:40:00,501209087,17,5,22,1,0
11:40:00,501209088,4,1,11,1,0
11:40:00,501209089,6,0,14,1,0
11:40:00,501209090,4,1,10,1,0
11:40:00,501209091,4,3,12,1,0
11:40:00,501209092,1,0,14,1,0
11:40:00,501209093,7,0,8,1,0
11:40:00,501209094,8,0,8,1,0
11:40:00,501209095,7,5,7,1,0
11:40:00,501209096,7,0,7,1,0
11:40:00,501209097,4,0,11,1,0
11:40:00,501209098,1,0,14,1,0
11:40:00,501209099,8,1,12,1,0
11:40:00,501209100,11,0,2,1,0
11:40:00,501209101,3,0,11,1,0
11:40:00,501209102,2,1,18,1,0
11:40:00,501209104,4,1,15,1,0
11:40:00,501209105,12,0,13,1,0
11:40:00,501209106,3,1,17,1,0
11:40:00,501211001,19,1,17,1,0
11:40:00,501211002,6,2,9,1,0
11:40:00,501211004,4,0,11,1,0
11:40:00,501211005,2,0,17,1,0
11:40:00,501211006,3,0,13,1,0
11:40:00,501211007,2,0,17,1,0
11:40:00,501211009,9,0,9,1,0
11:40:00,501211011,12,2,18,1,0
11:40:00,501211012,11,1,7,1,0
11:50:00,501201001,0,0,0,2,0
11:50:00,501201002,21,0,19,1,0
11:50:00,501201003,4,2,19,1,0
11:50:00,501201004,6,0,8,1,0
11:50:00,501201005,4,0,15,1,0
11:50:00,501201006,2,0,26,1,0
11:50:00,501201007,8,0,11,1,0
11:50:00,501201008,2,0,23,1,0
11:50:00,501201010,1,0,9,1,0
11:50:00,501201011,10,0,11,1,0
11:50:00,501201012,6,1,34,1,0
11:50:00,501201013,7,1,15,1,0
11:50:00,501201014,4,0,15,1,0
11:50:00,501201015,2,1,23,1,0
11:50:00,501201016,13,0,12,1,0
11:50:00,501201017,7,0,20,1,0
11:50:00,501201018,5,0,19,1,0
11:50:00,501201019,5,1,23,1,0
11:50:00,501201020,9,0,15,1,0
11:50:00,501201021,14,0,1,1,0
11:50:00,501201022,5,0,11,1,0
11:50:00,501201023,1,0,27,1,0
11:50:00,501201024,6,0,18,1,0
11:50:00,501201025,6,0,18,1,0
11:50:00,501201026,9,0,10,1,0
11:50:00,501201028,11,3,9,1,0
11:50:00,501201029,9,1,4,1,0
11:50:00,501201030,12,2,2,1,0
11:50:00,501201031,5,0,12,1,0
11:50:00,501202001,13,1,1,1,0
11:50:00,501202003,3,1,37,1,0
11:50:00,501202013,11,0,6,1,0
11:50:00,501202023,1,0,12,1,0
11:50:00,501202024,15,0,0,1,0
11:50:00,501202034,2,1,14,1,0
11:50:00,501202035,21,0,9,1,0
11:50:00,501202036,33,0,5,1,0
11:50:00,501202040,5,1,40,1,0
11:50:00,501202043,8,0,17,1,0
11:50:00,501202044,0,0,0,2,0
11:50:00,501202047,1,0,20,1,0
11:50:00,501202050,6,0,10,1,0
11:50:00,501202055,9,1,6,1,0
11:50:00,501202058,8,0,7,1,0
11:50:00,501202065,14,3,0,1,0
11:50:00,501202068,1,0,17,1,0
11:50:00,501202070,16,2,0,1,0
11:50:00,501202078,6,0,19,1,0
11:50:00,501202080,11,1,15,1,0
11:50:00,501202081,12,0,11,1,0
11:50:00,501202082,0,0,22,1,0
11:50:00,501202083,9,2,14,1,0
11:50:00,501202084,6,0,18,1,0
11:50:00,501202085,1,0,34,1,0
11:50:00,501202088,12,0,18,1,0
11:50:00,501202089,1,0,28,1,0
11:50:00,501202096,2,0,13,1,0
11:50:00,501203001,7,0,13,1,0
11:50:00,501203002,8,0,14,1,0
11:50:00,501203003,6,0,88,1,0
11:50:00,501203005,4,0,16,1,0
11:50:00,501203006,9,3,6,1,0
11:50:00,501203007,7,0,8,1,0
11:50:00,501203008,5,1,11,1,0
11:50:00,501203010,11,0,22,1,0
11:50:00,501203011,15,3,22,1,0
11:50:00,501203012,12,2,5,1,0
11:50:00,501203013,2,0,22,1,0
11:50:00,501203015,4,0,8,1,0
11:50:00,501203020,4,0,16,1,0
11:50:00,501203022,8,0,11,1,0
11:50:00,501203023,8,0,10,1,0
11:50:00,501203028,4,0,21,1,0
11:50:00,501203040,9,0,13,1,0
11:50:00,501203045,11,0,7,1,0
11:50:00,501203050,8,0,52,1,0
11:50:00,501203051,1,0,23,1,0
11:50:00,501203053,11,0,15,1,0
11:50:00,501203054,6,1,16,1,0
11:50:00,501203064,13,1,3,1,0
11:50:00,501203065,2,0,14,1,0
11:50:00,501203070,4,0,11,1,0
11:50:00,501203073,6,0,18,1,0
11:50:00,501203076,4,1,12,1,0
11:50:00,501203078,7,0,9,1,0
11:50:00,501203080,4,0,11,1,0
11:50:00,501203084,0,0,10,1,0
11:50:00,501203085,4,0,6,1,0
11:50:00,501203088,11,3,3,1,0
11:50:00,501203089,1,1,11,1,0
11:50:00,501203090,5,1,4,1,0
11:50:00,501203091,5,0,8,1,0
11:50:00,501203092,0,0,20,1,0
11:50:00,501203100,5,1,14,1,0
11:50:00,501203101,0,0,0,2,0
11:50:00,501203102,3,3,16,1,0
11:50:00,501203104,16,1,3,1,0
11:50:00,501203105,1,0,10,1,0
11:50:00,501203107,0,0,0,2,0
11:50:00,501203109,13,0,13,1,0
11:50:00,501203110,8,1,33,1,0
11:50:00,501203111,6,0,5,1,0
11:50:00,501203113,5,0,13,1,0
11:50:00,501203114,16,0,34,1,0
11:50:00,501203117,0,0,0,2,0
11:50:00,501203118,8,0,12,1,0
11:50:00,501203121,4,1,20,1,0
11:50:00,501203122,7,0,13,1,0
11:50:00,501203125,0,0,25,1,0
11:50:00,501203131,1,1,19,1,0
11:50:00,501203140,19,6,23,1,0
11:50:00,501203141,5,1,11,1,0
11:50:00,501203142,6,0,69,1,0
11:50:00,501203145,7,0,8,1,0
11:50:00,501203151,6,0,12,1,0
11:50:00,501203155,11,2,8,1,0
11:50:00,501203157,4,0,13,1,0
11:50:00,501203159,2,2,18,1,0
11:50:00,501203161,5,0,13,1,0
11:50:00,501203162,10,0,11,1,0
11:50:00,501203163,9,0,7,1,0
11:50:00,501204001,5,3,20,1,0
11:50:00,501204002,8,0,28,1,0
11:50:00,501204003,3,0,41,1,0
11:50:00,501204004,9,1,5,1,0
11:50:00,501204005,8,0,12,1,0
11:50:00,501204007,5,0,31,1,0
11:50:00,501204008,9,3,6,1,0
11:50:00,501204009,0,0,0,2,0
11:50:00,501204010,0,0,0,2,0
11:50:00,501204011,4,1,11,1,0
11:50:00,501204012,10,0,4,1,0
11:50:00,501204013,1,0,13,1,0
11:50:00,501204014,7,0,9,1,0
11:50:00,501204015,11,0,4,1,0
11:50:00,501204016,3,0,17,1,0
11:50:00,501204017,7,0,8,1,0
11:50:00,501204018,5,0,19,1,0
11:50:00,501204020,3,0,16,1,0
11:50:00,501204021,6,2,14,1,0
11:50:00,501204022,0,0,16,1,0
11:50:00,501204023,3,1,12,1,0
11:50:00,501204024,0,0,0,2,0
11:50:00,501204025,6,0,13,1,0
11:50:00,501205001,15,1,2,1,0
11:50:00,501205003,2,1,17,1,0
11:50:00,501205004,4,0,12,1,0
11:50:00,501205005,15,2,7,1,0
11:50:00,501205006,9,1,11,1,0
11:50:00,501205007,3,1,9,1,0
11:50:00,501205008,14,1,12,1,0
11:50:00,501205009,11,0,34,1,0
11:50:00,501205010,5,0,9,1,0
11:50:00,501205011,0,0,31,1,0
11:50:00,501205012,13,1,6,1,0
11:50:00,501205013,12,0,9,1,0
11:50:00,501205014,2,2,21,1,0
11:50:00,501205015,5,2,13,1,0
11:50:00,501205018,3,0,15,1,0
11:50:00,501205019,17,0,11,1,0
11:50:00,501205020,1,0,28,1,0
11:50:00,501205021,4,0,11,1,0
11:50:00,501205022,8,0,7,1,0
11:50:00,501205023,8,0,6,1,0
11:50:00,501205025,6,3,22,1,0
11:50:00,501205026,6,0,13,1,0
11:50:00,501205027,0,0,10,1,0
11:50:00,501205028,2,0,13,1,0
11:50:00,501205029,0,0,10,1,0
11:50:00,501205030,7,0,3,1,0
11:50:00,501205033,8,1,7,1,0
11:50:00,501205034,7,4,20,1,0
11:50:00,501205035,7,1,9,1,0
11:50:00,501205036,5,0,10,1,0
11:50:00,501205037,8,2,8,1,0
11:50:00,501205038,7,0,13,1,0
11:50:00,501205039,9,1,11,1,0
11:50:00,501205040,0,0,25,1,0
11:50:00,501205041,5,0,12,1,0
11:50:00,501205042,9,3,20,1,0
11:50:00,501208011,30,1,6,1,0
11:50:00,501208013,31,0,23,1,0
11:50:00,501208014,24,0,14,1,0
11:50:00,501208015,4,1,11,1,0
11:50:00,501208018,8,2,7,1,0
11:50:00,501208021,13,0,4,1,0
11:50:00,501208027,8,2,21,1,0
11:50:00,501208029,12,0,10,1,0
11:50:00,501208030,23,0,15,1,0
11:50:00,501208032,22,3,6,1,0
11:50:00,501208040,9,3,10,1,0
11:50:00,501208041,9,2,6,1,0
11:50:00,501208045,3,1,29,1,0
11:50:00,501208051,14,1,21,1,0
11:50:00,501208053,12,0,9,1,0
11:50:00,501208054,16,0,11,1,0
11:50:00,501208059,24,7,5,1,0
11:50:00,501208064,7,0,13,1,0
11:50:00,501208077,5,1,5,1,0
11:50:00,501208079,5,0,17,1,0
11:50:00,501208082,7,2,3,1,0
11:50:00,501208085,9,1,8,1,0
11:50:00,501208087,11,0,20,1,0
11:50:00,501208089,15,0,10,1,0
11:50:00,501208091,7,1,36,1,0
11:50:00,501208111,0,0,15,1,0
11:50:00,501208113,8,1,12,1,0
11:50:00,501208114,7,1,13,1,0
11:50:00,501208129,20,1,3,1,0
11:50:00,501208130,4,0,11,1,0
11:50:00,501209002,1,0,19,1,0
11:50:00,501209003,5,1,9,1,0
11:50:00,501209004,4,0,10,1,0
11:50:00,501209005,10,1,8,1,0
11:50:00,501209006,9,1,10,1,0
11:50:00,501209007,3,0,12,1,0
11:50:00,501209009,0,0,0,2,0
11:50:00,501209010,1,0,13,1,0
11:50:00,501209011,1,0,24,1,0
11:50:00,501209014,9,1,3,1,0
11:50:00,501209015,8,0,7,1,0
11:50:00,501209016,11,3,18,1,0
11:50:00,501209017,10,1,3,1,0
11:50:00,501209018,6,0,10,1,0
11:50:00,501209019,2,1,23,1,0
11:50:00,501209020,14,2,17,1,0
11:50:00,501209021,6,1,8,1,0
11:50:00,501209022,0,0,10,1,0
11:50:00,501209023,8,1,33,1,0
11:50:00,501209024,8,0,34,1,0
11:50:00,501209025,1,0,14,1,0
11:50:00,501209026,11,1,15,1,0
11:50:00,501209027,11,1,8,1,0
11:50:00,501209028,1,0,27,1,0
11:50:00,501209030,1,1,17,1,0
11:50:00,501209031,1,1,29,1,0
11:50:00,501209032,7,1,21,1,0
11:50:00,501209033,5,0,15,1,0
11:50:00,501209034,2,0,13,1,0
11:50:00,501209035,14,3,14,1,0
11:50:00,501209036,15,2,14,1,0
11:50:00,501209037,9,1,27,1,0
11:50:00,501209038,3,0,12,1,0
11:50:00,501209039,2,0,28,1,0
11:50:00,501209040,6,0,25,1,0
11:50:00,501209042,2,0,18,1,0
11:50:00,501209043,1,1,23,1,0
11:50:00,501209044,5,1,10,1,0
11:50:00,501209045,9,0,6,1,0
11:50:00,501209046,0,0,22,1,0
11:50:00,501209047,4,1,10,1,0
11:50:00,501209049,6,0,14,1,0
11:50:00,501209050,5,0,8,1,0
11:50:00,501209051,4,1,20,1,0
11:50:00,501209052,11,0,10,1,0
11:50:00,501209053,5,1,15,1,0
11:50:00,501209054,0,0,27,1,0
11:50:00,501209056,9,0,6,1,0
11:50:00,501209058,11,0,5,1,0
11:50:00,501209059,0,0,15,1,0
11:50:00,501209060,5,3,15,1,0
11:50:00,501209062,2,0,13,1,0
11:50:00,501209064,8,0,7,1,0
11:50:00,501209065,3,0,12,1,0
11:50:00,501209066,3,0,11,1,0
11:50:00,501209067,7,1,7,1,0
11:50:00,501209068,4,0,13,1,0
11:50:00,501209069,16,2,47,1,0
11:50:00,501209070,1,1,16,1,0
11:50:00,501209071,7,1,10,1,0
11:50:00,501209073,7,1,8,1,0
11:50:00,501209074,8,0,15,1,0
11:50:00,501209075,11,0,3,1,0
11:50:00,501209076,7,0,16,1,0
11:50:00,501209077,5,1,10,1,0
11:50:00,501209078,6,0,6,1,0
11:50:00,501209079,5,0,20,1,0
11:50:00,501209080,1,0,24,1,0
11:50:00,501209081,10,1,5,1,0
11:50:00,501209084,5,0,18,1,0
11:50:00,501209085,19,1,7,1,0
11:50:00,501209087,15,4,24,1,0
11:50:00,501209088,4,1,11,1,0
11:50:00,501209089,5,0,15,1,0
11:50:00,501209090,4,0,10,1,0
11:50:00,501209091,3,2,13,1,0
11:50:00,501209092,2,0,13,1,0
11:50:00,501209093,6,0,9,1,0
11:50:00,501209094,9,0,7,1,0
11:50:00,501209095,7,5,7,1,0
11:50:00,501209096,7,0,7,1,0
11:50:00,501209097,4,0,11,1,0
11:50:00,501209098,1,0,14,1,0
11:50:00,501209099,8,1,12,1,0
11:50:00,501209100,12,0,1,1,0
11:50:00,501209101,3,0,11,1,0
11:50:00,501209102,0,0,20,1,0
11:50:00,501209104,4,1,15,1,0
11:50:00,501209105,13,0,12,1,0
11:50:00,501209106,3,1,17,1,0
11:50:00,501211001,19,1,17,1,0
11:50:00,501211002,6,2,9,1,0
11:50:00,501211004,4,0,11,1,0
11:50:00,501211005,2,0,17,1,0
11:50:00,501211006,3,0,13,1,0
11:50:00,501211007,2,0,17,1,0
11:50:00,501211009,9,0,9,1,0
11:50:00,501211011,12,2,18,1,0
11:50:00,501211012,11,1,7,1,0
12:00:00,501201001,0,0,0,2,0
12:00:00,501201002,21,0,19,1,0
12:00:00,501201003,5,2,18,1,0
12:00:00,501201004,9,0,5,1,0
12:00:00,501201005,3,0,16,1,0
12:00:00,501201006,3,0,25,1,0
12:00:00,501201007,9,1,10,1,0
12:00:00,501201008,2,0,23,1,0
12:00:00,501201010,1,0,9,1,0
12:00:00,501201011,10,0,11,1,0
12:00:00,501201012,6,1,34,1,0
12:00:00,501201013,8,1,14,1,0
12:00:00,501201014,3,0,16,1,0
12:00:00,501201015,0,0,25,1,0
12:00:00,501201016,11,0,14,1,0
12:00:00,501201017,7,0,20,1,0
12:00:00,501201018,3,0,21,1,0
12:00:00,501201019,5,1,23,1,0
12:00:00,501201020,9,0,15,1,0
12:00:00,501201021,14,0,1,1,0
12:00:00,501201022,6,0,10,1,0
12:00:00,501201023,1,0,27,1,0
12:00:00,501201024,3,0,21,1,0
12:00:00,501201025,8,0,16,1,0
12:00:00,501201026,10,1,9,1,0
12:00:00,501201028,11,3,9,1,0
12:00:00,501201029,10,1,3,1,0
12:00:00,501201030,13,3,1,1,0
12:00:00,501201031,6,0,11,1,0
12:00:00,501202001,12,1,2,1,0
12:00:00,501202003,4,0,36,1,0
12:00:00,501202013,11,0,6,1,0
12:00:00,501202023,2,0,11,1,0
12:00:00,501202024,15,0,0,1,0
12:00:00,501202034,2,2,14,1,0
12:00:00,501202035,22,0,8,1,0
12:00:00,501202036,32,0,6,1,0
12:00:00,501202040,5,1,40,1,0
12:00:00,501202043,7,0,18,1,0
12:00:00,501202044,0,0,0,2,0
12:00:00,501202047,2,0,19,1,0
12:00:00,501202050,5,0,11,1,0
12:00:00,501202055,8,0,7,1,0
12:00:00,501202058,7,0,8,1,0
12:00:00,501202065,14,4,0,1,0
12:00:00,501202068,1,0,17,1,0
12:00:00,501202070,16,2,0,1,0
12:00:00,501202078,5,0,20,1,0
12:00:00,501202080,12,2,14,1,0
12:00:00,501202081,13,0,10,1,0
12:00:00,501202082,0,0,22,1,0
12:00:00,501202083,8,1,15,1,0
12:00:00,501202084,6,1,18,1,0
12:00:00,501202085,1,0,34,1,0
12:00:00,501202088,12,0,18,1,0
12:00:00,501202089,1,0,28,1,0
12:00:00,501202096,2,0,13,1,0
12:00:00,501203001,9,0,11,1,0
12:00:00,501203002,8,0,14,1,0
12:00:00,501203003,6,0,88,1,0
12:00:00,501203005,4,0,16,1,0
12:00:00,501203006,9,3,6,1,0
12:00:00,501203007,7,0,8,1,0
12:00:00,501203008,5,1,11,1,0
12:00:00,501203010,12,0,21,1,0
12:00:00,501203011,16,3,21,1,0
12:00:00,501203012,12,2,5,1,0
12:00:00,501203013,2,0,22,1,0
12:00:00,501203015,4,0,8,1,0
12:00:00,501203020,5,0,15,1,0
12:00:00,501203022,7,0,12,1,0
12:00:00,501203023,7,0,11,1,0
12:00:00,501203028,5,1,20,1,0
12:00:00,501203040,10,1,12,1,0
12:00:00,501203045,11,0,7,1,0
12:00:00,501203050,11,0,49,1,0
12:00:00,501203051,2,0,22,1,0
12:00:00,501203053,10,0,16,1,0
12:00:00,501203054,5,0,17,1,0
12:00:00,501203064,14,1,2,1,0
12:00:00,501203065,2,0,14,1,0
12:00:00,501203070,4,0,11,1,0
12:00:00,501203073,6,0,18,1,0
12:00:00,501203076,4,1,12,1,0
12:00:00,501203078,8,0,8,1,0
12:00:00,501203080,4,0,11,1,0
12:00:00,501203084,0,0,10,1,0
12:00:00,501203085,4,0,6,1,0
12:00:00,501203088,12,4,2,1,0
12:00:00,501203089,1,1,11,1,0
12:00:00,501203090,5,1,4,1,0
12:00:00,501203091,5,0,8,1,0
12:00:00,501203092,0,0,20,1,0
12:00:00,501203100,4,1,15,1,0
12:00:00,501203101,0,0,0,2,0
12:00:00,501203102,3,2,16,1,0
12:00:00,501203104,16,1,3,1,0
12:00:00,501203105,1,0,10,1,0
12:00:00,501203107,0,0,0,2,0
12:00:00,501203109,14,1,12,1,0
12:00:00,501203110,9,2,32,1,0
12:00:00,501203111,5,0,6,1,0
12:00:00,501203113,5,0,13,1,0
12:00:00,501203114,10,0,40,1,0
12:00:00,501203117,0,0,0,2,0
12:00:00,501203118,7,0,13,1,0
12:00:00,501203121,3,1,21,1,0
12:00:00,501203122,8,0,12,1,0
12:00:00,501203125,1,0,24,1,0
12:00:00,501203131,1,1,19,1,0
12:00:00,501203140,21,5,21,1,0
12:00:00,501203141,5,1,11,1,0
12:00:00,501203142,7,0,68,1,0
12:00:00,501203145,7,0,8,1,0
12:00:00,501203151,4,0,14,1,0
12:00:00,501203155,11,1,8,1,0
12:00:00,501203157,4,0,13,1,0
12:00:00,501203159,1,1,19,1,0
12:00:00,501203161,5,0,13,1,0
12:00:00,501203162,8,0,13,1,0
12:00:00,501203163,9,0,7,1,0
12:00:00,501204001,6,3,19,1,0
12:00:00,501204002,9,0,27,1,0
12:00:00,501204003,6,2,38,1,0
12:00:00,501204004,10,2,4,1,0
12:00:00,501204005,8,0,12,1,0
12:00:00,501204007,5,0,31,1,0
12:00:00,501204008,8,3,7,1,0
12:00:00,501204009,0,0,0,2,0
12:00:00,501204010,0,0,0,2,0
12:00:00,501204011,6,1,9,1,0
12:00:00,501204012,10,0,4,1,0
12:00:00,501204013,2,1,12,1,0
12:00:00,501204014,7,0,9,1,0
12:00:00,501204015,11,0,4,1,0
12:00:00,501204016,3,0,17,1,0
12:00:00,501204017,8,1,7,1,0
12:00:00,501204018,4,0,20,1,0
12:00:00,501204020,2,0,17,1,0
12:00:00,501204021,5,0,15,1,0
12:00:00,501204022,0,0,16,1,0
12:00:00,501204023,3,1,12,1,0
12:00:00,501204024,0,0,0,2,0
12:00:00,501204025,6,0,13,1,0
12:00:00,501205001,16,2,1,1,0
12:00:00,501205003,1,1,18,1,0
12:00:00,501205004,2,0,14,1,0
12:00:00,501205005,15,2,7,1,0
12:00:00,501205006,10,1,10,1,0
12:00:00,501205007,5,2,7,1,0
12:00:00,501205008,14,2,12,1,0
12:00:00,501205009,12,0,33,1,0
12:00:00,501205010,6,0,8,1,0
12:00:00,501205011,0,0,31,1,0
12:00:00,501205012,12,0,7,1,0
12:00:00,501205013,12,0,9,1,0
12:00:00,501205014,1,1,22,1,0
12:00:00,501205015,5,2,13,1,0
12:00:00,501205018,2,0,16,1,0
12:00:00,501205019,17,0,11,1,0
12:00:00,501205020,1,0,28,1,0
12:00:00,501205021,2,0,13,1,0
12:00:00,501205022,8,0,7,1,0
12:00:00,501205023,8,0,6,1,0
12:00:00,501205025,7,2,21,1,0
12:00:00,501205026,5,0,14,1,0
12:00:00,501205027,0,0,10,1,0
12:00:00,501205028,0,0,15,1,0
12:00:00,501205029,0,0,10,1,0
12:00:00,501205030,8,1,2,1,0
12:00:00,501205033,8,1,7,1,0
12:00:00,501205034,9,4,18,1,0
12:00:00,501205035,7,1,9,1,0
12:00:00,501205036,5,0,10,1,0
12:00:00,501205037,8,2,8,1,0
12:00:00,501205038,6,0,14,1,0
12:00:00,501205039,10,2,10,1,0
12:00:00,501205040,0,0,25,1,0
12:00:00,501205041,5,0,12,1,0
12:00:00,501205042,8,2,21,1,0
12:00:00,501208011,28,0,8,1,0
12:00:00,501208013,29,0,25,1,0
12:00:00,501208014,23,1,15,1,0
12:00:00,501208015,5,0,10,1,0
12:00:00,501208018,7,1,8,1,0
12:00:00,501208021,13,0,4,1,0
12:00:00,501208027,8,1,21,1,0
12:00:00,501208029,12,0,10,1,0
12:00:00,501208030,23,0,15,1,0
12:00:00,501208032,22,3,6,1,0
12:00:00,501208040,9,3,10,1,0
12:00:00,501208041,9,2,6,1,0
12:00:00,501208045,3,0,29,1,0
12:00:00,501208051,12,0,23,1,0
12:00:00,501208053,9,0,12,1,0
12:00:00,501208054,19,3,8,1,0
12:00:00,501208059,24,7,5,1,0
12:00:00,501208064,7,0,13,1,0
12:00:00,501208077,4,1,6,1,0
12:00:00,501208079,4,0,18,1,0
12:00:00,501208082,9,2,1,1,0
12:00:00,501208085,9,1,8,1,0
12:00:00,501208087,11,0,20,1,0
12:00:00,501208089,16,0,9,1,0
12:00:00,501208091,7,1,36,1,0
12:00:00,501208111,0,0,15,1,0
12:00:00,501208113,8,1,12,1,0
12:00:00,501208114,7,1,13,1,0
12:00:00,501208129,16,0,7,1,0
12:00:00,501208130,4,0,11,1,0
12:00:00,501209002,2,0,18,1,0
12:00:00,501209003,6,0,8,1,0
12:00:00,501209004,3,0,11,1,0
12:00:00,501209005,10,1,8,1,0
12:00:00,501209006,9,1,10,1,0
12:00:00,501209007,1,0,14,1,0
12:00:00,501209009,0,0,0,2,0
12:00:00,501209010,0,0,14,1,0
12:00:00,501209011,1,1,24,1,0
12:00:00,501209014,10,1,2,1,0
12:00:00,501209015,7,0,8,1,0
12:00:00,501209016,14,3,15,1,0
12:00:00,501209017,10,1,3,1,0
12:00:00,501209018,6,0,10,1,0
12:00:00,501209019,3,1,22,1,0
12:00:00,501209020,14,2,17,1,0
12:00:00,501209021,5,1,9,1,0
12:00:00,501209022,0,0,10,1,0
12:00:00,501209023,5,0,36,1,0
12:00:00,501209024,8,0,34,1,0
12:00:00,501209025,1,0,14,1,0
12:00:00,501209026,14,2,12,1,0
12:00:00,501209027,11,1,8,1,0
12:00:00,501209028,1,0,27,1,0
12:00:00,501209030,1,1,17,1,0
12:00:00,501209031,1,0,29,1,0
12:00:00,501209032,7,1,21,1,0
12:00:00,501209033,5,0,15,1,0
12:00:00,501209034,0,0,15,1,0
12:00:00,501209035,14,2,14,1,0
12:00:00,501209036,13,1,16,1,0
12:00:00,501209037,9,1,27,1,0
12:00:00,501209038,3,0,12,1,0
12:00:00,501209039,1,0,29,1,0
12:00:00,501209040,6,0,25,1,0
12:00:00,501209042,4,0,16,1,0
12:00:00,501209043,0,0,24,1,0
12:00:00,501209044,5,1,10,1,0
12:00:00,501209045,9,1,6,1,0
12:00:00,501209046,0,0,22,1,0
12:00:00,501209047,3,1,11,1,0
12:00:00,501209049,11,1,9,1,0
12:00:00,501209050,5,0,8,1,0
12:00:00,501209051,2,1,22,1,0
12:00:00,501209052,11,1,11,1,0
12:00:00,501209053,5,1,15,1,0
12:00:00,501209054,0,0,27,1,0
12:00:00,501209056,9,0,6,1,0
12:00:00,501209058,13,0,3,1,0
12:00:00,501209059,1,1,14,1,0
12:00:00,501209060,6,2,14,1,0
12:00:00,501209062,1,0,14,1,0
12:00:00,501209064,8,0,7,1,0
12:00:00,501209065,3,0,12,1,0
12:00:00,501209066,2,0,12,1,0
12:00:00,501209067,6,1,8,1,0
12:00:00,501209068,4,0,13,1,0
12:00:00,501209069,13,1,50,1,0
12:00:00,501209070,1,1,16,1,0
12:00:00,501209071,7,1,10,1,0
12:00:00,501209073,8,2,7,1,0
12:00:00,501209074,8,0,15,1,0
12:00:00,501209075,11,0,3,1,0
12:00:00,501209076,7,0,16,1,0
12:00:00,501209077,5,1,10,1,0
12:00:00,501209078,7,0,5,1,0
12:00:00,501209079,5,0,20,1,0
12:00:00,501209080,1,0,24,1,0
12:00:00,501209081,10,1,5,1,0
12:00:00,501209084,5,0,18,1,0
12:00:00,501209085,20,1,5,1,0
12:00:00,501209087,13,3,26,1,0
12:00:00,501209088,4,1,11,1,0
12:00:00,501209089,5,0,15,1,0
12:00:00,501209090,5,0,9,1,0
12:00:00,501209091,8,6,8,1,0
12:00:00,501209092,2,0,13,1,0
12:00:00,501209093,6,0,9,1,0
12:00:00,501209094,9,0,7,1,0
12:00:00,501209095,8,5,6,1,0
12:00:00,501209096,8,1,6,1,0
12:00:00,501209097,4,0,11,1,0
12:00:00,501209098,0,0,15,1,0
12:00:00,501209099,7,0,13,1,0
12:00:00,501209100,12,0,1,1,0
12:00:00,501209101,3,0,11,1,0
12:00:00,501209102,1,0,19,1,0
12:00:00,501209104,5,1,14,1,0
12:00:00,501209105,13,0,12,1,0
12:00:00,501209106,2,1,18,1,0
12:00:00,501211001,18,1,18,1,0
12:00:00,501211002,6,2,9,1,0
12:00:00,501211004,5,1,10,1,0
12:00:00,501211005,2,0,17,1,0
12:00:00,501211006,3,0,13,1,0
12:00:00,501211007,2,0,17,1,0
12:00:00,501211009,9,0,9,1,0
12:00:00,501211011,11,1,19,1,0
12:00:00,501211012,11,1,7,1,0
12:10:00,501201001,0,0,0,2,0
12:10:00,501201002,20,0,20,1,0
12:10:00,501201003,2,0,21,1,0
12:10:00,501201004,10,0,4,1,0
12:10:00,501201005,5,0,14,1,0
12:10:00,501201006,4,0,24,1,0
12:10:00,501201007,9,0,10,1,0
12:10:00,501201008,3,0,22,1,0
12:10:00,501201010,0,0,10,1,0
12:10:00,501201011,6,0,15,1,0
12:10:00,501201012,8,1,32,1,0
12:10:00,501201013,8,1,14,1,0
12:10:00,501201014,1,0,18,1,0
12:10:00,501201015,2,0,23,1,0
12:10:00,501201016,11,0,14,1,0
12:10:00,501201017,7,0,20,1,0
12:10:00,501201018,3,0,21,1,0
12:10:00,501201019,6,1,22,1,0
12:10:00,501201020,9,0,15,1,0
12:10:00,501201021,14,0,1,1,0
12:10:00,501201022,5,0,11,1,0
12:10:00,501201023,2,0,26,1,0
12:10:00,501201024,1,0,23,1,0
12:10:00,501201025,8,0,16,1,0
12:10:00,501201026,10,1,9,1,0
12:10:00,501201028,10,2,10,1,0
12:10:00,501201029,10,1,3,1,0
12:10:00,501201030,13,4,1,1,0
12:10:00,501201031,7,0,10,1,0
12:10:00,501202001,8,0,6,1,0
12:10:00,501202003,7,0,33,1,0
12:10:00,501202013,0,0,17,1,0
12:10:00,501202023,2,0,11,1,0
12:10:00,501202024,13,0,2,1,0
12:10:00,501202034,3,1,13,1,0
12:10:00,501202035,22,0,8,1,0
12:10:00,501202036,32,2,6,1,0
12:10:00,501202040,5,0,40,1,0
12:10:00,501202043,7,0,18,1,0
12:10:00,501202044,0,0,0,2,0
12:10:00,501202047,2,0,19,1,0
12:10:00,501202050,5,0,11,1,0
12:10:00,501202055,6,0,9,1,0
12:10:00,501202058,5,0,10,1,0
12:10:00,501202065,14,4,0,1,0
12:10:00,501202068,0,0,18,1,0
12:10:00,501202070,14,1,2,1,0
12:10:00,501202078,5,0,20,1,0
12:10:00,501202080,12,2,14,1,0
12:10:00,501202081,13,0,10,1,0
12:10:00,501202082,0,0,22,1,0
12:10:00,501202083,9,2,14,1,0
12:10:00,501202084,9,2,15,1,0
12:10:00,501202085,1,0,34,1,0
12:10:00,501202088,12,0,18,1,0
12:10:00,501202089,1,0,28,1,0
12:10:00,501202096,2,0,13,1,0
12:10:00,501203001,6,0,14,1,0
12:10:00,501203002,8,0,14,1,0
12:10:00,501203003,6,0,88,1,0
12:10:00,501203005,3,0,17,1,0
12:10:00,501203006,9,3,6,1,0
12:10:00,501203007,7,0,8,1,0
12:10:00,501203008,5,1,11,1,0
12:10:00,501203010,13,0,20,1,0
12:10:00,501203011,17,3,20,1,0
12:10:00,501203012,11,1,6,1,0
12:10:00,501203013,4,0,20,1,0
12:10:00,501203015,5,0,7,1,0
12:10:00,501203020,3,0,17,1,0
12:10:00,501203022,7,0,12,1,0
12:10:00,501203023,7,0,11,1,0
12:10:00,501203028,6,2,19,1,0
12:10:00,501203040,9,1,13,1,0
12:10:00,501203045,11,0,7,1,0
12:10:00,501203050,15,1,45,1,0
12:10:00,501203051,2,0,22,1,0
12:10:00,501203053,9,0,17,1,0
12:10:00,501203054,5,0,17,1,0
12:10:00,501203064,14,0,2,1,0
12:10:00,501203065,1,0,15,1,0
12:10:00,501203070,4,0,11,1,0
12:10:00,501203073,6,0,18,1,0
12:10:00,501203076,5,2,11,1,0
12:10:00,501203078,8,0,8,1,0
12:10:00,501203080,5,0,10,1,0
12:10:00,501203084,1,0,9,1,0
12:10:00,501203085,4,0,6,1,0
12:10:00,501203088,12,4,2,1,0
12:10:00,501203089,1,1,11,1,0
12:10:00,501203090,5,1,4,1,0
12:10:00,501203091,5,0,8,1,0
12:10:00,501203092,0,0,20,1,0
12:10:00,501203100,4,1,15,1,0
12:10:00,501203101,0,0,0,2,0
12:10:00,501203102,3,2,16,1,0
12:10:00,501203104,16,1,3,1,0
12:10:00,501203105,1,0,10,1,0
12:10:00,501203107,0,0,0,2,0
12:10:00,501203109,14,1,12,1,0
12:10:00,501203110,9,2,32,1,0
12:10:00,501203111,5,0,6,1,0
12:10:00,501203113,4,0,14,1,0
12:10:00,501203114,7,1,43,1,0
12:10:00,501203117,0,0,0,2,0
12:10:00,501203118,7,0,13,1,0
12:10:00,501203121,3,1,21,1,0
12:10:00,501203122,8,0,12,1,0
12:10:00,501203125,1,0,24,1,0
12:10:00,501203131,3,1,17,1,0
12:10:00,501203140,20,4,22,1,0
12:10:00,501203141,6,1,10,1,0
12:10:00,501203142,7,0,68,1,0
12:10:00,501203145,7,0,8,1,0
12:10:00,501203151,1,0,17,1,0
12:10:00,501203155,12,1,7,1,0
12:10:00,501203157,4,0,13,1,0
12:10:00,501203159,1,1,19,1,0
12:10:00,501203161,5,0,13,1,0
12:10:00,501203162,6,0,15,1,0
12:10:00,501203163,9,0,7,1,0
12:10:00,501204001,7,3,18,1,0
12:10:00,501204002,8,0,28,1,0
12:10:00,501204003,8,0,36,1,0
12:10:00,501204004,12,3,2,1,0
12:10:00,501204005,8,0,12,1,0
12:10:00,501204007,5,0,31,1,0
12:10:00,501204008,7,2,8,1,0
12:10:00,501204009,0,0,0,2,0
12:10:00,501204010,0,0,0,2,0
12:10:00,501204011,6,1,9,1,0
12:10:00,501204012,14,1,0,1,0
12:10:00,501204013,2,1,12,1,0
12:10:00,501204014,7,0,9,1,0
12:10:00,501204015,11,0,4,1,0
12:10:00,501204016,3,0,17,1,0
12:10:00,501204017,8,1,7,1,0
12:10:00,501204018,4,0,20,1,0
12:10:00,501204020,0,0,19,1,0
12:10:00,501204021,5,0,15,1,0
12:10:00,501204022,0,0,16,1,0
12:10:00,501204023,3,1,12,1,0
12:10:00,501204024,0,0,0,2,0
12:10:00,501204025,6,0,13,1,0
12:10:00,501205001,16,2,1,1,0
12:10:00,501205003,2,1,17,1,0
12:10:00,501205004,3,0,13,1,0
12:10:00,501205005,13,0,9,1,0
12:10:00,501205006,13,1,7,1,0
12:10:00,501205007,7,2,5,1,0
12:10:00,501205008,14,2,12,1,0
12:10:00,501205009,12,0,33,1,0
12:10:00,501205010,9,1,5,1,0
12:10:00,501205011,0,0,31,1,0
12:10:00,501205012,14,0,5,1,0
12:10:00,501205013,11,0,10,1,0
12:10:00,501205014,1,1,22,1,0
12:10:00,501205015,7,2,11,1,0
12:10:00,501205018,1,0,17,1,0
12:10:00,501205019,17,0,11,1,0
12:10:00,501205020,0,0,29,1,0
12:10:00,501205021,0,0,15,1,0
12:10:00,501205022,8,0,7,1,0
12:10:00,501205023,8,0,6,1,0
12:10:00,501205025,5,0,23,1,0
12:10:00,501205026,6,0,13,1,0
12:10:00,501205027,0,0,10,1,0
12:10:00,501205028,2,0,13,1,0
12:10:00,501205029,1,0,9,1,0
12:10:00,501205030,8,1,2,1,0
12:10:00,501205033,8,1,7,1,0
12:10:00,501205034,14,4,13,1,0
12:10:00,501205035,7,1,9,1,0
12:10:00,501205036,5,0,10,1,0
12:10:00,501205037,9,2,7,1,0
12:10:00,501205038,5,0,15,1,0
12:10:00,501205039,9,2,11,1,0
12:10:00,501205040,0,0,25,1,0
12:10:00,501205041,4,0,13,1,0
12:10:00,501205042,8,2,21,1,0
12:10:00,501208011,28,0,8,1,0
12:10:00,501208013,29,0,25,1,0
12:10:00,501208014,23,1,15,1,0
12:10:00,501208015,7,1,7,1,0
12:10:00,501208018,6,0,9,1,0
12:10:00,501208021,14,1,3,1,0
12:10:00,501208027,8,1,21,1,0
12:10:00,501208029,12,0,10,1,0
12:10:00,501208030,24,1,14,1,0
12:10:00,501208032,22,3,6,1,0
12:10:00,501208040,9,3,10,1,0
12:10:00,501208041,9,2,6,1,0
12:10:00,501208045,5,1,27,1,0
12:10:00,501208051,14,0,21,1,0
12:10:00,501208053,11,0,10,1,0
12:10:00,501208054,17,2,10,1,0
12:10:00,501208059,25,7,4,1,0
12:10:00,501208064,7,0,13,1,0
12:10:00,501208077,4,1,6,1,0
12:10:00,501208079,4,0,18,1,0
12:10:00,501208082,9,2,1,1,0
12:10:00,501208085,8,1,9,1,0
12:10:00,501208087,9,0,22,1,0
12:10:00,501208089,15,1,10,1,0
12:10:00,501208091,7,1,36,1,0
12:10:00,501208111,0,0,15,1,0
12:10:00,501208113,8,1,12,1,0
12:10:00,501208114,7,1,13,1,0
12:10:00,501208129,16,0,7,1,0
12:10:00,501208130,4,0,11,1,0
12:10:00,501209002,0,0,20,1,0
12:10:00,501209003,6,0,8,1,0
12:10:00,501209004,1,0,13,1,0
12:10:00,501209005,8,1,10,1,0
12:10:00,501209006,8,0,11,1,0
12:10:00,501209007,1,0,14,1,0
12:10:00,501209009,0,0,0,2,0
12:10:00,501209010,1,0,13,1,0
12:10:00,501209011,1,1,24,1,0
12:10:00,501209014,9,0,3,1,0
12:10:00,501209015,8,0,7,1,0
12:10:00,501209016,14,3,15,1,0
12:10:00,501209017,10,1,3,1,0
12:10:00,501209018,5,0,11,1,0
12:10:00,501209019,4,1,21,1,0
12:10:00,501209020,12,0,19,1,0
12:10:00,501209021,4,0,10,1,0
12:10:00,501209022,0,0,10,1,0
12:10:00,501209023,9,2,32,1,0
12:10:00,501209024,8,0,34,1,0
12:10:00,501209025,1,0,14,1,0
12:10:00,501209026,16,0,10,1,0
12:10:00,501209027,10,1,9,1,0
12:10:00,501209028,1,0,27,1,0
12:10:00,501209030,4,1,14,1,0
12:10:00,501209031,1,0,29,1,0
12:10:00,501209032,7,1,21,1,0
12:10:00,501209033,9,2,11,1,0
12:10:00,501209034,0,0,15,1,0
12:10:00,501209035,14,2,14,1,0
12:10:00,501209036,11,1,18,1,0
12:10:00,501209037,9,1,27,1,0
12:10:00,501209038,3,0,12,1,0
12:10:00,501209039,0,0,30,1,0
12:10:00,501209040,6,0,25,1,0
12:10:00,501209042,4,0,16,1,0
12:10:00,501209043,0,0,24,1,0
12:10:00,501209044,5,1,10,1,0
12:10:00,501209045,9,1,6,1,0
12:10:00,501209046,2,0,20,1,0
12:10:00,501209047,3,0,11,1,0
12:10:00,501209049,11,1,9,1,0
12:10:00,501209050,5,0,8,1,0
12:10:00,501209051,0,0,24,1,0
12:10:00,501209052,7,0,15,1,0
12:10:00,501209053,5,1,15,1,0
12:10:00,501209054,1,0,26,1,0
12:10:00,501209056,9,0,6,1,0
12:10:00,501209058,12,0,4,1,0
12:10:00,501209059,0,0,15,1,0
12:10:00,501209060,5,1,15,1,0
12:10:00,501209062,0,0,15,1,0
12:10:00,501209064,8,0,7,1,0
12:10:00,501209065,3,0,12,1,0
12:10:00,501209066,5,1,9,1,0
12:10:00,501209067,6,1,8,1,0
12:10:00,501209068,4,0,13,1,0
12:10:00,501209069,10,1,53,1,0
12:10:00,501209070,1,1,16,1,0
12:10:00,501209071,7,1,10,1,0
12:10:00,501209073,8,2,7,1,0
12:10:00,501209074,8,0,15,1,0
12:10:00,501209075,11,0,3,1,0
12:10:00,501209076,7,0,16,1,0
12:10:00,501209077,5,1,10,1,0
12:10:00,501209078,7,0,5,1,0
12:10:00,501209079,6,0,19,1,0
12:10:00,501209080,3,1,22,1,0
12:10:00,501209081,9,1,6,1,0
12:10:00,501209084,2,0,21,1,0
12:10:00,501209085,21,1,4,1,0
12:10:00,501209087,11,2,28,1,0
12:10:00,501209088,4,1,11,1,0
12:10:00,501209089,8,0,12,1,0
12:10:00,501209090,5,0,9,1,0
12:10:00,501209091,8,6,8,1,0
12:10:00,501209092,0,0,15,1,0
12:10:00,501209093,6,0,9,1,0
12:10:00,501209094,9,0,7,1,0
12:10:00,501209095,7,5,7,1,0
12:10:00,501209096,8,1,6,1,0
12:10:00,501209097,4,0,11,1,0
12:10:00,501209098,0,0,15,1,0
12:10:00,501209099,7,0,13,1,0
12:10:00,501209100,11,0,2,1,0
12:10:00,501209101,3,0,11,1,0
12:10:00,501209102,2,0,18,1,0
12:10:00,501209104,6,1,13,1,0
12:10:00,501209105,12,0,13,1,0
12:10:00,501209106,0,0,20,1,0
12:10:00,501211001,19,1,17,1,0
12:10:00,501211002,6,2,9,1,0
12:10:00,501211004,5,1,10,1,0
12:10:00,501211005,2,0,17,1,0
12:10:00,501211006,3,0,13,1,0
12:10:00,501211007,1,0,18,1,0
12:10:00,501211009,9,0,9,1,0
12:10:00,501211011,10,1,20,1,0
12:10:00,501211012,11,1,7,1,0
12:20:00,501201001,0,0,0,2,0
12:20:00,501201002,21,0,19,1,0
12:20:00,501201003,2,0,21,1,0
12:20:00,501201004,8,0,6,1,0
12:20:00,501201005,5,0,14,1,0
12:20:00,501201006,5,1,23,1,0
12:20:00,501201007,10,0,9,1,0
12:20:00,501201008,4,0,21,1,0
12:20:00,501201010,0,0,10,1,0
12:20:00,501201011,6,0,15,1,0
12:20:00,501201012,8,1,32,1,0
12:20:00,501201013,8,1,14,1,0
12:20:00,501201014,0,0,19,1,0
12:20:00,501201015,3,1,22,1,0
12:20:00,501201016,11,0,14,1,0
12:20:00,501201017,7,0,20,1,0
12:20:00,501201018,5,0,19,1,0
12:20:00,501201019,6,1,22,1,0
12:20:00,501201020,9,0,15,1,0
12:20:00,501201021,14,0,1,1,0
12:20:00,501201022,5,1,11,1,0
12:20:00,501201023,2,0,26,1,0
12:20:00,501201024,0,0,24,1,0
12:20:00,501201025,9,1,15,1,0
12:20:00,501201026,9,1,10,1,0
12:20:00,501201028,12,2,8,1,0
12:20:00,501201029,10,2,3,1,0
12:20:00,501201030,12,4,2,1,0
12:20:00,501201031,7,0,10,1,0
12:20:00,501202001,5,0,9,1,0
12:20:00,501202003,7,0,33,1,0
12:20:00,501202013,0,0,17,1,0
12:20:00,501202023,2,0,11,1,0
12:20:00,501202024,10,0,5,1,0
12:20:00,501202034,8,5,8,1,0
12:20:00,501202035,23,0,7,1,0
12:20:00,501202036,33,3,5,1,0
12:20:00,501202040,1,0,44,1,0
12:20:00,501202043,7,0,18,1,0
12:20:00,501202044,0,0,0,2,0
12:20:00,501202047,3,1,18,1,0
12:20:00,501202050,5,0,11,1,0
12:20:00,501202055,6,1,9,1,0
12:20:00,501202058,4,0,11,1,0
12:20:00,501202065,13,3,1,1,0
12:20:00,501202068,0,0,18,1,0
12:20:00,501202070,13,1,3,1,0
12:20:00,501202078,5,0,20,1,0
12:20:00,501202080,12,2,14,1,0
12:20:00,501202081,13,0,10,1,0
12:20:00,501202082,1,0,21,1,0
12:20:00,501202083,9,2,14,1,0
12:20:00,501202084,7,2,17,1,0
12:20:00,501202085,1,0,34,1,0
12:20:00,501202088,12,0,18,1,0
12:20:00,501202089,1,0,28,1,0
12:20:00,501202096,3,1,12,1,0
12:20:00,501203001,9,0,11,1,0
12:20:00,501203002,7,0,15,1,0
12:20:00,501203003,4,1,90,1,0
12:20:00,501203005,3,0,17,1,0
12:20:00,501203006,9,3,6,1,0
12:20:00,501203007,7,0,8,1,0
12:20:00,501203008,5,1,11,1,0
12:20:00,501203010,15,1,18,1,0
12:20:00,501203011,17,3,20,1,0
12:20:00,501203012,12,1,5,1,0
12:20:00,501203013,4,0,20,1,0
12:20:00,501203015,5,0,7,1,0
12:20:00,501203020,2,1,18,1,0
12:20:00,501203022,4,0,15,1,0
12:20:00,501203023,8,0,10,1,0
12:20:00,501203028,6,2,19,1,0
12:20:00,501203040,10,1,12,1,0
12:20:00,501203045,12,1,6,1,0
12:20:00,501203050,16,2,44,1,0
12:20:00,501203051,3,0,21,1,0
12:20:00,501203053,9,0,17,1,0
12:20:00,501203054,5,0,17,1,0
12:20:00,501203064,15,1,1,1,0
12:20:00,501203065,1,0,15,1,0
12:20:00,501203070,4,0,11,1,0
12:20:00,501203073,6,0,18,1,0
12:20:00,501203076,3,0,13,1,0
12:20:00,501203078,8,0,8,1,0
12:20:00,501203080,4,0,11,1,0
12:20:00,501203084,1,0,9,1,0
12:20:00,501203085,4,0,6,1,0
12:20:00,501203088,12,4,2,1,0
12:20:00,501203089,1,1,11,1,0
12:20:00,501203090,5,1,4,1,0
12:20:00,501203091,5,0,8,1,0
12:20:00,501203092,0,0,20,1,0
12:20:00,501203100,5,1,14,1,0
12:20:00,501203101,0,0,0,2,0
12:20:00,501203102,4,2,15,1,0
12:20:00,501203104,14,0,5,1,0
12:20:00,501203105,1,0,10,1,0
12:20:00,501203107,0,0,0,2,0
12:20:00,501203109,12,0,14,1,0
12:20:00,501203110,9,2,32,1,0
12:20:00,501203111,5,0,6,1,0
12:20:00,501203113,4,0,14,1,0
12:20:00,501203114,1,0,49,1,0
12:20:00,501203117,0,0,0,2,0
12:20:00,501203118,7,0,13,1,0
12:20:00,501203121,1,1,23,1,0
12:20:00,501203122,8,0,12,1,0
12:20:00,501203125,3,0,22,1,0
12:20:00,501203131,3,2,17,1,0
12:20:00,501203140,22,4,20,1,0
12:20:00,501203141,6,1,10,1,0
12:20:00,501203142,9,1,66,1,0
12:20:00,501203145,7,0,8,1,0
12:20:00,501203151,1,0,17,1,0
12:20:00,501203155,12,1,7,1,0
12:20:00,501203157,4,0,13,1,0
12:20:00,501203159,2,1,18,1,0
12:20:00,501203161,5,0,13,1,0
12:20:00,501203162,4,0,17,1,0
12:20:00,501203163,9,0,7,1,0
12:20:00,501204001,4,1,21,1,0
12:20:00,501204002,12,0,24,1,0
12:20:00,501204003,8,0,36,1,0
12:20:00,501204004,12,3,2,1,0
12:20:00,501204005,9,0,11,1,0
12:20:00,501204007,5,0,31,1,0
12:20:00,501204008,6,2,9,1,0
12:20:00,501204009,0,0,0,2,0
12:20:00,501204010,0,0,0,2,0
12:20:00,501204011,7,1,8,1,0
12:20:00,501204012,14,1,0,1,0
12:20:00,501204013,2,1,12,1,0
12:20:00,501204014,7,0,9,1,0
12:20:00,501204015,11,0,4,1,0
12:20:00,501204016,2,0,18,1,0
12:20:00,501204017,8,1,7,1,0
12:20:00,501204018,4,0,20,1,0
12:20:00,501204020,0,0,19,1,0
12:20:00,501204021,6,1,14,1,0
12:20:00,501204022,0,0,16,1,0
12:20:00,501204023,4,2,11,1,0
12:20:00,501204024,0,0,0,2,0
12:20:00,501204025,6,0,13,1,0
12:20:00,501205001,17,3,0,1,0
12:20:00,501205003,2,1,17,1,0
12:20:00,501205004,3,0,13,1,0
12:20:00,501205005,13,0,9,1,0
12:20:00,501205006,14,1,6,1,0
12:20:00,501205007,7,2,5,1,0
12:20:00,501205008,12,2,14,1,0
12:20:00,501205009,13,0,32,1,0
12:20:00,501205010,9,1,5,1,0
12:20:00,501205011,0,0,31,1,0
12:20:00,501205012,15,1,4,1,0
12:20:00,501205013,11,0,10,1,0
12:20:00,501205014,2,2,21,1,0
12:20:00,501205015,7,2,11,1,0
12:20:00,501205018,2,1,16,1,0
12:20:00,501205019,17,0,11,1,0
12:20:00,501205020,0,0,29,1,0
12:20:00,501205021,0,0,15,1,0
12:20:00,501205022,8,0,7,1,0
12:20:00,501205023,10,2,4,1,0
12:20:00,501205025,6,0,22,1,0
12:20:00,501205026,6,0,13,1,0
12:20:00,501205027,0,0,10,1,0
12:20:00,501205028,1,0,14,1,0
12:20:00,501205029,1,0,9,1,0
12:20:00,501205030,7,0,3,1,0
12:20:00,501205033,8,1,7,1,0
12:20:00,501205034,15,5,12,1,0
12:20:00,501205035,7,1,9,1,0
12:20:00,501205036,4,0,11,1,0
12:20:00,501205037,9,2,7,1,0
12:20:00,501205038,4,0,16,1,0
12:20:00,501205039,10,3,10,1,0
12:20:00,501205040,4,1,21,1,0
12:20:00,501205041,3,0,14,1,0
12:20:00,501205042,8,2,21,1,0
12:20:00,501208011,28,1,8,1,0
12:20:00,501208013,29,0,25,1,0
12:20:00,501208014,23,1,15,1,0
12:20:00,501208015,6,0,8,1,0
12:20:00,501208018,6,0,9,1,0
12:20:00,501208021,14,1,3,1,0
12:20:00,501208027,8,1,21,1,0
12:20:00,501208029,12,0,10,1,0
12:20:00,501208030,24,1,14,1,0
12:20:00,501208032,22,3,6,1,0
12:20:00,501208040,9,3,10,1,0
12:20:00,501208041,9,2,6,1,0
12:20:00,501208045,5,1,27,1,0
12:20:00,501208051,14,0,21,1,0
12:20:00,501208053,8,0,13,1,0
12:20:00,501208054,18,2,9,1,0
12:20:00,501208059,21,3,8,1,0
12:20:00,501208064,7,0,13,1,0
12:20:00,501208077,4,1,6,1,0
12:20:00,501208079,5,1,17,1,0
12:20:00,501208082,8,1,2,1,0
12:20:00,501208085,8,1,9,1,0
12:20:00,501208087,13,0,18,1,0
12:20:00,501208089,14,1,11,1,0
12:20:00,501208091,6,1,37,1,0
12:20:00,501208111,0,0,15,1,0
12:20:00,501208113,8,1,12,1,0
12:20:00,501208114,7,1,13,1,0
12:20:00,501208129,11,0,12,1,0
12:20:00,501208130,3,0,12,1,0
12:20:00,501209002,0,0,20,1,0
12:20:00,501209003,6,0,8,1,0
12:20:00,501209004,1,0,13,1,0
12:20:00,501209005,9,1,9,1,0
12:20:00,501209006,9,1,9,1,0
12:20:00,501209007,1,0,14,1,0
12:20:00,501209009,0,0,0,2,0
12:20:00,501209010,5,0,9,1,0
12:20:00,501209011,1,1,24,1,0
12:20:00,501209014,9,0,3,1,0
12:20:00,501209015,8,0,7,1,0
12:20:00,501209016,14,3,15,1,0
12:20:00,501209017,9,0,4,1,0
12:20:00,501209018,7,0,9,1,0
12:20:00,501209019,5,2,20,1,0
12:20:00,501209020,9,0,22,1,0
12:20:00,501209021,2,0,12,1,0
12:20:00,501209022,0,0,10,1,0
12:20:00,501209023,11,3,30,1,0
12:20:00,501209024,6,0,36,1,0
12:20:00,501209025,1,0,14,1,0
12:20:00,501209026,25,0,1,1,0
12:20:00,501209027,10,1,9,1,0
12:20:00,501209028,2,0,26,1,0
12:20:00,501209030,6,1,12,1,0
12:20:00,501209031,1,0,29,1,0
12:20:00,501209032,7,1,21,1,0
12:20:00,501209033,8,2,12,1,0
12:20:00,501209034,2,1,13,1,0
12:20:00,501209035,13,1,15,1,0
12:20:00,501209036,10,1,19,1,0
12:20:00,501209037,7,0,29,1,0
12:20:00,501209038,3,0,12,1,0
12:20:00,501209039,0,0,30,1,0
12:20:00,501209040,5,0,26,1,0
12:20:00,501209042,4,0,16,1,0
12:20:00,501209043,2,0,22,1,0
12:20:00,501209044,6,2,9,1,0
12:20:00,501209045,8,1,7,1,0
12:20:00,501209046,2,0,20,1,0
12:20:00,501209047,3,1,11,1,0
12:20:00,501209049,11,1,9,1,0
12:20:00,501209050,4,0,9,1,0
12:20:00,501209051,1,0,23,1,0
12:20:00,501209052,8,0,14,1,0
12:20:00,501209053,5,1,15,1,0
12:20:00,501209054,0,0,27,1,0
12:20:00,501209056,8,0,7,1,0
12:20:00,501209058,12,0,4,1,0
12:20:00,501209059,0,0,15,1,0
12:20:00,501209060,6,1,14,1,0
12:20:00,501209062,0,0,15,1,0
12:20:00,501209064,7,0,8,1,0
12:20:00,501209065,3,0,12,1,0
12:20:00,501209066,5,1,9,1,0
12:20:00,501209067,6,1,8,1,0
12:20:00,501209068,6,1,11,1,0
12:20:00,501209069,3,0,60,1,0
12:20:00,501209070,1,0,16,1,0
12:20:00,501209071,6,0,10,1,0
12:20:00,501209073,9,2,6,1,0
12:20:00,501209074,8,0,15,1,0
12:20:00,501209075,10,0,4,1,0
12:20:00,501209076,7,0,16,1,0
12:20:00,501209077,6,1,9,1,0
12:20:00,501209078,7,0,5,1,0
12:20:00,501209079,6,0,19,1,0
12:20:00,501209080,3,1,22,1,0
12:20:00,501209081,9,1,6,1,0
12:20:00,501209084,2,0,21,1,0
12:20:00,501209085,21,0,3,1,0
12:20:00,501209087,7,2,32,1,0
12:20:00,501209088,4,1,11,1,0
12:20:00,501209089,10,0,10,1,0
12:20:00,501209090,6,0,8,1,0
12:20:00,501209091,7,6,9,1,0
12:20:00,501209092,0,0,15,1,0
12:20:00,501209093,6,0,9,1,0
12:20:00,501209094,9,0,7,1,0
12:20:00,501209095,5,3,9,1,0
12:20:00,501209096,8,1,6,1,0
12:20:00,501209097,4,0,11,1,0
12:20:00,501209098,0,0,15,1,0
12:20:00,501209099,7,0,13,1,0
12:20:00,501209100,11,0,2,1,0
12:20:00,501209101,2,0,12,1,0
12:20:00,501209102,5,1,15,1,0
12:20:00,501209104,7,1,12,1,0
12:20:00,501209105,10,0,15,1,0
12:20:00,501209106,0,0,20,1,0
12:20:00,501211001,19,1,17,1,0
12:20:00,501211002,6,2,9,1,0
12:20:00,501211004,5,1,10,1,0
12:20:00,501211005,2,0,17,1,0
12:20:00,501211006,0,0,16,1,0
12:20:00,501211007,1,0,18,1,0
12:20:00,501211009,9,0,9,1,0
12:20:00,501211011,8,1,22,1,0
12:20:00,501211012,11,1,7,1,0
12:30:00,501201001,0,0,0,2,0
12:30:00,501201002,22,1,18,1,0
12:30:00,501201003,4,0,19,1,0
12:30:00,501201004,8,0,6,1,0
12:30:00,501201005,5,0,14,1,0
12:30:00,501201006,6,1,22,1,0
12:30:00,501201007,7,0,12,1,0
12:30:00,501201008,4,0,21,1,0
12:30:00,501201010,0,0,10,1,0
12:30:00,501201011,8,0,13,1,0
12:30:00,501201012,7,1,33,1,0
12:30:00,501201013,7,1,15,1,0
12:30:00,501201014,0,0,19,1,0
12:30:00,501201015,3,1,22,1,0
12:30:00,501201016,11,0,14,1,0
12:30:00,501201017,7,0,20,1,0
12:30:00,501201018,4,0,20,1,0
12:30:00,501201019,4,0,24,1,0
12:30:00,501201020,8,0,16,1,0
12:30:00,501201021,14,0,1,1,0
12:30:00,501201022,5,1,11,1,0
12:30:00,501201023,2,0,26,1,0
12:30:00,501201024,1,0,23,1,0
12:30:00,501201025,10,2,14,1,0
12:30:00,501201026,9,1,10,1,0
12:30:00,501201028,16,3,4,1,0
12:30:00,501201029,10,2,3,1,0
12:30:00,501201030,13,4,1,1,0
12:30:00,501201031,7,0,10,1,0
12:30:00,501202001,4,0,10,1,0
12:30:00,501202003,7,0,33,1,0
12:30:00,501202013,3,0,14,1,0
12:30:00,501202023,3,0,10,1,0
12:30:00,501202024,9,0,6,1,0
12:30:00,501202034,5,4,11,1,0
12:30:00,501202035,27,2,3,1,0
12:30:00,501202036,34,3,4,1,0
12:30:00,501202040,1,0,44,1,0
12:30:00,501202043,8,0,17,1,0
12:30:00,501202044,0,0,0,2,0
12:30:00,501202047,2,1,19,1,0
12:30:00,501202050,5,0,11,1,0
12:30:00,501202055,5,0,10,1,0
12:30:00,501202058,3,0,12,1,0
12:30:00,501202065,13,3,1,1,0
12:30:00,501202068,0,0,18,1,0
12:30:00,501202070,13,1,3,1,0
12:30:00,501202078,5,0,20,1,0
12:30:00,501202080,12,2,14,1,0
12:30:00,501202081,16,1,7,1,0
12:30:00,501202082,2,0,20,1,0
12:30:00,501202083,9,2,14,1,0
12:30:00,501202084,8,3,16,1,0
12:30:00,501202085,0,0,35,1,0
12:30:00,501202088,11,0,19,1,0
12:30:00,501202089,2,0,27,1,0
12:30:00,501202096,3,1,12,1,0
12:30:00,501203001,7,0,13,1,0
12:30:00,501203002,6,0,16,1,0
12:30:00,501203003,1,1,93,1,0
12:30:00,501203005,2,0,18,1,0
12:30:00,501203006,10,3,5,1,0
12:30:00,501203007,7,0,8,1,0
12:30:00,501203008,5,0,11,1,0
12:30:00,501203010,15,1,18,1,0
12:30:00,501203011,17,3,20,1,0
12:30:00,501203012,12,1,5,1,0
12:30:00,501203013,4,0,20,1,0
12:30:00,501203015,4,0,8,1,0
12:30:00,501203020,5,1,15,1,0
12:30:00,501203022,4,0,15,1,0
12:30:00,501203023,9,0,9,1,0
12:30:00,501203028,6,2,19,1,0
12:30:00,501203040,10,1,12,1,0
12:30:00,501203045,12,0,6,1,0
12:30:00,501203050,14,1,46,1,0
12:30:00,501203051,3,0,21,1,0
12:30:00,501203053,6,0,20,1,0
12:30:00,501203054,7,0,15,1,0
12:30:00,501203064,15,1,1,1,0
12:30:00,501203065,1,0,15,1,0
12:30:00,501203070,4,0,11,1,0
12:30:00,501203073,6,0,18,1,0
12:30:00,501203076,3,0,13,1,0
12:30:00,501203078,8,0,8,1,0
12:30:00,501203080,5,0,10,1,0
12:30:00,501203084,1,0,9,1,0
12:30:00,501203085,4,0,6,1,0
12:30:00,501203088,10,4,4,1,0
12:30:00,501203089,1,1,11,1,0
12:30:00,501203090,5,1,4,1,0
12:30:00,501203091,5,0,8,1,0
12:30:00,501203092,1,0,19,1,0
12:30:00,501203100,5,1,14,1,0
12:30:00,501203101,0,0,0,2,0
12:30:00,501203102,5,2,14,1,0
12:30:00,501203104,11,0,8,1,0
12:30:00,501203105,2,0,9,1,0
12:30:00,501203107,0,0,0,2,0
12:30:00,501203109,10,0,16,1,0
12:30:00,501203110,7,2,34,1,0
12:30:00,501203111,5,0,6,1,0
12:30:00,501203113,5,0,13,1,0
12:30:00,501203114,1,0,49,1,0
12:30:00,501203117,0,0,0,2,0
12:30:00,501203118,7,0,13,1,0
12:30:00,501203121,1,1,23,1,0
12:30:00,501203122,9,0,11,1,0
12:30:00,501203125,3,0,22,1,0
12:30:00,501203131,3,2,17,1,0
12:30:00,501203140,20,3,21,1,0
12:30:00,501203141,6,1,10,1,0
12:30:00,501203142,8,2,67,1,0
12:30:00,501203145,7,0,8,1,0
12:30:00,501203151,1,0,17,1,0
12:30:00,501203155,12,1,7,1,0
12:30:00,501203157,4,0,13,1,0
12:30:00,501203159,1,1,19,1,0
12:30:00,501203161,5,0,13,1,0
12:30:00,501203162,6,0,15,1,0
12:30:00,501203163,9,0,7,1,0
12:30:00,501204001,3,1,22,1,0
12:30:00,501204002,11,0,25,1,0
12:30:00,501204003,1,0,43,1,0
12:30:00,501204004,11,3,3,1,0
12:30:00,501204005,10,0,10,1,0
12:30:00,501204007,5,0,31,1,0
12:30:00,501204008,7,2,8,1,0
12:30:00,501204009,0,0,0,2,0
12:30:00,501204010,0,0,0,2,0
12:30:00,501204011,8,1,7,1,0
12:30:00,501204012,14,1,0,1,0
12:30:00,501204013,2,0,12,1,0
12:30:00,501204014,7,0,9,1,0
12:30:00,501204015,9,0,6,1,0
12:30:00,501204016,2,0,18,1,0
12:30:00,501204017,8,1,7,1,0
12:30:00,501204018,4,0,20,1,0
12:30:00,501204020,0,0,19,1,0
12:30:00,501204021,8,1,12,1,0
12:30:00,501204022,0,0,16,1,0
12:30:00,501204023,4,2,11,1,0
12:30:00,501204024,0,0,0,2,0
12:30:00,501204025,6,0,13,1,0
12:30:00,501205001,16,3,1,1,0
12:30:00,501205003,3,1,16,1,0
12:30:00,501205004,2,0,14,1,0
12:30:00,501205005,15,0,7,1,0
12:30:00,501205006,14,1,6,1,0
12:30:00,501205007,7,2,5,1,0
12:30:00,501205008,12,2,14,1,0
12:30:00,501205009,13,0,32,1,0
12:30:00,501205010,6,0,8,1,0
12:30:00,501205011,0,0,31,1,0
12:30:00,501205012,14,0,5,1,0
12:30:00,501205013,10,0,11,1,0
12:30:00,501205014,2,2,21,1,0
12:30:00,501205015,7,2,11,1,0
12:30:00,501205018,2,1,16,1,0
12:30:00,501205019,18,0,10,1,0
12:30:00,501205020,0,0,29,1,0
12:30:00,501205021,0,0,15,1,0
12:30:00,501205022,6,0,9,1,0
12:30:00,501205023,11,2,3,1,0
12:30:00,501205025,6,0,22,1,0
12:30:00,501205026,5,0,14,1,0
12:30:00,501205027,0,0,10,1,0
12:30:00,501205028,2,0,13,1,0
12:30:00,501205029,0,0,10,1,0
12:30:00,501205030,7,0,3,1,0
12:30:00,501205033,9,1,6,1,0
12:30:00,501205034,18,4,9,1,0
12:30:00,501205035,7,1,9,1,0
12:30:00,501205036,3,0,12,1,0
12:30:00,501205037,8,1,8,1,0
12:30:00,501205038,4,0,16,1,0
12:30:00,501205039,11,3,9,1,0
12:30:00,501205040,4,1,21,1,0
12:30:00,501205041,5,0,12,1,0
12:30:00,501205042,7,1,22,1,0
12:30:00,501208011,28,1,8,1,0
12:30:00,501208013,30,0,24,1,0
12:30:00,501208014,23,1,15,1,0
12:30:00,501208015,7,0,8,1,0
12:30:00,501208018,5,1,10,1,0
12:30:00,501208021,14,1,3,1,0
12:30:00,501208027,8,2,21,1,0
12:30:00,501208029,12,0,10,1,0
12:30:00,501208030,24,1,14,1,0
12:30:00,501208032,22,3,6,1,0
12:30:00,501208040,9,3,10,1,0
12:30:00,501208041,9,2,6,1,0
12:30:00,501208045,5,1,27,1,0
12:30:00,501208051,16,1,19,1,0
12:30:00,501208053,10,0,11,1,0
12:30:00,501208054,18,2,9,1,0
12:30:00,501208059,24,4,5,1,0
12:30:00,501208064,6,0,14,1,0
12:30:00,501208077,5,1,5,1,0
12:30:00,501208079,5,1,17,1,0
12:30:00,501208082,7,0,3,1,0
12:30:00,501208085,6,1,11,1,0
12:30:00,501208087,13,0,18,1,0
12:30:00,501208089,18,1,7,1,0
12:30:00,501208091,6,1,37,1,0
12:30:00,501208111,0,0,15,1,0
12:30:00,501208113,8,1,12,1,0
12:30:00,501208114,7,1,13,1,0
12:30:00,501208129,10,0,13,1,0
12:30:00,501208130,3,0,12,1,0
12:30:00,501209002,1,0,19,1,0
12:30:00,501209003,6,0,8,1,0
12:30:00,501209004,1,0,13,1,0
12:30:00,501209005,9,1,9,1,0
12:30:00,501209006,9,1,9,1,0
12:30:00,501209007,2,0,13,1,0
12:30:00,501209009,0,0,0,2,0
12:30:00,501209010,5,0,9,1,0
12:30:00,501209011,1,1,24,1,0
12:30:00,501209014,9,0,3,1,0
12:30:00,501209015,9,1,6,1,0
12:30:00,501209016,15,3,14,1,0
12:30:00,501209017,8,0,5,1,0
12:30:00,501209018,5,0,11,1,0
12:30:00,501209019,3,1,22,1,0
12:30:00,501209020,8,0,23,1,0
12:30:00,501209021,2,0,12,1,0
12:30:00,501209022,1,0,9,1,0
12:30:00,501209023,12,3,29,1,0
12:30:00,501209024,5,0,37,1,0
12:30:00,501209025,1,0,14,1,0
12:30:00,501209026,26,1,0,1,0
12:30:00,501209027,10,1,9,1,0
12:30:00,501209028,1,0,27,1,0
12:30:00,501209030,9,3,9,1,0
12:30:00,501209031,1,0,29,1,0
12:30:00,501209032,10,2,18,1,0
12:30:00,501209033,8,2,12,1,0
12:30:00,501209034,3,1,12,1,0
12:30:00,501209035,13,0,15,1,0
12:30:00,501209036,10,1,19,1,0
12:30:00,501209037,7,1,29,1,0
12:30:00,501209038,3,0,12,1,0
12:30:00,501209039,0,0,30,1,0
12:30:00,501209040,1,0,30,1,0
12:30:00,501209042,5,0,15,1,0
12:30:00,501209043,2,0,22,1,0
12:30:00,501209044,6,2,9,1,0
12:30:00,501209045,9,2,6,1,0
12:30:00,501209046,2,0,20,1,0
12:30:00,501209047,0,0,14,1,0
12:30:00,501209049,12,0,8,1,0
12:30:00,501209050,4,0,9,1,0
12:30:00,501209051,0,0,24,1,0
12:30:00,501209052,10,1,12,1,0
12:30:00,501209053,5,1,15,1,0
12:30:00,501209054,0,0,27,1,0
12:30:00,501209056,8,0,7,1,0
12:30:00,501209058,13,1,3,1,0
12:30:00,501209059,0,0,15,1,0
12:30:00,501209060,7,0,13,1,0
12:30:00,501209062,1,0,14,1,0
12:30:00,501209064,8,0,7,1,0
12:30:00,501209065,3,0,12,1,0
12:30:00,501209066,5,1,9,1,0
12:30:00,501209067,6,0,7,1,0
12:30:00,501209068,6,1,11,1,0
12:30:00,501209069,1,0,62,1,0
12:30:00,501209070,2,0,15,1,0
12:30:00,501209071,7,1,9,1,0
12:30:00,501209073,8,1,7,1,0
12:30:00,501209074,8,0,15,1,0
12:30:00,501209075,9,0,5,1,0
12:30:00,501209076,7,0,16,1,0
12:30:00,501209077,7,2,8,1,0
12:30:00,501209078,8,0,4,1,0
12:30:00,501209079,6,0,19,1,0
12:30:00,501209080,5,3,20,1,0
12:30:00,501209081,9,1,6,1,0
12:30:00,501209084,1,0,22,1,0
12:30:00,501209085,21,0,3,1,0
12:30:00,501209087,7,2,32,1,0
12:30:00,501209088,4,1,11,1,0
12:30:00,501209089,12,0,8,1,0
12:30:00,501209090,6,0,8,1,0
12:30:00,501209091,7,6,9,1,0
12:30:00,501209092,0,0,15,1,0
12:30:00,501209093,8,0,7,1,0
12:30:00,501209094,9,0,7,1,0
12:30:00,501209095,5,3,9,1,0
12:30:00,501209096,8,1,6,1,0
12:30:00,501209097,4,0,11,1,0
12:30:00,501209098,0,0,15,1,0
12:30:00,501209099,7,0,13,1,0
12:30:00,501209100,11,0,2,1,0
12:30:00,501209101,2,0,12,1,0
12:30:00,501209102,5,1,15,1,0
12:30:00,501209104,7,1,12,1,0
12:30:00,501209105,10,0,15,1,0
12:30:00,501209106,0,0,20,1,0
12:30:00,501211001,18,1,18,1,0
12:30:00,501211002,4,1,11,1,0
12:30:00,501211004,5,1,10,1,0
12:30:00,501211005,2,0,17,1,0
12:30:00,501211006,0,0,16,1,0
12:30:00,501211007,0,0,19,1,0
12:30:00,501211009,9,0,9,1,0
12:30:00,501211011,8,1,22,1,0
12:30:00,501211012,11,1,7,1,0
12:40:00,501201001,0,0,0,2,0
12:40:00,501201002,21,0,19,1,0
12:40:00,501201003,5,0,18,1,0
12:40:00,501201004,6,0,8,1,0
12:40:00,501201005,6,0,13,1,0
12:40:00,501201006,6,0,22,1,0
12:40:00,501201007,6,0,13,1,0
12:40:00,501201008,4,0,21,1,0
12:40:00,501201010,0,0,10,1,0
12:40:00,501201011,9,0,12,1,0
12:40:00,501201012,9,1,31,1,0
12:40:00,501201013,7,1,15,1,0
12:40:00,501201014,1,0,18,1,0
12:40:00,501201015,2,1,23,1,0
12:40:00,501201016,12,0,13,1,0
12:40:00,501201017,0,0,27,1,0
12:40:00,501201018,4,0,20,1,0
12:40:00,501201019,5,0,23,1,0
12:40:00,501201020,9,1,15,1,0
12:40:00,501201021,14,0,1,1,0
12:40:00,501201022,2,0,14,1,0
12:40:00,501201023,2,0,26,1,0
12:40:00,501201024,2,0,22,1,0
12:40:00,501201025,10,2,14,1,0
12:40:00,501201026,8,1,11,1,0
12:40:00,501201028,14,2,6,1,0
12:40:00,501201029,10,1,3,1,0
12:40:00,501201030,13,4,1,1,0
12:40:00,501201031,8,0,9,1,0
12:40:00,501202001,5,0,9,1,0
12:40:00,501202003,6,0,34,1,0
12:40:00,501202013,1,0,16,1,0
12:40:00,501202023,1,0,12,1,0
12:40:00,501202024,9,0,6,1,0
12:40:00,501202034,3,3,13,1,0
12:40:00,501202035,28,2,2,1,0
12:40:00,501202036,35,3,3,1,0
12:40:00,501202040,3,0,42,1,0
12:40:00,501202043,8,0,17,1,0
12:40:00,501202044,0,0,0,2,0
12:40:00,501202047,2,1,19,1,0
12:40:00,501202050,2,0,14,1,0
12:40:00,501202055,4,0,11,1,0
12:40:00,501202058,8,0,7,1,0
12:40:00,501202065,10,1,4,1,0
12:40:00,501202068,0,0,18,1,0
12:40:00,501202070,13,1,3,1,0
12:40:00,501202078,5,0,20,1,0
12:40:00,501202080,14,2,12,1,0
12:40:00,501202081,16,1,7,1,0
12:40:00,501202082,2,0,20,1,0
12:40:00,501202083,10,2,13,1,0
12:40:00,501202084,9,2,15,1,0
12:40:00,501202085,0,0,35,1,0
12:40:00,501202088,10,0,20,1,0
12:40:00,501202089,2,0,27,1,0
12:40:00,501202096,1,0,14,1,0
12:40:00,501203001,8,0,12,1,0
12:40:00,501203002,6,1,16,1,0
12:40:00,501203003,0,0,94,1,0
12:40:00,501203005,3,0,17,1,0
12:40:00,501203006,9,3,6,1,0
12:40:00,501203007,6,0,9,1,0
12:40:00,501203008,6,0,10,1,0
12:40:00,501203010,14,1,19,1,0
12:40:00,501203011,17,3,20,1,0
12:40:00,501203012,12,1,5,1,0
12:40:00,501203013,4,0,20,1,0
12:40:00,501203015,4,0,8,1,0
12:40:00,501203020,4,1,16,1,0
12:40:00,501203022,3,0,16,1,0
12:40:00,501203023,9,0,9,1,0
12:40:00,501203028,5,1,20,1,0
12:40:00,501203040,10,2,12,1,0
12:40:00,501203045,11,0,7,1,0
12:40:00,501203050,17,0,43,1,0
12:40:00,501203051,3,0,21,1,0
12:40:00,501203053,6,0,20,1,0
12:40:00,501203054,7,0,15,1,0
12:40:00,501203064,16,1,0,1,0
12:40:00,501203065,2,1,14,1,0
12:40:00,501203070,4,0,11,1,0
12:40:00,501203073,6,0,18,1,0
12:40:00,501203076,3,0,13,1,0
12:40:00,501203078,8,0,8,1,0
12:40:00,501203080,5,0,10,1,0
12:40:00,501203084,1,0,9,1,0
12:40:00,501203085,5,1,5,1,0
12:40:00,501203088,11,4,3,1,0
12:40:00,501203089,2,2,10,1,0
12:40:00,501203090,3,0,6,1,0
12:40:00,501203091,5,0,8,1,0
12:40:00,501203092,1,0,19,1,0
12:40:00,501203100,6,1,13,1,0
12:40:00,501203101,0,0,0,2,0
12:40:00,501203102,6,3,13,1,0
12:40:00,501203104,11,0,8,1,0
12:40:00,501203105,2,0,9,1,0
12:40:00,501203107,0,0,0,2,0
12:40:00,501203109,8,1,18,1,0
12:40:00,501203110,7,3,34,1,0
12:40:00,501203111,4,0,7,1,0
12:40:00,501203113,4,0,14,1,0
12:40:00,501203114,2,0,48,1,0
12:40:00,501203117,0,0,0,2,0
12:40:00,501203118,7,0,13,1,0
12:40:00,501203121,1,1,23,1,0
12:40:00,501203122,9,0,11,1,0
12:40:00,501203125,3,0,22,1,0
12:40:00,501203131,4,2,16,1,0
12:40:00,501203140,20,3,21,1,0
12:40:00,501203141,5,1,11,1,0
12:40:00,501203142,13,2,62,1,0
12:40:00,501203145,7,0,8,1,0
12:40:00,501203151,1,0,17,1,0
12:40:00,501203155,12,1,7,1,0
12:40:00,501203157,4,0,13,1,0
12:40:00,501203159,1,1,19,1,0
12:40:00,501203161,5,0,13,1,0
12:40:00,501203162,7,0,14,1,0
12:40:00,501203163,10,1,6,1,0
12:40:00,501204001,4,1,21,1,0
12:40:00,501204002,11,1,25,1,0
12:40:00,501204003,1,0,43,1,0
12:40:00,501204004,11,3,3,1,0
12:40:00,501204005,12,0,8,1,0
12:40:00,501204007,6,0,30,1,0
12:40:00,501204008,8,2,7,1,0
12:40:00,501204009,0,0,0,2,0
12:40:00,501204010,0,0,0,2,0
12:40:00,501204011,9,1,6,1,0
12:40:00,501204012,12,1,2,1,0
12:40:00,501204013,3,0,11,1,0
12:40:00,501204014,5,0,11,1,0
12:40:00,501204015,9,0,6,1,0
12:40:00,501204016,2,0,18,1,0
12:40:00,501204017,8,1,7,1,0
12:40:00,501204018,3,0,21,1,0
12:40:00,501204020,0,0,19,1,0
12:40:00,501204021,7,1,13,1,0
12:40:00,501204022,0,0,16,1,0
12:40:00,501204023,5,1,10,1,0
12:40:00,501204024,0,0,0,2,0
12:40:00,501204025,6,0,13,1,0
12:40:00,501205001,15,2,2,1,0
12:40:00,501205003,4,1,15,1,0
12:40:00,501205004,2,0,14,1,0
12:40:00,501205005,15,0,7,1,0
12:40:00,501205006,14,1,6,1,0
12:40:00,501205007,7,2,5,1,0
12:40:00,501205008,14,2,12,1,0
12:40:00,501205009,13,0,32,1,0
12:40:00,501205010,9,2,5,1,0
12:40:00,501205011,0,0,31,1,0
12:40:00,501205012,12,0,7,1,0
12:40:00,501205013,10,0,11,1,0
12:40:00,501205014,2,2,21,1,0
12:40:00,501205015,6,1,12,1,0
12:40:00,501205018,1,0,17,1,0
12:40:00,501205019,17,0,11,1,0
12:40:00,501205020,0,0,29,1,0
12:40:00,501205021,1,0,14,1,0
12:40:00,501205022,6,0,9,1,0
12:40:00,501205023,12,2,2,1,0
12:40:00,501205025,6,0,22,1,0
12:40:00,501205026,6,0,13,1,0
12:40:00,501205027,0,0,10,1,0
12:40:00,501205028,0,0,15,1,0
12:40:00,501205029,0,0,10,1,0
12:40:00,501205030,7,0,3,1,0
12:40:00,501205033,8,0,7,1,0
12:40:00,501205034,16,3,11,1,0
12:40:00,501205035,7,1,9,1,0
12:40:00,501205036,4,0,11,1,0
12:40:00,501205037,8,1,8,1,0
12:40:00,501205038,4,0,16,1,0
12:40:00,501205039,15,3,5,1,0
12:40:00,501205040,4,1,21,1,0
12:40:00,501205041,5,0,12,1,0
12:40:00,501205042,7,1,22,1,0
12:40:00,501208011,27,1,9,1,0
12:40:00,501208013,29,0,25,1,0
12:40:00,501208014,21,0,17,1,0
12:40:00,501208015,6,0,9,1,0
12:40:00,501208018,5,0,10,1,0
12:40:00,501208021,13,1,4,1,0
12:40:00,501208027,8,2,21,1,0
12:40:00,501208029,12,0,10,1,0
12:40:00,501208030,24,0,14,1,0
12:40:00,501208032,22,3,6,1,0
12:40:00,501208040,9,3,10,1,0
12:40:00,501208041,9,2,6,1,0
12:40:00,501208045,6,1,26,1,0
12:40:00,501208051,17,1,18,1,0
12:40:00,501208053,9,0,12,1,0
12:40:00,501208054,18,0,9,1,0
12:40:00,501208059,27,5,2,1,0
12:40:00,501208064,6,0,14,1,0
12:40:00,501208077,3,1,7,1,0
12:40:00,501208079,4,1,18,1,0
12:40:00,501208082,7,0,3,1,0
12:40:00,501208085,5,1,12,1,0
12:40:00,501208087,11,0,20,1,0
12:40:00,501208089,20,1,5,1,0
12:40:00,501208091,6,1,37,1,0
12:40:00,501208111,0,0,15,1,0
12:40:00,501208113,8,1,12,1,0
12:40:00,501208114,7,1,13,1,0
12:40:00,501208129,10,0,13,1,0
12:40:00,501208130,3,0,12,1,0
12:40:00,501209002,0,0,20,1,0
12:40:00,501209003,7,0,7,1,0
12:40:00,501209004,1,0,13,1,0
12:40:00,501209005,11,1,7,1,0
12:40:00,501209006,8,1,10,1,0
12:40:00,501209007,2,0,13,1,0
12:40:00,501209009,0,0,0,2,0
12:40:00,501209010,5,0,9,1,0
12:40:00,501209011,3,1,22,1,0
12:40:00,501209014,9,0,3,1,0
12:40:00,501209015,8,0,7,1,0
12:40:00,501209016,14,3,15,1,0
12:40:00,501209017,7,0,6,1,0
12:40:00,501209018,0,0,16,1,0
12:40:00,501209019,5,2,20,1,0
12:40:00,501209020,9,0,22,1,0
12:40:00,501209021,1,0,13,1,0
12:40:00,501209022,1,0,9,1,0
12:40:00,501209023,14,4,27,1,0
12:40:00,501209024,8,0,34,1,0
12:40:00,501209025,1,0,14,1,0
12:40:00,501209026,20,1,6,1,0
12:40:00,501209027,10,1,9,1,0
12:40:00,501209028,2,0,26,1,0
12:40:00,501209030,10,2,8,1,0
12:40:00,501209031,0,0,30,1,0
12:40:00,501209032,11,3,17,1,0
12:40:00,501209033,8,1,12,1,0
12:40:00,501209034,3,1,12,1,0
12:40:00,501209035,13,0,15,1,0
12:40:00,501209036,10,1,20,1,0
12:40:00,501209037,8,1,28,1,0
12:40:00,501209038,3,0,12,1,0
12:40:00,501209039,0,0,30,1,0
12:40:00,501209040,0,0,31,1,0
12:40:00,501209042,3,0,17,1,0
12:40:00,501209043,1,0,23,1,0
12:40:00,501209044,6,2,9,1,0
12:40:00,501209045,9,2,6,1,0
12:40:00,501209046,6,0,16,1,0
12:40:00,501209047,0,0,14,1,0
12:40:00,501209049,14,1,6,1,0
12:40:00,501209050,5,0,8,1,0
12:40:00,501209051,2,0,22,1,0
12:40:00,501209052,8,1,14,1,0
12:40:00,501209053,5,1,15,1,0
12:40:00,501209054,1,0,26,1,0
12:40:00,501209056,8,1,7,1,0
12:40:00,501209058,14,0,2,1,0
12:40:00,501209059,0,0,15,1,0
12:40:00,501209060,7,1,13,1,0
12:40:00,501209062,0,0,15,1,0
12:40:00,501209064,8,0,7,1,0
12:40:00,501209065,3,0,12,1,0
12:40:00,501209066,6,2,8,1,0
12:40:00,501209067,8,2,7,1,0
12:40:00,501209068,9,1,8,1,0
12:40:00,501209069,2,0,61,1,0
12:40:00,501209070,0,0,17,1,0
12:40:00,501209071,7,1,9,1,0
12:40:00,501209073,7,1,8,1,0
12:40:00,501209074,7,0,16,1,0
12:40:00,501209075,9,0,5,1,0
12:40:00,501209076,7,0,16,1,0
12:40:00,501209077,7,2,8,1,0
12:40:00,501209078,8,0,4,1,0
12:40:00,501209079,6,0,19,1,0
12:40:00,501209080,4,2,21,1,0
12:40:00,501209081,9,1,6,1,0
12:40:00,501209084,1,0,22,1,0
12:40:00,501209085,21,0,3,1,0
12:40:00,501209087,5,2,34,1,0
12:40:00,501209088,4,1,11,1,0
12:40:00,501209089,11,0,9,1,0
12:40:00,501209090,6,0,8,1,0
12:40:00,501209091,8,6,8,1,0
12:40:00,501209092,0,0,15,1,0
12:40:00,501209093,8,0,7,1,0
12:40:00,501209094,9,0,7,1,0
12:40:00,501209095,5,3,9,1,0
12:40:00,501209096,8,1,6,1,0
12:40:00,501209097,4,0,11,1,0
12:40:00,501209098,0,0,15,1,0
12:40:00,501209099,7,0,13,1,0
12:40:00,501209100,11,0,2,1,0
12:40:00,501209101,2,0,12,1,0
12:40:00,501209102,6,2,14,1,0
12:40:00,501209104,7,1,12,1,0
12:40:00,501209105,10,0,15,1,0
12:40:00,501209106,0,0,20,1,0
12:40:00,501211001,17,1,19,1,0
12:40:00,501211002,3,0,12,1,0
12:40:00,501211004,5,1,10,1,0
12:40:00,501211005,5,0,14,1,0
12:40:00,501211006,0,0,16,1,0
12:40:00,501211007,1,0,18,1,0
12:40:00,501211009,9,0,9,1,0
12:40:00,501211011,9,1,21,1,0
12:40:00,501211012,11,1,7,1,0
12:50:00,501201001,0,0,0,2,0
12:50:00,501201002,22,1,18,1,0
12:50:00,501201003,4,0,19,1,0
12:50:00,501201004,8,0,6,1,0
12:50:00,501201005,6,0,13,1,0
12:50:00,501201006,3,0,25,1,0
12:50:00,501201007,8,1,11,1,0
12:50:00,501201008,4,0,21,1,0
12:50:00,501201010,0,0,10,1,0
12:50:00,501201011,9,0,12,1,0
12:50:00,501201012,7,1,33,1,0
12:50:00,501201013,7,1,15,1,0
12:50:00,501201014,2,0,17,1,0
12:50:00,501201015,2,0,23,1,0
12:50:00,501201016,11,0,14,1,0
12:50:00,501201017,0,0,27,1,0
12:50:00,501201018,4,0,20,1,0
12:50:00,501201019,5,0,23,1,0
12:50:00,501201020,8,0,16,1,0
12:50:00,501201021,13,0,2,1,0
12:50:00,501201022,3,0,13,1,0
12:50:00,501201023,2,0,26,1,0
12:50:00,501201024,3,0,21,1,0
12:50:00,501201025,10,2,14,1,0
12:50:00,501201026,8,1,11,1,0
12:50:00,501201028,14,2,6,1,0
12:50:00,501201029,11,2,2,1,0
12:50:00,501201030,13,4,1,1,0
12:50:00,501201031,8,0,9,1,0
12:50:00,501202001,6,0,8,1,0
12:50:00,501202003,6,0,34,1,0
12:50:00,501202013,1,0,16,1,0
12:50:00,501202023,1,0,12,1,0
12:50:00,501202024,11,0,4,1,0
12:50:00,501202034,3,1,13,1,0
12:50:00,501202035,29,2,1,1,0
12:50:00,501202036,34,2,4,1,0
12:50:00,501202040,4,0,41,1,0
12:50:00,501202043,8,0,17,1,0
12:50:00,501202044,0,0,0,2,0
12:50:00,501202047,2,1,19,1,0
12:50:00,501202050,2,0,14,1,0
12:50:00,501202055,4,0,11,1,0
12:50:00,501202058,9,0,6,1,0
12:50:00,501202065,10,1,4,1,0
12:50:00,501202068,0,0,18,1,0
12:50:00,501202070,13,1,3,1,0
12:50:00,501202078,5,0,20,1,0
12:50:00,501202080,14,2,12,1,0
12:50:00,501202081,16,1,7,1,0
12:50:00,501202082,2,1,21,1,0
12:50:00,501202083,11,1,12,1,0
12:50:00,501202084,9,2,15,1,0
12:50:00,501202085,1,0,34,1,0
12:50:00,501202088,8,0,22,1,0
12:50:00,501202089,2,0,27,1,0
12:50:00,501202096,1,0,14,1,0
12:50:00,501203001,6,0,14,1,0
12:50:00,501203002,5,0,17,1,0
12:50:00,501203003,1,1,93,1,0
12:50:00,501203005,3,0,17,1,0
12:50:00,501203006,9,3,6,1,0
12:50:00,501203007,6,0,9,1,0
12:50:00,501203008,6,0,10,1,0
12:50:00,501203010,15,1,18,1,0
12:50:00,501203011,17,3,20,1,0
12:50:00,501203012,11,0,6,1,0
12:50:00,501203013,4,0,20,1,0
12:50:00,501203015,4,0,8,1,0
12:50:00,501203020,4,1,16,1,0
12:50:00,501203022,3,0,16,1,0
12:50:00,501203023,7,0,11,1,0
12:50:00,501203028,5,1,20,1,0
12:50:00,501203040,12,2,10,1,0
12:50:00,501203045,11,0,7,1,0
12:50:00,501203050,14,0,46,1,0
12:50:00,501203051,4,0,20,1,0
12:50:00,501203053,6,0,20,1,0
12:50:00,501203054,8,0,14,1,0
12:50:00,501203064,16,1,0,1,0
12:50:00,501203065,2,1,14,1,0
12:50:00,501203070,4,0,11,1,0
12:50:00,501203073,6,0,18,1,0
12:50:00,501203076,3,0,13,1,0
12:50:00,501203078,8,0,8,1,0
12:50:00,501203080,5,0,10,1,0
12:50:00,501203084,1,0,9,1,0
12:50:00,501203085,5,1,5,1,0
12:50:00,501203088,14,4,0,1,0
12:50:00,501203089,3,2,9,1,0
12:50:00,501203090,3,0,6,1,0
12:50:00,501203091,5,0,8,1,0
12:50:00,501203092,1,0,19,1,0
12:50:00,501203100,6,1,13,1,0
12:50:00,501203101,0,0,0,2,0
12:50:00,501203102,5,2,14,1,0
12:50:00,501203104,11,0,8,1,0
12:50:00,501203105,2,0,9,1,0
12:50:00,501203107,0,0,0,2,0
12:50:00,501203109,6,0,20,1,0
12:50:00,501203110,8,3,33,1,0
12:50:00,501203111,4,0,7,1,0
12:50:00,501203113,4,0,14,1,0
12:50:00,501203114,2,0,48,1,0
12:50:00,501203117,0,0,0,2,0
12:50:00,501203118,7,0,13,1,0
12:50:00,501203121,1,1,23,1,0
12:50:00,501203122,9,0,11,1,0
12:50:00,501203125,2,0,23,1,0
12:50:00,501203131,1,1,19,1,0
12:50:00,501203140,21,4,20,1,0
12:50:00,501203141,5,1,11,1,0
12:50:00,501203142,9,2,66,1,0
12:50:00,501203145,7,0,8,1,0
12:50:00,501203151,1,0,17,1,0
12:50:00,501203155,13,1,6,1,0
12:50:00,501203157,4,0,13,1,0
12:50:00,501203159,1,1,19,1,0
12:50:00,501203161,5,0,13,1,0
12:50:00,501203162,8,0,13,1,0
12:50:00,501203163,11,1,5,1,0
12:50:00,501204001,4,1,21,1,0
12:50:00,501204002,11,1,25,1,0
12:50:00,501204003,8,1,36,1,0
12:50:00,501204004,11,3,3,1,0
12:50:00,501204005,12,0,8,1,0
12:50:00,501204007,6,0,30,1,0
12:50:00,501204008,9,3,6,1,0
12:50:00,501204009,0,0,0,2,0
12:50:00,501204010,0,0,0,2,0
12:50:00,501204011,9,1,6,1,0
12:50:00,501204012,5,0,9,1,0
12:50:00,501204013,4,1,10,1,0
12:50:00,501204014,3,0,13,1,0
12:50:00,501204015,9,0,6,1,0
12:50:00,501204016,2,0,18,1,0
12:50:00,501204017,9,1,6,1,0
12:50:00,501204018,3,0,21,1,0
12:50:00,501204020,2,0,17,1,0
12:50:00,501204021,7,1,13,1,0
12:50:00,501204022,0,0,16,1,0
12:50:00,501204023,5,1,10,1,0
12:50:00,501204024,0,0,0,2,0
12:50:00,501204025,6,0,13,1,0
12:50:00,501205001,14,1,3,1,0
12:50:00,501205003,4,1,15,1,0
12:50:00,501205004,2,0,14,1,0
12:50:00,501205005,15,0,7,1,0
12:50:00,501205006,16,1,4,1,0
12:50:00,501205007,8,2,4,1,0
12:50:00,501205008,14,2,12,1,0
12:50:00,501205009,13,0,32,1,0
12:50:00,501205010,9,2,5,1,0
12:50:00,501205011,0,0,31,1,0
12:50:00,501205012,8,1,12,1,0
12:50:00,501205013,10,0,11,1,0
12:50:00,501205014,5,2,18,1,0
12:50:00,501205015,6,1,12,1,0
12:50:00,501205018,1,0,17,1,0
12:50:00,501205019,17,0,11,1,0
12:50:00,501205020,0,0,29,1,0
12:50:00,501205021,0,0,15,1,0
12:50:00,501205022,6,0,9,1,0
12:50:00,501205023,14,3,0,1,0
12:50:00,501205025,7,2,21,1,0
12:50:00,501205026,6,0,13,1,0
12:50:00,501205027,0,0,10,1,0
12:50:00,501205028,2,0,13,1,0
12:50:00,501205029,3,2,7,1,0
12:50:00,501205030,8,1,2,1,0
12:50:00,501205033,8,0,7,1,0
12:50:00,501205034,16,2,11,1,0
12:50:00,501205035,7,1,9,1,0
12:50:00,501205036,6,2,9,1,0
12:50:00,501205037,11,2,5,1,0
12:50:00,501205038,3,0,17,1,0
12:50:00,501205039,14,2,6,1,0
12:50:00,501205040,4,1,21,1,0
12:50:00,501205041,5,0,12,1,0
12:50:00,501205042,7,1,22,1,0
12:50:00,501208011,27,2,9,1,0
12:50:00,501208013,27,0,27,1,0
12:50:00,501208014,20,0,18,1,0
12:50:00,501208015,7,0,8,1,0
12:50:00,501208018,3,0,12,1,0
12:50:00,501208021,15,2,2,1,0
12:50:00,501208027,10,2,19,1,0
12:50:00,501208029,12,0,10,1,0
12:50:00,501208030,23,0,15,1,0
12:50:00,501208032,22,3,6,1,0
12:50:00,501208040,9,3,10,1,0
12:50:00,501208041,8,1,7,1,0
12:50:00,501208045,6,1,26,1,0
12:50:00,501208051,20,1,15,1,0
12:50:00,501208053,8,0,13,1,0
12:50:00,501208054,18,0,9,1,0
12:50:00,501208059,29,7,0,1,0
12:50:00,501208064,6,0,14,1,0
12:50:00,501208077,3,1,7,1,0
12:50:00,501208079,4,1,18,1,0
12:50:00,501208082,6,0,4,1,0
12:50:00,501208085,5,1,12,1,0
12:50:00,501208087,10,0,21,1,0
12:50:00,501208089,22,1,3,1,0
12:50:00,501208091,9,1,34,1,0
12:50:00,501208111,1,1,14,1,0
12:50:00,501208113,8,1,12,1,0
12:50:00,501208114,7,1,13,1,0
12:50:00,501208129,8,0,15,1,0
12:50:00,501208130,3,0,12,1,0
12:50:00,501209002,3,0,17,1,0
12:50:00,501209003,9,0,5,1,0
12:50:00,501209004,3,2,11,1,0
12:50:00,501209005,10,1,8,1,0
12:50:00,501209006,8,1,10,1,0
12:50:00,501209007,1,0,14,1,0
12:50:00,501209009,0,0,0,2,0
12:50:00,501209010,4,0,10,1,0
12:50:00,501209011,3,1,22,1,0
12:50:00,501209014,9,0,3,1,0
12:50:00,501209015,8,0,7,1,0
12:50:00,501209016,13,4,16,1,0
12:50:00,501209017,7,0,6,1,0
12:50:00,501209018,1,1,15,1,0
12:50:00,501209019,6,2,19,1,0
12:50:00,501209020,9,0,22,1,0
12:50:00,501209021,1,0,13,1,0
12:50:00,501209022,1,0,9,1,0
12:50:00,501209023,14,3,27,1,0
12:50:00,501209024,8,0,34,1,0
12:50:00,501209025,1,0,14,1,0
12:50:00,501209026,23,1,3,1,0
12:50:00,501209027,8,1,11,1,0
12:50:00,501209028,2,0,26,1,0
12:50:00,501209030,11,2,7,1,0
12:50:00,501209031,0,0,30,1,0
12:50:00,501209032,11,3,17,1,0
12:50:00,501209033,5,0,15,1,0
12:50:00,501209034,1,0,14,1,0
12:50:00,501209035,12,0,16,1,0
12:50:00,501209036,13,1,17,1,0
12:50:00,501209037,8,1,28,1,0
12:50:00,501209038,3,0,12,1,0
12:50:00,501209039,0,0,30,1,0
12:50:00,501209040,1,0,30,1,0
12:50:00,501209042,1,0,19,1,0
12:50:00,501209043,1,0,23,1,0
12:50:00,501209044,6,2,9,1,0
12:50:00,501209045,9,2,6,1,0
12:50:00,501209046,5,0,17,1,0
12:50:00,501209047,3,0,11,1,0
12:50:00,501209049,13,1,7,1,0
12:50:00,501209050,6,1,7,1,0
12:50:00,501209051,3,0,21,1,0
12:50:00,501209052,4,1,18,1,0
12:50:00,501209053,5,1,15,1,0
12:50:00,501209054,1,0,26,1,0
12:50:00,501209056,8,2,7,1,0
12:50:00,501209058,15,0,1,1,0
12:50:00,501209059,13,0,2,1,0
12:50:00,501209060,8,1,12,1,0
12:50:00,501209062,1,0,14,1,0
12:50:00,501209064,8,0,7,1,0
12:50:00,501209065,3,0,12,1,0
12:50:00,501209066,5,2,9,1,0
12:50:00,501209067,8,2,7,1,0
12:50:00,501209068,9,1,8,1,0
12:50:00,501209069,0,0,63,1,0
12:50:00,501209070,0,0,17,1,0
12:50:00,501209071,7,1,9,1,0
12:50:00,501209073,7,1,7,1,0
12:50:00,501209074,7,0,16,1,0
12:50:00,501209075,9,0,5,1,0
12:50:00,501209076,7,0,16,1,0
12:50:00,501209077,7,2,8,1,0
12:50:00,501209078,8,0,4,1,0
12:50:00,501209079,7,0,18,1,0
12:50:00,501209080,2,1,23,1,0
12:50:00,501209081,9,1,6,1,0
12:50:00,501209084,1,0,22,1,0
12:50:00,501209085,21,2,7,1,0
12:50:00,501209087,14,2,25,1,0
12:50:00,501209088,4,1,11,1,0
12:50:00,501209089,12,0,8,1,0
12:50:00,501209090,7,0,7,1,0
12:50:00,501209091,8,6,8,1,0
12:50:00,501209092,0,0,15,1,0
12:50:00,501209093,8,0,7,1,0
12:50:00,501209094,6,0,10,1,0
12:50:00,501209095,5,3,9,1,0
12:50:00,501209096,8,1,6,1,0
12:50:00,501209097,4,0,11,1,0
12:50:00,501209098,0,0,15,1,0
12:50:00,501209099,7,0,13,1,0
12:50:00,501209100,11,0,2,1,0
12:50:00,501209101,2,0,12,1,0
12:50:00,501209102,6,2,14,1,0
12:50:00,501209104,6,1,13,1,0
12:50:00,501209105,9,0,16,1,0
12:50:00,501209106,0,0,20,1,0
12:50:00,501211001,16,1,20,1,0
12:50:00,501211002,3,0,12,1,0
12:50:00,501211004,5,1,10,1,0
12:50:00,501211005,6,0,13,1,0
12:50:00,501211006,0,0,16,1,0
12:50:00,501211007,0,0,19,1,0
12:50:00,501211009,9,0,9,1,0
12:50:00,501211011,8,1,22,1,0
12:50:00,501211012,11,1,7,1,0
13:00:00,501201001,0,0,0,2,0
13:00:00,501201002,19,1,21,1,0
13:00:00,501201003,4,0,19,1,0
13:00:00,501201004,10,0,4,1,0
13:00:00,501201005,5,0,14,1,0
13:00:00,501201006,2,0,26,1,0
13:00:00,501201007,5,0,14,1,0
13:00:00,501201008,4,0,21,1,0
13:00:00,501201010,0,0,10,1,0
13:00:00,501201011,9,0,12,1,0
13:00:00,501201012,10,1,30,1,0
13:00:00,501201013,8,1,14,1,0
13:00:00,501201014,2,0,17,1,0
13:00:00,501201015,1,0,24,1,0
13:00:00,501201016,11,0,14,1,0
13:00:00,501201017,0,0,27,1,0
13:00:00,501201018,1,0,23,1,0
13:00:00,501201019,1,0,27,1,0
13:00:00,501201020,8,0,16,1,0
13:00:00,501201021,13,0,2,1,0
13:00:00,501201022,1,0,15,1,0
13:00:00,501201023,2,0,26,1,0
13:00:00,501201024,2,0,22,1,0
13:00:00,501201025,10,2,14,1,0
13:00:00,501201026,8,1,11,1,0
13:00:00,501201028,13,1,7,1,0
13:00:00,501201029,11,2,2,1,0
13:00:00,501201030,13,4,1,1,0
13:00:00,501201031,8,0,9,1,0
13:00:00,501202001,4,0,10,1,0
13:00:00,501202003,5,0,35,1,0
13:00:00,501202013,1,0,16,1,0
13:00:00,501202023,1,0,12,1,0
13:00:00,501202024,10,0,5,1,0
13:00:00,501202034,3,1,13,1,0
13:00:00,501202035,29,2,1,1,0
13:00:00,501202036,33,1,5,1,0
13:00:00,501202040,4,0,41,1,0
13:00:00,501202043,8,0,17,1,0
13:00:00,501202044,0,0,0,2,0
13:00:00,501202047,3,1,18,1,0
13:00:00,501202050,1,0,15,1,0
13:00:00,501202055,2,0,13,1,0
13:00:00,501202058,9,0,6,1,0
13:00:00,501202065,10,1,4,1,0
13:00:00,501202068,5,1,13,1,0
13:00:00,501202070,13,1,3,1,0
13:00:00,501202078,5,0,20,1,0
13:00:00,501202080,9,1,17,1,0
13:00:00,501202081,14,0,9,1,0
13:00:00,501202082,3,1,20,1,0
13:00:00,501202083,8,0,15,1,0
13:00:00,501202084,8,2,16,1,0
13:00:00,501202085,1,0,34,1,0
13:00:00,501202088,1,0,29,1,0
13:00:00,501202089,2,0,27,1,0
13:00:00,501202096,1,0,14,1,0
13:00:00,501203001,7,0,13,1,0
13:00:00,501203002,8,1,14,1,0
13:00:00,501203003,0,0,94,1,0
13:00:00,501203005,4,0,16,1,0
13:00:00,501203006,10,3,5,1,0
13:00:00,501203007,8,0,7,1,0
13:00:00,501203008,6,0,10,1,0
13:00:00,501203010,15,1,18,1,0
13:00:00,501203011,17,3,20,1,0
13:00:00,501203012,9,0,8,1,0
13:00:00,501203013,4,1,20,1,0
13:00:00,501203015,4,0,8,1,0
13:00:00,501203020,4,1,16,1,0
13:00:00,501203022,4,0,15,1,0
13:00:00,501203023,5,1,13,1,0
13:00:00,501203028,5,1,20,1,0
13:00:00,501203040,12,2,10,1,0
13:00:00,501203045,11,0,7,1,0
13:00:00,501203050,14,0,46,1,0
13:00:00,501203051,4,0,20,1,0
13:00:00,501203053,7,1,19,1,0
13:00:00,501203054,8,0,14,1,0
13:00:00,501203064,16,1,0,1,0
13:00:00,501203065,2,1,14,1,0
13:00:00,501203070,4,0,11,1,0
13:00:00,501203073,6,0,18,1,0
13:00:00,501203076,2,0,14,1,0
13:00:00,501203078,8,0,8,1,0
13:00:00,501203080,6,0,9,1,0
13:00:00,501203084,3,0,7,1,0
13:00:00,501203085,5,1,5,1,0
13:00:00,501203088,13,3,1,1,0
13:00:00,501203089,3,2,9,1,0
13:00:00,501203090,4,1,5,1,0
13:00:00,501203091,5,0,8,1,0
13:00:00,501203092,1,0,19,1,0
13:00:00,501203100,7,1,12,1,0
13:00:00,501203101,0,0,0,2,0
13:00:00,501203102,5,1,14,1,0
13:00:00,501203104,11,0,8,1,0
13:00:00,501203105,2,0,9,1,0
13:00:00,501203107,0,0,0,2,0
13:00:00,501203109,4,0,22,1,0
13:00:00,501203110,8,3,33,1,0
13:00:00,501203111,4,0,7,1,0
13:00:00,501203113,4,0,14,1,0
13:00:00,501203114,1,0,49,1,0
13:00:00,501203117,0,0,0,2,0
13:00:00,501203118,7,0,13,1,0
13:00:00,501203121,2,1,22,1,0
13:00:00,501203122,8,0,12,1,0
13:00:00,501203125,2,0,23,1,0
13:00:00,501203131,1,1,19,1,0
13:00:00,501203140,22,5,19,1,0
13:00:00,501203141,5,1,11,1,0
13:00:00,501203142,8,2,67,1,0
13:00:00,501203145,7,0,8,1,0
13:00:00,501203151,1,0,17,1,0
13:00:00,501203155,12,1,7,1,0
13:00:00,501203157,4,0,13,1,0
13:00:00,501203159,1,1,19,1,0
13:00:00,501203161,5,0,13,1,0
13:00:00,501203162,8,0,13,1,0
13:00:00,501203163,10,0,6,1,0
13:00:00,501204001,5,1,20,1,0
13:00:00,501204002,10,0,26,1,0
13:00:00,501204003,9,2,35,1,0
13:00:00,501204004,10,2,4,1,0
13:00:00,501204005,13,0,7,1,0
13:00:00,501204007,6,0,30,1,0
13:00:00,501204008,7,1,8,1,0
13:00:00,501204009,0,0,0,2,0
13:00:00,501204010,0,0,0,2,0
13:00:00,501204011,8,1,7,1,0
13:00:00,501204012,6,0,8,1,0
13:00:00,501204013,4,1,10,1,0
13:00:00,501204014,3,0,13,1,0
13:00:00,501204015,9,0,6,1,0
13:00:00,501204016,2,0,18,1,0
13:00:00,501204017,8,1,7,1,0
13:00:00,501204018,3,0,21,1,0
13:00:00,501204020,5,0,14,1,0
13:00:00,501204021,7,1,13,1,0
13:00:00,501204022,0,0,16,1,0
13:00:00,501204023,8,3,7,1,0
13:00:00,501204024,0,0,0,2,0
13:00:00,501204025,6,0,13,1,0
13:00:00,501205001,14,1,3,1,0
13:00:00,501205003,4,1,15,1,0
13:00:00,501205004,1,0,15,1,0
13:00:00,501205005,15,0,7,1,0
13:00:00,501205006,17,2,3,1,0
13:00:00,501205007,8,2,4,1,0
13:00:00,501205008,13,1,13,1,0
13:00:00,501205009,14,0,31,1,0
13:00:00,501205010,8,0,6,1,0
13:00:00,501205011,0,0,31,1,0
13:00:00,501205012,9,1,11,1,0
13:00:00,501205013,12,0,9,1,0
13:00:00,501205014,3,2,20,1,0
13:00:00,501205015,6,1,12,1,0
13:00:00,501205018,1,0,17,1,0
13:00:00,501205019,17,0,11,1,0
13:00:00,501205020,1,0,28,1,0
13:00:00,501205021,1,0,14,1,0
13:00:00,501205022,6,0,9,1,0
13:00:00,501205023,14,3,0,1,0
13:00:00,501205025,6,0,22,1,0
13:00:00,501205026,2,0,17,1,0
13:00:00,501205027,0,0,10,1,0
13:00:00,501205028,3,0,12,1,0
13:00:00,501205029,2,2,8,1,0
13:00:00,501205030,8,1,2,1,0
13:00:00,501205033,8,0,7,1,0
13:00:00,501205034,15,2,12,1,0
13:00:00,501205035,7,1,9,1,0
13:00:00,501205036,6,2,9,1,0
13:00:00,501205037,11,2,5,1,0
13:00:00,501205038,3,0,17,1,0
13:00:00,501205039,16,2,4,1,0
13:00:00,501205040,4,1,21,1,0
13:00:00,501205041,6,1,11,1,0
13:00:00,501205042,7,1,22,1,0
13:00:00,501208011,29,1,7,1,0
13:00:00,501208013,26,0,28,1,0
13:00:00,501208014,17,0,21,1,0
13:00:00,501208015,7,0,8,1,0
13:00:00,501208018,3,0,12,1,0
13:00:00,501208021,15,2,2,1,0
13:00:00,501208027,11,1,18,1,0
13:00:00,501208029,12,0,10,1,0
13:00:00,501208030,23,0,15,1,0
13:00:00,501208032,23,2,5,1,0
13:00:00,501208040,9,3,10,1,0
13:00:00,501208041,8,1,7,1,0
13:00:00,501208045,6,1,26,1,0
13:00:00,501208051,21,1,14,1,0
13:00:00,501208053,6,0,15,1,0
13:00:00,501208054,17,0,10,1,0
13:00:00,501208059,28,7,1,1,0
13:00:00,501208064,6,0,14,1,0
13:00:00,501208077,3,1,7,1,0
13:00:00,501208079,3,1,19,1,0
13:00:00,501208082,5,0,5,1,0
13:00:00,501208085,4,0,13,1,0
13:00:00,501208087,10,0,21,1,0
13:00:00,501208089,22,1,3,1,0
13:00:00,501208091,10,1,33,1,0
13:00:00,501208111,4,1,11,1,0
13:00:00,501208113,8,1,12,1,0
13:00:00,501208114,7,1,13,1,0
13:00:00,501208129,7,0,16,1,0
13:00:00,501208130,3,0,12,1,0
13:00:00,501209002,3,0,17,1,0
13:00:00,501209003,8,0,6,1,0
13:00:00,501209004,4,2,10,1,0
13:00:00,501209005,10,1,8,1,0
13:00:00,501209006,8,1,10,1,0
13:00:00,501209007,3,1,12,1,0
13:00:00,501209009,0,0,0,2,0
13:00:00,501209010,5,0,9,1,0
13:00:00,501209011,3,1,22,1,0
13:00:00,501209014,9,0,3,1,0
13:00:00,501209015,7,0,8,1,0
13:00:00,501209016,13,4,16,1,0
13:00:00,501209017,4,0,9,1,0
13:00:00,501209018,1,1,15,1,0
13:00:00,501209019,6,2,19,1,0
13:00:00,501209020,9,0,22,1,0
13:00:00,501209021,1,0,13,1,0
13:00:00,501209022,1,0,9,1,0
13:00:00,501209023,6,1,35,1,0
13:00:00,501209024,5,0,37,1,0
13:00:00,501209025,1,0,14,1,0
13:00:00,501209026,24,1,2,1,0
13:00:00,501209027,8,1,11,1,0
13:00:00,501209028,2,0,26,1,0
13:00:00,501209030,9,1,9,1,0
13:00:00,501209031,1,0,29,1,0
13:00:00,501209032,11,3,17,1,0
13:00:00,501209033,5,0,15,1,0
13:00:00,501209034,2,1,13,1,0
13:00:00,501209035,12,0,16,1,0
13:00:00,501209036,13,0,17,1,0
13:00:00,501209037,8,1,28,1,0
13:00:00,501209038,3,0,12,1,0
13:00:00,501209039,0,0,30,1,0
13:00:00,501209040,1,0,30,1,0
13:00:00,501209042,0,0,20,1,0
13:00:00,501209043,1,0,23,1,0
13:00:00,501209044,6,2,9,1,0
13:00:00,501209045,10,3,5,1,0
13:00:00,501209046,6,0,16,1,0
13:00:00,501209047,7,0,7,1,0
13:00:00,501209049,13,1,7,1,0
13:00:00,501209050,6,0,7,1,0
13:00:00,501209051,1,0,23,1,0
13:00:00,501209052,1,1,21,1,0
13:00:00,501209053,5,1,15,1,0
13:00:00,501209054,1,0,26,1,0
13:00:00,501209056,8,2,7,1,0
13:00:00,501209058,11,0,5,1,0
13:00:00,501209059,12,0,3,1,0
13:00:00,501209060,8,1,12,1,0
13:00:00,501209062,1,0,14,1,0
13:00:00,501209064,8,0,7,1,0
13:00:00,501209065,5,1,10,1,0
13:00:00,501209066,2,0,12,1,0
13:00:00,501209067,8,2,7,1,0
13:00:00,501209068,8,1,9,1,0
13:00:00,501209069,0,0,63,1,0
13:00:00,501209070,0,0,17,1,0
13:00:00,501209071,7,1,9,1,0
13:00:00,501209073,9,1,5,1,0
13:00:00,501209074,9,0,14,1,0
13:00:00,501209075,7,0,7,1,0
13:00:00,501209076,7,0,16,1,0
13:00:00,501209077,7,2,8,1,0
13:00:00,501209078,8,0,4,1,0
13:00:00,501209079,7,0,18,1,0
13:00:00,501209080,2,1,23,1,0
13:00:00,501209081,10,1,5,1,0
13:00:00,501209084,1,0,22,1,0
13:00:00,501209085,10,0,18,1,0
13:00:00,501209087,16,3,23,1,0
13:00:00,501209088,4,1,11,1,0
13:00:00,501209089,12,0,8,1,0
13:00:00,501209090,7,0,7,1,0
13:00:00,501209091,5,5,11,1,0
13:00:00,501209092,0,0,15,1,0
13:00:00,501209093,8,0,7,1,0
13:00:00,501209094,6,0,10,1,0
13:00:00,501209095,5,3,9,1,0
13:00:00,501209096,8,1,6,1,0
13:00:00,501209097,3,0,12,1,0
13:00:00,501209098,0,0,15,1,0
13:00:00,501209099,7,0,13,1,0
13:00:00,501209100,11,0,2,1,0
13:00:00,501209101,2,0,12,1,0
13:00:00,501209102,6,2,14,1,0
13:00:00,501209104,6,1,13,1,0
13:00:00,501209105,9,0,16,1,0
13:00:00,501209106,0,0,20,1,0
13:00:00,501211001,17,1,19,1,0
13:00:00,501211002,3,0,12,1,0
13:00:00,501211004,5,1,10,1,0
13:00:00,501211005,8,0,11,1,0
13:00:00,501211006,0,0,16,1,0
13:00:00,501211007,0,0,19,1,0
13:00:00,501211009,9,0,9,1,0
13:00:00,501211011,8,1,22,1,0
13:00:00,501211012,11,1,7,1,0
13:10:00,501201001,0,0,0,2,0
13:10:00,501201002,18,0,22,1,0
13:10:00,501201003,6,0,17,1,0
13:10:00,501201004,7,0,7,1,0
13:10:00,501201005,4,0,15,1,0
13:10:00,501201006,4,0,24,1,0
13:10:00,501201007,8,2,11,1,0
13:10:00,501201008,4,0,21,1,0
13:10:00,501201010,0,0,10,1,0
13:10:00,501201011,10,0,11,1,0
13:10:00,501201012,11,2,29,1,0
13:10:00,501201013,8,1,14,1,0
13:10:00,501201014,2,0,17,1,0
13:10:00,501201015,0,0,25,1,0
13:10:00,501201016,11,0,14,1,0
13:10:00,501201017,0,0,27,1,0
13:10:00,501201018,2,0,22,1,0
13:10:00,501201019,5,0,23,1,0
13:10:00,501201020,8,0,16,1,0
13:10:00,501201021,15,0,0,1,0
13:10:00,501201022,2,0,14,1,0
13:10:00,501201023,2,0,26,1,0
13:10:00,501201024,5,0,19,1,0
13:10:00,501201025,10,2,14,1,0
13:10:00,501201026,8,1,11,1,0
13:10:00,501201028,14,1,6,1,0
13:10:00,501201029,10,2,3,1,0
13:10:00,501201030,13,4,1,1,0
13:10:00,501201031,8,0,9,1,0
13:10:00,501202001,5,0,9,1,0
13:10:00,501202003,5,0,35,1,0
13:10:00,501202013,1,0,16,1,0
13:10:00,501202023,1,0,12,1,0
13:10:00,501202024,10,0,5,1,0
13:10:00,501202034,3,1,13,1,0
13:10:00,501202035,27,0,3,1,0
13:10:00,501202036,34,2,4,1,0
13:10:00,501202040,5,1,40,1,0
13:10:00,501202043,9,0,16,1,0
13:10:00,501202044,0,0,0,2,0
13:10:00,501202047,4,1,17,1,0
13:10:00,501202050,1,0,15,1,0
13:10:00,501202055,2,0,13,1,0
13:10:00,501202058,9,0,6,1,0
13:10:00,501202065,8,3,6,1,0
13:10:00,501202068,5,1,13,1,0
13:10:00,501202070,13,1,3,1,0
13:10:00,501202078,4,0,21,1,0
13:10:00,501202080,9,1,17,1,0
13:10:00,501202081,14,0,9,1,0
13:10:00,501202082,5,2,18,1,0
13:10:00,501202083,8,0,15,1,0
13:10:00,501202084,9,2,15,1,0
13:10:00,501202085,1,0,34,1,0
13:10:00,501202088,2,0,28,1,0
13:10:00,501202089,2,0,27,1,0
13:10:00,501202096,1,0,14,1,0
13:10:00,501203001,5,0,15,1,0
13:10:00,501203002,7,0,15,1,0
13:10:00,501203003,1,0,93,1,0
13:10:00,501203005,2,0,18,1,0
13:10:00,501203006,9,3,6,1,0
13:10:00,501203007,9,1,6,1,0
13:10:00,501203008,5,0,11,1,0
13:10:00,501203010,15,1,18,1,0
13:10:00,501203011,16,2,21,1,0
13:10:00,501203012,9,0,8,1,0
13:10:00,501203013,4,1,20,1,0
13:10:00,501203015,4,0,8,1,0
13:10:00,501203020,4,0,16,1,0
13:10:00,501203022,4,0,15,1,0
13:10:00,501203023,7,1,11,1,0
13:10:00,501203028,6,1,19,1,0
13:10:00,501203040,11,1,11,1,0
13:10:00,501203045,10,0,8,1,0
13:10:00,501203050,16,1,44,1,0
13:10:00,501203051,4,0,20,1,0
13:10:00,501203053,7,1,19,1,0
13:10:00,501203054,8,0,14,1,0
13:10:00,501203064,16,1,0,1,0
13:10:00,501203065,1,1,15,1,0
13:10:00,501203070,4,0,11,1,0
13:10:00,501203073,7,0,17,1,0
13:10:00,501203076,2,0,14,1,0
13:10:00,501203078,8,0,8,1,0
13:10:00,501203080,9,2,6,1,0
13:10:00,501203084,2,0,8,1,0
13:10:00,501203085,5,1,5,1,0
13:10:00,501203088,12,3,2,1,0
13:10:00,501203089,3,2,9,1,0
13:10:00,501203090,4,1,5,1,0
13:10:00,501203091,5,0,8,1,0
13:10:00,501203092,1,0,19,1,0
13:10:00,501203100,7,1,12,1,0
13:10:00,501203101,0,0,0,2,0
13:10:00,501203102,4,1,15,1,0
13:10:00,501203104,10,0,9,1,0
13:10:00,501203105,3,0,8,1,0
13:10:00,501203107,0,0,0,2,0
13:10:00,501203109,6,0,20,1,0
13:10:00,501203110,7,2,34,1,0
13:10:00,501203111,2,0,9,1,0
13:10:00,501203113,3,0,15,1,0
13:10:00,501203114,2,0,48,1,0
13:10:00,501203117,0,0,0,2,0
13:10:00,501203118,8,0,12,1,0
13:10:00,501203121,3,1,21,1,0
13:10:00,501203122,8,0,12,1,0
13:10:00,501203125,2,0,23,1,0
13:10:00,501203131,1,1,19,1,0
13:10:00,501203140,22,5,19,1,0
13:10:00,501203141,5,1,11,1,0
13:10:00,501203142,7,2,68,1,0
13:10:00,501203145,8,0,7,1,0
13:10:00,501203151,1,0,17,1,0
13:10:00,501203155,12,1,7,1,0
13:10:00,501203157,3,0,14,1,0
13:10:00,501203159,1,1,19,1,0
13:10:00,501203161,5,0,13,1,0
13:10:00,501203162,8,0,13,1,0
13:10:00,501203163,9,0,7,1,0
13:10:00,501204001,7,2,18,1,0
13:10:00,501204002,7,0,29,1,0
13:10:00,501204003,5,0,39,1,0
13:10:00,501204004,8,0,6,1,0
13:10:00,501204005,14,0,6,1,0
13:10:00,501204007,3,0,33,1,0
13:10:00,501204008,10,4,5,1,0
13:10:00,501204009,0,0,0,2,0
13:10:00,501204010,0,0,0,2,0
13:10:00,501204011,6,1,9,1,0
13:10:00,501204012,7,0,7,1,0
13:10:00,501204013,4,1,10,1,0
13:10:00,501204014,4,0,12,1,0
13:10:00,501204015,9,0,6,1,0
13:10:00,501204016,1,0,19,1,0
13:10:00,501204017,8,1,7,1,0
13:10:00,501204018,3,0,21,1,0
13:10:00,501204020,5,0,14,1,0
13:10:00,501204021,7,1,13,1,0
13:10:00,501204022,0,0,16,1,0
13:10:00,501204023,10,4,5,1,0
13:10:00,501204024,0,0,0,2,0
13:10:00,501204025,6,0,13,1,0
13:10:00,501205001,15,1,2,1,0
13:10:00,501205003,4,1,15,1,0
13:10:00,501205004,2,0,14,1,0
13:10:00,501205005,15,0,7,1,0
13:10:00,501205006,17,2,3,1,0
13:10:00,501205007,8,2,4,1,0
13:10:00,501205008,13,1,13,1,0
13:10:00,501205009,18,0,27,1,0
13:10:00,501205010,5,0,9,1,0
13:10:00,501205011,2,0,29,1,0
13:10:00,501205012,9,0,11,1,0
13:10:00,501205013,12,0,9,1,0
13:10:00,501205014,3,2,20,1,0
13:10:00,501205015,6,1,12,1,0
13:10:00,501205018,1,0,17,1,0
13:10:00,501205019,17,0,11,1,0
13:10:00,501205020,6,0,23,1,0
13:10:00,501205021,0,0,15,1,0
13:10:00,501205022,6,0,9,1,0
13:10:00,501205023,13,3,1,1,0
13:10:00,501205025,5,0,23,1,0
13:10:00,501205026,0,0,19,1,0
13:10:00,501205027,0,0,10,1,0
13:10:00,501205028,4,0,11,1,0
13:10:00,501205029,1,1,9,1,0
13:10:00,501205030,9,2,1,1,0
13:10:00,501205033,8,0,7,1,0
13:10:00,501205034,13,4,15,1,0
13:10:00,501205035,7,1,9,1,0
13:10:00,501205036,7,3,8,1,0
13:10:00,501205037,13,2,3,1,0
13:10:00,501205038,3,0,17,1,0
13:10:00,501205039,17,2,3,1,0
13:10:00,501205040,4,1,21,1,0
13:10:00,501205041,5,0,12,1,0
13:10:00,501205042,7,1,22,1,0
13:10:00,501208011,34,1,2,1,0
13:10:00,501208013,25,0,29,1,0
13:10:00,501208014,18,1,20,1,0
13:10:00,501208015,5,0,9,1,0
13:10:00,501208018,4,0,11,1,0
13:10:00,501208021,16,2,1,1,0
13:10:00,501208027,11,2,18,1,0
13:10:00,501208029,10,0,12,1,0
13:10:00,501208030,24,0,14,1,0
13:10:00,501208032,24,4,4,1,0
13:10:00,501208040,9,3,10,1,0
13:10:00,501208041,7,0,8,1,0
13:10:00,501208045,5,1,27,1,0
13:10:00,501208051,20,2,15,1,0
13:10:00,501208053,4,0,17,1,0
13:10:00,501208054,18,0,9,1,0
13:10:00,501208059,29,7,0,1,0
13:10:00,501208064,6,0,14,1,0
13:10:00,501208077,3,1,7,1,0
13:10:00,501208079,4,1,18,1,0
13:10:00,501208082,6,0,4,1,0
13:10:00,501208085,3,0,14,1,0
13:10:00,501208087,10,0,21,1,0
13:10:00,501208089,23,1,2,1,0
13:10:00,501208091,10,1,33,1,0
13:10:00,501208111,5,1,10,1,0
13:10:00,501208113,8,1,12,1,0
13:10:00,501208114,7,1,13,1,0
13:10:00,501208129,7,0,16,1,0
13:10:00,501208130,2,0,13,1,0
13:10:00,501209002,2,0,18,1,0
13:10:00,501209003,7,0,7,1,0
13:10:00,501209004,4,3,11,1,0
13:10:00,501209005,9,1,9,1,0
13:10:00,501209006,8,0,10,1,0
13:10:00,501209007,3,1,12,1,0
13:10:00,501209009,0,0,0,2,0
13:10:00,501209010,4,0,10,1,0
13:10:00,501209011,2,1,23,1,0
13:10:00,501209014,9,0,3,1,0
13:10:00,501209015,7,0,8,1,0
13:10:00,501209016,14,4,15,1,0
13:10:00,501209017,5,0,8,1,0
13:10:00,501209018,1,1,15,1,0
13:10:00,501209019,7,1,18,1,0
13:10:00,501209020,9,0,22,1,0
13:10:00,501209021,1,0,13,1,0
13:10:00,501209022,1,0,9,1,0
13:10:00,501209023,4,1,37,1,0
13:10:00,501209024,6,1,36,1,0
13:10:00,501209025,1,0,14,1,0
13:10:00,501209026,18,0,8,1,0
13:10:00,501209027,7,1,12,1,0
13:10:00,501209028,2,0,26,1,0
13:10:00,501209030,12,2,6,1,0
13:10:00,501209031,1,0,29,1,0
13:10:00,501209032,12,3,16,1,0
13:10:00,501209033,6,1,14,1,0
13:10:00,501209034,2,1,13,1,0
13:10:00,501209035,16,0,12,1,0
13:10:00,501209036,14,1,16,1,0
13:10:00,501209037,8,1,28,1,0
13:10:00,501209038,3,0,12,1,0
13:10:00,501209039,0,0,30,1,0
13:10:00,501209040,2,0,29,1,0
13:10:00,501209042,1,0,19,1,0
13:10:00,501209043,0,0,24,1,0
13:10:00,501209044,6,2,9,1,0
13:10:00,501209045,11,3,4,1,0
13:10:00,501209046,9,0,13,1,0
13:10:00,501209047,8,0,6,1,0
13:10:00,501209049,15,2,5,1,0
13:10:00,501209050,6,0,7,1,0
13:10:00,501209051,0,0,24,1,0
13:10:00,501209052,1,1,21,1,0
13:10:00,501209053,5,1,15,1,0
13:10:00,501209054,0,0,27,1,0
13:10:00,501209056,6,0,9,1,0
13:10:00,501209058,13,0,3,1,0
13:10:00,501209059,12,0,3,1,0
13:10:00,501209060,8,1,12,1,0
13:10:00,501209062,1,0,14,1,0
13:10:00,501209064,8,0,7,1,0
13:10:00,501209065,5,1,10,1,0
13:10:00,501209066,4,0,10,1,0
13:10:00,501209067,5,2,10,1,0
13:10:00,501209068,10,1,7,1,0
13:10:00,501209069,1,0,62,1,0
13:10:00,501209070,0,0,17,1,0
13:10:00,501209071,7,1,9,1,0
13:10:00,501209073,9,1,5,1,0
13:10:00,501209074,8,0,14,1,0
13:10:00,501209075,6,0,8,1,0
13:10:00,501209076,5,0,18,1,0
13:10:00,501209077,8,2,7,1,0
13:10:00,501209078,8,0,4,1,0
13:10:00,501209079,6,0,19,1,0
13:10:00,501209080,2,1,23,1,0
13:10:00,501209081,10,1,5,1,0
13:10:00,501209084,1,0,22,1,0
13:10:00,501209085,10,0,18,1,0
13:10:00,501209087,17,3,22,1,0
13:10:00,501209088,4,1,11,1,0
13:10:00,501209089,9,0,11,1,0
13:10:00,501209090,5,0,9,1,0
13:10:00,501209091,5,5,11,1,0
13:10:00,501209092,0,0,15,1,0
13:10:00,501209093,8,0,7,1,0
13:10:00,501209094,6,0,10,1,0
13:10:00,501209095,5,3,9,1,0
13:10:00,501209096,8,1,6,1,0
13:10:00,501209097,3,0,12,1,0
13:10:00,501209098,0,0,15,1,0
13:10:00,501209099,7,0,13,1,0
13:10:00,501209100,11,0,2,1,0
13:10:00,501209101,6,0,8,1,0
13:10:00,501209102,5,2,15,1,0
13:10:00,501209104,6,1,13,1,0
13:10:00,501209105,9,0,16,1,0
13:10:00,501209106,4,0,16,1,0
13:10:00,501211001,17,1,19,1,0
13:10:00,501211002,3,0,12,1,0
13:10:00,501211004,5,1,10,1,0
13:10:00,501211005,8,0,11,1,0
13:10:00,501211006,0,0,16,1,0
13:10:00,501211007,1,0,18,1,0
13:10:00,501211009,9,0,9,1,0
13:10:00,501211011,8,1,22,1,0
13:10:00,501211012,10,0,8,1,0
13:20:01,501201001,0,0,0,2,0
13:20:01,501201002,19,0,21,1,0
13:20:01,501201003,6,0,17,1,0
13:20:01,501201004,7,0,7,1,0
13:20:01,501201005,4,0,15,1,0
13:20:01,501201006,8,1,20,1,0
13:20:01,501201007,5,0,14,1,0
13:20:01,501201008,4,0,21,1,0
13:20:01,501201010,0,0,10,1,0
13:20:01,501201011,11,0,10,1,0
13:20:01,501201012,9,1,31,1,0
13:20:01,501201013,8,1,14,1,0
13:20:01,501201014,1,0,18,1,0
13:20:01,501201015,0,0,25,1,0
13:20:01,501201016,11,0,14,1,0
13:20:01,501201017,1,0,26,1,0
13:20:01,501201018,1,0,23,1,0
13:20:01,501201019,7,1,21,1,0
13:20:01,501201020,8,0,16,1,0
13:20:01,501201021,15,0,0,1,0
13:20:01,501201022,3,0,13,1,0
13:20:01,501201023,2,0,26,1,0
13:20:01,501201024,6,1,18,1,0
13:20:01,501201025,10,2,14,1,0
13:20:01,501201026,8,1,11,1,0
13:20:01,501201028,13,1,7,1,0
13:20:01,501201029,10,2,3,1,0
13:20:01,501201030,12,3,2,1,0
13:20:01,501201031,8,0,9,1,0
13:20:01,501202001,3,0,11,1,0
13:20:01,501202003,7,0,33,1,0
13:20:01,501202013,1,0,16,1,0
13:20:01,501202023,1,0,12,1,0
13:20:01,501202024,11,0,4,1,0
13:20:01,501202034,1,1,15,1,0
13:20:01,501202035,28,1,2,1,0
13:20:01,501202036,33,0,5,1,0
13:20:01,501202040,5,1,40,1,0
13:20:01,501202043,9,2,16,1,0
13:20:01,501202044,0,0,0,2,0
13:20:01,501202047,4,1,17,1,0
13:20:01,501202050,2,0,14,1,0
13:20:01,501202055,2,0,13,1,0
13:20:01,501202058,9,0,6,1,0
13:20:01,501202065,8,3,6,1,0
13:20:01,501202068,5,1,13,1,0
13:20:01,501202070,13,1,3,1,0
13:20:01,501202078,4,0,21,1,0
13:20:01,501202080,9,1,17,1,0
13:20:01,501202081,11,0,12,1,0
13:20:01,501202082,5,2,18,1,0
13:20:01,501202083,7,0,16,1,0
13:20:01,501202084,8,1,16,1,0
13:20:01,501202085,1,0,34,1,0
13:20:01,501202088,2,0,28,1,0
13:20:01,501202089,2,0,27,1,0
13:20:01,501202096,1,0,14,1,0
13:20:01,501203001,9,0,11,1,0
13:20:01,501203002,6,0,16,1,0
13:20:01,501203003,3,1,91,1,0
13:20:01,501203005,2,0,18,1,0
13:20:01,501203006,9,3,6,1,0
13:20:01,501203007,9,0,6,1,0
13:20:01,501203008,5,0,11,1,0
13:20:01,501203010,15,1,18,1,0
13:20:01,501203011,15,1,22,1,0
13:20:01,501203012,9,0,8,1,0
13:20:01,501203013,4,1,20,1,0
13:20:01,501203015,5,0,7,1,0
13:20:01,501203020,3,0,17,1,0
13:20:01,501203022,4,0,15,1,0
13:20:01,501203023,7,0,11,1,0
13:20:01,501203028,7,1,18,1,0
13:20:01,501203040,12,1,10,1,0
13:20:01,501203045,10,0,8,1,0
13:20:01,501203050,16,0,44,1,0
13:20:01,501203051,3,0,21,1,0
13:20:01,501203053,6,0,20,1,0
13:20:01,501203054,8,0,14,1,0
13:20:01,501203064,16,1,0,1,0
13:20:01,501203065,2,1,14,1,0
13:20:01,501203070,5,0,10,1,0
13:20:01,501203073,7,0,17,1,0
13:20:01,501203076,2,0,14,1,0
13:20:01,501203078,8,0,8,1,0
13:20:01,501203080,12,3,3,1,0
13:20:01,501203084,1,0,9,1,0
13:20:01,501203085,5,1,5,1,0
13:20:01,501203088,14,3,0,1,0
13:20:01,501203089,3,2,9,1,0
13:20:01,501203090,4,1,5,1,0
13:20:01,501203091,4,0,9,1,0
13:20:01,501203092,1,0,19,1,0
13:20:01,501203100,6,1,13,1,0
13:20:01,501203101,0,0,0,2,0
13:20:01,501203102,5,1,14,1,0
13:20:01,501203104,11,0,7,1,0
13:20:01,501203105,3,0,8,1,0
13:20:01,501203107,0,0,0,2,0
13:20:01,501203109,6,0,20,1,0
13:20:01,501203110,7,2,34,1,0
13:20:01,501203111,2,0,9,1,0
13:20:01,501203113,4,1,14,1,0
13:20:01,501203114,2,0,48,1,0
13:20:01,501203117,0,0,0,2,0
13:20:01,501203118,10,0,10,1,0
13:20:01,501203121,1,0,23,1,0
13:20:01,501203122,8,0,12,1,0
13:20:01,501203125,2,0,23,1,0
13:20:01,501203131,1,1,19,1,0
13:20:01,501203140,20,5,21,1,0
13:20:01,501203141,5,1,11,1,0
13:20:01,501203142,9,1,66,1,0
13:20:01,501203145,8,0,7,1,0
13:20:01,501203151,0,0,18,1,0
13:20:01,501203155,12,1,7,1,0
13:20:01,501203157,3,0,14,1,0
13:20:01,501203159,1,1,19,1,0
13:20:01,501203161,5,0,13,1,0
13:20:01,501203162,8,0,13,1,0
13:20:01,501203163,9,0,7,1,0
13:20:01,501204001,7,1,18,1,0
13:20:01,501204002,7,0,29,1,0
13:20:01,501204003,3,0,41,1,0
13:20:01,501204004,8,0,6,1,0
13:20:01,501204005,15,0,5,1,0
13:20:01,501204007,7,0,29,1,0
13:20:01,501204008,10,4,5,1,0
13:20:01,501204009,0,0,0,2,0
13:20:01,501204010,0,0,0,2,0
13:20:01,501204011,7,2,8,1,0
13:20:01,501204012,8,0,6,1,0
13:20:01,501204013,4,1,10,1,0
13:20:01,501204014,5,0,11,1,0
13:20:01,501204015,9,0,6,1,0
13:20:01,501204016,3,0,17,1,0
13:20:01,501204017,9,1,6,1,0
13:20:01,501204018,4,0,20,1,0
13:20:01,501204020,3,0,16,1,0
13:20:01,501204021,8,2,12,1,0
13:20:01,501204022,1,0,15,1,0
13:20:01,501204023,7,4,8,1,0
13:20:01,501204024,0,0,0,2,0
13:20:01,501204025,6,0,13,1,0
13:20:01,501205001,12,1,5,1,0
13:20:01,501205003,4,1,15,1,0
13:20:01,501205004,1,0,15,1,0
13:20:01,501205005,13,0,9,1,0
13:20:01,501205006,17,3,3,1,0
13:20:01,501205007,8,2,4,1,0
13:20:01,501205008,14,1,12,1,0
13:20:01,501205009,20,0,25,1,0
13:20:01,501205010,5,2,8,1,0
13:20:01,501205011,2,0,29,1,0
13:20:01,501205012,9,0,11,1,0
13:20:01,501205013,12,0,9,1,0
13:20:01,501205014,3,2,20,1,0
13:20:01,501205015,7,1,11,1,0
13:20:01,501205018,2,0,16,1,0
13:20:01,501205019,17,0,11,1,0
13:20:01,501205020,18,1,11,1,0
13:20:01,501205021,0,0,15,1,0
13:20:01,501205022,6,0,9,1,0
13:20:01,501205023,14,4,0,1,0
13:20:01,501205025,5,0,23,1,0
13:20:01,501205026,0,0,19,1,0
13:20:01,501205027,0,0,10,1,0
13:20:01,501205028,5,1,10,1,0
13:20:01,501205029,1,1,9,1,0
13:20:01,501205030,9,2,1,1,0
13:20:01,501205033,8,0,7,1,0
13:20:01,501205034,2,2,26,1,0
13:20:01,501205035,6,1,10,1,0
13:20:01,501205036,7,3,8,1,0
13:20:01,501205037,13,1,3,1,0
13:20:01,501205038,3,0,17,1,0
13:20:01,501205039,14,1,6,1,0
13:20:01,501205040,3,1,22,1,0
13:20:01,501205041,3,0,14,1,0
13:20:01,501205042,8,1,21,1,0
13:20:01,501208011,32,1,4,1,0
13:20:01,501208013,23,0,31,1,0
13:20:01,501208014,18,1,20,1,0
13:20:01,501208015,5,0,9,1,0
13:20:01,501208018,6,0,9,1,0
13:20:01,501208021,14,2,3,1,0
13:20:01,501208027,12,2,17,1,0
13:20:01,501208029,10,0,12,1,0
13:20:01,501208030,27,2,11,1,0
13:20:01,501208032,23,4,5,1,0
13:20:01,501208040,9,3,10,1,0
13:20:01,501208041,8,0,7,1,0
13:20:01,501208045,5,1,27,1,0
13:20:01,501208051,20,2,15,1,0
13:20:01,501208053,11,0,10,1,0
13:20:01,501208054,18,0,9,1,0
13:20:01,501208059,29,7,0,1,0
13:20:01,501208064,6,0,14,1,0
13:20:01,501208077,3,1,7,1,0
13:20:01,501208079,4,1,18,1,0
13:20:01,501208082,7,0,3,1,0
13:20:01,501208085,3,0,14,1,0
13:20:01,501208087,5,0,26,1,0
13:20:01,501208089,24,1,1,1,0
13:20:01,501208091,12,2,31,1,0
13:20:01,501208111,5,1,10,1,0
13:20:01,501208113,8,1,12,1,0
13:20:01,501208114,7,1,13,1,0
13:20:01,501208129,7,0,16,1,0
13:20:01,501208130,2,0,13,1,0
13:20:01,501209002,2,1,18,1,0
13:20:01,501209003,7,1,7,1,0
13:20:01,501209004,7,4,8,1,0
13:20:01,501209005,10,2,8,1,0
13:20:01,501209006,8,0,10,1,0
13:20:01,501209007,3,1,12,1,0
13:20:01,501209009,0,0,0,2,0
13:20:01,501209010,4,0,10,1,0
13:20:01,501209011,2,1,23,1,0
13:20:01,501209014,9,0,3,1,0
13:20:01,501209015,8,0,7,1,0
13:20:01,501209016,14,3,15,1,0
13:20:01,501209017,6,0,7,1,0
13:20:01,501209018,0,0,16,1,0
13:20:01,501209019,5,1,20,1,0
13:20:01,501209020,9,0,22,1,0
13:20:01,501209021,1,0,13,1,0
13:20:01,501209022,1,0,9,1,0
13:20:01,501209023,17,2,25,1,0
13:20:01,501209024,5,1,37,1,0
13:20:01,501209025,1,0,14,1,0
13:20:01,501209026,15,1,11,1,0
13:20:01,501209027,8,2,11,1,0
13:20:01,501209028,2,0,26,1,0
13:20:01,501209030,14,2,4,1,0
13:20:01,501209031,1,0,29,1,0
13:20:01,501209032,12,3,16,1,0
13:20:01,501209033,7,1,13,1,0
13:20:01,501209034,4,1,11,1,0
13:20:01,501209035,15,0,13,1,0
13:20:01,501209036,12,0,18,1,0
13:20:01,501209037,8,1,28,1,0
13:20:01,501209038,3,0,12,1,0
13:20:01,501209039,0,0,30,1,0
13:20:01,501209040,1,0,30,1,0
13:20:01,501209042,0,0,20,1,0
13:20:01,501209043,2,1,22,1,0
13:20:01,501209044,6,2,9,1,0
13:20:01,501209045,12,3,3,1,0
13:20:01,501209046,6,0,16,1,0
13:20:01,501209047,5,0,9,1,0
13:20:01,501209049,15,2,5,1,0
13:20:01,501209050,6,0,7,1,0
13:20:01,501209051,0,0,24,1,0
13:20:01,501209052,1,1,21,1,0
13:20:01,501209053,5,1,15,1,0
13:20:01,501209054,0,0,27,1,0
13:20:01,501209056,10,0,5,1,0
13:20:01,501209058,14,0,2,1,0
13:20:01,501209059,12,0,3,1,0
13:20:01,501209060,11,1,9,1,0
13:20:01,501209062,1,0,14,1,0
13:20:01,501209064,8,0,7,1,0
13:20:01,501209065,4,0,11,1,0
13:20:01,501209066,4,0,10,1,0
13:20:01,501209067,5,2,10,1,0
13:20:01,501209068,10,1,7,1,0
13:20:01,501209069,2,0,61,1,0
13:20:01,501209070,0,0,17,1,0
13:20:01,501209071,7,1,9,1,0
13:20:01,501209073,10,1,4,1,0
13:20:01,501209074,9,0,14,1,0
13:20:01,501209075,4,0,10,1,0
13:20:01,501209076,5,0,18,1,0
13:20:01,501209077,8,2,7,1,0
13:20:01,501209078,8,0,4,1,0
13:20:01,501209079,7,0,18,1,0
13:20:01,501209080,5,4,22,1,0
13:20:01,501209081,10,1,5,1,0
13:20:01,501209084,1,0,22,1,0
13:20:01,501209085,9,0,19,1,0
13:20:01,501209087,17,3,22,1,0
13:20:01,501209088,4,1,11,1,0
13:20:01,501209089,5,0,15,1,0
13:20:01,501209090,4,1,10,1,0
13:20:01,501209091,5,5,11,1,0
13:20:01,501209092,0,0,15,1,0
13:20:01,501209093,9,0,6,1,0
13:20:01,501209094,6,0,10,1,0
13:20:01,501209095,5,3,9,1,0
13:20:01,501209096,8,1,6,1,0
13:20:01,501209097,3,0,12,1,0
13:20:01,501209098,0,0,15,1,0
13:20:01,501209099,7,0,13,1,0
13:20:01,501209100,11,0,2,1,0
13:20:01,501209101,6,0,8,1,0
13:20:01,501209102,5,2,15,1,0
13:20:01,501209104,5,0,14,1,0
13:20:01,501209105,10,0,15,1,0
13:20:01,501209106,4,0,16,1,0
13:20:01,501211001,17,1,19,1,0
13:20:01,501211002,3,0,12,1,0
13:20:01,501211004,5,1,10,1,0
13:20:01,501211005,8,0,11,1,0
13:20:01,501211006,2,0,14,1,0
13:20:01,501211007,3,0,16,1,0
13:20:01,501211009,9,0,9,1,0
13:20:01,501211011,6,1,24,1,0
13:20:01,501211012,10,0,8,1,0
13:30:00,501201001,0,0,0,2,0
13:30:00,501201002,20,0,20,1,0
13:30:00,501201003,7,1,16,1,0
13:30:00,501201004,6,0,8,1,0
13:30:00,501201005,5,0,14,1,0
13:30:00,501201006,12,3,16,1,0
13:30:00,501201007,6,1,13,1,0
13:30:00,501201008,4,0,21,1,0
13:30:00,501201010,1,1,9,1,0
13:30:00,501201011,13,1,8,1,0
13:30:00,501201012,8,1,32,1,0
13:30:00,501201013,6,0,16,1,0
13:30:00,501201014,0,0,19,1,0
13:30:00,501201015,0,0,25,1,0
13:30:00,501201016,11,0,14,1,0
13:30:00,501201017,0,0,27,1,0
13:30:00,501201018,1,0,23,1,0
13:30:00,501201019,8,1,20,1,0
13:30:00,501201020,8,0,16,1,0
13:30:00,501201021,14,0,1,1,0
13:30:00,501201022,6,1,10,1,0
13:30:00,501201023,2,0,26,1,0
13:30:00,501201024,6,1,18,1,0
13:30:00,501201025,10,2,14,1,0
13:30:00,501201026,8,1,11,1,0
13:30:00,501201028,13,1,7,1,0
13:30:00,501201029,11,2,2,1,0
13:30:00,501201030,10,1,4,1,0
13:30:00,501201031,8,0,9,1,0
13:30:00,501202001,6,0,8,1,0
13:30:00,501202003,7,0,33,1,0
13:30:00,501202013,1,0,16,1,0
13:30:00,501202023,3,0,10,1,0
13:30:00,501202024,11,0,4,1,0
13:30:00,501202034,4,2,12,1,0
13:30:00,501202035,27,1,3,1,0
13:30:00,501202036,32,1,6,1,0
13:30:00,501202040,4,0,41,1,0
13:30:00,501202043,10,4,15,1,0
13:30:00,501202044,0,0,0,2,0
13:30:00,501202047,5,1,16,1,0
13:30:00,501202050,3,0,13,1,0
13:30:00,501202055,2,0,13,1,0
13:30:00,501202058,9,0,6,1,0
13:30:00,501202065,8,3,6,1,0
13:30:00,501202068,7,1,11,1,0
13:30:00,501202070,13,1,3,1,0
13:30:00,501202078,4,0,21,1,0
13:30:00,501202080,11,1,15,1,0
13:30:00,501202081,11,0,12,1,0
13:30:00,501202082,4,2,19,1,0
13:30:00,501202083,7,0,16,1,0
13:30:00,501202084,7,1,17,1,0
13:30:00,501202085,1,0,34,1,0
13:30:00,501202088,1,0,29,1,0
13:30:00,501202089,2,0,27,1,0
13:30:00,501202096,2,0,13,1,0
13:30:00,501203001,9,0,11,1,0
13:30:00,501203002,6,0,16,1,0
13:30:00,501203003,9,0,85,1,0
13:30:00,501203005,2,0,18,1,0
13:30:00,501203006,12,4,3,1,0
13:30:00,501203007,8,1,7,1,0
13:30:00,501203008,4,0,12,1,0
13:30:00,501203010,15,1,18,1,0
13:30:00,501203011,15,1,22,1,0
13:30:00,501203012,8,0,9,1,0
13:30:00,501203013,5,1,19,1,0
13:30:00,501203015,5,0,7,1,0
13:30:00,501203020,3,0,17,1,0
13:30:00,501203022,4,0,15,1,0
13:30:00,501203023,7,0,11,1,0
13:30:00,501203028,7,1,18,1,0
13:30:00,501203040,11,0,11,1,0
13:30:00,501203045,11,1,7,1,0
13:30:00,501203050,23,0,37,1,0
13:30:00,501203051,3,0,21,1,0
13:30:00,501203053,6,0,20,1,0
13:30:00,501203054,9,0,13,1,0
13:30:00,501203064,16,1,0,1,0
13:30:00,501203065,1,0,15,1,0
13:30:00,501203070,5,0,10,1,0
13:30:00,501203073,7,0,17,1,0
13:30:00,501203076,2,0,14,1,0
13:30:00,501203078,9,1,7,1,0
13:30:00,501203080,13,3,2,1,0
13:30:00,501203084,3,1,7,1,0
13:30:00,501203085,5,1,5,1,0
13:30:00,501203088,14,3,0,1,0
13:30:00,501203089,2,1,10,1,0
13:30:00,501203090,4,1,5,1,0
13:30:00,501203091,4,0,9,1,0
13:30:00,501203092,1,0,19,1,0
13:30:00,501203100,7,1,12,1,0
13:30:00,501203101,0,0,0,2,0
13:30:00,501203102,5,1,14,1,0
13:30:00,501203104,9,0,9,1,0
13:30:00,501203105,3,0,8,1,0
13:30:00,501203107,0,0,0,2,0
13:30:00,501203109,6,0,20,1,0
13:30:00,501203110,8,2,33,1,0
13:30:00,501203111,3,0,8,1,0
13:30:00,501203113,4,1,14,1,0
13:30:00,501203114,2,0,48,1,0
13:30:00,501203117,0,0,0,2,0
13:30:00,501203118,10,0,10,1,0
13:30:00,501203121,0,0,24,1,0
13:30:00,501203122,7,0,13,1,0
13:30:00,501203125,2,0,23,1,0
13:30:00,501203131,1,1,19,1,0
13:30:00,501203140,21,6,20,1,0
13:30:00,501203141,5,1,11,1,0
13:30:00,501203142,3,0,72,1,0
13:30:00,501203145,8,0,7,1,0
13:30:00,501203151,0,0,18,1,0
13:30:00,501203155,12,1,7,1,0
13:30:00,501203157,3,0,14,1,0
13:30:00,501203159,1,1,19,1,0
13:30:00,501203161,5,0,13,1,0
13:30:00,501203162,9,0,12,1,0
13:30:00,501203163,9,0,7,1,0
13:30:00,501204001,5,0,20,1,0
13:30:00,501204002,8,0,28,1,0
13:30:00,501204003,0,0,44,1,0
13:30:00,501204004,8,0,6,1,0
13:30:00,501204005,15,0,5,1,0
13:30:00,501204007,11,0,25,1,0
13:30:00,501204008,12,4,3,1,0
13:30:00,501204009,0,0,0,2,0
13:30:00,501204010,0,0,0,2,0
13:30:00,501204011,6,1,9,1,0
13:30:00,501204012,4,0,10,1,0
13:30:00,501204013,4,1,10,1,0
13:30:00,501204014,3,0,13,1,0
13:30:00,501204015,9,0,6,1,0
13:30:00,501204016,4,0,16,1,0
13:30:00,501204017,10,1,5,1,0
13:30:00,501204018,4,0,20,1,0
13:30:00,501204020,4,1,16,1,0
13:30:00,501204021,7,2,13,1,0
13:30:00,501204022,0,0,16,1,0
13:30:00,501204023,6,3,9,1,0
13:30:00,501204024,0,0,0,2,0
13:30:00,501204025,6,0,13,1,0
13:30:00,501205001,12,1,5,1,0
13:30:00,501205003,5,1,14,1,0
13:30:00,501205004,2,0,14,1,0
13:30:00,501205005,12,0,10,1,0
13:30:00,501205006,16,4,4,1,0
13:30:00,501205007,3,2,9,1,0
13:30:00,501205008,13,1,13,1,0
13:30:00,501205009,19,0,26,1,0
13:30:00,501205010,1,0,13,1,0
13:30:00,501205011,1,0,30,1,0
13:30:00,501205012,9,1,11,1,0
13:30:00,501205013,12,0,9,1,0
13:30:00,501205014,3,2,20,1,0
13:30:00,501205015,9,1,9,1,0
13:30:00,501205018,4,2,14,1,0
13:30:00,501205019,17,0,11,1,0
13:30:00,501205020,16,1,13,1,0
13:30:00,501205021,0,0,15,1,0
13:30:00,501205022,6,0,9,1,0
13:30:00,501205023,14,4,0,1,0
13:30:00,501205025,2,0,26,1,0
13:30:00,501205026,0,0,19,1,0
13:30:00,501205027,0,0,10,1,0
13:30:00,501205028,4,1,11,1,0
13:30:00,501205029,1,1,9,1,0
13:30:00,501205030,10,2,0,1,0
13:30:00,501205033,8,0,7,1,0
13:30:00,501205034,3,2,25,1,0
13:30:00,501205035,6,1,10,1,0
13:30:00,501205036,10,3,5,1,0
13:30:00,501205037,14,1,2,1,0
13:30:00,501205038,2,0,18,1,0
13:30:00,501205039,14,1,6,1,0
13:30:00,501205040,3,1,22,1,0
13:30:00,501205041,3,0,14,1,0
13:30:00,501205042,8,1,21,1,0
13:30:00,501208011,31,1,5,1,0
13:30:00,501208013,20,0,34,1,0
13:30:00,501208014,18,0,20,1,0
13:30:00,501208015,2,0,12,1,0
13:30:00,501208018,4,1,11,1,0
13:30:00,501208021,12,0,5,1,0
13:30:00,501208027,12,2,17,1,0
13:30:00,501208029,10,0,12,1,0
13:30:00,501208030,27,2,11,1,0
13:30:00,501208032,23,3,4,1,0
13:30:00,501208040,9,3,10,1,0
13:30:00,501208041,9,1,6,1,0
13:30:00,501208045,4,1,28,1,0
13:30:00,501208051,22,2,13,1,0
13:30:00,501208053,18,0,3,1,0
13:30:00,501208054,23,0,4,1,0
13:30:00,501208059,29,6,0,1,0
13:30:00,501208064,6,0,14,1,0
13:30:00,501208077,2,0,8,1,0
13:30:00,501208079,4,1,18,1,0
13:30:00,501208082,7,0,3,1,0
13:30:00,501208085,4,0,13,1,0
13:30:00,501208087,4,0,27,1,0
13:30:00,501208089,25,1,0,1,0
13:30:00,501208091,12,2,31,1,0
13:30:00,501208111,5,1,10,1,0
13:30:00,501208113,8,1,12,1,0
13:30:00,501208114,7,1,13,1,0
13:30:00,501208129,7,0,16,1,0
13:30:00,501208130,2,0,13,1,0
13:30:00,501209002,3,2,17,1,0
13:30:00,501209003,6,0,8,1,0
13:30:00,501209004,7,3,8,1,0
13:30:00,501209005,9,2,9,1,0
13:30:00,501209006,8,0,10,1,0
13:30:00,501209007,3,1,12,1,0
13:30:00,501209009,0,0,0,2,0
13:30:00,501209010,4,0,10,1,0
13:30:00,501209011,2,1,23,1,0
13:30:00,501209014,9,0,3,1,0
13:30:00,501209015,7,0,8,1,0
13:30:00,501209016,15,3,14,1,0
13:30:00,501209017,5,0,8,1,0
13:30:00,501209018,0,0,16,1,0
13:30:00,501209019,5,1,20,1,0
13:30:00,501209020,10,0,21,1,0
13:30:00,501209021,1,0,13,1,0
13:30:00,501209022,1,0,9,1,0
13:30:00,501209023,18,2,24,1,0
13:30:00,501209024,5,2,37,1,0
13:30:00,501209025,1,0,14,1,0
13:30:00,501209026,14,0,12,1,0
13:30:00,501209027,7,2,12,1,0
13:30:00,501209028,0,0,28,1,0
13:30:00,501209030,15,2,3,1,0
13:30:00,501209031,1,0,29,1,0
13:30:00,501209032,12,3,16,1,0
13:30:00,501209033,5,1,15,1,0
13:30:00,501209034,5,1,10,1,0
13:30:00,501209035,17,0,11,1,0
13:30:00,501209036,12,0,18,1,0
13:30:00,501209037,8,1,28,1,0
13:30:00,501209038,3,0,12,1,0
13:30:00,501209039,0,0,30,1,0
13:30:00,501209040,5,0,26,1,0
13:30:00,501209042,0,0,20,1,0
13:30:00,501209043,1,0,23,1,0
13:30:00,501209044,6,2,9,1,0
13:30:00,501209045,13,4,2,1,0
13:30:00,501209046,4,0,18,1,0
13:30:00,501209047,4,0,10,1,0
13:30:00,501209049,14,1,6,1,0
13:30:00,501209050,6,0,7,1,0
13:30:00,501209051,0,0,24,1,0
13:30:00,501209052,1,1,21,1,0
13:30:00,501209053,5,1,15,1,0
13:30:00,501209054,2,1,25,1,0
13:30:00,501209056,11,0,4,1,0
13:30:00,501209058,14,0,2,1,0
13:30:00,501209059,12,0,3,1,0
13:30:00,501209060,12,0,8,1,0
13:30:00,501209062,1,0,14,1,0
13:30:00,501209064,7,0,8,1,0
13:30:00,501209065,4,0,11,1,0
13:30:00,501209066,4,0,10,1,0
13:30:00,501209067,5,2,10,1,0
13:30:00,501209068,10,1,7,1,0
13:30:00,501209069,0,0,63,1,0
13:30:00,501209070,1,0,16,1,0
13:30:00,501209071,8,1,8,1,0
13:30:00,501209073,8,1,6,1,0
13:30:00,501209074,9,0,14,1,0
13:30:00,501209075,4,0,10,1,0
13:30:00,501209076,6,1,17,1,0
13:30:00,501209077,8,2,7,1,0
13:30:00,501209078,8,0,4,1,0
13:30:00,501209079,7,0,18,1,0
13:30:00,501209080,5,4,22,1,0
13:30:00,501209081,10,1,5,1,0
13:30:00,501209084,1,0,22,1,0
13:30:00,501209085,8,0,20,1,0
13:30:00,501209087,22,4,17,1,0
13:30:00,501209088,4,1,11,1,0
13:30:00,501209089,6,0,14,1,0
13:30:00,501209090,5,0,9,1,0
13:30:00,501209091,5,5,11,1,0
13:30:00,501209092,0,0,15,1,0
13:30:00,501209093,10,1,5,1,0
13:30:00,501209094,6,0,10,1,0
13:30:00,501209095,4,2,10,1,0
13:30:00,501209096,8,1,6,1,0
13:30:00,501209097,3,0,12,1,0
13:30:00,501209098,6,2,9,1,0
13:30:00,501209099,7,0,13,1,0
13:30:00,501209100,12,0,1,1,0
13:30:00,501209101,6,0,8,1,0
13:30:00,501209102,5,2,15,1,0
13:30:00,501209104,5,0,14,1,0
13:30:00,501209105,10,0,15,1,0
13:30:00,501209106,4,0,16,1,0
13:30:00,501211001,19,1,17,1,0
13:30:00,501211002,3,0,12,1,0
13:30:00,501211004,5,1,10,1,0
13:30:00,501211005,4,0,15,1,0
13:30:00,501211006,2,0,14,1,0
13:30:00,501211007,2,0,17,1,0
13:30:00,501211009,9,0,9,1,0
13:30:00,501211011,8,1,22,1,0
13:30:00,501211012,11,1,7,1,0
13:40:01,501201001,0,0,0,2,0
13:40:01,501201002,21,0,19,1,0
13:40:01,501201003,6,0,17,1,0
13:40:01,501201004,5,0,9,1,0
13:40:01,501201005,4,0,15,1,0
13:40:01,501201006,14,3,14,1,0
13:40:01,501201007,7,1,12,1,0
13:40:01,501201008,4,0,21,1,0
13:40:01,501201010,1,1,9,1,0
13:40:01,501201011,12,0,9,1,0
13:40:01,501201012,3,1,37,1,0
13:40:01,501201013,6,0,16,1,0
13:40:01,501201014,0,0,19,1,0
13:40:01,501201015,1,0,24,1,0
13:40:01,501201016,10,0,15,1,0
13:40:01,501201017,0,0,27,1,0
13:40:01,501201018,1,0,23,1,0
13:40:01,501201019,9,1,19,1,0
13:40:01,501201020,8,0,16,1,0
13:40:01,501201021,15,0,0,1,0
13:40:01,501201022,4,1,12,1,0
13:40:01,501201023,2,0,26,1,0
13:40:01,501201024,8,2,16,1,0
13:40:01,501201025,7,2,17,1,0
13:40:01,501201026,8,1,11,1,0
13:40:01,501201028,13,1,7,1,0
13:40:01,501201029,11,2,2,1,0
13:40:01,501201030,11,2,3,1,0
13:40:01,501201031,7,0,10,1,0
13:40:01,501202001,8,0,6,1,0
13:40:01,501202003,8,1,32,1,0
13:40:01,501202013,1,0,16,1,0
13:40:01,501202023,3,0,10,1,0
13:40:01,501202024,11,0,4,1,0
13:40:01,501202034,5,1,11,1,0
13:40:01,501202035,25,0,5,1,0
13:40:01,501202036,32,1,6,1,0
13:40:01,501202040,3,0,42,1,0
13:40:01,501202043,10,3,15,1,0
13:40:01,501202044,0,0,0,2,0
13:40:01,501202047,4,1,17,1,0
13:40:01,501202050,3,0,13,1,0
13:40:01,501202055,2,0,13,1,0
13:40:01,501202058,6,0,9,1,0
13:40:01,501202065,8,3,6,1,0
13:40:01,501202068,7,1,11,1,0
13:40:01,501202070,13,1,3,1,0
13:40:01,501202078,4,0,21,1,0
13:40:01,501202080,11,1,15,1,0
13:40:01,501202081,8,0,15,1,0
13:40:01,501202082,6,2,17,1,0
13:40:01,501202083,6,0,17,1,0
13:40:01,501202084,6,2,18,1,0
13:40:01,501202085,2,0,33,1,0
13:40:01,501202088,3,0,27,1,0
13:40:01,501202089,2,0,27,1,0
13:40:01,501202096,2,0,13,1,0
13:40:01,501203001,11,1,9,1,0
13:40:01,501203002,5,0,17,1,0
13:40:01,501203003,7,0,87,1,0
13:40:01,501203005,2,0,18,1,0
13:40:01,501203006,13,4,2,1,0
13:40:01,501203007,8,1,7,1,0
13:40:01,501203008,4,0,12,1,0
13:40:01,501203010,14,1,19,1,0
13:40:01,501203011,14,1,23,1,0
13:40:01,501203012,7,0,10,1,0
13:40:01,501203013,5,1,19,1,0
13:40:01,501203015,5,0,7,1,0
13:40:01,501203020,3,0,17,1,0
13:40:01,501203022,2,0,17,1,0
13:40:01,501203023,6,0,12,1,0
13:40:01,501203028,5,0,20,1,0
13:40:01,501203040,8,0,14,1,0
13:40:01,501203045,10,0,8,1,0
13:40:01,501203050,26,1,34,1,0
13:40:01,501203051,3,0,21,1,0
13:40:01,501203053,8,0,18,1,0
13:40:01,501203054,10,0,12,1,0
13:40:01,501203064,14,1,2,1,0
13:40:01,501203065,1,0,15,1,0
13:40:01,501203070,5,0,10,1,0
13:40:01,501203073,7,0,17,1,0
13:40:01,501203076,2,0,14,1,0
13:40:01,501203078,9,1,7,1,0
13:40:01,501203080,12,2,3,1,0
13:40:01,501203084,3,1,7,1,0
13:40:01,501203085,5,1,5,1,0
13:40:01,501203088,14,3,0,1,0
13:40:01,501203089,2,1,10,1,0
13:40:01,501203090,4,1,5,1,0
13:40:01,501203091,4,0,9,1,0
13:40:01,501203092,1,0,19,1,0
13:40:01,501203100,6,1,13,1,0
13:40:01,501203101,0,0,0,2,0
13:40:01,501203102,4,1,15,1,0
13:40:01,501203104,9,0,9,1,0
13:40:01,501203105,3,0,8,1,0
13:40:01,501203107,0,0,0,2,0
13:40:01,501203109,6,0,20,1,0
13:40:01,501203110,9,2,32,1,0
13:40:01,501203111,2,0,9,1,0
13:40:01,501203113,5,1,13,1,0
13:40:01,501203114,1,1,49,1,0
13:40:01,501203117,0,0,0,2,0
13:40:01,501203118,10,0,10,1,0
13:40:01,501203121,2,0,22,1,0
13:40:01,501203122,6,0,14,1,0
13:40:01,501203125,5,0,20,1,0
13:40:01,501203131,1,1,19,1,0
13:40:01,501203140,23,6,18,1,0
13:40:01,501203141,5,1,11,1,0
13:40:01,501203142,5,2,70,1,0
13:40:01,501203145,8,0,7,1,0
13:40:01,501203151,1,1,17,1,0
13:40:01,501203155,11,0,8,1,0
13:40:01,501203157,3,0,14,1,0
13:40:01,501203159,1,1,19,1,0
13:40:01,501203161,5,0,13,1,0
13:40:01,501203162,9,0,12,1,0
13:40:01,501203163,9,0,7,1,0
13:40:01,501204001,5,0,20,1,0
13:40:01,501204002,8,0,28,1,0
13:40:01,501204003,3,0,41,1,0
13:40:01,501204004,8,0,6,1,0
13:40:01,501204005,12,0,8,1,0
13:40:01,501204007,13,0,23,1,0
13:40:01,501204008,11,3,4,1,0
13:40:01,501204009,0,0,0,2,0
13:40:01,501204010,0,0,0,2,0
13:40:01,501204011,6,1,9,1,0
13:40:01,501204012,4,0,10,1,0
13:40:01,501204013,4,1,10,1,0
13:40:01,501204014,6,1,10,1,0
13:40:01,501204015,9,0,6,1,0
13:40:01,501204016,3,0,17,1,0
13:40:01,501204017,9,0,6,1,0
13:40:01,501204018,4,0,20,1,0
13:40:01,501204020,7,2,13,1,0
13:40:01,501204021,6,2,14,1,0
13:40:01,501204022,0,0,16,1,0
13:40:01,501204023,5,3,10,1,0
13:40:01,501204024,0,0,0,2,0
13:40:01,501204025,8,0,11,1,0
13:40:01,501205001,10,0,7,1,0
13:40:01,501205003,5,1,14,1,0
13:40:01,501205004,2,0,14,1,0
13:40:01,501205005,12,0,10,1,0
13:40:01,501205006,15,4,5,1,0
13:40:01,501205007,3,2,9,1,0
13:40:01,501205008,13,1,13,1,0
13:40:01,501205009,21,1,24,1,0
13:40:01,501205010,2,0,12,1,0
13:40:01,501205011,1,0,30,1,0
13:40:01,501205012,10,1,10,1,0
13:40:01,501205013,12,0,9,1,0
13:40:01,501205014,3,2,20,1,0
13:40:01,501205015,9,1,9,1,0
13:40:01,501205018,4,2,14,1,0
13:40:01,501205019,17,0,11,1,0
13:40:01,501205020,15,1,14,1,0
13:40:01,501205021,0,0,15,1,0
13:40:01,501205022,8,0,7,1,0
13:40:01,501205023,14,4,0,1,0
13:40:01,501205025,2,0,26,1,0
13:40:01,501205026,0,0,19,1,0
13:40:01,501205027,0,0,10,1,0
13:40:01,501205028,4,1,11,1,0
13:40:01,501205029,1,1,9,1,0
13:40:01,501205030,10,2,0,1,0
13:40:01,501205033,8,0,7,1,0
13:40:01,501205034,3,2,25,1,0
13:40:01,501205035,5,1,11,1,0
13:40:01,501205036,10,3,5,1,0
13:40:01,501205037,2,0,14,1,0
13:40:01,501205038,1,0,19,1,0
13:40:01,501205039,15,1,5,1,0
13:40:01,501205040,6,0,19,1,0
13:40:01,501205041,3,0,14,1,0
13:40:01,501205042,8,1,21,1,0
13:40:01,501208011,35,3,1,1,0
13:40:01,501208013,23,0,31,1,0
13:40:01,501208014,20,0,18,1,0
13:40:01,501208015,4,2,10,1,0
13:40:01,501208018,6,1,9,1,0
13:40:01,501208021,12,0,5,1,0
13:40:01,501208027,12,2,17,1,0
13:40:01,501208029,10,0,12,1,0
13:40:01,501208030,26,2,12,1,0
13:40:01,501208032,24,3,3,1,0
13:40:01,501208040,9,3,10,1,0
13:40:01,501208041,8,0,7,1,0
13:40:01,501208045,4,1,28,1,0
13:40:01,501208051,24,2,11,1,0
13:40:01,501208053,18,0,3,1,0
13:40:01,501208054,24,1,3,1,0
13:40:01,501208059,29,6,0,1,0
13:40:01,501208064,6,0,14,1,0
13:40:01,501208077,7,1,3,1,0
13:40:01,501208079,4,1,18,1,0
13:40:01,501208082,7,0,3,1,0
13:40:01,501208085,5,0,12,1,0
13:40:01,501208087,1,0,30,1,0
13:40:01,501208089,25,1,0,1,0
13:40:01,501208091,10,2,33,1,0
13:40:01,501208111,6,1,9,1,0
13:40:01,501208113,8,1,12,1,0
13:40:01,501208114,8,1,12,1,0
13:40:01,501208129,3,0,20,1,0
13:40:01,501208130,2,0,13,1,0
13:40:01,501209002,2,1,18,1,0
13:40:01,501209003,6,0,8,1,0
13:40:01,501209004,7,3,8,1,0
13:40:01,501209005,7,2,11,1,0
13:40:01,501209006,8,0,10,1,0
13:40:01,501209007,3,1,12,1,0
13:40:01,501209009,0,0,0,2,0
13:40:01,501209010,3,0,11,1,0
13:40:01,501209011,2,1,23,1,0
13:40:01,501209014,9,0,3,1,0
13:40:01,501209015,7,0,8,1,0
13:40:01,501209016,15,3,14,1,0
13:40:01,501209017,5,0,8,1,0
13:40:01,501209018,0,0,16,1,0
13:40:01,501209019,6,1,19,1,0
13:40:01,501209020,11,0,20,1,0
13:40:01,501209021,1,0,13,1,0
13:40:01,501209022,2,1,8,1,0
13:40:01,501209023,17,1,25,1,0
13:40:01,501209024,7,3,35,1,0
13:40:01,501209025,1,0,14,1,0
13:40:01,501209026,12,0,14,1,0
13:40:01,501209027,7,2,12,1,0
13:40:01,501209028,0,0,28,1,0
13:40:01,501209030,15,2,3,1,0
13:40:01,501209031,1,0,29,1,0
13:40:01,501209032,12,3,16,1,0
13:40:01,501209033,4,1,16,1,0
13:40:01,501209034,5,1,10,1,0
13:40:01,501209035,16,0,12,1,0
13:40:01,501209036,7,0,23,1,0
13:40:01,501209037,8,1,28,1,0
13:40:01,501209038,3,0,12,1,0
13:40:01,501209039,0,0,30,1,0
13:40:01,501209040,4,0,27,1,0
13:40:01,501209042,0,0,20,1,0
13:40:01,501209043,0,0,24,1,0
13:40:01,501209044,5,1,10,1,0
13:40:01,501209045,13,4,2,1,0
13:40:01,501209046,6,0,16,1,0
13:40:01,501209047,3,0,11,1,0
13:40:01,501209049,10,1,10,1,0
13:40:01,501209050,5,0,8,1,0
13:40:01,501209051,1,0,23,1,0
13:40:01,501209052,1,1,21,1,0
13:40:01,501209053,5,1,15,1,0
13:40:01,501209054,0,0,27,1,0
13:40:01,501209056,9,0,6,1,0
13:40:01,501209058,13,1,3,1,0
13:40:01,501209059,12,0,3,1,0
13:40:01,501209060,13,0,7,1,0
13:40:01,501209062,1,0,14,1,0
13:40:01,501209064,7,0,8,1,0
13:40:01,501209065,5,1,10,1,0
13:40:01,501209066,2,0,12,1,0
13:40:01,501209067,4,1,11,1,0
13:40:01,501209068,8,1,9,1,0
13:40:01,501209069,0,0,63,1,0
13:40:01,501209070,0,0,17,1,0
13:40:01,501209071,12,1,4,1,0
13:40:01,501209073,8,1,6,1,0
13:40:01,501209074,9,0,14,1,0
13:40:01,501209075,0,0,14,1,0
13:40:01,501209076,6,1,17,1,0
13:40:01,501209077,7,2,8,1,0
13:40:01,501209078,9,1,3,1,0
13:40:01,501209079,7,0,18,1,0
13:40:01,501209080,5,4,22,1,0
13:40:01,501209081,9,1,6,1,0
13:40:01,501209084,1,0,22,1,0
13:40:01,501209085,8,0,20,1,0
13:40:01,501209087,22,4,17,1,0
13:40:01,501209088,6,2,9,1,0
13:40:01,501209089,7,1,13,1,0
13:40:01,501209090,5,0,9,1,0
13:40:01,501209091,6,6,10,1,0
13:40:01,501209092,0,0,15,1,0
13:40:01,501209093,10,1,5,1,0
13:40:01,501209094,6,0,10,1,0
13:40:01,501209095,3,1,11,1,0
13:40:01,501209096,8,1,6,1,0
13:40:01,501209097,3,0,12,1,0
13:40:01,501209098,8,3,7,1,0
13:40:01,501209099,7,0,13,1,0
13:40:01,501209100,12,0,1,1,0
13:40:01,501209101,7,0,7,1,0
13:40:01,501209102,5,2,15,1,0
13:40:01,501209104,5,0,14,1,0
13:40:01,501209105,11,0,14,1,0
13:40:01,501209106,4,0,16,1,0
13:40:01,501211001,16,1,20,1,0
13:40:01,501211002,3,0,12,1,0
13:40:01,501211004,5,1,10,1,0
13:40:01,501211005,4,0,15,1,0
13:40:01,501211006,2,0,14,1,0
13:40:01,501211007,2,0,17,1,0
13:40:01,501211009,9,0,9,1,0
13:40:01,501211011,6,1,24,1,0
13:40:01,501211012,11,1,7,1,0
13:50:00,501201001,0,0,0,2,0
13:50:00,501201002,21,0,19,1,0
13:50:00,501201003,4,0,19,1,0
13:50:00,501201004,6,0,8,1,0
13:50:00,501201005,5,0,14,1,0
13:50:00,501201006,15,2,13,1,0
13:50:00,501201007,6,0,13,1,0
13:50:00,501201008,4,0,21,1,0
13:50:00,501201010,1,1,9,1,0
13:50:00,501201011,12,0,9,1,0
13:50:00,501201012,3,1,37,1,0
13:50:00,501201013,6,0,16,1,0
13:50:00,501201014,0,0,19,1,0
13:50:00,501201015,4,0,21,1,0
13:50:00,501201016,9,0,16,1,0
13:50:00,501201017,4,1,23,1,0
13:50:00,501201018,0,0,24,1,0
13:50:00,501201019,9,0,19,1,0
13:50:00,501201020,7,0,17,1,0
13:50:00,501201021,15,0,0,1,0
13:50:00,501201022,5,2,11,1,0
13:50:00,501201023,2,0,26,1,0
13:50:00,501201024,8,2,16,1,0
13:50:00,501201025,10,2,14,1,0
13:50:00,501201026,8,1,11,1,0
13:50:00,501201028,12,1,8,1,0
13:50:00,501201029,10,2,3,1,0
13:50:00,501201030,10,1,4,1,0
13:50:00,501201031,7,0,10,1,0
13:50:00,501202001,8,0,6,1,0
13:50:00,501202003,8,1,32,1,0
13:50:00,501202013,1,0,16,1,0
13:50:00,501202023,3,0,10,1,0
13:50:00,501202024,11,0,4,1,0
13:50:00,501202034,4,1,12,1,0
13:50:00,501202035,24,0,6,1,0
13:50:00,501202036,32,0,6,1,0
13:50:00,501202040,4,0,41,1,0
13:50:00,501202043,9,3,16,1,0
13:50:00,501202044,0,0,0,2,0
13:50:00,501202047,5,1,16,1,0
13:50:00,501202050,3,0,13,1,0
13:50:00,501202055,3,0,12,1,0
13:50:00,501202058,6,0,9,1,0
13:50:00,501202065,9,3,5,1,0
13:50:00,501202068,7,1,11,1,0
13:50:00,501202070,13,1,3,1,0
13:50:00,501202078,4,0,21,1,0
13:50:00,501202080,11,0,15,1,0
13:50:00,501202081,7,0,16,1,0
13:50:00,501202082,8,2,15,1,0
13:50:00,501202083,6,0,17,1,0
13:50:00,501202084,7,2,17,1,0
13:50:00,501202085,2,0,33,1,0
13:50:00,501202088,4,0,26,1,0
13:50:00,501202089,0,0,29,1,0
13:50:00,501202096,1,0,14,1,0
13:50:00,501203001,10,0,10,1,0
13:50:00,501203002,5,0,17,1,0
13:50:00,501203003,2,1,92,1,0
13:50:00,501203005,2,0,18,1,0
13:50:00,501203006,13,4,2,1,0
13:50:00,501203007,9,1,6,1,0
13:50:00,501203008,3,0,13,1,0
13:50:00,501203010,14,1,19,1,0
13:50:00,501203011,15,2,22,1,0
13:50:00,501203012,7,0,10,1,0
13:50:00,501203013,2,0,22,1,0
13:50:00,501203015,5,0,7,1,0
13:50:00,501203020,2,0,18,1,0
13:50:00,501203022,2,0,17,1,0
13:50:00,501203023,5,0,13,1,0
13:50:00,501203028,5,0,20,1,0
13:50:00,501203040,6,0,16,1,0
13:50:00,501203045,9,0,9,1,0
13:50:00,501203050,29,4,31,1,0
13:50:00,501203051,7,0,17,1,0
13:50:00,501203053,10,0,16,1,0
13:50:00,501203054,9,0,13,1,0
13:50:00,501203064,12,0,4,1,0
13:50:00,501203065,3,0,13,1,0
13:50:00,501203070,5,0,10,1,0
13:50:00,501203073,8,0,16,1,0
13:50:00,501203076,2,0,14,1,0
13:50:00,501203078,11,1,5,1,0
13:50:00,501203080,13,4,2,1,0
13:50:00,501203084,2,0,8,1,0
13:50:00,501203085,4,0,6,1,0
13:50:00,501203088,14,3,0,1,0
13:50:00,501203089,2,1,10,1,0
13:50:00,501203090,4,1,5,1,0
13:50:00,501203091,4,0,9,1,0
13:50:00,501203092,1,0,19,1,0
13:50:00,501203100,6,1,13,1,0
13:50:00,501203101,0,0,0,2,0
13:50:00,501203102,4,1,15,1,0
13:50:00,501203104,9,0,9,1,0
13:50:00,501203105,3,0,8,1,0
13:50:00,501203107,0,0,0,2,0
13:50:00,501203109,5,0,21,1,0
13:50:00,501203110,9,2,32,1,0
13:50:00,501203111,1,0,10,1,0
13:50:00,501203113,3,0,15,1,0
13:50:00,501203114,0,0,50,1,0
13:50:00,501203117,0,0,0,2,0
13:50:00,501203118,9,0,11,1,0
13:50:00,501203121,0,0,24,1,0
13:50:00,501203122,6,0,14,1,0
13:50:00,501203125,5,0,20,1,0
13:50:00,501203131,1,1,19,1,0
13:50:00,501203140,26,6,15,1,0
13:50:00,501203141,5,1,11,1,0
13:50:00,501203142,7,1,68,1,0
13:50:00,501203145,9,0,6,1,0
13:50:00,501203151,1,1,17,1,0
13:50:00,501203155,11,0,8,1,0
13:50:00,501203157,3,0,14,1,0
13:50:00,501203159,1,1,19,1,0
13:50:00,501203161,5,0,13,1,0
13:50:00,501203162,9,0,12,1,0
13:50:00,501203163,8,0,8,1,0
13:50:00,501204001,5,1,20,1,0
13:50:00,501204002,7,0,29,1,0
13:50:00,501204003,2,0,42,1,0
13:50:00,501204004,10,0,4,1,0
13:50:00,501204005,12,0,8,1,0
13:50:00,501204007,14,0,22,1,0
13:50:00,501204008,12,4,3,1,0
13:50:00,501204009,0,0,0,2,0
13:50:00,501204010,0,0,0,2,0
13:50:00,501204011,4,0,11,1,0
13:50:00,501204012,4,0,10,1,0
13:50:00,501204013,2,0,12,1,0
13:50:00,501204014,6,1,10,1,0
13:50:00,501204015,9,0,6,1,0
13:50:00,501204016,5,0,15,1,0
13:50:00,501204017,8,0,7,1,0
13:50:00,501204018,4,0,20,1,0
13:50:00,501204020,7,2,13,1,0
13:50:00,501204021,7,2,13,1,0
13:50:00,501204022,0,0,16,1,0
13:50:00,501204023,5,4,10,1,0
13:50:00,501204024,0,0,0,2,0
13:50:00,501204025,8,0,11,1,0
13:50:00,501205001,10,1,7,1,0
13:50:00,501205003,5,1,14,1,0
13:50:00,501205004,3,0,13,1,0
13:50:00,501205005,10,0,12,1,0
13:50:00,501205006,5,4,15,1,0
13:50:00,501205007,2,1,10,1,0
13:50:00,501205008,13,0,13,1,0
13:50:00,501205009,21,1,24,1,0
13:50:00,501205010,2,0,12,1,0
13:50:00,501205011,2,0,29,1,0
13:50:00,501205012,9,1,11,1,0
13:50:00,501205013,12,0,9,1,0
13:50:00,501205014,4,2,19,1,0
13:50:00,501205015,9,1,9,1,0
13:50:00,501205018,3,2,15,1,0
13:50:00,501205019,17,0,11,1,0
13:50:00,501205020,15,1,14,1,0
13:50:00,501205021,1,1,14,1,0
13:50:00,501205022,8,0,7,1,0
13:50:00,501205023,13,3,1,1,0
13:50:00,501205025,3,0,25,1,0
13:50:00,501205026,0,0,19,1,0
13:50:00,501205027,2,0,8,1,0
13:50:00,501205028,0,0,15,1,0
13:50:00,501205029,1,1,9,1,0
13:50:00,501205030,10,2,0,1,0
13:50:00,501205033,8,0,7,1,0
13:50:00,501205034,3,2,25,1,0
13:50:00,501205035,4,1,12,1,0
13:50:00,501205036,10,3,5,1,0
13:50:00,501205037,1,0,15,1,0
13:50:00,501205038,0,0,20,1,0
13:50:00,501205039,14,0,6,1,0
13:50:00,501205040,6,0,19,1,0
13:50:00,501205041,3,0,14,1,0
13:50:00,501205042,8,1,21,1,0
13:50:00,501208011,36,4,0,1,0
13:50:00,501208013,22,0,32,1,0
13:50:00,501208014,21,1,17,1,0
13:50:00,501208015,5,2,9,1,0
13:50:00,501208018,7,1,8,1,0
13:50:00,501208021,11,0,6,1,0
13:50:00,501208027,12,2,17,1,0
13:50:00,501208029,11,0,11,1,0
13:50:00,501208030,25,1,13,1,0
13:50:00,501208032,23,1,4,1,0
13:50:00,501208040,9,3,10,1,0
13:50:00,501208041,8,0,7,1,0
13:50:00,501208045,4,1,28,1,0
13:50:00,501208051,22,0,13,1,0
13:50:00,501208053,17,1,4,1,0
13:50:00,501208054,26,3,1,1,0
13:50:00,501208059,29,6,0,1,0
13:50:00,501208064,6,0,14,1,0
13:50:00,501208077,7,1,3,1,0
13:50:00,501208079,4,1,18,1,0
13:50:00,501208082,6,0,4,1,0
13:50:00,501208085,5,0,12,1,0
13:50:00,501208087,0,0,31,1,0
13:50:00,501208089,24,1,1,1,0
13:50:00,501208091,10,2,33,1,0
13:50:00,501208111,7,1,8,1,0
13:50:00,501208113,8,1,12,1,0
13:50:00,501208114,8,1,12,1,0
13:50:00,501208129,3,0,20,1,0
13:50:00,501208130,5,0,10,1,0
13:50:00,501209002,2,1,18,1,0
13:50:00,501209003,6,1,8,1,0
13:50:00,501209004,8,4,7,1,0
13:50:00,501209005,7,2,11,1,0
13:50:00,501209006,9,2,10,1,0
13:50:00,501209007,2,0,13,1,0
13:50:00,501209009,0,0,0,2,0
13:50:00,501209010,4,0,10,1,0
13:50:00,501209011,4,1,21,1,0
13:50:00,501209014,9,0,3,1,0
13:50:00,501209015,7,0,8,1,0
13:50:00,501209016,16,4,13,1,0
13:50:00,501209017,6,0,7,1,0
13:50:00,501209018,0,0,16,1,0
13:50:00,501209019,5,1,20,1,0
13:50:00,501209020,11,0,20,1,0
13:50:00,501209021,1,0,13,1,0
13:50:00,501209022,4,1,6,1,0
13:50:00,501209023,14,1,28,1,0
13:50:00,501209024,7,2,35,1,0
13:50:00,501209025,1,0,14,1,0
13:50:00,501209026,15,0,11,1,0
13:50:00,501209027,8,3,11,1,0
13:50:00,501209028,1,0,27,1,0
13:50:00,501209030,15,2,3,1,0
13:50:00,501209031,0,0,30,1,0
13:50:00,501209032,12,3,16,1,0
13:50:00,501209033,1,0,19,1,0
13:50:00,501209034,5,1,10,1,0
13:50:00,501209035,15,0,13,1,0
13:50:00,501209036,4,0,26,1,0
13:50:00,501209037,8,1,28,1,0
13:50:00,501209038,3,0,12,1,0
13:50:00,501209039,0,0,30,1,0
13:50:00,501209040,4,0,27,1,0
13:50:00,501209042,2,1,18,1,0
13:50:00,501209043,0,0,24,1,0
13:50:00,501209044,5,1,10,1,0
13:50:00,501209045,8,3,7,1,0
13:50:00,501209046,7,0,15,1,0
13:50:00,501209047,2,1,12,1,0
13:50:00,501209049,10,1,10,1,0
13:50:00,501209050,5,0,8,1,0
13:50:00,501209051,0,0,24,1,0
13:50:00,501209052,3,1,19,1,0
13:50:00,501209053,5,1,15,1,0
13:50:00,501209054,0,0,27,1,0
13:50:00,501209056,11,0,4,1,0
13:50:00,501209058,15,2,1,1,0
13:50:00,501209059,14,0,1,1,0
13:50:00,501209060,14,0,6,1,0
13:50:00,501209062,0,0,15,1,0
13:50:00,501209064,7,0,8,1,0
13:50:00,501209065,5,1,10,1,0
13:50:00,501209066,2,0,12,1,0
13:50:00,501209067,4,1,11,1,0
13:50:00,501209068,8,1,9,1,0
13:50:00,501209069,0,0,63,1,0
13:50:00,501209070,0,0,17,1,0
13:50:00,501209071,12,1,4,1,0
13:50:00,501209073,9,1,5,1,0
13:50:00,501209074,12,1,11,1,0
13:50:00,501209075,0,0,14,1,0
13:50:00,501209076,7,1,16,1,0
13:50:00,501209077,7,2,8,1,0
13:50:00,501209078,8,0,4,1,0
13:50:00,501209079,6,0,19,1,0
13:50:00,501209080,5,4,22,1,0
13:50:00,501209081,9,1,6,1,0
13:50:00,501209084,1,0,22,1,0
13:50:00,501209085,7,0,21,1,0
13:50:00,501209087,21,3,18,1,0
13:50:00,501209088,6,2,9,1,0
13:50:00,501209089,7,1,13,1,0
13:50:00,501209090,5,0,9,1,0
13:50:00,501209091,6,6,10,1,0
13:50:00,501209092,0,0,15,1,0
13:50:00,501209093,10,1,5,1,0
13:50:00,501209094,6,0,10,1,0
13:50:00,501209095,3,1,11,1,0
13:50:00,501209096,9,1,5,1,0
13:50:00,501209097,3,0,12,1,0
13:50:00,501209098,8,3,7,1,0
13:50:00,501209099,7,0,13,1,0
13:50:00,501209100,12,0,1,1,0
13:50:00,501209101,7,0,7,1,0
13:50:00,501209102,5,2,15,1,0
13:50:00,501209104,3,0,16,1,0
13:50:00,501209105,11,0,14,1,0
13:50:00,501209106,4,0,16,1,0
13:50:00,501211001,14,1,22,1,0
13:50:00,501211002,3,0,12,1,0
13:50:00,501211004,5,1,10,1,0
13:50:00,501211005,4,0,15,1,0
13:50:00,501211006,2,0,14,1,0
13:50:00,501211007,0,0,19,1,0
13:50:00,501211009,9,0,9,1,0
13:50:00,501211011,8,2,22,1,0
13:50:00,501211012,11,1,7,1,0
14:00:00,501201001,0,0,0,2,0
14:00:00,501201002,21,0,19,1,0
14:00:00,501201003,4,0,19,1,0
14:00:00,501201004,6,0,8,1,0
14:00:00,501201005,5,0,14,1,0
14:00:00,501201006,11,0,17,1,0
14:00:00,501201007,5,0,14,1,0
14:00:00,501201008,5,0,20,1,0
14:00:00,501201010,3,2,7,1,0
14:00:00,501201011,12,0,9,1,0
14:00:00,501201012,5,2,35,1,0
14:00:00,501201013,7,0,15,1,0
14:00:00,501201014,1,1,18,1,0
14:00:00,501201015,2,0,23,1,0
14:00:00,501201016,10,1,15,1,0
14:00:00,501201017,2,0,25,1,0
14:00:00,501201018,0,0,24,1,0
14:00:00,501201019,9,0,19,1,0
14:00:00,501201020,7,0,17,1,0
14:00:00,501201021,14,0,1,1,0
14:00:00,501201022,5,2,11,1,0
14:00:00,501201023,2,0,26,1,0
14:00:00,501201024,8,2,16,1,0
14:00:00,501201025,11,2,13,1,0
14:00:00,501201026,8,1,11,1,0
14:00:00,501201028,12,1,8,1,0
14:00:00,501201029,11,3,2,1,0
14:00:00,501201030,10,1,4,1,0
14:00:00,501201031,5,0,12,1,0
14:00:00,501202001,10,0,4,1,0
14:00:00,501202003,8,1,32,1,0
14:00:00,501202013,1,0,16,1,0
14:00:00,501202023,3,0,10,1,0
14:00:00,501202024,11,0,4,1,0
14:00:00,501202034,5,1,11,1,0
14:00:00,501202035,23,0,7,1,0
14:00:00,501202036,33,0,5,1,0
14:00:00,501202040,3,0,42,1,0
14:00:00,501202043,10,3,15,1,0
14:00:00,501202044,0,0,0,2,0
14:00:00,501202047,5,1,16,1,0
14:00:00,501202050,4,0,12,1,0
14:00:00,501202055,3,0,12,1,0
14:00:00,501202058,5,0,10,1,0
14:00:00,501202065,10,3,4,1,0
14:00:00,501202068,7,1,11,1,0
14:00:00,501202070,13,0,3,1,0
14:00:00,501202078,4,0,21,1,0
14:00:00,501202080,12,0,14,1,0
14:00:00,501202081,9,0,14,1,0
14:00:00,501202082,7,2,16,1,0
14:00:00,501202083,6,0,17,1,0
14:00:00,501202084,6,2,18,1,0
14:00:00,501202085,3,0,32,1,0
14:00:00,501202088,4,0,26,1,0
14:00:00,501202089,0,0,29,1,0
14:00:00,501202096,1,0,14,1,0
14:00:00,501203001,9,0,11,1,0
14:00:00,501203002,7,1,15,1,0
14:00:00,501203003,4,3,90,1,0
14:00:00,501203005,2,0,18,1,0
14:00:00,501203006,11,2,4,1,0
14:00:00,501203007,10,1,5,1,0
14:00:00,501203008,4,0,12,1,0
14:00:00,501203010,14,1,19,1,0
14:00:00,501203011,14,1,23,1,0
14:00:00,501203012,8,1,9,1,0
14:00:00,501203013,3,1,21,1,0
14:00:00,501203015,5,0,7,1,0
14:00:00,501203020,2,0,18,1,0
14:00:00,501203022,2,0,17,1,0
14:00:00,501203023,5,0,13,1,0
14:00:00,501203028,6,0,19,1,0
14:00:00,501203040,7,1,15,1,0
14:00:00,501203045,12,0,6,1,0
14:00:00,501203050,29,3,31,1,0
14:00:00,501203051,7,0,17,1,0
14:00:00,501203053,14,0,12,1,0
14:00:00,501203054,9,0,13,1,0
14:00:00,501203064,11,0,5,1,0
14:00:00,501203065,3,0,13,1,0
14:00:00,501203070,5,0,10,1,0
14:00:00,501203073,8,0,16,1,0
14:00:00,501203076,2,0,14,1,0
14:00:00,501203078,11,1,5,1,0
14:00:00,501203080,13,4,2,1,0
14:00:00,501203084,2,0,8,1,0
14:00:00,501203085,4,0,6,1,0
14:00:00,501203088,14,3,0,1,0
14:00:00,501203089,2,1,10,1,0
14:00:00,501203090,4,1,5,1,0
14:00:00,501203091,4,0,9,1,0
14:00:00,501203092,1,0,19,1,0
14:00:00,501203100,6,1,13,1,0
14:00:00,501203101,0,0,0,2,0
14:00:00,501203102,4,1,15,1,0
14:00:00,501203104,9,0,9,1,0
14:00:00,501203105,1,0,10,1,0
14:00:00,501203107,0,0,0,2,0
14:00:00,501203109,4,0,22,1,0
14:00:00,501203110,9,2,32,1,0
14:00:00,501203111,0,0,11,1,0
14:00:00,501203113,3,0,15,1,0
14:00:00,501203114,0,0,50,1,0
14:00:00,501203117,0,0,0,2,0
14:00:00,501203118,9,0,11,1,0
14:00:00,501203121,0,0,24,1,0
14:00:00,501203122,6,0,14,1,0
14:00:00,501203125,6,0,19,1,0
14:00:00,501203131,1,1,19,1,0
14:00:00,501203140,28,7,13,1,0
14:00:00,501203141,5,1,11,1,0
14:00:00,501203142,12,3,63,1,0
14:00:00,501203145,9,0,6,1,0
14:00:00,501203151,1,0,17,1,0
14:00:00,501203155,11,0,8,1,0
14:00:00,501203157,3,0,14,1,0
14:00:00,501203159,1,1,19,1,0
14:00:00,501203161,5,0,13,1,0
14:00:00,501203162,9,0,12,1,0
14:00:00,501203163,7,0,9,1,0
14:00:00,501204001,7,1,18,1,0
14:00:00,501204002,5,0,31,1,0
14:00:00,501204003,0,0,44,1,0
14:00:00,501204004,10,0,4,1,0
14:00:00,501204005,10,0,10,1,0
14:00:00,501204007,14,0,22,1,0
14:00:00,501204008,8,3,7,1,0
14:00:00,501204009,0,0,0,2,0
14:00:00,501204010,0,0,0,2,0
14:00:00,501204011,2,0,13,1,0
14:00:00,501204012,3,0,11,1,0
14:00:00,501204013,2,0,12,1,0
14:00:00,501204014,6,1,10,1,0
14:00:00,501204015,9,0,6,1,0
14:00:00,501204016,5,0,15,1,0
14:00:00,501204017,8,0,7,1,0
14:00:00,501204018,4,0,20,1,0
14:00:00,501204020,7,2,13,1,0
14:00:00,501204021,11,3,9,1,0
14:00:00,501204022,0,0,16,1,0
14:00:00,501204023,7,4,8,1,0
14:00:00,501204024,0,0,0,2,0
14:00:00,501204025,8,1,11,1,0
14:00:00,501205001,10,0,7,1,0
14:00:00,501205003,5,1,14,1,0
14:00:00,501205004,2,0,14,1,0
14:00:00,501205005,13,0,9,1,0
14:00:00,501205006,5,4,15,1,0
14:00:00,501205007,2,1,10,1,0
14:00:00,501205008,12,0,14,1,0
14:00:00,501205009,18,0,27,1,0
14:00:00,501205010,2,0,12,1,0
14:00:00,501205011,17,2,14,1,0
14:00:00,501205012,10,1,10,1,0
14:00:00,501205013,11,0,10,1,0
14:00:00,501205014,2,1,21,1,0
14:00:00,501205015,9,1,9,1,0
14:00:00,501205018,3,1,15,1,0
14:00:00,501205019,16,0,12,1,0
14:00:00,501205020,15,1,14,1,0
14:00:00,501205021,1,1,14,1,0
14:00:00,501205022,8,0,7,1,0
14:00:00,501205023,13,2,1,1,0
14:00:00,501205025,5,0,23,1,0
14:00:00,501205026,0,0,19,1,0
14:00:00,501205027,2,0,8,1,0
14:00:00,501205028,1,0,14,1,0
14:00:00,501205029,0,0,10,1,0
14:00:00,501205030,10,2,0,1,0
14:00:00,501205033,8,0,7,1,0
14:00:00,501205034,5,2,23,1,0
14:00:00,501205035,5,2,11,1,0
14:00:00,501205036,10,3,5,1,0
14:00:00,501205037,1,0,15,1,0
14:00:00,501205038,0,0,20,1,0
14:00:00,501205039,13,0,7,1,0
14:00:00,501205040,6,0,19,1,0
14:00:00,501205041,2,0,15,1,0
14:00:00,501205042,8,1,21,1,0
14:00:00,501208011,36,4,0,1,0
14:00:00,501208013,20,1,34,1,0
14:00:00,501208014,22,2,16,1,0
14:00:00,501208015,5,2,9,1,0
14:00:00,501208018,8,2,7,1,0
14:00:00,501208021,13,0,4,1,0
14:00:00,501208027,12,0,17,1,0
14:00:00,501208029,11,0,11,1,0
14:00:00,501208030,27,2,11,1,0
14:00:00,501208032,23,1,4,1,0
14:00:00,501208040,9,3,10,1,0
14:00:00,501208041,7,0,8,1,0
14:00:00,501208045,5,1,27,1,0
14:00:00,501208051,23,0,12,1,0
14:00:00,501208053,19,1,2,1,0
14:00:00,501208054,24,2,3,1,0
14:00:00,501208059,28,5,1,1,0
14:00:00,501208064,6,0,14,1,0
14:00:00,501208077,7,1,3,1,0
14:00:00,501208079,4,1,18,1,0
14:00:00,501208082,7,0,3,1,0
14:00:00,501208085,5,0,12,1,0
14:00:00,501208087,1,1,30,1,0
14:00:00,501208089,25,1,0,1,0
14:00:00,501208091,10,2,33,1,0
14:00:00,501208111,6,0,9,1,0
14:00:00,501208113,8,1,12,1,0
14:00:00,501208114,8,1,12,1,0
14:00:00,501208129,6,1,17,1,0
14:00:00,501208130,6,1,9,1,0
14:00:00,501209002,1,1,19,1,0
14:00:00,501209003,5,0,9,1,0
14:00:00,501209004,7,4,8,1,0
14:00:00,501209005,4,2,14,1,0
14:00:00,501209006,9,2,10,1,0
14:00:00,501209007,4,0,11,1,0
14:00:00,501209009,0,0,0,2,0
14:00:00,501209010,3,0,11,1,0
14:00:00,501209011,4,1,21,1,0
14:00:00,501209014,11,0,1,1,0
14:00:00,501209015,9,0,6,1,0
14:00:00,501209016,16,4,13,1,0
14:00:00,501209017,5,0,8,1,0
14:00:00,501209018,0,0,16,1,0
14:00:00,501209019,6,2,19,1,0
14:00:00,501209020,11,1,20,1,0
14:00:00,501209021,1,0,13,1,0
14:00:00,501209022,9,1,1,1,0
14:00:00,501209023,14,1,27,1,0
14:00:00,501209024,6,1,36,1,0
14:00:00,501209025,1,0,14,1,0
14:00:00,501209026,20,0,6,1,0
14:00:00,501209027,9,3,10,1,0
14:00:00,501209028,1,0,27,1,0
14:00:00,501209030,17,4,1,1,0
14:00:00,501209031,0,0,30,1,0
14:00:00,501209032,11,3,17,1,0
14:00:00,501209033,1,0,19,1,0
14:00:00,501209034,4,0,11,1,0
14:00:00,501209035,15,0,13,1,0
14:00:00,501209036,3,0,27,1,0
14:00:00,501209037,9,1,27,1,0
14:00:00,501209038,3,0,12,1,0
14:00:00,501209039,0,0,30,1,0
14:00:00,501209040,4,0,27,1,0
14:00:00,501209042,2,0,18,1,0
14:00:00,501209043,17,3,8,1,0
14:00:00,501209044,5,1,10,1,0
14:00:00,501209045,5,3,10,1,0
14:00:00,501209046,6,0,16,1,0
14:00:00,501209047,2,1,12,1,0
14:00:00,501209049,9,1,11,1,0
14:00:00,501209050,5,0,8,1,0
14:00:00,501209051,0,0,24,1,0
14:00:00,501209052,2,1,20,1,0
14:00:00,501209053,5,1,15,1,0
14:00:00,501209054,3,0,24,1,0
14:00:00,501209056,10,0,5,1,0
14:00:00,501209058,14,2,2,1,0
14:00:00,501209059,14,0,1,1,0
14:00:00,501209060,14,0,6,1,0
14:00:00,501209062,0,0,15,1,0
14:00:00,501209064,7,0,8,1,0
14:00:00,501209065,5,1,10,1,0
14:00:00,501209066,2,0,12,1,0
14:00:00,501209067,5,1,10,1,0
14:00:00,501209068,8,1,9,1,0
14:00:00,501209069,0,0,63,1,0
14:00:00,501209070,0,0,17,1,0
14:00:00,501209071,12,1,4,1,0
14:00:00,501209073,10,2,4,1,0
14:00:00,501209074,15,1,8,1,0
14:00:00,501209075,0,0,14,1,0
14:00:00,501209076,8,1,15,1,0
14:00:00,501209077,7,2,8,1,0
14:00:00,501209078,8,0,4,1,0
14:00:00,501209079,5,0,20,1,0
14:00:00,501209080,5,3,22,1,0
14:00:00,501209081,9,1,6,1,0
14:00:00,501209084,1,0,22,1,0
14:00:00,501209085,8,0,20,1,0
14:00:00,501209087,21,3,18,1,0
14:00:00,501209088,6,2,9,1,0
14:00:00,501209089,7,1,13,1,0
14:00:00,501209090,7,0,7,1,0
14:00:00,501209091,8,7,8,1,0
14:00:00,501209092,1,0,14,1,0
14:00:00,501209093,10,1,5,1,0
14:00:00,501209094,6,0,10,1,0
14:00:00,501209095,0,0,14,1,0
14:00:00,501209096,9,1,5,1,0
14:00:00,501209097,3,0,12,1,0
14:00:00,501209098,8,3,7,1,0
14:00:00,501209099,8,0,12,1,0
14:00:00,501209100,12,0,1,1,0
14:00:00,501209101,6,0,8,1,0
14:00:00,501209102,5,2,15,1,0
14:00:00,501209104,5,0,14,1,0
14:00:00,501209105,12,1,13,1,0
14:00:00,501209106,4,0,16,1,0
14:00:00,501211001,14,1,22,1,0
14:00:00,501211002,3,0,12,1,0
14:00:00,501211004,5,1,10,1,0
14:00:00,501211005,4,0,15,1,0
14:00:00,501211006,1,0,15,1,0
14:00:00,501211007,0,0,19,1,0
14:00:00,501211009,9,0,9,1,0
14:00:00,501211011,7,2,23,1,0
14:00:00,501211012,11,1,7,1,0
14:10:01,501201001,0,0,0,2,0
14:10:01,501201002,20,0,20,1,0
14:10:01,501201003,4,0,19,1,0
14:10:01,501201004,6,0,8,1,0
14:10:01,501201005,5,0,14,1,0
14:10:01,501201006,10,0,18,1,0
14:10:01,501201007,6,1,13,1,0
14:10:01,501201008,5,0,20,1,0
14:10:01,501201010,3,2,7,1,0
14:10:01,501201011,13,0,8,1,0
14:10:01,501201012,5,2,35,1,0
14:10:01,501201013,7,0,15,1,0
14:10:01,501201014,1,1,18,1,0
14:10:01,501201015,3,1,22,1,0
14:10:01,501201016,11,0,14,1,0
14:10:01,501201017,2,0,25,1,0
14:10:01,501201018,2,2,22,1,0
14:10:01,501201019,9,0,19,1,0
14:10:01,501201020,6,0,18,1,0
14:10:01,501201021,15,1,0,1,0
14:10:01,501201022,4,1,12,1,0
14:10:01,501201023,2,0,26,1,0
14:10:01,501201024,7,0,17,1,0
14:10:01,501201025,10,1,14,1,0
14:10:01,501201026,8,1,11,1,0
14:10:01,501201028,11,1,9,1,0
14:10:01,501201029,11,3,2,1,0
14:10:01,501201030,11,2,3,1,0
14:10:01,501201031,2,0,15,1,0
14:10:01,501202001,10,0,4,1,0
14:10:01,501202003,8,1,32,1,0
14:10:01,501202013,1,0,16,1,0
14:10:01,501202023,4,0,9,1,0
14:10:01,501202024,11,0,4,1,0
14:10:01,501202034,3,1,13,1,0
14:10:01,501202035,22,1,8,1,0
14:10:01,501202036,34,1,4,1,0
14:10:01,501202040,3,0,42,1,0
14:10:01,501202043,9,0,16,1,0
14:10:01,501202044,0,0,0,2,0
14:10:01,501202047,5,1,16,1,0
14:10:01,501202050,3,0,13,1,0
14:10:01,501202055,3,0,12,1,0
14:10:01,501202058,6,0,9,1,0
14:10:01,501202065,11,3,3,1,0
14:10:01,501202068,8,0,10,1,0
14:10:01,501202070,13,0,3,1,0
14:10:01,501202078,4,0,21,1,0
14:10:01,501202080,13,1,13,1,0
14:10:01,501202081,10,1,13,1,0
14:10:01,501202082,7,2,16,1,0
14:10:01,501202083,6,0,17,1,0
14:10:01,501202084,6,3,18,1,0
14:10:01,501202085,3,0,32,1,0
14:10:01,501202088,4,0,26,1,0
14:10:01,501202089,4,1,25,1,0
14:10:01,501202096,1,0,14,1,0
14:10:01,501203001,8,0,12,1,0
14:10:01,501203002,7,2,15,1,0
14:10:01,501203003,8,1,86,1,0
14:10:01,501203005,2,0,18,1,0
14:10:01,501203006,7,0,8,1,0
14:10:01,501203007,10,1,5,1,0
14:10:01,501203008,3,0,13,1,0
14:10:01,501203010,14,1,19,1,0
14:10:01,501203011,14,1,23,1,0
14:10:01,501203012,8,1,9,1,0
14:10:01,501203013,3,1,21,1,0
14:10:01,501203015,6,0,6,1,0
14:10:01,501203020,2,0,18,1,0
14:10:01,501203022,2,0,17,1,0
14:10:01,501203023,5,0,13,1,0
14:10:01,501203028,5,0,20,1,0
14:10:01,501203040,5,1,17,1,0
14:10:01,501203045,12,0,6,1,0
14:10:01,501203050,28,2,32,1,0
14:10:01,501203051,7,0,17,1,0
14:10:01,501203053,15,1,11,1,0
14:10:01,501203054,9,0,13,1,0
14:10:01,501203064,11,0,5,1,0
14:10:01,501203065,4,0,12,1,0
14:10:01,501203070,5,0,10,1,0
14:10:01,501203073,8,0,16,1,0
14:10:01,501203076,2,0,14,1,0
14:10:01,501203078,10,1,6,1,0
14:10:01,501203080,13,4,2,1,0
14:10:01,501203084,4,0,6,1,0
14:10:01,501203085,4,0,6,1,0
14:10:01,501203088,10,3,4,1,0
14:10:01,501203089,2,1,10,1,0
14:10:01,501203090,4,1,5,1,0
14:10:01,501203091,4,0,9,1,0
14:10:01,501203092,1,0,19,1,0
14:10:01,501203100,6,1,13,1,0
14:10:01,501203101,0,0,0,2,0
14:10:01,501203102,4,1,15,1,0
14:10:01,501203104,9,0,9,1,0
14:10:01,501203105,1,0,10,1,0
14:10:01,501203107,0,0,0,2,0
14:10:01,501203109,5,1,21,1,0
14:10:01,501203110,8,0,33,1,0
14:10:01,501203111,0,0,11,1,0
14:10:01,501203113,3,0,15,1,0
14:10:01,501203114,0,0,50,1,0
14:10:01,501203117,0,0,0,2,0
14:10:01,501203118,8,0,12,1,0
14:10:01,501203121,0,0,24,1,0
14:10:01,501203122,7,0,13,1,0
14:10:01,501203125,6,0,19,1,0
14:10:01,501203131,1,1,19,1,0
14:10:01,501203140,30,7,11,1,0
14:10:01,501203141,7,1,9,1,0
14:10:01,501203142,16,1,59,1,0
14:10:01,501203145,11,0,4,1,0
14:10:01,501203151,2,0,16,1,0
14:10:01,501203155,11,0,8,1,0
14:10:01,501203157,3,0,14,1,0
14:10:01,501203159,1,1,19,1,0
14:10:01,501203161,5,0,13,1,0
14:10:01,501203162,9,0,12,1,0
14:10:01,501203163,7,0,9,1,0
14:10:01,501204001,5,1,20,1,0
14:10:01,501204002,5,0,31,1,0
14:10:01,501204003,0,0,44,1,0
14:10:01,501204004,10,0,4,1,0
14:10:01,501204005,10,0,10,1,0
14:10:01,501204007,16,0,20,1,0
14:10:01,501204008,7,2,8,1,0
14:10:01,501204009,0,0,0,2,0
14:10:01,501204010,0,0,0,2,0
14:10:01,501204011,2,0,13,1,0
14:10:01,501204012,3,0,11,1,0
14:10:01,501204013,2,0,12,1,0
14:10:01,501204014,6,1,10,1,0
14:10:01,501204015,9,0,6,1,0
14:10:01,501204016,5,0,15,1,0
14:10:01,501204017,7,0,8,1,0
14:10:01,501204018,4,0,20,1,0
14:10:01,501204020,10,3,10,1,0
14:10:01,501204021,14,4,6,1,0
14:10:01,501204022,0,0,16,1,0
14:10:01,501204023,7,4,8,1,0
14:10:01,501204024,0,0,0,2,0
14:10:01,501204025,7,1,12,1,0
14:10:01,501205001,11,0,6,1,0
14:10:01,501205003,4,1,15,1,0
14:10:01,501205004,2,0,14,1,0
14:10:01,501205005,13,0,9,1,0
14:10:01,501205006,5,4,15,1,0
14:10:01,501205007,1,1,11,1,0
14:10:01,501205008,14,1,12,1,0
14:10:01,501205009,21,0,24,1,0
14:10:01,501205010,1,0,13,1,0
14:10:01,501205011,16,2,15,1,0
14:10:01,501205012,11,0,9,1,0
14:10:01,501205013,11,0,10,1,0
14:10:01,501205014,1,1,22,1,0
14:10:01,501205015,7,1,11,1,0
14:10:01,501205018,3,1,15,1,0
14:10:01,501205019,16,0,12,1,0
14:10:01,501205020,15,1,14,1,0
14:10:01,501205021,1,1,14,1,0
14:10:01,501205022,8,0,7,1,0
14:10:01,501205023,13,1,1,1,0
14:10:01,501205025,6,1,22,1,0
14:10:01,501205026,0,0,19,1,0
14:10:01,501205027,2,0,8,1,0
14:10:01,501205028,1,0,14,1,0
14:10:01,501205029,0,0,10,1,0
14:10:01,501205030,10,2,0,1,0
14:10:01,501205033,8,0,7,1,0
14:10:01,501205034,5,2,23,1,0
14:10:01,501205035,5,2,11,1,0
14:10:01,501205036,10,3,5,1,0
14:10:01,501205037,1,0,15,1,0
14:10:01,501205038,0,0,20,1,0
14:10:01,501205039,13,0,7,1,0
14:10:01,501205040,4,0,21,1,0
14:10:01,501205041,1,0,16,1,0
14:10:01,501205042,8,1,21,1,0
14:10:01,501208011,36,4,0,1,0
14:10:01,501208013,21,1,33,1,0
14:10:01,501208014,23,2,15,1,0
14:10:01,501208015,5,2,9,1,0
14:10:01,501208018,6,1,9,1,0
14:10:01,501208021,14,1,3,1,0
14:10:01,501208027,12,0,17,1,0
14:10:01,501208029,11,0,11,1,0
14:10:01,501208030,26,0,12,1,0
14:10:01,501208032,24,1,3,1,0
14:10:01,501208040,9,3,10,1,0
14:10:01,501208041,7,0,8,1,0
14:10:01,501208045,5,1,27,1,0
14:10:01,501208051,23,0,12,1,0
14:10:01,501208053,18,0,3,1,0
14:10:01,501208054,23,0,4,1,0
14:10:01,501208059,29,6,0,1,0
14:10:01,501208064,6,0,14,1,0
14:10:01,501208077,7,1,3,1,0
14:10:01,501208079,4,1,18,1,0
14:10:01,501208082,9,0,1,1,0
14:10:01,501208085,5,0,12,1,0
14:10:01,501208087,0,0,31,1,0
14:10:01,501208089,25,1,0,1,0
14:10:01,501208091,7,2,36,1,0
14:10:01,501208111,7,0,8,1,0
14:10:01,501208113,8,1,12,1,0
14:10:01,501208114,8,1,12,1,0
14:10:01,501208129,9,1,14,1,0
14:10:01,501208130,7,2,8,1,0
14:10:01,501209002,1,1,19,1,0
14:10:01,501209003,5,0,9,1,0
14:10:01,501209004,7,4,8,1,0
14:10:01,501209005,3,1,15,1,0
14:10:01,501209006,9,2,10,1,0
14:10:01,501209007,4,0,11,1,0
14:10:01,501209009,0,0,0,2,0
14:10:01,501209010,4,0,10,1,0
14:10:01,501209011,5,2,20,1,0
14:10:01,501209014,11,0,1,1,0
14:10:01,501209015,9,0,6,1,0
14:10:01,501209016,11,1,18,1,0
14:10:01,501209017,8,1,5,1,0
14:10:01,501209018,0,0,16,1,0
14:10:01,501209019,4,1,21,1,0
14:10:01,501209020,11,1,20,1,0
14:10:01,501209021,1,0,13,1,0
14:10:01,501209022,9,1,1,1,0
14:10:01,501209023,12,1,29,1,0
14:10:01,501209024,2,1,40,1,0
14:10:01,501209025,1,0,14,1,0
14:10:01,501209026,15,0,11,1,0
14:10:01,501209027,9,3,10,1,0
14:10:01,501209028,1,0,27,1,0
14:10:01,501209030,16,3,2,1,0
14:10:01,501209031,0,0,30,1,0
14:10:01,501209032,11,3,17,1,0
14:10:01,501209033,0,0,20,1,0
14:10:01,501209034,6,0,9,1,0
14:10:01,501209035,9,2,19,1,0
14:10:01,501209036,5,0,25,1,0
14:10:01,501209037,10,1,26,1,0
14:10:01,501209038,2,0,13,1,0
14:10:01,501209039,0,0,30,1,0
14:10:01,501209040,4,0,27,1,0
14:10:01,501209042,1,0,19,1,0
14:10:01,501209043,17,3,8,1,0
14:10:01,501209044,4,0,11,1,0
14:10:01,501209045,4,2,11,1,0
14:10:01,501209046,6,0,16,1,0
14:10:01,501209047,3,2,11,1,0
14:10:01,501209049,12,3,8,1,0
14:10:01,501209050,6,1,7,1,0
14:10:01,501209051,0,0,24,1,0
14:10:01,501209052,1,1,21,1,0
14:10:01,501209053,5,1,15,1,0
14:10:01,501209054,1,0,26,1,0
14:10:01,501209056,11,1,4,1,0
14:10:01,501209058,14,1,2,1,0
14:10:01,501209059,14,0,1,1,0
14:10:01,501209060,11,0,9,1,0
14:10:01,501209062,0,0,15,1,0
14:10:01,501209064,7,0,8,1,0
14:10:01,501209065,3,0,12,1,0
14:10:01,501209066,1,0,13,1,0
14:10:01,501209067,5,1,10,1,0
14:10:01,501209068,7,1,10,1,0
14:10:01,501209069,0,0,63,1,0
14:10:01,501209070,0,0,17,1,0
14:10:01,501209071,12,1,4,1,0
14:10:01,501209073,10,2,4,1,0
14:10:01,501209074,15,1,8,1,0
14:10:01,501209075,0,0,14,1,0
14:10:01,501209076,7,0,16,1,0
14:10:01,501209077,7,2,8,1,0
14:10:01,501209078,8,0,4,1,0
14:10:01,501209079,3,0,22,1,0
14:10:01,501209080,4,2,23,1,0
14:10:01,501209081,9,1,6,1,0
14:10:01,501209084,1,0,22,1,0
14:10:01,501209085,8,0,20,1,0
14:10:01,501209087,22,3,17,1,0
14:10:01,501209088,6,2,9,1,0
14:10:01,501209089,8,1,12,1,0
14:10:01,501209090,7,0,7,1,0
14:10:01,501209091,8,7,8,1,0
14:10:01,501209092,1,0,14,1,0
14:10:01,501209093,11,1,4,1,0
14:10:01,501209094,6,0,10,1,0
14:10:01,501209095,0,0,14,1,0
14:10:01,501209096,9,1,5,1,0
14:10:01,501209097,2,0,13,1,0
14:10:01,501209098,8,3,7,1,0
14:10:01,501209099,8,0,12,1,0
14:10:01,501209100,12,0,1,1,0
14:10:01,501209101,6,0,8,1,0
14:10:01,501209102,5,2,15,1,0
14:10:01,501209104,5,0,14,1,0
14:10:01,501209105,13,1,12,1,0
14:10:01,501209106,4,0,16,1,0
14:10:01,501211001,14,1,22,1,0
14:10:01,501211002,3,0,12,1,0
14:10:01,501211004,5,1,10,1,0
14:10:01,501211005,2,0,17,1,0
14:10:01,501211006,0,0,16,1,0
14:10:01,501211007,0,0,19,1,0
14:10:01,501211009,9,0,9,1,0
14:10:01,501211011,5,1,25,1,0
14:10:01,501211012,11,0,7,1,0
14:20:00,501201001,0,0,0,2,0
14:20:00,501201002,19,0,21,1,0
14:20:00,501201003,4,0,19,1,0
14:20:00,501201004,6,0,8,1,0
14:20:00,501201005,5,0,14,1,0
14:20:00,501201006,10,0,18,1,0
14:20:00,501201007,7,1,12,1,0
14:20:00,501201008,5,0,20,1,0
14:20:00,501201010,3,2,7,1,0
14:20:00,501201011,11,0,10,1,0
14:20:00,501201012,5,2,35,1,0
14:20:00,501201013,8,0,14,1,0
14:20:00,501201014,3,1,16,1,0
14:20:00,501201015,4,2,21,1,0
14:20:00,501201016,11,0,14,1,0
14:20:00,501201017,4,0,23,1,0
14:20:00,501201018,1,1,23,1,0
14:20:00,501201019,9,1,19,1,0
14:20:00,501201020,6,0,18,1,0
14:20:00,501201021,15,1,0,1,0
14:20:00,501201022,4,1,12,1,0
14:20:00,501201023,3,1,25,1,0
14:20:00,501201024,7,0,17,1,0
14:20:00,501201025,10,1,14,1,0
14:20:00,501201026,8,1,11,1,0
14:20:00,501201028,11,1,9,1,0
14:20:00,501201029,8,0,5,1,0
14:20:00,501201030,11,2,3,1,0
14:20:00,501201031,2,0,15,1,0
14:20:00,501202001,8,0,6,1,0
14:20:00,501202003,7,0,33,1,0
14:20:00,501202013,1,0,16,1,0
14:20:00,501202023,4,0,9,1,0
14:20:00,501202024,11,0,4,1,0
14:20:00,501202034,1,1,15,1,0
14:20:00,501202035,18,0,12,1,0
14:20:00,501202036,34,1,4,1,0
14:20:00,501202040,3,0,42,1,0
14:20:00,501202043,11,1,14,1,0
14:20:00,501202044,0,0,0,2,0
14:20:00,501202047,6,1,15,1,0
14:20:00,501202050,6,1,10,1,0
14:20:00,501202055,3,0,12,1,0
14:20:00,501202058,6,0,9,1,0
14:20:00,501202065,11,3,3,1,0
14:20:00,501202068,7,0,11,1,0
14:20:00,501202070,13,0,3,1,0
14:20:00,501202078,4,0,21,1,0
14:20:00,501202080,14,1,12,1,0
14:20:00,501202081,8,1,15,1,0
14:20:00,501202082,7,2,16,1,0
14:20:00,501202083,6,0,17,1,0
14:20:00,501202084,4,1,20,1,0
14:20:00,501202085,3,0,32,1,0
14:20:00,501202088,2,0,28,1,0
14:20:00,501202089,12,1,17,1,0
14:20:00,501202096,5,0,10,1,0
14:20:00,501203001,8,0,12,1,0
14:20:00,501203002,7,2,15,1,0
14:20:00,501203003,11,0,83,1,0
14:20:00,501203005,2,0,18,1,0
14:20:00,501203006,7,0,8,1,0
14:20:00,501203007,10,1,5,1,0
14:20:00,501203008,3,0,13,1,0
14:20:00,501203010,14,1,19,1,0
14:20:00,501203011,14,1,23,1,0
14:20:00,501203012,9,1,8,1,0
14:20:00,501203013,2,1,22,1,0
14:20:00,501203015,8,1,4,1,0
14:20:00,501203020,2,0,18,1,0
14:20:00,501203022,2,0,17,1,0
14:20:00,501203023,6,0,12,1,0
14:20:00,501203028,6,0,19,1,0
14:20:00,501203040,7,1,15,1,0
14:20:00,501203045,11,0,7,1,0
14:20:00,501203050,30,2,30,1,0
14:20:00,501203051,6,0,18,1,0
14:20:00,501203053,17,2,9,1,0
14:20:00,501203054,9,0,13,1,0
14:20:00,501203064,12,0,4,1,0
14:20:00,501203065,4,0,12,1,0
14:20:00,501203070,5,0,10,1,0
14:20:00,501203073,7,0,17,1,0
14:20:00,501203076,2,0,14,1,0
14:20:00,501203078,10,1,6,1,0
14:20:00,501203080,12,4,3,1,0
14:20:00,501203084,4,0,6,1,0
14:20:00,501203085,4,0,6,1,0
14:20:00,501203088,6,3,8,1,0
14:20:00,501203089,2,1,10,1,0
14:20:00,501203090,5,1,4,1,0
14:20:00,501203091,4,0,9,1,0
14:20:00,501203092,1,0,19,1,0
14:20:00,501203100,5,1,14,1,0
14:20:00,501203101,0,0,0,2,0
14:20:00,501203102,3,1,16,1,0
14:20:00,501203104,8,0,10,1,0
14:20:00,501203105,1,0,10,1,0
14:20:00,501203107,0,0,0,2,0
14:20:00,501203109,3,0,23,1,0
14:20:00,501203110,9,0,32,1,0
14:20:00,501203111,0,0,11,1,0
14:20:00,501203113,3,0,15,1,0
14:20:00,501203114,2,0,48,1,0
14:20:00,501203117,0,0,0,2,0
14:20:00,501203118,8,0,12,1,0
14:20:00,501203121,0,0,24,1,0
14:20:00,501203122,7,0,13,1,0
14:20:00,501203125,6,0,19,1,0
14:20:00,501203131,1,1,19,1,0
14:20:00,501203140,30,6,11,1,0
14:20:00,501203141,7,1,9,1,0
14:20:00,501203142,14,0,61,1,0
14:20:00,501203145,11,0,4,1,0
14:20:00,501203151,1,0,17,1,0
14:20:00,501203155,11,0,8,1,0
14:20:00,501203157,3,0,14,1,0
14:20:00,501203159,1,1,19,1,0
14:20:00,501203161,5,0,13,1,0
14:20:00,501203162,9,0,12,1,0
14:20:00,501203163,7,0,9,1,0
14:20:00,501204001,5,1,20,1,0
14:20:00,501204002,6,0,30,1,0
14:20:00,501204003,3,0,41,1,0
14:20:00,501204004,7,0,7,1,0
14:20:00,501204005,9,0,11,1,0
14:20:00,501204007,17,0,19,1,0
14:20:00,501204008,7,1,8,1,0
14:20:00,501204009,0,0,0,2,0
14:20:00,501204010,0,0,0,2,0
14:20:00,501204011,2,0,13,1,0
14:20:00,501204012,5,0,9,1,0
14:20:00,501204013,1,0,13,1,0
14:20:00,501204014,6,1,10,1,0
14:20:00,501204015,7,0,8,1,0
14:20:00,501204016,5,0,15,1,0
14:20:00,501204017,4,0,11,1,0
14:20:00,501204018,3,0,21,1,0
14:20:00,501204020,11,1,9,1,0
14:20:00,501204021,13,4,7,1,0
14:20:00,501204022,0,0,16,1,0
14:20:00,501204023,4,3,11,1,0
14:20:00,501204024,0,0,0,2,0
14:20:00,501204025,6,0,13,1,0
14:20:00,501205001,12,0,5,1,0
14:20:00,501205003,4,1,15,1,0
14:20:00,501205004,3,1,13,1,0
14:20:00,501205005,12,0,10,1,0
14:20:00,501205006,3,0,17,1,0
14:20:00,501205007,1,1,11,1,0
14:20:00,501205008,13,1,13,1,0
14:20:00,501205009,23,0,22,1,0
14:20:00,501205010,4,0,10,1,0
14:20:00,501205011,15,1,16,1,0
14:20:00,501205012,12,0,8,1,0
14:20:00,501205013,11,0,10,1,0
14:20:00,501205014,3,1,20,1,0
14:20:00,501205015,7,2,11,1,0
14:20:00,501205018,3,1,15,1,0
14:20:00,501205019,4,0,24,1,0
14:20:00,501205020,15,1,14,1,0
14:20:00,501205021,1,1,14,1,0
14:20:00,501205022,8,0,7,1,0
14:20:00,501205023,14,4,0,1,0
14:20:00,501205025,4,0,24,1,0
14:20:00,501205026,0,0,19,1,0
14:20:00,501205027,1,0,9,1,0
14:20:00,501205028,3,0,12,1,0
14:20:00,501205029,0,0,10,1,0
14:20:00,501205030,10,2,0,1,0
14:20:00,501205033,9,0,6,1,0
14:20:00,501205034,4,2,24,1,0
14:20:00,501205035,4,1,12,1,0
14:20:00,501205036,10,3,5,1,0
14:20:00,501205037,1,0,15,1,0
14:20:00,501205038,0,0,20,1,0
14:20:00,501205039,13,0,7,1,0
14:20:00,501205040,4,0,21,1,0
14:20:00,501205041,1,0,16,1,0
14:20:00,501205042,8,1,21,1,0
14:20:00,501208011,36,5,0,1,0
14:20:00,501208013,17,0,37,1,0
14:20:00,501208014,24,2,14,1,0
14:20:00,501208015,3,0,11,1,0
14:20:00,501208018,6,2,9,1,0
14:20:00,501208021,12,0,5,1,0
14:20:00,501208027,11,0,18,1,0
14:20:00,501208029,10,0,12,1,0
14:20:00,501208030,27,0,11,1,0
14:20:00,501208032,23,1,4,1,0
14:20:00,501208040,9,3,10,1,0
14:20:00,501208041,7,0,8,1,0
14:20:00,501208045,5,1,27,1,0
14:20:00,501208051,23,0,12,1,0
14:20:00,501208053,17,1,4,1,0
14:20:00,501208054,23,0,4,1,0
14:20:00,501208059,29,5,0,1,0
14:20:00,501208064,6,0,14,1,0
14:20:00,501208077,7,1,3,1,0
14:20:00,501208079,4,1,18,1,0
14:20:00,501208082,7,0,3,1,0
14:20:00,501208085,5,0,12,1,0
14:20:00,501208087,1,0,30,1,0
14:20:00,501208089,24,1,1,1,0
14:20:00,501208091,7,2,36,1,0
14:20:00,501208111,7,0,8,1,0
14:20:00,501208113,8,1,12,1,0
14:20:00,501208114,8,1,12,1,0
14:20:00,501208129,13,4,10,1,0
14:20:00,501208130,7,2,8,1,0
14:20:00,501209002,2,1,18,1,0
14:20:00,501209003,5,0,9,1,0
14:20:00,501209004,6,4,9,1,0
14:20:00,501209005,4,1,14,1,0
14:20:00,501209006,10,3,9,1,0
14:20:00,501209007,5,1,10,1,0
14:20:00,501209009,0,0,0,2,0
14:20:00,501209010,5,0,9,1,0
14:20:00,501209011,5,2,20,1,0
14:20:00,501209014,11,0,1,1,0
14:20:00,501209015,9,0,6,1,0
14:20:00,501209016,11,1,18,1,0
14:20:00,501209017,8,1,5,1,0
14:20:00,501209018,0,0,16,1,0
14:20:00,501209019,3,1,22,1,0
14:20:00,501209020,11,1,20,1,0
14:20:00,501209021,1,0,13,1,0
14:20:00,501209022,9,1,1,1,0
14:20:00,501209023,6,1,36,1,0
14:20:00,501209024,5,1,37,1,0
14:20:00,501209025,1,0,14,1,0
14:20:00,501209026,14,2,12,1,0
14:20:00,501209027,11,5,8,1,0
14:20:00,501209028,1,0,27,1,0
14:20:00,501209030,17,3,1,1,0
14:20:00,501209031,0,0,30,1,0
14:20:00,501209032,11,3,17,1,0
14:20:00,501209033,0,0,20,1,0
14:20:00,501209034,4,0,11,1,0
14:20:00,501209035,9,2,19,1,0
14:20:00,501209036,7,0,23,1,0
14:20:00,501209037,8,1,28,1,0
14:20:00,501209038,2,0,13,1,0
14:20:00,501209039,0,0,30,1,0
14:20:00,501209040,3,0,28,1,0
14:20:00,501209042,0,0,20,1,0
14:20:00,501209043,16,2,9,1,0
14:20:00,501209044,4,0,11,1,0
14:20:00,501209045,4,2,11,1,0
14:20:00,501209046,7,1,15,1,0
14:20:00,501209047,2,2,12,1,0
14:20:00,501209049,11,2,9,1,0
14:20:00,501209050,6,1,7,1,0
14:20:00,501209051,0,0,24,1,0
14:20:00,501209052,0,0,22,1,0
14:20:00,501209053,5,1,15,1,0
14:20:00,501209054,0,0,27,1,0
14:20:00,501209056,9,1,6,1,0
14:20:00,501209058,7,0,9,1,0
14:20:00,501209059,15,1,0,1,0
14:20:00,501209060,11,0,9,1,0
14:20:00,501209062,0,0,15,1,0
14:20:00,501209064,7,0,8,1,0
14:20:00,501209065,4,0,11,1,0
14:20:00,501209066,0,0,13,1,0
14:20:00,501209067,5,1,10,1,0
14:20:00,501209068,7,1,10,1,0
14:20:00,501209069,0,0,63,1,0
14:20:00,501209070,1,0,16,1,0
14:20:00,501209071,12,1,4,1,0
14:20:00,501209073,9,1,5,1,0
14:20:00,501209074,15,1,8,1,0
14:20:00,501209075,1,0,13,1,0
14:20:00,501209076,7,0,16,1,0
14:20:00,501209077,7,2,8,1,0
14:20:00,501209078,7,0,5,1,0
14:20:00,501209079,7,2,18,1,0
14:20:00,501209080,1,1,26,1,0
14:20:00,501209081,10,0,5,1,0
14:20:00,501209084,1,0,22,1,0
14:20:00,501209085,8,0,20,1,0
14:20:00,501209087,23,3,16,1,0
14:20:00,501209088,6,2,9,1,0
14:20:00,501209089,10,1,10,1,0
14:20:00,501209090,9,1,5,1,0
14:20:00,501209091,8,7,8,1,0
14:20:00,501209092,1,0,14,1,0
14:20:00,501209093,12,2,3,1,0
14:20:00,501209094,6,0,10,1,0
14:20:00,501209095,1,0,13,1,0
14:20:00,501209096,9,1,5,1,0
14:20:00,501209097,2,0,13,1,0
14:20:00,501209098,10,4,5,1,0
14:20:00,501209099,8,0,12,1,0
14:20:00,501209100,12,0,1,1,0
14:20:00,501209101,6,0,8,1,0
14:20:00,501209102,5,2,15,1,0
14:20:00,501209104,5,0,14,1,0
14:20:00,501209105,13,1,12,1,0
14:20:00,501209106,3,0,17,1,0
14:20:00,501211001,8,1,28,1,0
14:20:00,501211002,3,0,12,1,0
14:20:00,501211004,5,1,10,1,0
14:20:00,501211005,2,0,17,1,0
14:20:00,501211006,4,0,12,1,0
14:20:00,501211007,0,0,19,1,0
14:20:00,501211009,9,0,9,1,0
14:20:00,501211011,5,1,25,1,0
14:20:00,501211012,11,0,7,1,0
14:30:00,501201001,0,0,0,2,0
14:30:00,501201002,15,0,25,1,0
14:30:00,501201003,3,0,20,1,0
14:30:00,501201004,6,0,8,1,0
14:30:00,501201005,2,0,17,1,0
14:30:00,501201006,11,1,17,1,0
14:30:00,501201007,7,0,12,1,0
14:30:00,501201008,5,1,20,1,0
14:30:00,501201010,3,2,7,1,0
14:30:00,501201011,12,0,9,1,0
14:30:00,501201012,6,3,34,1,0
14:30:00,501201013,8,0,14,1,0
14:30:00,501201014,6,1,13,1,0
14:30:00,501201015,5,2,20,1,0
14:30:00,501201016,8,0,17,1,0
14:30:00,501201017,4,1,23,1,0
14:30:00,501201018,3,3,21,1,0
14:30:00,501201019,9,1,19,1,0
14:30:00,501201020,6,0,18,1,0
14:30:00,501201021,15,1,0,1,0
14:30:00,501201022,2,0,14,1,0
14:30:00,501201023,3,1,25,1,0
14:30:00,501201024,7,0,17,1,0
14:30:00,501201025,10,1,14,1,0
14:30:00,501201026,8,1,11,1,0
14:30:00,501201028,11,1,9,1,0
14:30:00,501201029,8,0,5,1,0
14:30:00,501201030,11,1,3,1,0
14:30:00,501201031,1,0,16,1,0
14:30:00,501202001,9,0,5,1,0
14:30:00,501202003,9,1,31,1,0
14:30:00,501202013,1,0,16,1,0
14:30:00,501202023,5,1,8,1,0
14:30:00,501202024,11,0,4,1,0
14:30:00,501202034,1,1,15,1,0
14:30:00,501202035,20,2,10,1,0
14:30:00,501202036,35,1,3,1,0
14:30:00,501202040,3,0,42,1,0
14:30:00,501202043,8,0,17,1,0
14:30:00,501202044,0,0,0,2,0
14:30:00,501202047,6,1,15,1,0
14:30:00,501202050,6,1,10,1,0
14:30:00,501202055,2,0,13,1,0
14:30:00,501202058,8,0,7,1,0
14:30:00,501202065,11,3,3,1,0
14:30:00,501202068,7,0,11,1,0
14:30:00,501202070,13,0,3,1,0
14:30:00,501202078,4,0,21,1,0
14:30:00,501202080,13,1,13,1,0
14:30:00,501202081,8,1,15,1,0
14:30:00,501202082,8,3,15,1,0
14:30:00,501202083,8,0,15,1,0
14:30:00,501202084,5,1,19,1,0
14:30:00,501202085,3,0,32,1,0
14:30:00,501202088,2,0,28,1,0
14:30:00,501202089,10,0,19,1,0
14:30:00,501202096,5,0,10,1,0
14:30:00,501203001,5,0,15,1,0
14:30:00,501203002,9,2,13,1,0
14:30:00,501203003,13,1,81,1,0
14:30:00,501203005,2,0,18,1,0
14:30:00,501203006,6,0,9,1,0
14:30:00,501203007,11,2,4,1,0
14:30:00,501203008,4,0,12,1,0
14:30:00,501203010,15,1,18,1,0
14:30:00,501203011,14,1,23,1,0
14:30:00,501203012,9,1,8,1,0
14:30:00,501203013,2,1,22,1,0
14:30:00,501203015,8,1,4,1,0
14:30:00,501203020,3,0,17,1,0
14:30:00,501203022,2,0,17,1,0
14:30:00,501203023,4,0,14,1,0
14:30:00,501203028,5,0,20,1,0
14:30:00,501203040,8,1,14,1,0
14:30:00,501203045,11,0,7,1,0
14:30:00,501203050,29,2,31,1,0
14:30:00,501203051,6,0,18,1,0
14:30:00,501203053,17,2,9,1,0
14:30:00,501203054,9,0,13,1,0
14:30:00,501203064,12,0,4,1,0
14:30:00,501203065,3,0,13,1,0
14:30:00,501203070,5,0,10,1,0
14:30:00,501203073,7,0,17,1,0
14:30:00,501203076,3,0,13,1,0
14:30:00,501203078,10,1,6,1,0
14:30:00,501203080,11,4,4,1,0
14:30:00,501203084,5,0,5,1,0
14:30:00,501203085,3,0,7,1,0
14:30:00,501203088,6,3,8,1,0
14:30:00,501203089,2,1,10,1,0
14:30:00,501203090,5,1,4,1,0
14:30:00,501203091,4,0,9,1,0
14:30:00,501203092,1,0,19,1,0
14:30:00,501203100,8,2,11,1,0
14:30:00,501203101,0,0,0,2,0
14:30:00,501203102,4,1,15,1,0
14:30:00,501203104,8,0,10,1,0
14:30:00,501203105,2,0,9,1,0
14:30:00,501203107,0,0,0,2,0
14:30:00,501203109,2,0,24,1,0
14:30:00,501203110,14,2,27,1,0
14:30:00,501203111,1,0,10,1,0
14:30:00,501203113,3,0,15,1,0
14:30:00,501203114,1,0,49,1,0
14:30:00,501203117,0,0,0,2,0
14:30:00,501203118,8,0,12,1,0
14:30:00,501203121,0,0,24,1,0
14:30:00,501203122,8,0,12,1,0
14:30:00,501203125,6,0,19,1,0
14:30:00,501203131,1,1,19,1,0
14:30:00,501203140,29,6,12,1,0
14:30:00,501203141,7,1,9,1,0
14:30:00,501203142,14,0,61,1,0
14:30:00,501203145,11,0,4,1,0
14:30:00,501203151,1,0,17,1,0
14:30:00,501203155,11,0,8,1,0
14:30:00,501203157,3,0,14,1,0
14:30:00,501203159,1,1,19,1,0
14:30:00,501203161,5,0,13,1,0
14:30:00,501203162,6,0,15,1,0
14:30:00,501203163,7,0,9,1,0
14:30:00,501204001,4,0,21,1,0
14:30:00,501204002,5,0,31,1,0
14:30:00,501204003,6,1,38,1,0
14:30:00,501204004,7,0,7,1,0
14:30:00,501204005,10,0,10,1,0
14:30:00,501204007,16,0,20,1,0
14:30:00,501204008,6,1,9,1,0
14:30:00,501204009,0,0,0,2,0
14:30:00,501204010,0,0,0,2,0
14:30:00,501204011,2,0,13,1,0
14:30:00,501204012,6,1,8,1,0
14:30:00,501204013,1,0,13,1,0
14:30:00,501204014,6,1,10,1,0
14:30:00,501204015,7,0,8,1,0
14:30:00,501204016,5,0,15,1,0
14:30:00,501204017,4,0,11,1,0
14:30:00,501204018,3,0,21,1,0
14:30:00,501204020,12,1,8,1,0
14:30:00,501204021,12,4,8,1,0
14:30:00,501204022,0,0,16,1,0
14:30:00,501204023,5,3,10,1,0
14:30:00,501204024,0,0,0,2,0
14:30:00,501204025,6,0,13,1,0
14:30:00,501205001,15,0,2,1,0
14:30:00,501205003,5,2,14,1,0
14:30:00,501205004,1,0,15,1,0
14:30:00,501205005,12,0,10,1,0
14:30:00,501205006,3,0,17,1,0
14:30:00,501205007,1,1,11,1,0
14:30:00,501205008,11,0,15,1,0
14:30:00,501205009,23,0,22,1,0
14:30:00,501205010,3,0,11,1,0
14:30:00,501205011,15,1,16,1,0
14:30:00,501205012,15,2,5,1,0
14:30:00,501205013,11,0,10,1,0
14:30:00,501205014,3,1,20,1,0
14:30:00,501205015,4,2,14,1,0
14:30:00,501205018,2,0,16,1,0
14:30:00,501205019,3,0,25,1,0
14:30:00,501205020,15,1,14,1,0
14:30:00,501205021,2,1,13,1,0
14:30:00,501205022,8,0,7,1,0
14:30:00,501205023,14,4,0,1,0
14:30:00,501205025,7,1,21,1,0
14:30:00,501205026,0,0,19,1,0
14:30:00,501205027,1,0,9,1,0
14:30:00,501205028,5,1,10,1,0
14:30:00,501205029,0,0,10,1,0
14:30:00,501205030,10,2,0,1,0
14:30:00,501205033,10,1,5,1,0
14:30:00,501205034,4,2,24,1,0
14:30:00,501205035,4,1,12,1,0
14:30:00,501205036,7,3,8,1,0
14:30:00,501205037,1,0,15,1,0
14:30:00,501205038,0,0,20,1,0
14:30:00,501205039,13,0,7,1,0
14:30:00,501205040,4,0,21,1,0
14:30:00,501205041,1,0,16,1,0
14:30:00,501205042,8,1,21,1,0
14:30:00,501208011,36,3,0,1,0
14:30:00,501208013,16,0,38,1,0
14:30:00,501208014,25,2,13,1,0
14:30:00,501208015,3,0,11,1,0
14:30:00,501208018,6,2,9,1,0
14:30:00,501208021,13,1,4,1,0
14:30:00,501208027,14,0,15,1,0
14:30:00,501208029,9,0,13,1,0
14:30:00,501208030,26,0,12,1,0
14:30:00,501208032,26,1,2,1,0
14:30:00,501208040,9,3,10,1,0
14:30:00,501208041,7,0,8,1,0
14:30:00,501208045,5,1,27,1,0
14:30:00,501208051,21,0,14,1,0
14:30:00,501208053,14,0,7,1,0
14:30:00,501208054,23,0,4,1,0
14:30:00,501208059,28,4,1,1,0
14:30:00,501208064,6,0,14,1,0
14:30:00,501208077,7,1,3,1,0
14:30:00,501208079,4,1,18,1,0
14:30:00,501208082,7,0,3,1,0
14:30:00,501208085,6,1,11,1,0
14:30:00,501208087,2,1,29,1,0
14:30:00,501208089,21,1,4,1,0
14:30:00,501208091,7,2,36,1,0
14:30:00,501208111,6,0,9,1,0
14:30:00,501208113,8,1,12,1,0
14:30:00,501208114,8,1,12,1,0
14:30:00,501208129,15,5,8,1,0
14:30:00,501208130,7,2,8,1,0
14:30:00,501209002,2,1,18,1,0
14:30:00,501209003,5,0,9,1,0
14:30:00,501209004,6,4,9,1,0
14:30:00,501209005,3,1,15,1,0
14:30:00,501209006,9,2,10,1,0
14:30:00,501209007,5,1,10,1,0
14:30:00,501209009,0,0,0,2,0
14:30:00,501209010,5,1,9,1,0
14:30:00,501209011,5,2,20,1,0
14:30:00,501209014,11,0,1,1,0
14:30:00,501209015,9,0,6,1,0
14:30:00,501209016,13,2,16,1,0
14:30:00,501209017,8,1,5,1,0
14:30:00,501209018,0,0,16,1,0
14:30:00,501209019,2,1,23,1,0
14:30:00,501209020,12,1,19,1,0
14:30:00,501209021,0,0,14,1,0
14:30:00,501209022,9,1,1,1,0
14:30:00,501209023,8,1,34,1,0
14:30:00,501209024,1,1,41,1,0
14:30:00,501209025,1,0,14,1,0
14:30:00,501209026,17,2,9,1,0
14:30:00,501209027,12,5,7,1,0
14:30:00,501209028,1,0,27,1,0
14:30:00,501209030,11,3,7,1,0
14:30:00,501209031,2,0,28,1,0
14:30:00,501209032,8,1,20,1,0
14:30:00,501209033,0,0,20,1,0
14:30:00,501209034,5,0,10,1,0
14:30:00,501209035,9,1,19,1,0
14:30:00,501209036,7,0,23,1,0
14:30:00,501209037,7,1,29,1,0
14:30:00,501209038,2,0,13,1,0
14:30:00,501209039,8,0,22,1,0
14:30:00,501209040,3,0,28,1,0
14:30:00,501209042,5,0,15,1,0
14:30:00,501209043,16,2,9,1,0
14:30:00,501209044,3,0,12,1,0
14:30:00,501209045,4,2,11,1,0
14:30:00,501209046,4,0,18,1,0
14:30:00,501209047,3,2,11,1,0
14:30:00,501209049,11,1,9,1,0
14:30:00,501209050,7,1,6,1,0
14:30:00,501209051,1,0,23,1,0
14:30:00,501209052,0,0,22,1,0
14:30:00,501209053,5,1,15,1,0
14:30:00,501209054,2,0,25,1,0
14:30:00,501209056,8,1,7,1,0
14:30:00,501209058,7,0,9,1,0
14:30:00,501209059,15,1,0,1,0
14:30:00,501209060,11,0,9,1,0
14:30:00,501209062,0,0,15,1,0
14:30:00,501209064,7,0,8,1,0
14:30:00,501209065,3,0,12,1,0
14:30:00,501209066,0,0,13,1,0
14:30:00,501209067,5,1,10,1,0
14:30:00,501209068,9,1,8,1,0
14:30:00,501209069,3,0,60,1,0
14:30:00,501209070,2,1,15,1,0
14:30:00,501209071,12,1,4,1,0
14:30:00,501209073,9,1,5,1,0
14:30:00,501209074,16,1,7,1,0
14:30:00,501209075,1,0,13,1,0
14:30:00,501209076,8,0,15,1,0
14:30:00,501209077,7,2,8,1,0
14:30:00,501209078,7,0,5,1,0
14:30:00,501209079,6,1,19,1,0
14:30:00,501209080,1,1,26,1,0
14:30:00,501209081,10,0,5,1,0
14:30:00,501209084,1,0,22,1,0
14:30:00,501209085,8,0,20,1,0
14:30:00,501209087,24,4,15,1,0
14:30:00,501209088,6,2,9,1,0
14:30:00,501209089,10,1,10,1,0
14:30:00,501209090,8,1,6,1,0
14:30:00,501209091,8,7,8,1,0
14:30:00,501209092,1,0,14,1,0
14:30:00,501209093,11,1,4,1,0
14:30:00,501209094,6,0,10,1,0
14:30:00,501209095,1,0,13,1,0
14:30:00,501209096,9,1,5,1,0
14:30:00,501209097,2,0,13,1,0
14:30:00,501209098,10,4,5,1,0
14:30:00,501209099,8,0,12,1,0
14:30:00,501209100,12,0,1,1,0
14:30:00,501209101,6,0,8,1,0
14:30:00,501209102,5,2,15,1,0
14:30:00,501209104,4,0,15,1,0
14:30:00,501209105,13,1,12,1,0
14:30:00,501209106,3,0,17,1,0
14:30:00,501211001,7,1,29,1,0
14:30:00,501211002,6,2,9,1,0
14:30:00,501211004,5,1,10,1,0
14:30:00,501211005,2,0,17,1,0
14:30:00,501211006,4,0,12,1,0
14:30:00,501211007,1,0,18,1,0
14:30:00,501211009,9,0,9,1,0
14:30:00,501211011,2,1,28,1,0
14:30:00,501211012,11,0,7,1,0
