sno,name_tw,name_en,district,lat,lng,capacity,dist_m,logged
501201001,捷運美麗島站(10號出口),KRT Formosa Boulevard Sta. (Exit 10),新興區,22.632130,120.302120,23,3766,1
501201002,捷運美麗島站(2號出口),KRT Formosa Boulevard Sta. (Exit 2),新興區,22.630350,120.301750,40,3705,1
501201003,捷運美麗島站(5號出口),KRT Formosa Boulevard Sta. (Exit 5),新興區,22.631180,120.303100,23,3852,1
501201004,七賢洛陽街口,Qixian Luoyang St. Intersection,新興區,22.634160,120.309450,15,4544,1
501201005,中山七賢路口西南側,Zhongshan Qixian Rd. Intersection (Southwest),新興區,22.634220,120.302090,19,3803,1
501201006,中山八德路口西南側,Zhongshan Bade Rd. Intersection (Southwest),新興區,22.635650,120.302190,28,3848,1
501201007,新興高中,Sinsing Senior High School,新興區,22.623990,120.303460,19,3883,1
501201008,新興公園西南側,Xinxing Park (Southwest),新興區,22.636010,120.312190,25,4859,1
501201009,中正和平路口西北側,Zhongzheng Heping Rd. Intersection (Northwest),新興區,22.630410,120.317710,20,5339,0
501201010,六合錦田路口,Liuhe Jintian Rd. Intersection,新興區,22.632350,120.310970,10,4670,1
501201011,捷運信義國小站(5號出口),KRT Sinyi Elementary School Sta. (Exit 5),新興區,22.630730,120.312920,22,4851,1
501201012,高雄市財稅行政大樓,Kaohsiung Financial Services Building,新興區,22.630690,120.309770,40,4529,1
501201013,復興民權街口,Fuxing Minquan St. Intersection,新興區,22.624180,120.308830,22,4430,1
501201014,忠孝公園,Zhongxiao Park,新興區,22.627170,120.305750,19,4100,1
501201015,捷運中央公園站(2號出口),KRT Central Park Sta. (Exit 2),新興區,22.623890,120.301240,25,3657,1
501201016,捷運中央公園站(3號出口),KRT Central Park Sta. (Exit 3),新興區,22.626840,120.301520,25,3667,1
501201017,捷運美麗島站(9號出口),KRT Formosa Boulevard Sta. (Exit 9),新興區,22.632520,120.302030,27,3763,1
501201018,捷運信義國小站(1號出口),KRT Xinyi Elementary School Sta. (Exit 1),新興區,22.630946,120.309886,24,4543,1
501201019,六合公園(七賢路),Liuhe Park(Qixian Rd.),新興區,22.634200,120.305900,28,4187,1
501201020,中山民生圓環,Zhongshan Minsheng Roundabout,新興區,22.627900,120.301490,24,3664,1
501201021,捷運美麗島站(7號出口),KRT Formosa Boulevard Sta. (Exit 7),新興區,22.631430,120.303430,15,3889,1
501201022,捷運美麗島站(6號出口),KRT Formosa Boulevard Sta. (Exit 6),新興區,22.631110,120.304310,16,3975,1
501201023,民族八德路口,Minzu Bade Rd. Intersection,新興區,22.635390,120.313410,28,4968,1
501201024,高雄高商(復興路),Kaohsiung Commercial High School (Fuxing Rd.),新興區,22.625160,120.308450,24,4384,1
501201025,民權民生路口,Minquan Minsheng Rd. Intersection,新興區,22.627230,120.310860,24,4625,1
501201026,大同國小(大同路),Ta-Tung Elementary School,新興區,22.628230,120.298950,19,3404,1
501201027,民族河南路口,National Henan Road,新興區,22.636120,120.313880,23,5031,0
501201028,七賢民族二路口,Qixian Minzu 2nd Rd.,新興區,22.633880,120.313100,20,4909,1
501201029,六合公園(六合一路),Liuhe Park(Liuhe 1st Rd),新興區,22.632833,120.305530,13,4124,1
501201030,中正忠孝一路口,Zhongzheng Zhongxiao 1st Rd.,新興區,22.630980,120.306210,15,4168,1
501201031,中正仁愛一街口,Zhongzheng Ren'ai 1st St.,新興區,22.631216,120.307190,17,4270,1
501202001,中正民族路口(東南角),Zhongzheng Minzu Rd. Intersection (Southeast),苓雅區,22.630440,120.313670,14,4926,1
501202002,捷運文化中心站(2號出口),KRT Cultural Center Sta. (Exit 2),苓雅區,22.630150,120.317720,27,5338,0
501202003,苓雅國中,Lingya Junior High School,苓雅區,22.618550,120.307190,40,4358,1
501202004,高雄師範大學(學生宿舍),NKNU (Student Dormitory),苓雅區,22.626640,120.319480,42,5510,0
501202005,高雄師範大學(活動中心),NKNU (Activity Center),苓雅區,22.623880,120.320540,26,5631,0
501202006,自來水公園,Water Tower Park,苓雅區,22.627580,120.314920,16,5042,0
501202007,中正高中,Jhong Jheng Senior High School,苓雅區,22.626180,120.338260,35,7438,0
501202009,泰順河南路口,Taishun Henan Rd. Intersection,苓雅區,22.631920,120.319840,16,5570,0
501202010,捷運衛武營站(4號出口),KRT Weiwuying Sta. (Exit 4),苓雅區,22.624990,120.341770,22,7802,0
501202011,正道公園,Zhengdao Park,苓雅區,22.634610,120.335390,15,7188,0
501202012,苓雅中正國小,Lingya Jhong Jheng Elementary School,苓雅區,22.630270,120.333300,20,6936,0
501202013,復華高中,FUHWA Senior High School,苓雅區,22.621070,120.313250,17,4919,1
501202014,凱旋同慶路口(西南角),Kaixuan Tongqing Intersection (Southwest),苓雅區,22.627750,120.322360,18,5805,0
501202015,高雄市衛生局,"Department of Health, Kaohsiung City Government",苓雅區,22.626200,120.325490,16,6128,0
501202016,民權永富街口,Minquan Yongfu St. Intersection,苓雅區,22.617670,120.313990,17,5061,0
501202017,福居兒童遊戲場,Fuju Children's park,苓雅區,22.620850,120.334480,20,7086,0
501202018,金馬公有停車場,Jinma Xincun Parking,苓雅區,22.623730,120.334020,21,7013,0
501202019,捷運五塊厝站(2號出口),KRT Wukuaicuo Sta. (Exit 2),苓雅區,22.629770,120.327170,17,6305,0
501202020,武廟市場停車場,Wumiao Market Parking Lot,苓雅區,22.629080,120.331820,16,6779,0
501202021,三信家商,San Sin High School of Commerce and Home Economics,苓雅區,22.622140,120.329280,28,6541,0
501202022,行仁行禮街口,Xingren Xingli Intersection,苓雅區,22.625960,120.343270,14,7953,0
501202023,中華興中路口(東南角),Zhonghua Xingzhong Rd. Intersection,苓雅區,22.614560,120.301770,15,3954,1
501202024,四維行政大樓,Sihwei Administration Center,苓雅區,22.621380,120.312480,15,4836,1
501202025,環球影城(大順三路),Universal Cinemas (Dashun 3rd Rd.),苓雅區,22.632240,120.325290,23,6130,0
501202026,福德公有停車場,Fude Parking Lot,苓雅區,22.632880,120.327890,30,6403,0
501202027,福康國小,Fukang Primary School,苓雅區,22.619160,120.330620,15,6714,0
501202028,正心公園,Zhengxin Park,苓雅區,22.634190,120.332640,13,6903,0
501202029,捷運五塊厝站(4號出口),KRT Wukuaicuo Sta. (Exit 4),苓雅區,22.629250,120.327910,51,6378,0
501202030,捷運苓雅運動園區站(1號出口),KRT Martial Arts Stadium Sta. (Exit 1),苓雅區,22.627810,120.333610,23,6960,0
501202031,捷運衛武營(5號出口),KRT Weiwuying Sta. (Exit 5),苓雅區,22.625730,120.342320,15,7856,0
501202032,正義車站,Zhengyi Station,苓雅區,22.633980,120.343170,35,7975,0
501202033,科工館車站,Science and Technology Museum Station,苓雅區,22.637029,120.326333,55,6306,0
501202034,捷運三多商圈站(2號出口),KRT Sanduo Shopping District Sta. (Exit 2),苓雅區,22.612560,120.304910,16,4336,1
501202035,捷運三多商圈站(7號出口),KRT Sanduo Shopping District Sta. (Exit 7),苓雅區,22.614820,120.304070,30,4166,1
501202036,捷運三多商圈站(5號出口),KRT Sanduo Shopping District. (Exit 5),苓雅區,22.614350,120.304660,39,4241,1
501202037,捷運文化中心站(3號出口),KRT Cultural Center Sta. (Exit 3),苓雅區,22.629770,120.318250,25,5390,0
501202038,中正正言路口,Zhongzheng Zhengyan Rd. Intersection,苓雅區,22.628960,120.328990,28,6488,0
501202039,捷運苓雅運動園區站(2號出口),KRT Martial Arts Museum Sta. (Exit 2),苓雅區,22.627370,120.333650,26,6964,0
501202040,四維行政中心(四維三路),Siwei Administration Center (Siwei 3rd Rd.),苓雅區,22.619960,120.311450,45,4756,1
501202041,高雄市文化中心(和平一路),Kaohsiung Cultural Center  (Heping 1st Rd.),苓雅區,22.625200,120.319700,28,5537,0
501202042,道明中學,St. Dominic Catholic High School,苓雅區,22.633130,120.323560,54,5963,0
501202043,四維公園,Siwei Park,苓雅區,22.615720,120.299090,25,3651,1
501202044,輕軌旅運中心站,KRT Cruise Terminal Light Rail Sta.,苓雅區,22.612800,120.292100,20,3144,1
501202045,高雄市文化中心(廣州一街),Kaohsiung Cultural Center  (Guangzhou 1st St.),苓雅區,22.624980,120.316970,28,5258,0
501202046,正義市場,Zhengyi Market,苓雅區,22.631220,120.338580,25,7482,0
501202047,生日公園,Birthday Park,苓雅區,22.617820,120.305030,22,4162,1
501202048,國際商工,Kuochi Senior Vocational High School Of Commerce&Technology,苓雅區,22.621010,120.325740,20,6192,0
501202049,凱旋醫院,Koahsiung Municipal Kai-Syuan Psychiatric Hospital,苓雅區,22.624890,120.324050,20,5985,0
501202050,輕軌光榮碼頭站,KRT Glory Pier Light Rail Sta.,苓雅區,22.617280,120.293560,16,3059,1
501202051,捷運衛武營站(3號出口),KRT Weiwuying. (Exit 3),苓雅區,22.624940,120.341110,28,7734,0
501202052,英明公園,Yingming Park,苓雅區,22.616350,120.324880,27,6185,0
501202053,長青綜合服務中心,Senior Citizens Care Service Center,苓雅區,22.623120,120.322090,15,5796,0
501202054,財政部高雄國稅局,"National Taxation Bureau of Kaohsiung, Ministry of Finance",苓雅區,22.623030,120.317590,25,5337,0
501202055,成功國小(華新街),Chenggong Elementary School (Huaxin St.),苓雅區,22.614090,120.297360,15,3557,1
501202056,福德河北路口(東南側),Fude Hebei Rd. Intersection (Southeast),苓雅區,22.626960,120.326900,12,6271,0
501202057,高雄師大附中(凱旋二路),The Affiliated Senior High School of NKNU (Kaixuan 2nd Rd.),苓雅區,22.625600,120.323210,35,5895,0
501202058,四維國小(民權一路),Siwei Elementary School (Minquan 1st Rd.),苓雅區,22.622970,120.312520,15,4819,1
501202059,五塊厝公園,Wukuaicuo Park,苓雅區,22.627570,120.327360,20,6318,0
501202060,同慶停車場,Tongqing Parking Lot,苓雅區,22.628200,120.323300,21,5902,0
501202061,三多廣州二街口,Sanduo Guangzhou 2nd St. Intersection,苓雅區,22.618770,120.319570,16,5600,0
501202062,北凱旋公園,North Kaisyuan Park,苓雅區,22.630120,120.322370,10,5815,0
501202063,和平五福一路口,Heping Wufu 1st Rd.,苓雅區,22.628730,120.318700,20,5432,0
501202064,林靖公園,Linjing Park,苓雅區,22.623500,120.326920,16,6287,0
501202065,中華苓雅二路口,Zhonghu Lingya 2nd Rd.,苓雅區,22.617860,120.300160,15,3680,1
501202066,武廟大順三路口,Wumiao Dashun 3rd Rd.,苓雅區,22.631690,120.324210,10,6015,0
501202067,福東國小,Fudong Elementary School,苓雅區,22.623940,120.328890,15,6486,0
501202068,中山四維四路口,Jhongshan Sihwei 4th Intersection,苓雅區,22.617340,120.303120,18,3987,1
501202069,五權國小,Wuquan Elementary School,苓雅區,22.620440,120.323960,15,6018,0
501202070,民權四維三路口,Minquan Siwei 3rd Rd. Intersection,苓雅區,22.619820,120.313150,16,4931,1
501202071,福安公園,Fu'an Park,苓雅區,22.624830,120.331090,24,6707,0
501202072,三多和平一路口,Sanduo Heping 1st Rd. Intersection,苓雅區,22.619930,120.322700,20,5897,0
501202073,四維河南路口,Siwei Henan Rd.Intersection,苓雅區,22.625720,120.329130,11,6502,0
501202074,輕軌凱旋公園站,LRT Kaisyuan Park,苓雅區,22.629720,120.322750,35,5851,0
501202075,輕軌凱旋武昌站,LRT Kaisyuan Wuchang,苓雅區,22.617586,120.327629,20,6437,0
501202076,和平和平一路80巷口,"Heping Lane 80, Heping 1st Rd Intersection",苓雅區,22.622220,120.321200,20,5714,0
501202077,凱旋凱旋三路915巷口,"Kaisyuan Ln. 915, Kaixuan 3rd Rd.",苓雅區,22.619610,120.325550,17,6192,0
501202078,苓洲國小,Ling Jhou Elementary School,苓雅區,22.614910,120.301240,25,3890,1
501202079,武昌武昌路40巷口,"Wuchang Ln. 40, Wuchang Rd.Intersection",苓雅區,22.618670,120.335690,20,7237,0
501202080,中山苓雅二路口,Zhongshan Lingya 2nd Rd.Intersection,苓雅區,22.618770,120.302550,26,3889,1
501202081,捷運三多商圈站(6號出口),KRT Sanduo Shopping District Sta.(Exit 6),苓雅區,22.614840,120.304230,23,4181,1
501202082,海邊新田路口,Haibian Xintian Rd.Intersection,苓雅區,22.618810,120.293070,23,2954,1
501202083,國民市場(仁愛三街),National Market (Renai Third Street),苓雅區,22.621487,120.308810,24,4462,1
501202084,三多文橫二路口,Sanduowen Heng 2 Intersection,苓雅區,22.614933,120.307015,24,4448,1
501202085,高雄國軍英雄館,Kaohsiung Hero House,苓雅區,22.620390,120.292910,35,2887,1
501202086,民權興中一路口,Minquan  Xingzhong 1st Rd,苓雅區,22.618680,120.314150,11,5054,0
501202087,高雄市青少年籃球場,KHH Youth Basketball Court,苓雅區,22.625460,120.333320,20,6933,0
501202088,海邊苓中路口,Haibian Lingzhong Rd.,苓雅區,22.615950,120.292680,30,3034,1
501202089,輕軌旅運中心站(海邊路),Cruise Terminal Station,苓雅區,22.611770,120.293480,29,3325,1
501202090,三多公有停車場,Sanduo Public Parking,苓雅區,22.624010,120.338020,18,7421,0
501202091,凱旋青樹,Triumph Green Tree,苓雅區,22.638320,120.317680,23,5464,0
501202093,三多二光華一路口,Sanduo 2nd /Guanghua 1st Rd.,苓雅區,22.618263,120.317278,15,5378,0
501202094,正憲公有停車場,Zhengxian Public Parking,苓雅區,22.637195,120.321544,15,5826,0
501202095,和平三多二路口,Heping Sanduo 2nd Rd.,苓雅區,22.619512,120.322011,14,5834,0
501202096,苓南前苓安路口,Lingnan Ling'an Rd.,苓雅區,22.613084,120.293545,15,3257,1
501202097,四維光華一路口,Siwei Guanghua 1st Rd.,苓雅區,22.621090,120.316331,16,5232,0
501202098,武廟建國一路口231巷口,"Entrance to Lane 231, Jianguo 1st Road, Wumiao",苓雅區,22.632503,120.321586,19,5755,0
501203001,建國同愛街口西北側,Jianguo Tong'ai St. Intersection (Northwest),三民區,22.637910,120.300470,20,3749,1
501203002,市立高雄高級中學,Kaohsiung Municipal Senior High School,三民區,22.637980,120.297500,22,3463,1
501203003,高雄車站(西南側),Kaohsiung Station(Southwest),三民區,22.637984,120.301451,94,3847,1
501203005,河濱國小,Hebin Elementary School,三民區,22.634990,120.287410,20,2377,1
501203006,河東路建國三路口,Hedong Rd. & Jianguo 3rd Rd. Intersection,三民區,22.633920,120.285850,15,2185,1
501203007,中華遼北街口,Zhonghuaheng Liaobei St. Intersection,三民區,22.647120,120.291530,15,3439,1
501203008,建國錦田路口西北側,Jianguo Jintian Rd. Intersection (Northwest),三民區,22.637490,120.310520,16,4728,1
501203009,凱歌憲政路口,Kaige Xianzheng Rd. Intersection,三民區,22.636010,120.318030,14,5447,0
501203010,遼寧哈爾濱街口,Liaoning Ha'erbin St. Intersection,三民區,22.642870,120.299390,33,3858,1
501203011,文興公園,Wenxing Park,三民區,22.639020,120.286070,38,2455,1
501203012,三民國小,SanMin Elementary School,三民區,22.636580,120.291900,17,2871,1
501203013,三塊厝車站,Sankuaicuo Station,三民區,22.639600,120.294720,24,3268,1
501203014,堯山延慶街口,Yaoshan Yanqing St. Intersection,三民區,22.643310,120.316480,16,5498,0
501203015,山東承德街口,Shandong Chengde St. Intersection,三民區,22.642640,120.311470,12,4988,1
501203016,國立科學工藝博物館,National Science And Technology Museum,三民區,22.641800,120.321050,18,5895,0
501203017,高雄醫學大學,Kaohsiung Medical University,三民區,22.648990,120.310240,68,5159,0
501203018,民族九如路口,Minzu Jiuru Rd. Intersection,三民區,22.639980,120.313760,18,5120,0
501203019,十全民族路口,Shiquan Minzu Rd. Intersection,三民區,22.644800,120.314710,15,5384,0
501203020,捷運後驛站(1號出口北側),KRT Houyi Sta. (Exit 1) (North),三民區,22.648260,120.303130,20,4484,1
501203021,義德公園,Yide Park,三民區,22.644370,120.335310,20,7382,0
501203022,三民公園南側,Samin Park (South),三民區,22.645410,120.304160,19,4422,1
501203023,捷運後驛站(3號出口),KRT Houyi Sta. (Exit 3),三民區,22.649290,120.303470,18,4574,1
501203024,正興國小,Zhengxing Primary School,三民區,22.645990,120.328120,17,6725,0
501203025,高雄科技大學東北側,NKUST (Northeast),三民區,22.651750,120.328450,51,6981,0
501203026,鼎中路199巷口,"Ln. 199, Dingzhong Rd.",三民區,22.663340,120.319200,15,6789,0
501203027,大裕昌富街口,Dayu Changfu St. Intersection,三民區,22.657040,120.328700,15,7253,0
501203028,捷運後驛站(1號出口南側),KRT Houyi Sta. (Exit 1) (South),三民區,22.647390,120.303170,25,4438,1
501203029,建民公園,Jianmin Park,三民區,22.646500,120.317870,33,5755,0
501203030,三民高中東側,Sanmin Senior High School (East),三民區,22.660680,120.328560,25,7434,0
501203031,鼎金國民中學,Ding Jin Junior High School,三民區,22.655970,120.320710,17,6474,0
501203032,獅湖國小,Shihhu Elementary School,三民區,22.672630,120.321320,19,7607,0
501203033,鼎泰廣場公園,Din Tai Square Park,三民區,22.664370,120.316100,27,6606,0
501203034,陽明網球中心,Yang-Ming Tennis Center,三民區,22.645440,120.339520,23,7830,0
501203035,寶華兒童公園,Baohua Children Park,三民區,22.638300,120.341340,23,7849,0
501203036,大順九如路口,Dashun Jiuru Rd. Intersection,三民區,22.639330,120.327790,22,6501,0
501203037,高雄市立正興國民中學,Jhengsing Junior High School,三民區,22.643940,120.319840,29,5847,0
501203038,高雄市立民族國民中學西北側,Minzu Junior High School (Northwest),三民區,22.640628,120.332198,17,6974,0
501203039,皓東路17巷口,"Ln. 17, Haodong Rd. Intersection",三民區,22.649020,120.331140,15,7127,0
501203040,博愛九如二路(東北側),Bo'ai Jiuru 2nd Rd.(Northeast),三民區,22.641376,120.302990,24,4125,1
501203041,民族一路543巷口,"Ln. 543, Minzu 1st Rd. Intersection",三民區,22.666760,120.314690,25,6665,0
501203042,褒揚廣場,Baoyang Square,三民區,22.641780,120.339520,17,7735,0
501203043,三民高中西側,Sanmin Senior High School (West),三民區,22.663490,120.326280,45,7397,0
501203044,明誠聯興路口,Lianxing Mingcheng Intersection,三民區,22.659780,120.313580,29,6090,0
501203045,熱河自由路口,Rehe Ziyou Rd. Intersection,三民區,22.643530,120.309330,18,4818,1
501203046,民族大昌路口,Minzu Dachang  Intersection,三民區,22.658990,120.315550,22,6204,0
501203047,民族車站,Minzu Station,三民區,22.638830,120.315120,25,5222,0
501203048,正興公有停車場,Zhengxing Public Parking,三民區,22.646300,120.319000,16,5854,0
501203049,大昌春陽街口,Dachang Chunyang Intersection,三民區,22.647120,120.332000,27,7143,0
501203050,捷運後驛站(2號出口),KRT Houyi Sta. (Exit 2),三民區,22.648180,120.303510,60,4513,1
501203051,博愛同盟路口,Bo'ai Tong Meng Rd Intersection,三民區,22.652750,120.303890,24,4826,1
501203052,科工館,National Science and Technology Museum,三民區,22.639607,120.323976,27,6125,0
501203053,高雄中學(東側),Kaohsiung Senior High School (East),三民區,22.637940,120.298750,26,3583,1
501203054,客家文物館,Hakka Museum,三民區,22.650570,120.295720,22,4015,1
501203055,金獅湖,Golden Lion Lake Station,三民區,22.665100,120.321670,28,7109,0
501203056,文藻外語大學,Wenzao Ursuline University of Languages,三民區,22.671170,120.320950,22,7472,0
501203057,莊敬公園,Zhuang Jing Park,三民區,22.659620,120.324750,26,7037,0
501203058,高雄高工,Kaohsiung Industrial High School,三民區,22.650380,120.325630,44,6655,0
501203059,鼎金國小,Kaohsiung Municipal Dingjinguomin Elementary School,三民區,22.656170,120.322760,26,6669,0
501203060,寶業里滯洪池,Baoye Park,三民區,22.639990,120.346340,22,8385,0
501203061,義民廟,Yimin Temple,三民區,22.642490,120.333670,16,7167,0
501203062,正義公園,Gonger Park,三民區,22.636050,120.343410,24,8025,0
501203063,鼎山大順路口,Dingshan Dashun (Intersection),三民區,22.653080,120.318740,16,6143,0
501203064,同盟博愛路口,Tongmeng Bo'ai (Intersection),三民區,22.651630,120.302000,16,4596,1
501203065,三民游泳池,Sanmin pool,三民區,22.642480,120.308710,16,4716,1
501203066,河堤南自由路口,Hedi Ziyou Rd Intersection,三民區,22.654360,120.308870,16,5347,0
501203067,陽明公園,Yangming Park,三民區,22.645360,120.341270,13,8002,0
501203068,金獅湖橋,Jinshi Bridge,三民區,22.666330,120.325220,15,7485,0
501203069,光武國小,Guang Wu Primary School,三民區,22.638190,120.334640,16,7168,0
501203070,美都公園,Meidu Park,三民區,22.646570,120.289020,15,3205,1
501203073,河東河北路口,Hedong Hebei Road Intersection,三民區,22.633030,120.286080,24,2177,1
501203074,明堤公園,Mingdi Park,三民區,22.662920,120.312200,27,6194,0
501203075,陽明溜冰場,Yangming Skating Rink,三民區,22.643130,120.339540,15,7770,0
501203076,精華公園,Jing hua Park,三民區,22.642320,120.299240,16,3817,1
501203077,檨仔林埤濕地公園,Shezilinpi Wetland Park,三民區,22.670840,120.324780,15,7751,0
501203078,河北立德街口,Hebei Lide St Intersection,三民區,22.635530,120.294940,16,3128,1
501203079,灣福兒童公園,Wanfu Children Park,三民區,22.653590,120.317240,13,6034,0
501203080,建國林森路口,Jianguo Linsen Rd. Intersection,三民區,22.637520,120.304960,15,4177,1
501203081,東光國小,Dongguang Elementary School,三民區,22.649630,120.340780,22,8086,0
501203082,鼎泰廣場,Dingtai Square,三民區,22.663740,120.315360,37,6503,0
501203083,本安生態滯洪公園,Ben'an Detention Basin Park,三民區,22.650910,120.337400,10,7803,0
501203084,建國三路中庸街口,Jianguo 3rd Rd. & Zhongyong St. Intersection,三民區,22.635600,120.289520,11,2604,1
501203085,河北二路中庸街口,Hebei 2nd Rd. & Zhongyong St. Intersection,三民區,22.634170,120.290900,10,2687,1
501203086,民族社區老人活動中心,Minzu Community Elderly Activity Center,三民區,22.640130,120.316360,18,5382,0
501203087,陽明義華路口,Yangming  Yihua Intersection,三民區,22.642690,120.342120,35,8017,0
501203088,同盟十全路口,Tong Meng Shiquan Intersection,三民區,22.648940,120.286080,14,3181,1
501203089,中華熱河三街口,Zhonghua Rehe 3rd St. Intersection,三民區,22.644870,120.291480,12,3281,1
501203090,中華九如三路口,Zhonghua Jiuru 3rd Rd. Intersection,三民區,22.642320,120.291320,10,3106,1
501203091,中庸中華橫路口,Zhongyong Zhonghua heng Rd. Intersection,三民區,22.641480,120.287190,13,2703,1
501203092,自立自立一路161巷口,Zili Lane 161 Zili 1st Rd. Intersection,三民區,22.639590,120.296410,20,3426,1
501203093,大園大和街口,Dayuan Dahe St. Intersection,三民區,22.655870,120.325230,22,6877,0
501203094,大順民族路口,Dashun Minzu Rd. Intersection,三民區,22.655720,120.315070,16,5963,0
501203095,民族聯興路50巷口,"Minzu Ln. 50, Lianxing Rd. Intersection",三民區,22.656730,120.315310,33,6044,0
501203096,河堤明哲路口,Hedi Mingzhe Rd. Intersection,三民區,22.661520,120.311600,19,6047,0
501203097,明誠鼎愛街口,Mingcheng Ding'ai St. Intersection,三民區,22.660290,120.321290,11,6774,0
501203098,灣仔內兒童遊戲場,Wan Chai Park Playground,三民區,22.650160,120.320660,16,6177,0
501203099,寶德里廣場,Podri Plaza,三民區,22.641430,120.335280,21,7302,0
501203100,建國忠孝一路口,Jianguo Zhongxiao 1st Rd. Intersection,三民區,22.637610,120.307090,19,4390,1
501203101,中都聯合里民中心,Zhongdu United Limin Center,三民區,22.644620,120.282820,14,2600,1
501203102,九如自立一路口,Jiouru Zili 1st Rd. Intersection,三民區,22.641670,120.296160,19,3502,1
501203103,愛國國小,Aiguo Elementary School,三民區,22.643340,120.312830,17,5146,0
501203104,博愛熱河二街口,Bo'ai Rehe 2nd St. Intersection,三民區,22.644410,120.302810,19,4248,1
501203105,九如中華二路口,Jiouru Zhonghua 2nd Rd.Intersection,三民區,22.641970,120.291880,11,3135,1
501203106,華德華德街98巷口,"Huade Lane 98, Huade St. Intersection",三民區,22.647850,120.322650,12,6266,0
501203107,三民公園(北側),San-Min Park (North),三民區,22.647410,120.305370,14,4636,1
501203108,寶業滯洪公園(澄清路),Baoye Park (Chengqing Rd.),三民區,22.638440,120.345420,25,8265,0
501203109,博愛國小,Bo'aiguomin Elementary School,三民區,22.645210,120.307570,26,4727,1
501203110,高雄車站(西側),Kaohsiung Station(west),三民區,22.639963,120.300060,42,3788,1
501203111,三民區公所,Sanmin District Office,三民區,22.647790,120.299930,11,4179,1
501203112,寶安里活動中心,Baoanli Activity Center,三民區,22.640990,120.328860,15,6649,0
501203113,十全康平街口,Shiquan Kangping St.Intersection,三民區,22.646500,120.294380,19,3628,1
501203114,自由察哈爾一街口,Ziyou Chaha'er 1st St.Intersection,三民區,22.647540,120.309030,50,4975,1
501203115,正義車站(鐵道街),Zhengyi Station(TiehDao St.),三民區,22.634310,120.341640,28,7823,0
501203116,南區環保公園,Southern District Environmental Park,三民區,22.662900,120.328600,17,7563,0
501203117,中山河北一路口,Zhongshan Hebei 1st Rd.Intersection,三民區,22.636702,120.302484,16,3907,1
501203118,鐵道復興一路口,TiehDao Fuxing 1st Rd.Intersection,三民區,22.639030,120.308590,20,4581,1
501203119,鐵道九如一路381巷口,"TiehDao Ln. 381, Jiuru 1st Rd.Intersection",三民區,22.636310,120.331610,37,6828,0
501203120,本和公園,Benhe Park,三民區,22.654157,120.328522,21,7096,0
501203121,鐵道三中庸街口,TiehDao 3th Zhongyong St.Intersection,三民區,22.637250,120.288510,24,2580,1
501203122,中華橫巷力行路口,Zhonghua Side Lixing Rd.Intersection,三民區,22.639360,120.290720,20,2888,1
501203123,大豐大豐二路19巷口,"Lane 19, Dafeng 2nd Road, Dafeng",三民區,22.646440,120.326060,23,6540,0
501203124,同盟孝順街,Tongmeng Xiaoshun Street,三民區,22.647310,120.313007,18,5331,0
501203125,同盟大連街,Tongmeng Dalian Street,三民區,22.652000,120.305540,25,4917,1
501203126,鐵道建國一路62巷口,"Tielu Lane 62, Jianguoyi Rd.",三民區,22.635160,120.337540,18,7415,0
501203127,高雄第一殯儀館(本館路600巷),"Kaohsiung No. 1 Funeral Home(Lane 600, Benguan Rd.)",三民區,22.660508,120.333410,20,7860,0
501203128,高雄第一殯儀館(家屬服務中心),Kaohsiung No. 1 Funeral Home(Family Service Center),三民區,22.661652,120.332420,15,7831,0
501203129,澄清澄明街口,Chengqing Chengming St.Intersection,三民區,22.645280,120.346740,16,8544,0
501203130,建興正忠路口,Jianxing Zhengzhong Rd.,三民區,22.642150,120.330100,17,6803,0
501203131,榕樹公園,Rongshu Park,三民區,22.644480,120.289420,20,3086,1
501203132,天祥天祥一路142巷口,"Tianxiang Lane 142, Tiansiang 1st Rd.",三民區,22.667730,120.319050,10,7076,0
501203133,秋元皓東路口,Qiuyuan Haodong Rd. Intersection,三民區,22.652350,120.336460,14,7768,0
501203134,同盟合江街口,Tongmeng  Hejiang St.,三民區,22.650690,120.308320,17,5080,0
501203135,鐵道平等路口,Tiedao Pingdeng Rd.,三民區,22.638030,120.320760,15,5765,0
501203136,灣愛公園,Bay Love Park,三民區,22.659870,120.318190,15,6482,0
501203137,三民區民眾活動中心,Sanmin Dist people Activity Center,三民區,22.649500,120.324680,25,6527,0
501203138,鐵道憲政路138巷口,"Tiedao Ln. 138, Xianzheng Rd.",三民區,22.637590,120.323570,20,6038,0
501203139,民族自忠街口,Minzu Zizhong St.,三民區,22.646320,120.314290,15,5407,0
501203140,博愛九如二路口,Bo'ai Jiuru 2nd Rd.(Northwest),三民區,22.641430,120.302550,43,4086,1
501203141,鐵道同盟三路口,Tiedao Tongmeng 3rd Rd.,三民區,22.636510,120.285620,16,2277,1
501203142,高雄車站(東南側),Kaohsiung Station(Southeast),三民區,22.637850,120.303420,75,4035,1
501203143,大順鐵道一街口,Dashun Tiedao 1rd St.,三民區,22.636850,120.327180,26,6388,0
501203144,大順寶興路口,Dashun Baoxing Rd.,三民區,22.644460,120.326250,27,6491,0
501203145,同盟興安街口,Tongmeng Xing'an St.,三民區,22.651090,120.299050,15,4318,1
501203146,三雅新公園,Sanya New Park,三民區,22.634331,120.316712,18,5283,0
501203147,彩虹公園,Rainbow Park,三民區,22.634010,120.318400,15,5450,0
501203148,平等九如一路口,Pingdeng Jiuru 1st Rd.,三民區,22.639410,120.320900,16,5813,0
501203149,九如一臥龍路口,Jiuru 1st Wolong Rd.,三民區,22.638606,120.330147,12,6723,0
501203150,大豐大裕路202巷口,"Dafeng Ln. 202, Dayu Rd.",三民區,22.658704,120.330612,16,7512,0
501203151,九如二青島街口,Jiuru 2nd Qingdao St.,三民區,22.640563,120.310351,18,4804,1
501203152,鐵道克武路31巷口,"Tiedao Ln. 31, Kewu Rd.",三民區,22.635712,120.334154,16,7077,0
501203153,正興建興路口,Zhengxing Jianxing Rd.,三民區,22.645938,120.322700,15,6196,0
501203154,明哲明吉路口,Mingzhe Mingji Rd.,三民區,22.661397,120.313157,16,6164,0
501203155,九如嫩江街口,Jiuru 2nd Rd./Nenjiang St.(Southeast),三民區,22.641462,120.298495,19,3707,1
501203156,大中一鼎貴路62巷口,"Entrance to Lane 62, Yidiangui Road, Dazhong",三民區,22.673069,120.326526,15,8046,0
501203157,同協同盟二路口,Tongxingmeng 2nd intersection,三民區,22.649040,120.292852,17,3681,1
501203158,覺民覺民路852巷口,"Juemin Ln. 852, Juemin Rd.",三民區,22.644460,120.318131,19,5700,0
501203159,中庸公園,Zhongyong Park,三民區,22.642841,120.288830,20,2928,1
501203160,鼎強鼎強街117巷(東側),"Dingqiang/Alley 117, Dingqiang Street (east side)",三民區,22.666350,120.320987,20,7136,0
501203161,美都德勝街(西北側),Midu Desheng Street (northwest side),三民區,22.644616,120.288102,19,2991,1
501203162,安寧站西路口,Anning & Station West Road,三民區,22.640403,120.301575,21,3950,1
501203163,自立一漢中街口,Zili 1st Rd. & Hanzhong St. Intersection,三民區,22.647040,120.296745,16,3861,1
501204001,高雄國際會議中心,International Convention Center Kaohsiung,鹽埕區,22.626170,120.286240,25,2102,1
501204002,鹽埕國中,Yanchen Junior High School,鹽埕區,22.622550,120.288000,36,2339,1
501204003,捷運鹽埕埔站(1號出口),KRT Yanchengpu Sta. (Exit 1),鹽埕區,22.622900,120.283340,44,1866,1
501204004,公園大成街口,Gongyuan Dacheng St. Intersection,鹽埕區,22.619511,120.287158,14,2357,1
501204005,北斗抽水站,Beidou Pumping Station,鹽埕區,22.631260,120.285443,20,2064,1
501204007,輕軌真愛碼頭站,KRT Love Pier Light Rail Sta.,鹽埕區,22.619780,120.288930,36,2517,1
501204008,駁二藝術特區(必信街),The Pier2 Art Center (Bixin St.),鹽埕區,22.619380,120.284810,15,2141,1
501204009,鹽埕立體停車場,Yancheng Multistorey Car Park,鹽埕區,22.624950,120.285910,20,2081,1
501204010,新樂截流抽水站,Xinle Interception & Pumping Plant,鹽埕區,22.623000,120.289150,23,2444,1
501204011,輕軌文武聖殿站,Light Rail Wenwu Temple Station,鹽埕區,22.629160,120.280710,15,1544,1
501204012,五福建國路口東南側,Wufu 4th Rd. & Jianguo 4th Rd. Intersection (Southeast),鹽埕區,22.625080,120.280400,14,1519,1
501204013,七賢府北路口西側,Cisian Fubei Rd Intersection (West),鹽埕區,22.629620,120.285130,15,2001,1
501204014,高雄市音樂館,Kaohsiung Music Hall,鹽埕區,22.627840,120.286930,16,2170,1
501204015,大安公園,Daan Park,鹽埕區,22.623930,120.278480,15,1354,1
501204016,公園二大義街口,Gongyuan 2nd Dayi St. Intersection,鹽埕區,22.620230,120.285740,20,2192,1
501204017,公園二大勇路口,Gongyuan 2nd Dayong Rd. Intersection,鹽埕區,22.621580,120.282930,15,1870,1
501204018,公園二七賢三路口,Gongyuan 2nd Qixian 3rd Rd. Intersection,鹽埕區,22.622900,120.280150,24,1552,1
501204020,輕軌駁二蓬萊站,Penglai Pier-2 Station,鹽埕區,22.620690,120.279750,20,1609,1
501204021,大義截流站,Dayi Interception Station,鹽埕區,22.618980,120.284110,20,2095,1
501204022,公園二光榮街口,Gongyuan 2nd Guangrong St.Intersection,鹽埕區,22.620910,120.284330,16,2030,1
501204023,七賢大公路口,Qixian Dagong Rd.,鹽埕區,22.627420,120.282780,15,1743,1
501204024,鹽埕市民廣場,Yancheng Civic Square,鹽埕區,22.625830,120.285090,14,1987,1
501204025,建國四河西路口,Jianguosihe West Road Intersection,鹽埕區,22.633906,120.284685,20,2073,1
501205001,高雄文學館,Kaohsiung Literary Museum,前金區,22.625720,120.297650,17,3274,1
501205003,東金公園,Dong-Jin Park,前金區,22.631310,120.294090,19,2938,1
501205004,河南自強路口,Henan Ziqiang Rd. Intersection,前金區,22.634100,120.291670,17,2761,1
501205005,自強民生路口西北側,Ziqiang Minsheng Rd. Intersection (Northwest),前金區,22.625610,120.295160,22,3019,1
501205006,建國國小,Jian-Guo Elementary School,前金區,22.631680,120.297700,20,3310,1
501205007,中正瑞源路口西南側,Zhongzheng Ruiyuan Rd. Intersection (Southwest),前金區,22.629770,120.297500,12,3265,1
501205008,七賢自強路口,Qixian Ziqiang Rd. Intersection,前金區,22.632250,120.292860,26,2831,1
501205009,中山五福路口西北側,Zhongshan Wufu Rd. Intersection (Northwest),前金區,22.623420,120.300980,45,3636,1
501205010,五福自強路口東南側,Wufu Ziqiang Rd. Intersection (Southeast),前金區,22.621650,120.296950,14,3258,1
501205011,高雄女中,Kaohsiung Girls' Senior High School,前金區,22.620850,120.292670,32,2850,1
501205012,中山青年路口西北側,Zhongshan Qingnian. Intersection (Northwest),前金區,22.620310,120.301980,20,3794,1
501205013,前金國中,Cianjin Junior High School,前金區,22.630560,120.290360,21,2547,1
501205014,光復三市中路口,Guangfu 3rd Shizhong Intersection,前金區,22.623350,120.292340,23,2759,1
501205015,自立河北河南二路口(兩側),Zili Hebei Henan 2nd Rd.(Both sides),前金區,22.635740,120.296510,18,3289,1
501205018,高雄市救國團,Koachiung CYC,前金區,22.628780,120.294430,18,2943,1
501205019,高雄市政府警察局,Kaohsiung City Police Department,前金區,22.627740,120.290850,28,2571,1
501205020,高雄女中(英雄路口),Kaohsiung Girls' Senior High School,前金區,22.620790,120.293660,30,2950,1
501205021,高雄市立大同醫院,Kaohsiung Municipal Da-Tung Hospital,前金區,22.627550,120.296840,15,3186,1
501205022,七賢河東路口,Qixian Hedong Rd.Intersection,前金區,22.630290,120.287290,15,2231,1
501205023,五福仁德街口,Wufu Rende St. Intersection,前金區,22.622790,120.299490,15,3494,1
501205025,捷運中央公園站(1號出口),KRT Central Park Sta. (Exit 1),前金區,22.623930,120.301040,28,3636,1
501205026,捷運前金站(4號出口),KRT City Council Sta. (Exit 4),前金區,22.629500,120.295470,19,3055,1
501205027,前金國小(成功路),Qianjin Elementary School (Chenggong Rd.),前金區,22.625830,120.293170,10,2814,1
501205028,捷運前金站(1號出口),KRT City Council Sta. (Exit 1),前金區,22.629170,120.293800,15,2881,1
501205029,七賢成功路口東北側,Cisian Chenggong Intersection (Northeast),前金區,22.631630,120.291050,10,2636,1
501205030,立德棒球場(旺盛街),Lide Baseball Stadium (Wangsheng St.),前金區,22.629850,120.288200,10,2316,1
501205033,行政院南部聯合服務中心(舊址),Southern Taiwan Joint Services Center,前金區,22.629500,120.291770,15,2677,1
501205034,五福成功一路口,Wufu Chenggong 1st Rd.Intersection,前金區,22.621200,120.294680,28,3041,1
501205035,河南中華三路口,Henan Zhonghua 3rd Rd.,前金區,22.634550,120.293070,16,2913,1
501205036,國民市中一路口,Guomin Shizhong 1st Rd.,前金區,22.625090,120.291680,15,2668,1
501205037,五福文武二街口,Wufu Wenwu 2nd St.,前金區,22.622090,120.297480,16,3303,1
501205038,河南市中一路口,Henan Shizhong 1st Rd.,前金區,22.633040,120.288450,20,2411,1
501205039,七賢新盛一街口,Qixian Xinsheng 1st St.,前金區,22.633170,120.295510,20,3118,1
501205040,河東光復二街口,Hedong Guangfu 2nd St.,前金區,22.621880,120.290790,25,2635,1
501205041,七賢自立一路口,Qixian Zili 1st Rd.,前金區,22.633909,120.297655,17,3351,1
501205042,成功光復二街口,Successfully restored the 2nd Street,前金區,22.623348,120.294743,29,3003,1
501206001,台鐵鳳山站(曹公路),Fengshan Station (Caogong Rd.),鳳山區,22.631990,120.357760,99,9453,0
501206002,清湖公園,Qinghu Park,鳳山區,22.644180,120.349770,18,8820,0
501206003,捷運鳳山站(1號出口),KRT Fengshan Sta. (Exit 1),鳳山區,22.625810,120.356100,46,9270,0
501206004,文山兒童四公園,Wenshan Children Park (Four),鳳山區,22.640760,120.350270,22,8797,0
501206005,捷運鳳山國中站(1號出口),KRT Fongshan Junior High School Sta. (Exit 1),鳳山區,22.624530,120.370990,35,10801,0
501206006,鳳山商工(文衡路),FSVS (Wenheng Rd.),鳳山區,22.636280,120.356780,20,9391,0
501206007,鎮北國小,Zhenbei Elementary School,鳳山區,22.642900,120.368670,16,10699,0
501206008,鳳山區公所,Fengshan District Office,鳳山區,22.627460,120.362550,17,9930,0
501206009,文澄兒童公園,Wencheng Children Park,鳳山區,22.643900,120.353570,17,9195,0
501206010,文享文化西路口,Wenxiang & Wenhua W. Rd. Intersection,鳳山區,22.633930,120.345550,25,8218,0
501206011,保安休憩公園,Bao'an Park,鳳山區,22.598110,120.344070,30,8665,0
501206012,曹公國小,Caogong Elementary School,鳳山區,22.628040,120.357260,20,9387,0
501206013,鳳山行政中心,Fengshan Administration Center,鳳山區,22.629520,120.342660,18,7892,0
501206014,瑞竹兒童公園,Ruizhu Park,鳳山區,22.625700,120.369990,17,10695,0
501206015,捷運大東站(1號出口),KRT Dadong Sta. (Exit 1),鳳山區,22.625490,120.363260,52,10005,0
501206016,鳳山運動公園,Fengshan Sports Park,鳳山區,22.616740,120.340770,18,7784,0
501206017,國立鳳新高中(新富路),Feng Hsin Senior High School (Xinfu Rd.),鳳山區,22.612980,120.342920,80,8074,0
501206018,保安濕地公園,Bao'an Park,鳳山區,22.592710,120.353020,14,9744,0
501206019,南和公園,Nanhe Park,鳳山區,22.596390,120.335450,20,7933,0
501206020,衛武營公園,Weiwuying Metropolitan Park,鳳山區,22.617190,120.344390,17,8144,0
501206021,瑞隆東同明街口,Ruilong East  Tongming St. Intersection,鳳山區,22.606310,120.343140,15,8274,0
501206022,老爺公園,Laoye Park,鳳山區,22.605610,120.343840,16,8366,0
501206023,五甲社區公園,Wujia Community Park,鳳山區,22.616640,120.348830,18,8604,0
501206024,五甲社區公有停車場,Wujia Community Parking Lot,鳳山區,22.615180,120.350090,15,8756,0
501206025,國光安寧街口,Guoguang Anning St. Intersection,鳳山區,22.618320,120.353520,16,9059,0
501206026,安化門遺址,Nanhua Gate Archaeological Site,鳳山區,22.621470,120.357500,18,9434,0
501206027,黃埔公園,Huangbu Park,鳳山區,22.622720,120.368188,15,10521,0
501206028,瑞興兒童公園,Ruixing Children's Park,鳳山區,22.628760,120.367070,17,10395,0
501206029,鳳陽社區,Fengyang Community,鳳山區,22.619890,120.373320,24,11066,0
501206030,光華安寧街口,Guanghua Anning St. Intersection,鳳山區,22.620510,120.354520,24,9137,0
501206031,鳳西羽球館西北側,Fongsi Badminton Court,鳳山區,22.623801,120.352282,20,8885,0
501206032,捷運鳳山西站(2號出口),KRT Fongshan West Sta. (Exit 2),鳳山區,22.625306,120.348501,60,8491,0
501206033,和德街公園,Hedejie Park,鳳山區,22.618417,120.360976,15,9819,0
501206034,五甲國中,Wujia Junior High School,鳳山區,22.599438,120.328104,19,7106,0
501206035,南京南京路326巷口,"Nanjing Ln. 326, Nanjing Rd.",鳳山區,22.616291,120.345815,20,8303,0
501206036,福誠國小,Fucheng Elementary School,鳳山區,22.597344,120.325277,18,6955,0
501206037,五甲公園南側,Wujia Park (South),鳳山區,22.592467,120.323164,23,7048,0
501206038,福誠高中,Fu Cheng Senior High School,鳳山區,22.589260,120.323070,63,7242,0
501206039,自強南進三街口,Ziqiang & Nanjin 3rd St. Intersection,鳳山區,22.590363,120.329551,15,7726,0
501206040,正義里活動中心,Zhengyi Village Activity Center,鳳山區,22.602650,120.340130,15,8107,0
501206041,瑞興國小(博愛路),Ruei Sing Primary School (Bo'ai Rd.),鳳山區,22.629940,120.369110,15,10607,0
501206042,公二十七公園,Park No.27,鳳山區,22.588040,120.365180,15,11096,0
501206043,過勇頂庄路口,Guoyong Dingzhuang Rd. Intersection,鳳山區,22.588446,120.362695,15,10844,0
501206044,文福兒童公園,Wenfu Children's Park,鳳山區,22.636717,120.346691,16,8368,0
501206045,文德國小,Wende Elementary School,鳳山區,22.640550,120.352689,14,9038,0
501206046,武松公園,Wusong Park,鳳山區,22.636550,120.363970,14,10128,0
501206047,五甲南榮兒童公園,Wujiananrong Children's Park,鳳山區,22.601175,120.333953,14,7575,0
501206048,南正兒童公園,Nanzheng Children's Park,鳳山區,22.599357,120.331316,15,7408,0
501206049,五甲國小,Wu Jia Elementary School,鳳山區,22.598004,120.333952,23,7717,0
501206050,五福公園,Wufu Park,鳳山區,22.588539,120.327786,14,7685,0
501206051,鳳西運動公園(五權南路),Fengxi Sports Park (Wuquan South Rd.),鳳山區,22.621869,120.352755,57,8945,0
501206052,南和保安一街口,Nanhe Bao'an 1st St. Intersection,鳳山區,22.592114,120.336876,15,8279,0
501206053,富新國慶九街口,Fuxin Guoqing 9th St. Intersection,鳳山區,22.588550,120.340200,12,8769,0
501206054,鳳山區第二衛生所,Fengshan District Second Public Health Center,鳳山區,22.593830,120.333030,17,7841,0
501206055,國泰青年路口,Guotai Qingnian Rd. Intersection,鳳山區,22.618720,120.349750,14,8669,0
501206056,頂庄頂明路口,Dingzhuang Dingming Rd. Intersection,鳳山區,22.588514,120.355126,10,10133,0
501206057,博愛公園,Bo'ai Park,鳳山區,22.629860,120.362690,15,9948,0
501206058,忠孝國中(國興街),Zhongxiao Junior High School (Guoxing St.),鳳山區,22.618880,120.346010,26,8286,0
501206059,老爺兒童公園,Laoye Children's Park,鳳山區,22.608937,120.346839,16,8565,0
501206060,新甲兒童公園,Xinjia Children's Park,鳳山區,22.607610,120.343180,27,8239,0
501206061,二甲里活動中心,Erjia Village Activity Center,鳳山區,22.599296,120.339481,18,8179,0
501206062,北平力行路口,Beiping Lixing Rd.,鳳山區,22.637493,120.369314,20,10684,0
501206063,捷運大東站(2號出口),KRT Dadong Sta. (Exit 2),鳳山區,22.625210,120.362610,20,9939,0
501206064,鳳凌廣場,Fongshan Flying Square,鳳山區,22.623400,120.355950,14,9263,0
501206065,市議會(新址),Kaohsiung City Council,鳳山區,22.619810,120.348040,28,8482,0
501206066,鳳山行政中心東側,Fengshan Administration Center (East),鳳山區,22.629740,120.344330,58,8064,0
501206067,國立鳳新高中(新康街),Feng Hsin Senior High School (Xinkang St.),鳳山區,22.614170,120.344010,99,8159,0
501206068,中山公園,Zhongshan Park,鳳山區,22.614200,120.360500,24,9829,0
501206069,高雄監理所(武營),Kaohsiung Motor Vehicle Office(Wuying),鳳山區,22.614250,120.336670,14,7417,0
501206070,新甲國小,Hsin Chya Elementary School,鳳山區,22.612740,120.340350,26,7821,0
501206071,曹公圳公園,Tsaokung Park,鳳山區,22.620330,120.360160,16,9716,0
501206072,鳳東公園,Fengdong Children's Park,鳳山區,22.626885,120.380197,15,11741,0
501206073,武漢里活動中心,Wuhan Park,鳳山區,22.610980,120.336050,11,7435,0
501206074,海光兒童公園,Haiguang Children's Park,鳳山區,22.631760,120.368140,15,10515,0
501206075,八仙公園,Baxian Park,鳳山區,22.615570,120.354750,15,9223,0
501206076,鳳儀書院,Fongyi Academy,鳳山區,22.627480,120.359760,15,9644,0
501206077,鳳山公園,Fengshan Park,鳳山區,22.594560,120.357740,15,10115,0
501206078,中崙國中,Zhonglun Junior High School,鳳山區,22.602230,120.353370,24,9411,0
501206079,牛潮埔公園,Niuchaopu Leisure Park,鳳山區,22.646320,120.370480,16,10949,0
501206080,五甲社區活動中心,Wujia Community Activity Center,鳳山區,22.615140,120.348250,15,8570,0
501206081,北昌北昌三街口,Beichang Beichang 3rd St Intersection,鳳山區,22.645180,120.372580,17,11138,0
501206082,新泰兒童公園,Xintai Children's park,鳳山區,22.610920,120.343610,25,8192,0
501206083,中正預校,Chung Cheng Armed Forces Preparatory School,鳳山區,22.607115,120.358669,35,9793,0
501206084,過埤兒童公園,Guopi Children's Park,鳳山區,22.592750,120.360510,15,10453,0
501206085,中崙公園,Zhonglun Park,鳳山區,22.597130,120.353710,16,9627,0
501206086,北辰兒童公園,Beichen Children's Park,鳳山區,22.640490,120.365370,14,10324,0
501206087,協和曹公路口,Xiehe Caogong Rd  Intersection,鳳山區,22.630650,120.357560,21,9425,0
501206088,鳳山工業區,Fengshan Industrial Park,鳳山區,22.614650,120.332370,14,6976,0
501206089,武慶武昌路口,Wuqing Wuchang Rd. Intersection,鳳山區,22.617560,120.332030,14,6884,0
501206090,黃埔新村,Huangpu Veterans Quarter,鳳山區,22.620090,120.363950,25,10106,0
501206091,鳳山新城甲社區,Fengshan New Residential Quarter Apartment Complex A,鳳山區,22.629950,120.372110,14,10915,0
501206092,海風社區公園,Haifeng Community Park,鳳山區,22.633170,120.374750,14,11201,0
501206093,勝利建國路一段口,Shengli Jianguo 1st Rd.,鳳山區,22.635370,120.374440,15,11186,0
501206094,誠體誠智街口,Chengti Chengzhi St.,鳳山區,22.622950,120.377400,12,11465,0
501206095,公園二公園街口,Gongyuan 2nd Gongyuan St.,鳳山區,22.587680,120.331760,17,8078,0
501206096,中山東路5巷口,"Ln. 5, Zhongshan E. Rd.",鳳山區,22.620680,120.362570,15,9960,0
501206097,福安二街20巷39弄口,"Aly. 39, Ln. 20, Fu'an 2nd St.",鳳山區,22.589650,120.332990,11,8068,0
501206098,和興里活動中心,Hexing Vil Activity Center,鳳山區,22.615668,120.356468,15,9396,0
501206099,鳳山地政事務所(忠義街),Fengshan Land Office,鳳山區,22.627820,120.351250,19,8770,0
501206100,中崙國小,Zhonglun Elementary School,鳳山區,22.599500,120.350920,13,9268,0
501206101,NO.16藝術公園,NO.16 Art park,鳳山區,22.645750,120.374080,20,11300,0
501206102,青年公園,Youth Park,鳳山區,22.629330,120.349080,20,8550,0
501206103,鳳翔國中,Fong Siang Junior High School,鳳山區,22.596990,120.347140,11,9004,0
501206104,保安二鳳燕一街口,Bao'an 2nd Fongyan 1st St,鳳山區,22.599190,120.342340,14,8455,0
501206105,新強輜汽路口,Sinciang Zihci Intersection,鳳山區,22.616590,120.338820,16,7589,0
501206106,鳳頂過雄一街口,Fengding Guoxiong St. Intersection,鳳山區,22.585990,120.358700,15,10585,0
501206107,五甲二路730巷口,"Ln. 730, Wujia 2nd Rd. Intersection",鳳山區,22.594840,120.328880,12,7413,0
501206108,明鳳公園,Mingfeng  Park,鳳山區,22.588701,120.334152,10,8225,0
501206109,保泰保泰路370巷,Baotai Ln. 370 Baotai Rd,鳳山區,22.603290,120.335080,10,7596,0
501206110,文教公園,Bunkyo Park,鳳山區,22.633700,120.351060,16,8779,0
501206111,文華兒童公園,Wenhua Children's Park,鳳山區,22.634550,120.351400,18,8822,0
501206112,埤頂鳳埤街口,Piding Fengpi St.Intersection,鳳山區,22.629790,120.380750,10,11801,0
501206113,建國文英路口,Jianguo Wenying Rd. Intersection,鳳山區,22.636090,120.359170,12,9633,0
501206114,瑞光瑞興路口,Ruiguang Ruixing Rd.,鳳山區,22.631177,120.370294,13,10733,0
501206115,山仔頂溝滯洪池,Shanziding Detention Ponds,鳳山區,22.634413,120.379291,15,11675,0
501206116,正義國小,Gaoxiongshizhengyi Elementary School,鳳山區,22.604310,120.338670,13,7904,0
501206117,武林輜汽路口,Wulin Ziqi Rd. Intersection,鳳山區,22.615920,120.334540,17,7168,0
501206118,文山公兒三公園,Wenshan gonger 3 Park,鳳山區,22.642990,120.346800,18,8494,0
501206119,鳳山中正國小,Zhongzheng Elementary School (Fengshan),鳳山區,22.627470,120.373880,15,11093,0
501206120,鳳山公28公園,Fengshan gong28 Park,鳳山區,22.612450,120.358840,10,9691,0
501206121,北鳳山區清潔隊,North Fengshan Cleaning team,鳳山區,22.633860,120.363510,15,10055,0
501206122,青年光華路口,Qingnian Guanghua Rd. Intersection,鳳山區,22.621880,120.349330,15,8595,0
501206123,鳳甲公兒二公園,Feng Jia gongerer Park,鳳山區,22.595200,120.341820,15,8581,0
501206124,北門公園,Beimen Park,鳳山區,22.634120,120.366330,12,10346,0
501206125,八德八德路二段142巷口,"Bade,Lane 142, Section 2, Bade Intersection",鳳山區,22.643860,120.355060,17,9344,0
501206126,八德路296巷文衡路口,"Lane 296, Bade Rd.Wenheng Rd. Intersection",鳳山區,22.639830,120.355410,12,9302,0
501206127,文勇八德路口,Wenyong Bade Rd. Intersection,鳳山區,22.638350,120.358540,10,9597,0
501206128,公兒20公園,Gongerer 20 Park,鳳山區,22.634170,120.348690,18,8542,0
501206129,環河鳳東七街106巷口,Huanhe  Lane 106 Fengdongqi St. Intersection,鳳山區,22.625310,120.385370,14,12274,0
501206130,五甲國中(龍成路),Wu Chia Junior High School,鳳山區,22.598240,120.329210,15,7267,0
501206131,六成保南一路口,Liucheng Baonan 1st Rd.,鳳山區,22.587820,120.349070,15,9609,0
501206132,長樂和興街口,Changle Hexing St.Intersection,鳳山區,22.617140,120.355940,16,9321,0
501206133,鳳埤鳳埤街50巷口,"Fengpi Ln. 50, Fengpi St.Intersection",鳳山區,22.629210,120.379530,15,11675,0
501206134,文福青年路口,Wenfu Qingnian Rd.Intersection,鳳山區,22.633100,120.349780,20,8643,0
501206135,鳳松博愛路口,Fengsong Bo'ai Rd.Intersection,鳳山區,22.631050,120.360700,15,9749,0
501206136,台鐵鳳山車站(西側),Fengshan Station(west),鳳山區,22.632100,120.354980,20,9168,0
501206137,勝利工協街口,Shengli Gongxiejiekou,鳳山區,22.629950,120.373590,20,11067,0
501206138,五甲七老爺停車場,Wujiaqilao Parking Lot,鳳山區,22.601300,120.341560,15,8296,0
501206139,鳳山高中(文建街),Fengshan Senior High School (Wenjian Street),鳳山區,22.629730,120.346540,59,8291,0
501206140,海涵紅毛港路口,Haihan Hongmaogang intersection,鳳山區,22.591490,120.344880,20,9042,0
501206141,捷運鳳山國中站(3號出口),KRT Fongshan Junior High School Sta. (Exit 3),鳳山區,22.625150,120.373650,22,11072,0
501206142,和德街公園(南側),Hedejie Park (South),鳳山區,22.618430,120.359380,20,9655,0
501206143,家和五偉成街口,Jiahe 5th Weicheng St. Intersection,鳳山區,22.586110,120.344583,15,9294,0
501206144,天天公園,Tiantian Park,鳳山區,22.624000,120.381370,16,11867,0
501206145,中和公園,Zhonghe Park,鳳山區,22.626220,120.346030,15,8235,0
501206146,建國青年路口,Jianguo Cingnian Rd. Intersection,鳳山區,22.637350,120.350780,26,8793,0
501206147,杭州公園,Hangzhou Park,鳳山區,22.621230,120.375800,15,11310,0
501206148,環河鳳東三街口,Huanhe Fengdong 3rd St.,鳳山區,22.628590,120.386350,15,12374,0
501206149,福誠一三誠路口,Fucheng 1st Sancheng Rd.,鳳山區,22.592770,120.325260,15,7211,0
501206150,富榮公園,Furong Park,鳳山區,22.596360,120.337220,16,8098,0
501206151,鳳山日照社福多功能中心,Fengshan Rizhao Social Welfare Center,鳳山區,22.633200,120.372000,15,10919,0
501206152,警察局鳳山分局,Police Bureau Fengshan Precinct,鳳山區,22.641600,120.357602,15,9555,0
501206153,國隆國隆路15巷口,"Guolong Ln. 15, Guolong Rd.",鳳山區,22.616609,120.347242,24,8443,0
501206154,環河中山東路380巷口,"Huanhe Ln. 380, Zhongshan E. Rd.",鳳山區,22.624651,120.383534,10,12087,0
501206155,保安兒童貨櫃主題公園,Baoan Children Container Theme Park,鳳山區,22.593419,120.346722,23,9121,0
501206156,鳳頂田中央路口,Fengding Tianzhongyang Rd.,鳳山區,22.594408,120.359247,11,10266,0
501206157,維武東六巷口,Weiwu E.6th Ln.,鳳山區,22.617354,120.365377,15,10280,0
501206158,中崙一中崙路口,Zhonglun 1st Zhonglun Rd.,鳳山區,22.602002,120.350716,15,9159,0
501206159,國泰五權南路口,Guotai Wuquan S. Rd.,鳳山區,22.617427,120.351179,15,8832,0
501206160,南福公園,Nanfu Park,鳳山區,22.612600,120.346990,15,8492,0
501206161,河岸步道,Riverwalk,鳳山區,22.633159,120.368224,15,10532,0
501206162,牛寮公園,Niuliao Park,鳳山區,22.588492,120.345056,15,9209,0
501206163,和成南一街口,Hecheng S. 1st St.,鳳山區,22.591905,120.339884,14,8563,0
501206164,五甲公園(福誠三街),Wujia Park (Fucheng 3rd St.),鳳山區,22.593111,120.322612,15,6961,0
501206165,河堤凱旋路口,Heti Kaixuan Rd.,鳳山區,22.607490,120.356997,25,9616,0
501206166,灣頭南巷公園,Wantou South Lane Park,鳳山區,22.618815,120.374812,15,11229,0
501206167,赤山文衡殿,Chishan Wen Heng Temple,鳳山區,22.638709,120.354004,17,9141,0
501206168,鳳松路綠地,Fengsong Rd.Parkland,鳳山區,22.640902,120.364045,15,10196,0
501206169,建國三文昌街口,Jianguo Sanwenchang Street Entrance,鳳山區,22.636797,120.354162,20,9130,0
501206170,鳳捷鳳東三街口,Fengjie Fengdong Sanjiekou,鳳山區,22.627915,120.384905,20,12225,0
501206171,南京新富路口,Nanjing Xinfu Road,鳳山區,22.613246,120.345774,17,8356,0
501206173,紅毛港保安堂,Hongmaogang Baoan Hall,鳳山區,22.587850,120.339429,15,8739,0
501206174,牛潮埔休閒公園,Niuchaopu Leisure Park,鳳山區,22.644266,120.365746,18,10429,0
501206175,林森天興街口,Linsen Tianxing Street,鳳山區,22.592131,120.331114,18,7762,0
501206176,建國文建街口,Jianguo Wenjian Street,鳳山區,22.637712,120.347987,17,8514,0
501206177,黃埔新村(東四巷),Huangpu New Village (East Fourth Lane),鳳山區,22.618115,120.364262,18,10158,0
501206178,文山國小(鳳松路41巷),"Wenshan Elementary School (Ln. 41, Fongsong Rd.)",鳳山區,22.634102,120.359033,17,9599,0
501206179,文山國民小學(文和街),Wenshan Primary School (Wenhe Street),鳳山區,22.632876,120.360029,16,9691,0
501206180,鳳頂誠東街口(西南側),FengdingChengdong Street Intersection (Southwest side),鳳山區,22.610980,120.362010,16,10041,0
501206181,鳳頂國泰路口,Fengding Guotai Road,鳳山區,22.614711,120.362075,20,9980,0
501206182,文正文聖街口,Wenzheng Wensheng Street,鳳山區,22.632249,120.353103,23,8977,0
501206183,五甲公園(福誠五街),Wujia Park (Fucheng Fifth Street),鳳山區,22.594577,120.323118,16,6918,0
501206184,南京南京路226巷口,"Nanjing Ln. 226, Nanjing Rd.",鳳山區,22.611668,120.345711,16,8384,0
501206185,南正一南和街129巷口,Nanzheng 1st St. & Nanhe St. Ln. 129 Intersection,鳳山區,22.594709,120.336866,18,8145,0
501206186,過埤國民小學,Guopi Elementary School,鳳山區,22.591585,120.362759,18,10716,0
501206187,保安二南華一路,Bao'an 2nd & Nanhua 1st Rd,鳳山區,22.597781,120.341387,20,8425,0
501206188,凱旋中崙一路(東南側),Kaixuan Zhonglun 1st Rd. (Southeast Side),鳳山區,22.610019,120.352858,25,9140,0
501206190,福安二錦田路口,Fu'an 2nd St. & Jintian Rd.,鳳山區,22.591264,120.333945,16,8061,0
501207001,捷運生態園區站(1號出口),KRT Ecological District Sta. (Exit 1),左營區,22.676040,120.306310,44,6830,0
501207002,微笑公園(文奇路側),Smile Park (Wenqi Rd.),左營區,22.674240,120.309360,17,6872,0
501207003,博愛文奇路口南側,Bo'ai Wenqi Rd. Intersection (South),左營區,22.673160,120.304780,27,6481,0
501207004,左營分局新莊派出所,Xinzhuang Police Station,左營區,22.668270,120.311630,10,6548,0
501207005,重愛公園(文慈路側),Chong'ai Park (Wenci Rd.),左營區,22.683400,120.318390,17,8248,0
501207006,微笑公園(崇德路8巷口),"Smile Park (Ln. 8, Chongde Rd.)",左營區,22.673120,120.309570,15,6792,0
501207007,微笑公園(新庄仔路545巷口),"Smile Park (Ln. 545, Xinzhuangzai Rd.)",左營區,22.671020,120.313700,19,6913,0
501207008,榮德公園,Rongde Park,左營區,22.684810,120.321050,18,8546,0
501207009,福山國小,Fushan Elementary School,左營區,22.684250,120.315960,20,8161,0
501207010,華夏西北扶輪公園(重愛路側),Huaxia Northwest Rotary Park (Chong'ai Rd.),左營區,22.687540,120.313030,15,8268,0
501207011,文藻外語大學正門,Wenzao Ursuline University of Languages (Main Gate),左營區,22.670880,120.318050,16,7227,0
501207012,博愛重立路口南側,Bo'ai Chongli Rd. Intersection (South),左營區,22.679630,120.308970,15,7313,0
501207013,重仁兒童遊戲場(重仁路50巷口),"Chongren Children Playground (Ln. 50, Chongren Rd.)",左營區,22.688310,120.316400,20,8543,0
501207014,幸福公園(高鐵路側),Xingfu Park (Gaotie Rd.),左營區,22.689650,120.311230,20,8355,0
501207015,博愛明誠路口東南側,Bo'ai Mingcheng Rd. Intersection (Southeast),左營區,22.660350,120.303220,16,5315,0
501207016,龍華國中(靠近自由二路6巷口),"Lunghua Junior High School (Ln. 6, Ziyou 2nd Rd.)",左營區,22.658630,120.309050,22,5642,0
501207017,明誠自由路口(路口三處),Mingcheng Ziyou Rd. Intersection,左營區,22.661070,120.309090,23,5817,0
501207018,光興裕誠路口東南側,Guangxing Yucheng Rd. Intersection (Southeast),左營區,22.663980,120.311720,18,6232,0
501207019,裕誠裕誠472巷口(東西2側),"Yucheng & Ln. 472, Yucheng Rd. Intersection",左營區,22.665790,120.304340,18,5828,0
501207020,裕誠富國路口(路口二處),Yucheng Fuguo Rd. Intersection,左營區,22.665360,120.307130,19,5992,0
501207021,自由自由三路101巷口西北側,"Ziyou & Ln. 101, Ziyou 3rd Rd. Intersection (Northwest)",左營區,22.670710,120.310590,15,6665,0
501207022,微笑公園(天祥二路側),Smile Park (Tianxiang 2nd Rd.),左營區,22.668810,120.313650,23,6739,0
501207023,福山廣場(博愛四路側),Fushan Square (Bo'ai 4th Rd.),左營區,22.685070,120.314070,16,8112,0
501207024,重平兒童遊戲場,Chongping Children Playground,左營區,22.684370,120.311280,20,7877,0
501207025,自由二路6巷至聖路口東側,"Ln. 6, Ziyou 2nd Rd. & Zhisheng Rd. Intersection (East)",左營區,22.659290,120.311560,14,5891,0
501207026,原生植物園(靠高鐵路側),Botanical Garden (Gaotie Rd.),左營區,22.682800,120.303200,16,7267,0
501207027,舊城國小(蓮潭路側),Jiuo-Cheng Primary School (Liantan Rd.),左營區,22.682800,120.292410,18,6748,0
501207028,捷運巨蛋站(5號出口),KRT Kaohsiung Arena Sta. (Exit 5),左營區,22.667300,120.303170,60,5873,0
501207029,福山公園(榮佑路側),Fushan Park (Rongyou Rd.),左營區,22.681930,120.320490,28,8270,0
501207030,捷運生態園區站(2號出口),KRT Ecological District Sta. (Exit 2),左營區,22.677100,120.306590,50,6942,0
501207031,裕誠富民路口東北側,Yucheng Fumin Rd. Intersection (Northeast),左營區,22.665660,120.305570,16,5903,0
501207032,大義國中(城峰路側),Da-Yi Junior High School (Chengfeng Rd.),左營區,22.675100,120.290930,16,5908,0
501207033,新莊華夏路口北側,Xinzhuang Huaxia Rd. Intersection (North),左營區,22.673000,120.297970,21,6060,0
501207034,三民家商(南屏路側),SMVHS (Nanping Rd.),左營區,22.666400,120.300210,21,5601,0
501207035,三民家商(裕誠路側),SMVHS (Yucheng Rd.),左營區,22.665900,120.302350,25,5700,0
501207036,博愛明華路口東北側,Bo'ai Minghua Rd. Intersection (Northeast),左營區,22.663190,120.303360,15,5548,0
501207037,文萊崇德路口西北側,Wenlai Chongde Rd. Intersection (Northwest),左營區,22.676890,120.302130,16,6656,0
501207038,左營忠信路8巷口西側,"Zuoying & Ln. 8, Zhongxin Rd. Intersection (West)",左營區,22.676200,120.286720,20,5846,0
501207039,左營左營大路6巷口西側,"Zuoying & Ln. 6, Zuoying Ave. Intersection (West)",左營區,22.678970,120.287210,20,6151,0
501207040,軍校海功路口西側,Junxiao Haigong Rd. Intersection,左營區,22.693400,120.292340,15,7838,0
501207041,崇德政德路口,Civil Service Development Institute (Zhengde Rd.),左營區,22.677700,120.300340,52,6631,0
501207042,左營區公所,Zuoying District Office,左營區,22.689853,120.295462,18,7592,0
501207043,明潭蓮潭路口東側,Mingtan Liantan Rd. Intersection,左營區,22.690000,120.299180,18,7768,0
501207044,明誠富民路口(路口四處),Mingcheng Fumin Rd. Intersection,左營區,22.661200,120.305400,21,5543,0
501207045,勝利國小(南屏路側),Shengli Elementary School (Nanping Rd.),左營區,22.672200,120.294700,22,5807,0
501207046,捷運巨蛋站(4號出口),KRT Kaohsiung Arena Sta. (Exit 4),左營區,22.667400,120.303490,18,5903,0
501207047,果貿公有市場西側,Guomao Traditional Market,左營區,22.668950,120.287250,17,5128,0
501207048,華夏兒童遊戲場(華夏路側),Huaxia Children Playground (Huaxia Rd.),左營區,22.681880,120.306120,20,7345,0
501207049,捷運凹子底站(3號出口),KRT Aozihdi Sta. (Exit 3),左營區,22.657770,120.303170,20,5117,0
501207050,明誠富國路口東北側,Mingcheng Fuguo Rd. Intersection,左營區,22.661170,120.307080,16,5668,0
501207051,西門遺址公園,Ximen Heritage Park,左營區,22.675481,120.286005,42,5745,0
501207052,新光國小(華夏路側),Shin Kuang Primary School (Huaxia Rd.),左營區,22.680600,120.304930,18,7159,0
501207054,左營(舊城)車站,Zuoying(Old Town) Sta.,左營區,22.674200,120.293600,26,5944,0
501207056,果峰中華一路口,Guofeng & Zhonghua 1st Rd. Intersection,左營區,22.670529,120.286685,54,5263,0
501207057,翠峰果峰街12巷口東側,"Cuifeng & Ln. 12, Guofeng St. Intersection",左營區,22.671960,120.289090,20,5511,0
501207058,蓮池潭兒童公園南區停車場,Lotus Pond Children's Park Parking Lot,左營區,22.686430,120.302410,19,7573,0
501207059,高鐵重信路口東側,Gaotie Chongsin Rd. Intersection,左營區,22.686340,120.308300,19,7881,0
501207060,捷運巨蛋站(3號出口),KRT Kaohsiung Arena Sta. (Exit 3),左營區,22.665980,120.303100,43,5758,0
501207061,蓮池潭(高雄物產館),Lotus Pond Flagship Store,左營區,22.680590,120.297460,26,6758,0
501207062,辛亥公有停車場,Xinhai Public Parking,左營區,22.664690,120.310180,28,6167,0
501207063,河堤公園(明誠二路側),Riverside Park (Mingcheng 2nd Rd.),左營區,22.660900,120.310800,43,5940,0
501207064,左營國小,Kaohsiung Zuoying Elementary School,左營區,22.690570,120.292460,29,7548,0
501207065,捷運世運站(1號出口),KRT World Games Sta. (Exit 1),左營區,22.700750,120.302030,27,8974,0
501207066,世運主場館,Kaohsiung National Stadium,左營區,22.702520,120.292580,29,8804,0
501207067,左營高中,Kaohsiung Municipal Tsoying Senior High School,左營區,22.693550,120.295480,99,7971,0
501207068,高鐵左營站,HSR Zuoying Station,左營區,22.686670,120.308270,31,7910,0
501207069,孔營蓮潭路口,Kongying Liantan Rd,左營區,22.687940,120.297510,29,7487,0
501207070,龍虎塔,Dragon Tiger Tunnel,左營區,22.679930,120.292100,28,6445,0
501207071,福山廣場(文川路側),Fushan Square (Wenchuan Rd.),左營區,22.685880,120.314010,26,8179,0
501207072,臺鐵新左營站,THSR Zuoying Station,左營區,22.688500,120.307440,22,8035,0
501207074,榮耀兒童公園,Rongyao Children's Park,左營區,22.679776,120.321065,48,8137,0
501207075,自由黃昏市場,Ziyou Twilight Market,左營區,22.672160,120.311350,27,6836,0
501207076,新光國小(曾子路側),Kaohsiung Municipal Shin Kuang Primary School,左營區,22.680480,120.305890,18,7204,0
501207077,新莊高中,Kaohsiung Municipal Hsin chuang Senior High School,左營區,22.680960,120.317490,52,7984,0
501207078,海青工商,Haiching Vocational High School,左營區,22.674430,120.286460,17,5653,0
501207079,合群新城(緯九海景街口),Hequn New Village (Wei 9th Haijing St. Intersection),左營區,22.695510,120.287380,16,7901,0
501207080,富國公園,Fuguo Park,左營區,22.663880,120.306710,16,5846,0
501207081,明德國小,Mingde Elementary School,左營區,22.687260,120.289480,14,7096,0
501207082,新民國小,Sin Min Primary School,左營區,22.676380,120.312620,16,7271,0
501207084,福山國中,Fushan Junior High School,左營區,22.681250,120.313940,35,7771,0
501207085,新莊國小,Sgin Juang Elementary School,左營區,22.668860,120.309410,32,6433,0
501207086,文府國中,Wun-Fu Junior High School,左營區,22.691500,120.316120,33,8810,0
501207087,龍華國中(大順一路),Lunghua Junior High School (Dashun 1st Rd.),左營區,22.656710,120.309108,30,5518,0
501207088,介壽先鋒路口東南側,Jieshou Xianfeng Rd. Intersection (Southeast),左營區,22.681240,120.282810,15,6247,0
501207089,華夏西北扶輪公園(華夏路側),Huaxia Northwest Rotary Park (Huaxia Rd.),左營區,22.686620,120.312330,11,8143,0
501207090,屏山國小,Ping-Shan Elementary School,左營區,22.693720,120.301940,14,8264,0
501207091,大義國中(翠華路側),Da-Yi Junior High School (Cuihua Rd.),左營區,22.674510,120.293160,16,5953,0
501207092,微笑公園(博愛三路50巷口),"Smile Park (Ln. 50, Bo'ai 3rd Rd.)",左營區,22.671840,120.304480,32,6347,0
501207093,龍華市場(忠言路側),Longhua Public Market (Zhongyan Rd.),左營區,22.658350,120.305960,24,5376,0
501207094,文學公園(華夏路側),Wenxue Park (Huaxia Rd.),左營區,22.689130,120.318000,13,8715,0
501207095,榮光公有停車場,Rongguang Public Parking,左營區,22.685060,120.321730,10,8613,0
501207096,文學公園(文學路),Wenxue Park (Wenxue Rd.),左營區,22.689940,120.318410,15,8812,0
501207098,民族霞海路口,Minzu Xiahai Rd. Intersection,左營區,22.689920,120.321420,13,9003,0
501207099,博愛重和路口(路口兩處),Bo'ai Chonghe Rd. Intersection,左營區,22.684110,120.312980,19,7959,0
501207100,博愛扶輪公園(博愛四路側),Bo'ai Rotary Park (Bo'ai 4th Rd.),左營區,22.682670,120.311830,22,7760,0
501207101,新民國小(重立路232巷口),"Xinmin Elementary School(Ln.232,Zhongli Rd)",左營區,22.676060,120.314680,17,7386,0
501207102,新民國小(重立路),Xinmin Elementary School(Zhongli Rd),左營區,22.677280,120.314420,17,7469,0
501207103,崇實自助社區活動中心,Chongshi self-help Community Activity Center,左營區,22.678620,120.282620,20,5962,0
501207104,自勉公園,Zimian park,左營區,22.678820,120.279870,21,5908,0
501207105,臺鐵新左營站(站前一街東北側),Taiwan Railway Xin Zuoying Station (Zhanqian 1st St. Northeast ),左營區,22.689230,120.307470,25,8106,0
501207106,合群新城(海景街),Hequn New Residential(Haijing Street),左營區,22.698124,120.287577,15,8186,0
501207107,合群新城義區(海景街),Hequn New Residential yi district (Haijing St.),左營區,22.696590,120.287660,10,8025,0
501207108,半屏山登山南側步道入口,Banpingshan Mountain pathway trailhead South,左營區,22.691410,120.302920,25,8082,0
501207109,博愛四重仁路口,Bo'ai 4th Chongren Rd.Intersection,左營區,22.687330,120.316500,15,8463,0
501207110,富民太原街口,Fumin Rd Taiyuan St.Intersection,左營區,22.667660,120.305620,15,6070,0
501207111,實踐海景街口,Practice Seaview Jiekou,左營區,22.690300,120.287880,13,7363,0
501207112,海功海富路口,Haigong Haifu Rd.Intersection,左營區,22.693720,120.289280,15,7769,0
501207113,崇德翠華路口,Chongde Cuihua Rd.Intersection,左營區,22.678470,120.298290,20,6595,0
501207114,華榮翠華路口,Huarong Cuihua Rd.Intersection,左營區,22.671650,120.291310,20,5583,0
501207115,菜公公園,cai gong Park,左營區,22.675250,120.315800,25,7400,0
501207116,富國公園(安吉街),Fuguo Park(Anji St.),左營區,22.664460,120.307650,25,5960,0
501207117,新莊翠華路口,Xinzhuang Cuihua Intersection,左營區,22.674660,120.295630,25,6091,0
501207118,介壽先勝路口,Jieshou Xiansheng Road,左營區,22.681180,120.280800,13,6186,0
501207119,新庄仔博愛二路口(東南側),Xinzhuangz Bo'ai 2nd Rd. (southeast side),左營區,22.669990,120.304120,25,6164,0
501207120,蓮潭滑水樂園,Lotus Wake Park,左營區,22.678420,120.295410,14,6445,0
501207121,新莊一文上路口,Xinzhuang 1st Wenshang Rd.,左營區,22.671540,120.300310,17,6061,0
501207122,博愛公園(立大路側),Bo'ai Park(Lida Rd.),左營區,22.678040,120.306080,17,6994,0
501207123,華夏民族一路口,Huaxia Minzu 1st Rd.,左營區,22.688140,120.320600,15,8797,0
501207124,龍德新大順一路口,Longdexin Dashun 1nd Rd.,左營區,22.656100,120.310830,22,5622,0
501207125,博愛大順一路口(東北側),Bo'ai Dashun 1st Rd.(Northeast),左營區,22.656430,120.303330,23,5032,0
501207126,高鐵大中二路口,Gaotie Dazhong 2nd Rd.,左營區,22.684950,120.305840,20,7614,0
501207127,華夏重文街口,Huaxia Chongwen St,左營區,22.682762,120.307303,17,7495,0
501207128,新莊一新榮街口,Xinzhuang 1st Xinrong St.,左營區,22.670884,120.302022,15,6108,0
501207129,立中文康路口,Lizhong Wenkang Rd.,左營區,22.673054,120.303097,15,6367,0
501207130,博愛大中二路口,Bo'ai Dazhong 2nd Rd.,左營區,22.681320,120.310570,15,7562,0
501207132,國家運動訓練中心大門,National Sports Training Center Gate,左營區,22.700599,120.294863,15,8679,0
501207133,華夏南屏路(路口四處),Huaxia Nanping Rd.Intersection,左營區,22.670332,120.296750,16,5743,0
501207134,新莊華夏路口東南側,Xinzhuang Huaxia Rd.(Southeast),左營區,22.672371,120.298315,16,6021,0
501207135,文府國小(高鐵路),Wenfu Elementary School (Gao Tie Rd.),左營區,22.691928,120.313822,20,8713,0
501207136,微笑公園(文奇路110巷),"Smile Park (Alley 110, Wenqi Road)",左營區,22.671936,120.307731,20,6569,0
501207138,左營舊城派出所,Zuoying Old City Police Station,左營區,22.682944,120.288523,15,6612,0
501207139,華夏重惠街口,Huaxia Chonghui Street,左營區,22.683660,120.308469,23,7645,0
501207140,蓮潭水域運動中心,Lian Tan Water Sports Center,左營區,22.682522,120.298248,16,6985,0
501207141,至聖富國路口,Zhisheng  Phu Quoc intersection,左營區,22.660065,120.306764,20,5563,0
501207142,文川重立路782巷口,"Lane 782, Zhongli Road, Wenchuan",左營區,22.681604,120.308565,20,7465,0
501207143,海平海平路28巷(東北側),"Lane 28, Haiping Road, Haiping (northeast side)",左營區,22.685900,120.287418,16,6883,0
501207144,左營綠園道(文智路),Zuoying Park Road (Wenzhi Road),左營區,22.676240,120.296740,15,6300,0
501207145,軍校和光街24巷口,Junxiao Heguang Street Lane 24,左營區,22.705144,120.294328,16,9137,0
501207146,南屏南屏路249巷口,"Lane 249, Nanping Road, Nanping",左營區,22.669643,120.299009,19,5812,0
501207148,新庄仔路73巷口,Xinzhuangzi Rd. Ln. 73,左營區,22.673556,120.300573,16,6260,0
501207149,海軍眷村緯六路,Weiliu Rd. (Military Veterans Village),左營區,22.697468,120.291002,40,8220,0
501208001,時代大道中華路口(西北側),Shihdai Zhonghua Rd. Intersection (Northwest),前鎮區,22.596750,120.308250,34,5525,0
501208002,捷運凱旋站(3號出口),KRT Kaisyuan Sta. (Exit 3),前鎮區,22.597600,120.314180,30,5964,0
501208003,捷運凱旋站(2號出口),KRT Kaisyuan Sta. (Exit 2),前鎮區,22.596730,120.315700,24,6147,0
501208004,前鎮地政事務所,Cianjhen Land Office,前鎮區,22.587230,120.318740,12,7027,0
501208005,同安德昌路口,Tongan Dechang Rd. Intersection,前鎮區,22.583410,120.317350,15,7199,0
501208006,前鎮國中(草衙一路),Cianjhen Junior High School (Caoya 1st Rd.),前鎮區,22.583800,120.322140,21,7540,0
501208007,捷運草衙站(4號出口),KRT Caoya Sta. (Exit 4),前鎮區,22.580640,120.327950,40,8223,0
501208008,港壽崇安街口,Gangshou Chong'an St. Intersection,前鎮區,22.571870,120.330820,17,9085,0
501208009,后安停車場,Hou'an Parking Lot,前鎮區,22.573360,120.322200,30,8336,0
501208010,紅毛港國小,Hongmaogang Primary School,前鎮區,22.584410,120.334540,15,8517,0
501208011,新光自強路口,Xinguang Ziqiang Rd. Intersection,前鎮區,22.610650,120.300840,37,4045,1
501208012,民裕鄭和南路口(西南側),Minyu Zhenhe S. Rd. Intersection (Southwest),前鎮區,22.606730,120.314280,30,5477,0
501208013,捷運獅甲站(4號出口),KRT Shihjia Sta. (Exit 4),前鎮區,22.606190,120.307650,55,4895,1
501208014,捷運獅甲站(3號出口),KRT Shihjia Sta. (Exit 3),前鎮區,22.606590,120.307990,38,4905,1
501208015,前鎮西甲敬老亭,Xijia Gazebo,前鎮區,22.607440,120.307840,15,4847,1
501208016,中正高工(汕頭街口),Chung-Cheng Industrial High School (Shantou St.),前鎮區,22.610170,120.317350,22,5624,0
501208017,崗山仔公園,Gangshanzi Park,前鎮區,22.605850,120.337400,15,7727,0
501208018,高雄廣澤郵局,Kaohsiung Guangze Post Office,前鎮區,22.615900,120.310590,15,4769,1
501208019,25號綠地公園,Greens No.25,前鎮區,22.616410,120.315780,16,5271,0
501208020,中正高工(黃埔街口),Chung-Cheng Industrial High School (Huangpu St.),前鎮區,22.611550,120.317790,21,5616,0
501208021,台鋁廣場,Metropolitan Living Development,前鎮區,22.604300,120.303730,17,4658,1
501208022,瑞北停車場,Ruibei Parking Lot,前鎮區,22.608920,120.329720,15,6872,0
501208023,瑞祥高中,Rueisiang Senior High School,前鎮區,22.601700,120.325280,30,6736,0
501208024,高雄市勞工局,Kaohsiung Labor Affairs Bureau,前鎮區,22.588190,120.321740,21,7203,0
501208026,前鎮區公所,Cianjhen District Office,前鎮區,22.587100,120.318010,21,6979,0
501208027,中華復興路口(西南側),Zhonghua Fuxing Rd. Intersection (Southwest),前鎮區,22.606190,120.304370,30,4603,1
501208028,管仲沱江街口,Guanzhong Tuojiang St. Intersection,前鎮區,22.606320,120.311980,15,5283,0
501208029,獅甲社區(興仁國中棒球場),Shihjia Community (Singren Junior High School Baseball field),前鎮區,22.602030,120.303390,22,4773,1
501208030,捷運獅甲站(2號出口),KRT Shihjia Sta. (Exit 2),前鎮區,22.605800,120.308570,38,4999,1
501208031,中山時代大道口(西北角),Zhongshan Shihdai Blvd. Intersection (Northwest),前鎮區,22.598780,120.313390,28,5824,0
501208032,新光成功路口,Xinguang Chenggong Rd. Intersection,前鎮區,22.610300,120.299250,48,3919,1
501208033,光華公園,Guanghua Park,前鎮區,22.608550,120.316440,41,5600,0
501208034,夢時代購物中心,Dream Mall,前鎮區,22.595860,120.304930,44,5325,0
501208035,捷運草衙站(1號出口),KRT Caoya. (Exit 1),前鎮區,22.579530,120.329020,28,8386,0
501208036,佛公國小,Fo Gong Elementary School,前鎮區,22.573820,120.320040,29,8147,0
501208037,高雄市漁民服務中心,Kaohsiung Fishermen's Service Center,前鎮區,22.572170,120.317480,28,8107,0
501208038,捷運前鎮高中站(1號出口),KRT Cianjhen Senior High School (Exit 1),前鎮區,22.588150,120.321930,24,7221,0
501208039,原住民故事館,Kaohsiung Indigenous Hub,前鎮區,22.593920,120.316240,22,6371,0
501208040,中四中一路口,Central 4th Central 1st Rd.,前鎮區,22.601690,120.291730,19,3898,1
501208041,中鋼會館,SINOSTEEL Recreation Center,前鎮區,22.604110,120.302530,15,4568,1
501208042,朝陽寺,Taoist temple,前鎮區,22.577510,120.322040,16,7999,0
501208043,前鎮國中,Qianzhen Junior High School,前鎮區,22.583110,120.320350,16,7450,0
501208044,五甲公園,Wujia Park,前鎮區,22.595530,120.321990,20,6764,0
501208045,台鋁廣場(成功二路),Metropolitan Living Development (Chenggong 2nd Rd.),前鎮區,22.603360,120.302010,32,4572,1
501208046,管仲民裕路口,Guanzhong & Minyu St. Intersection,前鎮區,22.605570,120.312670,16,5384,0
501208047,瑞祥高中(凱旋四路),Rueisiang High School (Kaixuan 4th Rd.),前鎮區,22.603110,120.324050,30,6556,0
501208048,民權少康街口,Minquan & Rd. Intersection,前鎮區,22.609330,120.313100,23,5250,0
501208049,興仁國中,Singren Junior High School,前鎮區,22.586820,120.313820,16,6675,0
501208050,瑞豐國中,Ruifeng Junior High School,前鎮區,22.609100,120.330570,15,6949,0
501208051,輕軌軟體園區站,KRT Software Technology Park Light Rail Sta.,前鎮區,22.605170,120.300690,36,4345,1
501208052,輕軌凱旋中華站,KRT Kaisyuan Jhonghua Light Rail Sta.,前鎮區,22.593520,120.311290,16,5993,0
501208053,新光中山路口,Xinguang Zhongshan  Rd.  Intersection,前鎮區,22.612130,120.304910,21,4354,1
501208054,中華忠勤路口,Zhonghua Zhongqin Rd. Intersection,前鎮區,22.605270,120.304930,28,4705,1
501208055,班超公園,Banchao Park,前鎮區,22.600960,120.325570,20,6798,0
501208056,二聖公園,Ersheng Park,前鎮區,22.613850,120.318300,27,5592,0
501208057,高雄市政府消防局,Fire Bureau.Kaohsiung City Government,前鎮區,22.593090,120.307350,28,5715,0
501208058,聖和公園,Shenghe Park,前鎮區,22.612110,120.323490,16,6158,0
501208059,高雄市圖書館總館,Koahsiung Main Public Library,前鎮區,22.610610,120.302100,29,4163,1
501208060,瑞豐公車總站,Ruifeng Bus Station,前鎮區,22.606140,120.338760,16,7850,0
501208061,輕軌凱旋瑞田站,KRT Kaisyuan Rueitian,前鎮區,22.599160,120.319890,21,6373,0
501208062,輕軌前鎮之星站,KRT Cianjhen Star Light Rail Sta.,前鎮區,22.596340,120.315370,35,6143,0
501208063,前鎮民權公園,Minquan Park,前鎮區,22.613510,120.313970,16,5177,0
501208064,北一路西十一街口,Beiyi Rd. & Xishiyi St. Intersection,前鎮區,22.605350,120.288480,20,3373,1
501208065,高雄加工出口區員工宿舍(車站後街),Kaohsiung Export Processing Zone Dormitory (Rear Station St.),前鎮區,22.590110,120.305519,30,5807,0
501208066,臨加東臨加北路口,Linjia E. Rd. & Linjia N. Rd. Intersection,前鎮區,22.577960,120.319580,22,7783,0
501208067,新正薪醫院,True Generation Hospital,前鎮區,22.607970,120.318020,10,5775,0
501208068,前鎮高中(樹人路側),Cianjhen Senior High School (Shuren Rd.),前鎮區,22.587560,120.320660,10,7158,0
501208069,康定康定路166巷口,"Kangding & Ln. 166, Kangding Rd. Intersection",前鎮區,22.589320,120.316340,10,6690,0
501208070,漁港草衙二路口,Yugang Caoya 2nd Rd. Intersection,前鎮區,22.581560,120.322840,20,7756,0
501208071,國慶明龍街口,Guoqing Minglong St. Intersection,前鎮區,22.587540,120.338000,11,8630,0
501208072,前鎮圖書館,Kaohsiung Municipal Library Qianzhen Branch,前鎮區,22.602470,120.333410,15,7469,0
501208073,一心和平二路口,Yixin 1st Heping 2nd Rd. Southwest,前鎮區,22.607000,120.320260,20,6029,0
501208074,瑞福路公共停車場,Ruifu Rd Public Car Park,前鎮區,22.607700,120.335430,19,7472,0
501208075,英德街公有民營停車場,Yingde St Public Private Car Park,前鎮區,22.613870,120.322460,12,6004,0
501208076,光華國中(和平二路),Guanghua Junior High(Heping 2nd Rd),前鎮區,22.611560,120.322440,15,6071,0
501208077,獅甲社區,Shihjia community,前鎮區,22.603310,120.305690,10,4887,1
501208078,正勤停車場,Zhengqin parking,前鎮區,22.604310,120.309140,24,5131,0
501208079,成功特殊教育學校,Chenggong Special Education School,前鎮區,22.605680,120.302350,22,4456,1
501208080,輕軌機廠站,LRT Depot,前鎮區,22.608840,120.325430,14,6456,0
501208081,輕軌凱旋二聖站,LRT Kaisyuan Ersheng,前鎮區,22.611740,120.326760,20,6492,0
501208082,林森中華五路口,Linsen Zhonghua 5th Rd.Intersection,前鎮區,22.609550,120.303610,10,4354,1
501208083,環區一環區四路口,Huanqu 1st Huanqu 4st Rd.Intersection,前鎮區,22.588960,120.296660,11,5311,0
501208084,瑞崗兒童遊戲場,Ruigang Park Playground,前鎮區,22.606250,120.331500,20,7138,0
501208085,獅甲公園,Shihjia Park,前鎮區,22.612150,120.306410,17,4496,1
501208086,前鎮民權公園(北側),Minquan Park (North),前鎮區,22.615000,120.313610,22,5094,0
501208087,捷運三多商圈站(3號出口),KRT Sanduo Shopping District Sta. (Exit 3),前鎮區,22.613230,120.304920,31,4309,1
501208088,凱旋一心一路口,Kaixuan Yixin 1st Rd.Intersection,前鎮區,22.605320,120.324780,20,6529,0
501208089,西山兒童遊戲場,Xishan Children's Playground,前鎮區,22.609670,120.310340,26,4974,1
501208090,凱興凱旺街口,Kaixing Kaiwang St.Intersection,前鎮區,22.592350,120.321810,18,6940,0
501208091,高雄軟體園區,Kaohsiung Software Technology Park,前鎮區,22.604620,120.299387,43,4271,1
501208092,三多桂林街口,Sanduo Guilin St.Intersection,前鎮區,22.617630,120.315660,15,5229,0
501208093,鎮東公園,Zhendong Park,前鎮區,22.592080,120.309160,17,5929,0
501208094,育群兒童遊戲場,Yuqun Children's Playground,前鎮區,22.605130,120.322020,16,6275,0
501208095,勞工公園,Labour Park,前鎮區,22.606480,120.310050,25,5098,0
501208096,廣西梧州街口,Guangxi Wuzhou St.,前鎮區,22.615200,120.315710,14,5297,0
501208097,樂群國小,Lequn Elementary School,前鎮區,22.608072,120.323313,29,6279,0
501208098,高雄捷運股份有限公司,Kaohsiung Rapid Transit Corporation,前鎮區,22.582980,120.332720,15,8454,0
501208099,中華中華五路939巷口,"Zhonghua Zhonghua 5th Road, Lane 939",前鎮區,22.600570,120.306460,15,5124,0
501208100,興東公園,Xingdong Park,前鎮區,22.610960,120.314940,19,5361,0
501208101,漁業廣播電台,Fishery Radio Station,前鎮區,22.571770,120.312120,15,7793,0
501208102,時代大道時代南二路口,Shidai Blvd Shidai S. 2nd Rd.,前鎮區,22.597410,120.311140,38,5719,0
501208103,瑞南公園(瑞南街),Ruinan Park(Ruinan St.),前鎮區,22.595770,120.317370,15,6349,0
501208104,文小九公園(鎮東五街),Wen Xiaojiu Park(Zhendong 5th St.),前鎮區,22.588780,120.311400,14,6345,0
501208105,興仁公園(興旺路),Xingren Park(Xingwang Rd.),前鎮區,22.586120,120.311070,25,6524,0
501208106,民瑞中山三路口,Minrui St./Zhongshan 3rd Rd.(Southeast),前鎮區,22.604260,120.309890,16,5200,0
501208107,光華鄭和南路口,Guanghua Zhenghe S. Rd.,前鎮區,22.605310,120.315850,19,5690,0
501208108,籬仔內公園,Lizainei  Park,前鎮區,22.605070,120.319760,19,6065,0
501208109,翠亨北漁港路口,Cuiheng N.Yugang Rd.,前鎮區,22.584070,120.325200,17,7764,0
501208110,瑞祥高中(忠誠路),Rueisiang High School(Zhongcheng Rd.),前鎮區,22.600450,120.323980,20,6677,0
501208111,修文一心二路口,Xiuwen Yixin 2nd Rd.,前鎮區,22.611899,120.309591,15,4810,1
501208112,漁港南一興漁三路口,Yugang S. 1st Xingyu 3nd Rd.,前鎮區,22.567260,120.315930,32,8429,0
501208113,環區一南二路口,Huanqu 1st S. 2nd Rd.,前鎮區,22.597530,120.293950,20,4394,1
501208114,環區四南二路口,Huanqu 4st S. 2nd Rd.,前鎮區,22.595880,120.291370,20,4370,1
501208115,臨海工業區前鎮園區公園,Linhai Industrial Park Center,前鎮區,22.581960,120.316450,15,7242,0
501208116,鎮興鎮昌五巷口,"Zhenxing Ln. 5, Zhenchang.",前鎮區,22.591080,120.313250,15,6320,0
501208117,瑞和兒童遊戲場,Ruihe Children's Park,前鎮區,22.603874,120.331557,10,7235,0
501208118,允棟公園,Yundong Park,前鎮區,22.590922,120.310642,11,6128,0
501208119,漁港德昌路口,Yugang Dechang Rd.,前鎮區,22.580039,120.320035,20,7656,0
501208121,明正公園,Mingzheng Park,前鎮區,22.578969,120.325267,16,8133,0
501208122,鎮華鎮洲路口,Zhenhua Zhenzhou Rd.,前鎮區,22.588891,120.309257,20,6176,0
501208123,捷運草衙站(2號出口),KRT Caoya (Exit 2),前鎮區,22.581164,120.328817,30,8256,0
501208124,瑞興兒童遊戲場,Ruixing Children's Park,前鎮區,22.610710,120.329440,15,6788,0
501208125,新明德西社區公園,Xinmingdexi Community Park,前鎮區,22.587553,120.315357,18,6739,0
501208127,明鳳三號公園,Ming Feng Park No. 3,前鎮區,22.584814,120.336644,19,8672,0
501208128,新生臨水南路(南側),Xinsheng Linshui South Road (south side),前鎮區,22.587288,120.305870,16,6059,0
501208129,高雄展覽館,Kaohsiung Exhibition Center,前鎮區,22.608648,120.299491,23,4032,1
501208130,廣西文橫三路口,Guangxi Rd. & Wenheng 3rd Rd.,前鎮區,22.613881,120.307416,15,4525,1
501209001,捷運巨蛋站(2號出口),KRT Kaohsiung Arena Sta. (Exit 2),鼓山區,22.664830,120.303100,40,5663,0
501209002,龍華國小,Longhua Primary School,鼓山區,22.654930,120.297450,20,4471,1
501209003,明誠馬卡道路口(東南側),Mingcheng Makadao Rd. Intersection (Southeast),鼓山區,22.662490,120.285390,14,4399,1
501209004,明誠裕國街口,Mingcheng Yuguo Intersection,鼓山區,22.661040,120.293510,15,4708,1
501209005,博愛大順路口,Bo'ai Dashun Intersection,鼓山區,22.655880,120.303210,18,4984,1
501209006,小鹿公園,Xiaolu Park,鼓山區,22.657290,120.291280,19,4238,1
501209007,民康兒童公園,Minkang Children's park,鼓山區,22.662010,120.294350,15,4846,1
501209008,捷運凹子底站(4號出口),KRT Aozihdi Sta. (Exit 4),鼓山區,22.659380,120.302860,86,5214,0
501209009,美術東四美術北五街口(北側),Meishu E. 4th Meishu N. 5th St. Intersection (North),鼓山區,22.664290,120.290390,20,4826,1
501209010,內惟公園(新疆路側),Neiwei Park (Xinjiang Rd.),鼓山區,22.656490,120.277580,14,3464,1
501209011,凹子底森林公園(龍德路側),Aozihdi Forest Park (Longde Rd.),鼓山區,22.660420,120.297240,25,4896,1
501209012,凹子底森林公園(明誠三路側),Aozihdi Forest Park (Mingcheng 3rd Rd.),鼓山區,22.660990,120.299110,21,5071,0
501209013,華榮慶豐路口,Huarong Qingfeng Intersection,鼓山區,22.667890,120.295710,15,5458,0
501209014,中華一路161巷口,"Ln. 161, Zhonghua 1st Rd. Intersection",鼓山區,22.663090,120.292860,12,4853,1
501209015,逢甲翠華路397巷口(東南側),"Fengjia & Ln. 397, Cuihua Rd. Intersection",鼓山區,22.663160,120.284220,15,4413,1
501209016,青海美術東二路口(西北側),Qinghai Meishu E. 2nd Rd. Intersection Northwest),鼓山區,22.651450,120.287750,29,3505,1
501209017,美術東四美術東七街口(東北側),Meishu E. 4th Meishu E. 7th St. Intersection (Northeast),鼓山區,22.662050,120.290410,13,4616,1
501209018,美術東二明誠路口(西南側),Meishu E. 2nd Mingcheng Rd. Intersection (Southwest),鼓山區,22.661180,120.288360,17,4422,1
501209019,皮克尼克公園,Pikenike Park,鼓山區,22.654380,120.288010,25,3777,1
501209020,鼓山高中,Gushan Senior High School,鼓山區,22.651360,120.275030,32,2838,1
501209021,青海九如路口(東北側),Qinghai Jiuru 4th Rd. Intersection,鼓山區,22.651820,120.279270,14,3057,1
501209022,哨船安海街口(東側),Shaochuang Anhai St. Intersection (East),鼓山區,22.619050,120.269240,10,983,1
501209023,捷運哈瑪星站(2號出口),KRT Sizihwan Sta. (Exit 2),鼓山區,22.621180,120.275230,43,1183,1
501209024,濱海臨海路口(西南側),Binhai  Linhai Rd. Intersection (Southwest),鼓山區,22.623640,120.269870,43,583,1
501209025,哨船頭公園,Gushan Marina Park,鼓山區,22.618450,120.268770,15,1030,1
501209026,捷運哈瑪星站(1號出口),KRT Sizihwan Sta. (Exit )1,鼓山區,22.622126,120.273481,26,976,1
501209027,中華藝校(美術東一路),Chung-Hwa School of Arts (Meishu E. 1st Rd.),鼓山區,22.656030,120.288810,19,3973,1
501209028,鼓山分局新濱派出所,Xinbin Police Sta of Gushan Branch,鼓山區,22.622260,120.275470,28,1140,1
501209029,華榮公園,Huarong Park,鼓山區,22.664440,120.296900,53,5219,0
501209030,凹子底森林公園(神農路),Aozihdi Forest Park (Shennong Rd.),鼓山區,22.657870,120.296590,18,4641,1
501209031,凹子底森林公園(至聖路),Aozihdi Forest Park (Zhisheng Rd.),鼓山區,22.659610,120.296840,30,4802,1
501209032,西子灣風景區,Sizihwan Scenic Area,鼓山區,22.618240,120.266090,28,1008,1
501209033,南屏大順路口,Nanping Dashun Rd. Intersection,鼓山區,22.655780,120.299910,20,4720,1
501209034,青海鼓山路口,Qinghai Gushan Rd. Intersection,鼓山區,22.651730,120.276290,15,2922,1
501209035,哈瑪星鐵道文化園區(臨海新路),Hamasen Railway Cultural Park (Linhaisin Rd.),鼓山區,22.620340,120.277110,28,1395,1
501209036,一號船渠景觀橋,Pier No. 1 Scenic Bridge,鼓山區,22.620790,120.270130,31,849,1
501209037,願景橋,Yuanjing Bridge,鼓山區,22.650810,120.287530,36,3436,1
501209038,雄峰公園,Xiongfeng Park,鼓山區,22.667540,120.285300,16,4902,1
501209039,中山大學社科院,NSYSU College of Social Sciences,鼓山區,22.626170,120.265040,30,148,1
501209040,中山大學海工館,NSYSU Marine Environment and Engineering,鼓山區,22.628750,120.262590,31,367,1
501209041,明誠高中(華寧路),Kaohsiung Saint Paul's High School (Huaning Rd.),鼓山區,22.667480,120.292280,23,5229,0
501209042,鼓山國小(臨海二路),Gushan Elementary School (Linhai 2nd Rd.),鼓山區,22.623290,120.271550,20,740,1
501209043,龍勝大順路口,Longsheng Dashun Rd. Intersection,鼓山區,22.654520,120.295650,25,4306,1
501209044,厚泰公有停車場西側,Houtai Parking Lot (West),鼓山區,22.646160,120.278700,15,2480,1
501209045,鼓山鼓山一路119巷口,"Gushan & Ln. 119, Gushan 1st Rd. Intersection",鼓山區,22.627850,120.279370,16,1394,1
501209046,台鐵美術館車站,TRA Kaohsiung Museum of Fine Arts Sta.,鼓山區,22.652040,120.281110,22,3168,1
501209047,富農龍勝路口,Funong Longsheng Rd.,鼓山區,22.656570,120.295792,14,4480,1
501209048,明誠高中(中華一路),Saint Paul's High School (Zhonghua 1st Rd.),鼓山區,22.666254,120.291555,25,5074,0
501209049,輕軌內惟藝術中心,Neiwei Arts Center,鼓山區,22.655019,120.282409,20,3522,1
501209050,中華一路828號南側,"No.828, Zhonghua 1st Rd. South",鼓山區,22.660020,120.292090,13,4529,1
501209051,中山大學工學院,"College of Engineering, National Sun Yat-sen University",鼓山區,22.626660,120.266590,24,108,1
501209052,中山大學圖資大樓,"Office of Library , National Sun Yat-sen University",鼓山區,22.627080,120.266110,22,40,1
501209053,中華美術北三路口北側,Zhonghua Meishu N. 3rd Rd. North,鼓山區,22.662670,120.292220,20,4777,1
501209054,中山大學材料大樓,"Material Building , National Sun Yat-sen University",鼓山區,22.627100,120.266890,27,114,1
501209055,裕興華泰路185巷口,"Yuxing & Ln. 185, Huatai Rd.Intersection",鼓山區,22.669840,120.292420,14,5462,0
501209056,裕誠美術館路口,Yucheng Art Gallery Intersection,鼓山區,22.654840,120.294000,15,4213,1
501209057,鼓山區戶政事務所第二辦公處,Kaohsiung Gushan District Household Registration Office second office,鼓山區,22.667430,120.289520,10,5083,0
501209058,裕誠富農路口,Yucheng Funong Intersection,鼓山區,22.656570,120.294060,16,4359,1
501209059,南屏神農路口,Nanping Shennong Rd.,鼓山區,22.658372,120.299925,15,4920,1
501209060,西藏翠華路口,Xizang Cuihua Intersection,鼓山區,22.654900,120.281590,20,3471,1
501209061,中華郵政前峰郵局,Chunghwa Post Qianfeng Post Office,鼓山區,22.668280,120.286310,13,5019,0
501209062,鼓山國小(登山街),Gushan Elementary School (Dengshan St.),鼓山區,22.624400,120.272270,15,738,1
501209063,明華國中(南屏路),MingHua Junior High School (Nanping Rd.),鼓山區,22.662380,120.300160,24,5258,0
501209064,雄峰公園(鼓山三路),Xiongfeng Park (Gushan 3rd Rd.),鼓山區,22.667630,120.282240,15,4791,1
501209065,河邊興隆路口,Hebian Xinglong Rd.,鼓山區,22.636510,120.283840,15,2116,1
501209066,美術東二美術北三路口,Meishu East 2nd Rd. Meishu North 3rd Rd.,鼓山區,22.663240,120.288680,14,4635,1
501209067,綠川河川街口,Luchuan Hechuan St. Intersection,鼓山區,22.635290,120.283770,15,2047,1
501209068,翠華日昌路口,Cuihua Richang Intersection,鼓山區,22.658730,120.282130,17,3876,1
501209069,中山大學體育館,NSYSU Gymnasium,鼓山區,22.625130,120.266070,63,243,1
501209070,中山大學西灣藝廊,NSYSU Xiziwan Hall,鼓山區,22.627270,120.265030,17,79,1
501209071,中山大學海資館,NSYSU Haizi Pavilion,鼓山區,22.630370,120.262340,17,493,1
501209072,龍德新自由一路口,Longdexin  Ziyou 1nd Rd.Intersection,鼓山區,22.654770,120.307120,20,5226,0
501209073,青海公園,Qinghai Park,鼓山區,22.651470,120.283690,15,3255,1
501209074,輕軌馬卡道站,LRT Makatao Station,鼓山區,22.647724,120.280875,23,2748,1
501209075,內惟國小(鼓山三路),Neiwei Elementary School(Gushan 3rd Rd.),鼓山區,22.656564,120.275422,16,3401,1
501209076,高雄市立圖書館鼓山分館,Kaohsiung Public Library(Gushan Branch),鼓山區,22.653510,120.275680,23,3086,1
501209077,前峰兒童遊戲場,Qianfeng Children's Playground,鼓山區,22.665540,120.284340,15,4658,1
501209078,中華一青海路口,Zhonghua 1st Qinghai Rd.Intersection,鼓山區,22.651090,120.291740,13,3753,1
501209079,內惟車站(翠華路),Neiwei Station (Cuihua Rd.),鼓山區,22.666210,120.287050,25,4845,1
501209080,內惟車站(馬卡道路),Neiwei Station (Makadao Rd.),鼓山區,22.666163,120.287551,27,4864,1
501209081,翠華葆楨路口,Cuihua Baozhen Rd.Intersection,鼓山區,22.661180,120.283490,15,4182,1
501209082,鼓山三路桃子園路,Gushan 3rd Rd. / Taoziyuan Rd.,鼓山區,22.671081,120.285207,25,5260,0
501209083,中華翠華路口,Zhonghua Cuihua Rd.Intersection,鼓山區,22.667600,120.288160,25,5034,0
501209084,美術北三馬卡道路口,Meishu N. 3rd Makadao Rd.Intersection,鼓山區,22.664240,120.286170,23,4609,1
501209085,鼓山車站,Gushan Station,鼓山區,22.641830,120.280510,28,2211,1
501209086,龍德新新順路口,Longdexin Xinshun Rd.Intersection,鼓山區,22.654400,120.305670,18,5082,0
501209087,七賢國中(美術東四路),Cisian junior high school,鼓山區,22.658710,120.290120,39,4293,1
501209088,壽山國中,Shoushan Junior High,鼓山區,22.632870,120.278450,15,1438,1
501209089,棧貳庫,KW2,鼓山區,22.619250,120.277029,20,1459,1
501209090,富農龍德路口,Funong Longde Rd.,鼓山區,22.656480,120.297430,14,4590,1
501209091,美術東四美術東一路口,Meishu E. 4th Meishu E. 1st Rd.,鼓山區,22.655890,120.290180,16,4046,1
501209092,內惟公園(九如四路側),Neiwei Park ( Jiuru 4th Rd.),鼓山區,22.658000,120.278810,16,3665,1
501209093,大榮高中,Dah Yung Senior High School,鼓山區,22.653060,120.279190,15,3177,1
501209094,青海美術東四路口,Qinghai Meishu E. 4th Rd.,鼓山區,22.651280,120.289230,16,3591,1
501209095,中華美明路口,Zhonghua Meiming Rd.,鼓山區,22.664750,120.292090,14,4962,1
501209096,鼓山鼓山三路209巷口,"Gushan 3rd Ln. 209, Gushan 3rd Rd.",鼓山區,22.665110,120.280370,15,4462,1
501209097,鼓山鼓山三路153巷口,"Gushan 3rd Rd./Ln. 153, Gushan 3rd Rd.(Southwest)",鼓山區,22.662410,120.277960,15,4099,1
501209098,壽山動物園停車場,Shou Shan Zoo Parking,鼓山區,22.634700,120.280370,15,1707,1
501209099,大港倉,Kaohsiung Port Depot,鼓山區,22.617520,120.282740,20,2051,1
501209100,鼓山鼓山三路101巷口,"Gushan  Ln. 101, Gushan 3rd Rd.",鼓山區,22.658965,120.275704,15,3665,1
501209101,翠華九如四路口,Cuihua Jiuru 4th Rd.,鼓山區,22.645368,120.280896,15,2537,1
501209102,河西龍水一街口,Hexi Longshui 1st St.,鼓山區,22.648310,120.284050,20,2994,1
501209103,裕誠民利街口,Yucheng Minli Street,鼓山區,22.665240,120.295467,17,5203,0
501209104,新濱町海洋廚房,Shinhamacho Ocean Kitchen,鼓山區,22.618776,120.270483,19,1063,1
501209105,美術南二美術南三路,Meishu South 2 Meishu South 3rd Road,鼓山區,22.653610,120.284683,26,3509,1
501209106,道明外僑學校(中華一路),Dominican Int'l School (Zhonghua 1st Rd.),鼓山區,22.664595,120.292744,20,4984,1
501210001,捷運世運站(2號出口),KRT World Games Sta. (Exit 2),楠梓區,22.702300,120.302280,20,9141,0
501210002,捷運油廠國小站(2號出口),KRT Oil Refinery Elementary School Sta. (Exit 2),楠梓區,22.709130,120.301990,40,9828,0
501210003,歡樂17停車場,Happy 17 Parking Lot,楠梓區,22.710380,120.292730,15,9642,0
501210004,七號公園(加昌路側),NO.7 Park(Jiachang Rd.),楠梓區,22.714800,120.296190,20,10217,0
501210005,加昌兒童遊戲場,Jiachang Park,楠梓區,22.718320,120.296590,20,10603,0
501210006,大學西路口(第一綜合大樓),Daxue W. Rd.(General Building I),楠梓區,22.730170,120.278500,45,11513,0
501210007,藍田公園(高雄大學路側),Lantian Park (Kaohsiung University Rd.),楠梓區,22.728680,120.284990,20,11444,0
501210008,土庫清豐二路口東北側,Tuku Qingfeng Rd. Intersection,楠梓區,22.736240,120.330120,28,13794,0
501210009,楠梓國小,Nanzih Elementary School,楠梓區,22.732770,120.328130,14,13358,0
501210010,楠梓區公所,Nanzih District Office,楠梓區,22.728700,120.326390,15,12875,0
501210011,楠陽國小,Nanyang Elementary School,楠梓區,22.724950,120.329980,15,12699,0
501210012,高雄少年及家事法院,Kaohsiung Juvenile and Family Court,楠梓區,22.731010,120.335450,15,13567,0
501210013,惠民里集會所,Huimin Village Activity Center,楠梓區,22.732170,120.322870,15,13048,0
501210014,惠民公有停車場,Huimin Parking Lot,楠梓區,22.723360,120.294140,15,11070,0
501210015,仁昌里公園,Renchang Village Park,楠梓區,22.722230,120.294320,15,10954,0
501210016,德民藍昌路口東側,Demin Lanchang Rd. Intersection,楠梓區,22.721980,120.291050,15,10842,0
501210017,加昌國小(智群路側),Jiachang Elementary School (Zhiqun Rd.),楠梓區,22.719910,120.297940,14,10813,0
501210018,榮新加昌路口南側,Rongxin Jiachang Rd. Intersection,楠梓區,22.714370,120.297330,14,10208,0
501210019,捷運都會公園站(3號出口),KRT Metropolitan Park Sta. (Exit 3),楠梓區,22.730460,120.321000,25,12793,0
501210020,高雄都會公園(德民路側),Kaohsiung Metropolitan Park (Demin Rd.),楠梓區,22.730990,120.315990,15,12627,0
501210021,後勁公園,Houjin Park,楠梓區,22.723690,120.316420,45,11910,0
501210022,楠梓和平公園,Nanzih Heping Park,楠梓區,22.722330,120.312450,15,11600,0
501210023,捷運楠梓科技園區站(2號出口),KRT Nanzih Export Processing Zone Sta. (Exit 2),楠梓區,22.718340,120.306710,39,10959,0
501210024,翠屏里活動中心(德賢路530巷口),Cuiping Village Activity Center,楠梓區,22.727150,120.301920,25,11705,0
501210025,普同精舍,Pu Tong Meditation Center,楠梓區,22.727540,120.298010,24,11626,0
501210026,德民路356巷德賢路口西北側,"Ln. 356, Demin Rd.",楠梓區,22.726770,120.304500,23,11752,0
501210027,楠梓高中,Nanzhi Senior High School,楠梓區,22.744560,120.331300,64,14668,0
501210028,清豐公園,Qingfeng Park,楠梓區,22.735250,120.336630,15,14032,0
501210029,清豐公有停車場,Qingfeng Parking Lot,楠梓區,22.737860,120.327610,13,13833,0
501210030,幸福新城,Xingfu Xincheng,楠梓區,22.723370,120.291300,16,10998,0
501210031,秀群加宏路口東側,Xiuqun Jiahong Rd. (East),楠梓區,22.718730,120.298800,18,10716,0
501210032,右昌元帥府,Youchang yuanshuai Temple,楠梓區,22.710770,120.289400,15,9592,0
501210033,右昌國中,Youchang Junior High School,楠梓區,22.713280,120.286750,30,9799,0
501210034,捷運楠梓科技園區站(1號出口),KRT Nanzih Export Processing Zone Sta. (Exit 1),楠梓區,22.718570,120.306160,91,10961,0
501210035,加昌國小,Kaohsiung Jiachang Elementary School,楠梓區,22.721490,120.296590,19,10940,0
501210036,捷運都會公園站(4號出口),KRT Metropolitan Park Sta. (Exit 4),楠梓區,22.730210,120.320530,34,12747,0
501210037,國立高雄科技大學第一校區,Kaohsiung University Of Science And Technotogy,楠梓區,22.752700,120.331390,20,15482,0
501210038,高雄市立圖書館右昌分館,Kaohsiung Public Library Youchang Branch,楠梓區,22.715580,120.290210,17,10131,0
501210039,高雄大學,National University Of Kaohsiung,楠梓區,22.732630,120.284250,44,11864,0
501210040,市立中山高級中學(藍田路側),Chungshan Senior High School (Lantian Rd.),楠梓區,22.727360,120.291950,52,11445,0
501210041,高雄市區監理所,Kaohsiung City Motor Vehicles Office,楠梓區,22.731130,120.317040,15,12686,0
501210042,德賢德惠路口西北側,Dexian Dehui Rd. Intersection (Northwest),楠梓區,22.726230,120.302500,38,11627,0
501210043,捷運後勁站(1號出口),KRT Houjing Sta. (Exit 1),楠梓區,22.722540,120.316400,25,11794,0
501210044,臺灣高雄少年及家事法院(常順街),Taiwan Kaohsiung Juvenile and Family Court (Changshun St.),楠梓區,22.732610,120.335120,16,13700,0
501210045,清豐土庫路口,Qingfeng Tuku Rd. Intersection,楠梓區,22.736290,120.331460,16,13866,0
501210046,七號公園(加宏路側),NO.7 Park(Jiahong Rd.),楠梓區,22.717680,120.295510,20,10502,0
501210047,國昌國中,Guochang Junior High School,楠梓區,22.719170,120.286000,28,10424,0
501210048,捷運油廠國小站(1號出口),KRT Oil Refinery Elementary School Sta. (Exit 1),楠梓區,22.707830,120.302050,21,9696,0
501210049,翠屏兒童遊戲場,Cuiping Children Playground,楠梓區,22.728490,120.301230,10,11824,0
501210050,楠梓車站,Nanzi Sta.,楠梓區,22.726910,120.324520,30,12609,0
501210051,高雄大學理學院南側,NUK College of Management (South),楠梓區,22.735140,120.285900,32,12167,0
501210052,高雄大學社科院西側,NUK College of Social Sciences (West),楠梓區,22.735910,120.280880,17,12176,0
501210053,高雄大學第一宿舍東側,NUK 1st Dorm (East),楠梓區,22.735840,120.277990,99,12134,0
501210054,高雄大學(大學西路側),NUK (Daxue W. Rd.),楠梓區,22.732100,120.276410,69,11704,0
501210055,楠梓區九號公園,Nanzi 9th Park,楠梓區,22.716520,120.282920,14,10075,0
501210056,益群橋東南側,Yiqun Bridge (Northeast),楠梓區,22.725620,120.296630,18,11381,0
501210057,榮新公園西南側,Rongxin Park (Southwest),楠梓區,22.712450,120.298490,19,10045,0
501210058,樂活公園(大學二十六街),Lehuo Park (Daxue 26th St.),楠梓區,22.726030,120.275590,27,11024,0
501210059,大學二十一路公園,Daxue 21th Rd. Park,楠梓區,22.721330,120.277590,15,10525,0
501210060,外環西加昌路口,Waihuan West Jiachang Rd.,楠梓區,22.716200,120.300930,17,10522,0
501210061,外環西創意南路口,Waihuan West Chuangyi S Rd.,楠梓區,22.713280,120.302150,50,10262,0
501210062,創新公園,Chuangxin Park,楠梓區,22.742280,120.326230,15,14209,0
501210063,立民公有停車場,Limin Gongyou Parking,楠梓區,22.742120,120.336650,40,14692,0
501210064,高雄市立圖書館楠仔坑分館,Kaohsiung Public Library Nanzaikeng Branch,楠梓區,22.731390,120.328880,17,13261,0
501210065,清福公園,Qingfu Park,楠梓區,22.741100,120.329380,10,14236,0
501210066,楠梓游泳池,Nanzih Swimming Pool,楠梓區,22.733660,120.331550,20,13615,0
501210067,新建南新開發路口,Kaifa Kaifa Rd. Intersection,楠梓區,22.723430,120.310120,31,11616,0
501210068,中央開發路口,Zhongyang Kaifa Rd. Intersection,楠梓區,22.721260,120.304790,27,11188,0
501210069,經六開發路口,Jing 6th Kaifa Rd. Intersection,楠梓區,22.720160,120.301020,15,10940,0
501210070,研發創意北路口,Yanfa Rd Chuangyi N. Rd. Intersection,楠梓區,22.714000,120.299850,20,10254,0
501210071,中央中三街口,Zhongyang Central 3rd St. Intersection,楠梓區,22.724250,120.303510,29,11454,0
501210072,國昌里公園,Guochang Park,楠梓區,22.721280,120.287570,15,10686,0
501210073,世運大道,World Games Boulevard,楠梓區,22.701000,120.298220,14,8844,0
501210074,德富德富街286巷口,"Defu Ln. 286, Defu St.",楠梓區,22.729528,120.297778,20,11831,0
501210075,楠梓路1巷楠梓路口,"Lane 1, Nanzi Rd. Nanzi Rd. Intersection",楠梓區,22.727580,120.329610,10,12930,0
501210076,芎蕉公園,Qiongjiao Park,楠梓區,22.749800,120.328860,16,15080,0
501210077,大學三十二街公園,Daxue 32 St. park,楠梓區,22.731320,120.292370,15,11883,0
501210078,大學西大學十街口,Daxue west Daxue 10th st. Intersection,楠梓區,22.724340,120.281490,15,10910,0
501210079,高雄科大第一西校區游泳池,NKUST(1st West Campus) Swimming Pool,楠梓區,22.754790,120.331510,17,15697,0
501210080,高雄科大第一東校區財金學院,NKUST (1st East Campus) C.F.B,楠梓區,22.755610,120.334610,15,15918,0
501210083,右昌國小(後昌路),Yo-Cheng Elementary School (Houchang Rd.),楠梓區,22.715640,120.292910,16,10209,0
501210084,右昌森林公園(後昌新路58巷),"Youchang Forest Park (Lane 58, Houchangxin Rd.)",楠梓區,22.719570,120.292890,15,10630,0
501210085,下鹽田三欉榕公園(大學十一街),Hsia yen tien san tsung jung Park (Daxue 11th St.),楠梓區,22.726100,120.287550,15,11210,0
501210086,援中德中路口(西南側),YuanJhong Dezhong Rd.(Southwest),楠梓區,22.720910,120.280320,15,10515,0
501210087,盛泰公園,Sheng tai Park,楠梓區,22.730940,120.331520,15,13352,0
501210088,高雄大學管理學院,NUK College of Management,楠梓區,22.733100,120.287540,40,11974,0
501210089,高雄大學(大學南路側),NUK (Daxue S. Rd.),楠梓區,22.732560,120.289860,17,11962,0
501210090,鳳楠經建路口,Fengnan Jingjian Rd.Intersection,楠梓區,22.722750,120.331400,15,12568,0
501210091,大昌無菸公園,Dachang Smoke-free Park,楠梓區,22.708200,120.289130,15,9309,0
501210092,廣昌公園,Guangchang Park,楠梓區,22.705900,120.287040,14,9008,0
501210093,楠梓特殊學校,Municipal Special School,楠梓區,22.728030,120.312770,20,12193,0
501210094,創新芎林一街口,Chuangxin Qionglin 1st St.Intersection,楠梓區,22.750390,120.331460,16,15255,0
501210095,高雄大學行政大樓,NUK Administration Building,楠梓區,22.734640,120.283450,20,12072,0
501210096,援中港濕地公園,Yuanjhong Harbor Wetland,楠梓區,22.721030,120.258750,14,10447,0
501210097,中和兒童公園,Neutralize Children Park,楠梓區,22.723080,120.280850,20,10762,0
501210098,宏昌兒童遊戲場(加宏路191巷),"Hongchang Children's Playground (Lane 191, Jiahong Road)",楠梓區,22.715570,120.294650,17,10252,0
501210099,惠智惠勇街口,Hueijhih Huiyong St.Intersection,楠梓區,22.734970,120.323850,15,13372,0
501210100,大學援中路68巷口,"Lane 68, Daxueyuan Middle Road",楠梓區,22.727980,120.294600,15,11578,0
501210101,愛國超市(德賢店),Aiguo Supermarket (Dexian Store),楠梓區,22.726780,120.307580,15,11863,0
501210102,高雄大學活動中心,Kaohsiung University Activity Center,楠梓區,22.732230,120.280473,34,11764,0
501210103,金富金和街口,Jinfu Jinhe St. Intersection,楠梓區,22.726010,120.319470,20,12280,0
501210104,經一東三街口,Jingyi Dongsan St. Intersection,楠梓區,22.721550,120.308750,20,11369,0
501210105,莒光國小(後昌路782巷),JYu Guang Elementary School,楠梓區,22.711420,120.296350,15,9865,0
501210106,楠梓文中足球場,Nanzi Wenzhong Football Stadium,楠梓區,22.725400,120.285890,15,11101,0
501210107,楠梓國中,Nanzi Junior High School,楠梓區,22.735920,120.325990,20,13565,0
501210108,土庫公園,Tuku Park,楠梓區,22.737230,120.333010,15,14034,0
501210109,都會公園停車場(德民路),Metropolitan Parking (Demin Rd.),楠梓區,22.732420,120.319120,15,12906,0
501210110,惠義惠心街口,Huiyi Huixin St.,楠梓區,22.730900,120.324480,20,12998,0
501210111,援中大學十七街口,Yuanzhong Daxue 17th St.,楠梓區,22.722790,120.284700,30,10794,0
501210112,中山高級中學(藍昌路側),Chungshan Senior High School (Lanchang Rd.),楠梓區,22.729600,120.292140,28,11692,0
501210113,內環南經五路口,Neihuan S. Jing 5th Rd.,楠梓區,22.717520,120.303340,13,10746,0
501210114,經四開發路口,Jing 4th Kaifa Rd.,楠梓區,22.721100,120.303470,25,11123,0
501210115,中三經五路口,Central 3rd Jing 5th Rd.,楠梓區,22.723440,120.301110,18,11287,0
501210116,後勁鳳屏宮,Houjing Fengping Palace,楠梓區,22.715170,120.314250,13,10963,0
501210117,新經一東六街口,Xinjing 1st  E. 6th St.,楠梓區,22.724769,120.308617,14,11695,0
501210118,惠正惠誠街口,Huizheng Huicheng St.,楠梓區,22.732754,120.324205,35,13168,0
501210119,捷運油廠國小(4號出口),Oil Refinery Elem. Schl.(Exit 4),楠梓區,22.708588,120.302364,44,9786,0
501210120,後勁宿舍(後昌路),Houjing Dormitory (Houchang Rd.),楠梓區,22.712915,120.308550,49,10482,0
501210121,樂群秀群路457巷口,Lequn Ln.457 Xiuqun Rd.,楠梓區,22.716570,120.298258,15,10470,0
501210122,國昌國中(智昌街),Guochang Junior High School (Zhichang),楠梓區,22.719803,120.284587,18,10465,0
501210123,經三中二街口,Jing 3rd Central 2nd St.,楠梓區,22.723570,120.305010,29,11436,0
501210124,楠梓高中(土庫六路側),Nanzhi Senior High School(Tuku 6th Rd.),楠梓區,22.742446,120.332366,30,14511,0
501210125,高楠惠心街口,Gaonan Huixin St.,楠梓區,22.728512,120.321433,23,12619,0
501210126,廣昌廣昌街175巷口,"Guangchang  Ln. 175, Guangchang St.",楠梓區,22.707389,120.284733,15,9115,0
501210127,卓越芎蕉二街口,Zhuoyue Qiongjiao 2nd St.,楠梓區,22.751711,120.330516,21,15345,0
501210128,健仁醫院,Jiannren Hospital,楠梓區,22.723729,120.329300,15,12547,0
501210129,援中大學東路口,Yuanzhong Daxue E. Rd.,楠梓區,22.724573,120.289906,20,11095,0
501210130,土庫土庫八街385巷口(西北側),"Ln. 385, Tuku 8th St.(Northwest)",楠梓區,22.744365,120.333560,15,14757,0
501210131,惠勇三角公園(南側),Huiyong Triangle Park (south side),楠梓區,22.733125,120.325266,15,13255,0
501210132,海專瑞屏路82巷口(南側),"Entrance of Lane 82, Ruiping Road, Haichuan Road (south side)",楠梓區,22.724987,120.312084,15,11855,0
501210133,新昌新昌街40巷口,Xinchang Xinchang Street Lane 40,楠梓區,22.709310,120.298820,17,9728,0
501210134,後昌兒童遊戲場,Houchang Children's playground,楠梓區,22.718900,120.291061,16,10510,0
501210135,青埔溝生態童玩公園,Qingpugou Ecological Children's Play Park,楠梓區,22.732830,120.318724,19,12930,0
501210136,海專德民路口(西北側),Haizhuan Demin Intersection (Northwest side),楠梓區,22.726568,120.309512,18,11914,0
501210137,芎林七芎蕉五街(南側),Qixionglin Qixiongjiao Fifth Street (South side),楠梓區,22.746528,120.333841,18,14983,0
501210138,後昌慶昌街(東北側),Houchang Qingchang Street (northeast side),楠梓區,22.709808,120.296888,15,9713,0
501210139,高楠公路1711巷口,"Alley 1711, Gaonan Highway",楠梓區,22.727438,120.321257,20,12504,0
501210140,隆昌休閒公園,Longchang Leisure Park,楠梓區,22.711794,120.293139,16,9805,0
501210141,瑞仁瑞仁路76巷口,"Intersection of Ln. 76, Ruiren Rd., Ruiren",楠梓區,22.723000,120.312276,21,11661,0
501210142,日月光K12(內環北路),ASE K12 (Neihuan N. Rd.),楠梓區,22.723616,120.299142,38,11243,0
501210143,楠梓和平公園(靠外環東路),Nanzih Heping Park (near Waihuan E. Rd.),楠梓區,22.721365,120.310603,26,11425,0
501211001,高雄科技大學旗津校區,NKUST Cijin Campus,旗津區,22.608250,120.272260,38,2220,1
501211002,高雄市立旗津醫院(旗港路),Kaohsiung Municipal Cijin Hospital (Qigang Rd.),旗津區,22.590140,120.285190,15,4586,1
501211003,中洲渡輪船站,Chungjon Ferry Station,旗津區,22.575610,120.298970,10,6681,0
501211004,旗津漁港公有停車場,Qijin Fishing Parking,旗津區,22.589770,120.287190,15,4716,1
501211005,旗津貝殼館,Cijin Shell Gallery,旗津區,22.600760,120.274640,19,3087,1
501211006,旗津海水浴場,Qijin Beaches,旗津區,22.610790,120.267580,17,1845,1
501211007,旗津海岸公園停車場,Qijin Coastal Park Parking Lot,旗津區,22.608990,120.268980,19,2062,1
501211008,上竹公園,Shangzhu Park,旗津區,22.578158,120.294605,15,6213,0
501211009,勞動女性紀念公園(旗津三路),Women Laborers Memorial Park (Qijin 3rd Rd.),旗津區,22.594535,120.280648,18,3949,1
501211010,旗津中洲二路口,Cijin Jhongjhou 2nd Rd.,旗津區,22.582242,120.291093,15,5643,0
501211011,旗津燈塔停車場,Qijin Lighthouse Parking Lot,旗津區,22.614851,120.267375,30,1394,1
501211012,中洲三復興三路口(西北側),Zhongzhou 3rd & Fuxing 3rd Rd. (NW corner),旗津區,22.603547,120.275354,18,2817,1
501212001,宏平大鵬路口,Hongping Dapeng Rd. Intersection,小港區,22.569760,120.357990,16,11424,0
501212002,捷運小港站(2號出口),KRT Siaogang Sta. (Exit 2),小港區,22.564130,120.354600,14,11508,0
501212003,捷運小港站(1號出口),KRT Siaogang Sta. (Exit 1),小港區,22.563800,120.354610,15,11532,0
501212004,德平街兒童遊戲場,Deping Children Playground,小港區,22.564170,120.349680,16,11110,0
501212005,高雄公園(中山四路),Kaohsiung Park (Zhongshan 4th Rd.),小港區,22.569340,120.346670,15,10510,0
501212006,大業北二苓路口,Daye N. Erling Rd. Intersection,小港區,22.565740,120.346000,15,10707,0
501212007,合作公園(金城路),Cooperation Park (Jincheng Rd.),小港區,22.582150,120.365700,16,11418,0
501212008,合作公園(勝安街),Cooperation Park (Sheng'an St.),小港區,22.582150,120.364220,12,11282,0
501212009,中山國中(漢民路),Chung Shan Junior High School (Hanmin Rd.),小港區,22.566750,120.354820,17,11351,0
501212010,高雄宏平郵局,Kaohsiung Hongping Post Office,小港區,22.569920,120.359630,12,11554,0
501212011,漢民公園(漢民路),Hanmin Park (Hanmin Rd.),小港區,22.566760,120.358100,30,11623,0
501212012,華立兒童公園,Huali Children Park,小港區,22.564020,120.368530,13,12678,0
501212013,高餐大附中,National Kaohsiung University of Hospitality and Tourism,小港區,22.566270,120.372180,55,12858,0
501212014,高雄市社教館,Kaohsiung Municipal Social Education Center,小港區,22.565200,120.358620,21,11768,0
501212015,捷運高雄國際機場站(1號出口),KRT Kaohsiung International Airport (Exit 1),小港區,22.569420,120.343730,28,10268,0
501212016,捷運小港站(4號出口),KRT Siaogang. (Exit 4),小港區,22.564790,120.353660,27,11387,0
501212017,平和路公共停車場,Pinghe Public Parking Space,小港區,22.562740,120.335460,28,10133,0
501212018,翠平公園,Cuiping Park,小港區,22.570010,120.335750,27,9599,0
501212019,步道公園,Sidewalk Park,小港區,22.564751,120.331480,16,9687,0
501212020,空中大學,Open University Of Koahsiung,小港區,22.566570,120.345500,31,10609,0
501212021,桂陽公園,Guiyang Park,小港區,22.581960,120.350600,32,10060,0
501212022,臨海兒童公園,Linhai Children's Park,小港區,22.558200,120.335530,16,10502,0
501212023,中鋼台船,China Ship Building Corporation,小港區,22.554140,120.347570,57,11690,0
501212024,小港醫院,Koahsiung Municipal Siaogang Hospital,小港區,22.567720,120.362810,29,11961,0
501212025,小港森林公園(華山路),Xiaogang Forest Park (Huashan Rd.),小港區,22.567790,120.366600,15,12283,0
501212026,小港區公所,Xiaogang District Office,小港區,22.565070,120.338390,23,10169,0
501212027,山明北林路口,Shanming Beilin Rd. Intersection,小港區,22.565590,120.364280,15,12219,0
501212028,小港森林公園(高松路),Xiaogang Forest Park (Gaosong Rd.),小港區,22.572780,120.366730,15,12004,0
501212029,小港森林公園(近營口路),Xiaogang Forest Park (Yingkou Rd.),小港區,22.572630,120.370740,15,12370,0
501212030,中安保華一路口,Zhongan Baohua 1st Rd. Intersection,小港區,22.583980,120.346200,15,9556,0
501212031,高雄市立圖書館小港分館,Kaohsiung Municipal Library Xiaogang Branch,小港區,22.560630,120.370320,15,13042,0
501212032,明義國中(高鳳路),Kaohsiung Municipal Ming-yi Junior High School,小港區,22.584300,120.368670,16,11592,0
501212033,莿蔥腳濕地公園,Thorn Congjiao Wetland Park,小港區,22.570800,120.376270,10,12964,0
501212034,中光街22巷口停車場,"Ln. 22, Zhongguang St. Parking",小港區,22.571510,120.355800,25,11129,0
501212035,崇本崇明街10巷口,"Chongben Ln. 10, Chongming St. Intersection",小港區,22.571310,120.333420,10,9325,0
501212036,大坪頂公園,Dapingding Park,小港區,22.563290,120.388450,12,14464,0
501212037,坪頂國小,Pingding Elementary School,小港區,22.561250,120.391400,10,14839,0
501212038,高雄市熱帶植物園,Kaohsiung Tropical Botanical Garden,小港區,22.555780,120.388950,10,14936,0
501212039,松崗停車場,Song Gang Parking,小港區,22.574770,120.373970,15,12547,0
501212040,高坪五十路口,Gaoping 50th Rd.Intersection,小港區,22.555570,120.386140,12,14705,0
501212041,天順港福街29巷口,"Tianshun Ln. 29, Gangfu St.Intersection",小港區,22.568510,120.334230,17,9596,0
501212043,捷運小港站(3號出口),KRT Siaogang Sta. (Exit 3),小港區,22.565930,120.353010,32,11257,0
501212044,泰山兒童遊戲場,Tarzan Park Playground,小港區,22.571770,120.363000,18,11734,0
501212045,小港森林公園(秀峰街),Xiaogang Forest Park(Sioufong St.),小港區,22.568090,120.370710,30,12623,0
501212046,宏平沿海一路口,Hongping Yanhai 1st Rd.Intersection,小港區,22.569470,120.350130,20,10784,0
501212047,宏光宏智街口,Hongguang Hongzhi St.Intersection,小港區,22.569400,120.363170,20,11890,0
501212048,餐旅大學(松信路),NKUHT(Songxin Rd.),小港區,22.560800,120.373610,40,13311,0
501212049,台機大地街口,Taiji Dadi St.Intersection,小港區,22.561080,120.347570,30,11166,0
501212050,孔宅兒童遊戲場,KZ Children's Playground,小港區,22.580320,120.371620,15,12054,0
501212051,宏平金府路口,Hongping Jinfu Road,小港區,22.569730,120.354400,16,11122,0
501212052,店鎮公園,Dianjhen Park,小港區,22.560590,120.355160,15,11798,0
501212053,中安德仁路口,Zhong'an Deren Rd.Intersection,小港區,22.584838,120.349140,15,9771,0
501212054,高坪高坪二十二路口,Gaoping Gaoping 22 Rd.intersection,小港區,22.554530,120.376880,15,13983,0
501212055,大苓里公園,Dalingli Park,小港區,22.567350,120.348020,26,10755,0
501212056,廈莊兒童公園,Shazhuang Children Park,小港區,22.582130,120.361100,15,10997,0
501212057,漢民宮安街口,Hanmin Gong'an St.,小港區,22.562690,120.349650,15,11212,0
501212058,永忠兒童遊戲場,Yongzhong Children's Playground,小港區,22.564420,120.366540,15,12484,0
501212059,松樂松光街95巷口,"Songle Ln. 95, Songguang St.",小港區,22.568610,120.377580,14,13201,0
501212060,孔鳳兒童遊戲場,Kong Feng Children's Playground,小港區,22.582390,120.357490,12,10655,0
501212061,桂林兒童遊戲場,Guilin Children's Playground,小港區,22.580490,120.354030,16,10446,0
501212062,小港國中,Xiaogang Junior High School,小港區,22.566320,120.338540,20,10087,0
501212063,中安桂平街口,Zhong'an Guiping St.,小港區,22.584990,120.352370,16,10055,0
501212064,孔宅綠園,Kongzhai Green Garden,小港區,22.578960,120.375170,15,12448,0
501212065,新豐兒童遊戲場,Xinfeng Children's Park,小港區,22.567944,120.360766,15,11773,0
501212066,港興兒童遊戲場,Gangxing Children's Park,小港區,22.566381,120.341303,15,10294,0
501212067,東亞南路綠帶公園,Dongya S.Rd Greenbelt Park,小港區,22.562129,120.332063,20,9939,0
501212068,港明兒童遊戲場,Kang Ming Children's Park,小港區,22.569506,120.331630,14,9326,0
501212069,松山公園,Songshan Park,小港區,22.571758,120.372947,15,12615,0
501212070,山東公園,Shandong  Park,小港區,22.571525,120.349500,15,10597,0
501212071,山明公園,Shanming Park,小港區,22.565776,120.368502,15,12568,0
501212072,達德漢威街口,Dade Hanwei St.,小港區,22.566922,120.334124,15,9709,0
501212073,中鋼北門,SINOSTEEL North Gate,小港區,22.559679,120.355402,30,11881,0
501212074,松金兒童遊戲場,Songjin Children's Park,小港區,22.570316,120.365117,18,12004,0
501212075,坪兒兒童遊戲場,Ping'er Children's Playground,小港區,22.553491,120.381181,16,14411,0
501212076,六苓兒童遊戲場,Liuling Children's Playground,小港區,22.565953,120.361557,17,11965,0
501212077,鳳鳴國小,Fengming Elementary School,小港區,22.515902,120.357015,16,15529,0
501212078,鳳林國中,Fenglin Junior High School,小港區,22.522386,120.347654,17,14378,0
501212079,鳳林國小,Fenglin Elementary School,小港區,22.526212,120.343245,18,13769,0
501212080,港信港源街口,Gangsin Gangyuan St.,小港區,22.566693,120.336296,20,9889,0
501212082,松園三松園六路口,Songyuan 3rd Rd. & Songyuan 6th Rd.,小港區,22.570418,120.367739,38,12228,0
501212083,安美兒童公園,Anmei Children's Park,小港區,22.585474,120.364014,17,11103,0
501213001,蚵仔寮觀光魚市,Kezailiao Tourist Fish Market,梓官區,22.727120,120.255520,14,11149,0
501213002,蚵寮國中,Keliao Junior High School,梓官區,22.728550,120.258660,14,11282,0
501213003,中正港六街口,Zhongzheng Gangliu St. Intersection,梓官區,22.727580,120.257370,10,11184,0
501213004,蚵寮國小,Keliao Elementary School,梓官區,22.734010,120.249530,15,11982,0
501213005,梓官國小,Ziguan Elementary School,梓官區,22.760370,120.264530,10,14797,0
501213006,梓平公園,Ziping Park,梓官區,22.754630,120.267500,10,14160,0
501213007,梓和公園,Zihe Park,梓官區,22.757570,120.264930,10,14486,0
501213008,梓官老人日照中心,Ziguan elder care center,梓官區,22.759130,120.268590,15,14662,0
501213009,大舍南大舍南路96巷口,"Dashe S. Ln. 96, Dashe S. Rd.",梓官區,22.744940,120.262270,12,13086,0
501213010,梓信社區活動中心,Zixinli Activity Center,梓官區,22.764580,120.264380,15,15266,0
501213011,信蚵里社區聯合活動中心,Xin Oili Activity Center,梓官區,22.729490,120.254650,15,11420,0
501213012,赤東社區活動中心,Chidong Community Activity Center,梓官區,22.738759,120.249100,15,12512,0
501213013,赤崁老人活動中心,Chikan Elderly Activity Center,梓官區,22.736173,120.250267,15,12211,0
501213014,廣澤漁港二路,Guangze Rd. & Yagang 2nd Rd.,梓官區,22.728665,120.253649,16,11340,0
501214001,後備指揮部,Military base,仁武區,22.672214,120.331326,13,8376,0
501214002,古文物公園,Guwenwu Park,仁武區,22.678936,120.345380,15,9983,0
501214003,慈惠公園,Cihui Park,仁武區,22.676396,120.347823,15,10032,0
501214004,竹後國小,Jhu Hou Elementary School,仁武區,22.710239,120.334560,15,11612,0
501214005,仁慈公園,Renci Park,仁武區,22.671871,120.357746,16,10658,0
501214006,北屋滯洪公園,Beiwu Detention Basin Park,仁武區,22.680480,120.334150,14,9174,0
501214007,承德公園,Chengde Park,仁武區,22.684606,120.342408,12,10119,0
501214008,八卦國小,Bagua Elementary School,仁武區,22.689704,120.332787,15,9767,0
501214009,八德停車場,Dade Parking Lot,仁武區,22.681023,120.340181,13,9692,0
501214010,高楠五高楠四街口,Gaonan 5th Gaonan 4th St. Intersection,仁武區,22.692100,120.324401,10,9385,0
501214011,仁和公園,Renhe Park,仁武區,22.681100,120.351800,26,10662,0
501214012,大灣國中,Dawanguomin Junior High School,仁武區,22.676610,120.341950,15,9546,0
501214013,八卦休閒公園,Baguaxiuxian Park,仁武區,22.690110,120.337420,16,10138,0
501214015,仁武區運動公園,Renwu Sports Park,仁武區,22.703630,120.345140,15,11761,0
501214016,八卦里滯洪公園,Bagua Village Detention Basin Park,仁武區,22.683530,120.329040,14,9011,0
501214017,霞海東二霞海中街口,Xiahai East 2nd Xiahaizhong St. Intersection,仁武區,22.688570,120.324240,11,9076,0
501214018,育才公21停車場,Yucai Gong 21 Parking,仁武區,22.674290,120.350950,15,10181,0
501214019,勇全赤誠街口,Yongquan Chicheng St. Intersection,仁武區,22.673300,120.344360,14,9547,0
501214020,八德一八德中路口,Bade 1st Bade Central Rd. Intersection,仁武區,22.687040,120.336550,20,9840,0
501214021,澄合段停九停車場,Chenghe section stop nine parking,仁武區,22.687501,120.347001,15,10688,0
501214022,文武公園,Wenwu Park,仁武區,22.696640,120.350950,12,11653,0
501214023,中華里活動中心,Zhonghua  Activity Center,仁武區,22.708360,120.327600,13,11020,0
501214024,仁和南中正路口,Renhe S. Zhongzheng Rd. Intersection,仁武區,22.701420,120.348110,15,11801,0
501214025,高鐵左營基地,High-Speed Rail Base,仁武區,22.695170,120.320920,15,9431,0
501214026,八德東八德南路口,Bade E. Bade S. Rd.Intersection,仁武區,22.684670,120.339690,13,9909,0
501214027,八德重劃公園,Bade Rezoning Park,仁武區,22.682270,120.343590,15,10054,0
501214028,九番埤濕地公園,Jiupanpi Wetland Park,仁武區,22.685820,120.324580,17,8873,0
501214029,霞海榮總路522巷口,"Lane 522, Rongzong Road, Xiahai",仁武區,22.687760,120.323160,12,8935,0
501214030,八卦里公有停車場,Baguali public parking lot,仁武區,22.682650,120.331920,15,9160,0
501214031,仁林中華路口,Renlin Zhonghua Rd. Intersection,仁武區,22.703000,120.354220,41,12376,0
501214032,九番埤濕地公園(霞海南二街),Jiupanpi Wetland Park(Xiahai S. 2nd St),仁武區,22.681030,120.324280,15,8468,0
501214033,大灣綜合活動中心,Grand Bay Comprehensive activity center,仁武區,22.676470,120.337750,16,9187,0
501214034,後安羽球館,Hou'an Badminton Hall,仁武區,22.708590,120.347660,18,12339,0
501214035,仁武文學公園,Renwu Wenxue Park,仁武區,22.700170,120.354582,15,12192,0
501214036,考潭巡守隊(成功路),Kaotan Patrol Team(Chenggong Rd.),仁武區,22.682855,120.360899,10,11550,0
501214037,灣內社區活動中心,Wannei Activity Center,仁武區,22.682916,120.356764,10,11197,0
501214038,八卦休閒公園(八德北路),Baguaxiuxian Park(Bade N. Rd.),仁武區,22.692831,120.337485,15,10354,0
501214039,慈惠公園(仁雄路),Cihui Park(Renxiong Rd),仁武區,22.676953,120.345105,20,9834,0
501214040,八德永和一街口,Bade Yonghe1st St.,仁武區,22.693780,120.331884,20,10031,0
501214041,八德西八德中路口,Bade West Bade Middle Road,仁武區,22.686226,120.329115,16,9227,0
501214042,八德東澄德路口,Bade East Chengde Intersection,仁武區,22.686266,120.343717,22,10340,0
501214043,環湖仁安三巷口(東側),Entrance of the third lane of Ren'an Lane (east side),仁武區,22.705051,120.367638,17,13562,0
501214044,觀音湖風景區停車場,Guanyin Lake Scenic Area Parking Lot,仁武區,22.706156,120.370710,17,13884,0
501214045,觀音湖福德殿,Guanyin Lake Fude Hall,仁武區,22.712140,120.369200,15,14197,0
501214046,仁勇赤吉街(西側),Renyong Chiji Street (west side),仁武區,22.671239,120.347586,17,9711,0
501214047,草潭埤活動中心(八德南路),Caotanpi Activity Center (Bade South Rd.),仁武區,22.686513,120.339119,18,9998,0
501214048,福氣運動中心,Fuqi Sports Center,仁武區,22.694563,120.319979,20,9319,0
501214049,名湖街147巷(西南側),"Lane 147, Minghu St. (Southwest Side)",仁武區,22.685969,120.347935,21,10658,0
501214050,九湖一九湖二街(東北側),Jiaohu 1st St. / Jiaohu 2nd St. (NE Side),仁武區,22.685934,120.327680,16,9101,0
501215001,林園行政中心,Linyuan District Office,林園區,22.513050,120.394680,14,18344,0
501215002,幸福公園,XInfu Park,林園區,22.500539,120.394778,17,19341,0
501215003,中芸國小,Chunyun Elementary School,林園區,22.488220,120.395830,20,20432,0
501215004,林園區衛生所,Linyuan District Public Health Center,林園區,22.508100,120.394720,14,18733,0
501215005,王公國小,Wanggong Elementary School,林園區,22.505640,120.388627,16,18495,0
501215006,清水巖榕樹休憩公園,Qingshui Yan Scenic Area,林園區,22.521830,120.390780,10,17384,0
501215007,漁港公園,Yugang Park,林園區,22.485940,120.399340,10,20860,0
501215008,海洋濕地公園,Ocean Wetland Park,林園區,22.490280,120.386490,14,19640,0
501215009,田中央公園,Tachuo Park,林園區,22.501670,120.388780,15,18831,0
501215010,沿海工業一路口,Yanhai  Gongye 1st Rd.,林園區,22.499100,120.406030,15,20262,0
501215011,汕尾地區聯合社區活動中心,Shanwei District Activity Center,林園區,22.481305,120.408256,10,21853,0
501215012,爐濟殿公園,Luji Temple Park,林園區,22.476049,120.414686,15,22729,0
501215013,林園五塊厝兒童公園,Linyuan Wukuaicuo Children's Park,林園區,22.501636,120.402330,17,19794,0
501215014,林園三庄三元殿,Linyuan Sanzhuang Sanyuan Hall,林園區,22.529992,120.398069,15,17364,0
501215015,仁愛休閒公園,Ren'ai Leisure Park,林園區,22.503535,120.391870,15,18894,0
501215016,溪州公園,Xizhou Park,林園區,22.513140,120.404130,15,19049,0
501215017,林園大安公園,Linyuan Daan Park,林園區,22.509000,120.366600,16,16738,0
501215018,中芸國中,Zhongyun Junior High School,林園區,22.486113,120.394293,16,20508,0
501215020,港埔國小,Gangpu Elementary School,林園區,22.503989,120.378464,16,17940,0
501216001,醒村(後門),Hsing Village (Side Door),岡山區,22.783210,120.284770,18,17445,0
501216002,河華岡山路口南側,Hehua Gangsha Intersection (South),岡山區,22.801490,120.291990,49,19554,0
501216003,岡山國中(岡燕路),Gangshan Junior High School (Gangyan Rd.),岡山區,22.791710,120.303890,15,18694,0
501216004,岡山公園(壽華路側),Gangshan Park (Shouhua Rd.),岡山區,22.796840,120.293120,15,19059,0
501216005,岡山高中,Kangshan Senior High School,岡山區,22.796950,120.290850,99,19038,0
501216006,仁壽橋(溪東路側),Renshou Bridge (Xidong Rd.),岡山區,22.793720,120.290700,18,18680,0
501216007,第六河川局,Sixth River Management Office,岡山區,22.790390,120.287330,17,18269,0
501216008,仁壽橋(阿公店路二段側),"Renshou Bridge (Section 2, Agongdian Rd.)",岡山區,22.794500,120.289890,13,18755,0
501216009,岡山和平公園,Gangshan Heping Park,岡山區,22.797826,120.302277,15,19327,0
501216011,岡山國中(大德二路側),Gangshan Junior High School (Dade 2nd Rd.),岡山區,22.789720,120.303800,25,18476,0
501216013,岡山河堤公園(仁義路側),Gangshan Riverside Park (Renyi Rd.),岡山區,22.786090,120.295100,15,17911,0
501216014,岡山稽徵所(健鷹南路側),Gangshan Revenue Service (Jianying S. Rd.),岡山區,22.785050,120.290930,14,17729,0
501216015,勵志新城(岡山路側),Lizhi Xincheng (Gangshan Rd.),岡山區,22.790480,120.296110,19,18409,0
501216016,岡山文化中心停車場,Gangshan Cultural Center Parking Lot,岡山區,22.784370,120.297330,30,17762,0
501216017,中華民國空軍第三後勤指揮部,"Air Force Command Headquarters, MND",岡山區,22.784480,120.275890,15,17508,0
501216018,航空教育展示館,Aviation Education Exhibition Hall,岡山區,22.794620,120.271310,10,18614,0
501216019,台灣滷味博物館停車場,Taiwan Soya-mixed meat Museum Parking Lot,岡山區,22.818490,120.267780,10,21260,0
501216020,捷運岡山車站(2號出口),KRT Gangshan Station (Exit 2),岡山區,22.792431,120.299229,40,18679,0
501216021,捷運岡山高醫站(2號出口),KRT Medical University Gangshan Hospital Sta. (Exit 2),岡山區,22.781330,120.301690,38,17519,0
501216022,岡山國小,Gangshan Elementary School,岡山區,22.791090,120.293050,16,18426,0
501216023,河華前峰路口,Hehua Qianfeng Rd. Intersection,岡山區,22.798710,120.283870,21,19150,0
501216024,岡山平面停車場,Gangshan Plane Car Park,岡山區,22.791830,120.296200,24,18559,0
501216025,典寶溪A區滯洪池,Dianbao River Area A Detention Ponds,岡山區,22.781930,120.286150,10,17320,0
501216026,大遼友情路口(西北側),Daliao Youqing Rd. (Northwest),岡山區,22.778470,120.313730,10,17514,0
501216027,前峰國中,Cianfong Junior High School,岡山區,22.788790,120.289040,10,18114,0
501216028,竹圍國小,Zhuwei Elementary School,岡山區,22.803140,120.301850,17,19899,0
501216029,光潭路134巷光潭路116巷口,"Lane 134, Guangtan Rd.Lane 116, Guangtan Rd.",岡山區,22.777280,120.275930,15,16709,0
501216030,空軍軍史館,Air Force Military History Museum,岡山區,22.784660,120.272110,30,17510,0
501216031,鹽埔農村社區活動中心,Yanpu Rural Community Activity Center,岡山區,22.770540,120.281380,15,16008,0
501216032,典寶溪A區滯洪池(清水路),DR Area A Detention Ponds.(Qingshui Rd.),岡山區,22.778760,120.282540,15,16929,0
501216033,岡山陽明公園,Gangshan Yangming Park,岡山區,22.785680,120.285650,15,17728,0
501216034,河華壽華路口,Hehua Shouhua Intersection,岡山區,22.801230,120.291210,22,19515,0
501216035,夢-飛翔公園,Dream-Flying Park,岡山區,22.783620,120.303820,15,17814,0
501216036,前峰國小,Qianfeng Elementary School,岡山區,22.791520,120.283160,18,18347,0
501216037,正氣兒童公園,Zhengqi Children's Park,岡山區,22.809290,120.281350,15,20299,0
501216039,本洲里活動中心,Benzhou Activity Center,岡山區,22.809800,120.261290,16,20298,0
501216040,壽天國小,Shoutian Elementary School,岡山區,22.799300,120.291650,17,19308,0
501216041,台上里活動中心,Taishang Vil Activity Center,岡山區,22.806180,120.296870,15,20144,0
501216042,岡山文化中心(後門),Gangshan Cultural Center (Back Door),岡山區,22.782580,120.299330,37,17606,0
501216043,華崗休憩公園,Huagang Recreational Park,岡山區,22.826280,120.319819,15,22809,0
501216044,嘉興國小,Jiaxing Elementary School,岡山區,22.821885,120.304903,14,22005,0
501216045,岡山和平公園(大德一路),Gangshan Heping Park(Dade 1st Rd.),岡山區,22.797249,120.303936,20,19298,0
501216046,河堤懷德路口,Heti Huaide Rd.,岡山區,22.788308,120.309473,15,18455,0
501216047,河堤大仁南路口,Heti Daren S. Rd.,岡山區,22.787221,120.303160,15,18191,0
501216048,和平中和平三街口,Heping Central Heping 3rd St.,岡山區,22.783120,120.305427,16,17797,0
501216049,中山北忠誠街口,Zhongshan N.Zhongcheng St.,岡山區,22.797400,120.297860,14,19198,0
501216050,嘉新支線綠帶公園,Jiaxing Branch Green Belt Park,岡山區,22.801001,120.299760,15,19626,0
501216051,河堤文化二街30巷口,"Heti Ln.30,Wenhua 2nd St.",岡山區,22.786049,120.298229,14,17963,0
501216052,岡山寵物公園兒童遊戲場,Gangshan Pet Park Children's Playground,岡山區,22.784918,120.293791,17,17760,0
501216053,岡山河堤公園(筧橋路側),Gangshan Riverside Park (Jianqiao Rd.),岡山區,22.787963,120.294913,15,18113,0
501216054,福興宮福德祠,Fuxing Palace Fude Temple,岡山區,22.779545,120.269819,15,16934,0
501216055,典寶溪B區滯洪池,DR Area B Detention Ponds.,岡山區,22.774450,120.282420,20,16451,0
501216056,協和協和路1巷口,Siehe Tongsiao Rd.,岡山區,22.788576,120.280772,17,17999,0
501216057,岡山國小灣裡分校,Gangshan Elementary School (Wanli),岡山區,22.812625,120.282713,15,20680,0
501216058,捷運岡山車站(1號出口),KRT Gangshan Station (Exit 1),岡山區,22.792728,120.298814,33,18704,0
501216059,捷運岡山高醫(1號出口),KRT Gangshan Hospital Station (Exit 1),岡山區,22.780746,120.300604,53,17432,0
501216060,台上公園,Taishang Park,岡山區,22.800325,120.297063,25,19505,0
501216061,平和鐵道巷口,Heping Railway Laen,岡山區,22.794420,120.296698,20,18851,0
501216062,富貴公園,Fugui Park,岡山區,22.805360,120.302176,15,20148,0
501216063,岡山車站跨站天橋後站,Gangshan Sta. Skywalk  Rear Station,岡山區,22.793012,120.300850,17,18774,0
501216064,國軍左營總醫院岡山分院,Gangshan Branch of Zuoying Armed Forces General Hospital,岡山區,22.789241,120.285188,20,18117,0
501216065,岡山長老教會,Okayama Presbyterian Church,岡山區,22.796905,120.295585,20,19105,0
501216066,中華民族圓環,Zhonghua Minzu Roundabout,岡山區,22.793436,120.288582,23,18621,0
501216067,岡山阿公店路二段,"Gangshan Sec. 2, Agongdian Rd.",岡山區,22.785210,120.298350,16,17873,0
501216068,竹圍西大全街11巷口,"Zhuwei, Ln. 11, Xidaquan St. Entrance",岡山區,22.797350,120.300303,16,19237,0
501216070,阿公店柳橋西路口,Agongdian & Liuqiao W. Rd. Intersection,岡山區,22.790618,120.290411,17,18335,0
501216071,壽峰橋(阿公店路二段),"Shoufeng Bridge (Section 2, Agongdian Road)",岡山區,22.797990,120.287920,20,19115,0
501216072,巨輪協和路口,Julun & Xiehe Rd. Intersection,岡山區,22.797581,120.280616,17,18995,0
501216073,嘉興國中,Jiaxing Junior High School,岡山區,22.816558,120.311960,18,21571,0
501216074,鵬程鵬程東一路(西側),Pengcheng  / Pengcheng E.1st Rd.(W Side),岡山區,22.783168,120.293259,18,17559,0
501216075,岡山公園西路三段,"Sec. 3, Gongyuan W. Rd.",岡山區,22.791977,120.284665,17,18413,0
501217001,興達港情人碼頭,Xingda Harbour Lover's Wharf,茄萣區,22.879020,120.211030,13,28548,0
501217002,興達港立體停車場,Xingda Harbour Multistorey Car Park,茄萣區,22.871540,120.193910,10,28141,0
501217004,茄萣海岸公園,Jiading Coast Park,茄萣區,22.908010,120.177040,15,32513,0
501217005,仁愛港東街口,Ren'ai Gangdong St. Intersection,茄萣區,22.895820,120.185020,10,30986,0
501217006,茄萣濕地遊客中心,Jiading Wetland Tourist center,茄萣區,22.883150,120.197590,20,29296,0
501217007,茄萣國中,Tomato middle school,茄萣區,22.906916,120.181890,15,32260,0
501217008,興達平面停車場,Xing Da Flat parking,茄萣區,22.868330,120.192730,20,27829,0
501217009,茄萣運動公園,Qieding Sports Park,茄萣區,22.908820,120.185184,10,32376,0
501218001,正修科技大學東側,Cheng Shiu University (East),鳥松區,22.649338,120.350855,24,9066,0
501218002,大埤調洪公園,Dapidiaohong Park,鳥松區,22.651472,120.339795,15,8056,0
501218003,大華里民活動中心,Dahua Village Activity Center,鳥松區,22.655346,120.340991,18,8323,0
501218004,澄清湖,Cheng Ching Lake,鳥松區,22.653560,120.349280,29,9051,0
501218005,正修科技大學,Cheng Shiu University,鳥松區,22.651835,120.349357,28,8999,0
501218006,文山高中,Municipal Wenshangaoji Junior High School,鳥松區,22.648430,120.353980,15,9350,0
501218007,澄清湖(海洋奇珍園),Cheng Ching Lake (Ocean Fantasy Museum),鳥松區,22.655860,120.351550,13,9356,0
501218008,澄清湖(仁智亭),Cheng Ching Lake (Renzhiting),鳥松區,22.662490,120.341790,31,8725,0
501218009,長庚醫院,Chang Gung Memorial Hospital,鳥松區,22.650450,120.357780,16,9784,0
501218010,澄清湖(兒童園區),Cheng Ching Lake(Children's Park),鳥松區,22.658110,120.346110,30,8925,0
501218011,澄清湖(後門),Chengqing Lake (Back Gate),鳥松區,22.668330,120.345910,15,9402,0
501218012,澄清湖(第一停車場),Chengqing Lake (1st Parking Lot),鳥松區,22.655610,120.347970,29,9001,0
501218013,圓山大飯店,The Grand Hotel,鳥松區,22.654580,120.345760,15,8749,0
501218014,憲兵204指揮部,Military Police 204 Command,鳥松區,22.647520,120.359740,15,9900,0
501218015,三亭攬勝,The Three Pavilions,鳥松區,22.664250,120.352580,15,9808,0
501218016,育成琅環二街口,Yucheng Langhuan 2st St. Intersection,鳥松區,22.665970,120.358890,15,10476,0
501218017,明湖澄湖路口,Minghu Chenghu Rd. Intersection,鳥松區,22.665700,120.354070,18,10014,0
501218018,鳥松國小,Niaosong Elementary School,鳥松區,22.664050,120.362240,13,10707,0
501218019,仁美國小,Renmei Elementary School,鳥松區,22.658052,120.394311,15,13624,0
501218020,江埤美德二街口,Jiangpi Meide 2nd St.Intersection,鳥松區,22.651945,120.390410,14,13079,0
501218021,福德公園,Fude Park,鳥松區,22.659100,120.382340,15,12472,0
501218022,大埤大智路口,Dapi Dazhi intersection,鳥松區,22.658395,120.361590,19,10421,0
501218023,華美里活動中心,Huameili Activity Center,鳥松區,22.662290,120.392030,15,13526,0
501218024,大華夢公園,Dahua Dream  Park,鳥松區,22.651770,120.343550,13,8430,0
501218025,鳳山圳滯洪公園,Fengshan Town Basin Park,鳥松區,22.641039,120.379561,15,11775,0
501218026,鳥松國中,Niaosong Junior High School,鳥松區,22.666616,120.372872,15,11826,0
501218027,恆山南竹安街口,Hengshan S. Zhu'an St.,鳥松區,22.647978,120.364487,10,10386,0
501218028,高雄市立澄清湖棒球場,Kaohsiung Chengching Lake Baseball Field,鳥松區,22.654092,120.357047,60,9827,0
501218029,高雄市立澄清湖棒球場(公園路側),Chengching Lake Baseball Field(Gongyuan Rd.),鳥松區,22.655102,120.359943,25,10144,0
501218030,大華公園,Dahua Park,鳥松區,22.655523,120.337817,15,8029,0
501218031,高雄果嶺自然公園,Kaohsiung Guoling Nature Park,鳥松區,22.663295,120.339024,31,8514,0
501218032,仁美活動中心,Renmei Community Activity Center,鳥松區,22.653547,120.393914,16,13468,0
501219001,永芳公園,Yong Fang Park,大寮區,22.607830,120.394590,14,13396,0
501219002,慈惠醫院,Tsyr-Huey Mental Hospital,大寮區,22.638680,120.397510,19,13577,0
501219003,捷運大寮站(1號出口),KRT Daliao Sta. (Exit 1),大寮區,22.620750,120.390700,75,12840,0
501219004,山頂國小,Shan Ding Elementary School,大寮區,22.607530,120.388262,27,12761,0
501219005,中庄國小,Zhongzhuang Elementary School,大寮區,22.634470,120.397360,18,13526,0
501219006,中庄國中,Zhongzhuang Junior High School,大寮區,22.636840,120.401860,24,14004,0
501219007,新光高中,Shin-Guang Senior High School,大寮區,22.634800,120.390100,20,12785,0
501219008,翁公園,Weng Park,大寮區,22.621500,120.406950,18,14502,0
501219009,後庄車站,Houzhuang Station,大寮區,22.639890,120.390180,22,12842,0
501219010,後庄國小,Houzhuang Elementary School,大寮區,22.637420,120.389710,15,12767,0
501219011,和春技術學院大寮校區,Fortune Institute of Technology (Daliao Campus),大寮區,22.634330,120.391660,15,12941,0
501219012,輔英科技大學,Fuyin University,大寮區,22.604020,120.391130,40,13122,0
501219014,大寮區公所,Daliao District Office,大寮區,22.605400,120.395460,17,13530,0
501219015,昭明國小(鳳林一路184巷),"Zhaoming Elementary School (Ln. 184, Fenglin 1st Rd.)",大寮區,22.541160,120.409100,13,17556,0
501219016,中庄社區發展協會,Zhongzhuang Community Development Association,大寮區,22.633090,120.403570,10,14155,0
501219017,仁忠仁忠路111巷口,Renzhong Ln.111.Dd. Renzhong Rd. Intersection,大寮區,22.592580,120.399120,20,14219,0
501219018,大寮國小,Daliaoguomin Elementary School,大寮區,22.591140,120.416850,12,16018,0
501219019,三隆兒童公園,Sanlong Children's Park,大寮區,22.599880,120.404530,15,14563,0
501219020,大寮國中,Daliao Junior High,大寮區,22.602950,120.392650,17,13299,0
501219021,鳳林宣武路口,Fenglin Xuanwu Rd.Intersection,大寮區,22.613850,120.389340,13,12768,0
501219022,捷運大寮機廠,KRT Daliao machine factory,大寮區,22.625160,120.387250,14,12468,0
501219023,大寮運動公園,Daliao Sports Park,大寮區,22.600500,120.392660,22,13358,0
501219024,潮寮國中,Chaoliao Junior High School,大寮區,22.563380,120.425700,15,17888,0
501219025,琉球黃厝路口,Liuqiu Huangcuo Rd.,大寮區,22.614880,120.409950,13,14860,0
501219026,溪寮公車站,Xiliao Bus Station,大寮區,22.626770,120.417550,10,15575,0
501219027,上寮綜合活動中心,Shangliao Comprehensive activity center,大寮區,22.600433,120.421936,10,16303,0
501219028,義和河堤路口,Yihe Heti Rd.,大寮區,22.639316,120.418594,15,15738,0
501219029,中庄福德祠,Zhongzhuang Fude Temple,大寮區,22.632313,120.397585,15,13537,0
501219030,精忠公園,Jingzhong Park,大寮區,22.611302,120.382451,15,12105,0
501219031,高英工商,Kao Yin Industrial Commercial Vocational High School,大寮區,22.594560,120.401723,21,14419,0
501219032,會社公園,Huishe Park,大寮區,22.599253,120.399019,15,14026,0
501219033,大發開封宮,Dafa Kaifeng Palace,大寮區,22.589500,120.411521,15,15538,0
501219034,翁園社區活動中心,Wengyuan Community Activity Center,大寮區,22.623349,120.408176,20,14620,0
501219036,溪寮國小,Xiliao Elementary School,大寮區,22.629709,120.420487,15,15879,0
501220001,捷運青埔站(1號出口)東側,KRT Cingpu Sta. (Exit 1) East,橋頭區,22.744290,120.317880,18,14063,0
501220002,橋頭地檢署,Ciaotou District Prosecutors Office,橋頭區,22.739080,120.304900,32,13061,0
501220003,竹林公園,Zhulin Park,橋頭區,22.756290,120.305630,16,14914,0
501220004,橋頭車站,Ciaotou Station,橋頭區,22.761040,120.310000,20,15547,0
501220005,橋頭地方法院(新中五街),Ciaotou District Court (Xinzhong 5th St.),橋頭區,22.737470,120.304200,11,12868,0
501220006,岡山養護工程隊,Gangshan Maintenance Office,橋頭區,22.745550,120.310610,10,13929,0
501220007,橋頭地方法院(橋新二路側),Ciaotou District Court (Qiaoxin 2nd Rd.),橋頭區,22.737500,120.306600,16,12949,0
501220008,捷運青埔站(1號出口)西側,KRT Cingpu Sta. (Exit 1) West,橋頭區,22.743930,120.317470,18,14010,0
501220009,捷運橋頭糖廠站(1號出口),KRT Ciaotou Sugar Refinery Sta. (Exit 1),橋頭區,22.752420,120.314290,13,14775,0
501220010,橋頭國中,Ciao-Tou Junior High School,橋頭區,22.758780,120.306940,18,15217,0
501220011,一品公園,Yipin Park,橋頭區,22.763500,120.301880,11,15590,0
501220012,小機堡停車場,Small machine fort  Parking Lot,橋頭區,22.755460,120.313010,15,15051,0
501220013,橋新一橋新八路口,Qiaoxin 1st Qiaoxin 8th Rd.Intersection,橋頭區,22.737160,120.314410,19,13195,0
501220014,橋新七新東一街口,Qiaoxin 7st Xindong 1st St.Intersection,橋頭區,22.738980,120.316280,33,13455,0
501220015,橋新環新東一街口,Qiaoxinhuan Xindong 1st St.Intersection,橋頭區,22.740150,120.313690,16,13476,0
501220016,甲圍公園,Ka Wai Park,橋頭區,22.738740,120.296470,16,12785,0
501220017,仕隆國小,Shihlong Elementary School,橋頭區,22.749990,120.311220,15,14416,0
501220018,五林國小,Wu-Lin Elementary School,橋頭區,22.759270,120.294050,13,14958,0
501220019,橋頭國小,Qiaotou  Elementary School,橋頭區,22.761830,120.304950,14,15489,0
501220020,成功南橋新六路口,Chenggong S.Qiaoxin 6th Rd.,橋頭區,22.749540,120.314110,17,14468,0
501220021,橋都新南二街口,Qiaodu Xinnan 2nd St.,橋頭區,22.733050,120.301820,19,12326,0
501220022,新莊義山宮,Xinzhuang Yishan Palace,橋頭區,22.745674,120.300139,10,13626,0
501220023,經武甲樹路1186巷口,"Jingwu Ln. 1186, Jiashu Rd.",橋頭區,22.737759,120.300485,13,12788,0
501220024,成功南經武路口,Chenggong S.Jingwu Rd.,橋頭區,22.743429,120.316593,14,13925,0
501220025,高苑工商,Kao-Yuan Vocational High school,橋頭區,22.757636,120.292477,17,14749,0
501220026,橋都新南三街口,Qiaodu Xinnan 3nd St.,橋頭區,22.732928,120.300309,15,12267,0
501220027,典寶溪D區滯洪池,DR Area D Detention Ponds.,橋頭區,22.761783,120.279461,15,15019,0
501220028,六班長紀念公園,Sixth Squad Leader Memorial Park,橋頭區,22.752868,120.292110,10,14221,0
501220029,橋頭林仔頭護安宮,Qiaotou Lin Zaitou Huan Palace,橋頭區,22.768864,120.301537,16,16162,0
501220030,九甲圍義山宮,Jiujiawei Yishan Palace,橋頭區,22.743609,120.291746,17,13204,0
501220031,關聖宮,Guan Sheng Palace,橋頭區,22.763316,120.323646,14,16247,0
501220032,橋頭兒六公園,Qiaotouerliu Park,橋頭區,22.754898,120.309132,15,14868,0
501220033,橋新一橋新九路口(東側),Qiaoxinyiqiaoxinjiu intersection (east side),橋頭區,22.736157,120.308322,21,12867,0
501220034,橋頭仕元代天府,Qiaotou Shiyuan Daitianfu Temple,橋頭區,22.754050,120.296970,15,14452,0
501220035,甲圍國小,Jiawei Elementary School,橋頭區,22.735751,120.293279,16,12384,0
501220036,甲樹路口站,Jiashu Rd. Intersection Station,橋頭區,22.758171,120.296901,16,14898,0
501220037,橋頭公兒10公園,Qiaotou No. 10 Park,橋頭區,22.748209,120.307958,15,14123,0
501220038,仕隆帝仙宮,Shilong Dixian Temple,橋頭區,22.750679,120.306282,15,14334,0
501220039,頂鹽田天月宮,Dingyantian Tianyue Temple,橋頭區,22.746570,120.276704,15,13309,0
501221001,高雄市立圖書館湖內分館,Kaohsiung Public Hunei Branch,湖內區,22.906610,120.223800,10,31355,0
501221002,文賢國小,Wenshien Elementary School,湖內區,22.908529,120.213369,15,31730,0
501221003,湖內國中,Hunei Junior High School,湖內區,22.907737,120.227826,10,31425,0
501221004,長壽路公有停車場,Changshou Rd Public Parking,湖內區,22.884867,120.242548,10,28739,0
501221005,湖東公園,Hudong Park,湖內區,22.879257,120.249488,10,28066,0
501221006,保生湖中路378巷口,"Baosheng Ln. 378, Huzhong Rd.",湖內區,22.906874,120.217825,18,31474,0
501221007,公館公園,Mansion Park,湖內區,22.904117,120.227445,14,31031,0
501221008,忠興社區活動中心,Zhongxing Activity Center,湖內區,22.913091,120.195490,15,32586,0
501221009,湖內區農會海埔分部,Hunei Dist farmer Haipu,湖內區,22.895595,120.224875,10,30127,0
501221010,正義正義二路口,Zhengyi Zhengyi 2st Rd.,湖內區,22.873995,120.236554,15,27595,0
501221011,田尾玉湖宮,Tianwei Yuhu Palace,湖內區,22.893822,120.241471,16,29741,0
501221012,大湖社區活動中心,Dahu Community Center,湖內區,22.888970,120.245163,16,29173,0
501222001,觀音牛路巷公園,Guanyinniu Road & Lane Park,大社區,22.727665,120.351081,11,14181,0
501222002,文中二公園,Wenzhong 2nd Park,大社區,22.734120,120.351250,17,14763,0
501222003,金龍路46巷,"Ln. 46, Jinlong Rd.",大社區,22.729049,120.353658,10,14466,0
501222005,中里社區公園,Zhongli Community Park,大社區,22.723070,120.352370,10,13867,0
501222006,觀音山腳休息區,Guanyin Mountain Rest Area,大社區,22.729740,120.369870,12,15613,0
501222007,大社區公所,Dashe District Office,大社區,22.730000,120.346640,13,14114,0
501222008,大社國中(中山路),Dashe Junior High School(Zhongshan Rd.),大社區,22.730850,120.355660,15,14750,0
501222009,三奶公園,Sannai Park,大社區,22.724618,120.346931,20,13652,0
501222010,中正保舍甲路(東南側),Zhongzheng / Baoshejia Rd. (SE Side),大社區,22.744120,120.349719,17,15584,0
501222011,萬金松玉皇宮,Wanjinsong Yuhuang Temple,大社區,22.750171,120.343134,15,15799,0
501223001,彌陀漁民活動中心,Mituo Fisherman Activity Center,彌陀區,22.761430,120.234700,10,15252,0
501223002,高雄市立圖書館彌陀公園分館,Kaohsiung Public Library Mituo Park Branch,彌陀區,22.785380,120.246300,10,17691,0
501223003,彌陀國中,Mituo Junior High School,彌陀區,22.776900,120.246940,15,16747,0
501223004,漯底山自然公園,Luodi Mountain Natural Park,彌陀區,22.771050,120.253430,14,16035,0
501223005,南安國小公車站,Nanan Elementary School Bus Station,彌陀區,22.764270,120.243435,10,15402,0
501223006,彌陀國小,Mituo Elementary School,彌陀區,22.784065,120.247947,15,17527,0
501223007,鹽埕過港安樂宮,Yancheng Crossing Anle Palace,彌陀區,22.788060,120.242570,10,18034,0
501223008,彌陀彌壽宮,Mituo Mishou Palace,彌陀區,22.778650,120.246890,10,16941,0
501223009,鹽埕文安路東段(西南側),"East section of Wen'an Road, Yancheng (southwest side)",彌陀區,22.794826,120.243609,11,18767,0
501224001,路竹夜市,Luzhu Night Market,路竹區,22.853772,120.262693,20,25185,0
501224003,路竹高中,Lujhu Senior High School,路竹區,22.854930,120.252890,30,25346,0
501224004,路竹區戶政事務所,Luzhu Household Registration Office,路竹區,22.855360,120.259620,21,25367,0
501224005,路科宿舍,Luke Dormitory,路竹區,22.844210,120.245500,15,24209,0
501224006,路竹車站,LuZhu Station,路竹區,22.854561,120.265817,35,25270,0
501224007,台鋼科大,KYU Audiovisual Building,路竹區,22.841430,120.267610,61,23811,0
501224008,路竹運動公園,Luzhu Sports Park,路竹區,22.861570,120.266540,15,26050,0
501224009,大湖車站,Dahu Station,路竹區,22.878120,120.253900,20,27917,0
501224010,樹人醫護管理專科學校,Shuren Medical and Nursing Management College,路竹區,22.881647,120.260701,18,28287,0
501224011,路科六路科一路口,Luke 6th Luke 1th Rd.,路竹區,22.833430,120.262630,20,22923,0
501224012,一甲國中,Yijia Junior High School,路竹區,22.868165,120.271236,12,26789,0
501224013,路竹區第二停車場,Luzhu Dist Second Parking Lot,路竹區,22.858119,120.256921,22,25682,0
501224014,路竹區老人活動中心,Luzhu Dist Elderly Activity Center,路竹區,22.854789,120.254674,28,25321,0
501224015,竹滬國小,Chu Hu Elementary School,路竹區,22.861921,120.230515,12,26338,0
501224016,一甲公園,Yijia Park,路竹區,22.870970,120.266864,15,27095,0
501224017,一甲國小,Yijia Elementary School,路竹區,22.874715,120.270250,15,27515,0
501224018,路竹竹東停車場,Luzhu Zhudong Parking Lot,路竹區,22.855848,120.262590,19,25416,0
501224019,蔡文國小,Tsai Wen Elementary School,路竹區,22.861608,120.256229,20,26072,0
501224020,建國公園,Jianguo Park,路竹區,22.859611,120.256870,15,25848,0
501224021,路科十路科三路口,Luke 10th Rd.Luke 3rd Rd.,路竹區,22.840981,120.259690,20,23769,0
501224022,路竹運動公園(東北側),Luzhu Sports Park (Northeast),路竹區,22.863243,120.267165,20,26236,0
501224023,路竹地政事務所,Kaohsiung City Lujhu Land Offic,路竹區,22.854340,120.259160,20,25255,0
501224024,大社國小,Dashe Elementary School,路竹區,22.866582,120.265133,15,26607,0
501224025,高雄秀傳紀念醫院,Kaohsiung Show Chwan Memorial Hospital,路竹區,22.833750,120.265415,17,22956,0
501224026,北嶺社區活動中心,Beiling Community Activity Center,路竹區,22.821169,120.270446,22,21563,0
501225001,阿蓮國中,Alian Junior High School,阿蓮區,22.885310,120.325660,14,29339,0
501225002,阿蓮區公所,Alian District Office,阿蓮區,22.883050,120.327280,13,29128,0
501225003,阿蓮國小,Alian Elementary School,阿蓮區,22.882780,120.330080,15,29163,0
501225004,南蓮停車場,Nanlian Parking Lot,阿蓮區,22.879120,120.329760,10,28759,0
501225005,萬福宮,Alian Central Rd Wanfu palace,阿蓮區,22.894207,120.296230,15,29842,0
501226001,舊鐵橋生態公園,Dashu Wetlands Park,大樹區,22.664580,120.427200,15,17074,0
501226002,舊鐵橋濕地公園,Old Railway Bridge & Wetlands Ecological Park,大樹區,22.662122,120.426808,15,16971,0
501226003,九曲堂火車站(前站),Jiuqutang Train Station (Front station),大樹區,22.656790,120.420840,32,16245,0
501226004,九曲堂火車站(後站),Jiuqutang Sta.,大樹區,22.656460,120.421870,17,16342,0
501226005,大樹綜合體育館,Dashu Sports Center,大樹區,22.656680,120.424740,15,16635,0
501226006,高雄市立圖書館大樹二館,Kaohsiung Public Library Dashu 2nd Branch,大樹區,22.657920,120.418140,10,16000,0
501226007,大樹國小,Dashu Elementary School,大樹區,22.687711,120.434644,30,18582,0
501226008,九曲福德宮,Jiuqu Fude Temple,大樹區,22.649280,120.417854,10,15795,0
501226011,姑山倉庫,Gushan Warehouse,大樹區,22.710094,120.439440,15,20054,0
501226012,久堂湖底二巷,Jiutang Hudi 2nd Ln.,大樹區,22.657892,120.413901,26,15575,0
501227001,永安區休閒公園,Yong'an Leisure Park,永安區,22.818680,120.226390,10,21661,0
501227002,竹仔港文興宮,Chuk Tsai Port Wen Hing Palace,永安區,22.804885,120.246095,10,19850,0
501227003,永新漁港安檢所,Yong’an Fishing Port Inspection Office,永安區,22.821156,120.208044,15,22355,0
501227004,農漁產品展售中心,Agricultural and fishery products exhibition and sales center,永安區,22.828623,120.235989,15,22594,0
501227005,永安滯洪池停車場,Yongan Detention Pond Parking Lot,永安區,22.812484,120.243510,16,20718,0
501228001,燕巢區公所,Yanchao District Office,燕巢區,22.788100,120.362420,14,20443,0
501228002,兒二公園,Erer Park,燕巢區,22.793060,120.366430,10,21125,0
501228003,阿公店水庫停車場,Agongdian Reservoir Parking Lot,燕巢區,22.801440,120.357110,39,21510,0
501228004,阿公店森林公園,Agongdian Forest Park,燕巢區,22.811390,120.343880,16,21981,0
501228005,高雄市立圖書館燕巢分館,Kaohsiung Public Library,燕巢區,22.793340,120.362180,10,20943,0
501228006,西燕公園,Xiyan Park,燕巢區,22.793950,120.358170,10,20812,0
501228008,角宿天后宮活動中心,Spica Tianhou Temple Activity Center,燕巢區,22.770280,120.359920,16,18601,0
501228009,東側兒一公園,East side Er Yi Park,燕巢區,22.796400,120.326780,10,19816,0
501228010,鳳雄國小,Fengxiong Elementary School,燕巢區,22.753470,120.358120,12,16927,0
501228011,南燕公園,Nanyan Park,燕巢區,22.789144,120.358158,14,20338,0
501228012,援剿右神元宮,Yuan Jiao Right God Shrine,燕巢區,22.786564,120.341276,15,19328,0
501228013,東燕社區活動中心,Dongyan Community Activity Center,燕巢區,22.795340,120.369190,15,21485,0
501229001,鼓山國小(延平一路),Gushan Elementary School,旗山區,22.898340,120.482790,15,37461,0
501229002,旗山老街(華中街),Qishan Old Street (Huazhong St.),旗山區,22.888040,120.481660,12,36476,0
501229003,旗山武德殿,Qishan Wude Hall,旗山區,22.888140,120.480330,29,36402,0
501229004,旗山轉運站,Qishan Transit Station,旗山區,22.883790,120.484700,24,36294,0
501229005,旗山區公所,Cishan District Office,旗山區,22.888590,120.483280,16,36626,0
501229006,中華光復一街路口,Zhonghua Guangfu 1st St. Intersection,旗山區,22.881460,120.484480,16,36077,0
501229007,旗糖農創園區,Qi Tang Agriculture Park,旗山區,22.878040,120.496190,18,36544,0
501229008,旗糖農創園區(停車場),Qi Tang Agriculture Park(Parking Lot),旗山區,22.881740,120.491270,20,36538,0
501229009,旗山農工,CAIS,旗山區,22.900726,120.482729,30,37671,0
501229010,高雄市立圖書館旗山分館,Kaohsiung Public Library Qishan Branch,旗山區,22.881610,120.481147,13,35878,0
501229011,永平街停車場,Wing Ping Street Car Park,旗山區,22.884196,120.479296,21,35989,0
501229012,洪厝公園,Hongcuo Park,旗山區,22.891014,120.483561,17,36857,0
501229013,旗尾代天宮,Qiwei Daitian Palace,旗山區,22.882815,120.493353,15,36765,0
501229014,高雄客運旗山北站,Kaohsiung Bus Qishan North Station,旗山區,22.895920,120.483760,25,37305,0
501229015,旗山老街觀光停車場,Qishan Old Street Parking Lot,旗山區,22.888864,120.485359,32,36780,0
501230001,美濃湖(民權路),Meinong Lake (Minquan Rd.),美濃區,22.907610,120.551590,15,42780,0
501230002,雙峰公園停車場,Shuangfeng Park Parking Lot,美濃區,22.901680,120.542120,15,41636,0
501230003,高雄市立圖書館美濃分館,Kaohsiung Public Library Meinong Branch,美濃區,22.900150,120.542010,15,41504,0
501230004,高雄市美濃運動中心,Kaohsiung Meinong Sportscenter,美濃區,22.893921,120.542315,15,41022,0
501235001,甲仙親水公園停車場,Jiaxian Water Park Parking Lot,甲仙區,23.082440,120.586980,15,60368,0
